timestamp,open,high,low,close,volume
1562328000,0.00449,0.0046,0.00371,0.0037379,1314756779.0
1562342400,0.0037379,0.0037379,0.00355,0.0036881,400584408.0
1562356800,0.0036881,0.0038736,0.0036237,0.0038701,212956473.0
1562371200,0.0038701,0.0039426,0.003704,0.003767,279110411.0
1562385600,0.003767,0.0038127,0.00361,0.0036599,151180208.0
1562400000,0.0036599,0.0036917,0.0035901,0.0036351,110579878.0
1562414400,0.0036351,0.00368,0.00359,0.0036488,155348179.0
1562428800,0.0036488,0.0036696,0.003455,0.0034688,168594430.0
1562443200,0.0034688,0.0035353,0.0033652,0.0035,145931181.0
1562457600,0.0035,0.0035239,0.0034,0.00348,96179050.0
1562472000,0.00348,0.0035576,0.0034351,0.00353,83125728.0
1562486400,0.00353,0.0035618,0.0034761,0.0035004,96136219.0
1562500800,0.0035004,0.0035163,0.00345,0.0034601,79445768.0
1562515200,0.0034601,0.00365,0.0034399,0.0035459,118174521.0
1562529600,0.0035459,0.0035999,0.0035214,0.0035377,57552706.0
1562544000,0.0035377,0.0035618,0.00348,0.0034846,37606877.0
1562558400,0.0034846,0.0035063,0.0034262,0.0034689,36345031.0
1562572800,0.0034689,0.0035544,0.0034539,0.003549,80002463.0
1562587200,0.003549,0.003556,0.0034,0.0034706,47467350.0
1562601600,0.0034706,0.0035255,0.0034378,0.0035038,50759516.0
1562616000,0.0035038,0.0035209,0.003441,0.003458,56264451.0
1562630400,0.003458,0.003582,0.003442,0.0035315,63797697.0
1562644800,0.0035315,0.0035378,0.0034578,0.0034752,36106057.0
1562659200,0.0034752,0.0035045,0.0033564,0.0034088,62612367.0
1562673600,0.0034088,0.003449,0.0033986,0.0034399,32636448.0
1562688000,0.0034399,0.0035138,0.0034281,0.0034772,43009072.0
1562702400,0.0034772,0.0034979,0.00341,0.0034545,15213941.0
1562716800,0.0034545,0.0035263,0.0034512,0.0034705,25219440.0
1562731200,0.0034705,0.0035294,0.003451,0.0034918,25473353.0
1562745600,0.0034918,0.0035294,0.0034766,0.0034843,40550415.0
1562760000,0.0034843,0.003523,0.00333,0.0033566,64011788.0
1562774400,0.0033566,0.0033811,0.0033,0.0033778,36863007.0
1562788800,0.0033778,0.0034287,0.003251,0.0033421,49156863.0
1562803200,0.0033421,0.0033421,0.0032097,0.0032544,27456075.0
1562817600,0.0032544,0.0032567,0.0031161,0.0031815,50912332.0
1562832000,0.0031815,0.0032224,0.0031206,0.0031984,14875783.0
1562846400,0.0031984,0.0032386,0.0031186,0.0031531,26836166.0
1562860800,0.0031531,0.0032772,0.0031287,0.0032063,32767134.0
1562875200,0.0032063,0.0032565,0.0030909,0.003209,49963904.0
1562889600,0.003209,0.0032708,0.0031923,0.0032037,49674060.0
1562904000,0.0032037,0.0033598,0.0031562,0.0033005,41611626.0
1562918400,0.0033005,0.0033581,0.0032801,0.003335,35423081.0
1562932800,0.003335,0.00334,0.0032201,0.003246,38826276.0
1562947200,0.003246,0.003272,0.0032128,0.0032601,40111820.0
1562961600,0.0032601,0.0033168,0.0032362,0.0032622,22975710.0
1562976000,0.0032622,0.0032653,0.0032194,0.0032194,8538065.0
1562990400,0.0032194,0.0032375,0.0031829,0.0031979,15370148.0
1563004800,0.0031979,0.0032142,0.0031358,0.0031616,22498756.0
1563019200,0.0031616,0.0032,0.0031553,0.0031962,16049560.0
1563033600,0.0031962,0.0032219,0.0031613,0.0032091,23990781.0
1563048000,0.0032091,0.0032591,0.0031358,0.0032532,24284630.0
1563062400,0.0032532,0.0032611,0.0032032,0.0032202,12752426.0
1563076800,0.0032202,0.0032293,0.003163,0.00318,17111967.0
1563091200,0.00318,0.0032788,0.0030001,0.0031168,85814823.0
1563105600,0.0031168,0.0031384,0.0029455,0.0029952,51061527.0
1563120000,0.0029952,0.0030439,0.0029434,0.00299,27176782.0
1563134400,0.00299,0.0030203,0.0029008,0.0029175,22740929.0
1563148800,0.0029175,0.0029516,0.0028011,0.0029516,66355166.0
1563163200,0.0029516,0.0029588,0.0028856,0.0029588,19510739.0
1563177600,0.0029588,0.003,0.0029263,0.0029528,14358025.0
1563192000,0.0029528,0.0030007,0.0028277,0.002998,43164698.0
1563206400,0.002998,0.0030743,0.0029454,0.003045,48054266.0
1563220800,0.003045,0.0031354,0.0030187,0.0030712,28584754.0
1563235200,0.0030712,0.0031009,0.0030035,0.0030035,15322209.0
1563249600,0.0030035,0.0030358,0.0029833,0.003018,17706834.0
1563264000,0.003018,0.0030603,0.0029998,0.0030452,10660047.0
1563278400,0.0030452,0.0030477,0.0029511,0.0030166,21947468.0
1563292800,0.0030166,0.0030243,0.0027678,0.0028374,51996281.0
1563307200,0.0028374,0.0028661,0.0027323,0.0027994,41447599.0
1563321600,0.0027994,0.0028503,0.0027063,0.0027466,29999817.0
1563336000,0.0027466,0.002986,0.0027084,0.0029056,140060975.0
1563350400,0.0029056,0.0029482,0.00277,0.0027785,50150790.0
1563364800,0.0027785,0.0029325,0.0027785,0.0028769,47178328.0
1563379200,0.0028769,0.0029826,0.0028578,0.0028922,35353943.0
1563393600,0.0028922,0.0029571,0.0028564,0.0028822,17947441.0
1563408000,0.0028822,0.0029134,0.0028518,0.0028863,15657452.0
1563422400,0.0028863,0.0029148,0.002861,0.0029146,27850285.0
1563436800,0.0029146,0.0030603,0.002861,0.002903,48897640.0
1563451200,0.002903,0.0030448,0.0027797,0.0030225,99308479.0
1563465600,0.0030225,0.003109,0.003006,0.003053,51041734.0
1563480000,0.003053,0.0031251,0.0030439,0.0030979,20667614.0
1563494400,0.0030979,0.0031068,0.003052,0.0030741,17660266.0
1563508800,0.0030741,0.0030821,0.0030063,0.0030474,14234700.0
1563523200,0.0030474,0.00308,0.0029418,0.002955,29295806.0
1563537600,0.002955,0.0030396,0.0029202,0.0029802,22263299.0
1563552000,0.0029802,0.0030215,0.002957,0.0030025,10129227.0
1563566400,0.0030025,0.003051,0.0030025,0.0030232,7612405.0
1563580800,0.0030232,0.003053,0.003,0.0030436,15929400.0
1563595200,0.0030436,0.0030923,0.0030243,0.0030548,12932741.0
1563609600,0.0030548,0.0030836,0.0030266,0.003075,12393920.0
1563624000,0.003075,0.0031,0.0030338,0.0030837,18062403.0
1563638400,0.0030837,0.003144,0.003068,0.0031174,26765013.0
1563652800,0.0031174,0.0031528,0.0030638,0.0030787,19928548.0
1563667200,0.0030787,0.0031272,0.003024,0.0030291,18201563.0
1563681600,0.0030291,0.0030701,0.0030244,0.0030613,6264234.0
1563696000,0.0030613,0.0030784,0.0030317,0.0030598,7416365.0
1563710400,0.0030598,0.0030599,0.0029872,0.0030152,10433760.0
1563724800,0.0030152,0.0030391,0.0029886,0.003,9960899.0
1563739200,0.003,0.0030685,0.003,0.0030468,7606167.0
1563753600,0.0030468,0.00306,0.0030345,0.00306,3064212.0
1563768000,0.00306,0.0030816,0.0030299,0.0030452,19821631.0
1563782400,0.0030452,0.0030569,0.0029925,0.003025,22580943.0
1563796800,0.003025,0.0030438,0.0029244,0.0029433,23045397.0
1563811200,0.0029433,0.002992,0.00292,0.0029266,12967170.0
1563825600,0.0029266,0.0029794,0.0029266,0.0029567,11102519.0
1563840000,0.0029567,0.0029567,0.0029285,0.0029435,4804213.0
1563854400,0.0029435,0.0029494,0.002858,0.0028808,32646643.0
1563868800,0.0028808,0.0028914,0.002842,0.0028734,35031568.0
1563883200,0.0028734,0.002884,0.002816,0.002845,36560589.0
1563897600,0.002845,0.0029051,0.0028188,0.0028782,33168485.0
1563912000,0.0028782,0.0029118,0.0028192,0.0028192,19598912.0
1563926400,0.0028192,0.0028249,0.002786,0.0027866,8678860.0
1563940800,0.0027866,0.0028183,0.0027708,0.0027944,9196139.0
1563955200,0.0027944,0.0028351,0.0027838,0.0027954,5732126.0
1563969600,0.0027954,0.0028819,0.0027954,0.0028815,17221985.0
1563984000,0.0028815,0.0028815,0.0027629,0.0028364,25032394.0
1563998400,0.0028364,0.0028741,0.0028189,0.0028741,2628877.0
1564012800,0.0028741,0.0029393,0.0028476,0.002927,13613867.0
1564027200,0.002927,0.0029399,0.0028787,0.0029244,13419318.0
1564041600,0.0029244,0.0029448,0.0029108,0.002934,10880104.0
1564056000,0.002934,0.0029487,0.0028842,0.002903,16163552.0
1564070400,0.002903,0.0029338,0.0028555,0.0028638,12797715.0
1564084800,0.0028638,0.0029033,0.0028546,0.0028656,83069558.0
1564099200,0.0028656,0.0028825,0.0028177,0.0028486,3071447.0
1564113600,0.0028486,0.0028654,0.0028307,0.0028505,6659195.0
1564128000,0.0028505,0.0028763,0.0028374,0.0028699,4736627.0
1564142400,0.0028699,0.0028849,0.0028498,0.0028848,4232415.0
1564156800,0.0028848,0.0029033,0.0028577,0.0028898,4680736.0
1564171200,0.0028898,0.0028999,0.0028716,0.0028798,6137328.0
1564185600,0.0028798,0.00296,0.0028798,0.0029331,19377090.0
1564200000,0.0029331,0.0029366,0.0029107,0.0029231,5177344.0
1564214400,0.0029231,0.0029332,0.0027826,0.002805,21232459.0
1564228800,0.002805,0.0028093,0.0027551,0.0027817,23798877.0
1564243200,0.0027817,0.0027847,0.0027627,0.0027642,5844596.0
1564257600,0.0027642,0.002818,0.002764,0.0028047,11327948.0
1564272000,0.0028047,0.0028074,0.0027624,0.0027875,4814293.0
1564286400,0.0027875,0.0028107,0.0027778,0.0028047,8029512.0
1564300800,0.0028047,0.0028104,0.0027715,0.0027872,8741529.0
1564315200,0.0027872,0.0028111,0.0027794,0.0028034,9662103.0
1564329600,0.0028034,0.0028089,0.0027865,0.002793,3408573.0
1564344000,0.002793,0.0028137,0.002726,0.0027932,14569110.0
1564358400,0.0027932,0.0028414,0.0027814,0.0028247,4469859.0
1564372800,0.0028247,0.002884,0.0028,0.002849,11669852.0
1564387200,0.002849,0.002849,0.0027644,0.0027894,19153251.0
1564401600,0.0027894,0.0028091,0.0027847,0.0027968,10775646.0
1564416000,0.0027968,0.0028129,0.0027711,0.002781,13073096.0
1564430400,0.002781,0.0027995,0.0027637,0.0027663,5871882.0
1564444800,0.0027663,0.0027808,0.0027507,0.0027673,6814324.0
1564459200,0.0027673,0.0027737,0.0027502,0.0027537,5233098.0
1564473600,0.0027537,0.00288,0.0027457,0.0027768,25916274.0
1564488000,0.0027768,0.0028206,0.0027666,0.0028012,9843668.0
1564502400,0.0028012,0.0028107,0.0027801,0.0027906,8988329.0
1564516800,0.0027906,0.0028031,0.0027844,0.0027885,3213283.0
1564531200,0.0027885,0.0028417,0.0027885,0.0028001,10651955.0
1564545600,0.0028001,0.0028348,0.0027889,0.00281,12054256.0
1564560000,0.00281,0.0028196,0.0027942,0.0028119,6176374.0
1564574400,0.0028119,0.0028715,0.0028104,0.0028683,11949217.0
1564588800,0.0028683,0.0028761,0.0028368,0.0028449,7521523.0
1564603200,0.0028449,0.0028665,0.002825,0.0028583,9766679.0
1564617600,0.0028583,0.0030617,0.0028255,0.0028498,34326821.0
1564632000,0.0028498,0.0028661,0.0028281,0.0028368,8452849.0
1564646400,0.0028368,0.0028592,0.0028248,0.0028361,5639169.0
1564660800,0.0028361,0.002844,0.0028266,0.0028302,5542417.0
1564675200,0.0028302,0.002888,0.0028286,0.0028836,10244082.0
1564689600,0.0028836,0.0029337,0.002878,0.0029004,21051500.0
1564704000,0.0029004,0.0029132,0.002881,0.0028821,6134252.0
1564718400,0.0028821,0.0029272,0.0028782,0.00292,7882383.0
1564732800,0.00292,0.0029223,0.002885,0.0028981,14113917.0
1564747200,0.0028981,0.002922,0.0028902,0.0029153,10686292.0
1564761600,0.0029153,0.002923,0.002875,0.0028765,14491024.0
1564776000,0.0028765,0.0029,0.002861,0.0028996,11021240.0
1564790400,0.0028996,0.002949,0.0028884,0.0029437,12791561.0
1564804800,0.0029437,0.0029437,0.00291,0.00293,8133157.0
1564819200,0.00293,0.0029412,0.0029082,0.002909,6415386.0
1564833600,0.002909,0.0029167,0.0028768,0.0028884,8939596.0
1564848000,0.0028884,0.0029257,0.0028794,0.0029006,14357600.0
1564862400,0.0029006,0.0029122,0.0028843,0.0028994,4304812.0
1564876800,0.0028994,0.0029141,0.0028779,0.0028961,7999448.0
1564891200,0.0028961,0.0028961,0.0028465,0.0028674,15022306.0
1564905600,0.0028674,0.0028763,0.0028424,0.0028589,7319038.0
1564920000,0.0028589,0.0029314,0.0028447,0.002925,15054062.0
1564934400,0.002925,0.0029841,0.002903,0.0029494,24359114.0
1564948800,0.0029494,0.0029985,0.0029079,0.0029222,18493078.0
1564963200,0.0029222,0.0030799,0.0029196,0.0030211,44631331.0
1564977600,0.0030211,0.003069,0.003,0.0030201,22757951.0
1564992000,0.0030201,0.0030691,0.003007,0.0030691,38463270.0
1565006400,0.0030691,0.0031136,0.0030239,0.003076,38672623.0
1565020800,0.003076,0.0031998,0.003069,0.0030858,42864351.0
1565035200,0.0030858,0.0030858,0.0030222,0.0030428,26547864.0
1565049600,0.0030428,0.0030443,0.0029868,0.0029986,32119158.0
1565064000,0.0029986,0.003084,0.0029888,0.0030504,29529827.0
1565078400,0.0030504,0.0030762,0.0029612,0.002966,21337579.0
1565092800,0.002966,0.0029898,0.0029343,0.0029569,13709954.0
1565107200,0.0029569,0.0029741,0.002938,0.002945,17257719.0
1565121600,0.002945,0.0030353,0.0029124,0.0029557,15015909.0
1565136000,0.0029557,0.0029965,0.0029374,0.0029589,10607392.0
1565150400,0.0029589,0.0029832,0.0029223,0.0029223,12775301.0
1565164800,0.0029223,0.0029367,0.00291,0.0029367,15631910.0
1565179200,0.0029367,0.0030399,0.0028987,0.0029129,42206194.0
1565193600,0.0029129,0.0029465,0.0028759,0.0029385,15236702.0
1565208000,0.0029385,0.0030123,0.0029082,0.0029856,20177375.0
1565222400,0.0029856,0.0029972,0.0029579,0.0029711,7971028.0
1565236800,0.0029711,0.0029737,0.0029078,0.0029289,15050986.0
1565251200,0.0029289,0.0029588,0.0029094,0.0029158,12013421.0
1565265600,0.0029158,0.0029431,0.0028721,0.002878,16477178.0
1565280000,0.002878,0.0028865,0.0028544,0.0028742,9998543.0
1565294400,0.0028742,0.0029696,0.0028742,0.0029635,11425422.0
1565308800,0.0029635,0.0029725,0.0029031,0.0029047,7996302.0
1565323200,0.0029047,0.0029289,0.0028796,0.0028816,8298701.0
1565337600,0.0028816,0.0029057,0.0028375,0.0028577,12500914.0
1565352000,0.0028577,0.0029008,0.0028577,0.002876,5217669.0
1565366400,0.002876,0.0028897,0.0028531,0.002872,6219109.0
1565380800,0.002872,0.0029592,0.002851,0.002913,12836730.0
1565395200,0.002913,0.0029432,0.0028821,0.0028821,3933157.0
1565409600,0.0028821,0.0029016,0.0028821,0.0028942,3463104.0
1565424000,0.0028942,0.0029063,0.0028124,0.0028294,15307154.0
1565438400,0.0028294,0.0028468,0.0028087,0.0028149,7271791.0
1565452800,0.0028149,0.0028455,0.0028085,0.0028242,4031633.0
1565467200,0.0028242,0.0028705,0.0028221,0.00285,6351591.0
1565481600,0.00285,0.0028845,0.0028489,0.0028683,6585343.0
1565496000,0.0028683,0.0028742,0.0028398,0.0028742,9940244.0
1565510400,0.0028742,0.00288,0.0028281,0.0028717,8423676.0
1565524800,0.0028717,0.0028798,0.0028577,0.002867,6715740.0
1565539200,0.002867,0.002881,0.0028643,0.0028774,4615098.0
1565553600,0.0028774,0.0028995,0.0028642,0.0028874,11841631.0
1565568000,0.0028874,0.0028999,0.0028759,0.0028837,2072831.0
1565582400,0.0028837,0.0028853,0.0028587,0.0028771,4507376.0
1565596800,0.0028771,0.0028771,0.002848,0.002848,8639785.0
1565611200,0.002848,0.0028639,0.0028455,0.0028462,4680870.0
1565625600,0.0028462,0.0028801,0.0028462,0.0028736,11516069.0
1565640000,0.0028736,0.0028878,0.0028516,0.0028516,6557732.0
1565654400,0.0028516,0.0028617,0.0028448,0.0028449,2019115.0
1565668800,0.0028449,0.0028643,0.0028421,0.0028492,5162379.0
1565683200,0.0028492,0.0028562,0.0028299,0.0028328,7008727.0
1565697600,0.0028328,0.0028575,0.0027802,0.0028174,21742508.0
1565712000,0.0028174,0.0028426,0.0028,0.0028253,7465362.0
1565726400,0.0028253,0.00284,0.0028105,0.0028339,4287327.0
1565740800,0.0028339,0.0028362,0.002783,0.0027964,7382528.0
1565755200,0.0027964,0.0028078,0.0027827,0.0028008,6081184.0
1565769600,0.0028008,0.0028166,0.0027801,0.0027999,8346300.0
1565784000,0.0027999,0.0028399,0.0027815,0.0028008,10170081.0
1565798400,0.0028008,0.0028205,0.0027001,0.0027199,32341973.0
1565812800,0.0027199,0.0027826,0.0027,0.0027161,25148138.0
1565827200,0.0027161,0.0027695,0.002678,0.0026832,12617041.0
1565841600,0.0026832,0.0026832,0.0026832,0.0026832,0.0
1565856000,0.0026832,0.0026837,0.0026191,0.002642,12387549.0
1565870400,0.002642,0.0026451,0.0025578,0.0026215,12930339.0
1565884800,0.0026215,0.0026405,0.0026,0.002634,6117064.0
1565899200,0.002634,0.002698,0.0025812,0.0025916,39354282.0
1565913600,0.0025916,0.002619,0.00258,0.0026,5290954.0
1565928000,0.0026,0.0026,0.0025112,0.00254,17363173.0
1565942400,0.00254,0.0025938,0.0025322,0.0025807,11057599.0
1565956800,0.0025807,0.0026318,0.0025807,0.0026145,15916505.0
1565971200,0.0026145,0.002646,0.002612,0.0026449,4765405.0
1565985600,0.0026449,0.002718,0.0026372,0.002651,17089647.0
1566000000,0.002651,0.0026632,0.0026024,0.0026393,7805164.0
1566014400,0.0026393,0.0026594,0.0026315,0.0026438,2978414.0
1566028800,0.0026438,0.0026545,0.0026221,0.002625,13916303.0
1566043200,0.002625,0.0026282,0.00261,0.0026282,5551315.0
1566057600,0.0026282,0.0026508,0.0025778,0.0026218,11877045.0
1566072000,0.0026218,0.0026346,0.0026011,0.0026251,6714227.0
1566086400,0.0026251,0.0026288,0.0025926,0.0026015,5764736.0
1566100800,0.0026015,0.0026289,0.0025989,0.002607,3937964.0
1566115200,0.002607,0.0026678,0.002606,0.002666,12053314.0
1566129600,0.002666,0.00271,0.002587,0.0026974,59441578.0
1566144000,0.0026974,0.0027104,0.002685,0.0027069,12113871.0
1566158400,0.0027069,0.0027214,0.0026891,0.002695,8121040.0
1566172800,0.002695,0.0027665,0.0026922,0.0027376,32437011.0
1566187200,0.0027376,0.0027977,0.0027349,0.00279,10101299.0
1566201600,0.00279,0.0028146,0.0027746,0.0027811,23376379.0
1566216000,0.0027811,0.0028099,0.002769,0.0027865,18902769.0
1566230400,0.0027865,0.0027974,0.0027403,0.0027501,10050055.0
1566244800,0.0027501,0.0027816,0.0026676,0.0027816,16335105.0
1566259200,0.0027816,0.002785,0.0027401,0.0027582,4709976.0
1566273600,0.0027582,0.0027582,0.002719,0.0027375,5664716.0
1566288000,0.0027375,0.0027375,0.0026798,0.0027189,5887732.0
1566302400,0.0027189,0.0027257,0.0027004,0.002722,5832739.0
1566316800,0.002722,0.0027301,0.0027096,0.0027118,4436654.0
1566331200,0.0027118,0.0027316,0.0027107,0.002712,3358007.0
1566345600,0.002712,0.0027153,0.0026205,0.0026396,10544312.0
1566360000,0.0026396,0.0026396,0.002606,0.00262,15430621.0
1566374400,0.00262,0.0026284,0.002595,0.0026044,9654398.0
1566388800,0.0026044,0.0026144,0.0025705,0.0025963,11187468.0
1566403200,0.0025963,0.0026544,0.0025633,0.0026162,8519262.0
1566417600,0.0026162,0.0026433,0.0026089,0.0026398,12092646.0
1566432000,0.0026398,0.0026432,0.0025527,0.0025801,12637991.0
1566446400,0.0025801,0.0026266,0.0025801,0.0026072,16918237.0
1566460800,0.0026072,0.0026263,0.00258,0.0026003,8235969.0
1566475200,0.0026003,0.0026573,0.0026003,0.0026342,15788357.0
1566489600,0.0026342,0.0026719,0.0026227,0.002646,7023903.0
1566504000,0.002646,0.0027165,0.0026437,0.0026458,10338081.0
1566518400,0.0026458,0.0026579,0.0026201,0.0026353,4117611.0
1566532800,0.0026353,0.0026541,0.0026169,0.002649,12625079.0
1566547200,0.002649,0.0026492,0.0026153,0.0026266,9628126.0
1566561600,0.0026266,0.002687,0.0026266,0.0026739,9815219.0
1566576000,0.0026739,0.0026888,0.0026685,0.0026799,4211327.0
1566590400,0.0026799,0.002693,0.0026559,0.0026668,9276587.0
1566604800,0.0026668,0.0026785,0.0026467,0.0026536,5876417.0
1566619200,0.0026536,0.0026599,0.0026341,0.0026385,5582281.0
1566633600,0.0026385,0.0026438,0.0025647,0.0025853,14725004.0
1566648000,0.0025853,0.0026005,0.0025727,0.0025828,15025006.0
1566662400,0.0025828,0.0026258,0.0025723,0.0026202,5430474.0
1566676800,0.0026202,0.0026314,0.0025919,0.0026222,14525193.0
1566691200,0.0026222,0.0026329,0.0026022,0.0026114,3639958.0
1566705600,0.0026114,0.0026358,0.0025932,0.0026297,13598854.0
1566720000,0.0026297,0.0026406,0.0026156,0.0026234,12478956.0
1566734400,0.0026234,0.002666,0.002593,0.0026047,11784095.0
1566748800,0.0026047,0.0026285,0.0025989,0.002609,10115480.0
1566763200,0.002609,0.0026237,0.002582,0.0026237,8320393.0
1566777600,0.0026237,0.0027048,0.0026192,0.0026251,17852166.0
1566792000,0.0026251,0.0026579,0.0026251,0.002637,8461716.0
1566806400,0.002637,0.0026569,0.0026216,0.0026388,13554851.0
1566820800,0.0026388,0.002651,0.0026302,0.00264,10994419.0
1566835200,0.00264,0.002653,0.0026271,0.0026366,11326251.0
1566849600,0.0026366,0.0026463,0.0025931,0.0026409,13120027.0
1566864000,0.0026409,0.0026409,0.0025825,0.0025984,10475747.0
1566878400,0.0025984,0.0026113,0.0025809,0.0025984,7155986.0
1566892800,0.0025984,0.002613,0.0025801,0.0025832,6526502.0
1566907200,0.0025832,0.00264,0.0025763,0.0025943,13965196.0
1566921600,0.0025943,0.0026182,0.0025892,0.0025927,7119746.0
1566936000,0.0025927,0.0026391,0.0025924,0.0025993,12570091.0
1566950400,0.0025993,0.0026014,0.0025648,0.0025653,4146941.0
1566964800,0.0025653,0.0025839,0.0025505,0.0025637,10710417.0
1566979200,0.0025637,0.00258,0.00256,0.002567,5622800.0
1566993600,0.002567,0.002586,0.0025613,0.0025723,9625567.0
1567008000,0.0025723,0.002588,0.0024772,0.0024891,28272048.0
1567022400,0.0024891,0.0025289,0.0024773,0.0024965,14875000.0
1567036800,0.0024965,0.0024965,0.0024042,0.0024116,33425683.0
1567051200,0.0024116,0.0024461,0.002339,0.0023515,22008578.0
1567065600,0.0023515,0.0023825,0.0023515,0.0023676,18939695.0
1567080000,0.0023676,0.0024112,0.002356,0.0023987,12559975.0
1567094400,0.0023987,0.0024881,0.0023862,0.0024216,9030274.0
1567108800,0.0024216,0.00246,0.0024216,0.0024244,5184346.0
1567123200,0.0024244,0.0024421,0.0023879,0.0024063,3737061.0
1567137600,0.0024063,0.0024323,0.0024061,0.0024323,2290484.0
1567152000,0.0024323,0.0024704,0.0024196,0.0024533,3466707.0
1567166400,0.0024533,0.0024665,0.0024448,0.002454,6616199.0
1567180800,0.002454,0.0024542,0.0024131,0.0024328,12721069.0
1567195200,0.0024328,0.0024939,0.0024328,0.0024449,8680687.0
1567209600,0.0024449,0.0024599,0.0024384,0.0024559,2934623.0
1567224000,0.0024559,0.0024777,0.0024462,0.00245,3970932.0
1567238400,0.00245,0.0024571,0.002432,0.0024442,14299099.0
1567252800,0.0024442,0.002447,0.0024254,0.00244,1855916.0
1567267200,0.00244,0.0024555,0.0024254,0.0024425,4381604.0
1567281600,0.0024425,0.0024878,0.0024118,0.0024528,8896145.0
1567296000,0.0024528,0.0024671,0.0024501,0.0024561,2091562.0
1567310400,0.0024561,0.0024588,0.0024282,0.0024394,6754511.0
1567324800,0.0024394,0.0024468,0.002424,0.0024298,3072033.0
1567339200,0.0024298,0.0024379,0.0024109,0.0024379,3894330.0
1567353600,0.0024379,0.0024489,0.0024204,0.0024275,5938656.0
1567368000,0.0024275,0.0024851,0.0024275,0.0024603,14205056.0
1567382400,0.0024603,0.002486,0.002448,0.002448,3615626.0
1567396800,0.002448,0.002464,0.0024377,0.0024438,4795446.0
1567411200,0.0024438,0.0024732,0.002439,0.00246,5006724.0
1567425600,0.00246,0.0024925,0.00246,0.00247,6349136.0
1567440000,0.00247,0.0025478,0.00247,0.0025478,16999599.0
1567454400,0.0025478,0.0026167,0.0025477,0.0025882,16805479.0
1567468800,0.0025882,0.0026053,0.0025376,0.0025766,4903251.0
1567483200,0.0025766,0.0025766,0.0025338,0.0025441,27476506.0
1567497600,0.0025441,0.0025526,0.0025313,0.0025499,3724662.0
1567512000,0.0025499,0.0026,0.0025419,0.0025992,8398184.0
1567526400,0.0025992,0.0026054,0.0025782,0.0025813,8318370.0
1567540800,0.0025813,0.0025848,0.0025313,0.0025593,11858833.0
1567555200,0.0025593,0.0025706,0.0025313,0.0025455,6095149.0
1567569600,0.0025455,0.0025607,0.0025314,0.0025415,7459879.0
1567584000,0.0025415,0.0025536,0.0025184,0.0025241,6944582.0
1567598400,0.0025241,0.0025388,0.0025,0.0025109,4092242.0
1567612800,0.0025109,0.00256,0.0025,0.00255,2703873.0
1567627200,0.00255,0.0025711,0.0025002,0.0025097,5494161.0
1567641600,0.0025097,0.0025221,0.0024942,0.0024943,11279164.0
1567656000,0.0024943,0.0025198,0.0024806,0.0024861,3423360.0
1567670400,0.0024861,0.0025048,0.0024618,0.0024855,10637507.0
1567684800,0.0024855,0.0024989,0.0024709,0.0024795,3114913.0
1567699200,0.0024795,0.0025149,0.0024646,0.002479,9714674.0
1567713600,0.002479,0.0025059,0.0024589,0.0024909,6148658.0
1567728000,0.0024909,0.0025,0.0024768,0.002482,1987184.0
1567742400,0.002482,0.0024939,0.0024286,0.002445,13025725.0
1567756800,0.002445,0.002481,0.0024292,0.0024762,10091394.0
1567771200,0.0024762,0.0025054,0.0024608,0.0025041,15975585.0
1567785600,0.0025041,0.0025041,0.0024,0.002435,22405277.0
1567800000,0.002435,0.0025031,0.002405,0.00247,18351338.0
1567814400,0.00247,0.0024761,0.0024457,0.0024645,1864784.0
1567828800,0.0024645,0.0024861,0.0024449,0.0024764,5987545.0
1567843200,0.0024764,0.0024911,0.0024467,0.0024729,8618390.0
1567857600,0.0024729,0.0024881,0.0024564,0.0024838,3575486.0
1567872000,0.0024838,0.0024928,0.0024029,0.00245,50284485.0
1567886400,0.00245,0.002507,0.0024325,0.0024542,9084598.0
1567900800,0.0024542,0.0025003,0.0024542,0.0025003,4952936.0
1567915200,0.0025003,0.0025306,0.0024789,0.0025024,15360126.0
1567929600,0.0025024,0.0025208,0.0024461,0.0024596,25143382.0
1567944000,0.0024596,0.00248,0.0024427,0.0024618,7396047.0
1567958400,0.0024618,0.0024812,0.0024618,0.002467,8531003.0
1567972800,0.002467,0.0024828,0.0024,0.0024585,28155475.0
1567987200,0.0024585,0.0024692,0.0024312,0.0024312,5906882.0
1568001600,0.0024312,0.0024471,0.0024086,0.0024089,12828734.0
1568016000,0.0024089,0.0024569,0.0024,0.0024458,19324089.0
1568030400,0.0024458,0.0024569,0.002407,0.0024331,10062653.0
1568044800,0.0024331,0.0024577,0.0024184,0.0024516,5446214.0
1568059200,0.0024516,0.0024617,0.0024322,0.0024351,7431772.0
1568073600,0.0024351,0.0024612,0.0024219,0.0024274,4343607.0
1568088000,0.0024274,0.0024403,0.0024219,0.0024389,2104369.0
1568102400,0.0024389,0.0024411,0.0024209,0.0024212,3316603.0
1568116800,0.0024212,0.0024386,0.002405,0.0024277,3920857.0
1568131200,0.0024277,0.0024381,0.002385,0.0023895,13845838.0
1568145600,0.0023895,0.0024225,0.0023849,0.0024185,5688494.0
1568160000,0.0024185,0.0024386,0.0023763,0.0023958,5238617.0
1568174400,0.0023958,0.0024029,0.0023601,0.0023944,6036809.0
1568188800,0.0023944,0.0024004,0.0023783,0.0023936,5434169.0
1568203200,0.0023936,0.0024004,0.0023642,0.0023691,5290236.0
1568217600,0.0023691,0.0024047,0.0023642,0.0024047,23657980.0
1568232000,0.0024047,0.0024087,0.0023782,0.0023892,7229354.0
1568246400,0.0023892,0.0024089,0.0023516,0.0023693,8374960.0
1568260800,0.0023693,0.0023726,0.0023265,0.002345,11761213.0
1568275200,0.002345,0.0023702,0.0023339,0.0023545,9093153.0
1568289600,0.0023545,0.0023875,0.0023545,0.002381,5092739.0
1568304000,0.002381,0.0023889,0.002366,0.0023749,3071297.0
1568318400,0.0023749,0.002431,0.0023749,0.0023928,11149403.0
1568332800,0.0023928,0.0024019,0.0023885,0.0023885,5375400.0
1568347200,0.0023885,0.0023992,0.002372,0.0023721,2940055.0
1568361600,0.0023721,0.0023936,0.0023719,0.0023933,1555953.0
1568376000,0.0023933,0.0023933,0.00237,0.002372,4032968.0
1568390400,0.002372,0.0023819,0.00236,0.0023786,4999796.0
1568404800,0.0023786,0.0024128,0.002362,0.002399,16413320.0
1568419200,0.002399,0.0024089,0.0023895,0.0023909,8584748.0
1568433600,0.0023909,0.0023976,0.00238,0.0023899,2703793.0
1568448000,0.0023899,0.0024002,0.0023747,0.0023747,5132761.0
1568462400,0.0023747,0.0024171,0.0023701,0.0023992,6960524.0
1568476800,0.0023992,0.0024343,0.002392,0.0024158,5821986.0
1568491200,0.0024158,0.002437,0.0024048,0.0024192,4522076.0
1568505600,0.0024192,0.0024688,0.0024192,0.0024489,13610673.0
1568520000,0.0024489,0.0024546,0.0024274,0.002438,4688126.0
1568534400,0.002438,0.0024572,0.0024282,0.0024572,11089042.0
1568548800,0.0024572,0.0024842,0.0024493,0.0024704,16110577.0
1568563200,0.0024704,0.0024851,0.002443,0.0024558,10483974.0
1568577600,0.0024558,0.0024558,0.00239,0.002426,12664843.0
1568592000,0.002426,0.002467,0.0024249,0.0024568,5141457.0
1568606400,0.0024568,0.0024669,0.00244,0.0024569,12158556.0
1568620800,0.0024569,0.0024765,0.0024391,0.002455,13397046.0
1568635200,0.002455,0.00246,0.0023978,0.0024129,10220329.0
1568649600,0.0024129,0.0024222,0.0023992,0.002409,4760270.0
1568664000,0.002409,0.00245,0.002409,0.0024309,8216762.0
1568678400,0.0024309,0.0024349,0.00241,0.00241,4162499.0
1568692800,0.00241,0.0024254,0.00241,0.0024129,4946456.0
1568707200,0.0024129,0.0024475,0.0024129,0.002422,7127176.0
1568721600,0.002422,0.0024826,0.0024211,0.002481,24059744.0
1568736000,0.002481,0.0026,0.0024771,0.0025649,63700968.0
1568750400,0.0025649,0.00262,0.0025488,0.002594,31072168.0
1568764800,0.002594,0.0026176,0.0025527,0.0025981,18347504.0
1568779200,0.0025981,0.0026872,0.0025923,0.0026813,56657948.0
1568793600,0.0026813,0.0028103,0.0026771,0.0027374,146182263.0
1568808000,0.0027374,0.0027886,0.0026967,0.00275,68021028.0
1568822400,0.00275,0.0027889,0.0027355,0.0027456,40003904.0
1568836800,0.0027456,0.002763,0.0026952,0.0027015,15151679.0
1568851200,0.0027015,0.0027028,0.00254,0.0025715,38796969.0
1568865600,0.0025715,0.0026181,0.0025463,0.002566,32452101.0
1568880000,0.002566,0.0026535,0.002557,0.0025905,19638143.0
1568894400,0.0025905,0.0026296,0.0025769,0.0026075,16068534.0
1568908800,0.0026075,0.0026971,0.0025993,0.0026927,34728031.0
1568923200,0.0026927,0.0027322,0.0026508,0.0027083,19856837.0
1568937600,0.0027083,0.0027083,0.0026505,0.0026678,8727714.0
1568952000,0.0026678,0.0026827,0.002646,0.0026569,12159942.0
1568966400,0.0026569,0.0026655,0.0026396,0.0026499,6048426.0
1568980800,0.0026499,0.0026683,0.0026417,0.0026501,12978711.0
1568995200,0.0026501,0.0026911,0.0026147,0.0026564,19103882.0
1569009600,0.0026564,0.0026851,0.00263,0.0026497,11328656.0
1569024000,0.0026497,0.0026619,0.0025743,0.0025801,13566324.0
1569038400,0.0025801,0.0026564,0.0025714,0.0025784,14239781.0
1569052800,0.0025784,0.0025842,0.0025499,0.0025586,11211927.0
1569067200,0.0025586,0.0026018,0.002539,0.0025712,24029666.0
1569081600,0.0025712,0.0025782,0.0025498,0.0025565,5299088.0
1569096000,0.0025565,0.0025914,0.002556,0.0025772,8346967.0
1569110400,0.0025772,0.0025789,0.0025174,0.0025589,11484419.0
1569124800,0.0025589,0.0025801,0.0025173,0.0025702,6180200.0
1569139200,0.0025702,0.0025879,0.0025547,0.00257,7513816.0
1569153600,0.00257,0.0025878,0.0025418,0.0025418,27275344.0
1569168000,0.0025418,0.0025528,0.0025187,0.0025429,16772593.0
1569182400,0.0025429,0.002599,0.00252,0.002562,22816631.0
1569196800,0.002562,0.0025719,0.0025143,0.0025146,6784643.0
1569211200,0.0025146,0.0025342,0.0025051,0.0025229,13320728.0
1569225600,0.0025229,0.0025508,0.0025119,0.0025413,4617045.0
1569240000,0.0025413,0.0025438,0.0024719,0.0025097,24317083.0
1569254400,0.0025097,0.0025268,0.0024916,0.0025044,11234590.0
1569268800,0.0025044,0.0025148,0.0024474,0.0024474,16623435.0
1569283200,0.0024474,0.0024666,0.0024406,0.0024473,7092801.0
1569297600,0.0024473,0.0024731,0.0024468,0.002471,9894444.0
1569312000,0.002471,0.0024711,0.0024508,0.0024648,7132976.0
1569326400,0.0024648,0.0024652,0.0023763,0.0024233,23460681.0
1569340800,0.0024233,0.002444,0.0019317,0.002034,74693955.0
1569355200,0.002034,0.0022263,0.0020205,0.00219,33635619.0
1569369600,0.00219,0.0022137,0.0021501,0.0021662,14747648.0
1569384000,0.0021662,0.0021925,0.0021038,0.002125,11766578.0
1569398400,0.002125,0.00217,0.0020665,0.0021448,27516376.0
1569412800,0.0021448,0.0021765,0.0021187,0.0021207,22922265.0
1569427200,0.0021207,0.0021618,0.0021016,0.002151,16861670.0
1569441600,0.002151,0.0022241,0.002151,0.0021757,17011446.0
1569456000,0.0021757,0.0021982,0.0021549,0.0021642,27981156.0
1569470400,0.0021642,0.0021886,0.0021554,0.0021883,18805482.0
1569484800,0.0021883,0.0022135,0.0021755,0.0021922,25194761.0
1569499200,0.0021922,0.0022375,0.0020379,0.0020643,91669858.0
1569513600,0.0020643,0.0021374,0.0020185,0.0021228,21234296.0
1569528000,0.0021228,0.0021506,0.0020938,0.0021396,19508071.0
1569542400,0.0021396,0.0021396,0.0020985,0.002118,7705144.0
1569556800,0.002118,0.0021627,0.0021103,0.0021614,25150879.0
1569571200,0.0021614,0.002176,0.0021114,0.0021322,13511527.0
1569585600,0.0021322,0.002159,0.0021188,0.0021317,13125255.0
1569600000,0.0021317,0.0021684,0.0021257,0.0021523,3710677.0
1569614400,0.0021523,0.002199,0.0021201,0.0021723,25127684.0
1569628800,0.0021723,0.0021874,0.002167,0.002171,6107226.0
1569643200,0.002171,0.0021879,0.00217,0.0021732,13113675.0
1569657600,0.0021732,0.0021869,0.00217,0.00217,15508982.0
1569672000,0.00217,0.0021773,0.0021401,0.002156,12759877.0
1569686400,0.002156,0.00219,0.002156,0.00219,5890342.0
1569700800,0.00219,0.002232,0.0021681,0.0021974,22281184.0
1569715200,0.0021974,0.0022399,0.0021751,0.0021861,14707054.0
1569729600,0.0021861,0.0022001,0.0021655,0.00218,5791738.0
1569744000,0.00218,0.0022,0.0021643,0.002181,13215235.0
1569758400,0.002181,0.0021811,0.0021235,0.0021491,17570207.0
1569772800,0.0021491,0.0021824,0.0021483,0.0021637,11159718.0
1569787200,0.0021637,0.0022099,0.002155,0.0021854,17067179.0
1569801600,0.0021854,0.002203,0.0021648,0.0021653,3254802.0
1569816000,0.0021653,0.0021746,0.0021264,0.002151,15374374.0
1569830400,0.002151,0.0023605,0.0021333,0.0023468,110163505.0
1569844800,0.0023468,0.0024733,0.0023197,0.0023914,89875303.0
1569859200,0.0023914,0.002404,0.0023588,0.0023891,23935992.0
1569873600,0.0023891,0.0023891,0.0023293,0.0023747,21384626.0
1569888000,0.0023747,0.0024677,0.0023682,0.0024442,43656551.0
1569902400,0.0024442,0.0025001,0.0024273,0.0024471,25404258.0
1569916800,0.0024471,0.0024472,0.0024064,0.0024153,20301162.0
1569931200,0.0024153,0.002433,0.00238,0.0024024,32009749.0
1569945600,0.0024024,0.0024342,0.0023649,0.0023649,20353867.0
1569960000,0.0023649,0.0023978,0.0023473,0.0023503,10134476.0
1569974400,0.0023503,0.0023692,0.0023292,0.0023302,5704030.0
1569988800,0.0023302,0.0023302,0.0023042,0.0023253,12913282.0
1570003200,0.0023253,0.0023374,0.0022901,0.0023374,14910358.0
1570017600,0.0023374,0.0023374,0.0022874,0.0023089,23588156.0
1570032000,0.0023089,0.002325,0.0022809,0.0023069,14845814.0
1570046400,0.0023069,0.002323,0.0022964,0.002323,16072796.0
1570060800,0.002323,0.002325,0.0023041,0.0023081,7220867.0
1570075200,0.0023081,0.0023199,0.0022901,0.0022992,11669483.0
1570089600,0.0022992,0.0023117,0.0022759,0.0022856,10338407.0
1570104000,0.0022856,0.002303,0.0022353,0.0022465,30017673.0
1570118400,0.0022465,0.0022751,0.0022443,0.0022604,13346932.0
1570132800,0.0022604,0.0022993,0.0022465,0.0022977,8429167.0
1570147200,0.0022977,0.002298,0.00225,0.0022599,2894813.0
1570161600,0.0022599,0.0022678,0.0022398,0.0022595,4397071.0
1570176000,0.0022595,0.0022811,0.0022411,0.0022641,13479969.0
1570190400,0.0022641,0.0022842,0.0022475,0.0022754,11916953.0
1570204800,0.0022754,0.0023058,0.0022707,0.002297,6985447.0
1570219200,0.002297,0.002325,0.0022831,0.0022893,12640651.0
1570233600,0.0022893,0.0022986,0.0022737,0.0022916,9450474.0
1570248000,0.0022916,0.0022981,0.0022774,0.002283,4766773.0
1570262400,0.002283,0.0022878,0.0022722,0.002285,7916587.0
1570276800,0.002285,0.00229,0.0022614,0.002279,18377247.0
1570291200,0.002279,0.0023,0.002273,0.0022894,9377820.0
1570305600,0.0022894,0.0023051,0.0022838,0.0022922,4010994.0
1570320000,0.0022922,0.0023048,0.0022838,0.0022838,15297272.0
1570334400,0.0022838,0.0022915,0.002254,0.0022681,12691105.0
1570348800,0.0022681,0.0022819,0.0022503,0.0022631,8771837.0
1570363200,0.0022631,0.002291,0.0022377,0.0022642,17120496.0
1570377600,0.0022642,0.0022786,0.0022275,0.0022438,9399945.0
1570392000,0.0022438,0.0022807,0.0022386,0.0022677,9437496.0
1570406400,0.0022677,0.0022801,0.0022368,0.0022531,11658455.0
1570420800,0.0022531,0.0022657,0.0022441,0.0022581,2167653.0
1570435200,0.0022581,0.002313,0.0022546,0.00229,17909223.0
1570449600,0.00229,0.0023379,0.0022875,0.0023338,13645788.0
1570464000,0.0023338,0.0023654,0.0023331,0.0023434,17283376.0
1570478400,0.0023434,0.0023489,0.00231,0.002331,7272465.0
1570492800,0.002331,0.0023649,0.002301,0.0023365,21018973.0
1570507200,0.0023365,0.0023433,0.0022927,0.0023076,24386096.0
1570521600,0.0023076,0.0023148,0.0022882,0.0023135,8500187.0
1570536000,0.0023135,0.0023145,0.0022911,0.0023056,15044834.0
1570550400,0.0023056,0.0023056,0.0022877,0.0022905,12459717.0
1570564800,0.0022905,0.0023125,0.0022783,0.0023096,8543750.0
1570579200,0.0023096,0.0023096,0.0022584,0.0022843,15500206.0
1570593600,0.0022843,0.0023149,0.0022467,0.0023075,13959800.0
1570608000,0.0023075,0.0023344,0.0022954,0.002317,24610167.0
1570622400,0.002317,0.002365,0.002292,0.0023322,41011751.0
1570636800,0.0023322,0.0023652,0.0023278,0.002354,25420454.0
1570651200,0.002354,0.0023557,0.002339,0.0023522,8031328.0
1570665600,0.0023522,0.0023522,0.0023221,0.0023229,14976739.0
1570680000,0.0023229,0.002345,0.002322,0.002345,3539638.0
1570694400,0.002345,0.002345,0.0023051,0.0023357,8418509.0
1570708800,0.0023357,0.0023377,0.0023077,0.00232,21778087.0
1570723200,0.00232,0.0023434,0.0023037,0.002312,9063760.0
1570737600,0.002312,0.002322,0.0022927,0.0023,16709245.0
1570752000,0.0023,0.0023085,0.002286,0.002304,3819275.0
1570766400,0.002304,0.0023411,0.0022515,0.0022555,16809518.0
1570780800,0.0022555,0.0022712,0.0022331,0.00225,11287625.0
1570795200,0.00225,0.0022765,0.002225,0.0022733,10865943.0
1570809600,0.0022733,0.002294,0.002261,0.0022763,9978532.0
1570824000,0.0022763,0.0023067,0.0022695,0.0022909,8870613.0
1570838400,0.0022909,0.0022969,0.0022868,0.0022879,9487315.0
1570852800,0.0022879,0.0023006,0.0022751,0.0022849,9586252.0
1570867200,0.0022849,0.0023029,0.0022833,0.0022855,6254831.0
1570881600,0.0022855,0.0023199,0.0022847,0.00231,13108771.0
1570896000,0.00231,0.002331,0.0022852,0.0022948,27592029.0
1570910400,0.0022948,0.0023299,0.0022948,0.0023196,4345706.0
1570924800,0.0023196,0.002358,0.0023096,0.002358,27378668.0
1570939200,0.002358,0.0024517,0.002358,0.0024412,61574942.0
1570953600,0.0024412,0.0026349,0.0024409,0.0025592,261383969.0
1570968000,0.0025592,0.0025813,0.0024935,0.0025,86071576.0
1570982400,0.0025,0.0025171,0.0024839,0.0024909,31164327.0
1570996800,0.0024909,0.0024989,0.002375,0.0024317,38533262.0
1571011200,0.0024317,0.002446,0.0024067,0.002426,27608142.0
1571025600,0.002426,0.00275,0.002426,0.0025444,1060346158.0
1571040000,0.0025444,0.0025694,0.0025044,0.002535,94264433.0
1571054400,0.002535,0.0025399,0.0024856,0.0024929,41887919.0
1571068800,0.0024929,0.0025397,0.0024771,0.0025219,32237002.0
1571083200,0.0025219,0.00258,0.0024961,0.0025415,25269962.0
1571097600,0.0025415,0.0025482,0.0025144,0.0025347,17129749.0
1571112000,0.0025347,0.0025523,0.00252,0.002547,24191794.0
1571126400,0.002547,0.0025521,0.002528,0.002545,24801561.0
1571140800,0.002545,0.00258,0.0024949,0.0025269,35573929.0
1571155200,0.0025269,0.0025415,0.0024652,0.002483,17676549.0
1571169600,0.002483,0.0025085,0.0024694,0.0024964,22897294.0
1571184000,0.0024964,0.0025317,0.0024859,0.002524,13917532.0
1571198400,0.002524,0.0025347,0.0025078,0.0025247,10593988.0
1571212800,0.0025247,0.0025843,0.002499,0.0025399,41756020.0
1571227200,0.0025399,0.0025587,0.0024851,0.00253,37504472.0
1571241600,0.00253,0.0025904,0.0025162,0.0025697,50222295.0
1571256000,0.0025697,0.0026228,0.0025508,0.0026162,117049599.0
1571270400,0.0026162,0.002698,0.0025778,0.0026451,38189699.0
1571284800,0.0026451,0.00274,0.002623,0.0027115,145517548.0
1571299200,0.0027115,0.0027553,0.0026786,0.0027333,82700230.0
1571313600,0.0027333,0.002974,0.0026999,0.002814,293135983.0
1571328000,0.002814,0.0028369,0.0027638,0.0027934,51510121.0
1571342400,0.0027934,0.0028116,0.00273,0.0027405,62202706.0
1571356800,0.0027405,0.0028665,0.0027349,0.0027941,48338225.0
1571371200,0.0027941,0.0028295,0.0026311,0.0026651,69609239.0
1571385600,0.0026651,0.002782,0.0026423,0.00274,66739135.0
1571400000,0.00274,0.002796,0.0027297,0.0027635,40594579.0
1571414400,0.0027635,0.0027772,0.00268,0.00268,25880863.0
1571428800,0.00268,0.0027068,0.00268,0.0026952,10939514.0
1571443200,0.0026952,0.0027026,0.0026467,0.0027011,18046881.0
1571457600,0.0027011,0.0027395,0.0026882,0.0027189,9509468.0
1571472000,0.0027189,0.0027872,0.00271,0.00277,22579869.0
1571486400,0.00277,0.0027949,0.0027,0.0027697,32188911.0
1571500800,0.0027697,0.0027821,0.0026953,0.0027231,16573631.0
1571515200,0.0027231,0.0027311,0.0026824,0.0027176,4536318.0
1571529600,0.0027176,0.0027575,0.0027099,0.0027212,15086587.0
1571544000,0.0027212,0.0027433,0.0026744,0.0026744,14133736.0
1571558400,0.0026744,0.0027319,0.0026407,0.0026538,18384191.0
1571572800,0.0026538,0.0027135,0.0026458,0.0026915,19207386.0
1571587200,0.0026915,0.0027279,0.0026736,0.0027023,16997003.0
1571601600,0.0027023,0.00272,0.0026762,0.0027151,29496577.0
1571616000,0.0027151,0.0027166,0.002676,0.0026776,9928678.0
1571630400,0.0026776,0.0026981,0.0026615,0.0026933,17645445.0
1571644800,0.0026933,0.0026989,0.0025938,0.0025938,110676899.0
1571659200,0.0025938,0.002665,0.0025758,0.0026342,72010725.0
1571673600,0.0026342,0.0026489,0.002594,0.0026218,19426776.0
1571688000,0.0026218,0.00295,0.0026147,0.0026879,57597250.0
1571702400,0.0026879,0.0027297,0.002681,0.0027076,12898362.0
1571716800,0.0027076,0.0027109,0.0026499,0.0026499,25494342.0
1571731200,0.0026499,0.0026688,0.0026244,0.0026388,124680064.0
1571745600,0.0026388,0.0026431,0.0026041,0.0026217,37489317.0
1571760000,0.0026217,0.0027,0.002565,0.0026144,381971077.0
1571774400,0.0026144,0.0026449,0.0025085,0.0025311,365833521.0
1571788800,0.0025311,0.002565,0.00251,0.00251,18426887.0
1571803200,0.00251,0.0025361,0.00248,0.002497,46470535.0
1571817600,0.002497,0.0025414,0.002495,0.0025133,26721452.0
1571832000,0.0025133,0.0025338,0.0021,0.0024246,236494821.0
1571846400,0.0024246,0.0025198,0.0023864,0.0024256,54544343.0
1571860800,0.0024256,0.0024816,0.0024072,0.0024746,17306882.0
1571875200,0.0024746,0.0025288,0.0024,0.0024459,53372410.0
1571889600,0.0024459,0.0025208,0.0024141,0.0024421,21397358.0
1571904000,0.0024421,0.0024983,0.0024331,0.0024683,26797304.0
1571918400,0.0024683,0.00255,0.0024683,0.0025244,30497032.0
1571932800,0.0025244,0.0025389,0.0025051,0.0025389,26850970.0
1571947200,0.0025389,0.0025394,0.0024972,0.0025183,17321298.0
1571961600,0.0025183,0.0025207,0.00247,0.002495,13809807.0
1571976000,0.002495,0.0025153,0.0024652,0.00251,9937561.0
1571990400,0.00251,0.0025889,0.0025036,0.00257,20805548.0
1572004800,0.00257,0.0026989,0.0025251,0.002645,48321100.0
1572019200,0.002645,0.0027799,0.0026141,0.0026771,196692658.0
1572033600,0.0026771,0.0026896,0.0026,0.0026694,40639452.0
1572048000,0.0026694,0.002898,0.0026472,0.0026948,188016824.0
1572062400,0.0026948,0.0028044,0.002595,0.0026432,42418267.0
1572076800,0.0026432,0.0026686,0.0025577,0.002638,38960788.0
1572091200,0.002638,0.0026744,0.0025898,0.0026128,20526176.0
1572105600,0.0026128,0.0026343,0.0025693,0.002572,17306923.0
1572120000,0.002572,0.0026304,0.0025587,0.0025925,20563573.0
1572134400,0.0025925,0.0026348,0.00256,0.002587,10152910.0
1572148800,0.002587,0.0027452,0.002568,0.002584,6738753.0
1572163200,0.002584,0.0026998,0.0025743,0.0025859,29279998.0
1572177600,0.0025859,0.0029542,0.0025701,0.0026731,46164825.0
1572192000,0.0026731,0.002785,0.0025803,0.0027251,77321283.0
1572206400,0.0027251,0.0027311,0.002619,0.00264,34009015.0
1572220800,0.00264,0.002725,0.0026373,0.002679,40314909.0
1572235200,0.002679,0.0027049,0.0026259,0.0026471,35764087.0
1572249600,0.0026471,0.00275,0.0026234,0.0026815,25442312.0
1572264000,0.0026815,0.0026816,0.0026301,0.0026552,21900908.0
1572278400,0.0026552,0.0026564,0.002626,0.0026376,7552203.0
1572292800,0.0026376,0.00273,0.002625,0.0026265,48672982.0
1572307200,0.0026265,0.0026682,0.0026214,0.0026493,10003768.0
1572321600,0.0026493,0.0026952,0.0026493,0.0026847,22923704.0
1572336000,0.0026847,0.0026847,0.00266,0.0026641,37629070.0
1572350400,0.0026641,0.0026949,0.0026386,0.0026694,32522569.0
1572364800,0.0026694,0.0026694,0.002615,0.0026258,14289479.0
1572379200,0.0026258,0.0026699,0.0026225,0.002625,19290927.0
1572393600,0.002625,0.002662,0.0025851,0.0026169,94369307.0
1572408000,0.0026169,0.0026199,0.0025789,0.0025995,13837191.0
1572422400,0.0025995,0.0026281,0.0025585,0.002578,24471708.0
1572436800,0.002578,0.0025998,0.0025584,0.0025973,12181141.0
1572451200,0.0025973,0.0026096,0.0025793,0.0026044,5480290.0
1572465600,0.0026044,0.0026649,0.002578,0.0025936,51755847.0
1572480000,0.0025936,0.0026049,0.0025802,0.0026049,12992886.0
1572494400,0.0026049,0.0026112,0.0025802,0.002597,12647688.0
1572508800,0.002597,0.0026048,0.0025549,0.0025847,24462831.0
1572523200,0.0025847,0.0026314,0.0025808,0.0025855,17633029.0
1572537600,0.0025855,0.0026068,0.0025794,0.0025868,13010861.0
1572552000,0.0025868,0.0026357,0.0025473,0.0025844,12545940.0
1572566400,0.0025844,0.0025844,0.0025579,0.0025589,4836103.0
1572580800,0.0025589,0.002576,0.0025522,0.0025642,4436381.0
1572595200,0.0025642,0.0025972,0.00256,0.0025849,7171639.0
1572609600,0.0025849,0.002596,0.0025615,0.002563,8711245.0
1572624000,0.002563,0.0025849,0.0025525,0.0025799,6464300.0
1572638400,0.0025799,0.002675,0.0025759,0.0025932,16688508.0
1572652800,0.0025932,0.0026114,0.00258,0.0025884,7056644.0
1572667200,0.0025884,0.0025994,0.00257,0.002583,24434744.0
1572681600,0.002583,0.0025903,0.0025463,0.0025712,60218725.0
1572696000,0.0025712,0.0025898,0.0025602,0.0025797,15817151.0
1572710400,0.0025797,0.0025949,0.00257,0.0025893,15016722.0
1572724800,0.0025893,0.0026,0.0025727,0.0025773,13655762.0
1572739200,0.0025773,0.0025968,0.002565,0.0025699,7084195.0
1572753600,0.0025699,0.0026009,0.002565,0.0025736,7830715.0
1572768000,0.0025736,0.0025877,0.0025516,0.0025753,12224272.0
1572782400,0.0025753,0.0025903,0.00255,0.00257,29490702.0
1572796800,0.00257,0.0025881,0.0025427,0.0025626,14072529.0
1572811200,0.0025626,0.0026369,0.002556,0.0025861,23646496.0
1572825600,0.0025861,0.0025861,0.0025568,0.0025568,10922735.0
1572840000,0.0025568,0.0025699,0.00255,0.002569,7238166.0
1572854400,0.002569,0.00258,0.002538,0.0025727,16538002.0
1572868800,0.0025727,0.0025904,0.002551,0.0025769,21941142.0
1572883200,0.0025769,0.0025873,0.002563,0.0025747,7336215.0
1572897600,0.0025747,0.0026,0.0025697,0.0025751,25155195.0
1572912000,0.0025751,0.0026045,0.0025701,0.0025764,20446352.0
1572926400,0.0025764,0.0025943,0.0025501,0.002556,20233225.0
1572940800,0.002556,0.0025865,0.002555,0.0025776,6484226.0
1572955200,0.0025776,0.002596,0.002573,0.0025959,16170283.0
1572969600,0.0025959,0.002596,0.0025796,0.0025912,7345112.0
1572984000,0.0025912,0.002596,0.002568,0.0025927,19217417.0
1572998400,0.0025927,0.0025927,0.00257,0.0025794,5225720.0
1573012800,0.0025794,0.0026024,0.0025771,0.0026024,10633695.0
1573027200,0.0026024,0.00261,0.0025906,0.0026018,10588178.0
1573041600,0.0026018,0.002606,0.0025835,0.0025906,20284393.0
1573056000,0.0025906,0.0025999,0.002574,0.0025824,12095402.0
1573070400,0.0025824,0.0025952,0.00255,0.0025952,19698418.0
1573084800,0.0025952,0.002601,0.0025763,0.0025787,24615587.0
1573099200,0.0025787,0.0026118,0.0025694,0.002602,38789308.0
1573113600,0.002602,0.0026583,0.0026,0.00264,58100753.0
1573128000,0.00264,0.0027449,0.0026371,0.0026536,174639684.0
1573142400,0.0026536,0.0027025,0.0026185,0.0026956,62293924.0
1573156800,0.0026956,0.002708,0.0026557,0.0026982,31140086.0
1573171200,0.0026982,0.0027096,0.0026724,0.0026819,14053535.0
1573185600,0.0026819,0.0026924,0.0026302,0.0026414,17454191.0
1573200000,0.0026414,0.0026486,0.0025918,0.0026294,24382765.0
1573214400,0.0026294,0.0026425,0.002535,0.0026101,40385801.0
1573228800,0.0026101,0.0026402,0.0025973,0.0026259,20875915.0
1573243200,0.0026259,0.0026575,0.0026199,0.0026381,23191257.0
1573257600,0.0026381,0.0026575,0.0026333,0.0026547,7242710.0
1573272000,0.0026547,0.0026547,0.0026339,0.002634,39956361.0
1573286400,0.002634,0.0027099,0.00263,0.0026651,53567977.0
1573300800,0.0026651,0.0027351,0.0026651,0.0026981,62866899.0
1573315200,0.0026981,0.0026987,0.0026079,0.0026719,48899164.0
1573329600,0.0026719,0.00272,0.00264,0.0027126,142845131.0
1573344000,0.0027126,0.0027424,0.0026647,0.0026719,69230285.0
1573358400,0.0026719,0.0027,0.0026711,0.0027,23900896.0
1573372800,0.0027,0.0027597,0.002698,0.0027597,50791317.0
1573387200,0.0027597,0.002763,0.002718,0.002727,49391610.0
1573401600,0.002727,0.0027849,0.0027096,0.0027551,81034283.0
1573416000,0.0027551,0.00277,0.0027155,0.0027565,30855423.0
1573430400,0.0027565,0.0027687,0.0027224,0.0027312,18242839.0
1573444800,0.0027312,0.0027348,0.0026713,0.0027051,16805349.0
1573459200,0.0027051,0.0027123,0.002646,0.0026622,27413054.0
1573473600,0.0026622,0.0026831,0.002654,0.0026545,21214105.0
1573488000,0.0026545,0.0027016,0.0026494,0.0026818,26173412.0
1573502400,0.0026818,0.0027149,0.0026689,0.002705,35781183.0
1573516800,0.002705,0.00272,0.0027026,0.0027098,12684144.0
1573531200,0.0027098,0.0027244,0.0027055,0.0027197,36238815.0
1573545600,0.0027197,0.00272,0.002682,0.0026889,18274316.0
1573560000,0.0026889,0.0027043,0.0026456,0.0026714,24469317.0
1573574400,0.0026714,0.0027026,0.0026628,0.0027,6124421.0
1573588800,0.0027,0.0027098,0.0026701,0.0027078,19008799.0
1573603200,0.0027078,0.0027078,0.0026585,0.0026585,6104509.0
1573617600,0.0026585,0.0026899,0.0026396,0.0026799,35716960.0
1573632000,0.0026799,0.0026849,0.0026441,0.0026532,35523899.0
1573646400,0.0026532,0.00269,0.0026316,0.002682,45437536.0
1573660800,0.002682,0.00269,0.002676,0.00269,10042791.0
1573675200,0.00269,0.00269,0.0026601,0.0026821,7691127.0
1573689600,0.0026821,0.0026821,0.0026466,0.0026521,9456779.0
1573704000,0.0026521,0.0026538,0.0026309,0.0026423,7233215.0
1573718400,0.0026423,0.0026526,0.0025991,0.0026099,21321136.0
1573732800,0.0026099,0.0026449,0.0026049,0.002641,9336478.0
1573747200,0.002641,0.0026609,0.0026408,0.0026608,20434504.0
1573761600,0.0026608,0.0026862,0.0026452,0.002662,31662536.0
1573776000,0.002662,0.002677,0.0025909,0.0026104,27431611.0
1573790400,0.0026104,0.0026534,0.0025935,0.0026374,16754440.0
1573804800,0.0026374,0.0026783,0.0026199,0.0026519,16902098.0
1573819200,0.0026519,0.002676,0.0025767,0.0026101,57129783.0
1573833600,0.0026101,0.0026369,0.0025938,0.0026302,30454800.0
1573848000,0.0026302,0.00271,0.0026195,0.002658,47823932.0
1573862400,0.002658,0.0026748,0.0026382,0.0026483,11386304.0
1573876800,0.0026483,0.0026649,0.0026418,0.0026601,6178996.0
1573891200,0.0026601,0.0026699,0.0026216,0.0026244,64797525.0
1573905600,0.0026244,0.0026462,0.0026178,0.0026419,23978906.0
1573920000,0.0026419,0.0026469,0.0026169,0.0026258,33705553.0
1573934400,0.0026258,0.0027,0.0026164,0.0026606,44418429.0
1573948800,0.0026606,0.0026619,0.0026267,0.0026318,12045853.0
1573963200,0.0026318,0.0026388,0.0026186,0.0026186,14148328.0
1573977600,0.0026186,0.0026483,0.002609,0.002633,20809812.0
1573992000,0.002633,0.0026405,0.0026212,0.0026265,5760937.0
1574006400,0.0026265,0.002639,0.0026204,0.002639,6981023.0
1574020800,0.002639,0.00265,0.0025893,0.0026258,22022493.0
1574035200,0.0026258,0.0026262,0.0026066,0.002616,1272714.0
1574049600,0.002616,0.0026263,0.0026,0.002613,3491127.0
1574064000,0.002613,0.0026162,0.0025967,0.0025997,3615228.0
1574078400,0.0025997,0.002607,0.0025705,0.0025857,20205665.0
1574092800,0.0025857,0.0025857,0.0025002,0.002539,29189952.0
1574107200,0.002539,0.0026299,0.0025203,0.0025395,14429293.0
1574121600,0.0025395,0.0025395,0.0025048,0.0025087,6878771.0
1574136000,0.0025087,0.0025281,0.002507,0.002515,9586027.0
1574150400,0.002515,0.0025365,0.0024915,0.0025124,17666125.0
1574164800,0.0025124,0.0025233,0.0024883,0.0025049,10514138.0
1574179200,0.0025049,0.002525,0.002495,0.0025025,10228742.0
1574193600,0.0025025,0.0025293,0.002495,0.0025165,5993993.0
1574208000,0.0025165,0.0025338,0.0025104,0.0025338,11017807.0
1574222400,0.0025338,0.0025418,0.0025283,0.0025323,3263203.0
1574236800,0.0025323,0.0025411,0.0025203,0.0025297,5744152.0
1574251200,0.0025297,0.002556,0.0025236,0.0025409,8608823.0
1574265600,0.0025409,0.0025574,0.0025095,0.0025275,8342308.0
1574280000,0.0025275,0.00259,0.0025065,0.0025225,14349827.0
1574294400,0.0025225,0.0025302,0.0025019,0.0025093,12869533.0
1574308800,0.0025093,0.0025156,0.0024796,0.0024886,12964283.0
1574323200,0.0024886,0.0024941,0.0023954,0.0024078,24523378.0
1574337600,0.0024078,0.00242,0.0023,0.0023583,23343897.0
1574352000,0.0023583,0.0024458,0.0023583,0.0023812,23301683.0
1574366400,0.0023812,0.0024368,0.002349,0.0024063,42841885.0
1574380800,0.0024063,0.0024426,0.0024029,0.0024072,4392848.0
1574395200,0.0024072,0.0024074,0.0023511,0.0023899,8416669.0
1574409600,0.0023899,0.0024249,0.0022201,0.0022714,63620796.0
1574424000,0.0022714,0.0024154,0.0021733,0.0022858,36453229.0
1574438400,0.0022858,0.0023483,0.0022753,0.0023389,23138501.0
1574452800,0.0023389,0.0024051,0.002313,0.0023524,29504738.0
1574467200,0.0023524,0.002355,0.0023083,0.0023415,4061568.0
1574481600,0.0023415,0.0023482,0.0023053,0.0023056,3386935.0
1574496000,0.0023056,0.0023304,0.0022612,0.0023257,48220516.0
1574510400,0.0023257,0.0024,0.0023229,0.00238,35094301.0
1574524800,0.00238,0.0023864,0.0023301,0.0023428,25653361.0
1574539200,0.0023428,0.0024,0.0023265,0.0023994,56075186.0
1574553600,0.0023994,0.0023994,0.0023363,0.0023451,16146502.0
1574568000,0.0023451,0.0023699,0.0023256,0.0023549,6401491.0
1574582400,0.0023549,0.0023668,0.002325,0.0023449,12239312.0
1574596800,0.0023449,0.002349,0.002256,0.0022683,21269862.0
1574611200,0.0022683,0.002297,0.00224,0.002297,34674736.0
1574625600,0.002297,0.0023197,0.0022323,0.002233,25941897.0
1574640000,0.002233,0.0022375,0.0021851,0.0022019,9413730.0
1574654400,0.0022019,0.0022019,0.002081,0.0021558,55385136.0
1574668800,0.0021558,0.0022919,0.0021396,0.0022374,32185993.0
1574683200,0.0022374,0.0023206,0.002231,0.0022853,27461462.0
1574697600,0.0022853,0.0022996,0.002244,0.0022518,16617292.0
1574712000,0.0022518,0.0023011,0.0022344,0.0022539,9637199.0
1574726400,0.0022539,0.0022859,0.0022462,0.0022821,4717533.0
1574740800,0.0022821,0.0023128,0.0022573,0.002262,4713693.0
1574755200,0.002262,0.0022861,0.0022267,0.0022629,13257588.0
1574769600,0.0022629,0.0022644,0.0022282,0.002247,10275673.0
1574784000,0.002247,0.0022653,0.002229,0.0022434,3371220.0
1574798400,0.0022434,0.002276,0.0022381,0.0022663,10322798.0
1574812800,0.0022663,0.0022788,0.00225,0.0022505,8818282.0
1574827200,0.0022505,0.0022648,0.0022287,0.0022475,9667091.0
1574841600,0.0022475,0.0022868,0.0021866,0.0022765,16777786.0
1574856000,0.0022765,0.0023125,0.00225,0.0022829,18538413.0
1574870400,0.0022829,0.00236,0.002268,0.0023238,37106316.0
1574884800,0.0023238,0.0023415,0.0023049,0.0023208,7379872.0
1574899200,0.0023208,0.0023369,0.002289,0.002305,13043881.0
1574913600,0.002305,0.00236,0.0022979,0.0023207,19174242.0
1574928000,0.0023207,0.0023217,0.0022842,0.0022976,19444975.0
1574942400,0.0022976,0.0023317,0.0022816,0.0023317,15298360.0
1574956800,0.0023317,0.002333,0.0023093,0.0023289,11564166.0
1574971200,0.0023289,0.002338,0.0022614,0.002272,19903825.0
1574985600,0.002272,0.0023281,0.002272,0.0023281,10869521.0
1575000000,0.0023281,0.0023281,0.0022903,0.002312,5371174.0
1575014400,0.002312,0.0023333,0.0023008,0.0023082,21421785.0
1575028800,0.0023082,0.0023733,0.00229,0.0023521,32935986.0
1575043200,0.0023521,0.0023698,0.0023243,0.0023414,13625207.0
1575057600,0.0023414,0.00236,0.002327,0.0023593,14215251.0
1575072000,0.0023593,0.00236,0.0023216,0.0023287,5139651.0
1575086400,0.0023287,0.0023607,0.00232,0.0023607,12289568.0
1575100800,0.0023607,0.0023607,0.0023307,0.002342,12569243.0
1575115200,0.002342,0.0023493,0.0022838,0.002297,15236881.0
1575129600,0.002297,0.0023201,0.0022711,0.0022899,8362314.0
1575144000,0.0022899,0.0023254,0.002277,0.0022918,5725767.0
1575158400,0.0022918,0.0023041,0.0022323,0.0022499,12261996.0
1575172800,0.0022499,0.0022762,0.0022451,0.0022567,5800845.0
1575187200,0.0022567,0.0022765,0.002236,0.00226,8236782.0
1575201600,0.00226,0.0022908,0.0022441,0.0022518,12486569.0
1575216000,0.0022518,0.0022746,0.0022403,0.0022528,13791857.0
1575230400,0.0022528,0.0022875,0.002244,0.0022648,19290516.0
1575244800,0.0022648,0.0022708,0.0022367,0.0022607,4553057.0
1575259200,0.0022607,0.0022694,0.0022099,0.0022261,12950143.0
1575273600,0.0022261,0.0022644,0.00221,0.0022457,6178633.0
1575288000,0.0022457,0.0022457,0.0021901,0.002214,18557112.0
1575302400,0.002214,0.0022208,0.0021588,0.002183,96546388.0
1575316800,0.002183,0.0022499,0.0021675,0.0022194,24961072.0
1575331200,0.0022194,0.0022366,0.0021719,0.0021773,78921905.0
1575345600,0.0021773,0.0021946,0.0021656,0.0021852,22153440.0
1575360000,0.0021852,0.0021895,0.0021504,0.002165,32234494.0
1575374400,0.002165,0.0021992,0.0021591,0.0021881,24881473.0
1575388800,0.0021881,0.0022138,0.002174,0.0021796,22346605.0
1575403200,0.0021796,0.0021915,0.002169,0.0021782,8822296.0
1575417600,0.0021782,0.0021782,0.0021123,0.0021296,81685665.0
1575432000,0.0021296,0.002192,0.002122,0.0021451,31707870.0
1575446400,0.0021451,0.002161,0.0021365,0.0021456,38033782.0
1575460800,0.0021456,0.002245,0.0021446,0.0021885,60000039.0
1575475200,0.0021885,0.0021957,0.0021708,0.0021927,12621983.0
1575489600,0.0021927,0.00222,0.0021128,0.0021682,35262375.0
1575504000,0.0021682,0.0021814,0.0021458,0.0021459,11621029.0
1575518400,0.0021459,0.0021833,0.0021437,0.0021469,7235091.0
1575532800,0.0021469,0.002183,0.0021469,0.0021751,12300663.0
1575547200,0.0021751,0.002193,0.0021554,0.0021651,14719878.0
1575561600,0.0021651,0.0021942,0.0021644,0.0021872,11912974.0
1575576000,0.0021872,0.0022199,0.0021406,0.0021755,17460962.0
1575590400,0.0021755,0.002183,0.0021513,0.0021515,6832223.0
1575604800,0.0021515,0.0021647,0.0021348,0.0021391,20855859.0
1575619200,0.0021391,0.0021603,0.0021191,0.0021325,31512068.0
1575633600,0.0021325,0.0021483,0.0021001,0.002135,27199174.0
1575648000,0.002135,0.002175,0.0021142,0.0021515,18599134.0
1575662400,0.0021515,0.0022416,0.0021497,0.0021944,27924755.0
1575676800,0.0021944,0.00223,0.0021799,0.0021999,11773386.0
1575691200,0.0021999,0.0022139,0.0021768,0.0021828,5468951.0
1575705600,0.0021828,0.0022,0.0021601,0.0021757,16552797.0
1575720000,0.0021757,0.0022504,0.0021757,0.0021985,11775715.0
1575734400,0.0021985,0.0022222,0.0021867,0.0021976,5616529.0
1575748800,0.0021976,0.0022504,0.0021835,0.002184,10547793.0
1575763200,0.002184,0.0021902,0.0021564,0.0021564,8748877.0
1575777600,0.0021564,0.0022268,0.00215,0.0021607,14858574.0
1575792000,0.0021607,0.0022499,0.0021524,0.0021827,10931780.0
1575806400,0.0021827,0.0022033,0.0021818,0.0021981,7685516.0
1575820800,0.0021981,0.0021988,0.0021833,0.0021834,5899206.0
1575835200,0.0021834,0.0022178,0.0021834,0.0021971,8669362.0
1575849600,0.0021971,0.0022026,0.002185,0.002187,5890349.0
1575864000,0.002187,0.0021981,0.00217,0.0021751,10288507.0
1575878400,0.0021751,0.0021829,0.0021632,0.0021751,8589564.0
1575892800,0.0021751,0.0022182,0.0021717,0.002175,16123817.0
1575907200,0.002175,0.0021898,0.0021732,0.0021779,8027301.0
1575921600,0.0021779,0.002189,0.0021624,0.0021699,7573617.0
1575936000,0.0021699,0.0021766,0.0021245,0.0021423,28576785.0
1575950400,0.0021423,0.002215,0.0021308,0.0021568,20052655.0
1575964800,0.0021568,0.0021876,0.00215,0.002184,25288917.0
1575979200,0.002184,0.0021918,0.00215,0.002156,14967615.0
1575993600,0.002156,0.0021813,0.00213,0.0021463,10444550.0
1576008000,0.0021463,0.0021679,0.0020903,0.0021368,16856469.0
1576022400,0.0021368,0.002173,0.0021216,0.00214,6904321.0
1576036800,0.00214,0.0021695,0.0021222,0.0021525,14586574.0
1576051200,0.0021525,0.00216,0.0021325,0.0021423,14625649.0
1576065600,0.0021423,0.002174,0.0021079,0.0021261,31102735.0
1576080000,0.0021261,0.0021433,0.0021191,0.00213,11160714.0
1576094400,0.00213,0.0021699,0.0021271,0.0021379,8074068.0
1576108800,0.0021379,0.0021515,0.0021166,0.00213,5332912.0
1576123200,0.00213,0.0021326,0.0021192,0.0021224,8585547.0
1576137600,0.0021224,0.0021688,0.002119,0.0021451,14207255.0
1576152000,0.0021451,0.0021589,0.0021223,0.0021433,13020174.0
1576166400,0.0021433,0.0021566,0.002125,0.0021422,7253355.0
1576180800,0.0021422,0.002168,0.002125,0.0021344,7321819.0
1576195200,0.0021344,0.0021627,0.0021223,0.0021371,21662101.0
1576209600,0.0021371,0.0021468,0.002122,0.0021357,14898551.0
1576224000,0.0021357,0.0021593,0.0021216,0.0021346,14128393.0
1576238400,0.0021346,0.0022245,0.0021337,0.002149,21923273.0
1576252800,0.002149,0.00216,0.0021322,0.0021481,9510157.0
1576267200,0.0021481,0.0021497,0.0021051,0.0021321,23110714.0
1576281600,0.0021321,0.0021522,0.0021179,0.0021415,7578416.0
1576296000,0.0021415,0.0021571,0.0021409,0.0021446,9540025.0
1576310400,0.0021446,0.0021548,0.002128,0.0021347,11617979.0
1576324800,0.0021347,0.0022933,0.0021084,0.0021151,31399528.0
1576339200,0.0021151,0.0021166,0.002048,0.0021107,16860017.0
1576353600,0.0021107,0.0021445,0.0020692,0.0021127,20349632.0
1576368000,0.0021127,0.0021127,0.0020975,0.0021063,6541095.0
1576382400,0.0021063,0.0021285,0.0020938,0.0021283,9558911.0
1576396800,0.0021283,0.0021894,0.0021212,0.0021316,18064855.0
1576411200,0.0021316,0.0022,0.002119,0.00214,11083447.0
1576425600,0.00214,0.0021458,0.0021188,0.0021329,4810116.0
1576440000,0.0021329,0.002146,0.0021227,0.0021363,11132306.0
1576454400,0.0021363,0.0021429,0.0021227,0.0021262,7060029.0
1576468800,0.0021262,0.0021318,0.0021174,0.0021291,11709057.0
1576483200,0.0021291,0.0021358,0.0021186,0.0021323,11294078.0
1576497600,0.0021323,0.0021544,0.0021045,0.002135,18816216.0
1576512000,0.002135,0.0021453,0.0020781,0.0020939,25657954.0
1576526400,0.0020939,0.002177,0.0020705,0.002087,25277041.0
1576540800,0.002087,0.002087,0.0020632,0.0020699,6887376.0
1576555200,0.0020699,0.0021318,0.0020655,0.0020746,22450415.0
1576569600,0.0020746,0.0020906,0.0020601,0.0020756,21705835.0
1576584000,0.0020756,0.002077,0.0019793,0.002009,68533979.0
1576598400,0.002009,0.0020233,0.0019574,0.0019574,63778795.0
1576612800,0.0019574,0.00204,0.0019349,0.0019772,26416541.0
1576627200,0.0019772,0.0019981,0.0019651,0.0019814,8851111.0
1576641600,0.0019814,0.0020003,0.0019459,0.0019518,25655856.0
1576656000,0.0019518,0.0019792,0.0019406,0.0019544,41191545.0
1576670400,0.0019544,0.0019981,0.0019,0.0019419,215208658.0
1576684800,0.0019419,0.0019989,0.0019235,0.001977,103210416.0
1576699200,0.001977,0.0020868,0.001973,0.0020483,50324682.0
1576713600,0.0020483,0.00218,0.0019819,0.0020332,33712653.0
1576728000,0.0020332,0.0020335,0.002003,0.0020105,9995852.0
1576742400,0.0020105,0.0020297,0.0019969,0.0020149,14119226.0
1576756800,0.0020149,0.0020335,0.0019971,0.0020173,15669000.0
1576771200,0.0020173,0.0020273,0.0019925,0.0020138,7382412.0
1576785600,0.0020138,0.00207,0.0020068,0.0020205,11025937.0
1576800000,0.0020205,0.0020245,0.0020007,0.0020146,6335537.0
1576814400,0.0020146,0.002065,0.0019933,0.0020241,16055562.0
1576828800,0.0020241,0.0020282,0.0020071,0.0020249,8456635.0
1576843200,0.0020249,0.0020464,0.0020101,0.002032,11089964.0
1576857600,0.002032,0.0020625,0.002025,0.0020412,10410800.0
1576872000,0.0020412,0.0020628,0.0020234,0.0020273,6624347.0
1576886400,0.0020273,0.0020411,0.00202,0.0020271,12941339.0
1576900800,0.0020271,0.0020324,0.0020154,0.0020242,10548239.0
1576915200,0.0020242,0.0020499,0.0020091,0.002023,20397633.0
1576929600,0.002023,0.0020676,0.00202,0.0020491,18894169.0
1576944000,0.0020491,0.002061,0.0020296,0.0020446,13569389.0
1576958400,0.0020446,0.0020468,0.0020327,0.00204,6720138.0
1576972800,0.00204,0.0020454,0.0020237,0.0020272,6008689.0
1576987200,0.0020272,0.0020442,0.0020204,0.0020396,6612788.0
1577001600,0.0020396,0.00205,0.00202,0.0020371,11323772.0
1577016000,0.0020371,0.0020525,0.0020363,0.0020374,6669668.0
1577030400,0.0020374,0.0020859,0.0020374,0.0020637,56121053.0
1577044800,0.0020637,0.0020827,0.0020599,0.0020808,10781905.0
1577059200,0.0020808,0.0021261,0.0020435,0.0020961,39272412.0
1577073600,0.0020961,0.0021023,0.0020682,0.0020768,13118109.0
1577088000,0.0020768,0.002082,0.0020557,0.0020628,12811591.0
1577102400,0.0020628,0.0020814,0.0020583,0.0020639,44640598.0
1577116800,0.0020639,0.0020809,0.0020308,0.002047,49615659.0
1577131200,0.002047,0.0020584,0.0020276,0.002051,27908003.0
1577145600,0.002051,0.002051,0.00203,0.0020328,8370514.0
1577160000,0.0020328,0.0020546,0.0020267,0.0020267,13753917.0
1577174400,0.0020267,0.0020443,0.0020198,0.0020374,9870057.0
1577188800,0.0020374,0.00205,0.0020208,0.0020288,9305737.0
1577203200,0.0020288,0.0020314,0.002002,0.0020206,12700097.0
1577217600,0.0020206,0.0020298,0.0020136,0.0020184,7042099.0
1577232000,0.0020184,0.0020184,0.0020005,0.0020064,14362204.0
1577246400,0.0020064,0.0020299,0.002,0.0020104,20092795.0
1577260800,0.0020104,0.0020244,0.0019983,0.0020082,15910965.0
1577275200,0.0020082,0.0020179,0.001996,0.0020087,17205156.0
1577289600,0.0020087,0.0020301,0.0019938,0.0020239,24620132.0
1577304000,0.0020239,0.0020591,0.0020239,0.00204,16660186.0
1577318400,0.00204,0.0020492,0.0020285,0.0020377,10127141.0
1577332800,0.0020377,0.00204,0.0020155,0.0020241,10158247.0
1577347200,0.0020241,0.0020545,0.002021,0.0020253,10149466.0
1577361600,0.0020253,0.002034,0.002021,0.0020262,5842253.0
1577376000,0.0020262,0.0020526,0.0020191,0.0020259,21373611.0
1577390400,0.0020259,0.0020365,0.0020013,0.0020245,24180788.0
1577404800,0.0020245,0.0020399,0.002003,0.0020121,37569348.0
1577419200,0.0020121,0.0020156,0.002,0.002005,6786953.0
1577433600,0.002005,0.0020169,0.0019953,0.0019953,15034547.0
1577448000,0.0019953,0.0020329,0.0019901,0.0020215,21274740.0
1577462400,0.0020215,0.0020292,0.001998,0.0020083,40975708.0
1577476800,0.0020083,0.0020426,0.0020083,0.0020277,23605070.0
1577491200,0.0020277,0.0020624,0.0020277,0.0020551,10959057.0
1577505600,0.0020551,0.0020597,0.0020401,0.0020401,8639170.0
1577520000,0.0020401,0.0020414,0.0020279,0.0020325,5691370.0
1577534400,0.0020325,0.002049,0.0020288,0.0020409,11406524.0
1577548800,0.0020409,0.0020593,0.0020376,0.0020448,6797820.0
1577563200,0.0020448,0.0020546,0.0020387,0.0020458,4907063.0
1577577600,0.0020458,0.0020533,0.0020259,0.0020305,12281182.0
1577592000,0.0020305,0.0020426,0.0020301,0.0020355,4287505.0
1577606400,0.0020355,0.0020609,0.0020263,0.0020275,6574048.0
1577620800,0.0020275,0.002059,0.0020275,0.0020515,11720400.0
1577635200,0.0020515,0.002059,0.0020361,0.0020544,5280242.0
1577649600,0.0020544,0.0020547,0.0020289,0.0020329,10385302.0
1577664000,0.0020329,0.0020405,0.0020202,0.0020373,12272154.0
1577678400,0.0020373,0.0020585,0.0020302,0.0020413,18603742.0
1577692800,0.0020413,0.0020417,0.0020235,0.0020293,9550993.0
1577707200,0.0020293,0.0020384,0.002021,0.002021,8317961.0
1577721600,0.002021,0.00204,0.0020124,0.0020145,12673144.0
1577736000,0.0020145,0.0020365,0.0020123,0.0020264,15331925.0
1577750400,0.0020264,0.0020299,0.0020123,0.0020166,5616224.0
1577764800,0.0020166,0.0020289,0.0020123,0.00202,4193583.0
1577779200,0.00202,0.0020246,0.0020112,0.0020224,14457037.0
1577793600,0.0020224,0.0020286,0.0019862,0.0019915,23340502.0
1577808000,0.0019915,0.0020229,0.001989,0.002017,73695477.0
1577822400,0.002017,0.002028,0.0019979,0.0020135,9780486.0
1577836800,0.0020135,0.0020359,0.0020083,0.0020097,9949717.0
1577851200,0.0020097,0.0020301,0.0020046,0.0020079,1705850.0
1577865600,0.0020079,0.0020136,0.0020001,0.002012,4030898.0
1577880000,0.002012,0.0020191,0.0020071,0.0020191,2448515.0
1577894400,0.0020191,0.0020382,0.0020191,0.0020325,9386996.0
1577908800,0.0020325,0.002039,0.0020224,0.0020245,3940892.0
1577923200,0.0020245,0.0020301,0.0020011,0.0020045,19027099.0
1577937600,0.0020045,0.00204,0.002001,0.0020059,50256441.0
1577952000,0.0020059,0.00203,0.002003,0.0020195,6216730.0
1577966400,0.0020195,0.0020201,0.0019877,0.0020057,17286466.0
1577980800,0.0020057,0.002022,0.0019485,0.0019771,62679627.0
1577995200,0.0019771,0.0020205,0.00197,0.0019951,36420946.0
1578009600,0.0019951,0.0019986,0.0019675,0.0019731,17818654.0
1578024000,0.0019731,0.0020358,0.001972,0.0020107,24580181.0
1578038400,0.0020107,0.0020254,0.002,0.0020211,28717010.0
1578052800,0.0020211,0.00203,0.0020068,0.00203,14355603.0
1578067200,0.00203,0.0020359,0.0020114,0.0020199,16256106.0
1578081600,0.0020199,0.0020275,0.0020138,0.0020236,7278160.0
1578096000,0.0020236,0.0020529,0.0020185,0.0020393,28461545.0
1578110400,0.0020393,0.0021035,0.002015,0.0020462,28619897.0
1578124800,0.0020462,0.00207,0.0020243,0.0020553,24444234.0
1578139200,0.0020553,0.002064,0.0020415,0.0020535,18600044.0
1578153600,0.0020535,0.0020737,0.0020416,0.002055,14573697.0
1578168000,0.002055,0.002064,0.0020471,0.0020579,8769192.0
1578182400,0.0020579,0.0020762,0.0020361,0.0020588,14689275.0
1578196800,0.0020588,0.0020833,0.0020508,0.0020747,11586651.0
1578211200,0.0020747,0.0020747,0.0020605,0.0020649,8611030.0
1578225600,0.0020649,0.0020786,0.0020649,0.002073,8057108.0
1578240000,0.002073,0.0020922,0.002073,0.0020822,9786865.0
1578254400,0.0020822,0.0020842,0.0020501,0.0020696,13706218.0
1578268800,0.0020696,0.0021103,0.0020692,0.0021045,11324749.0
1578283200,0.0021045,0.0021164,0.0020864,0.0020904,12295896.0
1578297600,0.0020904,0.0021197,0.0020866,0.0021032,17003861.0
1578312000,0.0021032,0.0021293,0.0021022,0.0021111,29447535.0
1578326400,0.0021111,0.002115,0.0020976,0.0021039,13441560.0
1578340800,0.0021039,0.0021345,0.0020915,0.0021344,24993438.0
1578355200,0.0021344,0.0021625,0.0021304,0.0021481,14162734.0
1578369600,0.0021481,0.0021546,0.0021271,0.0021419,7128372.0
1578384000,0.0021419,0.0021621,0.0021224,0.0021506,10888880.0
1578398400,0.0021506,0.0021506,0.00211,0.0021163,32013273.0
1578412800,0.0021163,0.0021847,0.0021089,0.0021663,31021551.0
1578427200,0.0021663,0.0021844,0.0020777,0.002175,26255397.0
1578441600,0.002175,0.00222,0.0021643,0.0021867,59244125.0
1578456000,0.0021867,0.0022049,0.0021823,0.0021883,15355072.0
1578470400,0.0021883,0.0021968,0.0021711,0.0021852,16319318.0
1578484800,0.0021852,0.0022263,0.0021431,0.002155,69690477.0
1578499200,0.002155,0.0021618,0.002107,0.0021128,24592052.0
1578513600,0.0021128,0.0021129,0.0020701,0.0020886,20590592.0
1578528000,0.0020886,0.002095,0.0020642,0.0020756,17760453.0
1578542400,0.0020756,0.0021009,0.0020698,0.0020983,6843583.0
1578556800,0.0020983,0.0021268,0.0020862,0.0021189,15099374.0
1578571200,0.0021189,0.0021497,0.0021134,0.0021425,20848814.0
1578585600,0.0021425,0.0021507,0.002119,0.0021503,7872853.0
1578600000,0.0021503,0.0021633,0.0021106,0.0021282,12090003.0
1578614400,0.0021282,0.0021422,0.0021208,0.0021268,15863862.0
1578628800,0.0021268,0.0021379,0.0021131,0.002115,7156907.0
1578643200,0.002115,0.0021753,0.0020983,0.0021495,99683400.0
1578657600,0.0021495,0.002183,0.002143,0.002173,45522370.0
1578672000,0.002173,0.0021957,0.0021556,0.0021806,35538708.0
1578686400,0.0021806,0.0022024,0.0021678,0.0021973,18440360.0
1578700800,0.0021973,0.002225,0.0021888,0.0022126,31738021.0
1578715200,0.0022126,0.0022159,0.0021722,0.00218,10233198.0
1578729600,0.00218,0.0021948,0.0021708,0.0021794,14792078.0
1578744000,0.0021794,0.002195,0.0021738,0.0021856,11541876.0
1578758400,0.0021856,0.0022099,0.002183,0.0021979,16433462.0
1578772800,0.0021979,0.0022188,0.0021651,0.0021754,9485308.0
1578787200,0.0021754,0.0021926,0.002155,0.0021897,13740489.0
1578801600,0.0021897,0.0022001,0.0021807,0.0021938,7431327.0
1578816000,0.0021938,0.0022048,0.0021834,0.0022,10149443.0
1578830400,0.0022,0.0022121,0.0021925,0.0022073,6433490.0
1578844800,0.0022073,0.0022133,0.0021957,0.0022093,5174344.0
1578859200,0.0022093,0.0022131,0.0021963,0.0021963,6846077.0
1578873600,0.0021963,0.0022027,0.0021827,0.0021918,7893159.0
1578888000,0.0021918,0.0021947,0.0021798,0.002185,7509925.0
1578902400,0.002185,0.0022049,0.002185,0.0021995,6800017.0
1578916800,0.0021995,0.0022039,0.0021722,0.0021754,14503822.0
1578931200,0.0021754,0.0021862,0.0021667,0.0021692,21483976.0
1578945600,0.0021692,0.0021841,0.0021652,0.0021704,8477156.0
1578960000,0.0021704,0.002204,0.0021653,0.0022,60254638.0
1578974400,0.0022,0.002219,0.0021992,0.0022077,12895794.0
1578988800,0.0022077,0.0022239,0.0021935,0.0022239,25559001.0
1579003200,0.0022239,0.0022669,0.002206,0.0022419,48187593.0
1579017600,0.0022419,0.0023955,0.00221,0.0023314,103057031.0
1579032000,0.0023314,0.0023601,0.0023222,0.0023581,47656151.0
1579046400,0.0023581,0.002408,0.0023358,0.00239,56684011.0
1579060800,0.00239,0.0024913,0.0023204,0.002341,49563641.0
1579075200,0.002341,0.002426,0.0023327,0.002411,37354065.0
1579089600,0.002411,0.0024872,0.002401,0.0024457,42897967.0
1579104000,0.0024457,0.0024542,0.0024005,0.0024259,22198832.0
1579118400,0.0024259,0.002439,0.0023507,0.0023669,54206538.0
1579132800,0.0023669,0.0023768,0.0022871,0.0022968,25281734.0
1579147200,0.0022968,0.0023427,0.0022919,0.0023368,13833711.0
1579161600,0.0023368,0.0023438,0.0023086,0.0023356,12401394.0
1579176000,0.0023356,0.0023483,0.0023166,0.0023238,17353796.0
1579190400,0.0023238,0.0023344,0.0023112,0.002323,9330604.0
1579204800,0.002323,0.0023372,0.0023201,0.0023276,20382750.0
1579219200,0.0023276,0.0023414,0.0023159,0.0023372,12886555.0
1579233600,0.0023372,0.0023876,0.002337,0.0023754,43977416.0
1579248000,0.0023754,0.00241,0.0023661,0.0024021,52301106.0
1579262400,0.0024021,0.0024099,0.0023384,0.0023656,36281589.0
1579276800,0.0023656,0.0024979,0.0023594,0.0024956,97821032.0
1579291200,0.0024956,0.0025035,0.0024767,0.0024868,37120952.0
1579305600,0.0024868,0.0025102,0.0024781,0.0024986,46651207.0
1579320000,0.0024986,0.0025038,0.0024543,0.0024625,27175741.0
1579334400,0.0024625,0.0024825,0.0024441,0.0024749,21363783.0
1579348800,0.0024749,0.0024982,0.0024515,0.0024973,37633731.0
1579363200,0.0024973,0.00251,0.0024761,0.0025071,30880765.0
1579377600,0.0025071,0.0025225,0.0024941,0.0025115,27673480.0
1579392000,0.0025115,0.0025833,0.0025115,0.0025596,40942646.0
1579406400,0.0025596,0.0025748,0.0025464,0.0025487,11218350.0
1579420800,0.0025487,0.002572,0.0023929,0.0024167,54156524.0
1579435200,0.0024167,0.0024176,0.002345,0.0023636,26260639.0
1579449600,0.0023636,0.0023815,0.0023531,0.0023662,12378186.0
1579464000,0.0023662,0.0024,0.0023269,0.0023982,16055840.0
1579478400,0.0023982,0.0024029,0.0023604,0.002376,12385675.0
1579492800,0.002376,0.0023922,0.002373,0.0023884,7193755.0
1579507200,0.0023884,0.002427,0.0023687,0.0023815,16099539.0
1579521600,0.0023815,0.0023949,0.0023468,0.0023894,19740350.0
1579536000,0.0023894,0.002401,0.0023761,0.0023963,27995097.0
1579550400,0.0023963,0.0023963,0.0023625,0.002376,11712278.0
1579564800,0.002376,0.0023833,0.0023545,0.0023826,4404005.0
1579579200,0.0023826,0.0023927,0.0023652,0.002376,15523175.0
1579593600,0.002376,0.0023919,0.002372,0.0023825,6804047.0
1579608000,0.0023825,0.0023952,0.00236,0.0023757,51054530.0
1579622400,0.0023757,0.002379,0.0023206,0.0023338,20196356.0
1579636800,0.0023338,0.00238,0.0023315,0.0023673,32679462.0
1579651200,0.0023673,0.0023759,0.002339,0.002353,24357493.0
1579665600,0.002353,0.0023904,0.002352,0.0023598,12990939.0
1579680000,0.0023598,0.002373,0.0023431,0.0023473,16367218.0
1579694400,0.0023473,0.0023589,0.0023404,0.0023419,7341034.0
1579708800,0.0023419,0.0023589,0.0023419,0.0023447,5096542.0
1579723200,0.0023447,0.0023589,0.0023353,0.0023434,6050855.0
1579737600,0.0023434,0.0023478,0.0023221,0.002326,9287073.0
1579752000,0.002326,0.0023344,0.0023026,0.0023209,25316144.0
1579766400,0.0023209,0.002336,0.0022642,0.0022774,27781629.0
1579780800,0.0022774,0.0022859,0.0022562,0.0022749,19079660.0
1579795200,0.0022749,0.0022814,0.0022251,0.0022499,21916904.0
1579809600,0.0022499,0.0022579,0.002225,0.0022514,16806116.0
1579824000,0.0022514,0.0022658,0.0021968,0.0022395,15135688.0
1579838400,0.0022395,0.0022395,0.0022181,0.0022244,3592518.0
1579852800,0.0022244,0.0022644,0.002216,0.0022644,18054999.0
1579867200,0.0022644,0.0022885,0.0022513,0.0022762,17514289.0
1579881600,0.0022762,0.0022885,0.0022666,0.00228,9522401.0
1579896000,0.00228,0.0022826,0.0022582,0.0022698,9093534.0
1579910400,0.0022698,0.0022706,0.0022303,0.0022356,32412907.0
1579924800,0.0022356,0.0022556,0.0022301,0.0022354,11291471.0
1579939200,0.0022354,0.0022587,0.002229,0.0022423,11241304.0
1579953600,0.0022423,0.0022489,0.0022265,0.0022481,6209185.0
1579968000,0.0022481,0.0022589,0.0022335,0.0022589,9511091.0
1579982400,0.0022589,0.0022708,0.0022464,0.002251,3561994.0
1579996800,0.002251,0.002253,0.0022364,0.002253,2903336.0
1580011200,0.002253,0.0022687,0.0022448,0.0022535,4742759.0
1580025600,0.0022535,0.0022772,0.0022535,0.0022724,15663745.0
1580040000,0.0022724,0.0022793,0.0022553,0.0022553,10625196.0
1580054400,0.0022553,0.0023091,0.0022553,0.0022923,23896886.0
1580068800,0.0022923,0.0022988,0.0022841,0.0022854,4955754.0
1580083200,0.0022854,0.002305,0.0022854,0.002298,9579456.0
1580097600,0.002298,0.002302,0.002276,0.0022854,14582021.0
1580112000,0.0022854,0.0023414,0.002256,0.0023363,19191599.0
1580126400,0.0023363,0.0024271,0.0023282,0.0023896,85059226.0
1580140800,0.0023896,0.0024123,0.0023488,0.0023796,48028673.0
1580155200,0.0023796,0.0023906,0.0023593,0.0023594,13542978.0
1580169600,0.0023594,0.0024149,0.0023593,0.002385,26394105.0
1580184000,0.002385,0.0023952,0.0023657,0.0023865,11297222.0
1580198400,0.0023865,0.0024208,0.002378,0.0024051,16904672.0
1580212800,0.0024051,0.002406,0.00238,0.0023811,33440105.0
1580227200,0.0023811,0.002415,0.00235,0.0023605,19729842.0
1580241600,0.0023605,0.0024437,0.00236,0.0024412,25230389.0
1580256000,0.0024412,0.0024477,0.0024082,0.0024343,19405780.0
1580270400,0.0024343,0.00244,0.0024186,0.0024322,29723718.0
1580284800,0.0024322,0.0024475,0.002412,0.002418,19680734.0
1580299200,0.002418,0.002418,0.00239,0.0023911,19329757.0
1580313600,0.0023911,0.0024129,0.0023864,0.0024119,8252660.0
1580328000,0.0024119,0.0024176,0.002371,0.0023865,16792870.0
1580342400,0.0023865,0.0023894,0.0023644,0.00238,15423273.0
1580356800,0.00238,0.0024012,0.0023705,0.00239,6857844.0
1580371200,0.00239,0.0023936,0.002371,0.002387,8028845.0
1580385600,0.002387,0.0023992,0.0023764,0.0023987,13919477.0
1580400000,0.0023987,0.0024115,0.0023544,0.0023952,20850241.0
1580414400,0.0023952,0.0024243,0.0023952,0.002414,13214424.0
1580428800,0.002414,0.002445,0.002404,0.0024246,10780212.0
1580443200,0.0024246,0.0024329,0.0023931,0.0023952,11440654.0
1580457600,0.0023952,0.0024199,0.0023897,0.0024052,23484203.0
1580472000,0.0024052,0.00242,0.002362,0.0023773,26094117.0
1580486400,0.0023773,0.00242,0.0023753,0.0023799,22171074.0
1580500800,0.0023799,0.002401,0.00237,0.0023776,12485383.0
1580515200,0.0023776,0.002417,0.002373,0.0024008,14004699.0
1580529600,0.0024008,0.002417,0.002391,0.002405,10889602.0
1580544000,0.002405,0.0024062,0.0023812,0.0023868,12800978.0
1580558400,0.0023868,0.0023955,0.00238,0.0023873,8604285.0
1580572800,0.0023873,0.0024123,0.0023847,0.0024085,13431564.0
1580587200,0.0024085,0.002417,0.0023902,0.002417,10049651.0
1580601600,0.002417,0.0024225,0.0023985,0.0024183,23371765.0
1580616000,0.0024183,0.002454,0.0024088,0.0024435,31432290.0
1580630400,0.0024435,0.0024748,0.0024291,0.0024722,20674562.0
1580644800,0.0024722,0.0025018,0.00245,0.0024886,32766076.0
1580659200,0.0024886,0.0024886,0.00246,0.0024603,16032020.0
1580673600,0.0024603,0.0024705,0.0024398,0.0024406,15938074.0
1580688000,0.0024406,0.0024999,0.0024271,0.0024612,26592827.0
1580702400,0.0024612,0.0024639,0.002442,0.002455,10703242.0
1580716800,0.002455,0.0024608,0.0024152,0.0024363,17695582.0
1580731200,0.0024363,0.0024546,0.0024228,0.0024276,29481895.0
1580745600,0.0024276,0.0024485,0.0024149,0.0024208,48613080.0
1580760000,0.0024208,0.00243,0.0024133,0.0024156,14094767.0
1580774400,0.0024156,0.0024309,0.0024156,0.0024242,9682139.0
1580788800,0.0024242,0.0024286,0.0024023,0.002413,15043607.0
1580803200,0.002413,0.0024598,0.002398,0.0024576,37838836.0
1580817600,0.0024576,0.0024576,0.0024035,0.0024205,40152866.0
1580832000,0.0024205,0.00249,0.0024191,0.0024812,64086025.0
1580846400,0.0024812,0.0025178,0.00247,0.0025169,76519876.0
1580860800,0.0025169,0.0026101,0.0024999,0.0025863,145851142.0
1580875200,0.0025863,0.0026044,0.0025668,0.0025669,50358527.0
1580889600,0.0025669,0.0026023,0.0025363,0.002576,71317420.0
1580904000,0.002576,0.0025885,0.002547,0.0025885,54612677.0
1580918400,0.0025885,0.0026334,0.0025754,0.0026036,74259146.0
1580932800,0.0026036,0.0026186,0.0024723,0.0025826,60338832.0
1580947200,0.0025826,0.0026032,0.0025696,0.0026032,18903072.0
1580961600,0.0026032,0.0026667,0.0025941,0.0026606,38059498.0
1580976000,0.0026606,0.0026627,0.0026165,0.0026351,35969778.0
1580990400,0.0026351,0.002674,0.0026165,0.0026453,57983819.0
1581004800,0.0026453,0.0026742,0.002641,0.0026553,45607533.0
1581019200,0.0026553,0.0026896,0.002622,0.0026654,48787154.0
1581033600,0.0026654,0.0026799,0.002652,0.0026604,20862608.0
1581048000,0.0026604,0.0026966,0.00265,0.002695,53344953.0
1581062400,0.002695,0.0027482,0.0026767,0.0027155,60647530.0
1581076800,0.0027155,0.0027587,0.0027057,0.0027116,52966865.0
1581091200,0.0027116,0.0027756,0.0027048,0.002771,38226661.0
1581105600,0.002771,0.0028,0.0027523,0.0027888,40920456.0
1581120000,0.0027888,0.0028217,0.0027214,0.0027465,72212895.0
1581134400,0.0027465,0.0028986,0.0027375,0.0028843,128309065.0
1581148800,0.0028843,0.003023,0.0028819,0.00296,201800448.0
1581163200,0.00296,0.0032674,0.00296,0.003164,339563575.0
1581177600,0.003164,0.0032484,0.0030462,0.0031422,281223876.0
1581192000,0.0031422,0.0032,0.0031125,0.003171,99844309.0
1581206400,0.003171,0.0033283,0.0031595,0.0033279,134318122.0
1581220800,0.0033279,0.00489,0.0033019,0.00335,514093190.0
1581235200,0.00335,0.0035,0.003332,0.0034115,191719427.0
1581249600,0.0034115,0.0034122,0.003078,0.0032034,225524727.0
1581264000,0.0032034,0.003288,0.0031212,0.0031541,159431412.0
1581278400,0.0031541,0.0032465,0.0031388,0.0032235,82374370.0
1581292800,0.0032235,0.0032819,0.0031117,0.0031389,80364670.0
1581307200,0.0031389,0.0031659,0.0029642,0.0030909,206626553.0
1581321600,0.0030909,0.0030978,0.0029513,0.002964,116641140.0
1581336000,0.002964,0.0030597,0.0028417,0.0030363,261660032.0
1581350400,0.0030363,0.0030363,0.0029042,0.0029441,97048371.0
1581364800,0.0029441,0.0029783,0.002919,0.0029663,48440298.0
1581379200,0.0029663,0.00298,0.0028626,0.0028941,110144237.0
1581393600,0.0028941,0.0029253,0.0028388,0.0028998,95485050.0
1581408000,0.0028998,0.00295,0.002864,0.0029471,52582888.0
1581422400,0.0029471,0.0030864,0.0029429,0.0030829,106159533.0
1581436800,0.0030829,0.0030946,0.00298,0.003055,147317842.0
1581451200,0.003055,0.0030553,0.003008,0.00303,73135314.0
1581465600,0.00303,0.0031224,0.003,0.003104,103700763.0
1581480000,0.003104,0.0031568,0.00306,0.0031227,157995456.0
1581494400,0.0031227,0.0031227,0.0030495,0.0031151,74410970.0
1581508800,0.0031151,0.0031525,0.003079,0.0030941,96892974.0
1581523200,0.0030941,0.0031129,0.0030619,0.0030918,96001444.0
1581537600,0.0030918,0.0031028,0.0030452,0.0030589,92221227.0
1581552000,0.0030589,0.0031713,0.0030506,0.0031258,82794603.0
1581566400,0.0031258,0.00321,0.0030929,0.0030929,124505868.0
1581580800,0.0030929,0.003112,0.0029443,0.0029949,161970044.0
1581595200,0.0029949,0.0031097,0.002974,0.0030605,95850555.0
1581609600,0.0030605,0.003065,0.002978,0.0030222,62739474.0
1581624000,0.0030222,0.0030675,0.0029771,0.0030132,42292302.0
1581638400,0.0030132,0.0030264,0.0029756,0.0030264,14081880.0
1581652800,0.0030264,0.0030653,0.002995,0.002997,72643044.0
1581667200,0.002997,0.00307,0.0029811,0.0030474,44506601.0
1581681600,0.0030474,0.0030855,0.0030404,0.00307,39442075.0
1581696000,0.00307,0.0031383,0.0030663,0.0031183,92578531.0
1581710400,0.0031183,0.0031258,0.00309,0.0031067,42263448.0
1581724800,0.0031067,0.0031769,0.0030979,0.0031238,41853074.0
1581739200,0.0031238,0.0031238,0.003067,0.0030892,31702486.0
1581753600,0.0030892,0.0031266,0.0030666,0.0030976,25116010.0
1581768000,0.0030976,0.0031039,0.002985,0.002992,52828878.0
1581782400,0.002992,0.0030238,0.00284,0.0028915,123649195.0
1581796800,0.0028915,0.0029686,0.0028814,0.0029031,45222366.0
1581811200,0.0029031,0.0029621,0.0028761,0.0029,47681902.0
1581825600,0.0029,0.0029062,0.0028774,0.0028898,42298561.0
1581840000,0.0028898,0.0029362,0.0028723,0.002881,44754899.0
1581854400,0.002881,0.0028879,0.0027396,0.002752,134807988.0
1581868800,0.002752,0.0027686,0.0026023,0.002656,119295498.0
1581883200,0.002656,0.002754,0.0026129,0.0027522,29007415.0
1581897600,0.0027522,0.0027561,0.002663,0.0026727,35099298.0
1581912000,0.0026727,0.0026774,0.00262,0.0026447,49680295.0
1581926400,0.0026447,0.0026844,0.002579,0.0025877,58269839.0
1581940800,0.0025877,0.0026457,0.0025241,0.0026221,57406526.0
1581955200,0.0026221,0.0026912,0.0026038,0.0026809,56490303.0
1581969600,0.0026809,0.0027,0.0026602,0.0026999,16841536.0
1581984000,0.0026999,0.0027321,0.0026538,0.002709,24452008.0
1581998400,0.002709,0.0027974,0.002709,0.002784,70552111.0
1582012800,0.002784,0.0028217,0.0027561,0.0027578,60883036.0
1582027200,0.0027578,0.0027644,0.002701,0.0027419,66407988.0
1582041600,0.0027419,0.002803,0.0027419,0.0027919,70638830.0
1582056000,0.0027919,0.0028656,0.0027916,0.0028286,51087701.0
1582070400,0.0028286,0.0028615,0.0028077,0.002844,15171290.0
1582084800,0.002844,0.002844,0.002781,0.0027848,35307897.0
1582099200,0.0027848,0.0028299,0.0027846,0.002813,17683841.0
1582113600,0.002813,0.002813,0.002813,0.002813,0.0
1582128000,0.002813,0.0028237,0.0027997,0.002801,22937517.0
1582142400,0.002801,0.002801,0.0025623,0.0026085,64907017.0
1582156800,0.0026085,0.0026575,0.0026013,0.0026297,29572931.0
1582171200,0.0026297,0.00264,0.0026073,0.0026287,14257671.0
1582185600,0.0026287,0.0026363,0.0025771,0.0025922,73837158.0
1582200000,0.0025922,0.0026273,0.0025665,0.0026015,27286364.0
1582214400,0.0026015,0.0029909,0.0025415,0.0026145,93078116.0
1582228800,0.0026145,0.0026822,0.0026136,0.002653,30044383.0
1582243200,0.002653,0.0026786,0.0026212,0.0026661,18965743.0
1582257600,0.0026661,0.0026884,0.00263,0.0026723,26648497.0
1582272000,0.0026723,0.0026843,0.00262,0.0026757,16210275.0
1582286400,0.0026757,0.002712,0.0026634,0.0026676,18658015.0
1582300800,0.0026676,0.00268,0.0026277,0.0026354,41637093.0
1582315200,0.0026354,0.00267,0.0025891,0.0026481,30994290.0
1582329600,0.0026481,0.0026533,0.0026301,0.0026427,6165845.0
1582344000,0.0026427,0.0026427,0.0025965,0.002602,8826933.0
1582358400,0.002602,0.0026165,0.0025901,0.0026101,22111194.0
1582372800,0.0026101,0.0026411,0.0025899,0.0025958,33234873.0
1582387200,0.0025958,0.0026042,0.0025719,0.0026007,25530783.0
1582401600,0.0026007,0.0026076,0.0025857,0.0025887,11863438.0
1582416000,0.0025887,0.0026364,0.0025887,0.0026364,3894558.0
1582430400,0.0026364,0.0026762,0.0026364,0.002651,26942313.0
1582444800,0.002651,0.0026736,0.0026368,0.0026416,13795110.0
1582459200,0.0026416,0.0026673,0.0026335,0.0026499,16446598.0
1582473600,0.0026499,0.0026676,0.0026448,0.0026448,11445143.0
1582488000,0.0026448,0.00268,0.0026412,0.0026772,12634467.0
1582502400,0.0026772,0.0026822,0.0025841,0.0025945,21847660.0
1582516800,0.0025945,0.00261,0.0025777,0.0025881,7475329.0
1582531200,0.0025881,0.0026457,0.0025881,0.0026345,9431569.0
1582545600,0.0026345,0.0026412,0.0025965,0.0026,22626510.0
1582560000,0.0026,0.0026141,0.0025436,0.0025958,46568232.0
1582574400,0.0025958,0.002604,0.0025664,0.0025769,15822552.0
1582588800,0.0025769,0.0025831,0.0025505,0.0025654,11591170.0
1582603200,0.0025654,0.0025719,0.0025419,0.0025509,14902735.0
1582617600,0.0025509,0.002556,0.0024591,0.0025476,42806681.0
1582632000,0.0025476,0.0025563,0.0024326,0.0024382,116454127.0
1582646400,0.0024382,0.0025106,0.0023977,0.0025041,61725012.0
1582660800,0.0025041,0.00251,0.0024699,0.0024734,9139573.0
1582675200,0.0024734,0.0024864,0.002391,0.002398,42098782.0
1582689600,0.002398,0.0024177,0.0023763,0.002388,18633154.0
1582704000,0.002388,0.0024001,0.0023413,0.002369,82238128.0
1582718400,0.002369,0.0024242,0.0023141,0.0023321,54400226.0
1582732800,0.0023321,0.0023377,0.0021862,0.0022837,89595784.0
1582747200,0.0022837,0.0023651,0.0022667,0.0023439,18750619.0
1582761600,0.0023439,0.0023439,0.0023,0.0023166,18830399.0
1582776000,0.0023166,0.0023857,0.0023,0.0023188,38927454.0
1582790400,0.0023188,0.0023385,0.0023085,0.0023265,18506127.0
1582804800,0.0023265,0.0023752,0.0023265,0.00236,17741566.0
1582819200,0.00236,0.0024164,0.0023284,0.0023828,51090452.0
1582833600,0.0023828,0.0023879,0.0023,0.0023255,19081170.0
1582848000,0.0023255,0.0023695,0.0023255,0.0023396,13832799.0
1582862400,0.0023396,0.0023589,0.0022793,0.0022793,10914351.0
1582876800,0.0022793,0.0023111,0.00224,0.0022597,16215725.0
1582891200,0.0022597,0.0022988,0.0022161,0.0022908,13855703.0
1582905600,0.0022908,0.002298,0.0022271,0.0022507,12787265.0
1582920000,0.0022507,0.00237,0.0022504,0.0022823,31470244.0
1582934400,0.0022823,0.0023107,0.0022806,0.0023065,8745508.0
1582948800,0.0023065,0.0023197,0.0022811,0.002285,10024548.0
1582963200,0.002285,0.0023119,0.0022804,0.0022876,11112289.0
1582977600,0.0022876,0.0023089,0.0022748,0.0022974,12920946.0
1582992000,0.0022974,0.0022974,0.0022477,0.0022537,21143336.0
1583006400,0.0022537,0.0022616,0.0022112,0.0022153,20452591.0
1583020800,0.0022153,0.002279,0.0022004,0.0022656,24432676.0
1583035200,0.0022656,0.0022708,0.0022314,0.0022403,4696242.0
1583049600,0.0022403,0.0022781,0.0022285,0.0022781,21288005.0
1583064000,0.0022781,0.0022989,0.0022366,0.0022488,14627705.0
1583078400,0.0022488,0.00231,0.0022102,0.0022695,44991551.0
1583092800,0.0022695,0.002286,0.0022526,0.0022794,6774155.0
1583107200,0.0022794,0.0022794,0.0022205,0.0022607,17157259.0
1583121600,0.0022607,0.002278,0.0022572,0.0022637,15731329.0
1583136000,0.0022637,0.0023467,0.0022624,0.0023055,16931839.0
1583150400,0.0023055,0.0023559,0.0023047,0.0023478,17343896.0
1583164800,0.0023478,0.0023792,0.0023334,0.00235,19155777.0
1583179200,0.00235,0.0023724,0.0023286,0.0023471,10129144.0
1583193600,0.0023471,0.002358,0.0023177,0.0023244,4470151.0
1583208000,0.0023244,0.0023356,0.0023082,0.0023156,5987078.0
1583222400,0.0023156,0.002489,0.0023117,0.0024812,97014474.0
1583236800,0.0024812,0.0025,0.0024036,0.002431,84530667.0
1583251200,0.002431,0.002447,0.0024149,0.0024361,37438109.0
1583265600,0.0024361,0.0025355,0.00243,0.0024985,46640639.0
1583280000,0.0024985,0.0025033,0.0024102,0.0024488,63088175.0
1583294400,0.0024488,0.0024699,0.00242,0.0024402,36801272.0
1583308800,0.0024402,0.0024696,0.0024079,0.00242,29907853.0
1583323200,0.00242,0.0024327,0.00237,0.0023863,28728385.0
1583337600,0.0023863,0.0024311,0.0023728,0.0024194,24963649.0
1583352000,0.0024194,0.002437,0.0023895,0.0024187,18098493.0
1583366400,0.0024187,0.0024975,0.0024187,0.0024598,14480174.0
1583380800,0.0024598,0.002471,0.00244,0.0024401,17589359.0
1583395200,0.0024401,0.002512,0.0024392,0.0024968,40589566.0
1583409600,0.0024968,0.0025106,0.0024812,0.0024883,19178848.0
1583424000,0.0024883,0.00253,0.0024837,0.0024999,14044512.0
1583438400,0.0024999,0.0025041,0.0024771,0.0024771,16336890.0
1583452800,0.0024771,0.0024859,0.0024543,0.0024739,4884126.0
1583467200,0.0024739,0.0024999,0.0024648,0.0024838,12148105.0
1583481600,0.0024838,0.0024943,0.0024704,0.0024883,14273185.0
1583496000,0.0024883,0.0024971,0.0024374,0.0024374,15414407.0
1583510400,0.0024374,0.0024692,0.0024374,0.002465,5781905.0
1583524800,0.002465,0.0024863,0.0024547,0.0024862,10801376.0
1583539200,0.0024862,0.002494,0.0024582,0.0024582,17671369.0
1583553600,0.0024582,0.0024662,0.002441,0.0024421,12161689.0
1583568000,0.0024421,0.0024582,0.0024388,0.002443,15237353.0
1583582400,0.002443,0.0024547,0.0024353,0.0024469,15760035.0
1583596800,0.0024469,0.0024698,0.0023922,0.0024028,43417538.0
1583611200,0.0024028,0.0024213,0.0023937,0.0024066,8083040.0
1583625600,0.0024066,0.0024066,0.002369,0.0023692,8478014.0
1583640000,0.0023692,0.0023715,0.0023409,0.002355,13794938.0
1583654400,0.002355,0.0023564,0.0023311,0.0023505,16751156.0
1583668800,0.0023505,0.0023538,0.0022278,0.0022558,43478974.0
1583683200,0.0022558,0.0022628,0.0022,0.0022336,43975054.0
1583697600,0.0022336,0.0022542,0.00215,0.0021671,54602522.0
1583712000,0.0021671,0.0022167,0.00215,0.0021749,23691248.0
1583726400,0.0021749,0.0021749,0.00208,0.00215,82580719.0
1583740800,0.00215,0.002214,0.0021494,0.0021586,28878272.0
1583755200,0.0021586,0.0021964,0.00212,0.00215,47233648.0
1583769600,0.00215,0.0022046,0.0021284,0.0021697,28792656.0
1583784000,0.0021697,0.0022269,0.002162,0.0022203,18604304.0
1583798400,0.0022203,0.0022299,0.0021714,0.0021838,21737163.0
1583812800,0.0021838,0.0022062,0.002162,0.0021801,30115214.0
1583827200,0.0021801,0.0022562,0.0021801,0.0022468,26868953.0
1583841600,0.0022468,0.0022641,0.0021533,0.0021794,49227368.0
1583856000,0.0021794,0.00221,0.0021668,0.0022055,66889413.0
1583870400,0.0022055,0.002227,0.0021937,0.0022053,30941416.0
1583884800,0.0022053,0.0022181,0.0021875,0.0022037,12178959.0
1583899200,0.0022037,0.0022063,0.0021804,0.0021965,14230251.0
1583913600,0.0021965,0.002218,0.0021653,0.0021803,16810732.0
1583928000,0.0021803,0.0021895,0.00215,0.0021541,15536286.0
1583942400,0.0021541,0.0021767,0.0020911,0.0021502,42568236.0
1583956800,0.0021502,0.0021811,0.002114,0.0021716,26735708.0
1583971200,0.0021716,0.0021805,0.002089,0.0021015,16631708.0
1583985600,0.0021015,0.0021105,0.0019701,0.0020004,96121209.0
1584000000,0.0020004,0.0020318,0.00149,0.0016612,174529130.0
1584014400,0.0016612,0.0017854,0.0015965,0.0017807,172840708.0
1584028800,0.0017807,0.0019041,0.0017477,0.0017939,132332328.0
1584043200,0.0017939,0.0018,0.0014003,0.0015996,178354913.0
1584057600,0.0015996,0.0016489,0.0011345,0.0015,145048858.0
1584072000,0.0015,0.0016009,0.0014235,0.0016008,44963617.0
1584086400,0.0016008,0.0016734,0.001532,0.0016229,47259243.0
1584100800,0.0016229,0.0017957,0.0015446,0.0016314,62328945.0
1584115200,0.0016314,0.0017296,0.0015091,0.0016909,53845154.0
1584129600,0.0016909,0.0017884,0.0016754,0.001746,19202131.0
1584144000,0.001746,0.0017743,0.0017016,0.0017614,11201133.0
1584158400,0.0017614,0.0017771,0.0017186,0.0017612,32560917.0
1584172800,0.0017612,0.001775,0.0016813,0.0017482,23106649.0
1584187200,0.0017482,0.0017494,0.0016597,0.0016818,58050204.0
1584201600,0.0016818,0.0017344,0.0016818,0.001708,57478375.0
1584216000,0.001708,0.0017183,0.001633,0.0016632,41833069.0
1584230400,0.0016632,0.0016973,0.0016449,0.0016631,16936990.0
1584244800,0.0016631,0.001702,0.0016591,0.0016914,29721374.0
1584259200,0.0016914,0.0017494,0.0016726,0.0017336,29185241.0
1584273600,0.0017336,0.0017663,0.0016739,0.0016935,42710334.0
1584288000,0.0016935,0.0017138,0.0016822,0.0017022,12849667.0
1584302400,0.0017022,0.0018329,0.0016295,0.0016932,51869314.0
1584316800,0.0016932,0.0017,0.0016373,0.0016448,39650305.0
1584331200,0.0016448,0.0016654,0.0015151,0.0015248,45921023.0
1584345600,0.0015248,0.0015795,0.0013478,0.0014912,61363498.0
1584360000,0.0014912,0.0016299,0.0014663,0.0016206,34667657.0
1584374400,0.0016206,0.001635,0.0015321,0.0015505,35034781.0
1584388800,0.0015505,0.00162,0.0015485,0.0015817,16173285.0
1584403200,0.0015817,0.0016737,0.001546,0.00165,21889023.0
1584417600,0.00165,0.0016734,0.0016171,0.001655,10355773.0
1584432000,0.001655,0.0016754,0.0016009,0.0016347,17352341.0
1584446400,0.0016347,0.0016435,0.00157,0.0016355,27589656.0
1584460800,0.0016355,0.0016873,0.001605,0.0016097,27863395.0
1584475200,0.0016097,0.0016554,0.0016068,0.0016219,15219465.0
1584489600,0.0016219,0.0016428,0.00161,0.0016343,9609188.0
1584504000,0.0016343,0.0016367,0.0015687,0.0015854,21544298.0
1584518400,0.0015854,0.0016037,0.0015452,0.0015784,36207931.0
1584532800,0.0015784,0.0016267,0.0015442,0.0016217,36881510.0
1584547200,0.0016217,0.0016217,0.0015615,0.0015966,28642908.0
1584561600,0.0015966,0.0016149,0.0015731,0.0016002,20308870.0
1584576000,0.0016002,0.00162,0.0015682,0.0015825,17949086.0
1584590400,0.0015825,0.0016325,0.001565,0.0016223,25191246.0
1584604800,0.0016223,0.0016822,0.0016203,0.0016692,42901039.0
1584619200,0.0016692,0.0017223,0.0016627,0.0017183,98058627.0
1584633600,0.0017183,0.0018395,0.001706,0.0017914,106001393.0
1584648000,0.0017914,0.00182,0.0017536,0.00177,25575909.0
1584662400,0.00177,0.0017955,0.0017481,0.0017481,12042171.0
1584676800,0.0017481,0.001802,0.0017219,0.001802,33252271.0
1584691200,0.001802,0.0019361,0.0018018,0.001885,131156452.0
1584705600,0.001885,0.0018852,0.0018103,0.0018621,28464050.0
1584720000,0.0018621,0.001886,0.0017556,0.0017594,53535521.0
1584734400,0.0017594,0.0018274,0.0016412,0.0017802,42956133.0
1584748800,0.0017802,0.0018337,0.0017431,0.0018,18706409.0
1584763200,0.0018,0.001811,0.0017368,0.0017702,17997508.0
1584777600,0.0017702,0.0017735,0.0016964,0.0017387,20506786.0
1584792000,0.0017387,0.001785,0.0017387,0.0017845,26054658.0
1584806400,0.0017845,0.0018071,0.0017497,0.0017999,21135620.0
1584820800,0.0017999,0.0018533,0.0017581,0.0017849,16547595.0
1584835200,0.0017849,0.0018419,0.0017671,0.0018375,16008707.0
1584849600,0.0018375,0.0018447,0.001815,0.0018282,19835572.0
1584864000,0.0018282,0.0018282,0.0017678,0.0017801,22560857.0
1584878400,0.0017801,0.0017867,0.0017244,0.0017643,30288680.0
1584892800,0.0017643,0.0017873,0.0017249,0.0017431,42169279.0
1584907200,0.0017431,0.0017967,0.0017155,0.0017264,25164532.0
1584921600,0.0017264,0.0017646,0.0017039,0.0017419,11321176.0
1584936000,0.0017419,0.0017569,0.0017155,0.0017155,7214818.0
1584950400,0.0017155,0.0017278,0.0016843,0.0016989,23399662.0
1584964800,0.0016989,0.0018576,0.0016917,0.0017798,94233688.0
1584979200,0.0017798,0.001809,0.0017718,0.0017787,16346172.0
1584993600,0.0017787,0.0018257,0.0017757,0.0018192,27792944.0
1585008000,0.0018192,0.0018678,0.0018192,0.0018366,68154713.0
1585022400,0.0018366,0.0018571,0.0018047,0.0018503,20420361.0
1585036800,0.0018503,0.001916,0.0018494,0.0018913,122358013.0
1585051200,0.0018913,0.0018946,0.0018196,0.0018489,34029417.0
1585065600,0.0018489,0.0018842,0.0018289,0.0018825,12911279.0
1585080000,0.0018825,0.001895,0.0018333,0.0018641,25263330.0
1585094400,0.0018641,0.0018641,0.0018143,0.0018196,8377919.0
1585108800,0.0018196,0.0018686,0.0018196,0.0018375,16591933.0
1585123200,0.0018375,0.0018947,0.0017944,0.0018096,93016950.0
1585137600,0.0018096,0.0018537,0.00179,0.0018216,30100932.0
1585152000,0.0018216,0.0018347,0.0018177,0.0018279,7545945.0
1585166400,0.0018279,0.0018443,0.0018125,0.0018296,15190845.0
1585180800,0.0018296,0.0018487,0.001814,0.0018242,6612141.0
1585195200,0.0018242,0.0018599,0.0018159,0.0018307,43655863.0
1585209600,0.0018307,0.0018447,0.0018221,0.001834,14190656.0
1585224000,0.001834,0.0018469,0.0018111,0.0018362,32299198.0
1585238400,0.0018362,0.001843,0.0018261,0.001839,3957692.0
1585252800,0.001839,0.0018673,0.0018363,0.0018519,50444823.0
1585267200,0.0018519,0.00187,0.0018403,0.001853,24598650.0
1585281600,0.001853,0.0018635,0.001825,0.0018464,13089021.0
1585296000,0.0018464,0.0018558,0.001821,0.0018375,20305874.0
1585310400,0.0018375,0.0018414,0.0018,0.0018349,53779612.0
1585324800,0.0018349,0.0018572,0.0018127,0.0018307,33538727.0
1585339200,0.0018307,0.001857,0.0017408,0.0017766,50499385.0
1585353600,0.0017766,0.0017766,0.0016981,0.0017086,125976528.0
1585368000,0.0017086,0.0017581,0.0017033,0.0017469,56539000.0
1585382400,0.0017469,0.0017751,0.0017259,0.0017628,43439401.0
1585396800,0.0017628,0.001809,0.0017595,0.0017691,55749193.0
1585411200,0.0017691,0.0017997,0.0017299,0.0017871,22195960.0
1585425600,0.0017871,0.0018057,0.001769,0.001783,11032247.0
1585440000,0.001783,0.0017943,0.0017744,0.001785,2501697.0
1585454400,0.001785,0.0018001,0.0017279,0.0017521,82238197.0
1585468800,0.0017521,0.0017842,0.0017381,0.0017693,18314553.0
1585483200,0.0017693,0.0017751,0.0017534,0.0017663,18117464.0
1585497600,0.0017663,0.0017732,0.0017019,0.0017192,15385957.0
1585512000,0.0017192,0.00173,0.0017018,0.0017099,19496395.0
1585526400,0.0017099,0.0017401,0.001709,0.0017236,9391642.0
1585540800,0.0017236,0.0017901,0.0017236,0.0017719,13892127.0
1585555200,0.0017719,0.0018113,0.001767,0.0018071,13421221.0
1585569600,0.0018071,0.0018114,0.00178,0.0017979,17237586.0
1585584000,0.0017979,0.0018096,0.0017932,0.0018003,8731612.0
1585598400,0.0018003,0.0019,0.001769,0.0017957,53525694.0
1585612800,0.0017957,0.0018286,0.001792,0.0018171,6827512.0
1585627200,0.0018171,0.0018171,0.0017987,0.0018061,5079171.0
1585641600,0.0018061,0.0018223,0.0017953,0.001805,11185737.0
1585656000,0.001805,0.0018216,0.001795,0.0018119,9219543.0
1585670400,0.0018119,0.0018216,0.001798,0.0018115,18703923.0
1585684800,0.0018115,0.0018221,0.0017993,0.0018041,16770815.0
1585699200,0.0018041,0.0018274,0.001789,0.0017982,49668090.0
1585713600,0.0017982,0.0018002,0.0017782,0.0017937,8232358.0
1585728000,0.0017937,0.0018002,0.0017782,0.0017858,11934527.0
1585742400,0.0017858,0.0017949,0.0017708,0.0017765,13213654.0
1585756800,0.0017765,0.0017828,0.0017659,0.0017785,14296192.0
1585771200,0.0017785,0.0018743,0.0017753,0.0018631,54689653.0
1585785600,0.0018631,0.0018896,0.0018464,0.0018531,17199751.0
1585800000,0.0018531,0.00187,0.0018405,0.0018667,18117210.0
1585814400,0.0018667,0.0018787,0.0018541,0.0018655,14633072.0
1585828800,0.0018655,0.0018774,0.0018432,0.0018695,19148755.0
1585843200,0.0018695,0.00195,0.0018558,0.0018728,67111594.0
1585857600,0.0018728,0.00188,0.0018538,0.0018777,10538920.0
1585872000,0.0018777,0.0018777,0.0018557,0.0018614,8803577.0
1585886400,0.0018614,0.0018995,0.0018538,0.001895,23866484.0
1585900800,0.001895,0.0019048,0.0018746,0.0018899,25759910.0
1585915200,0.0018899,0.0018965,0.00183,0.0018439,25600633.0
1585929600,0.0018439,0.0018488,0.0018205,0.0018447,7393050.0
1585944000,0.0018447,0.0018489,0.0018315,0.0018467,6194104.0
1585958400,0.0018467,0.0018522,0.0018387,0.0018502,3606481.0
1585972800,0.0018502,0.0018597,0.0018438,0.001855,12513775.0
1585987200,0.001855,0.00189,0.0018429,0.00185,21496618.0
1586001600,0.00185,0.001859,0.001828,0.001856,22929878.0
1586016000,0.001856,0.001875,0.001851,0.00186,14057338.0
1586030400,0.00186,0.0019085,0.00185,0.0018697,17760615.0
1586044800,0.0018697,0.0018809,0.0018567,0.0018611,7611374.0
1586059200,0.0018611,0.0018817,0.0018528,0.0018558,9455398.0
1586073600,0.0018558,0.00187,0.0018532,0.0018586,11970163.0
1586088000,0.0018586,0.0018673,0.001858,0.0018643,10200104.0
1586102400,0.0018643,0.0018677,0.0018381,0.001849,9314287.0
1586116800,0.001849,0.0018603,0.0018448,0.00185,6793670.0
1586131200,0.00185,0.001863,0.0018443,0.001862,6529677.0
1586145600,0.001862,0.0019181,0.0018602,0.0019,45140955.0
1586160000,0.0019,0.0019299,0.0018999,0.0019175,23356684.0
1586174400,0.0019175,0.0019342,0.0019,0.00193,52527567.0
1586188800,0.00193,0.001976,0.0018893,0.0019717,65846615.0
1586203200,0.0019717,0.0019901,0.0019444,0.0019896,17150641.0
1586217600,0.0019896,0.0020209,0.0019603,0.00198,32242299.0
1586232000,0.00198,0.00201,0.0019666,0.00201,23589855.0
1586246400,0.00201,0.0020197,0.0019909,0.0020061,28218740.0
1586260800,0.0020061,0.0020201,0.0019643,0.0019838,41785506.0
1586275200,0.0019838,0.00201,0.00198,0.0019958,21631596.0
1586289600,0.0019958,0.0020098,0.0019501,0.0019943,55493225.0
1586304000,0.0019943,0.0020405,0.001967,0.0020308,26441401.0
1586318400,0.0020308,0.0020426,0.0019997,0.0020092,18527637.0
1586332800,0.0020092,0.002025,0.00199,0.0020025,16294851.0
1586347200,0.0020025,0.002016,0.0019845,0.0019945,9329925.0
1586361600,0.0019945,0.002011,0.0019902,0.0019906,8306787.0
1586376000,0.0019906,0.0020107,0.0019906,0.0020038,11484306.0
1586390400,0.0020038,0.0020149,0.0020008,0.0020046,8565345.0
1586404800,0.0020046,0.0020063,0.0019926,0.0020031,13030052.0
1586419200,0.0020031,0.0020142,0.0019884,0.0019992,21433240.0
1586433600,0.0019992,0.0020173,0.0019852,0.0019965,12891693.0
1586448000,0.0019965,0.0020384,0.0019926,0.0019985,20897847.0
1586462400,0.0019985,0.0020454,0.0019925,0.0020151,12275835.0
1586476800,0.0020151,0.0020356,0.0019815,0.0019841,13357839.0
1586491200,0.0019841,0.002008,0.00191,0.001921,65846260.0
1586505600,0.001921,0.0019337,0.0019,0.0019123,22638589.0
1586520000,0.0019123,0.0019356,0.0018773,0.0018864,26677818.0
1586534400,0.0018864,0.002,0.001873,0.001985,56869544.0
1586548800,0.001985,0.00201,0.001952,0.001965,27599197.0
1586563200,0.001965,0.0019954,0.0019529,0.0019778,9527158.0
1586577600,0.0019778,0.00201,0.00196,0.0019703,20081036.0
1586592000,0.0019703,0.0019834,0.0019526,0.0019742,12249569.0
1586606400,0.0019742,0.0019758,0.00196,0.0019654,8710731.0
1586620800,0.0019654,0.0019697,0.0019356,0.0019482,13878762.0
1586635200,0.0019482,0.0019769,0.0019349,0.0019645,12285581.0
1586649600,0.0019645,0.0019777,0.0019491,0.0019491,6764628.0
1586664000,0.0019491,0.0019606,0.0019392,0.0019579,3959618.0
1586678400,0.0019579,0.0019719,0.001953,0.0019719,10948622.0
1586692800,0.0019719,0.0019992,0.0019555,0.00199,24771612.0
1586707200,0.00199,0.002012,0.001974,0.0019958,46186956.0
1586721600,0.0019958,0.0020077,0.0019645,0.0019673,21996471.0
1586736000,0.0019673,0.0019744,0.0018598,0.0019019,114576614.0
1586750400,0.0019019,0.0019544,0.0018868,0.0019125,11759622.0
1586764800,0.0019125,0.0019504,0.0019001,0.00195,14392585.0
1586779200,0.00195,0.00195,0.0018955,0.0019411,29390611.0
1586793600,0.0019411,0.0019445,0.0019188,0.0019297,2999348.0
1586808000,0.0019297,0.001976,0.0019255,0.0019533,12133504.0
1586822400,0.0019533,0.0019595,0.0019443,0.0019553,5696930.0
1586836800,0.0019553,0.00197,0.0019443,0.0019443,6559368.0
1586851200,0.0019443,0.0019528,0.0019315,0.0019367,9500187.0
1586865600,0.0019367,0.0019716,0.0019338,0.0019543,13797254.0
1586880000,0.0019543,0.0019747,0.0019457,0.0019579,14045230.0
1586894400,0.0019579,0.001977,0.0019473,0.0019656,17802942.0
1586908800,0.0019656,0.0019719,0.0019482,0.0019572,3041708.0
1586923200,0.0019572,0.0019731,0.00195,0.0019578,10553117.0
1586937600,0.0019578,0.0019578,0.001936,0.0019398,12693863.0
1586952000,0.0019398,0.0019398,0.0019047,0.0019204,36708973.0
1586966400,0.0019204,0.0019415,0.0019204,0.0019363,14837252.0
1586980800,0.0019363,0.001949,0.00189,0.0019061,65900321.0
1586995200,0.0019061,0.0019177,0.0018722,0.001904,15181792.0
1587009600,0.001904,0.001985,0.001904,0.001955,18520324.0
1587024000,0.001955,0.00201,0.001955,0.0019769,35515055.0
1587038400,0.0019769,0.00199,0.001957,0.001975,13289589.0
1587052800,0.001975,0.00203,0.0019604,0.0019811,36900422.0
1587067200,0.0019811,0.0020168,0.0019684,0.001995,31656524.0
1587081600,0.001995,0.002003,0.0019756,0.0019815,13555727.0
1587096000,0.0019815,0.0019984,0.001974,0.0019761,9284438.0
1587110400,0.0019761,0.0019991,0.0019761,0.0019978,11267900.0
1587124800,0.0019978,0.0019991,0.0019776,0.001985,9766467.0
1587139200,0.001985,0.002,0.001985,0.0019937,6759877.0
1587153600,0.0019937,0.0020047,0.001983,0.001983,4767561.0
1587168000,0.001983,0.0020035,0.00198,0.0019973,7236479.0
1587182400,0.0019973,0.0020022,0.0019908,0.0020022,7421223.0
1587196800,0.0020022,0.002004,0.0019864,0.0020002,6628729.0
1587211200,0.0020002,0.00204,0.001983,0.002033,28883334.0
1587225600,0.002033,0.0020378,0.0020209,0.0020312,13292162.0
1587240000,0.0020312,0.0020962,0.0020306,0.0020445,29313840.0
1587254400,0.0020445,0.0020549,0.0020319,0.0020395,5788243.0
1587268800,0.0020395,0.0020597,0.0020142,0.0020158,11914481.0
1587283200,0.0020158,0.0020722,0.0020135,0.0020292,9547552.0
1587297600,0.0020292,0.0020324,0.0019977,0.0019999,18381679.0
1587312000,0.0019999,0.0020147,0.0019996,0.0020121,7137436.0
1587326400,0.0020121,0.002052,0.0020097,0.0020313,17681147.0
1587340800,0.0020313,0.0020469,0.0020231,0.0020418,3928256.0
1587355200,0.0020418,0.0020499,0.0020182,0.002032,7446024.0
1587369600,0.002032,0.002032,0.0019806,0.0019806,17557126.0
1587384000,0.0019806,0.0020291,0.001961,0.002018,34516297.0
1587398400,0.002018,0.0020291,0.0019354,0.0019449,82229212.0
1587412800,0.0019449,0.0019907,0.001941,0.0019787,35199200.0
1587427200,0.0019787,0.0019883,0.0019687,0.0019829,2177002.0
1587441600,0.0019829,0.002,0.0019711,0.0019816,15568450.0
1587456000,0.0019816,0.0019938,0.0019415,0.0019537,8350695.0
1587470400,0.0019537,0.0019671,0.00193,0.001952,35213916.0
1587484800,0.001952,0.001974,0.0019448,0.0019586,17365278.0
1587499200,0.0019586,0.0019734,0.0019445,0.00195,7055638.0
1587513600,0.00195,0.0019746,0.0019425,0.0019586,10443538.0
1587528000,0.0019586,0.0019893,0.0019575,0.0019811,12358568.0
1587542400,0.0019811,0.00205,0.0019769,0.0019856,14419823.0
1587556800,0.0019856,0.0020148,0.001983,0.0020087,17222796.0
1587571200,0.0020087,0.002017,0.0020002,0.002005,4953623.0
1587585600,0.002005,0.0020061,0.0019898,0.0019957,13182849.0
1587600000,0.0019957,0.0020174,0.0019932,0.0019972,11667642.0
1587614400,0.0019972,0.0020106,0.0019886,0.0019992,11609708.0
1587628800,0.0019992,0.0020199,0.0019969,0.0020129,11951547.0
1587643200,0.0020129,0.0021612,0.0020063,0.0020855,73032689.0
1587657600,0.0020855,0.0021208,0.002075,0.0020844,91951484.0
1587672000,0.0020844,0.0020923,0.0020367,0.0020512,42902857.0
1587686400,0.0020512,0.0020775,0.0020449,0.0020689,7237758.0
1587700800,0.0020689,0.0020776,0.002055,0.0020752,9297145.0
1587715200,0.0020752,0.0020905,0.0020628,0.0020665,13680321.0
1587729600,0.0020665,0.0020742,0.0020431,0.0020721,11890556.0
1587744000,0.0020721,0.0020989,0.0020721,0.0020897,23112571.0
1587758400,0.0020897,0.0021075,0.0020812,0.0020832,10048011.0
1587772800,0.0020832,0.0020832,0.0020682,0.0020713,2903413.0
1587787200,0.0020713,0.002101,0.0020713,0.0020935,9060597.0
1587801600,0.0020935,0.002105,0.0020869,0.0020944,13894869.0
1587816000,0.0020944,0.0021533,0.0020906,0.0021113,91802770.0
1587830400,0.0021113,0.0021246,0.0020955,0.0021086,26955483.0
1587844800,0.0021086,0.0021406,0.002085,0.0021245,28503419.0
1587859200,0.0021245,0.0021849,0.0021245,0.0021498,47085213.0
1587873600,0.0021498,0.0021769,0.0021453,0.0021601,59111792.0
1587888000,0.0021601,0.0023,0.0021601,0.0022701,96130986.0
1587902400,0.0022701,0.0023,0.0021913,0.0022037,92617294.0
1587916800,0.0022037,0.00236,0.0022037,0.0023582,107578280.0
1587931200,0.0023582,0.0024479,0.0023285,0.0024076,402062746.0
1587945600,0.0024076,0.0024137,0.0023706,0.002375,108321418.0
1587960000,0.002375,0.0023902,0.0022934,0.0023167,83441907.0
1587974400,0.0023167,0.0023915,0.002293,0.0023747,78318253.0
1587988800,0.0023747,0.0023944,0.0022821,0.0023371,82096813.0
1588003200,0.0023371,0.0023867,0.0023287,0.0023592,48467313.0
1588017600,0.0023592,0.0023918,0.0023269,0.0023456,74689319.0
1588032000,0.0023456,0.0023529,0.0023,0.0023529,43429224.0
1588046400,0.0023529,0.0023565,0.0023217,0.0023311,23131754.0
1588060800,0.0023311,0.002353,0.0023251,0.00235,32452626.0
1588075200,0.00235,0.0023529,0.0023148,0.00233,30144041.0
1588089600,0.00233,0.0023491,0.0023276,0.0023335,10181578.0
1588104000,0.0023335,0.0023491,0.0023148,0.002327,28921176.0
1588118400,0.002327,0.0023487,0.0023066,0.0023394,18864767.0
1588132800,0.0023394,0.0023754,0.0023315,0.0023675,41388436.0
1588147200,0.0023675,0.0023838,0.0023563,0.0023742,49849660.0
1588161600,0.0023742,0.0024327,0.0023613,0.0024318,71548116.0
1588176000,0.0024318,0.002542,0.0024218,0.0024783,117890035.0
1588190400,0.0024783,0.0025309,0.0024783,0.0024912,55280854.0
1588204800,0.0024912,0.002611,0.0024839,0.0025993,52625421.0
1588219200,0.0025993,0.0026904,0.0025554,0.002604,153776028.0
1588233600,0.002604,0.0026315,0.0024211,0.0025255,84552908.0
1588248000,0.0025255,0.0025476,0.0024753,0.0024876,42132145.0
1588262400,0.0024876,0.0024988,0.0023585,0.00249,189707251.0
1588276800,0.00249,0.0025072,0.0024237,0.002433,29031817.0
1588291200,0.002433,0.0024768,0.0024176,0.0024512,15376608.0
1588305600,0.0024512,0.0024994,0.0024512,0.0024801,26065545.0
1588320000,0.0024801,0.0025466,0.0024589,0.002522,29797887.0
1588334400,0.002522,0.0025375,0.0024438,0.0024673,32668136.0
1588348800,0.0024673,0.0024904,0.0024324,0.0024624,35782195.0
1588363200,0.0024624,0.002512,0.002447,0.0024749,80539580.0
1588377600,0.0024749,0.0024792,0.0024501,0.0024775,26530802.0
1588392000,0.0024775,0.002484,0.0024505,0.002456,20156187.0
1588406400,0.002456,0.0024791,0.0024536,0.0024703,10159872.0
1588420800,0.0024703,0.002493,0.0024674,0.0024857,11352064.0
1588435200,0.0024857,0.0025118,0.0024622,0.0024945,31663633.0
1588449600,0.0024945,0.0025574,0.0024945,0.002542,48695563.0
1588464000,0.002542,0.00258,0.0025318,0.00256,17960325.0
1588478400,0.00256,0.0025689,0.002516,0.0025285,8522731.0
1588492800,0.0025285,0.00256,0.0025224,0.0025451,14610785.0
1588507200,0.0025451,0.0025451,0.00246,0.002474,36826927.0
1588521600,0.002474,0.0025174,0.002472,0.002506,37822424.0
1588536000,0.002506,0.0025549,0.0024775,0.0025001,51846933.0
1588550400,0.0025001,0.0025094,0.0024379,0.0024516,16385855.0
1588564800,0.0024516,0.0024516,0.0023375,0.0023982,47386769.0
1588579200,0.0023982,0.0024217,0.0023838,0.0023952,19983385.0
1588593600,0.0023952,0.0024799,0.0023915,0.0024618,36052013.0
1588608000,0.0024618,0.002469,0.002447,0.0024651,11931491.0
1588622400,0.0024651,0.0025005,0.0024571,0.0024605,19775825.0
1588636800,0.0024605,0.0024781,0.0024512,0.0024651,7171105.0
1588651200,0.0024651,0.0025183,0.0024645,0.0024924,9729041.0
1588665600,0.0024924,0.0025096,0.0024266,0.0024481,22780179.0
1588680000,0.0024481,0.002465,0.0024282,0.002443,17066375.0
1588694400,0.002443,0.0024741,0.0024418,0.0024559,12926875.0
1588708800,0.0024559,0.0024998,0.0024539,0.0024738,13662729.0
1588723200,0.0024738,0.0024931,0.0024572,0.0024781,15047061.0
1588737600,0.0024781,0.0025014,0.0024673,0.0024884,16390713.0
1588752000,0.0024884,0.002524,0.0024692,0.0025162,35145221.0
1588766400,0.0025162,0.0025335,0.0024881,0.0025131,33342445.0
1588780800,0.0025131,0.0025294,0.0024937,0.0025016,22701356.0
1588795200,0.0025016,0.0025623,0.0024615,0.0024801,58300698.0
1588809600,0.0024801,0.0025465,0.002459,0.0025309,47279350.0
1588824000,0.0025309,0.00255,0.0025016,0.0025481,18648097.0
1588838400,0.0025481,0.0025596,0.0025015,0.0025102,20097495.0
1588852800,0.0025102,0.0025939,0.0025063,0.0025668,93929265.0
1588867200,0.0025668,0.0026975,0.0025665,0.0026727,112580995.0
1588881600,0.0026727,0.0026779,0.0025644,0.0026627,73947901.0
1588896000,0.0026627,0.0026711,0.002617,0.002632,25213537.0
1588910400,0.002632,0.0026348,0.0025869,0.0025989,15852304.0
1588924800,0.0025989,0.002626,0.0025906,0.0026046,25962562.0
1588939200,0.0026046,0.002623,0.0025743,0.0026017,20691656.0
1588953600,0.0026017,0.0026351,0.00257,0.002615,97157743.0
1588968000,0.002615,0.0026894,0.0025968,0.0026052,74508770.0
1588982400,0.0026052,0.0026311,0.0025845,0.0026085,27157611.0
1588996800,0.0026085,0.0026453,0.00258,0.0025829,44928227.0
1589011200,0.0025829,0.0025991,0.00251,0.0025735,49481327.0
1589025600,0.0025735,0.0026031,0.0025672,0.0025867,37432663.0
1589040000,0.0025867,0.002619,0.002577,0.0026077,20736005.0
1589054400,0.0026077,0.0026364,0.0025846,0.0026075,36807641.0
1589068800,0.0026075,0.0026075,0.0022425,0.0024287,121187577.0
1589083200,0.0024287,0.002511,0.0023903,0.002511,88329496.0
1589097600,0.002511,0.0025298,0.0024375,0.0024541,27052123.0
1589112000,0.0024541,0.0025045,0.0024176,0.0024178,34972571.0
1589126400,0.0024178,0.0024414,0.0023257,0.0023961,20957443.0
1589140800,0.0023961,0.0025149,0.0023961,0.0024602,28715883.0
1589155200,0.0024602,0.0024756,0.0024406,0.0024494,6471505.0
1589169600,0.0024494,0.0024582,0.00242,0.0024285,12650464.0
1589184000,0.0024285,0.0025099,0.0024,0.0024891,30228426.0
1589198400,0.0024891,0.0025373,0.002445,0.0024663,44412042.0
1589212800,0.0024663,0.0024867,0.0022957,0.0024499,68467161.0
1589227200,0.0024499,0.00245,0.0023767,0.0024125,30699154.0
1589241600,0.0024125,0.0024516,0.0023993,0.0024452,37466498.0
1589256000,0.0024452,0.0024796,0.0024386,0.0024624,12500044.0
1589270400,0.0024624,0.0024897,0.0024401,0.0024868,10911904.0
1589284800,0.0024868,0.0025071,0.0024552,0.0024961,15675351.0
1589299200,0.0024961,0.0025132,0.002457,0.0024594,17104043.0
1589313600,0.0024594,0.0024738,0.0024326,0.0024606,13654760.0
1589328000,0.0024606,0.0025066,0.0024605,0.0024912,15212894.0
1589342400,0.0024912,0.0024912,0.0024567,0.0024618,10844754.0
1589356800,0.0024618,0.0024869,0.0024433,0.0024787,19979578.0
1589371200,0.0024787,0.0024989,0.0024694,0.0024835,35300527.0
1589385600,0.0024835,0.002498,0.0024636,0.0024865,31103760.0
1589400000,0.0024865,0.0025425,0.002482,0.0025245,55600110.0
1589414400,0.0025245,0.0025376,0.0025063,0.0025212,15039049.0
1589428800,0.0025212,0.0025887,0.0025,0.0025723,36591642.0
1589443200,0.0025723,0.00265,0.0025531,0.0025724,59986622.0
1589457600,0.0025724,0.0026145,0.0025278,0.0025912,60926092.0
1589472000,0.0025912,0.0026019,0.0025202,0.0025531,47210878.0
1589486400,0.0025531,0.002594,0.0025277,0.0025813,95700554.0
1589500800,0.0025813,0.0025828,0.0025,0.0025364,19371052.0
1589515200,0.0025364,0.0025478,0.002507,0.0025462,15174449.0
1589529600,0.0025462,0.0025506,0.0025069,0.00255,17018163.0
1589544000,0.00255,0.0025515,0.0025,0.002509,41197553.0
1589558400,0.002509,0.0025239,0.0024904,0.0024982,12663210.0
1589572800,0.0024982,0.0025394,0.00246,0.0024888,21113708.0
1589587200,0.0024888,0.00253,0.0024728,0.0025113,15907681.0
1589601600,0.0025113,0.0025319,0.0025024,0.0025056,8177519.0
1589616000,0.0025056,0.0025134,0.0024983,0.0025035,11537844.0
1589630400,0.0025035,0.0025345,0.0025035,0.0025149,16771137.0
1589644800,0.0025149,0.002515,0.00248,0.0024924,22979440.0
1589659200,0.0024924,0.0025161,0.0024829,0.0025098,7114241.0
1589673600,0.0025098,0.0025318,0.002503,0.0025318,5619171.0
1589688000,0.0025318,0.0025318,0.0025063,0.0025224,4387046.0
1589702400,0.0025224,0.0025305,0.0025103,0.0025273,5742577.0
1589716800,0.0025273,0.00258,0.002502,0.0025555,70601984.0
1589731200,0.0025555,0.00256,0.0025328,0.0025408,7775020.0
1589745600,0.0025408,0.0025511,0.0025237,0.0025331,9571465.0
1589760000,0.0025331,0.0025899,0.002525,0.0025707,21584189.0
1589774400,0.0025707,0.0025799,0.0025398,0.0025508,12534741.0
1589788800,0.0025508,0.0025599,0.002509,0.0025396,11767931.0
1589803200,0.0025396,0.0025399,0.0025151,0.0025295,9922535.0
1589817600,0.0025295,0.0025379,0.0024987,0.0025364,25924477.0
1589832000,0.0025364,0.0025545,0.0025202,0.0025379,11793180.0
1589846400,0.0025379,0.002543,0.0024903,0.0025004,20073743.0
1589860800,0.0025004,0.0025204,0.0024926,0.002511,5307413.0
1589875200,0.002511,0.0025775,0.0025071,0.0025361,22003016.0
1589889600,0.0025361,0.0025411,0.0025155,0.0025227,9073344.0
1589904000,0.0025227,0.0025391,0.0025224,0.0025344,12032081.0
1589918400,0.0025344,0.0025499,0.0025134,0.0025487,21657292.0
1589932800,0.0025487,0.0025499,0.00253,0.00253,7009418.0
1589947200,0.00253,0.0025621,0.0025203,0.0025357,13605488.0
1589961600,0.0025357,0.002558,0.0025316,0.0025366,5273961.0
1589976000,0.0025366,0.002566,0.0024588,0.0024758,84538227.0
1589990400,0.0024758,0.0025092,0.0024618,0.0024954,32136522.0
1590004800,0.0024954,0.0025187,0.0024838,0.0025002,9854109.0
1590019200,0.0025002,0.0025194,0.0024825,0.002492,26913183.0
1590033600,0.002492,0.002513,0.002477,0.0024884,13972855.0
1590048000,0.0024884,0.0025348,0.0024576,0.0025157,52258564.0
1590062400,0.0025157,0.0025514,0.0024272,0.0024864,48505972.0
1590076800,0.0024864,0.0024864,0.0024215,0.0024705,44453191.0
1590091200,0.0024705,0.0025439,0.002456,0.0024774,18947505.0
1590105600,0.0024774,0.0025261,0.0024627,0.0024868,7440582.0
1590120000,0.0024868,0.0025214,0.0024629,0.0025089,11361897.0
1590134400,0.0025089,0.0025361,0.0025024,0.002525,19187485.0
1590148800,0.002525,0.0025296,0.0025017,0.002521,19257548.0
1590163200,0.002521,0.00255,0.0025,0.002523,40679933.0
1590177600,0.002523,0.0025332,0.0025106,0.0025175,9166539.0
1590192000,0.0025175,0.002545,0.0025175,0.0025289,11883985.0
1590206400,0.0025289,0.002534,0.002508,0.0025227,17205465.0
1590220800,0.0025227,0.0025227,0.0024936,0.0025079,8457252.0
1590235200,0.0025079,0.0025629,0.0024937,0.0025619,80340234.0
1590249600,0.0025619,0.0025631,0.002525,0.0025362,28007409.0
1590264000,0.0025362,0.0025493,0.0025266,0.0025271,14136181.0
1590278400,0.0025271,0.002552,0.0025258,0.0025389,24005216.0
1590292800,0.0025389,0.002554,0.002521,0.00254,30337910.0
1590307200,0.00254,0.002563,0.0024955,0.0025073,28151091.0
1590321600,0.0025073,0.002534,0.0024792,0.0025046,23513041.0
1590336000,0.0025046,0.002516,0.0024542,0.0025054,17194668.0
1590350400,0.0025054,0.0025298,0.002435,0.0024461,37297273.0
1590364800,0.0024461,0.0024995,0.00242,0.0024987,34784012.0
1590379200,0.0024987,0.0025238,0.0024793,0.002502,22670622.0
1590393600,0.002502,0.002515,0.0024601,0.0024865,66260808.0
1590408000,0.0024865,0.0025175,0.0024737,0.0025042,42549286.0
1590422400,0.0025042,0.002548,0.0024966,0.0025425,60665948.0
1590436800,0.0025425,0.0025425,0.0025036,0.0025324,53558576.0
1590451200,0.0025324,0.0025329,0.0024929,0.0025214,28791385.0
1590465600,0.0025214,0.0025244,0.00249,0.0025218,28033395.0
1590480000,0.0025218,0.0025317,0.0024987,0.0025072,24275713.0
1590494400,0.0025072,0.0025301,0.0024608,0.0024678,55599798.0
1590508800,0.0024678,0.0024835,0.0024571,0.0024702,21029221.0
1590523200,0.0024702,0.0024956,0.0024702,0.0024781,29207191.0
1590537600,0.0024781,0.0024927,0.0024639,0.0024639,28272646.0
1590552000,0.0024639,0.0024813,0.0024499,0.0024752,32587236.0
1590566400,0.0024752,0.00251,0.0024686,0.0025069,30172417.0
1590580800,0.0025069,0.0025186,0.002472,0.0024839,60161157.0
1590595200,0.0024839,0.00251,0.0024839,0.0024984,13068146.0
1590609600,0.0024984,0.002502,0.0024703,0.0024998,11915757.0
1590624000,0.0024998,0.00254,0.0024956,0.0025065,46603601.0
1590638400,0.0025065,0.0025195,0.002483,0.002485,25188491.0
1590652800,0.002485,0.0025063,0.0024816,0.0025063,9763977.0
1590667200,0.0025063,0.0025554,0.0025063,0.0025473,67438209.0
1590681600,0.0025473,0.0025599,0.0024916,0.002495,80082155.0
1590696000,0.002495,0.0025299,0.0024917,0.002523,27240808.0
1590710400,0.002523,0.0025427,0.0025118,0.0025284,26234701.0
1590724800,0.0025284,0.002549,0.0025011,0.0025351,21896619.0
1590739200,0.0025351,0.002545,0.0024995,0.00252,23111968.0
1590753600,0.00252,0.0025292,0.002501,0.002511,28400564.0
1590768000,0.002511,0.0025249,0.0025003,0.0025098,24106251.0
1590782400,0.0025098,0.0025533,0.0025094,0.0025303,18872060.0
1590796800,0.0025303,0.002547,0.002526,0.002542,20629108.0
1590811200,0.002542,0.0025719,0.0025358,0.0025672,38577290.0
1590825600,0.0025672,0.0025876,0.0025568,0.002587,42996674.0
1590840000,0.002587,0.002587,0.002571,0.002578,29227837.0
1590854400,0.002578,0.0026039,0.0025722,0.0026,40708507.0
1590868800,0.0026,0.0026299,0.002571,0.002618,45360546.0
1590883200,0.002618,0.0026181,0.002575,0.0025836,34683433.0
1590897600,0.0025836,0.0026822,0.00256,0.002567,31455580.0
1590912000,0.002567,0.0026023,0.0025645,0.0025945,22326356.0
1590926400,0.0025945,0.0026117,0.00257,0.00258,40156717.0
1590940800,0.00258,0.0025875,0.002575,0.0025803,11105514.0
1590955200,0.0025803,0.002594,0.002543,0.0025599,24988211.0
1590969600,0.0025599,0.0025915,0.0025414,0.0025915,17521275.0
1590984000,0.0025915,0.0026,0.00257,0.0025811,39403872.0
1590998400,0.0025811,0.0025852,0.00256,0.0025699,28963762.0
1591012800,0.0025699,0.0025817,0.0025611,0.0025705,19382443.0
1591027200,0.0025705,0.0025961,0.0025705,0.0025828,22055095.0
1591041600,0.0025828,0.0027,0.0024997,0.0026452,164487504.0
1591056000,0.0026452,0.0026647,0.0026172,0.0026266,58917953.0
1591070400,0.0026266,0.0026399,0.0026127,0.0026397,32822939.0
1591084800,0.0026397,0.00265,0.00262,0.0026407,33929560.0
1591099200,0.0026407,0.0026626,0.0024696,0.0025388,138739069.0
1591113600,0.0025388,0.0025665,0.0025119,0.0025665,28731522.0
1591128000,0.0025665,0.0025693,0.0024775,0.0025666,32840071.0
1591142400,0.0025666,0.002567,0.0025409,0.0025548,16138738.0
1591156800,0.0025548,0.0025655,0.0025353,0.0025557,11877382.0
1591171200,0.0025557,0.0025657,0.002549,0.0025612,13371087.0
1591185600,0.0025612,0.0025657,0.0025177,0.00256,26075309.0
1591200000,0.00256,0.002596,0.0025555,0.002586,40601571.0
1591214400,0.002586,0.0025892,0.0025614,0.0025867,22037451.0
1591228800,0.0025867,0.0025867,0.0025656,0.0025804,25199833.0
1591243200,0.0025804,0.0025865,0.002575,0.0025863,17015945.0
1591257600,0.0025863,0.0026459,0.0025755,0.0026306,153886646.0
1591272000,0.0026306,0.0026575,0.0026232,0.0026481,55547629.0
1591286400,0.0026481,0.0026679,0.002611,0.0026221,54022396.0
1591300800,0.0026221,0.00263,0.0025978,0.002623,20520988.0
1591315200,0.002623,0.0026288,0.0026099,0.0026142,6008827.0
1591329600,0.0026142,0.002623,0.0025969,0.0026015,12574325.0
1591344000,0.0026015,0.0026214,0.00258,0.0025802,41250049.0
1591358400,0.0025802,0.0025979,0.00258,0.0025897,22964930.0
1591372800,0.0025897,0.0026057,0.002581,0.0025856,18731959.0
1591387200,0.0025856,0.0025961,0.0025812,0.0025907,12541807.0
1591401600,0.0025907,0.0025907,0.00256,0.0025896,15476860.0
1591416000,0.0025896,0.0025948,0.0025802,0.0025865,6703446.0
1591430400,0.0025865,0.0025999,0.0025813,0.002594,17188348.0
1591444800,0.002594,0.0025968,0.0025734,0.0025802,17460337.0
1591459200,0.0025802,0.0025888,0.0025507,0.002585,34620696.0
1591473600,0.002585,0.0025926,0.0025736,0.0025926,10100109.0
1591488000,0.0025926,0.0025926,0.0025697,0.002584,16811178.0
1591502400,0.002584,0.002588,0.002566,0.0025741,10207798.0
1591516800,0.0025741,0.0025772,0.0025666,0.0025686,16842821.0
1591531200,0.0025686,0.0025775,0.00255,0.0025624,43938787.0
1591545600,0.0025624,0.0026135,0.0025584,0.0025962,21041366.0
1591560000,0.0025962,0.0026024,0.0025608,0.0025987,24069666.0
1591574400,0.0025987,0.0026038,0.0025758,0.0025758,7247483.0
1591588800,0.0025758,0.0026021,0.0025758,0.00259,30919896.0
1591603200,0.00259,0.0025976,0.0025757,0.0025779,19318860.0
1591617600,0.0025779,0.0025886,0.0025511,0.0025724,34207604.0
1591632000,0.0025724,0.0025752,0.0025521,0.0025558,14430518.0
1591646400,0.0025558,0.0025845,0.0025505,0.0025786,15865504.0
1591660800,0.0025786,0.0025888,0.00249,0.002548,35061177.0
1591675200,0.002548,0.00256,0.0025398,0.0025562,19761890.0
1591689600,0.0025562,0.0025715,0.0025521,0.0025713,16815168.0
1591704000,0.0025713,0.0025745,0.0025482,0.0025658,22528893.0
1591718400,0.0025658,0.0025672,0.00255,0.00256,11521880.0
1591732800,0.00256,0.0025672,0.0025436,0.0025586,11249411.0
1591747200,0.0025586,0.00257,0.0025505,0.0025596,7343267.0
1591761600,0.0025596,0.0025605,0.0025516,0.0025516,7792305.0
1591776000,0.0025516,0.0025594,0.0025416,0.0025516,19253606.0
1591790400,0.0025516,0.0025661,0.0025409,0.0025534,15280313.0
1591804800,0.0025534,0.0025953,0.00255,0.0025679,42755836.0
1591819200,0.0025679,0.0025816,0.0025574,0.0025761,20702901.0
1591833600,0.0025761,0.0025938,0.0025643,0.0025747,16777607.0
1591848000,0.0025747,0.00259,0.00257,0.0025732,9619427.0
1591862400,0.0025732,0.0025804,0.0025575,0.0025575,11180414.0
1591876800,0.0025575,0.002562,0.0024965,0.0025033,33492635.0
1591891200,0.0025033,0.0025088,0.0023801,0.0024576,75079224.0
1591905600,0.0024576,0.0024765,0.0024307,0.0024463,22874667.0
1591920000,0.0024463,0.00248,0.0024351,0.0024798,9273981.0
1591934400,0.0024798,0.002497,0.0024753,0.0024913,6832393.0
1591948800,0.0024913,0.0025,0.0024853,0.0024935,12634021.0
1591963200,0.0024935,0.0025054,0.0024707,0.0024776,19560383.0
1591977600,0.0024776,0.002525,0.002447,0.0024933,69242999.0
1591992000,0.0024933,0.0025242,0.0024896,0.0025,15743659.0
1592006400,0.0025,0.0025198,0.0024965,0.0025001,6480117.0
1592020800,0.0025001,0.0025153,0.0024869,0.0025052,12598623.0
1592035200,0.0025052,0.0025149,0.0024919,0.0024919,13810738.0
1592049600,0.0024919,0.0025328,0.00249,0.0025261,14334071.0
1592064000,0.0025261,0.0025338,0.0025077,0.0025175,30715875.0
1592078400,0.0025175,0.0025336,0.0024961,0.0025241,15692320.0
1592092800,0.0025241,0.0025319,0.0025091,0.0025177,10485388.0
1592107200,0.0025177,0.0025186,0.002509,0.002515,9343339.0
1592121600,0.002515,0.0025253,0.0024933,0.0025048,14678918.0
1592136000,0.0025048,0.0025091,0.0024878,0.0024994,17667034.0
1592150400,0.0024994,0.00251,0.0024958,0.0025099,6517825.0
1592164800,0.0025099,0.00251,0.002482,0.0024972,6965786.0
1592179200,0.0024972,0.0024972,0.0024028,0.0024331,15909286.0
1592193600,0.0024331,0.0024508,0.0023963,0.0024366,50748789.0
1592208000,0.0024366,0.0024366,0.00242,0.0024251,25343631.0
1592222400,0.0024251,0.0024506,0.0023966,0.0024492,31303972.0
1592236800,0.0024492,0.0024769,0.0024423,0.0024629,16181823.0
1592251200,0.0024629,0.0024923,0.0024629,0.0024743,7571251.0
1592265600,0.0024743,0.0024999,0.0024569,0.002498,7169849.0
1592280000,0.002498,0.002498,0.0024792,0.0024965,11476591.0
1592294400,0.0024965,0.0024965,0.002467,0.0024725,17977197.0
1592308800,0.0024725,0.0024855,0.0024087,0.0024526,145593234.0
1592323200,0.0024526,0.0024957,0.0024403,0.002492,30322047.0
1592337600,0.002492,0.0024949,0.0024782,0.0024855,6957449.0
1592352000,0.0024855,0.0024897,0.0024711,0.00248,10217723.0
1592366400,0.00248,0.0024915,0.0024628,0.0024804,29168758.0
1592380800,0.0024804,0.002491,0.0024445,0.0024802,22915952.0
1592395200,0.0024802,0.0024895,0.0024524,0.0024634,17991447.0
1592409600,0.0024634,0.0025024,0.00245,0.0024616,39714145.0
1592424000,0.0024616,0.0024806,0.0024503,0.0024806,16083656.0
1592438400,0.0024806,0.0024848,0.00247,0.00248,4019224.0
1592452800,0.00248,0.0024919,0.0024703,0.0024812,6803500.0
1592467200,0.0024812,0.00249,0.0024674,0.0024674,13835764.0
1592481600,0.0024674,0.002481,0.0024659,0.0024695,12856837.0
1592496000,0.0024695,0.0024788,0.00246,0.0024604,7749196.0
1592510400,0.0024604,0.0024716,0.0024322,0.0024575,13873461.0
1592524800,0.0024575,0.0024575,0.0024256,0.0024366,8771564.0
1592539200,0.0024366,0.0024455,0.0024306,0.0024306,13691155.0
1592553600,0.0024306,0.002468,0.0024293,0.002439,23330285.0
1592568000,0.002439,0.0024625,0.002439,0.0024599,9579667.0
1592582400,0.0024599,0.0024627,0.0024328,0.002436,15246863.0
1592596800,0.002436,0.0024499,0.00243,0.0024399,13947057.0
1592611200,0.0024399,0.0024487,0.0024304,0.0024475,3884883.0
1592625600,0.0024475,0.0024516,0.0024304,0.0024465,10628503.0
1592640000,0.0024465,0.0024485,0.0023921,0.0024326,24759360.0
1592654400,0.0024326,0.0024395,0.0024239,0.0024309,7719513.0
1592668800,0.0024309,0.0024452,0.0024276,0.0024322,5671123.0
1592683200,0.0024322,0.00245,0.0024303,0.0024419,6602690.0
1592697600,0.0024419,0.0024512,0.002433,0.002433,13721971.0
1592712000,0.002433,0.0024597,0.002433,0.0024541,9513442.0
1592726400,0.0024541,0.0024658,0.0024389,0.0024501,16397173.0
1592740800,0.0024501,0.0024556,0.0024411,0.0024526,8900879.0
1592755200,0.0024526,0.0024565,0.002443,0.0024464,7107836.0
1592769600,0.0024464,0.0024649,0.0024277,0.0024295,28913876.0
1592784000,0.0024295,0.002465,0.0024295,0.0024556,10346080.0
1592798400,0.0024556,0.0024651,0.0024477,0.0024556,25199237.0
1592812800,0.0024556,0.0024651,0.0024525,0.0024635,12788040.0
1592827200,0.0024635,0.002473,0.0024568,0.002469,19196010.0
1592841600,0.002469,0.0025001,0.0024627,0.0024669,31185139.0
1592856000,0.0024669,0.0024947,0.0024607,0.0024731,19555644.0
1592870400,0.0024731,0.0024876,0.0024646,0.0024749,6513160.0
1592884800,0.0024749,0.0024761,0.0024615,0.0024668,10197175.0
1592899200,0.0024668,0.0024909,0.0024618,0.0024868,34323267.0
1592913600,0.0024868,0.00249,0.0024633,0.0024757,25131659.0
1592928000,0.0024757,0.0024874,0.0024633,0.0024757,13666497.0
1592942400,0.0024757,0.0024838,0.0024615,0.0024686,6854675.0
1592956800,0.0024686,0.0024867,0.0024686,0.002485,4468637.0
1592971200,0.002485,0.0024866,0.00244,0.00244,19360291.0
1592985600,0.00244,0.0024567,0.002415,0.0024225,28019412.0
1593000000,0.0024225,0.0024367,0.0023818,0.0023945,41596391.0
1593014400,0.0023945,0.0024294,0.0023772,0.0024208,23497897.0
1593028800,0.0024208,0.002428,0.002402,0.0024193,7889918.0
1593043200,0.0024193,0.0024255,0.0023869,0.0023952,9072674.0
1593057600,0.0023952,0.0024288,0.0023864,0.0024026,19803179.0
1593072000,0.0024026,0.0024245,0.0023914,0.0024019,20172793.0
1593086400,0.0024019,0.0024031,0.002378,0.0023988,16239703.0
1593100800,0.0023988,0.0024134,0.0023933,0.0024126,4950483.0
1593115200,0.0024126,0.0024159,0.0023963,0.0024081,3264067.0
1593129600,0.0024081,0.002417,0.0023924,0.0023968,3145494.0
1593144000,0.0023968,0.002397,0.0023517,0.0023601,19144962.0
1593158400,0.0023601,0.0023826,0.0023517,0.0023756,14311816.0
1593172800,0.0023756,0.0023822,0.0023465,0.0023563,19362777.0
1593187200,0.0023563,0.0023707,0.0023492,0.0023596,10456534.0
1593201600,0.0023596,0.0023657,0.0023531,0.0023593,3244394.0
1593216000,0.0023593,0.0023633,0.0023433,0.0023466,3463241.0
1593230400,0.0023466,0.0023635,0.0023381,0.0023612,4479770.0
1593244800,0.0023612,0.0023625,0.0023376,0.002357,11291125.0
1593259200,0.002357,0.002357,0.0023375,0.0023375,7726171.0
1593273600,0.0023375,0.0023446,0.00227,0.0022744,35422878.0
1593288000,0.0022744,0.0023186,0.0022744,0.0023045,32484505.0
1593302400,0.0023045,0.0023045,0.0022784,0.0022784,6065776.0
1593316800,0.0022784,0.0023026,0.0022784,0.0022893,9421736.0
1593331200,0.0022893,0.0023114,0.0022893,0.0023013,16979081.0
1593345600,0.0023013,0.00233,0.0022912,0.0023296,19435443.0
1593360000,0.0023296,0.0023358,0.0023142,0.0023156,38919595.0
1593374400,0.0023156,0.0023459,0.0023022,0.0023142,25573030.0
1593388800,0.0023142,0.0023249,0.0022908,0.002309,7695493.0
1593403200,0.002309,0.002324,0.0022992,0.0023005,7965251.0
1593417600,0.0023005,0.002322,0.0022964,0.0023172,6606755.0
1593432000,0.0023172,0.00233,0.0022943,0.0023095,37475467.0
1593446400,0.0023095,0.0023242,0.0022977,0.0023197,9860026.0
1593460800,0.0023197,0.00233,0.002297,0.0023077,15782107.0
1593475200,0.0023077,0.0023117,0.0022967,0.002303,3683353.0
1593489600,0.002303,0.0023065,0.0022821,0.0023001,15082095.0
1593504000,0.0023001,0.0023257,0.002294,0.0023216,16061169.0
1593518400,0.0023216,0.0023247,0.0022917,0.0023179,11695662.0
1593532800,0.0023179,0.0023219,0.0023097,0.002319,6126397.0
1593547200,0.002319,0.002319,0.0023037,0.0023185,5681549.0
1593561600,0.0023185,0.0023196,0.0023045,0.0023089,3498804.0
1593576000,0.0023089,0.0023165,0.0023053,0.002309,12999569.0
1593590400,0.002309,0.0023162,0.0023,0.0023085,38519332.0
1593604800,0.0023085,0.002338,0.0023084,0.002333,23639104.0
1593619200,0.002333,0.0023709,0.0023271,0.0023273,16040199.0
1593633600,0.0023273,0.0023343,0.0023067,0.0023203,25979070.0
1593648000,0.0023203,0.0023389,0.0023186,0.0023205,3788092.0
1593662400,0.0023205,0.0023333,0.0023125,0.0023231,13841319.0
1593676800,0.0023231,0.0023426,0.0023203,0.0023334,9531672.0
1593691200,0.0023334,0.0023474,0.0023,0.0023,24974103.0
1593705600,0.0023,0.0023163,0.0022839,0.00231,26350138.0
1593720000,0.00231,0.0023498,0.002307,0.002322,19500987.0
1593734400,0.002322,0.002322,0.0023075,0.002308,1894812.0
1593748800,0.002308,0.0023258,0.0023,0.0023258,6494180.0
1593763200,0.0023258,0.0023262,0.0022882,0.0023029,21367089.0
1593777600,0.0023029,0.0023337,0.0023001,0.0023103,11053675.0
1593792000,0.0023103,0.0023232,0.002299,0.0022991,20134839.0
1593806400,0.0022991,0.0023345,0.0022989,0.0023139,15443284.0
1593820800,0.0023139,0.0023193,0.0023043,0.0023048,4759469.0
1593835200,0.0023048,0.002314,0.002302,0.0023135,8955422.0
1593849600,0.0023135,0.0023186,0.002305,0.002314,6440015.0
1593864000,0.002314,0.0023196,0.0022993,0.0023196,15218269.0
1593878400,0.0023196,0.0023312,0.0023057,0.0023201,18087942.0
1593892800,0.0023201,0.0023247,0.0023006,0.0023012,6907658.0
1593907200,0.0023012,0.002319,0.0023012,0.0023089,4964310.0
1593921600,0.0023089,0.0023143,0.0022962,0.0023071,12715688.0
1593936000,0.0023071,0.0023071,0.0022886,0.002291,21826018.0
1593950400,0.002291,0.0023067,0.0022839,0.0022985,18941937.0
1593964800,0.0022985,0.0023056,0.0022838,0.0022867,19714128.0
1593979200,0.0022867,0.0023048,0.0022787,0.0023029,10544389.0
1593993600,0.0023029,0.0023088,0.002293,0.0022946,2805258.0
1594008000,0.0022946,0.0023489,0.0022944,0.0023237,21970655.0
1594022400,0.0023237,0.0023604,0.002322,0.0023598,31883887.0
1594036800,0.0023598,0.002423,0.002349,0.0024167,38602670.0
1594051200,0.0024167,0.0025303,0.0024007,0.0024778,161892578.0
1594065600,0.0024778,0.002622,0.0024756,0.0026193,204139859.0
1594080000,0.0026193,0.0027989,0.0025999,0.0027814,517287084.0
1594094400,0.0027814,0.0029,0.0026774,0.002797,974351061.0
1594108800,0.002797,0.002819,0.0026821,0.0027002,464239355.0
1594123200,0.0027002,0.0028909,0.0026869,0.0027732,555474191.0
1594137600,0.0027732,0.0028128,0.0027004,0.0027761,224936886.0
1594152000,0.0027761,0.0032953,0.0027542,0.003136,1229099972.0
1594166400,0.003136,0.0055999,0.00291,0.0039,6365304774.0
1594180800,0.0039,0.0045498,0.003882,0.0042,3251609371.0
1594195200,0.0042,0.0043835,0.00386,0.0039159,1769503463.0
1594209600,0.0039159,0.0040849,0.0034801,0.0038797,2856999275.0
1594224000,0.0038797,0.0047469,0.003731,0.0046501,3084863352.0
1594238400,0.0046501,0.0054,0.0044013,0.0047657,6328727844.0
1594252800,0.0047657,0.0050594,0.00405,0.0043463,2500760654.0
1594267200,0.0043463,0.00455,0.0041503,0.00455,1036505740.0
1594281600,0.00455,0.0048777,0.0042834,0.0046787,1892741447.0
1594296000,0.0046787,0.0048158,0.00435,0.0044885,1487237256.0
1594310400,0.0044885,0.0047499,0.0044009,0.0047498,854061074.0
1594324800,0.0047498,0.0047668,0.0042479,0.0043214,874069796.0
1594339200,0.0043214,0.0043334,0.003954,0.0040846,1034164486.0
1594353600,0.0040846,0.0042567,0.00374,0.0038727,1310145587.0
1594368000,0.0038727,0.0039134,0.0036478,0.0037608,1567945315.0
1594382400,0.0037608,0.0039762,0.003672,0.00386,722237137.0
1594396800,0.00386,0.0039062,0.0034001,0.0035778,1833686162.0
1594411200,0.0035778,0.0037166,0.0034486,0.0035313,1068606066.0
1594425600,0.0035313,0.0037,0.003495,0.003515,523077274.0
1594440000,0.003515,0.0037629,0.0034555,0.0037573,567917841.0
1594454400,0.0037573,0.00376,0.0035328,0.0035557,525528870.0
1594468800,0.0035557,0.0036899,0.0035557,0.0036368,307618797.0
1594483200,0.0036368,0.0038999,0.0036042,0.0038957,551359286.0
1594497600,0.0038957,0.0039634,0.0037527,0.0038041,1185859134.0
1594512000,0.0038041,0.0038501,0.003715,0.0038069,334436841.0
1594526400,0.0038069,0.0038367,0.0037425,0.0037758,189562636.0
1594540800,0.0037758,0.0037828,0.003668,0.0037093,283610770.0
1594555200,0.0037093,0.0037434,0.0035799,0.00362,377895030.0
1594569600,0.00362,0.0036851,0.0036101,0.003663,133722092.0
1594584000,0.003663,0.0036736,0.0036,0.0036358,227028265.0
1594598400,0.0036358,0.0036408,0.0034258,0.003506,496417492.0
1594612800,0.003506,0.003575,0.0034572,0.003522,275694723.0
1594627200,0.003522,0.0035657,0.0034922,0.0035201,234650818.0
1594641600,0.0035201,0.0035335,0.003185,0.0033057,1414414165.0
1594656000,0.0033057,0.0033368,0.0029767,0.0030746,930903871.0
1594670400,0.0030746,0.00322,0.0030562,0.0031677,655083467.0
1594684800,0.0031677,0.0031836,0.0030938,0.003132,146305857.0
1594699200,0.003132,0.0031993,0.0030302,0.0031391,305543524.0
1594713600,0.0031391,0.0032232,0.0031,0.0031682,315303242.0
1594728000,0.0031682,0.0032048,0.0031201,0.0031751,334239410.0
1594742400,0.0031751,0.00339,0.0031581,0.0033344,789441478.0
1594756800,0.0033344,0.00339,0.003246,0.0032888,425968511.0
1594771200,0.0032888,0.0032911,0.0031829,0.0031934,276140293.0
1594785600,0.0031934,0.0032239,0.0031402,0.0031912,197489067.0
1594800000,0.0031912,0.003218,0.0031255,0.0031807,172869102.0
1594814400,0.0031807,0.0031935,0.00307,0.0030995,398212311.0
1594828800,0.0030995,0.003135,0.003056,0.0030697,176132545.0
1594843200,0.0030697,0.00314,0.0030626,0.0030868,165466734.0
1594857600,0.0030868,0.003096,0.003015,0.00306,308825754.0
1594872000,0.00306,0.0030862,0.0029292,0.0029554,418645965.0
1594886400,0.0029554,0.003003,0.0028525,0.0029583,502827516.0
1594900800,0.0029583,0.0029894,0.0028721,0.0029365,407240033.0
1594915200,0.0029365,0.002958,0.0029128,0.002935,192840475.0
1594929600,0.002935,0.0030245,0.0029079,0.0029808,239818013.0
1594944000,0.0029808,0.00309,0.00297,0.0030063,492782871.0
1594958400,0.0030063,0.00306,0.0029169,0.0029645,320422521.0
1594972800,0.0029645,0.0030539,0.0029416,0.00303,262305823.0
1594987200,0.00303,0.00306,0.0029735,0.0030342,345300896.0
1595001600,0.0030342,0.0030549,0.0030092,0.0030346,185816332.0
1595016000,0.0030346,0.00309,0.00302,0.0030528,278753787.0
1595030400,0.0030528,0.00368,0.003013,0.0034111,4038705328.0
1595044800,0.0034111,0.0034651,0.00334,0.00338,1091429124.0
1595059200,0.00338,0.0035075,0.0033718,0.0034179,851414796.0
1595073600,0.0034179,0.0035872,0.0033747,0.0035464,770328443.0
1595088000,0.0035464,0.0036222,0.0034756,0.0035269,962096460.0
1595102400,0.0035269,0.0035943,0.0034413,0.003449,618802699.0
1595116800,0.003449,0.0037789,0.0034361,0.0035445,1659921557.0
1595131200,0.0035445,0.0036377,0.0034909,0.0035083,440252232.0
1595145600,0.0035083,0.0035216,0.0033602,0.0033896,481059993.0
1595160000,0.0033896,0.003446,0.0033104,0.0033953,602148161.0
1595174400,0.0033953,0.0034469,0.0033515,0.0034152,244156492.0
1595188800,0.0034152,0.0034328,0.0033602,0.0033811,232048168.0
1595203200,0.0033811,0.0034315,0.003333,0.003336,210726931.0
1595217600,0.003336,0.0033825,0.0033121,0.0033582,207377927.0
1595232000,0.0033582,0.003365,0.0032511,0.003273,279610948.0
1595246400,0.003273,0.003278,0.0031561,0.0032386,442187251.0
1595260800,0.0032386,0.0032475,0.00314,0.0031879,314976031.0
1595275200,0.0031879,0.003244,0.0031603,0.0032201,181736801.0
1595289600,0.0032201,0.0033148,0.0031837,0.0032499,198751954.0
1595304000,0.0032499,0.0032746,0.0031773,0.0032181,234071866.0
1595318400,0.0032181,0.0032932,0.0031884,0.0032475,257828323.0
1595332800,0.0032475,0.0033659,0.0031377,0.0032458,237408960.0
1595347200,0.0032458,0.0032879,0.003228,0.0032686,91936586.0
1595361600,0.0032686,0.003304,0.0032221,0.0032979,168851267.0
1595376000,0.0032979,0.0032979,0.00322,0.0032304,114802973.0
1595390400,0.0032304,0.0032547,0.00321,0.0032247,77322876.0
1595404800,0.0032247,0.0032614,0.003215,0.0032281,83131037.0
1595419200,0.0032281,0.00326,0.0032089,0.0032403,106721840.0
1595433600,0.0032403,0.0032503,0.0032325,0.0032388,68026087.0
1595448000,0.0032388,0.003305,0.0032326,0.0032868,141706938.0
1595462400,0.0032868,0.003337,0.0032601,0.0032639,192222739.0
1595476800,0.0032639,0.003292,0.0032598,0.0032835,56340659.0
1595491200,0.0032835,0.0033185,0.0032821,0.0032997,102058883.0
1595505600,0.0032997,0.0033273,0.0032727,0.0033273,207254318.0
1595520000,0.0033273,0.0033353,0.0032733,0.0032899,129224097.0
1595534400,0.0032899,0.00333,0.003269,0.0032997,105807367.0
1595548800,0.0032997,0.0033114,0.0032,0.0032177,163908447.0
1595563200,0.0032177,0.0032546,0.0031465,0.003193,208130581.0
1595577600,0.003193,0.0032221,0.00318,0.0031877,107912190.0
1595592000,0.0031877,0.0032247,0.0031712,0.0031914,107596742.0
1595606400,0.0031914,0.0032398,0.00318,0.0032199,95530051.0
1595620800,0.0032199,0.00327,0.0031974,0.0032113,141480969.0
1595635200,0.0032113,0.0032635,0.0031953,0.0032568,109285195.0
1595649600,0.0032568,0.0032629,0.0032,0.0032187,85498393.0
1595664000,0.0032187,0.00324,0.0032097,0.0032141,71804284.0
1595678400,0.0032141,0.0032221,0.0031923,0.0032139,70708608.0
1595692800,0.0032139,0.0032356,0.0032038,0.003225,94460155.0
1595707200,0.003225,0.0033433,0.0031761,0.0032475,435831498.0
1595721600,0.0032475,0.003264,0.0032071,0.0032431,75823477.0
1595736000,0.0032431,0.0032898,0.003228,0.0032615,90103658.0
1595750400,0.0032615,0.0032786,0.0031871,0.0032157,334641083.0
1595764800,0.0032157,0.0032349,0.0031728,0.0031974,204943944.0
1595779200,0.0031974,0.0032469,0.0031871,0.0032095,123798534.0
1595793600,0.0032095,0.003257,0.0032091,0.0032323,58847229.0
1595808000,0.0032323,0.0032441,0.00315,0.0031885,217618391.0
1595822400,0.0031885,0.003208,0.0031518,0.003162,140841611.0
1595836800,0.003162,0.0032,0.0031553,0.0031661,75251531.0
1595851200,0.0031661,0.0031726,0.0030019,0.0030838,372776858.0
1595865600,0.0030838,0.0031678,0.0030799,0.003158,255846494.0
1595880000,0.003158,0.0032306,0.0031111,0.0031694,277557796.0
1595894400,0.0031694,0.0031846,0.0031339,0.0031745,101369004.0
1595908800,0.0031745,0.0031908,0.0031521,0.0031692,132968212.0
1595923200,0.0031692,0.0031753,0.0031238,0.0031493,83862210.0
1595937600,0.0031493,0.0031778,0.0031401,0.0031717,124004639.0
1595952000,0.0031717,0.003225,0.0031327,0.0031796,109952175.0
1595966400,0.0031796,0.0032172,0.0031515,0.003188,97774512.0
1595980800,0.003188,0.0033,0.003188,0.0032553,155556200.0
1595995200,0.0032553,0.0032735,0.0032136,0.0032311,84857434.0
1596009600,0.0032311,0.0032402,0.0031758,0.0032305,113714903.0
1596024000,0.0032305,0.0032622,0.00318,0.0032081,106968842.0
1596038400,0.0032081,0.003222,0.0031632,0.0031748,104562917.0
1596052800,0.0031748,0.003231,0.0031542,0.0031663,109723533.0
1596067200,0.0031663,0.0031723,0.0031334,0.0031604,37379877.0
1596081600,0.0031604,0.0031909,0.0031584,0.0031761,72260651.0
1596096000,0.0031761,0.0031937,0.0031662,0.0031778,109869492.0
1596110400,0.0031778,0.0031957,0.003162,0.0031685,47123157.0
1596124800,0.0031685,0.00325,0.003164,0.0032281,173911604.0
1596139200,0.0032281,0.0032424,0.0031981,0.0032281,82781084.0
1596153600,0.0032281,0.003239,0.0031751,0.0031928,80150245.0
1596168000,0.0031928,0.00322,0.0031713,0.00319,76726803.0
1596182400,0.00319,0.0032342,0.003187,0.0032106,90917387.0
1596196800,0.0032106,0.00322,0.0031866,0.003198,83986547.0
1596211200,0.003198,0.0032229,0.0031866,0.0032174,148165986.0
1596225600,0.0032174,0.0032412,0.0031868,0.003224,152372234.0
1596240000,0.003224,0.00327,0.0032001,0.0032557,95111703.0
1596254400,0.0032557,0.003414,0.0032437,0.0034075,310227976.0
1596268800,0.0034075,0.0039,0.0034025,0.003685,2125810453.0
1596283200,0.003685,0.0037475,0.0035645,0.0036575,993683856.0
1596297600,0.0036575,0.0037375,0.0036,0.003692,369576007.0
1596312000,0.003692,0.0037969,0.003624,0.0037144,404314377.0
1596326400,0.0037144,0.0037754,0.0035281,0.0036022,705958421.0
1596340800,0.0036022,0.0036198,0.0031,0.0034437,724954180.0
1596355200,0.0034437,0.0034468,0.0032347,0.0032929,263322025.0
1596369600,0.0032929,0.0034,0.0032601,0.0033083,227910134.0
1596384000,0.0033083,0.0033858,0.0032967,0.0033476,266808372.0
1596398400,0.0033476,0.0033955,0.003311,0.0033312,148393886.0
1596412800,0.0033312,0.0034115,0.0032995,0.0033892,217315843.0
1596427200,0.0033892,0.0034468,0.003368,0.0034102,150750775.0
1596441600,0.0034102,0.0034349,0.0033635,0.0033899,107283266.0
1596456000,0.0033899,0.0034206,0.0033604,0.0034185,154152426.0
1596470400,0.0034185,0.0034433,0.0033779,0.0033933,135442039.0
1596484800,0.0033933,0.003421,0.0033661,0.0033818,94856111.0
1596499200,0.0033818,0.0034576,0.0033608,0.0033803,191378387.0
1596513600,0.0033803,0.0034111,0.0033704,0.0033729,69266115.0
1596528000,0.0033729,0.0035396,0.003365,0.00345,465543150.0
1596542400,0.00345,0.0034994,0.0033825,0.0034523,174438524.0
1596556800,0.0034523,0.0034913,0.0034239,0.0034547,85339607.0
1596571200,0.0034547,0.0035746,0.00345,0.0035458,261475008.0
1596585600,0.0035458,0.0035868,0.0035032,0.0035815,141202717.0
1596600000,0.0035815,0.0035871,0.0035,0.0035,180283148.0
1596614400,0.0035,0.0035402,0.0035,0.0035292,184649941.0
1596628800,0.0035292,0.0035578,0.0034774,0.0035013,265671191.0
1596643200,0.0035013,0.0035235,0.0034822,0.0035067,131032153.0
1596657600,0.0035067,0.0035415,0.003449,0.0035028,196478607.0
1596672000,0.0035028,0.0035211,0.0034518,0.0034686,93078068.0
1596686400,0.0034686,0.0035231,0.00345,0.0035126,89941644.0
1596700800,0.0035126,0.003543,0.0034808,0.0034974,170241052.0
1596715200,0.0034974,0.003548,0.0034902,0.003532,192984431.0
1596729600,0.003532,0.00365,0.0035317,0.0035734,264080583.0
1596744000,0.0035734,0.0036058,0.0035175,0.00356,98620364.0
1596758400,0.00356,0.003617,0.0035444,0.0036001,89191937.0
1596772800,0.0036001,0.0036157,0.0035809,0.0035854,84563761.0
1596787200,0.0035854,0.003592,0.0035359,0.0035476,91106155.0
1596801600,0.0035476,0.003584,0.0034875,0.003514,197027773.0
1596816000,0.003514,0.0035552,0.003317,0.0034316,263233540.0
1596830400,0.0034316,0.00355,0.00343,0.003496,160952878.0
1596844800,0.003496,0.0035164,0.0034542,0.0034731,46656761.0
1596859200,0.0034731,0.003512,0.003445,0.0034937,130033840.0
1596873600,0.0034937,0.0035249,0.003475,0.003513,63976009.0
1596888000,0.003513,0.0035242,0.0034826,0.0034905,84602112.0
1596902400,0.0034905,0.0035028,0.0033981,0.0034785,200070891.0
1596916800,0.0034785,0.0035238,0.0034697,0.0035134,99629447.0
1596931200,0.0035134,0.00353,0.003474,0.003485,71557982.0
1596945600,0.003485,0.0035026,0.0034556,0.0034768,82990520.0
1596960000,0.0034768,0.003505,0.0034616,0.0034952,92341115.0
1596974400,0.0034952,0.0034952,0.0034149,0.003435,127944976.0
1596988800,0.003435,0.0034618,0.0034103,0.0034443,139952548.0
1597003200,0.0034443,0.00348,0.0034331,0.0034664,72654952.0
1597017600,0.0034664,0.00352,0.003446,0.0034878,178188075.0
1597032000,0.0034878,0.0035013,0.0034645,0.0034678,65753363.0
1597046400,0.0034678,0.00351,0.0034089,0.003455,144852451.0
1597060800,0.003455,0.0035559,0.0034513,0.0035269,267970342.0
1597075200,0.0035269,0.003532,0.0034811,0.0035118,107977449.0
1597089600,0.0035118,0.003517,0.00346,0.0034952,61798671.0
1597104000,0.0034952,0.0035778,0.00349,0.00355,184427628.0
1597118400,0.00355,0.0035778,0.0034803,0.003502,202360724.0
1597132800,0.003502,0.0035167,0.00341,0.0034631,206858406.0
1597147200,0.0034631,0.0034677,0.0033425,0.0033864,293800184.0
1597161600,0.0033864,0.0034332,0.003326,0.0033848,140185193.0
1597176000,0.0033848,0.0034099,0.0033168,0.0033906,188354014.0
1597190400,0.0033906,0.0033957,0.0033333,0.0033756,88185386.0
1597204800,0.0033756,0.0034373,0.0033165,0.0034155,173954336.0
1597219200,0.0034155,0.00349,0.0034095,0.0034605,189423475.0
1597233600,0.0034605,0.0034965,0.0034422,0.0034931,159296823.0
1597248000,0.0034931,0.0034965,0.00344,0.0034685,136882685.0
1597262400,0.0034685,0.003485,0.0034333,0.0034606,81317987.0
1597276800,0.0034606,0.0035089,0.0034501,0.0034859,156541235.0
1597291200,0.0034859,0.0034861,0.0033869,0.0034153,162154873.0
1597305600,0.0034153,0.0034494,0.003335,0.0034473,186761940.0
1597320000,0.0034473,0.0034605,0.003389,0.0034165,118991062.0
1597334400,0.0034165,0.0035208,0.00339,0.0034764,337928843.0
1597348800,0.0034764,0.0034903,0.00342,0.0034877,179046736.0
1597363200,0.0034877,0.0034949,0.0034363,0.0034473,160845540.0
1597377600,0.0034473,0.0034847,0.0034334,0.0034769,114006325.0
1597392000,0.0034769,0.003515,0.00347,0.003509,180144976.0
1597406400,0.003509,0.003509,0.00346,0.0034677,86957727.0
1597420800,0.0034677,0.0035098,0.0034652,0.0034944,85711839.0
1597435200,0.0034944,0.00359,0.0034796,0.0035731,224447882.0
1597449600,0.0035731,0.0036243,0.0035051,0.00351,201923217.0
1597464000,0.00351,0.0035473,0.0034617,0.0035109,107858860.0
1597478400,0.0035109,0.0035524,0.0034902,0.003538,164501068.0
1597492800,0.003538,0.0036191,0.0035203,0.0035901,271437852.0
1597507200,0.0035901,0.0036044,0.0035469,0.0035594,115774094.0
1597521600,0.0035594,0.0035923,0.003524,0.0035328,204070787.0
1597536000,0.0035328,0.0035583,0.0035,0.0035282,111749025.0
1597550400,0.0035282,0.0035437,0.003511,0.0035306,79829135.0
1597564800,0.0035306,0.0035346,0.0034569,0.003464,168074032.0
1597579200,0.003464,0.0035204,0.0034382,0.0035077,152905631.0
1597593600,0.0035077,0.003534,0.0034837,0.0035075,76695630.0
1597608000,0.0035075,0.0035474,0.00349,0.0035302,167029866.0
1597622400,0.0035302,0.0035383,0.0035,0.003502,93567712.0
1597636800,0.003502,0.0037039,0.0034927,0.0037039,555659842.0
1597651200,0.0037039,0.0037238,0.00361,0.0036318,351228123.0
1597665600,0.0036318,0.0036451,0.0035518,0.0036068,374052406.0
1597680000,0.0036068,0.0036262,0.003592,0.0036108,104582249.0
1597694400,0.0036108,0.003658,0.0035733,0.0035877,117459108.0
1597708800,0.0035877,0.00369,0.0035795,0.0036896,146664754.0
1597723200,0.0036896,0.0037165,0.0035882,0.0036187,225960927.0
1597737600,0.0036187,0.0036271,0.0035149,0.0035261,214923756.0
1597752000,0.0035261,0.0035571,0.0034297,0.0035134,363280365.0
1597766400,0.0035134,0.0035489,0.0034866,0.0035259,92690855.0
1597780800,0.0035259,0.003574,0.0034737,0.003476,78829968.0
1597795200,0.003476,0.0035374,0.00345,0.0034676,101956355.0
1597809600,0.0034676,0.0034731,0.0033437,0.0034392,227278107.0
1597824000,0.0034392,0.0034703,0.0033965,0.0034279,111940963.0
1597838400,0.0034279,0.00346,0.0033779,0.0033919,135640778.0
1597852800,0.0033919,0.0034146,0.00335,0.0033563,140548145.0
1597867200,0.0033563,0.0034648,0.0033341,0.0034196,147711420.0
1597881600,0.0034196,0.0034527,0.0033817,0.0033937,74929707.0
1597896000,0.0033937,0.0034478,0.0033711,0.0034144,94664447.0
1597910400,0.0034144,0.0034571,0.0034026,0.0034551,64338700.0
1597924800,0.0034551,0.0034999,0.0034202,0.0034971,86115500.0
1597939200,0.0034971,0.0035043,0.0034518,0.0034644,76740144.0
1597953600,0.0034644,0.0034749,0.0034228,0.0034399,86395824.0
1597968000,0.0034399,0.0034658,0.0034054,0.0034572,120872684.0
1597982400,0.0034572,0.0035651,0.0034572,0.003507,331301783.0
1597996800,0.003507,0.0035472,0.0034642,0.003465,233555432.0
1598011200,0.003465,0.0034696,0.0033908,0.003415,148322012.0
1598025600,0.003415,0.003441,0.0033622,0.0034,138913438.0
1598040000,0.0034,0.0034385,0.0033677,0.0033776,109369834.0
1598054400,0.0033776,0.0033808,0.0033201,0.0033747,120540384.0
1598068800,0.0033747,0.0034226,0.0033506,0.0033863,152596773.0
1598083200,0.0033863,0.003417,0.0033493,0.0033551,144981973.0
1598097600,0.0033551,0.0034286,0.0033551,0.0034132,78575907.0
1598112000,0.0034132,0.0034479,0.003375,0.0034165,72983125.0
1598126400,0.0034165,0.0034605,0.003398,0.0034331,94223127.0
1598140800,0.0034331,0.0034422,0.0033764,0.0034011,96483523.0
1598155200,0.0034011,0.0034377,0.0033607,0.0034217,101550157.0
1598169600,0.0034217,0.0034308,0.0033833,0.0033886,80443987.0
1598184000,0.0033886,0.0034562,0.0033886,0.0034226,74642133.0
1598198400,0.0034226,0.0034515,0.0034069,0.0034305,60392993.0
1598212800,0.0034305,0.00344,0.00339,0.0033955,35840475.0
1598227200,0.0033955,0.0034689,0.0033715,0.0033828,202400981.0
1598241600,0.0033828,0.0034392,0.0033719,0.0034239,126876740.0
1598256000,0.0034239,0.003451,0.0034138,0.0034335,69002613.0
1598270400,0.0034335,0.0034404,0.0033899,0.0033958,103228895.0
1598284800,0.0033958,0.0034403,0.003377,0.0033965,103984850.0
1598299200,0.0033965,0.0034271,0.0033878,0.0034116,91745353.0
1598313600,0.0034116,0.0034261,0.0033917,0.0033978,102388955.0
1598328000,0.0033978,0.0034076,0.0033487,0.0033595,75538497.0
1598342400,0.0033595,0.0033919,0.0033325,0.0033701,157667250.0
1598356800,0.0033701,0.0033701,0.0032628,0.0032916,205728107.0
1598371200,0.0032916,0.0033111,0.0032092,0.0032736,171378759.0
1598385600,0.0032736,0.0033259,0.0032416,0.0032907,91651218.0
1598400000,0.0032907,0.0032907,0.003235,0.0032855,65718872.0
1598414400,0.0032855,0.0033037,0.003255,0.0032637,57735190.0
1598428800,0.0032637,0.0033134,0.0032627,0.0032843,52337440.0
1598443200,0.0032843,0.003306,0.0032323,0.0032972,105347339.0
1598457600,0.0032972,0.0033461,0.0032812,0.0032937,165700105.0
1598472000,0.0032937,0.0033238,0.0032806,0.0032939,126255941.0
1598486400,0.0032939,0.0033078,0.0032727,0.0032959,36598733.0
1598500800,0.0032959,0.0033062,0.0032758,0.0032953,39538876.0
1598515200,0.0032953,0.0033,0.0032086,0.0032137,115488276.0
1598529600,0.0032137,0.0032788,0.0031883,0.0032209,196846173.0
1598544000,0.0032209,0.0032346,0.0031427,0.0031754,264211967.0
1598558400,0.0031754,0.0032456,0.0031639,0.0031997,159195316.0
1598572800,0.0031997,0.0032169,0.0031678,0.0032138,48971944.0
1598587200,0.0032138,0.0032196,0.0031994,0.003207,76626480.0
1598601600,0.003207,0.0032456,0.003207,0.0032409,46334440.0
1598616000,0.0032409,0.0032561,0.0032141,0.0032493,103181009.0
1598630400,0.0032493,0.0032686,0.0032339,0.0032536,75021767.0
1598644800,0.0032536,0.0032687,0.0032185,0.0032637,64512580.0
1598659200,0.0032637,0.00327,0.0032285,0.003266,55239012.0
1598673600,0.003266,0.003281,0.0032441,0.0032758,91881417.0
1598688000,0.0032758,0.0032973,0.0032533,0.0032631,62702989.0
1598702400,0.0032631,0.003279,0.0032494,0.0032669,92424303.0
1598716800,0.0032669,0.0032874,0.0032556,0.0032762,82594932.0
1598731200,0.0032762,0.0032949,0.0032735,0.0032749,58238998.0
1598745600,0.0032749,0.003348,0.0032671,0.0033194,87293908.0
1598760000,0.0033194,0.003325,0.0032787,0.0032881,69794782.0
1598774400,0.0032881,0.0033165,0.00327,0.0032942,51273349.0
1598788800,0.0032942,0.0033194,0.003261,0.0032717,106724798.0
1598803200,0.0032717,0.0032954,0.0032666,0.0032799,44736791.0
1598817600,0.0032799,0.0033267,0.0032668,0.0032981,96795671.0
1598832000,0.0032981,0.0033054,0.0032705,0.0032795,78768815.0
1598846400,0.0032795,0.0032833,0.0032462,0.0032621,61893871.0
1598860800,0.0032621,0.0032821,0.0032456,0.003273,153666540.0
1598875200,0.003273,0.0032883,0.0032249,0.0032403,232390478.0
1598889600,0.0032403,0.0032664,0.0032119,0.0032244,125158412.0
1598904000,0.0032244,0.0032312,0.0031841,0.0032073,140518914.0
1598918400,0.0032073,0.003234,0.0031519,0.0032219,138607739.0
1598932800,0.0032219,0.0032648,0.0032135,0.0032551,79377847.0
1598947200,0.0032551,0.0032784,0.0032191,0.0032278,116242130.0
1598961600,0.0032278,0.0032532,0.0031916,0.0032397,134544386.0
1598976000,0.0032397,0.0032624,0.0032164,0.003221,133727533.0
1598990400,0.003221,0.0032768,0.0032136,0.0032411,126492460.0
1599004800,0.0032411,0.0032626,0.0032031,0.003212,66203503.0
1599019200,0.003212,0.00324,0.0031801,0.0031879,67518859.0
1599033600,0.0031879,0.0032191,0.0030101,0.0031073,268760551.0
1599048000,0.0031073,0.0031109,0.003048,0.0030725,178449609.0
1599062400,0.0030725,0.0031163,0.0030474,0.0031125,109476899.0
1599076800,0.0031125,0.0031421,0.0030929,0.0031161,67730149.0
1599091200,0.0031161,0.0031265,0.0030678,0.0030775,103213598.0
1599105600,0.0030775,0.0030811,0.0030101,0.0030763,116381649.0
1599120000,0.0030763,0.0030979,0.0030111,0.0030201,153067448.0
1599134400,0.0030201,0.003033,0.0028601,0.0029193,396659515.0
1599148800,0.0029193,0.0029472,0.0028723,0.002929,282834809.0
1599163200,0.002929,0.0029431,0.0027,0.0027692,150367173.0
1599177600,0.0027692,0.002817,0.0027268,0.002797,151162391.0
1599192000,0.002797,0.0028099,0.0027006,0.0027773,208189578.0
1599206400,0.0027773,0.00285,0.002775,0.0028486,243153604.0
1599220800,0.0028486,0.002883,0.0027131,0.0028199,218028230.0
1599235200,0.0028199,0.0028581,0.0027898,0.0028518,161350150.0
1599249600,0.0028518,0.0029632,0.0028518,0.0028797,146897311.0
1599264000,0.0028797,0.0029205,0.0028651,0.0029047,159865735.0
1599278400,0.0029047,0.0029269,0.0028762,0.0028876,107526306.0
1599292800,0.0028876,0.0028922,0.0027665,0.0028042,237046838.0
1599307200,0.0028042,0.0028491,0.0027337,0.0028218,280677131.0
1599321600,0.0028218,0.0028299,0.0026786,0.0027215,181818993.0
1599336000,0.0027215,0.0027786,0.0026993,0.002764,91808829.0
1599350400,0.002764,0.0027752,0.0027182,0.0027289,137572499.0
1599364800,0.0027289,0.0027682,0.0026875,0.00276,266769478.0
1599379200,0.00276,0.0027931,0.002725,0.0027854,404236711.0
1599393600,0.0027854,0.0027942,0.0027089,0.0027416,178888032.0
1599408000,0.0027416,0.0027937,0.0027234,0.0027845,118364372.0
1599422400,0.0027845,0.0028068,0.0027536,0.0027859,59603180.0
1599436800,0.0027859,0.0028028,0.0027606,0.0027788,58258688.0
1599451200,0.0027788,0.00279,0.0027326,0.0027609,121849445.0
1599465600,0.0027609,0.0027846,0.0027039,0.0027252,194622909.0
1599480000,0.0027252,0.0028323,0.002688,0.0028246,331743014.0
1599494400,0.0028246,0.0028246,0.0027487,0.0027588,130982561.0
1599508800,0.0027588,0.0028373,0.0027421,0.0028151,93079417.0
1599523200,0.0028151,0.0028386,0.002761,0.0027739,104921794.0
1599537600,0.0027739,0.0028095,0.0027425,0.002796,56854177.0
1599552000,0.002796,0.0028176,0.0027018,0.0027244,132925229.0
1599566400,0.0027244,0.0027607,0.0027059,0.0027408,90455821.0
1599580800,0.0027408,0.002765,0.002689,0.0027089,105009247.0
1599595200,0.0027089,0.0027762,0.0026742,0.002747,112678897.0
1599609600,0.002747,0.0027627,0.0026863,0.0027022,106399928.0
1599624000,0.0027022,0.0027492,0.0026946,0.0027398,111283728.0
1599638400,0.0027398,0.0027668,0.0027262,0.002747,78598467.0
1599652800,0.002747,0.002805,0.002747,0.0027917,132311262.0
1599667200,0.0027917,0.0027995,0.0027668,0.0027844,108400966.0
1599681600,0.0027844,0.002794,0.0027614,0.002779,66907054.0
1599696000,0.002779,0.0028447,0.0027778,0.0027923,108896089.0
1599710400,0.0027923,0.0028073,0.0027575,0.0027717,82797054.0
1599724800,0.0027717,0.0027859,0.0027522,0.0027758,49256695.0
1599739200,0.0027758,0.002848,0.002773,0.0028075,149937903.0
1599753600,0.0028075,0.0028275,0.002778,0.0027868,121946805.0
1599768000,0.0027868,0.0028132,0.0027825,0.0028077,76220075.0
1599782400,0.0028077,0.00282,0.0027364,0.0027596,135719204.0
1599796800,0.0027596,0.0027937,0.0027439,0.0027578,144147957.0
1599811200,0.0027578,0.0027827,0.0027549,0.0027638,110965992.0
1599825600,0.0027638,0.0028066,0.0027564,0.0028015,87393362.0
1599840000,0.0028015,0.0028106,0.00276,0.0027969,98427836.0
1599854400,0.0027969,0.0028037,0.002772,0.0027956,56857337.0
1599868800,0.0027956,0.0027994,0.002765,0.0027794,63899546.0
1599883200,0.0027794,0.0027897,0.0027658,0.0027837,57403559.0
1599897600,0.0027837,0.0027934,0.00277,0.0027912,77578360.0
1599912000,0.0027912,0.0027912,0.00276,0.0027797,87926702.0
1599926400,0.0027797,0.0028321,0.0027678,0.0028163,143084627.0
1599940800,0.0028163,0.0028305,0.0027892,0.0028141,108179530.0
1599955200,0.0028141,0.0028159,0.0027624,0.0028121,103755938.0
1599969600,0.0028121,0.0028199,0.002796,0.00281,98361772.0
1599984000,0.00281,0.0028159,0.002775,0.0027819,164529830.0
1599998400,0.0027819,0.0027976,0.0027548,0.0027564,160605530.0
1600012800,0.0027564,0.0027845,0.0027403,0.0027742,141132199.0
1600027200,0.0027742,0.0027855,0.00276,0.002783,68547524.0
1600041600,0.002783,0.002793,0.0027334,0.0027658,120926874.0
1600056000,0.0027658,0.0027785,0.0027464,0.002778,122077189.0
1600070400,0.002778,0.0027795,0.0027385,0.0027708,124760483.0
1600084800,0.0027708,0.0028132,0.0027629,0.0028039,123321430.0
1600099200,0.0028039,0.0028143,0.002772,0.0027827,56032749.0
1600113600,0.0027827,0.0028141,0.0027708,0.0027851,74950478.0
1600128000,0.0027851,0.00283,0.0027762,0.0028032,83883193.0
1600142400,0.0028032,0.0028699,0.0027935,0.0028522,118525759.0
1600156800,0.0028522,0.00286,0.0027751,0.0028442,172060399.0
1600171200,0.0028442,0.0028508,0.0028,0.0028087,202117539.0
1600185600,0.0028087,0.002824,0.0027809,0.0028048,114696313.0
1600200000,0.0028048,0.0028497,0.0027956,0.0028278,146663728.0
1600214400,0.0028278,0.0028348,0.00278,0.002817,74321880.0
1600228800,0.002817,0.00285,0.002816,0.0028422,92512983.0
1600243200,0.0028422,0.0028482,0.0028143,0.0028372,58083898.0
1600257600,0.0028372,0.00285,0.0027842,0.0028158,245579200.0
1600272000,0.0028158,0.0028293,0.0027859,0.0028105,115027926.0
1600286400,0.0028105,0.0028273,0.0027973,0.0028053,133242463.0
1600300800,0.0028053,0.0028577,0.0027924,0.0028011,133232568.0
1600315200,0.0028011,0.002818,0.0027919,0.0028062,115822015.0
1600329600,0.0028062,0.0028152,0.0027679,0.0028113,131076816.0
1600344000,0.0028113,0.0028113,0.0027625,0.0027925,133056806.0
1600358400,0.0027925,0.0028132,0.0027765,0.0028075,101266684.0
1600372800,0.0028075,0.0028138,0.0027906,0.0028078,93967695.0
1600387200,0.0028078,0.0028115,0.0027935,0.002807,112441265.0
1600401600,0.002807,0.0028139,0.0027905,0.0028103,72598945.0
1600416000,0.0028103,0.002815,0.0027905,0.0027918,93977316.0
1600430400,0.0027918,0.0028016,0.0027621,0.0027756,131231693.0
1600444800,0.0027756,0.00278,0.0027468,0.0027737,101993649.0
1600459200,0.0027737,0.0027994,0.002756,0.0027892,84598191.0
1600473600,0.0027892,0.0028,0.0027713,0.0027956,144221463.0
1600488000,0.0027956,0.0028045,0.0027748,0.0027837,101202687.0
1600502400,0.0027837,0.0028096,0.0027784,0.0027974,153396977.0
1600516800,0.0027974,0.0028099,0.00278,0.0027852,110306946.0
1600531200,0.0027852,0.002793,0.0027635,0.0027785,210763162.0
1600545600,0.0027785,0.002803,0.0027765,0.0027901,176442462.0
1600560000,0.0027901,0.0028009,0.00277,0.0027868,171264215.0
1600574400,0.0027868,0.0027973,0.0027753,0.0027933,84183349.0
1600588800,0.0027933,0.0028003,0.0027816,0.0027852,96323101.0
1600603200,0.0027852,0.002788,0.0027261,0.0027419,211771441.0
1600617600,0.0027419,0.0027711,0.0027234,0.0027626,149272962.0
1600632000,0.0027626,0.002787,0.0027452,0.0027729,180416338.0
1600646400,0.0027729,0.0027998,0.0027647,0.0027979,130963957.0
1600660800,0.0027979,0.0028035,0.00277,0.0027715,146312349.0
1600675200,0.0027715,0.0027794,0.0026738,0.002706,365504248.0
1600689600,0.002706,0.002707,0.0025688,0.0026201,358343290.0
1600704000,0.0026201,0.0026504,0.0026014,0.0026252,138807671.0
1600718400,0.0026252,0.0026627,0.0025972,0.0025972,234081122.0
1600732800,0.0025972,0.0026424,0.0025861,0.0026058,147660190.0
1600747200,0.0026058,0.0026236,0.0025802,0.0025919,115831507.0
1600761600,0.0025919,0.0026369,0.0025855,0.0026206,136247967.0
1600776000,0.0026206,0.0026588,0.0026058,0.0026336,114428013.0
1600790400,0.0026336,0.0026534,0.002628,0.0026367,74180985.0
1600804800,0.0026367,0.0026496,0.0026113,0.0026432,107324138.0
1600819200,0.0026432,0.0026493,0.0026188,0.0026317,62142955.0
1600833600,0.0026317,0.0026344,0.0025976,0.0026177,46257829.0
1600848000,0.0026177,0.0026266,0.0026042,0.0026203,43900594.0
1600862400,0.0026203,0.002644,0.0026068,0.0026228,73389403.0
1600876800,0.0026228,0.0026348,0.0025444,0.0025804,98846903.0
1600891200,0.0025804,0.0026176,0.0025364,0.0025444,174575471.0
1600905600,0.0025444,0.0025969,0.0025277,0.0025873,75428862.0
1600920000,0.0025873,0.0026096,0.0025717,0.002603,32253393.0
1600934400,0.002603,0.0026246,0.002575,0.0026171,67599377.0
1600948800,0.0026171,0.0026397,0.0025827,0.0026358,80727987.0
1600963200,0.0026358,0.0026612,0.0026074,0.002616,81161429.0
1600977600,0.002616,0.0026413,0.0026082,0.0026297,51597266.0
1600992000,0.0026297,0.0027192,0.0026146,0.002674,207234660.0
1601006400,0.002674,0.0026893,0.0026561,0.0026813,83389503.0
1601020800,0.0026813,0.0026848,0.00263,0.002674,85475244.0
1601035200,0.002674,0.0026945,0.0026473,0.0026746,46832584.0
1601049600,0.0026746,0.002688,0.0026617,0.00268,39290108.0
1601064000,0.00268,0.0027044,0.0026661,0.0027015,51140298.0
1601078400,0.0027015,0.0027389,0.0026863,0.0027052,96641855.0
1601092800,0.0027052,0.002761,0.0026908,0.0027217,68776948.0
1601107200,0.0027217,0.0027226,0.002687,0.0027066,38820777.0
1601121600,0.0027066,0.0027185,0.0026724,0.0027137,50112931.0
1601136000,0.0027137,0.0027222,0.0026933,0.0026989,26972179.0
1601150400,0.0026989,0.0027125,0.0026828,0.0026972,29844707.0
1601164800,0.0026972,0.0027351,0.0026972,0.0027189,43020107.0
1601179200,0.0027189,0.002725,0.0026581,0.00268,43622727.0
1601193600,0.00268,0.0027016,0.0026623,0.0026807,55559346.0
1601208000,0.0026807,0.002708,0.0026736,0.0027048,40565950.0
1601222400,0.0027048,0.0027119,0.0026909,0.0026977,24042660.0
1601236800,0.0026977,0.0027141,0.0026932,0.0026954,29209867.0
1601251200,0.0026954,0.002744,0.0026954,0.0027058,77515792.0
1601265600,0.0027058,0.0027176,0.0026846,0.002692,30777364.0
1601280000,0.002692,0.0027078,0.0026793,0.0026955,30358131.0
1601294400,0.0026955,0.0027135,0.0026822,0.0026951,80082141.0
1601308800,0.0026951,0.0027115,0.0026704,0.002695,89712605.0
1601323200,0.002695,0.002698,0.0026183,0.0026504,51681815.0
1601337600,0.0026504,0.0026934,0.0026327,0.0026787,122034272.0
1601352000,0.0026787,0.0027049,0.002661,0.0026933,66545036.0
1601366400,0.0026933,0.0027047,0.0026701,0.0026886,93177294.0
1601380800,0.0026886,0.0026952,0.0026491,0.0026532,77173067.0
1601395200,0.0026532,0.002674,0.0026307,0.0026696,29470447.0
1601409600,0.0026696,0.00269,0.0026542,0.0026727,23730579.0
1601424000,0.0026727,0.0026767,0.0026427,0.0026542,58760516.0
1601438400,0.0026542,0.0026709,0.0026344,0.0026432,33344296.0
1601452800,0.0026432,0.00266,0.0026255,0.0026262,30747564.0
1601467200,0.0026262,0.0026512,0.0026158,0.0026482,125147500.0
1601481600,0.0026482,0.0026624,0.0026262,0.0026447,66984302.0
1601496000,0.0026447,0.0026474,0.0026158,0.002635,32873461.0
1601510400,0.002635,0.0026623,0.002635,0.0026452,72712107.0
1601524800,0.0026452,0.002659,0.0026379,0.0026525,61940876.0
1601539200,0.0026525,0.002682,0.00265,0.0026697,98192358.0
1601553600,0.0026697,0.002675,0.002625,0.0026334,140161451.0
1601568000,0.0026334,0.0026496,0.0025575,0.002643,163452121.0
1601582400,0.002643,0.0026468,0.0026156,0.0026246,110679256.0
1601596800,0.0026246,0.0026273,0.0026,0.0026208,46724203.0
1601611200,0.0026208,0.0026254,0.00254,0.0025758,124704278.0
1601625600,0.0025758,0.0025811,0.0025307,0.0025636,142642062.0
1601640000,0.0025636,0.0026085,0.00256,0.0025775,286139093.0
1601654400,0.0025775,0.0026049,0.0025626,0.0025761,250210585.0
1601668800,0.0025761,0.0026128,0.0025558,0.0025902,201482324.0
1601683200,0.0025902,0.002597,0.0025737,0.0025946,82783954.0
1601697600,0.0025946,0.0026313,0.0025918,0.0026101,92823060.0
1601712000,0.0026101,0.002637,0.0026,0.0026021,62229915.0
1601726400,0.0026021,0.00261,0.0025933,0.0026065,30782585.0
1601740800,0.0026065,0.0026198,0.002602,0.0026075,38952334.0
1601755200,0.0026075,0.0026089,0.002585,0.0025955,37208965.0
1601769600,0.0025955,0.0026169,0.0025893,0.0025963,36673197.0
1601784000,0.0025963,0.002619,0.0025956,0.0026051,24539112.0
1601798400,0.0026051,0.00262,0.002594,0.0026122,42448244.0
1601812800,0.0026122,0.00268,0.0026122,0.0026186,153193229.0
1601827200,0.0026186,0.0026532,0.0026133,0.0026394,67815076.0
1601841600,0.0026394,0.0026489,0.002627,0.002633,37995391.0
1601856000,0.002633,0.0026577,0.0026252,0.0026301,52907751.0
1601870400,0.0026301,0.0026392,0.0026071,0.0026299,80360144.0
1601884800,0.0026299,0.0026427,0.002625,0.0026295,41644990.0
1601899200,0.0026295,0.0026496,0.0026131,0.0026165,49533959.0
1601913600,0.0026165,0.0026248,0.0025983,0.0026123,39046155.0
1601928000,0.0026123,0.0026215,0.0026027,0.0026182,30330604.0
1601942400,0.0026182,0.0026235,0.0026059,0.0026151,25584753.0
1601956800,0.0026151,0.0026229,0.0025979,0.0026008,35516555.0
1601971200,0.0026008,0.0026171,0.0025801,0.0026096,48523624.0
1601985600,0.0026096,0.0026285,0.0025817,0.0026225,150235375.0
1602000000,0.0026225,0.002625,0.0025687,0.002586,120972549.0
1602014400,0.002586,0.0026129,0.0025709,0.002597,154359009.0
1602028800,0.002597,0.0026044,0.002556,0.0025773,168446172.0
1602043200,0.0025773,0.0026111,0.00257,0.0025871,167736094.0
1602057600,0.0025871,0.0026,0.0025647,0.0025859,167019762.0
1602072000,0.0025859,0.0026085,0.0025834,0.0025876,99239131.0
1602086400,0.0025876,0.0026015,0.002576,0.0025893,110489919.0
1602100800,0.0025893,0.0026009,0.0025856,0.0025895,35811808.0
1602115200,0.0025895,0.002595,0.0025708,0.0025803,43620543.0
1602129600,0.0025803,0.0025875,0.002541,0.0025683,95000210.0
1602144000,0.0025683,0.0025966,0.0025533,0.0025736,150016202.0
1602158400,0.0025736,0.00263,0.0025651,0.0026131,180890770.0
1602172800,0.0026131,0.0026299,0.0026037,0.0026105,84627997.0
1602187200,0.0026105,0.0026233,0.002595,0.0026098,58630673.0
1602201600,0.0026098,0.0026394,0.0025891,0.0026269,63352912.0
1602216000,0.0026269,0.0026323,0.0026097,0.0026229,28411262.0
1602230400,0.0026229,0.0026504,0.002615,0.0026301,78644354.0
1602244800,0.0026301,0.0026699,0.0026287,0.00266,163269087.0
1602259200,0.00266,0.0026646,0.0026261,0.0026384,97725181.0
1602273600,0.0026384,0.0026701,0.0026353,0.0026556,66498819.0
1602288000,0.0026556,0.0027291,0.002655,0.0026855,146152489.0
1602302400,0.0026855,0.0026969,0.0026675,0.0026935,96490812.0
1602316800,0.0026935,0.0027005,0.0026536,0.0026745,81532248.0
1602331200,0.0026745,0.002688,0.0026633,0.0026728,36505549.0
1602345600,0.0026728,0.0026889,0.002661,0.0026855,34286036.0
1602360000,0.0026855,0.0026966,0.0026472,0.0026621,50648728.0
1602374400,0.0026621,0.002684,0.0026499,0.0026577,30024483.0
1602388800,0.0026577,0.0026866,0.002656,0.0026836,25512130.0
1602403200,0.0026836,0.0027065,0.0026698,0.0026809,49023475.0
1602417600,0.0026809,0.002691,0.002664,0.00268,38062636.0
1602432000,0.00268,0.0026906,0.0026601,0.002666,34650897.0
1602446400,0.002666,0.0026797,0.0026567,0.0026701,73767874.0
1602460800,0.0026701,0.0026817,0.0026642,0.0026756,21219056.0
1602475200,0.0026756,0.0026808,0.002646,0.0026641,56379724.0
1602489600,0.0026641,0.0026665,0.0026251,0.0026475,40563947.0
1602504000,0.0026475,0.002691,0.0026442,0.0026812,64166423.0
1602518400,0.0026812,0.0026889,0.0026684,0.0026684,49673739.0
1602532800,0.0026684,0.0027069,0.0026551,0.002667,189630394.0
1602547200,0.002667,0.0026745,0.0026403,0.0026534,63269708.0
1602561600,0.0026534,0.0026653,0.0026516,0.0026599,32674855.0
1602576000,0.0026599,0.0026684,0.0026344,0.0026559,57310688.0
1602590400,0.0026559,0.0026608,0.0026344,0.0026431,56949302.0
1602604800,0.0026431,0.0026486,0.0026285,0.0026384,43744182.0
1602619200,0.0026384,0.002652,0.0026335,0.0026385,29417888.0
1602633600,0.0026385,0.0026494,0.002633,0.0026361,18810638.0
1602648000,0.0026361,0.0026379,0.0026264,0.0026353,14595242.0
1602662400,0.0026353,0.002643,0.0026197,0.0026284,27714511.0
1602676800,0.0026284,0.0026609,0.002618,0.0026249,72734307.0
1602691200,0.0026249,0.0026515,0.0026173,0.0026302,58300053.0
1602705600,0.0026302,0.0026459,0.002628,0.002639,24527046.0
1602720000,0.002639,0.0026391,0.0026222,0.0026264,9985957.0
1602734400,0.0026264,0.0026389,0.0026149,0.0026292,91875798.0
1602748800,0.0026292,0.002631,0.0025648,0.0025788,84078251.0
1602763200,0.0025788,0.0025996,0.002571,0.0025914,40102824.0
1602777600,0.0025914,0.002605,0.0025789,0.0025997,61359340.0
1602792000,0.0025997,0.0026128,0.00259,0.0025953,24041778.0
1602806400,0.0025953,0.0026116,0.0025914,0.0025975,16638838.0
1602820800,0.0025975,0.0025975,0.0025539,0.0025755,92576941.0
1602835200,0.0025755,0.0025854,0.0025511,0.0025765,95299264.0
1602849600,0.0025765,0.0025841,0.0025606,0.0025741,53588974.0
1602864000,0.0025741,0.002586,0.0025612,0.0025639,48441266.0
1602878400,0.0025639,0.0026243,0.0025614,0.002604,139409735.0
1602892800,0.002604,0.0026091,0.0025752,0.0025898,33877670.0
1602907200,0.0025898,0.0025915,0.0025798,0.0025832,10234977.0
1602921600,0.0025832,0.0025921,0.0025825,0.0025882,24303798.0
1602936000,0.0025882,0.0025979,0.0025733,0.0025789,40500093.0
1602950400,0.0025789,0.0025879,0.002575,0.0025788,24245837.0
1602964800,0.0025788,0.0025871,0.0025774,0.0025834,9490827.0
1602979200,0.0025834,0.0025923,0.0025812,0.0025896,10137157.0
1602993600,0.0025896,0.0026055,0.0025853,0.0025936,24003298.0
1603008000,0.0025936,0.0025997,0.0025846,0.002596,15878537.0
1603022400,0.002596,0.002604,0.0025878,0.0025951,26413042.0
1603036800,0.0025951,0.0025976,0.0025875,0.0025914,22115478.0
1603051200,0.0025914,0.0025957,0.00258,0.0025874,61238363.0
1603065600,0.0025874,0.0025948,0.0025775,0.0025778,25876475.0
1603080000,0.0025778,0.0025948,0.002569,0.0025866,37863218.0
1603094400,0.0025866,0.0026,0.0025751,0.0025883,79665641.0
1603108800,0.0025883,0.0026174,0.002587,0.0026074,172499890.0
1603123200,0.0026074,0.002622,0.0025862,0.0025904,121666238.0
1603137600,0.0025904,0.0025969,0.00258,0.0025921,39818947.0
1603152000,0.0025921,0.0026,0.0025792,0.0025888,46542943.0
1603166400,0.0025888,0.0026065,0.0025814,0.0025881,68608042.0
1603180800,0.0025881,0.0026252,0.002582,0.002584,134118010.0
1603195200,0.002584,0.0026123,0.0025818,0.0026096,74640325.0
1603209600,0.0026096,0.0026132,0.0025928,0.0025934,55005903.0
1603224000,0.0025934,0.002606,0.00259,0.0025944,38297554.0
1603238400,0.0025944,0.0026281,0.002593,0.0026152,64467228.0
1603252800,0.0026152,0.0026237,0.0026025,0.0026095,50054811.0
1603267200,0.0026095,0.00262,0.002601,0.002615,52762936.0
1603281600,0.002615,0.0026479,0.0026015,0.002634,101496228.0
1603296000,0.002634,0.00266,0.0026173,0.002621,96535638.0
1603310400,0.002621,0.0026559,0.0026173,0.002623,70931225.0
1603324800,0.002623,0.0026789,0.0026159,0.0026485,90295381.0
1603339200,0.0026485,0.0026628,0.0026406,0.0026423,42515602.0
1603353600,0.0026423,0.0026832,0.0026423,0.0026649,45722505.0
1603368000,0.0026649,0.002693,0.00266,0.0026668,43053466.0
1603382400,0.0026668,0.0026735,0.002655,0.0026629,38343610.0
1603396800,0.0026629,0.002676,0.0026365,0.002646,63128484.0
1603411200,0.002646,0.002664,0.0026387,0.0026574,25022869.0
1603425600,0.0026574,0.0026785,0.0026466,0.0026536,38135350.0
1603440000,0.0026536,0.002679,0.0026487,0.002677,38187752.0
1603454400,0.002677,0.0026889,0.0026567,0.0026624,47506323.0
1603468800,0.0026624,0.002666,0.0026225,0.0026563,61374693.0
1603483200,0.0026563,0.0026589,0.0026401,0.0026423,32337006.0
1603497600,0.0026423,0.002643,0.002623,0.0026243,36744810.0
1603512000,0.0026243,0.002636,0.0026171,0.0026226,23114140.0
1603526400,0.0026226,0.0026332,0.00261,0.0026254,41726261.0
1603540800,0.0026254,0.002642,0.0026182,0.0026363,47791022.0
1603555200,0.0026363,0.002642,0.0026265,0.002642,33037243.0
1603569600,0.002642,0.002647,0.0026315,0.0026365,30027396.0
1603584000,0.0026365,0.0026697,0.0026301,0.0026619,57048768.0
1603598400,0.0026619,0.002671,0.002617,0.0026308,56147615.0
1603612800,0.0026308,0.0026359,0.002618,0.002624,28607460.0
1603627200,0.002624,0.0026749,0.0026203,0.002649,110589408.0
1603641600,0.002649,0.002666,0.002634,0.00266,21612740.0
1603656000,0.00266,0.0026658,0.00265,0.0026528,23048126.0
1603670400,0.0026528,0.0029115,0.002632,0.0028637,442887480.0
1603684800,0.0028637,0.0029038,0.0028095,0.0028202,418392072.0
1603699200,0.0028202,0.002831,0.0027817,0.0028173,194074558.0
1603713600,0.0028173,0.0028531,0.0027158,0.0027461,286846732.0
1603728000,0.0027461,0.002766,0.002642,0.0026635,405912147.0
1603742400,0.0026635,0.0026965,0.002638,0.002665,130639416.0
1603756800,0.002665,0.0026957,0.0026503,0.0026843,81532851.0
1603771200,0.0026843,0.0027076,0.0026712,0.002685,57609415.0
1603785600,0.002685,0.0026851,0.002615,0.0026785,181735285.0
1603800000,0.0026785,0.0027,0.0026665,0.002679,132027051.0
1603814400,0.002679,0.0026914,0.002654,0.0026796,63791461.0
1603828800,0.0026796,0.002691,0.002651,0.0026702,61291135.0
1603843200,0.0026702,0.0026907,0.0026642,0.0026769,51146859.0
1603857600,0.0026769,0.0026871,0.002635,0.002658,65913217.0
1603872000,0.002658,0.002664,0.0026098,0.002621,84070692.0
1603886400,0.002621,0.002642,0.0025629,0.0025831,175083123.0
1603900800,0.0025831,0.0025944,0.0025628,0.0025831,36027041.0
1603915200,0.0025831,0.0025891,0.0025676,0.0025801,25714648.0
1603929600,0.0025801,0.0026117,0.0025745,0.0026102,21168659.0
1603944000,0.0026102,0.0026117,0.00258,0.0025803,26745813.0
1603958400,0.0025803,0.0025843,0.0025621,0.0025621,37952002.0
1603972800,0.0025621,0.002578,0.0025061,0.0025719,99752919.0
1603987200,0.0025719,0.0025968,0.0025671,0.0025788,90245819.0
1604001600,0.0025788,0.0025886,0.0025692,0.0025733,13731317.0
1604016000,0.0025733,0.0025984,0.0025541,0.002564,57063336.0
1604030400,0.002564,0.00257,0.0025245,0.0025495,116821173.0
1604044800,0.0025495,0.0025839,0.002501,0.0025676,105643445.0
1604059200,0.0025676,0.0025876,0.0025471,0.0025796,86463602.0
1604073600,0.0025796,0.0025999,0.0025697,0.0025924,52859007.0
1604088000,0.0025924,0.0026002,0.00258,0.0025833,21943836.0
1604102400,0.0025833,0.0026004,0.00255,0.002563,59631268.0
1604116800,0.002563,0.0025705,0.0025521,0.0025686,46280085.0
1604131200,0.0025686,0.0025935,0.002552,0.0025689,67948958.0
1604145600,0.0025689,0.0025897,0.002564,0.0025781,29251411.0
1604160000,0.0025781,0.0025821,0.0025602,0.00257,28579934.0
1604174400,0.00257,0.0025751,0.002562,0.0025666,28459277.0
1604188800,0.0025666,0.0025751,0.0025521,0.0025694,25134299.0
1604203200,0.0025694,0.0025736,0.002557,0.0025711,16907591.0
1604217600,0.0025711,0.002575,0.002559,0.002571,24461031.0
1604232000,0.002571,0.002581,0.002563,0.0025674,19139168.0
1604246400,0.0025674,0.0025795,0.002564,0.0025734,19480246.0
1604260800,0.0025734,0.002586,0.0025687,0.0025745,27513075.0
1604275200,0.0025745,0.0025887,0.0025726,0.002575,30577560.0
1604289600,0.002575,0.0025798,0.002565,0.0025731,28664468.0
1604304000,0.0025731,0.0025731,0.0025248,0.0025307,78414861.0
1604318400,0.0025307,0.0025429,0.0025085,0.0025266,81473720.0
1604332800,0.0025266,0.0025292,0.0025065,0.002521,47267872.0
1604347200,0.002521,0.0025292,0.0025093,0.0025162,25344494.0
1604361600,0.0025162,0.0025249,0.0024519,0.0024579,62582998.0
1604376000,0.0024579,0.0025133,0.002455,0.002507,91583143.0
1604390400,0.002507,0.002515,0.0024996,0.0025066,33625807.0
1604404800,0.0025066,0.0025206,0.00249,0.0024954,59477253.0
1604419200,0.0024954,0.0025096,0.0024903,0.002504,42217085.0
1604433600,0.002504,0.002531,0.0024984,0.0025141,43158705.0
1604448000,0.0025141,0.0025212,0.0024923,0.0025164,34084154.0
1604462400,0.0025164,0.0025258,0.002486,0.0024999,28101775.0
1604476800,0.0024999,0.0025295,0.0024947,0.0025183,54002988.0
1604491200,0.0025183,0.0025487,0.002506,0.0025133,64767726.0
1604505600,0.0025133,0.002565,0.0025073,0.0025415,69196197.0
1604520000,0.0025415,0.002565,0.002527,0.002546,29249451.0
1604534400,0.002546,0.0025871,0.002546,0.0025797,40840842.0
1604548800,0.0025797,0.0025875,0.0025587,0.0025664,48031614.0
1604563200,0.0025664,0.0026027,0.002556,0.0025935,51208208.0
1604577600,0.0025935,0.002638,0.002582,0.002635,58471454.0
1604592000,0.002635,0.0026521,0.0026087,0.002638,65177657.0
1604606400,0.002638,0.0026769,0.0026265,0.0026347,77378079.0
1604620800,0.0026347,0.002703,0.0026298,0.0026615,150112364.0
1604635200,0.0026615,0.0027322,0.0026611,0.0027306,79961236.0
1604649600,0.0027306,0.0028116,0.002677,0.002807,276702361.0
1604664000,0.002807,0.0028201,0.002757,0.0027731,212781667.0
1604678400,0.0027731,0.0027997,0.00275,0.0027589,95232797.0
1604692800,0.0027589,0.0027851,0.0027212,0.002757,107230357.0
1604707200,0.002757,0.002828,0.0027559,0.0028111,94009016.0
1604721600,0.0028111,0.0028424,0.002783,0.002789,102029617.0
1604736000,0.002789,0.0028168,0.0027661,0.0028014,70017508.0
1604750400,0.0028014,0.002822,0.0026741,0.0027132,210802668.0
1604764800,0.0027132,0.0027414,0.0026154,0.0026351,187128340.0
1604779200,0.0026351,0.0026877,0.002592,0.00267,84372884.0
1604793600,0.00267,0.0027159,0.0026513,0.002687,28720384.0
1604808000,0.002687,0.0027124,0.002679,0.002683,20807261.0
1604822400,0.002683,0.0027377,0.00268,0.0027211,67191349.0
1604836800,0.0027211,0.002739,0.0027048,0.0027315,75030584.0
1604851200,0.0027315,0.0027349,0.0027048,0.0027224,25052169.0
1604865600,0.0027224,0.0027295,0.0026927,0.002707,27411851.0
1604880000,0.002707,0.002736,0.0026974,0.0027225,23211808.0
1604894400,0.0027225,0.0027297,0.0027063,0.002711,17944857.0
1604908800,0.002711,0.0028095,0.0027,0.002783,108664928.0
1604923200,0.002783,0.002783,0.0026788,0.0026876,112078793.0
1604937600,0.0026876,0.0027069,0.0026649,0.002693,89753209.0
1604952000,0.002693,0.0026999,0.002657,0.002672,86443678.0
1604966400,0.002672,0.0026869,0.0026536,0.0026826,24873257.0
1604980800,0.0026826,0.002691,0.0026566,0.0026808,40487733.0
1604995200,0.0026808,0.002798,0.0026771,0.0027594,211637974.0
1605009600,0.0027594,0.0029198,0.0027363,0.0027701,335364479.0
1605024000,0.0027701,0.0028189,0.0027609,0.002809,114320042.0
1605038400,0.002809,0.0028334,0.002751,0.002761,80407919.0
1605052800,0.002761,0.002799,0.0027554,0.0027799,57724570.0
1605067200,0.0027799,0.00295,0.0027665,0.002805,204143173.0
1605081600,0.002805,0.002825,0.0027747,0.0028121,85447388.0
1605096000,0.0028121,0.0028386,0.0028099,0.0028171,77117924.0
1605110400,0.0028171,0.0028466,0.0027921,0.002797,79860910.0
1605124800,0.002797,0.002797,0.0027419,0.002758,56211298.0
1605139200,0.002758,0.002786,0.0027253,0.0027712,43164025.0
1605153600,0.0027712,0.0027779,0.0027641,0.0027675,15544855.0
1605168000,0.0027675,0.002786,0.0027372,0.0027621,42246532.0
1605182400,0.0027621,0.0027832,0.0027416,0.002778,30301565.0
1605196800,0.002778,0.002778,0.002743,0.0027687,35683180.0
1605211200,0.0027687,0.002802,0.0027611,0.0027788,42837019.0
1605225600,0.0027788,0.0028175,0.002773,0.0027951,30929133.0
1605240000,0.0027951,0.0028015,0.0027666,0.002787,24453483.0
1605254400,0.002787,0.0028248,0.0027779,0.0028003,61345148.0
1605268800,0.0028003,0.0028351,0.0028002,0.0028239,118665391.0
1605283200,0.0028239,0.0028483,0.0028016,0.0028218,79093221.0
1605297600,0.0028218,0.0028454,0.0028057,0.0028114,58803027.0
1605312000,0.0028114,0.0028239,0.0027833,0.0027953,55321304.0
1605326400,0.0027953,0.0027953,0.0027472,0.0027598,86013131.0
1605340800,0.0027598,0.0027698,0.002708,0.0027472,59583318.0
1605355200,0.0027472,0.0027729,0.0027321,0.0027669,35826148.0
1605369600,0.0027669,0.0027828,0.0027286,0.002761,38540029.0
1605384000,0.002761,0.002781,0.0027561,0.0027689,32718772.0
1605398400,0.0027689,0.0027918,0.0027642,0.0027724,31872946.0
1605412800,0.0027724,0.0027943,0.0027643,0.0027862,15370516.0
1605427200,0.0027862,0.0028285,0.0027679,0.0027867,95051843.0
1605441600,0.0027867,0.0028,0.0027619,0.0027977,43510762.0
1605456000,0.0027977,0.0028,0.0027441,0.0027551,66651149.0
1605470400,0.0027551,0.0027952,0.0027221,0.0027718,71435334.0
1605484800,0.0027718,0.0027878,0.0027522,0.0027875,17248804.0
1605499200,0.0027875,0.0028002,0.00277,0.0027862,130024102.0
1605513600,0.0027862,0.0028418,0.0027822,0.0028326,83157925.0
1605528000,0.0028326,0.0030452,0.0028306,0.0029845,723964376.0
1605542400,0.0029845,0.0030009,0.0028555,0.0028656,281075382.0
1605556800,0.0028656,0.0029071,0.0028599,0.00289,110256098.0
1605571200,0.00289,0.0029412,0.0028832,0.0029049,57480953.0
1605585600,0.0029049,0.0029536,0.0029,0.002912,63258744.0
1605600000,0.002912,0.0029551,0.0028851,0.002897,123762468.0
1605614400,0.002897,0.0029631,0.0028901,0.0029553,204434659.0
1605628800,0.0029553,0.0029627,0.002892,0.002931,284034064.0
1605643200,0.002931,0.0030094,0.0029163,0.0029398,187916435.0
1605657600,0.0029398,0.0029978,0.0029153,0.0029951,108062363.0
1605672000,0.0029951,0.003021,0.00281,0.002902,263225423.0
1605686400,0.002902,0.0029317,0.0028652,0.002915,233884071.0
1605700800,0.002915,0.0029734,0.0028446,0.0029099,171757699.0
1605715200,0.0029099,0.0029189,0.0028682,0.0029069,150284630.0
1605729600,0.0029069,0.0029264,0.00289,0.0029085,88454441.0
1605744000,0.0029085,0.0029466,0.0028837,0.0029178,110315640.0
1605758400,0.0029178,0.002926,0.0029009,0.002908,33587158.0
1605772800,0.002908,0.0029129,0.0028549,0.0029063,103584590.0
1605787200,0.0029063,0.0029689,0.0028951,0.0029487,137724519.0
1605801600,0.0029487,0.0029601,0.00289,0.0029159,103971843.0
1605816000,0.0029159,0.0029227,0.0028708,0.0029068,78124935.0
1605830400,0.0029068,0.0029294,0.0029009,0.0029254,39244295.0
1605844800,0.0029254,0.0029438,0.002905,0.0029218,54064775.0
1605859200,0.0029218,0.0029704,0.0029005,0.0029461,154635181.0
1605873600,0.0029461,0.003,0.002935,0.0029944,201373421.0
1605888000,0.0029944,0.0030225,0.002959,0.0029764,211566533.0
1605902400,0.0029764,0.0030245,0.0029691,0.002987,219499740.0
1605916800,0.002987,0.003324,0.0029796,0.0032534,636122357.0
1605931200,0.0032534,0.0032574,0.0031449,0.0031969,348664195.0
1605945600,0.0031969,0.0033639,0.0031677,0.0033051,475415720.0
1605960000,0.0033051,0.0036,0.003271,0.003526,928601952.0
1605974400,0.003526,0.0036062,0.0033829,0.0035236,566051322.0
1605988800,0.0035236,0.0035611,0.0033888,0.0035132,333640499.0
1606003200,0.0035132,0.00369,0.003301,0.003396,580329649.0
1606017600,0.003396,0.003396,0.0031874,0.0032898,392923370.0
1606032000,0.0032898,0.003336,0.0031507,0.0032029,326527750.0
1606046400,0.0032029,0.003341,0.0031783,0.0033364,172846374.0
1606060800,0.0033364,0.0034799,0.0033099,0.0034521,375038833.0
1606075200,0.0034521,0.0035092,0.0033045,0.0033415,274272737.0
1606089600,0.0033415,0.0033922,0.0032201,0.003296,314328932.0
1606104000,0.003296,0.0033581,0.003292,0.0033386,275654997.0
1606118400,0.0033386,0.0034929,0.0033346,0.0034518,259139479.0
1606132800,0.0034518,0.0034549,0.0033152,0.0033867,248169269.0
1606147200,0.0033867,0.003434,0.0033501,0.0033739,188441273.0
1606161600,0.0033739,0.0037,0.0033148,0.0036845,695640979.0
1606176000,0.0036845,0.0038292,0.0035622,0.0036903,1059829963.0
1606190400,0.0036903,0.0042526,0.0036722,0.0039966,1791542548.0
1606204800,0.0039966,0.0041971,0.0035,0.0037579,1133522454.0
1606219200,0.0037579,0.0039953,0.00363,0.0039774,647268047.0
1606233600,0.0039774,0.0042,0.0038631,0.0040064,789405445.0
1606248000,0.0040064,0.0042925,0.0038798,0.0042592,471654848.0
1606262400,0.0042592,0.0042978,0.0038244,0.0038715,605002627.0
1606276800,0.0038715,0.004099,0.0038418,0.0040244,342623837.0
1606291200,0.0040244,0.0040961,0.0039569,0.0040509,405943024.0
1606305600,0.0040509,0.00415,0.0039418,0.0040886,549126855.0
1606320000,0.0040886,0.004121,0.0039,0.0039388,310022754.0
1606334400,0.0039388,0.0040019,0.003581,0.0037081,615859197.0
1606348800,0.0037081,0.0037979,0.0032251,0.0033349,695097068.0
1606363200,0.0033349,0.0034104,0.0031035,0.003282,589035605.0
1606377600,0.003282,0.003375,0.0029395,0.0032378,869250388.0
1606392000,0.0032378,0.0033416,0.0031493,0.0031887,270152211.0
1606406400,0.0031887,0.0032177,0.00295,0.0030381,540622160.0
1606420800,0.0030381,0.0033336,0.0030161,0.0032492,284200323.0
1606435200,0.0032492,0.0033656,0.0032007,0.0032683,199708589.0
1606449600,0.0032683,0.0033483,0.0032666,0.0033,92624473.0
1606464000,0.0033,0.003304,0.00313,0.0031542,269027185.0
1606478400,0.0031542,0.0032307,0.0030763,0.0030959,125530383.0
1606492800,0.0030959,0.003194,0.00308,0.0031899,167807990.0
1606507200,0.0031899,0.00328,0.0031691,0.0032752,164505524.0
1606521600,0.0032752,0.003313,0.003236,0.0032632,73604287.0
1606536000,0.0032632,0.0033028,0.0032399,0.003283,46287367.0
1606550400,0.003283,0.0033603,0.0032512,0.0033548,92991122.0
1606564800,0.0033548,0.0034824,0.0033443,0.0034763,208444261.0
1606579200,0.0034763,0.0034841,0.0033735,0.0034187,199847488.0
1606593600,0.0034187,0.0034334,0.0033558,0.0033945,94158581.0
1606608000,0.0033945,0.0034139,0.00335,0.003401,64545617.0
1606622400,0.003401,0.0034207,0.0033646,0.0034192,59524308.0
1606636800,0.0034192,0.0035384,0.0034052,0.0034926,197924296.0
1606651200,0.0034926,0.0035054,0.0034136,0.0034503,77986542.0
1606665600,0.0034503,0.0034694,0.003375,0.003417,97673480.0
1606680000,0.003417,0.0034696,0.0034137,0.0034365,79408211.0
1606694400,0.0034365,0.003509,0.0034365,0.0034768,82594993.0
1606708800,0.0034768,0.0035955,0.0034677,0.0035301,153012351.0
1606723200,0.0035301,0.0035336,0.0034001,0.0034825,114025492.0
1606737600,0.0034825,0.0035735,0.0034133,0.0035267,226112574.0
1606752000,0.0035267,0.0035945,0.0034814,0.003515,166155424.0
1606766400,0.003515,0.003575,0.0035041,0.003561,105638470.0
1606780800,0.003561,0.003575,0.0035,0.0035199,70377893.0
1606795200,0.0035199,0.00358,0.0034236,0.0035703,196629350.0
1606809600,0.0035703,0.0035762,0.0034199,0.0034946,216560299.0
1606824000,0.0034946,0.00351,0.0032276,0.0034119,366852934.0
1606838400,0.0034119,0.0034356,0.0032887,0.0033748,120164013.0
1606852800,0.0033748,0.003411,0.0033099,0.0033211,63098810.0
1606867200,0.0033211,0.0034261,0.0032642,0.0033721,128547405.0
1606881600,0.0033721,0.0034423,0.0033,0.003427,116374520.0
1606896000,0.003427,0.003427,0.0033574,0.0033964,86367399.0
1606910400,0.0033964,0.0034115,0.003311,0.0033392,111563626.0
1606924800,0.0033392,0.0033906,0.0033045,0.0033589,79595254.0
1606939200,0.0033589,0.0033871,0.0033351,0.0033624,69052833.0
1606953600,0.0033624,0.0034293,0.0033599,0.003415,80291282.0
1606968000,0.003415,0.0034251,0.003345,0.00338,75300115.0
1606982400,0.00338,0.0035481,0.0033695,0.0035001,163075052.0
1606996800,0.0035001,0.0035393,0.0033977,0.0034725,200653057.0
1607011200,0.0034725,0.0034876,0.0033749,0.0034157,73694929.0
1607025600,0.0034157,0.003449,0.0034074,0.003429,69670781.0
1607040000,0.003429,0.0034335,0.0033755,0.003379,48746116.0
1607054400,0.003379,0.0034335,0.00336,0.00341,53441156.0
1607068800,0.00341,0.0034484,0.0032727,0.0032782,151912344.0
1607083200,0.0032782,0.0033816,0.0032705,0.0033701,138864855.0
1607097600,0.0033701,0.0033907,0.003364,0.0033735,76451996.0
1607112000,0.0033735,0.0033738,0.0032752,0.003283,102752772.0
1607126400,0.003283,0.0033349,0.00325,0.0033201,61844051.0
1607140800,0.0033201,0.0033748,0.0033145,0.0033531,39850762.0
1607155200,0.0033531,0.0034,0.0033389,0.0033658,67565429.0
1607169600,0.0033658,0.0033873,0.00335,0.0033809,52368294.0
1607184000,0.0033809,0.0034153,0.003351,0.0034017,83594261.0
1607198400,0.0034017,0.0034147,0.00337,0.0033917,64202101.0
1607212800,0.0033917,0.0034199,0.00337,0.0033842,57397087.0
1607227200,0.0033842,0.00344,0.0033727,0.00344,38822171.0
1607241600,0.00344,0.0034424,0.0033545,0.0033925,48642834.0
1607256000,0.0033925,0.0034094,0.0033461,0.0033969,70203198.0
1607270400,0.0033969,0.0034161,0.0033892,0.003406,31936713.0
1607284800,0.003406,0.0034078,0.003371,0.0033857,38727551.0
1607299200,0.0033857,0.0033949,0.0033567,0.0033617,36021344.0
1607313600,0.0033617,0.0033862,0.0033556,0.0033794,45201850.0
1607328000,0.0033794,0.003388,0.0033601,0.0033701,52611959.0
1607342400,0.0033701,0.0033985,0.00337,0.00337,50346717.0
1607356800,0.00337,0.00338,0.0033,0.0033246,72193047.0
1607371200,0.0033246,0.00334,0.0033077,0.003336,56230870.0
1607385600,0.003336,0.0033439,0.0033118,0.0033277,54913251.0
1607400000,0.0033277,0.0033624,0.0033072,0.0033072,52651124.0
1607414400,0.0033072,0.0033259,0.003201,0.0032366,222486582.0
1607428800,0.0032366,0.003283,0.003219,0.0032564,51225380.0
1607443200,0.0032564,0.003271,0.0032284,0.0032367,31963848.0
1607457600,0.0032367,0.0032367,0.0031105,0.0031723,108303296.0
1607472000,0.0031723,0.003175,0.003075,0.003118,73374264.0
1607486400,0.003118,0.0031186,0.0030505,0.0030521,99713357.0
1607500800,0.0030521,0.0031597,0.0030037,0.0031411,125845299.0
1607515200,0.0031411,0.0031849,0.003123,0.0031359,62131539.0
1607529600,0.0031359,0.0031562,0.00311,0.0031162,28929821.0
1607544000,0.0031162,0.0031851,0.0030979,0.0031562,51115668.0
1607558400,0.0031562,0.003171,0.0031228,0.003142,28793922.0
1607572800,0.003142,0.0031615,0.0031223,0.003134,36484021.0
1607587200,0.003134,0.0031671,0.0031024,0.0031099,38772603.0
1607601600,0.0031099,0.0031351,0.003059,0.0030932,47229573.0
1607616000,0.0030932,0.0031178,0.0030813,0.003111,58913249.0
1607630400,0.003111,0.0031261,0.0031001,0.0031043,58158286.0
1607644800,0.0031043,0.0031171,0.00305,0.0030789,47871807.0
1607659200,0.0030789,0.003106,0.0030459,0.0030598,68390584.0
1607673600,0.0030598,0.003084,0.0029985,0.003,58881692.0
1607688000,0.003,0.0030919,0.0029969,0.0030916,61786853.0
1607702400,0.0030916,0.003092,0.0030507,0.003071,38507188.0
1607716800,0.003071,0.0031,0.0030651,0.0030732,53020654.0
1607731200,0.0030732,0.0031716,0.0030732,0.0031553,46556530.0
1607745600,0.0031553,0.0031744,0.0031536,0.0031732,47357488.0
1607760000,0.0031732,0.0031809,0.0031558,0.0031777,46407193.0
1607774400,0.0031777,0.0031787,0.0030964,0.0031448,127274911.0
1607788800,0.0031448,0.003188,0.0031326,0.0031737,33297763.0
1607803200,0.0031737,0.00319,0.00316,0.0031609,33632187.0
1607817600,0.0031609,0.0031718,0.0031523,0.0031542,13516000.0
1607832000,0.0031542,0.0031944,0.0031479,0.0031871,23034273.0
1607846400,0.0031871,0.0032294,0.0031693,0.0032037,72046581.0
1607860800,0.0032037,0.0032476,0.0031959,0.0032287,97764588.0
1607875200,0.0032287,0.0032763,0.00322,0.0032689,96289510.0
1607889600,0.0032689,0.0032776,0.0032402,0.00326,71750398.0
1607904000,0.00326,0.0032888,0.00324,0.0032744,37589351.0
1607918400,0.0032744,0.0032874,0.00324,0.003258,33907933.0
1607932800,0.003258,0.0032748,0.0032205,0.0032324,39664701.0
1607947200,0.0032324,0.0032418,0.003191,0.0032148,54359802.0
1607961600,0.0032148,0.0032526,0.0032056,0.0032365,78739688.0
1607976000,0.0032365,0.0032402,0.0032014,0.003226,53085810.0
1607990400,0.003226,0.0032516,0.003225,0.0032452,19546298.0
1608004800,0.0032452,0.0032471,0.0031611,0.0031971,110243660.0
1608019200,0.0031971,0.003209,0.0031733,0.0031942,38804351.0
1608033600,0.0031942,0.0032318,0.0031941,0.0032134,36422142.0
1608048000,0.0032134,0.00323,0.0031992,0.0032243,26800503.0
1608062400,0.0032243,0.0032302,0.0031923,0.0032078,42046872.0
1608076800,0.0032078,0.003222,0.00318,0.0032009,36311365.0
1608091200,0.0032009,0.0032062,0.003187,0.0032046,15327042.0
1608105600,0.0032046,0.0032624,0.003195,0.0032511,46934752.0
1608120000,0.0032511,0.003325,0.003225,0.0033057,124508887.0
1608134400,0.0033057,0.0033392,0.0032973,0.0033266,108171239.0
1608148800,0.0033266,0.0034448,0.0033141,0.0034183,216532809.0
1608163200,0.0034183,0.0034756,0.003404,0.0034233,162290206.0
1608177600,0.0034233,0.0034882,0.0034154,0.003459,113676496.0
1608192000,0.003459,0.0035635,0.0034136,0.0035261,313254528.0
1608206400,0.0035261,0.0041458,0.0035177,0.0038144,998266142.0
1608220800,0.0038144,0.004075,0.0037943,0.003844,1411792514.0
1608235200,0.003844,0.0038849,0.0036826,0.003722,422308313.0
1608249600,0.003722,0.0038232,0.0035975,0.003787,247799744.0
1608264000,0.003787,0.0038306,0.0037524,0.0037853,127217738.0
1608278400,0.0037853,0.0039,0.0036835,0.0037422,248649495.0
1608292800,0.0037422,0.0039976,0.003696,0.0037462,530076047.0
1608307200,0.0037462,0.0038217,0.0037236,0.003777,115581637.0
1608321600,0.003777,0.0038694,0.0037689,0.0038675,140471973.0
1608336000,0.0038675,0.00399,0.0037981,0.0039641,175745306.0
1608350400,0.0039641,0.0039758,0.0038524,0.0039135,150674847.0
1608364800,0.0039135,0.0040379,0.0038973,0.0039007,246223329.0
1608379200,0.0039007,0.0039759,0.0037952,0.0039352,244053491.0
1608393600,0.0039352,0.0040288,0.0038564,0.0039579,397696698.0
1608408000,0.0039579,0.0040001,0.0038693,0.0039291,171903833.0
1608422400,0.0039291,0.0039316,0.0038352,0.0039013,149351268.0
1608436800,0.0039013,0.0039423,0.0038,0.003937,69950682.0
1608451200,0.003937,0.0047496,0.00391,0.0043923,4564058342.0
1608465600,0.0043923,0.00462,0.0041947,0.004491,2048769782.0
1608480000,0.004491,0.0046351,0.00436,0.0045,1972353090.0
1608494400,0.0045,0.0047,0.00438,0.0046381,1202912733.0
1608508800,0.0046381,0.005474,0.0046116,0.0049902,3018210600.0
1608523200,0.0049902,0.0051147,0.004819,0.0050681,1138306959.0
1608537600,0.0050681,0.0055,0.0045795,0.0046658,3493311509.0
1608552000,0.0046658,0.0046759,0.004255,0.0045665,978548304.0
1608566400,0.0045665,0.0049998,0.0045665,0.0047259,706522213.0
1608580800,0.0047259,0.0051917,0.0045578,0.0047784,1029001793.0
1608595200,0.0047784,0.0048479,0.00463,0.0046555,390578978.0
1608609600,0.0046555,0.0048421,0.0044263,0.0044699,535939958.0
1608624000,0.0044699,0.004668,0.00433,0.0046399,630450935.0
1608638400,0.0046399,0.0047809,0.00455,0.0046157,535479186.0
1608652800,0.0046157,0.004653,0.00445,0.004459,335086104.0
1608667200,0.004459,0.0045707,0.0044092,0.0045159,252316363.0
1608681600,0.0045159,0.0048,0.0044923,0.0046111,448699194.0
1608696000,0.0046111,0.0046235,0.0043805,0.0044716,332155897.0
1608710400,0.0044716,0.0045116,0.00408,0.0041677,668212339.0
1608724800,0.0041677,0.0043717,0.0040006,0.0040333,398936836.0
1608739200,0.0040333,0.0041178,0.0040176,0.0040446,179448217.0
1608753600,0.0040446,0.004069,0.003623,0.0037449,646796974.0
1608768000,0.0037449,0.0038441,0.0036599,0.0037669,360429502.0
1608782400,0.0037669,0.0039342,0.0037524,0.0038981,170084642.0
1608796800,0.0038981,0.0040354,0.003891,0.0040138,175152330.0
1608811200,0.0040138,0.0042,0.004,0.0041723,315782579.0
1608825600,0.0041723,0.0045486,0.0041281,0.0043741,548924043.0
1608840000,0.0043741,0.0045999,0.0043568,0.0045731,408193651.0
1608854400,0.0045731,0.004598,0.0044507,0.0044651,209409058.0
1608868800,0.0044651,0.0045344,0.004433,0.004485,244764996.0
1608883200,0.004485,0.0045722,0.00444,0.004548,260583362.0
1608897600,0.004548,0.0046125,0.0043661,0.0044181,331840254.0
1608912000,0.0044181,0.004643,0.0043785,0.0046021,462198259.0
1608926400,0.0046021,0.00463,0.00447,0.0045549,156068687.0
1608940800,0.0045549,0.0046879,0.004511,0.0046374,209288262.0
1608955200,0.0046374,0.0046374,0.00444,0.0044551,372512420.0
1608969600,0.0044551,0.0045556,0.0043963,0.0044675,326891553.0
1608984000,0.0044675,0.0045611,0.0044063,0.0044953,333510767.0
1608998400,0.0044953,0.004625,0.0044694,0.0045228,203545702.0
1609012800,0.0045228,0.0045803,0.00445,0.0045131,255277743.0
1609027200,0.0045131,0.00472,0.0044919,0.0046017,377924178.0
1609041600,0.0046017,0.0046689,0.00459,0.0046351,159840261.0
1609056000,0.0046351,0.0046522,0.004423,0.0044742,209620845.0
1609070400,0.0044742,0.0048231,0.0044,0.0046739,682281446.0
1609084800,0.0046739,0.004725,0.0045217,0.0046293,238084475.0
1609099200,0.0046293,0.0046333,0.0044335,0.004547,175498570.0
1609113600,0.004547,0.00469,0.004508,0.004635,136820364.0
1609128000,0.004635,0.004718,0.004569,0.004712,156751832.0
1609142400,0.004712,0.0047308,0.0045966,0.0046999,186033903.0
1609156800,0.0046999,0.0047355,0.0045609,0.0045702,234026256.0
1609171200,0.0045702,0.0046586,0.004543,0.0045909,161508830.0
1609185600,0.0045909,0.0046458,0.0045,0.0046015,199458846.0
1609200000,0.0046015,0.0046295,0.00442,0.0044651,233907393.0
1609214400,0.0044651,0.0044962,0.0043246,0.0044173,208779387.0
1609228800,0.0044173,0.0045335,0.0044086,0.0044701,118391423.0
1609243200,0.0044701,0.00452,0.0043192,0.0043282,157411124.0
1609257600,0.0043282,0.00455,0.0042412,0.0044355,280846566.0
1609272000,0.0044355,0.0045012,0.0044117,0.0045012,72419972.0
1609286400,0.0045012,0.0046019,0.0044586,0.0044863,178422432.0
1609300800,0.0044863,0.00458,0.0044542,0.0045516,182995860.0
1609315200,0.0045516,0.0045982,0.0044165,0.0045418,157978432.0
1609329600,0.0045418,0.0046816,0.0044797,0.004638,270491914.0
1609344000,0.004638,0.00474,0.0045575,0.0046479,150653893.0
1609358400,0.0046479,0.0046773,0.00457,0.0046251,178445220.0
1609372800,0.0046251,0.0047577,0.004537,0.004616,349741095.0
1609387200,0.004616,0.004702,0.0045632,0.0046838,128289119.0
1609401600,0.0046838,0.0047593,0.004628,0.0046648,107440161.0
1609416000,0.0046648,0.00468,0.00452,0.0046278,172364659.0
1609430400,0.0046278,0.0046652,0.0045601,0.0046371,56190124.0
1609444800,0.0046371,0.0047336,0.004624,0.0046709,115970902.0
1609459200,0.0046709,0.0049988,0.004601,0.0049781,255957128.0
1609473600,0.0049781,0.005,0.0048,0.00486,252542542.0
1609488000,0.00486,0.0049193,0.0047724,0.0048942,175134694.0
1609502400,0.0048942,0.005,0.0048632,0.0049176,243957414.0
1609516800,0.0049176,0.0052938,0.0048929,0.0052193,587791225.0
1609531200,0.0052193,0.005697,0.005128,0.00568,1504334960.0
1609545600,0.00568,0.0067849,0.005524,0.0066338,3361540101.0
1609560000,0.0066338,0.007977,0.0064886,0.0068931,6631274714.0
1609574400,0.0068931,0.0074167,0.00662,0.0072641,2301152633.0
1609588800,0.0072641,0.0098445,0.00672,0.0085983,6527762413.0
1609603200,0.0085983,0.013988,0.0081,0.01178,16180052668.0
1609617600,0.01178,0.0122203,0.0084666,0.0105264,11331564726.0
1609632000,0.0105264,0.01142,0.0092693,0.0108323,4778186079.0
1609646400,0.0108323,0.013,0.0103,0.0124227,5092325324.0
1609660800,0.0124227,0.01333,0.0110676,0.0131251,4550475650.0
1609675200,0.0131251,0.01405,0.0113225,0.012401,6734035507.0
1609689600,0.012401,0.01264,0.0096305,0.009759,5002322993.0
1609704000,0.009759,0.0109561,0.009344,0.0098209,3491463363.0
1609718400,0.0098209,0.0115198,0.0096472,0.011076,2617828942.0
1609732800,0.011076,0.0112204,0.00935,0.0095438,1776536695.0
1609747200,0.0095438,0.0099431,0.0076,0.0088666,3936631850.0
1609761600,0.0088666,0.0105,0.0086135,0.0102286,2892077434.0
1609776000,0.0102286,0.0104458,0.009055,0.0097442,2141108755.0
1609790400,0.0097442,0.0098616,0.0093058,0.0097613,963845765.0
1609804800,0.0097613,0.0102822,0.0091121,0.0091122,1104752955.0
1609819200,0.0091122,0.0094,0.0088501,0.00905,786086688.0
1609833600,0.00905,0.0099334,0.009047,0.0099142,1012183345.0
1609848000,0.0099142,0.009985,0.00915,0.009402,790534836.0
1609862400,0.009402,0.0097892,0.0093005,0.0095967,743042433.0
1609876800,0.0095967,0.0102822,0.0093638,0.00997,990535415.0
1609891200,0.00997,0.0102243,0.0096229,0.0100413,1010124563.0
1609905600,0.0100413,0.011,0.009868,0.0103076,1787164042.0
1609920000,0.0103076,0.0105,0.00997,0.010277,768939878.0
1609934400,0.010277,0.0103223,0.009865,0.0100276,841475430.0
1609948800,0.0100276,0.0106,0.0099469,0.0099785,969780160.0
1609963200,0.0099785,0.010566,0.0095521,0.01042,731410433.0
1609977600,0.01042,0.0105735,0.0101,0.0101942,673995559.0
1609992000,0.0101942,0.0102115,0.0099,0.0099861,515405472.0
1610006400,0.0099861,0.0100836,0.009827,0.009998,424498940.0
1610020800,0.009998,0.0104686,0.0099338,0.010177,598777781.0
1610035200,0.010177,0.0102282,0.0087999,0.009912,947033323.0
1610049600,0.009912,0.0100188,0.0095779,0.0097439,364286939.0
1610064000,0.0097439,0.0098764,0.0088047,0.009391,606390522.0
1610078400,0.009391,0.0096756,0.0091052,0.0096214,322381218.0
1610092800,0.0096214,0.0099,0.00941,0.0096354,371164220.0
1610107200,0.0096354,0.00965,0.00912,0.0094263,504534878.0
1610121600,0.0094263,0.0094939,0.0091455,0.0092268,292300798.0
1610136000,0.0092268,0.010318,0.0090514,0.00974,874994961.0
1610150400,0.00974,0.010318,0.0096973,0.0101898,830552226.0
1610164800,0.0101898,0.0102058,0.0096486,0.0100225,422867466.0
1610179200,0.0100225,0.01079,0.009875,0.0101637,922847317.0
1610193600,0.0101637,0.0106233,0.0101213,0.0102383,471158228.0
1610208000,0.0102383,0.0106094,0.0098,0.0103704,708237590.0
1610222400,0.0103704,0.0103998,0.01005,0.0101789,350745433.0
1610236800,0.0101789,0.0104599,0.010131,0.0102931,430439650.0
1610251200,0.0102931,0.0106855,0.0102,0.01061,366259250.0
1610265600,0.01061,0.0109155,0.0097595,0.00985,964480974.0
1610280000,0.00985,0.0103,0.0096,0.0101236,455891394.0
1610294400,0.0101236,0.0101918,0.0096325,0.009669,384959330.0
1610308800,0.009669,0.010039,0.0089534,0.00982,511375374.0
1610323200,0.00982,0.0098455,0.0084936,0.0090931,647636152.0
1610337600,0.0090931,0.009243,0.0080024,0.0086895,830245814.0
1610352000,0.0086895,0.0093791,0.0085451,0.0088738,644254727.0
1610366400,0.0088738,0.0092045,0.0074064,0.0074671,1347078571.0
1610380800,0.0074671,0.00849,0.0067094,0.007675,1568038840.0
1610395200,0.007675,0.0089194,0.0072398,0.0088326,803655288.0
1610409600,0.0088326,0.0088406,0.0081843,0.008571,475587148.0
1610424000,0.008571,0.0091394,0.0084828,0.0089377,395405562.0
1610438400,0.0089377,0.008954,0.0082886,0.0084568,361958558.0
1610452800,0.0084568,0.0087093,0.0078217,0.0081686,479464479.0
1610467200,0.0081686,0.0085554,0.007915,0.0080495,430188842.0
1610481600,0.0080495,0.0082951,0.00786,0.0080807,383488226.0
1610496000,0.0080807,0.0081,0.00777,0.0079275,320719424.0
1610510400,0.0079275,0.0083619,0.0078017,0.0083126,339699312.0
1610524800,0.0083126,0.0083126,0.0080693,0.008147,253929756.0
1610539200,0.008147,0.008247,0.00805,0.0081712,238769084.0
1610553600,0.0081712,0.0083584,0.008086,0.008306,307228593.0
1610568000,0.008306,0.0087,0.0082448,0.0086738,358010877.0
1610582400,0.0086738,0.00881,0.0084113,0.008455,261655144.0
1610596800,0.008455,0.0087,0.0083105,0.0086168,228864945.0
1610611200,0.0086168,0.0086962,0.00846,0.0085119,243907978.0
1610625600,0.0085119,0.0101,0.0085,0.009592,1560786663.0
1610640000,0.009592,0.0097796,0.0091627,0.0095916,954587287.0
1610654400,0.0095916,0.0097953,0.0089553,0.0093907,750388226.0
1610668800,0.0093907,0.0097,0.0092294,0.009408,418343493.0
1610683200,0.009408,0.0096861,0.0091768,0.0095193,439871221.0
1610697600,0.0095193,0.0098443,0.0093601,0.0094733,553238215.0
1610712000,0.0094733,0.0095164,0.0085477,0.0086838,745954921.0
1610726400,0.0086838,0.0093907,0.0083123,0.009006,718462931.0
1610740800,0.009006,0.009407,0.0089071,0.0093525,360715276.0
1610755200,0.0093525,0.0094999,0.00909,0.0093211,266824866.0
1610769600,0.0093211,0.00945,0.009082,0.0092926,174374980.0
1610784000,0.0092926,0.0095675,0.0092101,0.0093788,235091920.0
1610798400,0.0093788,0.0094297,0.009118,0.0093548,394626939.0
1610812800,0.0093548,0.00941,0.0091,0.0092766,334082284.0
1610827200,0.0092766,0.0093399,0.0090727,0.0092374,235095217.0
1610841600,0.0092374,0.0093852,0.009079,0.0092454,209944481.0
1610856000,0.0092454,0.0093,0.0088688,0.0090257,261807698.0
1610870400,0.0090257,0.00914,0.008779,0.0090879,294605874.0
1610884800,0.0090879,0.0092221,0.0089027,0.0091668,195938849.0
1610899200,0.0091668,0.009285,0.0090569,0.0091201,166421818.0
1610913600,0.0091201,0.0093957,0.0090495,0.0090987,309658862.0
1610928000,0.0090987,0.00917,0.008935,0.0090349,224361516.0
1610942400,0.0090349,0.0091673,0.0089476,0.0091455,126166162.0
1610956800,0.0091455,0.00932,0.009001,0.0091127,298031259.0
1610971200,0.0091127,0.0092645,0.0090011,0.00911,269743954.0
1610985600,0.00911,0.0091829,0.0090238,0.0091798,117112692.0
1611000000,0.0091798,0.0092225,0.0090837,0.0091782,120739158.0
1611014400,0.0091782,0.00924,0.0090621,0.0091374,134578933.0
1611028800,0.0091374,0.0096757,0.0091374,0.0093387,516127754.0
1611043200,0.0093387,0.0095741,0.009235,0.0093746,335231166.0
1611057600,0.0093746,0.0094195,0.00896,0.0092234,417984742.0
1611072000,0.0092234,0.0092692,0.0090001,0.0090294,202880309.0
1611086400,0.0090294,0.0092383,0.0090001,0.0090428,142637517.0
1611100800,0.0090428,0.009144,0.0088235,0.0089581,212323810.0
1611115200,0.0089581,0.0091432,0.0087899,0.0090867,154569091.0
1611129600,0.0090867,0.00912,0.008618,0.008686,279835498.0
1611144000,0.008686,0.008995,0.0086001,0.0086804,214835603.0
1611158400,0.0086804,0.0090499,0.0085,0.0090206,201403397.0
1611172800,0.0090206,0.0091,0.00888,0.0090487,99086715.0
1611187200,0.0090487,0.0091,0.0088009,0.0088606,77559005.0
1611201600,0.0088606,0.0089815,0.0087439,0.0089412,67516454.0
1611216000,0.0089412,0.0089497,0.00834,0.008489,382263074.0
1611230400,0.008489,0.008655,0.0082499,0.008326,259780289.0
1611244800,0.008326,0.0086205,0.0082222,0.008586,198505019.0
1611259200,0.008586,0.0086209,0.0080301,0.0081581,273358407.0
1611273600,0.0081581,0.0082284,0.0075639,0.0082063,390211422.0
1611288000,0.0082063,0.0084869,0.0080814,0.0081431,156646841.0
1611302400,0.0081431,0.00843,0.0080886,0.0083925,136157346.0
1611316800,0.0083925,0.0087708,0.0083925,0.008557,177982799.0
1611331200,0.008557,0.0087116,0.0085,0.00859,161932814.0
1611345600,0.00859,0.0087071,0.0084226,0.0085075,129762743.0
1611360000,0.0085075,0.008599,0.00835,0.0085832,97260666.0
1611374400,0.0085832,0.0087999,0.0085638,0.008742,96568370.0
1611388800,0.008742,0.0088324,0.0084109,0.0084617,151696043.0
1611403200,0.0084617,0.0086391,0.0083623,0.008544,138395888.0
1611417600,0.008544,0.0087674,0.0084952,0.0086647,136599098.0
1611432000,0.0086647,0.0086935,0.0085081,0.0085779,98192099.0
1611446400,0.0085779,0.0086299,0.0085,0.0086299,61886787.0
1611460800,0.0086299,0.0087631,0.0085982,0.0086581,88365666.0
1611475200,0.0086581,0.0089672,0.0086106,0.0088863,171045925.0
1611489600,0.0088863,0.008951,0.0085211,0.00878,256954313.0
1611504000,0.00878,0.0088224,0.0085125,0.0085578,202837076.0
1611518400,0.0085578,0.0087508,0.0085512,0.0087135,120413496.0
1611532800,0.0087135,0.0088,0.0086536,0.0087895,94279686.0
1611547200,0.0087895,0.0088259,0.0086769,0.0087748,106195908.0
1611561600,0.0087748,0.0087817,0.0085555,0.0086502,138090515.0
1611576000,0.0086502,0.0089172,0.0086,0.0086565,291415274.0
1611590400,0.0086565,0.0086805,0.00845,0.0085069,160090165.0
1611604800,0.0085069,0.008519,0.0081795,0.0083509,208072573.0
1611619200,0.0083509,0.0084615,0.0081432,0.0082384,138214255.0
1611633600,0.0082384,0.0083831,0.0082,0.0082771,92599889.0
1611648000,0.0082771,0.0083856,0.008155,0.0083139,108495638.0
1611662400,0.0083139,0.0083328,0.0079523,0.0081457,153872765.0
1611676800,0.0081457,0.00832,0.0080612,0.0082993,117786000.0
1611691200,0.0082993,0.0083095,0.0080514,0.0082472,108520488.0
1611705600,0.0082472,0.0082482,0.0080506,0.0081015,64905430.0
1611720000,0.0081015,0.0081321,0.00798,0.0081,65376429.0
1611734400,0.0081,0.0081,0.0078013,0.0078169,123025050.0
1611748800,0.0078169,0.00787,0.007257,0.0076233,407258771.0
1611763200,0.0076233,0.0077495,0.0073243,0.00742,258491487.0
1611777600,0.00742,0.0075959,0.0073755,0.0074124,202348080.0
1611792000,0.0074124,0.0078586,0.007288,0.007853,121514459.0
1611806400,0.007853,0.0145,0.007853,0.0108196,17221429107.0
1611820800,0.0108196,0.0132797,0.0107469,0.0126687,7564097403.0
1611835200,0.0126687,0.028,0.0113,0.017938,24946331126.0
1611849600,0.017938,0.025,0.0149415,0.022167,31883582203.0
1611864000,0.022167,0.0374849,0.0212894,0.0364995,21252840805.0
1611878400,0.0364995,0.0833198,0.0313,0.0832873,31244690452.0
1611892800,0.0832873,0.0875,0.0395001,0.0509652,22627896923.0
1611907200,0.0509652,0.0615,0.0352,0.0499009,16896042987.0
1611921600,0.0499009,0.0695,0.047222,0.054817,16952461263.0
1611936000,0.054817,0.05783,0.0388888,0.0492992,11793085766.0
1611950400,0.0492992,0.0598888,0.0455101,0.0459059,9559515840.0
1611964800,0.0459059,0.0508804,0.0281004,0.032033,9376760006.0
1611979200,0.032033,0.0396,0.0288052,0.0319699,9950521670.0
1611993600,0.0319699,0.0382,0.0299,0.0327464,8203659054.0
1612008000,0.0327464,0.0352,0.0304798,0.0317767,5392199764.0
1612022400,0.0317767,0.0323402,0.0226184,0.0247796,10271747314.0
1612036800,0.0247796,0.03482,0.0222001,0.02826,11364500761.0
1612051200,0.02826,0.0313515,0.0267661,0.0279829,5082674497.0
1612065600,0.0279829,0.0298,0.0268,0.0282759,3073403732.0
1612080000,0.0282759,0.0292,0.0273399,0.0285198,2232906115.0
1612094400,0.0285198,0.0325,0.027011,0.0285536,5446118582.0
1612108800,0.0285536,0.0494843,0.0282136,0.040755,16802653632.0
1612123200,0.040755,0.0462,0.0352824,0.037,11940041171.0
1612137600,0.037,0.0393022,0.0341003,0.0374832,4524831096.0
1612152000,0.0374832,0.042,0.0365,0.0392188,5394198299.0
1612166400,0.0392188,0.0409337,0.0374297,0.0393001,3346653966.0
1612180800,0.0393001,0.0438268,0.03777,0.0395943,5012998793.0
1612195200,0.0395943,0.0412,0.0347482,0.0368433,3431510299.0
1612209600,0.0368433,0.0378545,0.0328615,0.0348173,2158245169.0
1612224000,0.0348173,0.0352666,0.02877,0.0327113,3387279341.0
1612238400,0.0327113,0.035294,0.0324701,0.033675,1563523518.0
1612252800,0.033675,0.0344163,0.0325201,0.0332653,1378234064.0
1612267200,0.0332653,0.0338958,0.0301561,0.0307302,2000333082.0
1612281600,0.0307302,0.032,0.0302052,0.0312223,1751644605.0
1612296000,0.0312223,0.0324596,0.03016,0.0313489,1469234142.0
1612310400,0.0313489,0.034,0.031238,0.0332082,1587779647.0
1612324800,0.0332082,0.0336999,0.0318008,0.0325357,876322072.0
1612339200,0.0325357,0.0330374,0.0319038,0.032184,577060899.0
1612353600,0.032184,0.032412,0.0307918,0.0315345,1192993741.0
1612368000,0.0315345,0.03304,0.0310001,0.0326349,1558625336.0
1612382400,0.0326349,0.0397836,0.0325033,0.0372597,7168005527.0
1612396800,0.0372597,0.0397777,0.0358367,0.0384477,2525659292.0
1612411200,0.0384477,0.0520985,0.0379042,0.0510419,8069494921.0
1612425600,0.0510419,0.0598,0.0453625,0.053986,18784547136.0
1612440000,0.053986,0.0539999,0.0444554,0.046939,9519421966.0
1612454400,0.046939,0.0494,0.0414729,0.0481104,5507490217.0
1612468800,0.0481104,0.0566666,0.0478396,0.0529081,4389028987.0
1612483200,0.0529081,0.05434,0.044309,0.0462758,6875311900.0
1612497600,0.0462758,0.0476294,0.0431516,0.0460202,2545156107.0
1612512000,0.0460202,0.0460998,0.0432651,0.0458599,2160246669.0
1612526400,0.0458599,0.04789,0.0445202,0.0458353,2300730267.0
1612540800,0.0458353,0.0466,0.0445907,0.0457001,1418841773.0
1612555200,0.0457001,0.04748,0.0452812,0.0467193,1259792456.0
1612569600,0.0467193,0.0468628,0.0444191,0.046128,1004976616.0
1612584000,0.046128,0.0513005,0.0460178,0.0485364,4338767374.0
1612598400,0.0485364,0.050884,0.048,0.04888,1910816096.0
1612612800,0.04888,0.0515,0.048537,0.050571,1816119752.0
1612627200,0.050571,0.055,0.0496007,0.0532101,3785162722.0
1612641600,0.0532101,0.0588683,0.0514488,0.0576559,4396643284.0
1612656000,0.0576559,0.06565,0.0536095,0.057107,8047729491.0
1612670400,0.057107,0.063,0.0531446,0.0612446,4040900405.0
1612684800,0.0612446,0.06188,0.0581405,0.0605405,3035658310.0
1612699200,0.0605405,0.06429,0.0592457,0.0636032,3797020651.0
1612713600,0.0636032,0.0765,0.0635802,0.0690531,10638627363.0
1612728000,0.0690531,0.087297,0.0688,0.0779247,9277910078.0
1612742400,0.0779247,0.0781721,0.0622214,0.0660992,8126173513.0
1612756800,0.0660992,0.0741,0.0659501,0.0718143,3540940156.0
1612771200,0.0718143,0.0777777,0.0696948,0.0750233,3292974237.0
1612785600,0.0750233,0.0853555,0.07,0.0812873,5433697337.0
1612800000,0.0812873,0.0849,0.07562,0.0799456,3605987945.0
1612814400,0.0799456,0.0819,0.0757928,0.0787,2387246159.0
1612828800,0.0787,0.0838001,0.0777108,0.0820514,2007380741.0
1612843200,0.0820514,0.0820556,0.0783412,0.0787203,1566706221.0
1612857600,0.0787203,0.0809214,0.0767,0.07955,1726921863.0
1612872000,0.07955,0.0809,0.07,0.0727027,2914149308.0
1612886400,0.0727027,0.0748,0.063,0.0723338,4713986645.0
1612900800,0.0723338,0.073177,0.0680569,0.0700121,1673554203.0
1612915200,0.0700121,0.0722416,0.069,0.0701805,1114650088.0
1612929600,0.0701805,0.0765615,0.069,0.0748642,2412950357.0
1612944000,0.0748642,0.0755,0.0708517,0.072,1326561076.0
1612958400,0.072,0.0816496,0.066,0.0754334,5440448761.0
1612972800,0.0754334,0.0782,0.0716027,0.0739751,2708617048.0
1612987200,0.0739751,0.0746,0.071711,0.0725527,1153085100.0
1613001600,0.0725527,0.07335,0.0710008,0.07245,442086884.0
1613016000,0.07245,0.0733,0.0717608,0.072001,504484233.0
1613030400,0.072001,0.0755622,0.0710383,0.0728141,1490004304.0
1613044800,0.0728141,0.073525,0.0715,0.0715953,1248780024.0
1613059200,0.0715953,0.07269,0.068,0.0700475,1759335818.0
1613073600,0.0700475,0.0711,0.0689841,0.069583,882462728.0
1613088000,0.069583,0.0699178,0.0608,0.0627692,1884299051.0
1613102400,0.0627692,0.0679,0.0624212,0.064551,1339083951.0
1613116800,0.064551,0.0685019,0.064551,0.0677495,970074336.0
1613131200,0.0677495,0.069311,0.0662463,0.0672353,938021999.0
1613145600,0.0672353,0.0688524,0.067146,0.0678618,732431048.0
1613160000,0.0678618,0.07298,0.0678019,0.0697675,1653822214.0
1613174400,0.0697675,0.071709,0.0695,0.0696301,603112071.0
1613188800,0.0696301,0.0701631,0.068,0.0688797,636888010.0
1613203200,0.0688797,0.0701605,0.0658575,0.0674742,864818341.0
1613217600,0.0674742,0.06985,0.066865,0.0685264,568611718.0
1613232000,0.0685264,0.0697108,0.0670629,0.0672257,521152718.0
1613246400,0.0672257,0.0674102,0.0656,0.0662405,649866491.0
1613260800,0.0662405,0.0664663,0.0641093,0.0644163,660787255.0
1613275200,0.0644163,0.06599,0.06275,0.0650234,723016065.0
1613289600,0.0650234,0.066049,0.0631632,0.0636482,681191197.0
1613304000,0.0636482,0.0638,0.055558,0.0598012,2525882987.0
1613318400,0.0598012,0.0636741,0.0574036,0.0596686,1840774570.0
1613332800,0.0596686,0.065,0.056789,0.0626783,1797506188.0
1613347200,0.0626783,0.063999,0.0474935,0.0532923,2745648347.0
1613361600,0.0532923,0.0555265,0.0476031,0.0549637,2137172306.0
1613376000,0.0549637,0.061,0.054158,0.0592673,1575136516.0
1613390400,0.0592673,0.0642,0.0579,0.0599441,2489179641.0
1613404800,0.0599441,0.061459,0.057848,0.0602185,1156736288.0
1613419200,0.0602185,0.061,0.0545233,0.0565,1217128394.0
1613433600,0.0565,0.0598452,0.054526,0.0593329,1185147388.0
1613448000,0.0593329,0.0597462,0.0570661,0.0584665,764238506.0
1613462400,0.0584665,0.059076,0.0566955,0.057,668525432.0
1613476800,0.057,0.0582839,0.0548308,0.0557,1172538918.0
1613491200,0.0557,0.0583676,0.0510003,0.052255,1697895902.0
1613505600,0.052255,0.0540524,0.0506003,0.053476,1154731364.0
1613520000,0.053476,0.055109,0.0527397,0.0537437,739798258.0
1613534400,0.0537437,0.054188,0.051008,0.05373,892495255.0
1613548800,0.05373,0.0541,0.0521934,0.0522785,767348296.0
1613563200,0.0522785,0.0534449,0.0517395,0.0520692,914286341.0
1613577600,0.0520692,0.053,0.0508905,0.051184,1246537685.0
1613592000,0.051184,0.0515,0.0478,0.0495187,1607665396.0
1613606400,0.0495187,0.05375,0.0489,0.0529232,1588511941.0
1613620800,0.0529232,0.0533729,0.0501825,0.0514604,973311422.0
1613635200,0.0514604,0.0518189,0.0501554,0.051465,798464646.0
1613649600,0.051465,0.0529,0.050601,0.0509617,995877056.0
1613664000,0.0509617,0.0645617,0.050951,0.058756,6092693797.0
1613678400,0.058756,0.0621833,0.057328,0.0587991,2585239142.0
1613692800,0.0587991,0.059719,0.0550112,0.0571686,1740972293.0
1613707200,0.0571686,0.058,0.05491,0.0562747,1119687713.0
1613721600,0.0562747,0.057541,0.0556132,0.0570971,979650432.0
1613736000,0.0570971,0.0570992,0.0536581,0.0544878,1034809947.0
1613750400,0.0544878,0.0555504,0.054138,0.0542698,481503025.0
1613764800,0.0542698,0.0569978,0.0542444,0.055033,1048941578.0
1613779200,0.055033,0.0553865,0.053,0.0549986,847610180.0
1613793600,0.0549986,0.057,0.0538279,0.055385,656096775.0
1613808000,0.055385,0.0607,0.055336,0.0563383,2338940625.0
1613822400,0.0563383,0.05796,0.054,0.0551694,1318818575.0
1613836800,0.0551694,0.0566,0.0545937,0.0558463,717123581.0
1613851200,0.0558463,0.0581852,0.051,0.0541708,1480419545.0
1613865600,0.0541708,0.0568055,0.05325,0.0559331,737671632.0
1613880000,0.0559331,0.0563,0.0547,0.0549061,545980184.0
1613894400,0.0549061,0.0556112,0.0544171,0.0549997,630218170.0
1613908800,0.0549997,0.0558,0.0542285,0.0554131,666061528.0
1613923200,0.0554131,0.05555,0.0545126,0.0547652,402835816.0
1613937600,0.0547652,0.06,0.0538931,0.0560183,2565609165.0
1613952000,0.0560183,0.0588392,0.0544444,0.056445,1289370646.0
1613966400,0.056445,0.0586097,0.0557001,0.0581234,1092345758.0
1613980800,0.0581234,0.0608037,0.05486,0.0557591,2508572830.0
1613995200,0.0557591,0.0561022,0.0461003,0.0525802,2419489632.0
1614009600,0.0525802,0.0538506,0.051,0.0536881,729149578.0
1614024000,0.0536881,0.0544,0.0524652,0.0535557,381570479.0
1614038400,0.0535557,0.0538776,0.05,0.051358,723252228.0
1614052800,0.051358,0.0518946,0.049252,0.0505925,778221449.0
1614067200,0.0505925,0.0508349,0.0413332,0.0442907,2044331879.0
1614081600,0.0442907,0.048192,0.042585,0.0465863,1384739037.0
1614096000,0.0465863,0.047604,0.043698,0.043698,577237935.0
1614110400,0.043698,0.0478963,0.043,0.0476562,451091844.0
1614124800,0.0476562,0.0509669,0.0459034,0.050522,696385518.0
1614139200,0.050522,0.0575,0.0493151,0.0543206,2665641779.0
1614153600,0.0543206,0.0555566,0.0531201,0.053251,815977156.0
1614168000,0.053251,0.060586,0.0523847,0.057556,4887643053.0
1614182400,0.057556,0.0586988,0.0546301,0.0552325,1243769931.0
1614196800,0.0552325,0.0570883,0.05297,0.0567911,862936083.0
1614211200,0.0567911,0.0581,0.0555618,0.0555998,838463692.0
1614225600,0.0555998,0.0567631,0.0548826,0.0554249,738881228.0
1614240000,0.0554249,0.0558892,0.0532026,0.055397,787996317.0
1614254400,0.055397,0.0563499,0.0542106,0.054632,810857709.0
1614268800,0.054632,0.0549845,0.05152,0.052416,1060413705.0
1614283200,0.052416,0.052617,0.0495002,0.0499138,676434724.0
1614297600,0.0499138,0.0516383,0.0489,0.051521,685581533.0
1614312000,0.051521,0.0517499,0.0484,0.049125,582111362.0
1614326400,0.049125,0.0514019,0.0489,0.0504108,529022725.0
1614340800,0.0504108,0.0516499,0.0496044,0.0512394,445213132.0
1614355200,0.0512394,0.0526032,0.0499,0.0502339,505001284.0
1614369600,0.0502339,0.0509526,0.0495,0.0504768,400993749.0
1614384000,0.0504768,0.0521,0.0502871,0.0511744,427745660.0
1614398400,0.0511744,0.0516981,0.0504807,0.0505568,277176544.0
1614412800,0.0505568,0.0506964,0.04955,0.050003,512884567.0
1614427200,0.050003,0.0515,0.0495649,0.05005,479961615.0
1614441600,0.05005,0.05055,0.0498179,0.05051,271956823.0
1614456000,0.05051,0.05075,0.0491,0.0500725,299152168.0
1614470400,0.0500725,0.0502426,0.047,0.0470557,461878212.0
1614484800,0.0470557,0.0487051,0.0464599,0.04715,531898608.0
1614499200,0.04715,0.0485111,0.0471155,0.0483239,216216131.0
1614513600,0.0483239,0.0484896,0.0451187,0.0452503,395328890.0
1614528000,0.0452503,0.0484999,0.0446561,0.0484148,454838161.0
1614542400,0.0484148,0.0496991,0.0479001,0.0481582,324663454.0
1614556800,0.0481582,0.0494502,0.0480037,0.0486563,217743892.0
1614571200,0.0486563,0.0490154,0.0478589,0.048286,171386541.0
1614585600,0.048286,0.0506854,0.048282,0.0502391,503645300.0
1614600000,0.0502391,0.0504997,0.0491483,0.0501111,390976190.0
1614614400,0.0501111,0.052505,0.0488535,0.0518222,654075327.0
1614628800,0.0518222,0.0518824,0.0496201,0.0505933,814753202.0
1614643200,0.0505933,0.05249,0.0505198,0.0513465,648751882.0
1614657600,0.0513465,0.0520899,0.05,0.0503477,332672950.0
1614672000,0.0503477,0.0516616,0.0503,0.0510154,320157155.0
1614686400,0.0510154,0.0518217,0.0506148,0.0508538,338544366.0
1614700800,0.0508538,0.050886,0.0491004,0.0495582,433376372.0
1614715200,0.0495582,0.050824,0.0494001,0.050364,304861421.0
1614729600,0.050364,0.0506873,0.0499556,0.050253,140918321.0
1614744000,0.050253,0.0514463,0.0502187,0.0511725,244958043.0
1614758400,0.0511725,0.0519969,0.0511563,0.0515251,424094456.0
1614772800,0.0515251,0.0521972,0.0500869,0.0507561,517457036.0
1614787200,0.0507561,0.0514268,0.0501302,0.0508202,251301133.0
1614801600,0.0508202,0.0512834,0.0503,0.0504146,262357037.0
1614816000,0.0504146,0.0511539,0.0498008,0.0499551,274969740.0
1614830400,0.0499551,0.0505861,0.04969,0.05029,216462346.0
1614844800,0.05029,0.0507135,0.0496144,0.0499219,294059983.0
1614859200,0.0499219,0.0505239,0.0494,0.05,314826867.0
1614873600,0.05,0.0503,0.04765,0.0488058,472673588.0
1614888000,0.0488058,0.0509976,0.0482266,0.0499865,370539547.0
1614902400,0.0499865,0.0500499,0.0480213,0.0491309,356291904.0
1614916800,0.0491309,0.0495893,0.0488111,0.0493805,131766094.0
1614931200,0.0493805,0.0495396,0.0484526,0.049365,174269460.0
1614945600,0.049365,0.051079,0.0489541,0.049052,547232215.0
1614960000,0.049052,0.0500612,0.0479661,0.0499443,290436361.0
1614974400,0.0499443,0.0504,0.0493301,0.0495285,214966719.0
1614988800,0.0495285,0.0501368,0.0495247,0.0499725,87366734.0
1615003200,0.0499725,0.0525801,0.0495296,0.0515289,1228220670.0
1615017600,0.0515289,0.05192,0.05,0.0508166,415915496.0
1615032000,0.0508166,0.0508723,0.049084,0.0501072,406950127.0
1615046400,0.0501072,0.0515,0.0498586,0.0512786,267832645.0
1615060800,0.0512786,0.0519454,0.0507005,0.0509588,342979038.0
1615075200,0.0509588,0.05195,0.0507017,0.0513339,292833407.0
1615089600,0.0513339,0.051661,0.0509913,0.0515925,136236120.0
1615104000,0.0515925,0.0518499,0.051176,0.0513985,245781221.0
1615118400,0.0513985,0.0515676,0.0504286,0.0512145,260247163.0
1615132800,0.0512145,0.05174,0.0508667,0.0511407,240750405.0
1615147200,0.0511407,0.0524716,0.0507187,0.0519871,318714345.0
1615161600,0.0519871,0.0557276,0.0515505,0.0548314,1354787469.0
1615176000,0.0548314,0.06002,0.05375,0.0562194,2141127816.0
1615190400,0.0562194,0.0564658,0.0540602,0.0557987,1059248433.0
1615204800,0.0557987,0.0578507,0.0546422,0.0570936,1023900723.0
1615219200,0.0570936,0.0575893,0.055701,0.0575804,578335347.0
1615233600,0.0575804,0.063075,0.0570678,0.0629738,1415572399.0
1615248000,0.0629738,0.0630025,0.0582968,0.058832,1397911345.0
1615262400,0.058832,0.0598869,0.0572,0.0582346,717206693.0
1615276800,0.0582346,0.059155,0.0567196,0.0570499,804998879.0
1615291200,0.0570499,0.0582052,0.056,0.0570467,723092109.0
1615305600,0.0570467,0.0578845,0.056215,0.0577568,379266581.0
1615320000,0.0577568,0.0587769,0.0571774,0.0579117,390084455.0
1615334400,0.0579117,0.0587592,0.0545,0.0554365,818433293.0
1615348800,0.0554365,0.0569493,0.0553588,0.0567208,250842598.0
1615363200,0.0567208,0.0570482,0.0559555,0.0562244,288076215.0
1615377600,0.0562244,0.0575,0.0555943,0.05624,382954725.0
1615392000,0.05624,0.05688,0.0553959,0.0557984,286700717.0
1615406400,0.0557984,0.056875,0.0545598,0.0558692,363739270.0
1615420800,0.0558692,0.056198,0.0548514,0.0557982,212629586.0
1615435200,0.0557982,0.05612,0.0549014,0.0549015,201483268.0
1615449600,0.0549015,0.0554251,0.0542647,0.0552871,276610663.0
1615464000,0.0552871,0.05698,0.05477,0.0550909,429273726.0
1615478400,0.0550909,0.0563739,0.0549707,0.0552568,278656167.0
1615492800,0.0552568,0.0565,0.0552568,0.0559286,248529364.0
1615507200,0.0559286,0.057,0.0552572,0.056748,308356735.0
1615521600,0.056748,0.057,0.0553534,0.0556249,267662193.0
1615536000,0.0556249,0.0558155,0.0549002,0.0555143,264808929.0
1615550400,0.0555143,0.05587,0.054051,0.0555699,399691169.0
1615564800,0.0555699,0.0556715,0.0546597,0.0548,284703389.0
1615579200,0.0548,0.0559322,0.0544012,0.0552731,296702824.0
1615593600,0.0552731,0.0558028,0.0546635,0.055343,279279080.0
1615608000,0.055343,0.05617,0.055132,0.0558205,221766607.0
1615622400,0.0558205,0.057,0.0555215,0.057,416764209.0
1615636800,0.057,0.0575778,0.0561882,0.0572778,454899165.0
1615651200,0.0572778,0.0616,0.0570749,0.0607968,798559695.0
1615665600,0.0607968,0.063,0.057826,0.0627892,1488907833.0
1615680000,0.0627892,0.0636789,0.0589124,0.0630258,2151869747.0
1615694400,0.0630258,0.0630258,0.060001,0.0600297,692565482.0
1615708800,0.0600297,0.0628443,0.0589743,0.0607227,928172842.0
1615723200,0.0607227,0.0618011,0.05998,0.0605,543947058.0
1615737600,0.0605,0.060881,0.058441,0.0594084,451114745.0
1615752000,0.0594084,0.0601105,0.05817,0.058221,347524202.0
1615766400,0.058221,0.0593,0.058143,0.0592035,244048647.0
1615780800,0.0592035,0.0597745,0.055,0.056289,645220863.0
1615795200,0.056289,0.0573202,0.055,0.0566813,523657302.0
1615809600,0.0566813,0.0572388,0.0555555,0.0562115,329810853.0
1615824000,0.0562115,0.0575163,0.05548,0.0573574,265629700.0
1615838400,0.0573574,0.0583599,0.0563305,0.0569691,401055283.0
1615852800,0.0569691,0.0575632,0.0552668,0.056614,465653037.0
1615867200,0.056614,0.058278,0.0558705,0.0576344,370948773.0
1615881600,0.0576344,0.0582924,0.057,0.0572218,244923292.0
1615896000,0.0572218,0.0581454,0.057169,0.0581,243768009.0
1615910400,0.0581,0.0591427,0.057,0.058169,429050186.0
1615924800,0.058169,0.0589147,0.0577871,0.0586507,249230862.0
1615939200,0.0586507,0.0589584,0.05806,0.0582228,173369617.0
1615953600,0.0582228,0.0583916,0.0576438,0.0580332,167510524.0
1615968000,0.0580332,0.0581894,0.057,0.0572023,194940463.0
1615982400,0.0572023,0.0575319,0.0565314,0.0566371,218168525.0
1615996800,0.0566371,0.0583805,0.0565314,0.0581986,231128582.0
1616011200,0.0581986,0.05865,0.057761,0.057892,177029059.0
1616025600,0.057892,0.0592896,0.0576722,0.0580597,352237977.0
1616040000,0.0580597,0.0584937,0.0574766,0.0576944,150319805.0
1616054400,0.0576944,0.0583412,0.0576692,0.0577678,167764085.0
1616068800,0.0577678,0.0583342,0.0573284,0.0582576,280326741.0
1616083200,0.0582576,0.0584722,0.0570399,0.0572161,208582167.0
1616097600,0.0572161,0.0583272,0.0568896,0.0573485,178868183.0
1616112000,0.0573485,0.0577315,0.0563741,0.057418,240275961.0
1616126400,0.057418,0.0581,0.05725,0.0578612,163697408.0
1616140800,0.0578612,0.0599,0.057667,0.058555,667748812.0
1616155200,0.058555,0.0587158,0.0578076,0.0582668,259311607.0
1616169600,0.0582668,0.0588,0.0580747,0.0586244,154302879.0
1616184000,0.0586244,0.0592,0.0582314,0.0582472,206352181.0
1616198400,0.0582472,0.0588977,0.05797,0.0585089,197470803.0
1616212800,0.0585089,0.060625,0.0583393,0.0589657,574116279.0
1616227200,0.0589657,0.059813,0.0588578,0.0594745,330697852.0
1616241600,0.0594745,0.0599513,0.058896,0.059501,258466969.0
1616256000,0.059501,0.059824,0.0589955,0.0593776,187060980.0
1616270400,0.0593776,0.06057,0.0586333,0.0588186,392016363.0
1616284800,0.0588186,0.0595555,0.0580011,0.0585447,242865186.0
1616299200,0.0585447,0.0586582,0.0576031,0.0580493,174833057.0
1616313600,0.0580493,0.0581759,0.0567,0.0571144,226211211.0
1616328000,0.0571144,0.0580499,0.0569209,0.0575954,202276707.0
1616342400,0.0575954,0.0580525,0.0572779,0.057548,165778736.0
1616356800,0.057548,0.0582902,0.0573397,0.0574781,192299068.0
1616371200,0.0574781,0.0575947,0.0568421,0.0575803,169834596.0
1616385600,0.0575803,0.0579412,0.05732,0.0575048,103879146.0
1616400000,0.0575048,0.0579777,0.0570002,0.057723,190935823.0
1616414400,0.057723,0.0577387,0.0568501,0.0572599,197120838.0
1616428800,0.0572599,0.057378,0.056,0.0561024,233498389.0
1616443200,0.0561024,0.0567837,0.0544234,0.054888,375498184.0
1616457600,0.054888,0.0561052,0.0544228,0.0552772,193812923.0
1616472000,0.0552772,0.0556772,0.0525963,0.0540763,403916703.0
1616486400,0.0540763,0.0550022,0.0537343,0.0542804,200454959.0
1616500800,0.0542804,0.0556805,0.0542804,0.0549821,187370449.0
1616515200,0.0549821,0.0554157,0.054,0.05431,171141284.0
1616529600,0.05431,0.0543919,0.05307,0.0533532,281248411.0
1616544000,0.0533532,0.0540976,0.0527405,0.0536929,223815543.0
1616558400,0.0536929,0.0559182,0.0535299,0.055475,236453151.0
1616572800,0.055475,0.0567995,0.0554061,0.0561775,289988247.0
1616587200,0.0561775,0.0567124,0.0549889,0.0552358,281865352.0
1616601600,0.0552358,0.055318,0.0533484,0.0534602,230507747.0
1616616000,0.0534602,0.0539434,0.05075,0.0514996,403768081.0
1616630400,0.0514996,0.05212,0.050001,0.0510107,446230200.0
1616644800,0.0510107,0.05225,0.0506698,0.0509492,345690867.0
1616659200,0.0509492,0.0524498,0.050658,0.0513925,183886513.0
1616673600,0.0513925,0.0516317,0.0498134,0.0500962,328881023.0
1616688000,0.0500962,0.0517498,0.0495798,0.051715,213696173.0
1616702400,0.051715,0.0524484,0.0510929,0.051266,147012917.0
1616716800,0.051266,0.0523853,0.051232,0.052149,144263910.0
1616731200,0.052149,0.0528266,0.051895,0.0527938,105617889.0
1616745600,0.0527938,0.053,0.0521111,0.0526198,142228685.0
1616760000,0.0526198,0.053292,0.0524875,0.05299,170317926.0
1616774400,0.05299,0.053288,0.052521,0.0527911,162761545.0
1616788800,0.0527911,0.054038,0.052785,0.053931,148607572.0
1616803200,0.053931,0.0548447,0.0534606,0.0537782,176512577.0
1616817600,0.0537782,0.054359,0.0535644,0.0537377,115063107.0
1616832000,0.0537377,0.05545,0.053386,0.0542123,456661041.0
1616846400,0.0542123,0.054724,0.0536501,0.0545169,170094308.0
1616860800,0.0545169,0.0552352,0.0543517,0.0546681,166749047.0
1616875200,0.0546681,0.0549489,0.0541565,0.054436,91285141.0
1616889600,0.054436,0.0545895,0.0539433,0.0544661,94779052.0
1616904000,0.0544661,0.0549,0.054212,0.0545114,87885655.0
1616918400,0.0545114,0.0546823,0.0539104,0.0539897,111804623.0
1616932800,0.0539897,0.0542151,0.0533831,0.054121,175161531.0
1616947200,0.054121,0.0542209,0.053,0.053292,132712985.0
1616961600,0.053292,0.053752,0.0529496,0.0536656,73038281.0
1616976000,0.0536656,0.0538395,0.053202,0.0536064,84640410.0
1616990400,0.0536064,0.0539702,0.053277,0.0538513,124234433.0
1617004800,0.0538513,0.0547123,0.0537142,0.0542446,231356278.0
1617019200,0.0542446,0.0545809,0.0536257,0.054016,239061965.0
1617033600,0.054016,0.0544116,0.0538,0.05406,166280826.0
1617048000,0.05406,0.054288,0.05383,0.054124,131813493.0
1617062400,0.054124,0.0544504,0.0537264,0.0542317,143851301.0
1617076800,0.0542317,0.0545719,0.05392,0.05421,129874039.0
1617091200,0.05421,0.0549751,0.0540167,0.054825,208138590.0
1617105600,0.054825,0.0556267,0.053328,0.0541503,562341130.0
1617120000,0.0541503,0.0549792,0.0539999,0.0541682,252048348.0
1617134400,0.0541682,0.0542655,0.053929,0.0540003,103054183.0
1617148800,0.0540003,0.0545,0.0535,0.0537038,171316619.0
1617163200,0.0537038,0.0543739,0.0531469,0.0533015,171435579.0
1617177600,0.0533015,0.053484,0.0513424,0.0532219,250323956.0
1617192000,0.0532219,0.0537326,0.052861,0.05356,114261884.0
1617206400,0.05356,0.0539,0.0528815,0.0532,177872597.0
1617220800,0.0532,0.053911,0.0523827,0.0537699,199953514.0
1617235200,0.0537699,0.05425,0.0534999,0.0540727,142875192.0
1617249600,0.0540727,0.0546258,0.0536502,0.0540169,207263424.0
1617264000,0.0540169,0.07135,0.0536996,0.0668588,6775113255.0
1617278400,0.0668588,0.0670599,0.0584,0.059361,4966541545.0
1617292800,0.059361,0.0623,0.056999,0.0584414,1927167527.0
1617307200,0.0584414,0.0622,0.0582748,0.062151,1223060835.0
1617321600,0.062151,0.062905,0.0586273,0.0602326,847366270.0
1617336000,0.0602326,0.0603558,0.058251,0.058353,467553046.0
1617350400,0.058353,0.0608,0.058004,0.059233,976002220.0
1617364800,0.059233,0.05956,0.058344,0.0587969,457183328.0
1617379200,0.0587969,0.0591658,0.0575,0.057825,371091417.0
1617393600,0.057825,0.058359,0.0572,0.0575849,296270635.0
1617408000,0.0575849,0.0595516,0.0574391,0.0584589,369252393.0
1617422400,0.0584589,0.0594986,0.0581367,0.0585201,374638178.0
1617436800,0.0585201,0.05913,0.058126,0.0583635,333537646.0
1617451200,0.0583635,0.059063,0.0579662,0.0580272,361400850.0
1617465600,0.0580272,0.0583824,0.0561333,0.0574105,378910911.0
1617480000,0.0574105,0.0574288,0.0555,0.0555113,248622761.0
1617494400,0.0555113,0.0569431,0.0550864,0.0567813,357342612.0
1617508800,0.0567813,0.0570896,0.0562932,0.0566771,163448347.0
1617523200,0.0566771,0.0573808,0.0564495,0.0565483,207021418.0
1617537600,0.0565483,0.0575187,0.0561885,0.056622,353783815.0
1617552000,0.056622,0.0582181,0.056468,0.0570528,309158214.0
1617566400,0.0570528,0.0576,0.05686,0.0573943,173044287.0
1617580800,0.0573943,0.0580675,0.0565158,0.058053,352715447.0
1617595200,0.058053,0.0592851,0.0562315,0.0567245,510431473.0
1617609600,0.0567245,0.058307,0.0564665,0.0583069,322233071.0
1617624000,0.0583069,0.0584703,0.057,0.0578171,340031388.0
1617638400,0.0578171,0.0581999,0.057502,0.0581175,330876772.0
1617652800,0.0581175,0.0607069,0.0579453,0.0599992,782580781.0
1617667200,0.0599992,0.0609834,0.058937,0.0595747,523854346.0
1617681600,0.0595747,0.0597888,0.0579904,0.058266,253213942.0
1617696000,0.058266,0.0607331,0.0581241,0.0590901,573357216.0
1617710400,0.0590901,0.066,0.0589575,0.0610424,1827166552.0
1617724800,0.0610424,0.062821,0.0603151,0.0620909,811783783.0
1617739200,0.0620909,0.0646897,0.0611369,0.0644047,772772900.0
1617753600,0.0644047,0.06744,0.0625029,0.0653043,1634421522.0
1617768000,0.0653043,0.0657454,0.060502,0.0611055,876372381.0
1617782400,0.0611055,0.061796,0.058,0.0585703,932542994.0
1617796800,0.0585703,0.0615451,0.0571267,0.0587013,787922957.0
1617811200,0.0587013,0.06055,0.0581435,0.0594,405695368.0
1617825600,0.0594,0.0603549,0.0587069,0.0587769,203096631.0
1617840000,0.0587769,0.0611617,0.0586319,0.0609898,300792049.0
1617854400,0.0609898,0.062324,0.0608997,0.0610086,444184981.0
1617868800,0.0610086,0.0617159,0.0602627,0.0605631,271984672.0
1617883200,0.0605631,0.0616879,0.0604704,0.0615182,258170577.0
1617897600,0.0615182,0.0618408,0.0605916,0.0606946,215351502.0
1617912000,0.0606946,0.0619377,0.0603922,0.0617838,255087925.0
1617926400,0.0617838,0.0623757,0.0611381,0.0613039,206755954.0
1617940800,0.0613039,0.0642733,0.0604712,0.0631632,787616072.0
1617955200,0.0631632,0.0636,0.0614468,0.0622074,452738451.0
1617969600,0.0622074,0.0623316,0.0607777,0.0614682,345678074.0
1617984000,0.0614682,0.0619384,0.0606582,0.0616452,165799016.0
1617998400,0.0616452,0.0622863,0.0608564,0.0615878,191015457.0
1618012800,0.0615878,0.062159,0.0609445,0.0618507,214834643.0
1618027200,0.0618507,0.0657518,0.0617999,0.0632034,842075634.0
1618041600,0.0632034,0.064941,0.0628402,0.063819,482655892.0
1618056000,0.063819,0.063962,0.062,0.0631039,352578609.0
1618070400,0.0631039,0.0646,0.0624815,0.0641679,585509235.0
1618084800,0.0641679,0.0644306,0.063,0.0637167,302856095.0
1618099200,0.0637167,0.0687014,0.0633959,0.0659525,1648326067.0
1618113600,0.0659525,0.0677098,0.064,0.0660531,903110040.0
1618128000,0.0660531,0.08,0.0660241,0.0744592,5367906086.0
1618142400,0.0744592,0.0759597,0.0701,0.0713609,3649102399.0
1618156800,0.0713609,0.07649,0.0703375,0.0738085,1841266980.0
1618171200,0.0738085,0.078887,0.0733942,0.07433,1558219574.0
1618185600,0.07433,0.0754791,0.0718544,0.07328,924147769.0
1618200000,0.07328,0.0739637,0.0709,0.0731343,773952726.0
1618214400,0.0731343,0.0739887,0.0685,0.0708293,1062664241.0
1618228800,0.0708293,0.0724416,0.069287,0.0697401,681440337.0
1618243200,0.0697401,0.0717361,0.0688,0.0706697,507226627.0
1618257600,0.0706697,0.0719374,0.0698841,0.0707343,350924526.0
1618272000,0.0707343,0.0775936,0.0706409,0.0734007,1339666477.0
1618286400,0.0734007,0.075429,0.0722528,0.072992,656336371.0
1618300800,0.072992,0.0797619,0.071912,0.077468,1760372552.0
1618315200,0.077468,0.0825594,0.0755074,0.0815007,2204331153.0
1618329600,0.0815007,0.096079,0.0815,0.0894585,5796244550.0
1618344000,0.0894585,0.0962255,0.0883045,0.094402,1848889174.0
1618358400,0.094402,0.121,0.092118,0.1114034,7599769364.0
1618372800,0.1114034,0.1392487,0.1083786,0.1290479,6963916573.0
1618387200,0.1290479,0.1453955,0.1189507,0.1431663,7841434256.0
1618401600,0.1431663,0.145,0.1191,0.1331955,5822033579.0
1618416000,0.1331955,0.13493,0.109355,0.1161157,4133560003.0
1618430400,0.1161157,0.131,0.106,0.1214329,4320275949.0
1618444800,0.1214329,0.1348,0.1197878,0.1288016,2564236722.0
1618459200,0.1288016,0.1444,0.127418,0.1362796,4108800856.0
1618473600,0.1362796,0.138719,0.1242,0.1288967,1966607718.0
1618488000,0.1288967,0.1351169,0.128206,0.1331001,1351438856.0
1618502400,0.1331001,0.1756802,0.1320207,0.168281,6823426282.0
1618516800,0.168281,0.1918922,0.168,0.1823599,7801460786.0
1618531200,0.1823599,0.2988275,0.1791,0.2659352,14883600090.0
1618545600,0.2659352,0.27,0.2272882,0.2457957,6731144765.0
1618560000,0.2457957,0.33,0.2401075,0.3046235,8121195814.0
1618574400,0.3046235,0.45,0.2904629,0.3717984,14787375165.0
1618588800,0.3717984,0.385,0.2945636,0.3435171,8009100666.0
1618603200,0.3435171,0.4,0.325925,0.3654434,4978128856.0
1618617600,0.3654434,0.38125,0.302218,0.3162006,3903670444.0
1618632000,0.3162006,0.3321889,0.2551,0.3074861,4739424790.0
1618646400,0.3074861,0.325,0.2601,0.2708908,3275579703.0
1618660800,0.2708908,0.285,0.231,0.2626862,5804201459.0
1618675200,0.2626862,0.335,0.256,0.3162811,4207806479.0
1618689600,0.3162811,0.326,0.2763459,0.2822532,2926375056.0
1618704000,0.2822532,0.3095,0.2397,0.2710943,2734120082.0
1618718400,0.2710943,0.2945,0.2529919,0.2882257,1948245356.0
1618732800,0.2882257,0.331,0.2801,0.285472,3846905137.0
1618747200,0.285472,0.325,0.284025,0.3057971,2846714008.0
1618761600,0.3057971,0.338,0.296,0.3297176,3366440259.0
1618776000,0.3297176,0.351,0.3089082,0.3223299,3637442035.0
1618790400,0.3223299,0.3439,0.308,0.3433334,1679074865.0
1618804800,0.3433334,0.3747855,0.328,0.3643867,2259355068.0
1618819200,0.3643867,0.435546,0.3638823,0.3997155,6998939737.0
1618833600,0.3997155,0.4129783,0.3388,0.3714999,4379756322.0
1618848000,0.3714999,0.405,0.364,0.3955086,2862888009.0
1618862400,0.3955086,0.4233331,0.382,0.408903,2693380139.0
1618876800,0.408903,0.4135625,0.3429171,0.3849209,2072183524.0
1618891200,0.3849209,0.4246216,0.3849209,0.4135557,2532992917.0
1618905600,0.4135557,0.4196161,0.3768473,0.3965898,2869048544.0
1618920000,0.3965898,0.39845,0.349,0.361268,3151678055.0
1618934400,0.361268,0.365,0.309153,0.3294841,4466314687.0
1618948800,0.3294841,0.35,0.27,0.3173205,5876924961.0
1618963200,0.3173205,0.3359257,0.3009563,0.3138434,1978065858.0
1618977600,0.3138434,0.347661,0.3125,0.3220485,1580862385.0
1618992000,0.3220485,0.333914,0.2962472,0.3045478,1531664408.0
1619006400,0.3045478,0.3198,0.2960052,0.3011618,1566952745.0
1619020800,0.3011618,0.3185,0.3005,0.3141699,1194671271.0
1619035200,0.3141699,0.33281,0.303114,0.3058251,1608178728.0
1619049600,0.3058251,0.309,0.2701522,0.2735681,1718343630.0
1619064000,0.2735681,0.29273,0.2719387,0.2781296,1285406499.0
1619078400,0.2781296,0.2793128,0.257,0.2636788,1995049999.0
1619092800,0.2636788,0.3049,0.2628,0.2925642,2620284019.0
1619107200,0.2925642,0.3093988,0.2723889,0.2739378,1995750538.0
1619121600,0.2739378,0.2768798,0.253,0.2606615,1584287149.0
1619136000,0.2606615,0.2695,0.1597278,0.2158582,6106600506.0
1619150400,0.2158582,0.2187958,0.1841,0.211918,3199475016.0
1619164800,0.211918,0.2497653,0.2057055,0.2421151,3465052134.0
1619179200,0.2421151,0.246,0.2126939,0.234948,2087623443.0
1619193600,0.234948,0.242414,0.2242148,0.2417999,1177863957.0
1619208000,0.2417999,0.25,0.23552,0.2498155,1133387966.0
1619222400,0.2498155,0.2553022,0.2278,0.2429828,1725087269.0
1619236800,0.2429828,0.288822,0.2388155,0.2724289,2681357791.0
1619251200,0.2724289,0.28999,0.2486332,0.2638581,2745809703.0
1619265600,0.2638581,0.2800301,0.2608649,0.2751608,1736533513.0
1619280000,0.2751608,0.28,0.2651347,0.2795829,941802375.0
1619294400,0.2795829,0.281,0.2659,0.27,795651459.0
1619308800,0.27,0.289296,0.2650565,0.274577,1290121855.0
1619323200,0.274577,0.27676,0.274445,0.2765449,1802136.0
1619337600,0.2765449,0.27875,0.26767,0.27146,569229415.7
1619352000,0.27146,0.27642,0.25814,0.26169,811388448.9
1619366400,0.26169,0.26867,0.245,0.2493,1248558642.5
1619380800,0.2493,0.26169,0.224,0.25159,1804906855.3
1619395200,0.25159,0.27356,0.247,0.26481,1178563688.8
1619409600,0.26481,0.27035,0.2556,0.26562,706597935.2
1619424000,0.26562,0.269,0.25917,0.26712,576195015.3
1619438400,0.26712,0.28077,0.26452,0.27013,1083468099.3
1619452800,0.27013,0.27267,0.26163,0.26817,649090607.1
1619467200,0.26817,0.275,0.259,0.27161,687463682.9
1619481600,0.27161,0.272,0.2644,0.26622,536719872.8
1619496000,0.26622,0.27994,0.265,0.27463,749562703.1
1619510400,0.27463,0.27972,0.27102,0.27749,629902576.8
1619524800,0.27749,0.2789,0.265,0.27351,736651760.2
1619539200,0.27351,0.2743,0.26653,0.26945,378254346.8
1619553600,0.26945,0.275,0.26866,0.27232,336121679.7
1619568000,0.27232,0.27399,0.2661,0.2667,365012117.7
1619582400,0.2667,0.31777,0.25511,0.29287,3458548674.7
1619596800,0.29287,0.348,0.28786,0.31933,4933531267.9
1619611200,0.31933,0.32785,0.29365,0.3058,2387078495.9
1619625600,0.3058,0.315,0.30028,0.3099,1068107954.9
1619640000,0.3099,0.327,0.30081,0.32311,1205765864.0
1619654400,0.32311,0.32604,0.30968,0.32252,941686502.0
1619668800,0.32252,0.32253,0.308,0.31071,695771258.4
1619683200,0.31071,0.31328,0.30271,0.30629,703847090.5
1619697600,0.30629,0.31999,0.30491,0.31127,746301563.6
1619712000,0.31127,0.3125,0.2955,0.30455,765201784.3
1619726400,0.30455,0.30982,0.3,0.30479,296521132.0
1619740800,0.30479,0.317,0.30213,0.31109,433324261.4
1619755200,0.31109,0.315,0.30689,0.3125,411288338.9
1619769600,0.3125,0.31904,0.311,0.31176,505385923.7
1619784000,0.31176,0.3175,0.31021,0.3143,472845033.8
1619798400,0.3143,0.3399,0.31255,0.32407,1433452525.9
1619812800,0.32407,0.34,0.32335,0.33746,786340928.1
1619827200,0.33746,0.3499,0.32756,0.34962,763613061.9
1619841600,0.34962,0.37456,0.3442,0.35914,1988742350.2
1619856000,0.35914,0.36436,0.34436,0.3583,1031375938.4
1619870400,0.3583,0.36657,0.353,0.35884,692485070.8
1619884800,0.35884,0.37313,0.35884,0.36614,905946223.3
1619899200,0.36614,0.3975,0.36312,0.39087,1680177747.6
1619913600,0.39087,0.39999,0.37109,0.37396,1415362993.8
1619928000,0.37396,0.38499,0.362,0.37389,1039555702.8
1619942400,0.37389,0.38476,0.36423,0.38039,776880070.0
1619956800,0.38039,0.38991,0.37458,0.38653,653791852.8
1619971200,0.38653,0.39,0.38029,0.38731,544225640.4
1619985600,0.38731,0.3945,0.37213,0.37397,662947770.3
1620000000,0.37397,0.387,0.37386,0.38065,436904432.1
1620014400,0.38065,0.39343,0.3795,0.38889,485716761.1
1620028800,0.38889,0.38998,0.38224,0.38482,459185085.9
1620043200,0.38482,0.41165,0.38479,0.40933,1594106288.2
1620057600,0.40933,0.41835,0.40133,0.41502,1165770463.0
1620072000,0.41502,0.4479,0.41047,0.44142,2286331823.6
1620086400,0.44142,0.45199,0.3979,0.41971,2156767717.3
1620100800,0.41971,0.468,0.41689,0.46681,1528724819.0
1620115200,0.46681,0.49861,0.46,0.49733,3313753037.7
1620129600,0.49733,0.61186,0.493,0.52932,9077246975.4
1620144000,0.52932,0.5828,0.51595,0.56906,3252338023.1
1620158400,0.56906,0.576,0.518,0.53854,1953727349.4
1620172800,0.53854,0.64999,0.53449,0.63056,3275660164.5
1620187200,0.63056,0.69663,0.63044,0.65968,4050252572.0
1620201600,0.65968,0.685,0.6155,0.65913,2728745269.4
1620216000,0.65913,0.67687,0.57588,0.58273,3074157238.0
1620230400,0.58273,0.6412,0.51668,0.60693,3859697542.0
1620244800,0.60693,0.67421,0.57,0.654,2088382389.8
1620259200,0.654,0.665,0.62,0.63313,1375688935.0
1620273600,0.63313,0.63364,0.57329,0.61272,1715961286.4
1620288000,0.61272,0.62032,0.59115,0.61463,1044503678.9
1620302400,0.61463,0.61586,0.58066,0.60041,1277333790.4
1620316800,0.60041,0.60999,0.54,0.58725,2108447508.9
1620331200,0.58725,0.61412,0.57141,0.58106,1024496849.1
1620345600,0.58106,0.6,0.51717,0.57323,2395894009.3
1620360000,0.57323,0.648,0.56384,0.63242,2090215594.6
1620374400,0.63242,0.64,0.60762,0.62492,1047569072.9
1620388800,0.62492,0.62492,0.58922,0.60019,1088342919.8
1620403200,0.60019,0.659,0.5996,0.63479,1620728668.0
1620417600,0.63479,0.733,0.62401,0.68982,4343518356.7
1620432000,0.68982,0.71195,0.66707,0.71169,1637334833.4
1620446400,0.71169,0.73995,0.68558,0.70744,1941723236.0
1620460800,0.70744,0.7196,0.69674,0.71315,891264970.3
1620475200,0.71315,0.73,0.6275,0.65241,2143911763.9
1620489600,0.65241,0.6975,0.6,0.67573,3209401953.6
1620504000,0.67573,0.6875,0.613,0.63708,1564318863.6
1620518400,0.63708,0.70009,0.5118,0.5416,3056202801.9
1620532800,0.5416,0.576,0.47,0.52653,6494950614.6
1620547200,0.52653,0.54163,0.45333,0.46092,4754872797.1
1620561600,0.46092,0.508,0.416,0.4891,5406825738.0
1620576000,0.4891,0.597,0.47589,0.56476,3745215526.9
1620590400,0.56476,0.5924,0.53243,0.57063,2614001417.5
1620604800,0.57063,0.5726,0.51456,0.52846,1435494654.7
1620619200,0.52846,0.557,0.52324,0.53631,1065777374.6
1620633600,0.53631,0.54022,0.49094,0.50854,1718860374.6
1620648000,0.50854,0.52,0.475,0.51136,1697293085.6
1620662400,0.51136,0.516,0.43057,0.43851,1924397539.6
1620676800,0.43851,0.48347,0.41844,0.45074,1835531605.3
1620691200,0.45074,0.4774,0.4429,0.47082,1185199975.1
1620705600,0.47082,0.49428,0.45982,0.46458,908727722.4
1620720000,0.46458,0.5485,0.46154,0.49069,2958621791.5
1620734400,0.49069,0.513,0.47662,0.49738,1373621075.5
1620748800,0.49738,0.51155,0.48745,0.50793,603142370.5
1620763200,0.50793,0.51992,0.49105,0.49326,524264335.2
1620777600,0.49326,0.50486,0.4804,0.49187,630707812.6
1620792000,0.49187,0.522,0.48951,0.52001,693124996.6
1620806400,0.52001,0.5207,0.4886,0.49854,693394317.5
1620820800,0.49854,0.49854,0.4652,0.47225,658395500.0
1620835200,0.47225,0.47574,0.43279,0.46441,1205207592.3
1620849600,0.46441,0.47424,0.38203,0.3916,1491231080.6
1620864000,0.3916,0.45584,0.3516,0.43946,2290954165.6
1620878400,0.43946,0.45,0.4282,0.43038,638777671.9
1620892800,0.43038,0.43178,0.378,0.40187,1964205357.1
1620907200,0.40187,0.43874,0.39771,0.4094,1121614193.9
1620921600,0.4094,0.42291,0.375,0.38217,1445435617.5
1620936000,0.38217,0.52,0.37931,0.48945,2988400287.9
1620950400,0.48945,0.5015,0.46412,0.49773,1582117819.0
1620964800,0.49773,0.57,0.49215,0.54165,3052346751.3
1620979200,0.54165,0.5442,0.51175,0.53188,1428992781.6
1620993600,0.53188,0.5495,0.52401,0.5463,1196653005.7
1621008000,0.5463,0.59,0.54088,0.56538,2153133145.4
1621022400,0.56538,0.576,0.53017,0.55971,1210052834.0
1621036800,0.55971,0.56405,0.52059,0.52414,900045045.9
1621051200,0.52414,0.54045,0.50555,0.511,902165347.3
1621065600,0.511,0.52887,0.49552,0.51924,917074371.2
1621080000,0.51924,0.53377,0.51084,0.51966,925388853.8
1621094400,0.51966,0.51983,0.49009,0.51663,891611003.2
1621108800,0.51663,0.5325,0.50501,0.50855,696467692.1
1621123200,0.50855,0.5489,0.505,0.53391,1114717401.6
1621137600,0.53391,0.54129,0.5253,0.53369,504578397.1
1621152000,0.53369,0.53547,0.522,0.52396,462221190.7
1621166400,0.52396,0.52715,0.50639,0.50986,619423457.2
1621180800,0.50986,0.53373,0.49922,0.50957,1204774968.2
1621195200,0.50957,0.51918,0.45,0.5137,1471406238.5
1621209600,0.5137,0.5162,0.462,0.47174,920109456.8
1621224000,0.47174,0.51555,0.45555,0.51254,1058775106.6
1621238400,0.51254,0.51599,0.49307,0.50374,556920388.3
1621252800,0.50374,0.51231,0.47395,0.47943,664320331.3
1621267200,0.47943,0.49465,0.46924,0.49261,673371154.9
1621281600,0.49261,0.50114,0.478,0.4875,395497639.2
1621296000,0.4875,0.49542,0.481,0.49177,365352177.4
1621310400,0.49177,0.50318,0.49012,0.4928,530392744.8
1621324800,0.4928,0.51536,0.4888,0.50669,577734356.5
1621339200,0.50669,0.50894,0.47105,0.4757,875188921.5
1621353600,0.4757,0.48471,0.46783,0.47768,418659799.8
1621368000,0.47768,0.48299,0.47204,0.47574,272430659.2
1621382400,0.47574,0.4794,0.41575,0.43238,1220902753.0
1621396800,0.43238,0.43769,0.382,0.42135,1450232675.3
1621411200,0.42135,0.43008,0.33,0.3784,1419229703.8
1621425600,0.3784,0.42641,0.21111,0.39932,4554397605.4
1621440000,0.39932,0.41059,0.348,0.35855,1656565383.6
1621454400,0.35855,0.37493,0.31522,0.32945,1188579533.3
1621468800,0.32945,0.34908,0.29402,0.34141,1749307725.9
1621483200,0.34141,0.392,0.33955,0.37354,1138639089.5
1621497600,0.37354,0.42499,0.34807,0.39993,1996922177.8
1621512000,0.39993,0.435,0.3883,0.41033,1676723304.4
1621526400,0.41033,0.418,0.371,0.39868,1389333018.0
1621540800,0.39868,0.41467,0.39156,0.39758,578545274.0
1621555200,0.39758,0.41198,0.3945,0.39782,473944763.5
1621569600,0.39782,0.39808,0.37924,0.3889,609511527.0
1621584000,0.3889,0.39853,0.381,0.39228,473883454.7
1621598400,0.39228,0.39475,0.33922,0.34657,1573987893.5
1621612800,0.34657,0.36688,0.335,0.34336,1048468072.5
1621627200,0.34336,0.36,0.31357,0.35778,1063458622.3
1621641600,0.35778,0.36,0.331,0.3394,670927467.2
1621656000,0.3394,0.34262,0.31672,0.33299,853941705.6
1621670400,0.33299,0.35876,0.33186,0.35045,631748456.8
1621684800,0.35045,0.35699,0.334,0.3442,572720999.0
1621699200,0.3442,0.3474,0.33201,0.33433,382638252.0
1621713600,0.33433,0.364,0.3342,0.34199,681168762.1
1621728000,0.34199,0.35094,0.33577,0.34548,327806826.7
1621742400,0.34548,0.34732,0.32789,0.33163,385398629.5
1621756800,0.33163,0.33186,0.3055,0.31601,935551239.1
1621771200,0.31601,0.32234,0.28,0.28881,1405286274.7
1621785600,0.28881,0.3043,0.24782,0.28834,1884485897.1
1621800000,0.28834,0.31996,0.28827,0.30633,695745544.2
1621814400,0.30633,0.3178,0.29511,0.30549,530090059.8
1621828800,0.30549,0.3375,0.29527,0.33346,753247731.4
1621843200,0.33346,0.33748,0.31414,0.33059,731159277.6
1621857600,0.33059,0.346,0.3255,0.33185,745416606.4
1621872000,0.33185,0.371,0.31901,0.36249,977165831.8
1621886400,0.36249,0.375,0.346,0.36589,1117545979.1
1621900800,0.36589,0.38,0.33508,0.34374,915155517.7
1621915200,0.34374,0.38,0.33711,0.36111,761437352.6
1621929600,0.36111,0.36267,0.32141,0.32753,779189625.5
1621944000,0.32753,0.34864,0.325,0.34578,593344783.4
1621958400,0.34578,0.34639,0.33241,0.33436,325153169.2
1621972800,0.33436,0.3528,0.33326,0.34598,335039377.5
1621987200,0.34598,0.35628,0.33852,0.35436,461360511.9
1622001600,0.35436,0.3656,0.3495,0.36209,487716734.1
1622016000,0.36209,0.36671,0.34882,0.35522,453335103.7
1622030400,0.35522,0.3578,0.33632,0.34322,433132452.9
1622044800,0.34322,0.34856,0.33764,0.3451,293574247.2
1622059200,0.3451,0.3545,0.34158,0.35284,256565103.9
1622073600,0.35284,0.35309,0.327,0.33402,426886549.0
1622088000,0.33402,0.341,0.32964,0.33813,235073042.9
1622102400,0.33813,0.34713,0.33401,0.34486,270805802.9
1622116800,0.34486,0.347,0.33777,0.3392,309899315.6
1622131200,0.3392,0.33984,0.32834,0.33247,279559481.9
1622145600,0.33247,0.34023,0.32818,0.33403,271933944.3
1622160000,0.33403,0.339,0.32563,0.33778,301500146.1
1622174400,0.33778,0.34754,0.31001,0.32116,697904503.5
1622188800,0.32116,0.32589,0.30052,0.3045,539769263.1
1622203200,0.3045,0.32326,0.30268,0.31905,449750795.4
1622217600,0.31905,0.31948,0.3095,0.31587,287917012.9
1622232000,0.31587,0.32022,0.30242,0.31123,343542965.8
1622246400,0.31123,0.31794,0.30887,0.31621,209138290.1
1622260800,0.31621,0.31774,0.30913,0.31009,218371809.4
1622275200,0.31009,0.31153,0.2969,0.30524,362255186.0
1622289600,0.30524,0.30546,0.28,0.2881,560321854.4
1622304000,0.2881,0.3012,0.28225,0.29146,405569828.4
1622318400,0.29146,0.30733,0.288,0.3028,261024075.1
1622332800,0.3028,0.3028,0.28653,0.29717,318363670.6
1622347200,0.29717,0.31079,0.29596,0.30728,315757448.7
1622361600,0.30728,0.3096,0.30121,0.30936,206990435.3
1622376000,0.30936,0.31,0.29507,0.30045,264975883.8
1622390400,0.30045,0.31,0.29974,0.30595,221666431.2
1622404800,0.30595,0.30844,0.30059,0.30179,187100350.0
1622419200,0.30179,0.30564,0.29469,0.29707,265011393.7
1622433600,0.29707,0.30545,0.29386,0.30322,221029716.1
1622448000,0.30322,0.31878,0.30162,0.3122,426542118.4
1622462400,0.3122,0.31547,0.30529,0.31345,298832195.5
1622476800,0.31345,0.32249,0.31066,0.32132,310753120.5
1622491200,0.32132,0.32991,0.32127,0.32557,375736713.2
1622505600,0.32557,0.346,0.324,0.32824,513538728.0
1622520000,0.32824,0.33974,0.32561,0.33278,315405242.7
1622534400,0.33278,0.33426,0.31713,0.32649,345162787.2
1622548800,0.32649,0.32656,0.31121,0.31588,393350587.0
1622563200,0.31588,0.34301,0.31277,0.33273,961449871.2
1622577600,0.33273,0.38476,0.3322,0.37006,1959944511.3
1622592000,0.37006,0.37896,0.3511,0.37769,1036547950.7
1622606400,0.37769,0.3996,0.36522,0.39459,1233549756.2
1622620800,0.39459,0.44834,0.38666,0.42944,2481535158.6
1622635200,0.42944,0.44082,0.40524,0.41969,1666609101.3
1622649600,0.41969,0.4215,0.39177,0.41268,1059238784.1
1622664000,0.41268,0.43763,0.40629,0.42338,874347326.6
1622678400,0.42338,0.431,0.40801,0.42525,666493765.9
1622692800,0.42525,0.442,0.41985,0.42462,800627207.4
1622707200,0.42462,0.431,0.40101,0.41175,996048825.3
1622721600,0.41175,0.421,0.39722,0.40972,853228048.2
1622736000,0.40972,0.41017,0.37722,0.39328,1163074720.2
1622750400,0.39328,0.40883,0.391,0.40078,591269273.7
1622764800,0.40078,0.40249,0.36902,0.39711,791961680.1
1622779200,0.39711,0.39715,0.35555,0.36416,907496341.9
1622793600,0.36416,0.3725,0.3575,0.36118,597818078.8
1622808000,0.36118,0.37077,0.35,0.36696,592306448.6
1622822400,0.36696,0.39653,0.36459,0.38199,740559524.4
1622836800,0.38199,0.3925,0.3711,0.37628,405712471.1
1622851200,0.37628,0.39,0.37045,0.3801,353595937.9
1622865600,0.3801,0.39368,0.38,0.38548,320128885.6
1622880000,0.38548,0.395,0.36344,0.36687,628141077.1
1622894400,0.36687,0.38344,0.36267,0.37854,577008872.9
1622908800,0.37854,0.37896,0.37182,0.37257,216590280.4
1622923200,0.37257,0.37531,0.35974,0.3713,301446103.2
1622937600,0.3713,0.37572,0.36843,0.37295,196299407.4
1622952000,0.37295,0.37703,0.36713,0.37148,196448347.7
1622966400,0.37148,0.37364,0.36657,0.37144,197997409.4
1622980800,0.37144,0.37285,0.36634,0.37036,243467763.2
1622995200,0.37036,0.37443,0.36916,0.36993,160694131.4
1623009600,0.36993,0.37326,0.36763,0.37143,199715696.9
1623024000,0.37143,0.37999,0.36907,0.3756,259245938.3
1623038400,0.3756,0.37765,0.37,0.37239,187069269.7
1623052800,0.37239,0.37467,0.36912,0.37135,191268386.2
1623067200,0.37135,0.37368,0.36122,0.36386,331526720.4
1623081600,0.36386,0.36407,0.35218,0.358,382386580.2
1623096000,0.358,0.35923,0.3275,0.33146,712714648.6
1623110400,0.33146,0.34183,0.31634,0.32514,537648062.8
1623124800,0.32514,0.32926,0.31584,0.32519,405107944.0
1623139200,0.32519,0.3377,0.32384,0.33219,383948441.4
1623153600,0.33219,0.3329,0.29526,0.31333,841996477.7
1623168000,0.31333,0.332,0.30897,0.33053,466454996.4
1623182400,0.33053,0.335,0.32531,0.32586,273647730.6
1623196800,0.32586,0.32835,0.31227,0.31823,289330660.2
1623211200,0.31823,0.33053,0.315,0.32566,291256486.6
1623225600,0.32566,0.33034,0.32062,0.32865,248034421.3
1623240000,0.32865,0.33621,0.32077,0.33297,422001236.4
1623254400,0.33297,0.3548,0.3306,0.33599,563678385.8
1623268800,0.33599,0.34988,0.33445,0.34318,253858868.7
1623283200,0.34318,0.34515,0.33642,0.33865,205389548.7
1623297600,0.33865,0.3418,0.33256,0.33558,218986980.6
1623312000,0.33558,0.343,0.328,0.33542,344471118.4
1623326400,0.33542,0.3395,0.32558,0.32763,254461529.6
1623340800,0.32763,0.3313,0.32403,0.32747,162226140.1
1623355200,0.32747,0.33083,0.3225,0.32606,163254529.1
1623369600,0.32606,0.328,0.31831,0.32481,188836471.6
1623384000,0.32481,0.32779,0.32092,0.32386,167932902.1
1623398400,0.32386,0.3257,0.32091,0.32322,146130695.4
1623412800,0.32322,0.32412,0.31422,0.31683,177667893.6
1623427200,0.31683,0.32061,0.31069,0.32005,179463040.2
1623441600,0.32005,0.3338,0.31398,0.3187,344106020.5
1623456000,0.3187,0.31887,0.3,0.30602,351212260.2
1623470400,0.30602,0.311,0.30201,0.30784,196647311.6
1623484800,0.30784,0.31019,0.3016,0.30852,178430807.8
1623499200,0.30852,0.31734,0.3076,0.31047,239675913.4
1623513600,0.31047,0.31932,0.31,0.31472,152090571.4
1623528000,0.31472,0.31799,0.31136,0.31216,99411495.7
1623542400,0.31216,0.31537,0.30763,0.30841,125142977.6
1623556800,0.30841,0.31192,0.308,0.30963,113445123.2
1623571200,0.30963,0.31272,0.309,0.31062,117146161.6
1623585600,0.31062,0.31179,0.30744,0.31117,111854944.3
1623600000,0.31117,0.32229,0.31024,0.31966,245725462.0
1623614400,0.31966,0.33,0.31966,0.32394,329281371.1
1623628800,0.32394,0.3275,0.32007,0.32119,187810911.3
1623643200,0.32119,0.3269,0.32013,0.32567,148666900.2
1623657600,0.32567,0.3265,0.32071,0.32108,179343826.1
1623672000,0.32108,0.33262,0.32,0.33081,379155223.0
1623686400,0.33081,0.33777,0.32075,0.32379,304680366.5
1623700800,0.32379,0.32818,0.32275,0.32767,110692694.8
1623715200,0.32767,0.33069,0.323,0.32656,139153847.9
1623729600,0.32656,0.32993,0.32588,0.3289,131251004.6
1623744000,0.3289,0.32971,0.32312,0.32458,140797564.0
1623758400,0.32458,0.32599,0.31642,0.31944,235701173.0
1623772800,0.31944,0.32915,0.31871,0.31959,258859117.6
1623787200,0.31959,0.32251,0.317,0.32028,109835805.0
1623801600,0.32028,0.32146,0.3134,0.31594,136282922.1
1623816000,0.31594,0.31995,0.31541,0.3178,139340772.7
1623830400,0.3178,0.31915,0.30916,0.31059,164667598.3
1623844800,0.31059,0.31364,0.30505,0.30831,168836517.0
1623859200,0.30831,0.31541,0.30515,0.31138,186871108.2
1623873600,0.31138,0.31172,0.30626,0.30775,92435962.6
1623888000,0.30775,0.31413,0.30737,0.31367,89089768.2
1623902400,0.31367,0.31406,0.3105,0.31167,71837324.5
1623916800,0.31167,0.31286,0.30923,0.30956,87990776.0
1623931200,0.30956,0.31007,0.30577,0.30935,125450738.9
1623945600,0.30935,0.30995,0.3026,0.30568,208040232.4
1623960000,0.30568,0.30754,0.3035,0.30619,98292390.2
1623974400,0.30619,0.30766,0.3,0.30493,244870995.7
1623988800,0.30493,0.3058,0.30088,0.30294,107505879.7
1624003200,0.30294,0.30425,0.29823,0.29994,136872717.2
1624017600,0.29994,0.30068,0.2848,0.28734,343916917.4
1624032000,0.28734,0.29636,0.28,0.28447,298066993.3
1624046400,0.28447,0.29895,0.28386,0.29328,183466687.4
1624060800,0.29328,0.29791,0.28567,0.28795,117624748.7
1624075200,0.28795,0.29413,0.28586,0.29202,105007379.7
1624089600,0.29202,0.29605,0.28846,0.29562,98374466.1
1624104000,0.29562,0.29756,0.29058,0.29433,118995572.1
1624118400,0.29433,0.29494,0.28716,0.29145,116603189.1
1624132800,0.29145,0.2917,0.28558,0.28567,68240645.7
1624147200,0.28567,0.28741,0.28,0.28316,119643412.0
1624161600,0.28316,0.28665,0.28181,0.28341,71668904.4
1624176000,0.28341,0.28382,0.25835,0.26184,494985818.2
1624190400,0.26184,0.2748,0.2551,0.2706,402691300.9
1624204800,0.2706,0.28,0.26994,0.27892,211002569.0
1624219200,0.27892,0.28988,0.27846,0.28054,228613025.0
1624233600,0.28054,0.28138,0.26385,0.26504,226003501.3
1624248000,0.26504,0.26964,0.25168,0.25699,495730789.8
1624262400,0.25699,0.26096,0.21223,0.23464,1401039646.4
1624276800,0.23464,0.23735,0.21402,0.2237,1184930709.7
1624291200,0.2237,0.226,0.19862,0.20816,1584517348.6
1624305600,0.20816,0.21431,0.1649,0.17873,2131484756.8
1624320000,0.17873,0.2174,0.16559,0.20897,1917833637.4
1624334400,0.20897,0.21033,0.19391,0.20391,749416211.1
1624348800,0.20391,0.20507,0.17939,0.18297,1428986790.1
1624363200,0.18297,0.2,0.16322,0.19323,2172352716.7
1624377600,0.19323,0.20472,0.18764,0.18786,930732311.0
1624392000,0.18786,0.19663,0.18563,0.19072,320761945.5
1624406400,0.19072,0.22169,0.18046,0.20898,1282787694.5
1624420800,0.20898,0.222,0.20557,0.21896,774266595.4
1624435200,0.21896,0.224,0.21134,0.21945,630091689.2
1624449600,0.21945,0.2485,0.21828,0.22758,1790171563.5
1624464000,0.22758,0.23497,0.21568,0.21596,735889572.9
1624478400,0.21596,0.23804,0.21535,0.23468,626306924.5
1624492800,0.23468,0.24343,0.222,0.22901,776525307.1
1624507200,0.22901,0.2385,0.22565,0.23284,490990324.5
1624521600,0.23284,0.24304,0.23087,0.24243,501010813.8
1624536000,0.24243,0.246,0.23606,0.2394,489130548.4
1624550400,0.2394,0.25807,0.237,0.254,651064443.9
1624564800,0.254,0.26953,0.25138,0.26377,671277513.5
1624579200,0.26377,0.28959,0.26319,0.28528,1042998303.8
1624593600,0.28528,0.2872,0.25928,0.26498,925420612.4
1624608000,0.26498,0.2688,0.24629,0.25166,1137618282.2
1624622400,0.25166,0.26618,0.24769,0.25236,1026332910.3
1624636800,0.25236,0.25588,0.22886,0.24559,1147505392.6
1624651200,0.24559,0.25547,0.23333,0.23745,662316954.2
1624665600,0.23745,0.24941,0.2345,0.24463,447270650.7
1624680000,0.24463,0.2554,0.2332,0.23495,631250754.3
1624694400,0.23495,0.24503,0.23057,0.24458,728401752.1
1624708800,0.24458,0.24508,0.2334,0.24057,419130871.4
1624723200,0.24057,0.2421,0.23512,0.23959,222821201.9
1624737600,0.23959,0.24648,0.23425,0.24583,204313725.2
1624752000,0.24583,0.25344,0.24357,0.25162,427263989.2
1624766400,0.25162,0.25314,0.24255,0.24711,285420451.7
1624780800,0.24711,0.24921,0.24002,0.24356,293021190.4
1624795200,0.24356,0.24796,0.24025,0.2475,263200712.4
1624809600,0.2475,0.25021,0.24088,0.24336,227525788.6
1624824000,0.24336,0.26753,0.2418,0.2645,472127247.3
1624838400,0.2645,0.26735,0.25444,0.25561,394762029.3
1624852800,0.25561,0.26301,0.25221,0.26044,303009735.8
1624867200,0.26044,0.26148,0.2505,0.2533,305315930.9
1624881600,0.2533,0.26099,0.25147,0.26094,294675986.3
1624896000,0.26094,0.26179,0.25431,0.25702,249661037.9
1624910400,0.25702,0.26158,0.25381,0.25707,187079704.6
1624924800,0.25707,0.25964,0.25248,0.25502,211186823.5
1624939200,0.25502,0.2593,0.2541,0.25674,249136173.6
1624953600,0.25674,0.26975,0.25524,0.2681,461835854.9
1624968000,0.2681,0.27573,0.26304,0.266,575336800.0
1624982400,0.266,0.26946,0.2616,0.26782,253466350.0
1624996800,0.26782,0.26889,0.262,0.26349,176410366.1
1625011200,0.26349,0.26391,0.25427,0.25534,293818757.0
1625025600,0.25534,0.25767,0.24642,0.25564,318055435.7
1625040000,0.25564,0.25589,0.2481,0.25149,236624015.3
1625054400,0.25149,0.25224,0.23939,0.24048,305149730.8
1625068800,0.24048,0.25393,0.23778,0.25279,254221310.6
1625083200,0.25279,0.25512,0.24831,0.25391,202206399.6
1625097600,0.25391,0.25403,0.24286,0.24306,195000029.7
1625112000,0.24306,0.24852,0.23817,0.23854,232476207.2
1625126400,0.23854,0.2614,0.23824,0.25486,1224522314.2
1625140800,0.25486,0.25488,0.24444,0.24742,274062420.8
1625155200,0.24742,0.24923,0.24021,0.2426,202222630.4
1625169600,0.2426,0.24847,0.2426,0.24381,124774914.6
1625184000,0.24381,0.24735,0.24003,0.24129,201825835.8
1625198400,0.24129,0.24396,0.23839,0.24182,217050134.3
1625212800,0.24182,0.24448,0.23944,0.24039,183160730.6
1625227200,0.24039,0.24916,0.239,0.24494,299588057.2
1625241600,0.24494,0.24526,0.24106,0.24228,103943511.1
1625256000,0.24228,0.2456,0.24122,0.24505,76279112.6
1625270400,0.24505,0.24599,0.242,0.24317,74672952.4
1625284800,0.24317,0.24842,0.24219,0.24797,120882236.4
1625299200,0.24797,0.25039,0.24624,0.2471,211622098.8
1625313600,0.2471,0.2494,0.24672,0.24769,122495818.0
1625328000,0.24769,0.249,0.24633,0.24788,101616077.3
1625342400,0.24788,0.24896,0.24315,0.24636,127961887.2
1625356800,0.24636,0.24643,0.24324,0.24482,79062189.5
1625371200,0.24482,0.252,0.24463,0.25118,191989582.5
1625385600,0.25118,0.253,0.24748,0.249,170232581.9
1625400000,0.249,0.24921,0.24663,0.24893,104277634.5
1625414400,0.24893,0.251,0.24787,0.25054,139802692.1
1625428800,0.25054,0.25063,0.24503,0.24643,137679494.2
1625443200,0.24643,0.249,0.24124,0.24188,189371873.3
1625457600,0.24188,0.24261,0.23986,0.24166,146972431.6
1625472000,0.24166,0.2444,0.22547,0.22792,288647657.3
1625486400,0.22792,0.23473,0.22681,0.23134,248527165.0
1625500800,0.23134,0.23688,0.22558,0.23621,188186991.5
1625515200,0.23621,0.23692,0.23074,0.2311,119878741.6
1625529600,0.2311,0.2353,0.23079,0.235,119376167.3
1625544000,0.235,0.2423,0.23486,0.24048,205969960.0
1625558400,0.24048,0.24129,0.23203,0.23472,234007028.0
1625572800,0.23472,0.23724,0.23214,0.23302,176574671.0
1625587200,0.23302,0.23412,0.2294,0.23211,139214825.3
1625601600,0.23211,0.23595,0.22931,0.23417,106225748.9
1625616000,0.23417,0.2355,0.23176,0.23499,104809107.2
1625630400,0.23499,0.23862,0.23303,0.23377,175117941.4
1625644800,0.23377,0.23542,0.2331,0.23451,116462904.5
1625659200,0.23451,0.2361,0.23001,0.23037,212711152.1
1625673600,0.23037,0.23227,0.22852,0.23122,136306410.4
1625688000,0.23122,0.23203,0.22084,0.22386,206722381.0
1625702400,0.22386,0.22481,0.21222,0.21944,330393738.2
1625716800,0.21944,0.2198,0.21153,0.2139,254626322.8
1625731200,0.2139,0.2153,0.21026,0.21424,241856874.5
1625745600,0.21424,0.2179,0.20641,0.21458,332184843.1
1625760000,0.21458,0.21561,0.21011,0.21258,147583928.2
1625774400,0.21258,0.213,0.20148,0.2069,180415623.3
1625788800,0.2069,0.20714,0.19521,0.20386,369290799.7
1625803200,0.20386,0.21888,0.20195,0.21616,438617561.1
1625817600,0.21616,0.22986,0.21182,0.21733,805247975.0
1625832000,0.21733,0.2261,0.21402,0.22074,371817523.4
1625846400,0.22074,0.22206,0.21731,0.22049,149554551.4
1625860800,0.22049,0.22396,0.2186,0.21963,156599492.9
1625875200,0.21963,0.22812,0.218,0.21916,247173023.6
1625889600,0.21916,0.22052,0.21506,0.21808,152637531.5
1625904000,0.21808,0.21994,0.2135,0.21592,137105495.9
1625918400,0.21592,0.21845,0.2142,0.21609,102369171.7
1625932800,0.21609,0.21814,0.21,0.21178,170085794.3
1625947200,0.21178,0.21677,0.2097,0.21375,110111877.5
1625961600,0.21375,0.21544,0.21113,0.21187,82282817.7
1625976000,0.21187,0.21356,0.21061,0.21195,75821599.2
1625990400,0.21195,0.21393,0.21124,0.21351,89325377.4
1626004800,0.21351,0.21651,0.21237,0.21587,106242130.2
1626019200,0.21587,0.21917,0.215,0.21537,116869533.0
1626033600,0.21537,0.2185,0.21431,0.21597,80721718.9
1626048000,0.21597,0.21735,0.2145,0.2168,68389979.5
1626062400,0.2168,0.219,0.21535,0.2174,137563836.1
1626076800,0.2174,0.218,0.21191,0.21215,114564219.9
1626091200,0.21215,0.21443,0.20763,0.20846,179724572.2
1626105600,0.20846,0.20941,0.20394,0.20557,160332879.8
1626120000,0.20557,0.21303,0.20441,0.20775,144865853.7
1626134400,0.20775,0.20893,0.20305,0.20578,194288931.5
1626148800,0.20578,0.20639,0.20054,0.20474,144790471.8
1626163200,0.20474,0.20554,0.20167,0.20321,98503599.9
1626177600,0.20321,0.20444,0.19837,0.20336,247750770.2
1626192000,0.20336,0.20433,0.1983,0.19867,133727761.2
1626206400,0.19867,0.20133,0.19749,0.19997,97159735.3
1626220800,0.19997,0.20028,0.18725,0.18964,321362655.9
1626235200,0.18964,0.19443,0.18818,0.19418,198759968.4
1626249600,0.19418,0.19915,0.19017,0.19644,197087483.5
1626264000,0.19644,0.20479,0.19518,0.19978,271265987.7
1626278400,0.19978,0.20174,0.19496,0.19518,167395298.1
1626292800,0.19518,0.19988,0.19518,0.19761,92075684.8
1626307200,0.19761,0.20089,0.19522,0.19522,111779733.4
1626321600,0.19522,0.19568,0.19043,0.19243,138015093.5
1626336000,0.19243,0.1945,0.18917,0.19028,161943568.6
1626350400,0.19028,0.19269,0.18702,0.18817,169510786.1
1626364800,0.18817,0.18869,0.18051,0.18579,275390273.7
1626379200,0.18579,0.18867,0.18311,0.18534,110157638.0
1626393600,0.18534,0.18829,0.1815,0.18658,129308058.0
1626408000,0.18658,0.18833,0.18232,0.1835,133021169.5
1626422400,0.1835,0.18362,0.17463,0.17525,274252611.6
1626436800,0.17525,0.18331,0.17512,0.18194,245748332.7
1626451200,0.18194,0.18236,0.17482,0.17631,207125612.4
1626465600,0.17631,0.17791,0.17118,0.17202,196177890.0
1626480000,0.17202,0.1755,0.16884,0.1708,226663230.2
1626494400,0.1708,0.17771,0.16967,0.17395,190195500.4
1626508800,0.17395,0.17663,0.17004,0.17138,169502571.5
1626523200,0.17138,0.1745,0.17113,0.17314,118829555.3
1626537600,0.17314,0.2053,0.1721,0.199,1154192289.4
1626552000,0.199,0.20126,0.18421,0.18734,713337620.1
1626566400,0.18734,0.19605,0.184,0.19013,375467091.0
1626580800,0.19013,0.1926,0.18598,0.18822,197931820.0
1626595200,0.18822,0.19179,0.18709,0.19144,177776698.3
1626609600,0.19144,0.1916,0.1815,0.18312,261281751.8
1626624000,0.18312,0.1867,0.1807,0.18366,197938318.2
1626638400,0.18366,0.18583,0.18019,0.18157,134498422.3
1626652800,0.18157,0.18429,0.17694,0.17882,163160656.2
1626667200,0.17882,0.18208,0.17722,0.17907,136313637.5
1626681600,0.17907,0.18,0.17535,0.17552,171160754.2
1626696000,0.17552,0.17643,0.17025,0.17313,363450058.1
1626710400,0.17313,0.17508,0.17191,0.17412,123741853.8
1626724800,0.17412,0.17636,0.17298,0.17362,122126431.6
1626739200,0.17362,0.1758,0.161,0.1644,433963582.9
1626753600,0.1644,0.16787,0.16228,0.16686,243322268.8
1626768000,0.16686,0.16765,0.15988,0.16504,253252614.0
1626782400,0.16504,0.169,0.16236,0.16836,227561975.1
1626796800,0.16836,0.17997,0.16828,0.17087,486521607.7
1626811200,0.17087,0.17718,0.16736,0.17047,220419908.7
1626825600,0.17047,0.17858,0.16836,0.17525,247988350.9
1626840000,0.17525,0.18338,0.1752,0.17928,371909327.3
1626854400,0.17928,0.19144,0.17668,0.19046,558647447.4
1626868800,0.19046,0.202,0.18818,0.20145,832445561.9
1626883200,0.20145,0.21442,0.18532,0.18821,2028929222.1
1626897600,0.18821,0.1925,0.18448,0.19046,466059474.6
1626912000,0.19046,0.19646,0.18632,0.19012,322366308.4
1626926400,0.19012,0.19528,0.18813,0.19221,265579793.4
1626940800,0.19221,0.19451,0.18789,0.19007,228687483.6
1626955200,0.19007,0.19443,0.18675,0.194,279689207.8
1626969600,0.194,0.19524,0.19007,0.19171,193599565.3
1626984000,0.19171,0.19228,0.1894,0.19123,103999809.0
1626998400,0.19123,0.1943,0.18961,0.19218,187235699.4
1627012800,0.19218,0.19977,0.1918,0.19456,344260316.4
1627027200,0.19456,0.1946,0.18909,0.1908,178367840.3
1627041600,0.1908,0.19326,0.18773,0.18876,145950879.8
1627056000,0.18876,0.189,0.18292,0.18679,246583245.8
1627070400,0.18679,0.195,0.18624,0.19489,249928710.7
1627084800,0.19489,0.19538,0.19117,0.19436,218907116.1
1627099200,0.19436,0.19645,0.19214,0.19406,197590940.8
1627113600,0.19406,0.19916,0.192,0.1958,322779850.9
1627128000,0.1958,0.19774,0.1935,0.19508,190621926.4
1627142400,0.19508,0.2045,0.19406,0.19505,456786871.4
1627156800,0.19505,0.19764,0.1923,0.19688,240929000.6
1627171200,0.19688,0.19794,0.19105,0.19321,157978865.6
1627185600,0.19321,0.20041,0.19305,0.19896,354690906.7
1627200000,0.19896,0.20076,0.19518,0.19597,190353271.4
1627214400,0.19597,0.19597,0.19186,0.19457,181437723.1
1627228800,0.19457,0.1953,0.19238,0.19388,107081803.3
1627243200,0.19388,0.19811,0.19338,0.19793,130893598.5
1627257600,0.19793,0.226,0.19679,0.22438,1257156226.5
1627272000,0.22438,0.23314,0.2182,0.2192,1067045614.1
1627286400,0.2192,0.22679,0.21618,0.22245,561149242.6
1627300800,0.22245,0.22379,0.21479,0.21928,462971049.6
1627315200,0.21928,0.2282,0.21695,0.21721,516096894.5
1627329600,0.21721,0.21859,0.20031,0.20362,682036484.5
1627344000,0.20362,0.20511,0.19506,0.19869,472972731.0
1627358400,0.19869,0.20277,0.19781,0.20033,287237651.2
1627372800,0.20033,0.20629,0.19894,0.20629,296075504.4
1627387200,0.20629,0.2095,0.20101,0.20293,455093411.0
1627401600,0.20293,0.20414,0.19711,0.2014,297536916.2
1627416000,0.2014,0.20719,0.20127,0.20585,221243450.6
1627430400,0.20585,0.20899,0.20194,0.20581,308378033.4
1627444800,0.20581,0.20953,0.20209,0.20819,282281365.1
1627459200,0.20819,0.21386,0.20668,0.21047,412363986.8
1627473600,0.21047,0.2107,0.203,0.20635,281237115.5
1627488000,0.20635,0.2085,0.20161,0.20644,293269467.5
1627502400,0.20644,0.20673,0.20359,0.20574,121154450.3
1627516800,0.20574,0.20626,0.20187,0.20307,159221101.9
1627531200,0.20307,0.20615,0.20254,0.20437,159335565.6
1627545600,0.20437,0.20632,0.20282,0.20378,142770936.8
1627560000,0.20378,0.20499,0.20189,0.20402,150045219.7
1627574400,0.20402,0.20499,0.2003,0.20213,143713243.8
1627588800,0.20213,0.20664,0.2015,0.20502,120621653.0
1627603200,0.20502,0.21065,0.20403,0.20802,252679605.8
1627617600,0.20802,0.20848,0.2053,0.20621,146068041.4
1627632000,0.20621,0.20632,0.19587,0.1995,307505017.5
1627646400,0.1995,0.2011,0.19901,0.20092,112879265.3
1627660800,0.20092,0.2038,0.19967,0.20358,115263977.8
1627675200,0.20358,0.20895,0.20311,0.20873,326096108.5
1627689600,0.20873,0.2145,0.20764,0.2087,361086284.8
1627704000,0.2087,0.20899,0.20476,0.20682,168545957.6
1627718400,0.20682,0.21,0.20623,0.20713,195393586.7
1627732800,0.20713,0.2081,0.205,0.20713,154181928.8
1627747200,0.20713,0.20998,0.20616,0.20701,131887378.5
1627761600,0.20701,0.21015,0.20672,0.20765,166387303.3
1627776000,0.20765,0.21799,0.206,0.21663,418261849.6
1627790400,0.21663,0.21731,0.21191,0.21227,229167914.6
1627804800,0.21227,0.2141,0.20875,0.21108,234008312.7
1627819200,0.21108,0.2126,0.20937,0.21031,176045356.7
1627833600,0.21031,0.21142,0.20631,0.21079,221546747.7
1627848000,0.21079,0.2125,0.20082,0.20424,271607548.9
1627862400,0.20424,0.20609,0.20206,0.20467,169154308.7
1627876800,0.20467,0.20998,0.204,0.20801,166794269.9
1627891200,0.20801,0.20849,0.204,0.20532,152967231.8
1627905600,0.20532,0.20659,0.2028,0.20492,176558903.0
1627920000,0.20492,0.20633,0.2026,0.20288,116126300.8
1627934400,0.20288,0.20521,0.2018,0.20327,114800067.1
1627948800,0.20327,0.2051,0.1999,0.20034,183026992.4
1627963200,0.20034,0.20159,0.19578,0.19871,222739120.0
1627977600,0.19871,0.19945,0.19678,0.19768,125842348.6
1627992000,0.19768,0.19913,0.1931,0.1964,216309816.8
1628006400,0.1964,0.19827,0.19364,0.19477,137694978.6
1628020800,0.19477,0.19783,0.19339,0.19626,91489978.7
1628035200,0.19626,0.1998,0.19535,0.1955,141269864.3
1628049600,0.1955,0.19775,0.195,0.19565,79229242.0
1628064000,0.19565,0.19699,0.19416,0.19668,83198213.9
1628078400,0.19668,0.20115,0.19659,0.2002,255317998.4
1628092800,0.2002,0.20326,0.1997,0.20069,193664757.0
1628107200,0.20069,0.20318,0.20031,0.20153,120580941.8
1628121600,0.20153,0.20258,0.19918,0.2003,105799443.9
1628136000,0.2003,0.20058,0.19752,0.19846,94863594.2
1628150400,0.19846,0.1988,0.195,0.19604,156862976.2
1628164800,0.19604,0.1998,0.1943,0.19829,259882242.3
1628179200,0.19829,0.2015,0.19826,0.19941,210784061.1
1628193600,0.19941,0.20228,0.19941,0.20095,118514982.9
1628208000,0.20095,0.2016,0.19841,0.19945,113788871.2
1628222400,0.19945,0.20265,0.1985,0.20055,148521571.2
1628236800,0.20055,0.20184,0.19934,0.19945,147622802.3
1628251200,0.19945,0.20538,0.19877,0.20458,264647612.6
1628265600,0.20458,0.212,0.20386,0.20893,424057010.9
1628280000,0.20893,0.20946,0.20418,0.20482,164782422.2
1628294400,0.20482,0.215,0.20358,0.215,309798930.9
1628308800,0.215,0.21699,0.21129,0.21285,355395010.6
1628323200,0.21285,0.23142,0.21208,0.22752,990382349.2
1628337600,0.22752,0.24642,0.21785,0.2378,1563893265.6
1628352000,0.2378,0.25,0.22995,0.24597,1100051206.9
1628366400,0.24597,0.2628,0.23901,0.26189,838818053.0
1628380800,0.26189,0.28377,0.2515,0.26399,1864878946.4
1628395200,0.26399,0.27354,0.25702,0.26458,861222009.2
1628409600,0.26458,0.26994,0.25529,0.25814,782011261.3
1628424000,0.25814,0.26751,0.24602,0.2494,934722605.1
1628438400,0.2494,0.25284,0.235,0.24002,840650718.6
1628452800,0.24002,0.24703,0.23735,0.23996,507673062.9
1628467200,0.23996,0.24337,0.23048,0.24098,553715054.3
1628481600,0.24098,0.248,0.234,0.24508,447574616.1
1628496000,0.24508,0.26297,0.2419,0.26099,929263350.0
1628510400,0.26099,0.26159,0.24986,0.25584,614330755.3
1628524800,0.25584,0.26666,0.25174,0.25738,594938800.2
1628539200,0.25738,0.26129,0.245,0.25609,563042682.7
1628553600,0.25609,0.26317,0.25,0.25152,361332901.1
1628568000,0.25152,0.25861,0.24925,0.25816,290982750.1
1628582400,0.25816,0.26056,0.24801,0.25092,468122472.7
1628596800,0.25092,0.25926,0.24913,0.25139,508317407.1
1628611200,0.25139,0.25437,0.24513,0.25269,355571972.1
1628625600,0.25269,0.26321,0.25259,0.25732,603749116.5
1628640000,0.25732,0.2635,0.25626,0.2621,340816918.5
1628654400,0.2621,0.27384,0.2595,0.26703,810626582.8
1628668800,0.26703,0.27123,0.26321,0.26586,448153562.3
1628683200,0.26586,0.28158,0.26428,0.27609,900420236.0
1628697600,0.27609,0.28295,0.273,0.27978,519393501.0
1628712000,0.27978,0.28277,0.2596,0.26445,693350304.1
1628726400,0.26445,0.2949,0.26242,0.28668,968049512.0
1628740800,0.28668,0.28822,0.26488,0.27565,932968277.0
1628755200,0.27565,0.27763,0.26491,0.26651,521656833.0
1628769600,0.26651,0.27,0.25302,0.26029,712593805.8
1628784000,0.26029,0.26967,0.25165,0.26413,485994733.3
1628798400,0.26413,0.26775,0.25495,0.26401,302024268.7
1628812800,0.26401,0.2709,0.26121,0.26774,215688615.1
1628827200,0.26774,0.27843,0.26774,0.2764,249875376.9
1628841600,0.2764,0.283,0.27299,0.27503,569390568.7
1628856000,0.27503,0.28085,0.26984,0.27273,409406104.4
1628870400,0.27273,0.27645,0.27131,0.27435,245928978.0
1628884800,0.27435,0.28756,0.27346,0.28667,452130598.2
1628899200,0.28667,0.29595,0.28503,0.28889,506682862.8
1628913600,0.28889,0.29719,0.286,0.29565,364988971.4
1628928000,0.29565,0.29864,0.2757,0.2832,876217957.6
1628942400,0.2832,0.2948,0.27815,0.2905,589384350.1
1628956800,0.2905,0.294,0.28321,0.29111,432988148.7
1628971200,0.29111,0.29583,0.2811,0.29402,361528354.8
1628985600,0.29402,0.31397,0.28833,0.30012,955017604.8
1629000000,0.30012,0.30701,0.2862,0.29138,673450910.9
1629014400,0.29138,0.3036,0.2893,0.29945,526688187.0
1629028800,0.29945,0.30745,0.29178,0.30696,559377780.6
1629043200,0.30696,0.32312,0.29921,0.32156,1035039524.1
1629057600,0.32156,0.3495,0.31569,0.33984,1215242117.6
1629072000,0.33984,0.3445,0.32959,0.33225,740670253.7
1629086400,0.33225,0.34085,0.33175,0.33733,472910645.1
1629100800,0.33733,0.3517,0.33416,0.34893,632799838.1
1629115200,0.34893,0.3506,0.31963,0.33505,1062499370.5
1629129600,0.33505,0.34099,0.31712,0.32139,568587344.8
1629144000,0.32139,0.32773,0.31001,0.31956,653231654.6
1629158400,0.31956,0.33158,0.30562,0.3281,604637961.0
1629172800,0.3281,0.34021,0.318,0.32646,740408863.9
1629187200,0.32646,0.33999,0.3251,0.33255,489673306.4
1629201600,0.33255,0.335,0.31672,0.31752,526766913.2
1629216000,0.31752,0.3243,0.31096,0.3129,423741468.7
1629230400,0.3129,0.31392,0.29452,0.29933,735006093.3
1629244800,0.29933,0.30327,0.2775,0.2986,814282213.0
1629259200,0.2986,0.30484,0.29335,0.29567,473546018.7
1629273600,0.29567,0.30135,0.28356,0.28587,506936466.6
1629288000,0.28587,0.3195,0.28353,0.31862,841508379.6
1629302400,0.31862,0.325,0.29877,0.30208,993273515.5
1629316800,0.30208,0.31204,0.293,0.3032,460011073.8
1629331200,0.3032,0.31257,0.29534,0.29715,503570696.4
1629345600,0.29715,0.30248,0.29355,0.30017,370664369.8
1629360000,0.30017,0.30476,0.29614,0.29667,300205827.4
1629374400,0.29667,0.3085,0.295,0.3073,380216569.8
1629388800,0.3073,0.315,0.29964,0.31204,463670584.1
1629403200,0.31204,0.31943,0.31119,0.31778,368288195.0
1629417600,0.31778,0.3269,0.31373,0.3163,408517129.6
1629432000,0.3163,0.32339,0.3142,0.31725,338704143.3
1629446400,0.31725,0.32207,0.31543,0.31733,282138356.5
1629460800,0.31733,0.3364,0.31717,0.33048,604981895.5
1629475200,0.33048,0.33174,0.31806,0.32698,357417565.7
1629489600,0.32698,0.32913,0.32205,0.32733,185758871.7
1629504000,0.32733,0.32764,0.31967,0.32572,218070674.1
1629518400,0.32572,0.327,0.32057,0.32635,241437335.7
1629532800,0.32635,0.3295,0.31313,0.31939,519094447.1
1629547200,0.31939,0.33,0.31854,0.32213,359866458.5
1629561600,0.32213,0.32627,0.3154,0.31733,277605537.9
1629576000,0.31733,0.32133,0.31617,0.31662,135891243.9
1629590400,0.31662,0.31997,0.31118,0.31461,219792129.6
1629604800,0.31461,0.32117,0.31383,0.31935,191954657.8
1629619200,0.31935,0.32159,0.31716,0.31908,184242611.8
1629633600,0.31908,0.3196,0.30555,0.31127,378825993.2
1629648000,0.31127,0.31371,0.305,0.31082,235933832.9
1629662400,0.31082,0.31633,0.30606,0.31467,190369418.5
1629676800,0.31467,0.32328,0.3128,0.32113,390637242.3
1629691200,0.32113,0.32578,0.31724,0.31939,329017536.7
1629705600,0.31939,0.328,0.31856,0.32432,394538233.4
1629720000,0.32432,0.32622,0.31334,0.31747,391181553.3
1629734400,0.31747,0.31976,0.31375,0.31522,182435885.0
1629748800,0.31522,0.32181,0.3131,0.31783,154343763.7
1629763200,0.31783,0.31968,0.3109,0.3125,236492446.1
1629777600,0.3125,0.31727,0.31113,0.31592,161592655.0
1629792000,0.31592,0.31662,0.30789,0.31277,234389636.7
1629806400,0.31277,0.31292,0.2901,0.29309,763880921.0
1629820800,0.29309,0.29681,0.27433,0.2958,728795094.8
1629835200,0.2958,0.30008,0.28815,0.28864,211229900.2
1629849600,0.28864,0.29522,0.28801,0.28944,229293787.1
1629864000,0.28944,0.29789,0.28855,0.29174,203628655.1
1629878400,0.29174,0.29227,0.27948,0.28634,380061140.1
1629892800,0.28634,0.29339,0.2798,0.29276,399753727.9
1629907200,0.29276,0.29533,0.28848,0.28889,257588367.4
1629921600,0.28889,0.2937,0.28674,0.29255,188416471.2
1629936000,0.29255,0.29645,0.28075,0.28186,247777125.4
1629950400,0.28186,0.28528,0.2707,0.2756,287715495.8
1629964800,0.2756,0.2775,0.27,0.274,197335563.2
1629979200,0.274,0.2794,0.26809,0.2702,277926355.5
1629993600,0.2702,0.2726,0.2641,0.2688,244163961.2
1630008000,0.2688,0.2751,0.2679,0.2684,146286331.0
1630022400,0.2684,0.2751,0.265,0.2691,223943969.0
1630036800,0.2691,0.2742,0.2659,0.2739,161292730.0
1630051200,0.2739,0.2814,0.2716,0.2774,212797210.9
1630065600,0.2774,0.288,0.2741,0.2847,345063590.0
1630080000,0.2847,0.286,0.2819,0.2847,138373071.0
1630094400,0.2847,0.2951,0.282,0.2944,263597180.8
1630108800,0.2944,0.2995,0.2903,0.2906,216391106.1
1630123200,0.2906,0.2937,0.2865,0.2884,146882289.0
1630137600,0.2884,0.2911,0.2842,0.2853,100978654.0
1630152000,0.2853,0.2902,0.2833,0.2858,156814047.0
1630166400,0.2858,0.2887,0.283,0.2841,114865650.0
1630180800,0.2841,0.287,0.283,0.286,77310639.0
1630195200,0.286,0.2918,0.2779,0.2801,203141253.0
1630209600,0.2801,0.2827,0.2772,0.2819,108878695.0
1630224000,0.2819,0.2834,0.2778,0.2781,115095048.0
1630238400,0.2781,0.2812,0.2764,0.279,123170326.0
1630252800,0.279,0.2833,0.2775,0.2818,78263308.0
1630267200,0.2818,0.2851,0.2794,0.2809,130282797.0
1630281600,0.2809,0.2905,0.2777,0.2805,263998851.0
1630296000,0.2805,0.2824,0.2777,0.2812,151859357.0
1630310400,0.2812,0.2832,0.275,0.2778,131154752.0
1630324800,0.2778,0.2781,0.2711,0.2767,166032601.0
1630339200,0.2767,0.2812,0.2761,0.2801,128384523.0
1630353600,0.2801,0.2816,0.2698,0.272,153493823.0
1630368000,0.272,0.2752,0.2696,0.2749,97719583.0
1630382400,0.2749,0.279,0.2696,0.277,147387643.0
1630396800,0.277,0.2802,0.2729,0.2794,157376543.0
1630411200,0.2794,0.2816,0.2743,0.2782,219946783.0
1630425600,0.2782,0.286,0.2755,0.2793,256968234.0
1630440000,0.2793,0.2813,0.2729,0.2781,114992816.0
1630454400,0.2781,0.2794,0.2728,0.2762,111611877.0
1630468800,0.2762,0.281,0.2752,0.2784,129706580.0
1630483200,0.2784,0.283,0.2776,0.283,138996664.0
1630497600,0.283,0.2848,0.2788,0.2809,140382053.0
1630512000,0.2809,0.2928,0.28,0.2866,352019397.0
1630526400,0.2866,0.295,0.2862,0.2943,204928644.0
1630540800,0.2943,0.31,0.2917,0.3011,617333023.7
1630555200,0.3011,0.3048,0.2975,0.2995,290967676.0
1630569600,0.2995,0.3084,0.2988,0.3074,245856737.0
1630584000,0.3074,0.3095,0.2933,0.2955,360537575.0
1630598400,0.2955,0.3003,0.2943,0.2984,205211982.0
1630612800,0.2984,0.3009,0.2942,0.2947,139972711.0
1630627200,0.2947,0.2973,0.287,0.296,227911414.0
1630641600,0.296,0.2988,0.2909,0.2924,157170309.0
1630656000,0.2924,0.3011,0.2922,0.2984,227022271.0
1630670400,0.2984,0.3047,0.2962,0.301,315686641.0
1630684800,0.301,0.3031,0.296,0.2994,177746672.0
1630699200,0.2994,0.2995,0.2912,0.2961,143257827.0
1630713600,0.2961,0.2979,0.2929,0.2954,120928361.0
1630728000,0.2954,0.2989,0.2937,0.2964,97505610.0
1630742400,0.2964,0.3016,0.2941,0.2963,186102061.0
1630756800,0.2963,0.3087,0.296,0.304,413647161.0
1630771200,0.304,0.3045,0.2953,0.2986,224390222.0
1630785600,0.2986,0.3025,0.297,0.2992,127813176.0
1630800000,0.2992,0.305,0.2967,0.2979,156905213.0
1630814400,0.2979,0.3006,0.296,0.2988,109066932.0
1630828800,0.2988,0.3031,0.2987,0.3011,143452320.0
1630843200,0.3011,0.308,0.3002,0.3032,285831997.0
1630857600,0.3032,0.3143,0.3022,0.3096,340815497.8
1630872000,0.3096,0.3155,0.308,0.3143,237029223.9
1630886400,0.3143,0.316,0.31,0.3103,180941532.7
1630900800,0.3103,0.3143,0.3093,0.3117,135638603.0
1630915200,0.3117,0.3199,0.3065,0.3084,400063449.4
1630929600,0.3084,0.3101,0.2997,0.3074,308892806.0
1630944000,0.3074,0.3091,0.3042,0.3062,146179658.0
1630958400,0.3062,0.3119,0.3044,0.309,156025234.0
1630972800,0.309,0.3114,0.3037,0.3045,141182239.0
1630987200,0.3045,0.3065,0.2955,0.2987,238032169.0
1631001600,0.2987,0.2992,0.2791,0.285,675868435.0
1631016000,0.285,0.288,0.2145,0.2519,1744073297.1
1631030400,0.2519,0.2639,0.2403,0.2474,958936259.0
1631044800,0.2474,0.257,0.2465,0.2552,385517195.0
1631059200,0.2552,0.2633,0.2505,0.2548,311479515.0
1631073600,0.2548,0.2597,0.24,0.2407,456192546.0
1631088000,0.2407,0.25,0.2332,0.2472,423112922.0
1631102400,0.2472,0.253,0.2438,0.2527,271431848.0
1631116800,0.2527,0.2635,0.2493,0.2569,342380522.0
1631131200,0.2569,0.26,0.2491,0.2567,232128425.0
1631145600,0.2567,0.2597,0.249,0.2525,193276907.0
1631160000,0.2525,0.2574,0.2516,0.2563,135812528.0
1631174400,0.2563,0.2593,0.2523,0.2542,178078532.0
1631188800,0.2542,0.2578,0.2486,0.2562,231343144.0
1631203200,0.2562,0.2587,0.2504,0.252,150588136.0
1631217600,0.252,0.2547,0.2505,0.2525,83809443.0
1631232000,0.2525,0.262,0.2511,0.2564,163022234.0
1631246400,0.2564,0.2571,0.2493,0.2505,141035899.0
1631260800,0.2505,0.2518,0.2423,0.249,194608040.0
1631275200,0.249,0.2506,0.2361,0.2435,334063039.0
1631289600,0.2435,0.2457,0.2402,0.2428,80503975.0
1631304000,0.2428,0.2449,0.2353,0.2397,126738686.0
1631318400,0.2397,0.2443,0.2381,0.2405,73442662.0
1631332800,0.2405,0.2432,0.2376,0.2405,100815470.0
1631347200,0.2405,0.2465,0.2382,0.2446,102247465.0
1631361600,0.2446,0.2479,0.2438,0.2449,134169756.0
1631376000,0.2449,0.2469,0.2427,0.2428,79404543.0
1631390400,0.2428,0.2444,0.2392,0.241,84881438.0
1631404800,0.241,0.2429,0.2387,0.242,78701584.0
1631419200,0.242,0.2437,0.2402,0.2425,60297357.0
1631433600,0.2425,0.248,0.242,0.2476,124592878.0
1631448000,0.2476,0.248,0.2444,0.2455,81914532.0
1631462400,0.2455,0.2468,0.2432,0.2449,83803401.0
1631476800,0.2449,0.2551,0.2391,0.2502,395129751.0
1631491200,0.2502,0.2523,0.2382,0.2388,224281478.0
1631505600,0.2388,0.2414,0.2331,0.2352,209007584.0
1631520000,0.2352,0.2377,0.2314,0.237,161310979.0
1631534400,0.237,0.2452,0.2281,0.2331,455563438.0
1631548800,0.2331,0.2362,0.2323,0.2359,74037221.0
1631563200,0.2359,0.2394,0.2346,0.2358,70301811.0
1631577600,0.2358,0.2386,0.2335,0.2362,73438353.0
1631592000,0.2362,0.2385,0.2349,0.2368,96686794.0
1631606400,0.2368,0.2392,0.2363,0.237,79264266.0
1631620800,0.237,0.2413,0.235,0.2408,190193147.0
1631635200,0.2408,0.2417,0.2371,0.2373,71110834.0
1631649600,0.2373,0.2409,0.2369,0.2406,90083947.0
1631664000,0.2406,0.242,0.2389,0.2405,76106086.0
1631678400,0.2405,0.2418,0.2388,0.2416,68807603.0
1631692800,0.2416,0.243,0.24,0.2417,101107376.0
1631707200,0.2417,0.2466,0.2405,0.2458,176347821.0
1631721600,0.2458,0.248,0.2445,0.2465,105663023.0
1631736000,0.2465,0.2484,0.2449,0.2476,96699975.0
1631750400,0.2476,0.2479,0.2412,0.2422,164100062.0
1631764800,0.2422,0.2472,0.2418,0.2461,97383268.0
1631779200,0.2461,0.2465,0.2419,0.2436,97669372.0
1631793600,0.2436,0.245,0.2358,0.241,170891404.0
1631808000,0.241,0.2422,0.2386,0.2394,101371795.0
1631822400,0.2394,0.2438,0.2329,0.2418,135669816.0
1631836800,0.2418,0.2514,0.2387,0.2514,166077710.0
1631851200,0.2514,0.2599,0.2482,0.2518,574499321.0
1631865600,0.2518,0.2544,0.2393,0.2405,375499971.0
1631880000,0.2405,0.2449,0.2373,0.2431,187728319.0
1631894400,0.2431,0.2448,0.2384,0.2426,113702807.0
1631908800,0.2426,0.243,0.2375,0.2401,114839107.0
1631923200,0.2401,0.243,0.2379,0.2425,69867720.0
1631937600,0.2425,0.2467,0.2424,0.2443,124894095.0
1631952000,0.2443,0.2474,0.2421,0.2426,110331684.0
1631966400,0.2426,0.2437,0.2413,0.2427,94529942.0
1631980800,0.2427,0.2433,0.24,0.2413,74731094.0
1631995200,0.2413,0.242,0.2384,0.2413,57654433.0
1632009600,0.2413,0.2414,0.2384,0.2392,65324632.0
1632024000,0.2392,0.2415,0.2388,0.2405,51791848.0
1632038400,0.2405,0.2414,0.2332,0.2347,108502653.0
1632052800,0.2347,0.2386,0.2338,0.2377,84504539.0
1632067200,0.2377,0.2389,0.2351,0.2355,72652640.0
1632081600,0.2355,0.2372,0.2307,0.2331,103496725.0
1632096000,0.2331,0.2335,0.2185,0.2219,314311215.0
1632110400,0.2219,0.2242,0.2151,0.2178,196357255.0
1632124800,0.2178,0.2203,0.2041,0.2075,378747855.8
1632139200,0.2075,0.2155,0.1988,0.214,505737403.1
1632153600,0.214,0.216,0.205,0.2106,262276781.0
1632168000,0.2106,0.2149,0.2057,0.2086,184787742.0
1632182400,0.2086,0.212,0.1989,0.2087,320596234.0
1632196800,0.2087,0.2104,0.2048,0.2104,107836147.0
1632211200,0.2104,0.2137,0.2093,0.2126,109903866.0
1632225600,0.2126,0.2185,0.2091,0.2132,275027736.0
1632240000,0.2132,0.2137,0.2052,0.2088,221298470.0
1632254400,0.2088,0.2101,0.1976,0.2009,440810184.8
1632268800,0.2009,0.2081,0.1999,0.2026,288529067.0
1632283200,0.2026,0.2145,0.2017,0.2119,346309658.0
1632297600,0.2119,0.2129,0.2072,0.2082,115627001.0
1632312000,0.2082,0.2156,0.2071,0.2151,158640708.0
1632326400,0.2151,0.2286,0.2141,0.2225,413346650.7
1632340800,0.2225,0.2304,0.2212,0.2245,183264075.0
1632355200,0.2245,0.2262,0.2198,0.2249,159609914.0
1632369600,0.2249,0.2261,0.2221,0.2239,110557703.0
1632384000,0.2239,0.2273,0.2175,0.219,193538224.0
1632398400,0.219,0.2239,0.218,0.2203,133328866.0
1632412800,0.2203,0.2251,0.2192,0.2229,135364679.0
1632427200,0.2229,0.2264,0.2212,0.2246,76735398.0
1632441600,0.2246,0.2291,0.2221,0.2224,150474013.0
1632456000,0.2224,0.2232,0.2184,0.2209,142760947.0
1632470400,0.2209,0.2235,0.1965,0.2037,691878190.9
1632484800,0.2037,0.2099,0.2005,0.2067,244913344.0
1632499200,0.2067,0.2091,0.2058,0.208,93159366.0
1632513600,0.208,0.2146,0.2076,0.2091,123146283.0
1632528000,0.2091,0.2126,0.2072,0.2109,92593749.0
1632542400,0.2109,0.2126,0.2075,0.2078,85773538.0
1632556800,0.2078,0.2112,0.2043,0.2079,137688944.0
1632571200,0.2079,0.2094,0.2048,0.2071,134869715.0
1632585600,0.2071,0.214,0.2053,0.2098,134200803.0
1632600000,0.2098,0.2101,0.206,0.2083,62981585.0
1632614400,0.2083,0.2089,0.2024,0.2054,107690051.0
1632628800,0.2054,0.2059,0.1954,0.1974,178590473.1
1632643200,0.1974,0.2062,0.194,0.2043,288616811.6
1632657600,0.2043,0.2075,0.2043,0.2073,70524840.0
1632672000,0.2073,0.2088,0.2053,0.2065,47946878.0
1632686400,0.2065,0.2088,0.2028,0.205,84655817.0
1632700800,0.205,0.2093,0.2032,0.2071,86898569.0
1632715200,0.2071,0.2087,0.2054,0.206,65786651.0
1632729600,0.206,0.2075,0.2041,0.2064,75899682.0
1632744000,0.2064,0.2065,0.2014,0.204,94833589.0
1632758400,0.204,0.2041,0.2007,0.2018,57002278.0
1632772800,0.2018,0.2041,0.1996,0.1997,66851623.0
1632787200,0.1997,0.2023,0.1984,0.2015,75957056.0
1632801600,0.2015,0.2021,0.1989,0.2,76399141.0
1632816000,0.2,0.2027,0.1992,0.2016,70307734.0
1632830400,0.2016,0.2027,0.1975,0.1978,108413523.0
1632844800,0.1978,0.2,0.1965,0.1986,86325247.0
1632859200,0.1986,0.2006,0.196,0.1965,60607425.0
1632873600,0.1965,0.1997,0.1946,0.1997,105440290.0
1632888000,0.1997,0.2009,0.1986,0.2006,53082144.0
1632902400,0.2006,0.2023,0.1994,0.2016,74574561.0
1632916800,0.2016,0.2043,0.1988,0.1998,118337750.0
1632931200,0.1998,0.2006,0.1962,0.1968,98476443.0
1632945600,0.1968,0.1988,0.1949,0.1987,58286693.0
1632960000,0.1987,0.2038,0.1976,0.2034,111225712.0
1632974400,0.2034,0.2047,0.2006,0.201,83049012.0
1632988800,0.201,0.2017,0.1995,0.2002,72134809.0
1633003200,0.2002,0.203,0.1997,0.2009,90822602.0
1633017600,0.2009,0.206,0.1999,0.2032,110440976.0
1633032000,0.2032,0.2045,0.2016,0.2042,57672462.0
1633046400,0.2042,0.2052,0.2018,0.2026,77426549.0
1633060800,0.2026,0.2059,0.202,0.2059,70692227.0
1633075200,0.2059,0.2172,0.2057,0.217,337855194.0
1633089600,0.217,0.2174,0.2114,0.2151,202641957.0
1633104000,0.2151,0.2194,0.2141,0.2183,158211065.0
1633118400,0.2183,0.2253,0.2164,0.2226,182576028.0
1633132800,0.2226,0.2233,0.2161,0.2168,125525053.0
1633147200,0.2168,0.2188,0.2159,0.2179,63413904.0
1633161600,0.2179,0.2187,0.2151,0.2175,93253585.0
1633176000,0.2175,0.2245,0.2165,0.222,199427135.0
1633190400,0.222,0.225,0.2206,0.2245,122972653.0
1633204800,0.2245,0.225,0.2167,0.2185,122387230.0
1633219200,0.2185,0.2202,0.2155,0.2191,90036950.0
1633233600,0.2191,0.2203,0.2175,0.218,65546549.0
1633248000,0.218,0.2221,0.2165,0.2214,97336143.0
1633262400,0.2214,0.2243,0.2193,0.22,142933447.0
1633276800,0.22,0.2266,0.2194,0.2224,184808416.0
1633291200,0.2224,0.2255,0.2182,0.2218,117335136.0
1633305600,0.2218,0.2269,0.2158,0.216,300619877.0
1633320000,0.216,0.2169,0.2119,0.2163,122895709.0
1633334400,0.2163,0.217,0.2124,0.2151,124236713.0
1633348800,0.2151,0.2365,0.214,0.2223,1022049188.0
1633363200,0.2223,0.2318,0.2221,0.2306,442948363.0
1633377600,0.2306,0.249,0.2281,0.2414,1268468490.0
1633392000,0.2414,0.249,0.2379,0.2424,404451249.0
1633406400,0.2424,0.2424,0.2352,0.2359,251229754.0
1633420800,0.2359,0.2416,0.2325,0.2393,335840243.0
1633435200,0.2393,0.268,0.2371,0.2598,1682305316.0
1633449600,0.2598,0.2645,0.2511,0.2567,760692447.0
1633464000,0.2567,0.2585,0.25,0.2516,361634732.0
1633478400,0.2516,0.2577,0.2465,0.2537,464438776.0
1633492800,0.2537,0.2719,0.2512,0.2584,1096560842.0
1633507200,0.2584,0.2599,0.2422,0.2469,818548350.0
1633521600,0.2469,0.2622,0.2453,0.2566,692855006.0
1633536000,0.2566,0.2587,0.2502,0.2515,301725785.0
1633550400,0.2515,0.2557,0.2466,0.2541,307380431.0
1633564800,0.2541,0.2544,0.2357,0.2399,570598687.0
1633579200,0.2399,0.2482,0.2392,0.2481,249437477.0
1633593600,0.2481,0.2525,0.2423,0.2512,354244605.0
1633608000,0.2512,0.257,0.2396,0.2438,591898276.0
1633622400,0.2438,0.2449,0.2406,0.2429,238082369.0
1633636800,0.2429,0.2468,0.241,0.2428,138132071.0
1633651200,0.2428,0.2477,0.2414,0.2438,134528775.0
1633665600,0.2438,0.2473,0.2421,0.2455,126151695.0
1633680000,0.2455,0.2549,0.2451,0.2475,384735192.0
1633694400,0.2475,0.2485,0.2425,0.2454,326562915.0
1633708800,0.2454,0.2515,0.2445,0.2489,245541742.0
1633723200,0.2489,0.2491,0.2419,0.2441,164301807.0
1633737600,0.2441,0.2465,0.2407,0.2457,138343902.0
1633752000,0.2457,0.2472,0.2443,0.2467,144981301.0
1633766400,0.2467,0.2499,0.2435,0.2468,255303890.0
1633780800,0.2468,0.2527,0.2468,0.2487,249832501.0
1633795200,0.2487,0.251,0.2455,0.2463,198460689.0
1633809600,0.2463,0.2482,0.2446,0.2467,86663269.0
1633824000,0.2467,0.2471,0.2422,0.2452,131100239.0
1633838400,0.2452,0.2474,0.2442,0.247,105692476.0
1633852800,0.247,0.2487,0.2434,0.2451,150720440.0
1633867200,0.2451,0.2453,0.2402,0.2438,161613569.0
1633881600,0.2438,0.2442,0.2369,0.2409,138378548.0
1633896000,0.2409,0.2426,0.226,0.2288,290143688.0
1633910400,0.2288,0.2364,0.2257,0.2358,153433734.0
1633924800,0.2358,0.2385,0.2343,0.2383,138134581.0
1633939200,0.2383,0.2394,0.231,0.2331,223621559.0
1633953600,0.2331,0.2372,0.2322,0.2339,232002203.0
1633968000,0.2339,0.2342,0.2273,0.2278,198040139.0
1633982400,0.2278,0.2315,0.2249,0.2312,127478841.0
1633996800,0.2312,0.2318,0.2224,0.224,152980742.0
1634011200,0.224,0.2272,0.222,0.2257,131719177.0
1634025600,0.2257,0.228,0.2182,0.2229,208793257.0
1634040000,0.2229,0.2257,0.216,0.2238,241610053.0
1634054400,0.2238,0.2258,0.2214,0.2228,172278889.0
1634068800,0.2228,0.2275,0.2195,0.2261,123087961.0
1634083200,0.2261,0.2299,0.2243,0.2292,125593236.0
1634097600,0.2292,0.2314,0.2203,0.221,232813212.0
1634112000,0.221,0.2247,0.2208,0.2242,161279728.0
1634126400,0.2242,0.2271,0.2211,0.2254,165263514.0
1634140800,0.2254,0.2322,0.2251,0.2291,191733637.0
1634155200,0.2291,0.2342,0.2285,0.2326,167697458.0
1634169600,0.2326,0.2403,0.2323,0.2361,296075957.0
1634184000,0.2361,0.2378,0.234,0.2349,147015163.0
1634198400,0.2349,0.239,0.2344,0.2379,190990138.0
1634212800,0.2379,0.2385,0.2315,0.2342,194133361.0
1634227200,0.2342,0.2357,0.2324,0.2345,138861676.0
1634241600,0.2345,0.2357,0.2311,0.2325,130973387.0
1634256000,0.2325,0.2348,0.227,0.2334,211758955.0
1634270400,0.2334,0.2356,0.2296,0.2312,217317536.0
1634284800,0.2312,0.2316,0.2239,0.2283,245832151.0
1634299200,0.2283,0.2325,0.2272,0.2302,187211772.0
1634313600,0.2302,0.2436,0.2295,0.2392,389052258.0
1634328000,0.2392,0.2414,0.2336,0.234,206368043.0
1634342400,0.234,0.2459,0.2337,0.2368,392553918.0
1634356800,0.2368,0.2402,0.2364,0.2376,115947686.0
1634371200,0.2376,0.2431,0.2365,0.2411,199143114.0
1634385600,0.2411,0.2446,0.2353,0.2406,299612369.0
1634400000,0.2406,0.2413,0.2361,0.2364,128468069.0
1634414400,0.2364,0.2387,0.235,0.2372,88419277.0
1634428800,0.2372,0.2377,0.2338,0.2369,110767659.0
1634443200,0.2369,0.2386,0.2354,0.2354,79560799.0
1634457600,0.2354,0.2412,0.2354,0.2393,140547376.0
1634472000,0.2393,0.2402,0.235,0.236,144400630.0
1634486400,0.236,0.2375,0.2329,0.235,127952067.0
1634500800,0.235,0.2421,0.2252,0.2378,607180704.0
1634515200,0.2378,0.2425,0.237,0.2379,189000002.0
1634529600,0.2379,0.2454,0.2375,0.2409,286848072.0
1634544000,0.2409,0.273,0.2405,0.2587,2563131690.0
1634558400,0.2587,0.2607,0.2501,0.2554,924966818.0
1634572800,0.2554,0.2604,0.2507,0.2522,547476686.0
1634587200,0.2522,0.2537,0.2438,0.2474,397801699.0
1634601600,0.2474,0.255,0.2431,0.2542,308746110.0
1634616000,0.2542,0.2544,0.2459,0.2495,260506905.0
1634630400,0.2495,0.2495,0.2447,0.2468,206184212.0
1634644800,0.2468,0.2478,0.2401,0.2425,276478321.0
1634659200,0.2425,0.2451,0.2399,0.2416,225957897.0
1634673600,0.2416,0.2469,0.2412,0.2454,137585873.0
1634688000,0.2454,0.2456,0.2421,0.2428,109810093.0
1634702400,0.2428,0.2465,0.2424,0.2449,119654833.0
1634716800,0.2449,0.2459,0.2433,0.244,102814081.0
1634731200,0.244,0.2571,0.2439,0.2522,573289426.0
1634745600,0.2522,0.262,0.2503,0.2574,420647863.0
1634760000,0.2574,0.26,0.2521,0.2548,312352553.0
1634774400,0.2548,0.2584,0.2488,0.2529,280303894.0
1634788800,0.2529,0.2541,0.25,0.2518,176346023.0
1634803200,0.2518,0.2575,0.2474,0.2504,392108848.0
1634817600,0.2504,0.2535,0.2403,0.2452,429301924.0
1634832000,0.2452,0.2466,0.2432,0.2443,144978945.0
1634846400,0.2443,0.2464,0.2382,0.2424,150634081.0
1634860800,0.2424,0.2469,0.2421,0.2455,167878009.0
1634875200,0.2455,0.2483,0.2448,0.2478,103046262.0
1634889600,0.2478,0.2491,0.2452,0.2472,112556414.0
1634904000,0.2472,0.2472,0.2352,0.2395,349551652.0
1634918400,0.2395,0.2529,0.2352,0.2488,473614199.0
1634932800,0.2488,0.2549,0.243,0.2446,346597101.0
1634947200,0.2446,0.2466,0.2416,0.2463,162933971.0
1634961600,0.2463,0.2504,0.2444,0.2481,158994851.0
1634976000,0.2481,0.249,0.24,0.2459,188581662.0
1634990400,0.2459,0.2475,0.2445,0.2468,120136472.0
1635004800,0.2468,0.254,0.2449,0.2468,508601912.0
1635019200,0.2468,0.2518,0.2466,0.2511,119423780.0
1635033600,0.2511,0.2518,0.2477,0.2504,174491615.0
1635048000,0.2504,0.2508,0.2478,0.2493,152905106.0
1635062400,0.2493,0.2709,0.2457,0.264,1040002737.0
1635076800,0.264,0.2677,0.2514,0.2535,1182187475.0
1635091200,0.2535,0.27,0.2498,0.2627,1206698401.0
1635105600,0.2627,0.2832,0.2591,0.2756,1131637512.0
1635120000,0.2756,0.2805,0.2671,0.2685,785504775.0
1635134400,0.2685,0.2734,0.267,0.2685,494479842.0
1635148800,0.2685,0.2697,0.2601,0.2619,521484619.0
1635163200,0.2619,0.2684,0.2613,0.2661,404645538.0
1635177600,0.2661,0.2678,0.2585,0.2629,410341201.0
1635192000,0.2629,0.268,0.261,0.2651,323236203.0
1635206400,0.2651,0.2675,0.2618,0.2647,216387101.0
1635220800,0.2647,0.2658,0.2623,0.2651,192413610.0
1635235200,0.2651,0.2743,0.2649,0.272,607248569.0
1635249600,0.272,0.2733,0.263,0.2665,436835317.0
1635264000,0.2665,0.2685,0.2637,0.2667,281721607.0
1635278400,0.2667,0.2674,0.252,0.2559,397556169.0
1635292800,0.2559,0.26,0.2541,0.2589,185709741.0
1635307200,0.2589,0.2636,0.2479,0.2498,601472652.0
1635321600,0.2498,0.25,0.2169,0.237,1368906083.0
1635336000,0.237,0.26,0.2344,0.2432,1357332560.0
1635350400,0.2432,0.2536,0.234,0.2426,1047355620.0
1635364800,0.2426,0.25,0.2353,0.2379,662655670.0
1635379200,0.2379,0.2408,0.2324,0.2358,467459949.0
1635393600,0.2358,0.3361,0.2344,0.3291,6664289835.2
1635408000,0.3291,0.3345,0.2862,0.2962,3563018392.0
1635422400,0.2962,0.3241,0.2929,0.3188,2395032399.0
1635436800,0.3188,0.34,0.2922,0.3096,3232110348.8
1635451200,0.3096,0.3099,0.29,0.2997,998198507.0
1635465600,0.2997,0.307,0.2911,0.2937,963451024.0
1635480000,0.2937,0.2987,0.2842,0.2902,1038011209.0
1635494400,0.2902,0.3003,0.2752,0.2845,969291150.0
1635508800,0.2845,0.2918,0.2786,0.2881,911293699.0
1635523200,0.2881,0.2971,0.284,0.2905,565165316.0
1635537600,0.2905,0.2979,0.2839,0.2882,529972476.0
1635552000,0.2882,0.2916,0.2828,0.2855,396084415.0
1635566400,0.2855,0.295,0.2847,0.2888,495488912.0
1635580800,0.2888,0.29,0.2806,0.2848,515455473.0
1635595200,0.2848,0.2886,0.2666,0.2747,937797042.0
1635609600,0.2747,0.2773,0.269,0.2732,404588940.0
1635624000,0.2732,0.2743,0.258,0.269,691586519.0
1635638400,0.269,0.2744,0.2608,0.2678,513287801.0
1635652800,0.2678,0.2745,0.2653,0.2704,410502925.0
1635667200,0.2704,0.2706,0.2578,0.2604,365356017.0
1635681600,0.2604,0.263,0.252,0.2588,588850579.0
1635696000,0.2588,0.2827,0.2564,0.2703,1319577999.0
1635710400,0.2703,0.2852,0.269,0.28,659779245.0
1635724800,0.28,0.2866,0.264,0.2662,717243126.0
1635739200,0.2662,0.2735,0.2631,0.273,354618253.0
1635753600,0.273,0.2814,0.2706,0.2734,539402734.0
1635768000,0.2734,0.2764,0.2689,0.2699,338094562.0
1635782400,0.2699,0.2754,0.2668,0.2714,362276247.0
1635796800,0.2714,0.2734,0.2678,0.2716,185459045.0
1635811200,0.2716,0.273,0.2666,0.2704,225253254.0
1635825600,0.2704,0.281,0.2697,0.2746,476132272.0
1635840000,0.2746,0.2748,0.2701,0.2724,362998891.0
1635854400,0.2724,0.2741,0.2708,0.2727,226034589.0
1635868800,0.2727,0.2795,0.271,0.2756,321137976.0
1635883200,0.2756,0.2803,0.2718,0.2739,300936312.0
1635897600,0.2739,0.2759,0.2697,0.2716,198274012.0
1635912000,0.2716,0.276,0.2698,0.2742,244498891.0
1635926400,0.2742,0.2776,0.2721,0.2735,302516823.0
1635940800,0.2735,0.2736,0.262,0.2663,442169850.0
1635955200,0.2663,0.2724,0.2647,0.2703,251128404.0
1635969600,0.2703,0.2715,0.267,0.2689,168910186.0
1635984000,0.2689,0.2709,0.2659,0.2692,147120413.0
1635998400,0.2692,0.27,0.2632,0.2638,154095844.0
1636012800,0.2638,0.2657,0.261,0.2622,241337236.0
1636027200,0.2622,0.2647,0.254,0.2555,417230371.0
1636041600,0.2555,0.2638,0.2539,0.2607,313059628.0
1636056000,0.2607,0.265,0.2591,0.263,174114178.0
1636070400,0.263,0.2631,0.2578,0.2617,135014920.0
1636084800,0.2617,0.2632,0.2603,0.2616,98934531.0
1636099200,0.2616,0.2709,0.2547,0.2603,422044559.0
1636113600,0.2603,0.264,0.2564,0.2607,306512984.0
1636128000,0.2607,0.2626,0.257,0.2604,200839515.0
1636142400,0.2604,0.2611,0.2581,0.2609,119029943.0
1636156800,0.2609,0.2676,0.2596,0.2636,211100045.0
1636171200,0.2636,0.2655,0.2593,0.261,141375588.0
1636185600,0.261,0.2618,0.25,0.255,317701998.0
1636200000,0.255,0.2574,0.2522,0.2564,169030272.0
1636214400,0.2564,0.2635,0.2558,0.2615,160654367.0
1636228800,0.2615,0.2636,0.2601,0.2618,135995455.0
1636243200,0.2618,0.2638,0.26,0.2624,106182616.0
1636257600,0.2624,0.2625,0.2584,0.2598,85917561.0
1636272000,0.2598,0.2677,0.2589,0.2628,212474116.0
1636286400,0.2628,0.2664,0.2613,0.2654,173992608.0
1636300800,0.2654,0.2698,0.264,0.2648,237793438.0
1636315200,0.2648,0.2677,0.2636,0.2664,95786636.0
1636329600,0.2664,0.2742,0.2644,0.2692,351864961.0
1636344000,0.2692,0.2753,0.2692,0.2728,290235888.0
1636358400,0.2728,0.2973,0.2724,0.2836,1608137466.0
1636372800,0.2836,0.2844,0.2749,0.2804,527054931.0
1636387200,0.2804,0.285,0.2764,0.2816,377604360.0
1636401600,0.2816,0.2833,0.2767,0.2819,265776883.0
1636416000,0.2819,0.2897,0.2789,0.2836,400234694.0
1636430400,0.2836,0.2905,0.2784,0.2799,351886912.0
1636444800,0.2799,0.2825,0.2708,0.2761,346228983.0
1636459200,0.2761,0.2795,0.2715,0.2743,398047812.0
1636473600,0.2743,0.2771,0.2722,0.2755,227709612.0
1636488000,0.2755,0.2763,0.2728,0.2736,130785469.0
1636502400,0.2736,0.2762,0.2684,0.2704,215642668.0
1636516800,0.2704,0.274,0.2661,0.2723,184226143.0
1636531200,0.2723,0.2756,0.2713,0.2719,153646617.0
1636545600,0.2719,0.2775,0.2686,0.2715,451459324.0
1636560000,0.2715,0.2727,0.2603,0.2617,495899211.0
1636574400,0.2617,0.2645,0.235,0.2553,1099398914.0
1636588800,0.2553,0.2617,0.2529,0.2611,280358147.0
1636603200,0.2611,0.264,0.2586,0.2613,191156989.0
1636617600,0.2613,0.2629,0.2582,0.2606,152759483.0
1636632000,0.2606,0.2716,0.2561,0.2659,449065546.0
1636646400,0.2659,0.2668,0.2603,0.2634,170698018.0
1636660800,0.2634,0.2638,0.2603,0.2605,112503612.0
1636675200,0.2605,0.2686,0.2588,0.2653,198884009.0
1636689600,0.2653,0.2658,0.2592,0.2606,133500470.0
1636704000,0.2606,0.2624,0.2531,0.2548,327828691.0
1636718400,0.2548,0.2575,0.2518,0.2539,226848436.0
1636732800,0.2539,0.2577,0.2484,0.2559,245678259.0
1636747200,0.2559,0.2606,0.2557,0.2593,94394590.0
1636761600,0.2593,0.2607,0.2552,0.2564,84595650.0
1636776000,0.2564,0.2585,0.2542,0.258,76799486.0
1636790400,0.258,0.2607,0.2552,0.2576,167715892.0
1636804800,0.2576,0.261,0.2557,0.2591,171357298.0
1636819200,0.2591,0.2617,0.2584,0.2591,124813671.0
1636833600,0.2591,0.2624,0.2589,0.2613,105627455.0
1636848000,0.2613,0.2633,0.2604,0.2613,90005630.0
1636862400,0.2613,0.2621,0.2599,0.2611,154666635.0
1636876800,0.2611,0.2719,0.2603,0.2639,444283651.0
1636891200,0.2639,0.2655,0.2605,0.2612,162252423.0
1636905600,0.2612,0.2628,0.2597,0.2615,174856974.0
1636920000,0.2615,0.263,0.2608,0.2628,83242713.0
1636934400,0.2628,0.2654,0.2617,0.2623,105809029.0
1636948800,0.2623,0.2647,0.2619,0.2623,93224118.0
1636963200,0.2623,0.2635,0.2606,0.262,119521715.0
1636977600,0.262,0.2639,0.257,0.258,213202514.0
1636992000,0.258,0.2605,0.2563,0.259,161008779.0
1637006400,0.259,0.2591,0.2553,0.2566,91897833.0
1637020800,0.2566,0.2567,0.2433,0.2466,467968059.0
1637035200,0.2466,0.2492,0.2427,0.2462,193856834.0
1637049600,0.2462,0.2469,0.2225,0.24,795502895.0
1637064000,0.24,0.2453,0.2367,0.2409,199981993.0
1637078400,0.2409,0.2424,0.2362,0.2387,113934623.0
1637092800,0.2387,0.2408,0.2316,0.2365,160061746.0
1637107200,0.2365,0.239,0.2293,0.2322,294649269.0
1637121600,0.2322,0.2391,0.2298,0.2369,193587838.0
1637136000,0.2369,0.2397,0.2324,0.2395,198422429.0
1637150400,0.2395,0.2413,0.2341,0.2364,148293642.0
1637164800,0.2364,0.2389,0.2346,0.2355,107471710.0
1637179200,0.2355,0.238,0.2348,0.2374,74112229.0
1637193600,0.2374,0.2413,0.236,0.2372,120314936.0
1637208000,0.2372,0.2386,0.2323,0.2337,142244427.0
1637222400,0.2337,0.235,0.2283,0.2302,200814183.0
1637236800,0.2302,0.2326,0.22,0.224,372103792.0
1637251200,0.224,0.2282,0.215,0.2265,431232566.0
1637265600,0.2265,0.2276,0.2191,0.2208,157349921.0
1637280000,0.2208,0.2246,0.2155,0.218,290385919.0
1637294400,0.218,0.224,0.2176,0.2221,134821004.0
1637308800,0.2221,0.2279,0.2218,0.2257,139848048.0
1637323200,0.2257,0.2369,0.2252,0.2357,250529664.0
1637337600,0.2357,0.2364,0.2307,0.2329,131861288.0
1637352000,0.2329,0.2334,0.2311,0.2329,63811059.0
1637366400,0.2329,0.2357,0.2321,0.2327,84192558.0
1637380800,0.2327,0.2342,0.2312,0.232,86366847.0
1637395200,0.232,0.2336,0.2316,0.2329,70587166.0
1637409600,0.2329,0.2342,0.2249,0.2258,176047620.0
1637424000,0.2258,0.2318,0.225,0.2303,136336178.0
1637438400,0.2303,0.2351,0.2297,0.233,84862881.0
1637452800,0.233,0.2334,0.228,0.2287,88746248.0
1637467200,0.2287,0.2305,0.2274,0.229,76145244.0
1637481600,0.229,0.2301,0.2269,0.2286,109160756.0
1637496000,0.2286,0.2296,0.2264,0.2294,107441953.0
1637510400,0.2294,0.2313,0.2269,0.2271,112839721.0
1637524800,0.2271,0.2297,0.225,0.2255,90164147.0
1637539200,0.2255,0.2261,0.2201,0.222,130241595.0
1637553600,0.222,0.2239,0.2194,0.2219,91284026.0
1637568000,0.2219,0.2242,0.2213,0.2224,73120326.0
1637582400,0.2224,0.2273,0.22,0.2229,152379063.0
1637596800,0.2229,0.2235,0.2163,0.218,185277270.0
1637611200,0.218,0.2207,0.2169,0.2195,83126935.0
1637625600,0.2195,0.2234,0.2176,0.2222,96077427.0
1637640000,0.2222,0.2233,0.2177,0.2183,87674230.0
1637654400,0.2183,0.2369,0.2132,0.2222,835204655.0
1637668800,0.2222,0.2348,0.2212,0.2302,323302681.0
1637683200,0.2302,0.2318,0.2242,0.2266,217638261.0
1637697600,0.2266,0.227,0.2243,0.2266,88379377.0
1637712000,0.2266,0.2304,0.2211,0.2225,151787132.0
1637726400,0.2225,0.2245,0.2193,0.2207,187243600.0
1637740800,0.2207,0.2232,0.2163,0.2189,203606367.0
1637755200,0.2189,0.2194,0.2106,0.2162,341342431.0
1637769600,0.2162,0.218,0.2135,0.2152,164059127.0
1637784000,0.2152,0.218,0.2144,0.217,102951338.0
1637798400,0.217,0.2209,0.2138,0.2191,196097846.0
1637812800,0.2191,0.2194,0.2156,0.2172,103799863.0
1637827200,0.2172,0.2198,0.2142,0.2191,186646739.0
1637841600,0.2191,0.2228,0.2188,0.221,206231920.0
1637856000,0.221,0.2289,0.2209,0.223,274807973.0
1637870400,0.223,0.2249,0.2202,0.2209,129831607.0
1637884800,0.2209,0.2217,0.2171,0.2177,144256027.0
1637899200,0.2177,0.2182,0.211,0.2137,205534059.0
1637913600,0.2137,0.2137,0.186,0.197,1341636028.3
1637928000,0.197,0.2057,0.1956,0.2034,270647549.0
1637942400,0.2034,0.2059,0.202,0.2037,199798683.0
1637956800,0.2037,0.2066,0.2002,0.2016,143158310.0
1637971200,0.2016,0.2061,0.2005,0.2046,198621597.0
1637985600,0.2046,0.21,0.204,0.2054,188134487.0
1638000000,0.2054,0.2086,0.2048,0.2063,148235328.0
1638014400,0.2063,0.2084,0.2052,0.207,107434744.0
1638028800,0.207,0.2092,0.2055,0.2062,131280874.0
1638043200,0.2062,0.2099,0.2019,0.2049,135145793.0
1638057600,0.2049,0.205,0.1964,0.1994,247216249.0
1638072000,0.1994,0.2017,0.1978,0.2008,91464866.0
1638086400,0.2008,0.2022,0.1985,0.2003,82709874.0
1638100800,0.2003,0.2008,0.1979,0.199,75119532.0
1638115200,0.199,0.1992,0.1907,0.198,212146891.0
1638129600,0.198,0.2074,0.198,0.2073,150243845.0
1638144000,0.2073,0.2085,0.2043,0.2051,161919015.0
1638158400,0.2051,0.2078,0.2043,0.2067,121100779.0
1638172800,0.2067,0.2073,0.2025,0.2037,130616795.0
1638187200,0.2037,0.227,0.2032,0.2153,1076139401.0
1638201600,0.2153,0.2179,0.211,0.215,250454761.0
1638216000,0.215,0.2189,0.2136,0.215,117207118.0
1638230400,0.215,0.2252,0.2147,0.2217,345919681.0
1638244800,0.2217,0.2275,0.2127,0.2163,360126809.0
1638259200,0.2163,0.2239,0.2146,0.2212,239521366.0
1638273600,0.2212,0.2248,0.2164,0.2166,368297892.0
1638288000,0.2166,0.2188,0.2125,0.2166,219911671.0
1638302400,0.2166,0.2175,0.2139,0.2147,83917801.0
1638316800,0.2147,0.2189,0.2131,0.2161,128528526.0
1638331200,0.2161,0.2162,0.2124,0.2156,110310893.0
1638345600,0.2156,0.2169,0.2112,0.2134,162895479.0
1638360000,0.2134,0.2164,0.2129,0.2154,130966124.0
1638374400,0.2154,0.2164,0.2091,0.2106,135057158.0
1638388800,0.2106,0.2107,0.2058,0.2093,136144103.0
1638403200,0.2093,0.2094,0.2011,0.2039,131432919.0
1638417600,0.2039,0.2069,0.2036,0.2059,71923171.0
1638432000,0.2059,0.2233,0.2056,0.2153,960089858.0
1638446400,0.2153,0.217,0.209,0.2108,267998241.0
1638460800,0.2108,0.2112,0.207,0.2082,148869403.0
1638475200,0.2082,0.2128,0.2077,0.2095,109581483.0
1638489600,0.2095,0.2115,0.206,0.2072,87411680.0
1638504000,0.2072,0.2109,0.2069,0.2094,71656458.0
1638518400,0.2094,0.211,0.2083,0.2091,116767551.0
1638532800,0.2091,0.2122,0.2039,0.2051,158809355.0
1638547200,0.2051,0.2052,0.1983,0.1996,262734167.0
1638561600,0.1996,0.2011,0.1902,0.1999,314588826.0
1638576000,0.1999,0.2004,0.1895,0.1898,255499886.0
1638590400,0.1898,0.1935,0.131,0.1611,3154413603.2
1638604800,0.1611,0.1686,0.1589,0.159,733907111.0
1638619200,0.159,0.1776,0.1589,0.1751,699945152.0
1638633600,0.1751,0.1821,0.1723,0.1801,241845950.0
1638648000,0.1801,0.1813,0.1681,0.1781,218237746.0
1638662400,0.1781,0.1812,0.1713,0.1781,286730131.0
1638676800,0.1781,0.1803,0.175,0.1758,141132884.0
1638691200,0.1758,0.1778,0.1726,0.1743,181192821.0
1638705600,0.1743,0.1762,0.1617,0.1659,400058497.0
1638720000,0.1659,0.1716,0.165,0.1689,242745681.0
1638734400,0.1689,0.1723,0.1664,0.1712,129529586.0
1638748800,0.1712,0.1726,0.1647,0.1708,234768774.0
1638763200,0.1708,0.1717,0.1616,0.1648,176533007.0
1638777600,0.1648,0.1696,0.1591,0.1659,416002789.0
1638792000,0.1659,0.1772,0.1636,0.1724,383519306.0
1638806400,0.1724,0.1767,0.1705,0.1738,217961591.0
1638820800,0.1738,0.1804,0.1732,0.1776,233184903.0
1638835200,0.1776,0.1839,0.177,0.1794,211500696.0
1638849600,0.1794,0.1817,0.177,0.179,217326908.0
1638864000,0.179,0.1817,0.1782,0.1812,163508377.0
1638878400,0.1812,0.1836,0.1752,0.181,222822901.0
1638892800,0.181,0.1815,0.1777,0.1795,144230324.0
1638907200,0.1795,0.1803,0.1746,0.1762,109759042.0
1638921600,0.1762,0.1805,0.1729,0.1767,167616265.0
1638936000,0.1767,0.1809,0.1763,0.1802,138221471.0
1638950400,0.1802,0.1821,0.1722,0.1743,244833312.0
1638964800,0.1743,0.1806,0.172,0.179,157781911.0
1638979200,0.179,0.1806,0.1775,0.1795,93191262.0
1638993600,0.1795,0.1803,0.1772,0.179,68422889.0
1639008000,0.179,0.1819,0.1756,0.1768,135541082.0
1639022400,0.1768,0.1783,0.1745,0.1774,96962130.0
1639036800,0.1774,0.1799,0.1742,0.1777,187948332.0
1639051200,0.1777,0.1791,0.1705,0.1732,148144549.0
1639065600,0.1732,0.1833,0.1685,0.172,296425351.0
1639080000,0.172,0.1735,0.1688,0.1691,109173861.0
1639094400,0.1691,0.1731,0.169,0.171,99172732.0
1639108800,0.171,0.172,0.1654,0.1664,121796473.0
1639123200,0.1664,0.1707,0.166,0.1704,88999473.0
1639137600,0.1704,0.1748,0.1663,0.1676,165780678.0
1639152000,0.1676,0.1703,0.1644,0.1686,148601057.0
1639166400,0.1686,0.1694,0.1632,0.1641,119630902.0
1639180800,0.1641,0.1674,0.1612,0.1648,220414738.0
1639195200,0.1648,0.1678,0.1644,0.1666,103563482.0
1639209600,0.1666,0.1694,0.1661,0.1675,91541081.0
1639224000,0.1675,0.1692,0.1671,0.1686,90212373.0
1639238400,0.1686,0.17,0.1663,0.1666,85249947.0
1639252800,0.1666,0.1693,0.1662,0.1689,63811148.0
1639267200,0.1689,0.1697,0.1674,0.168,58104644.0
1639281600,0.168,0.1686,0.1667,0.1683,53435762.0
1639296000,0.1683,0.1684,0.1656,0.1674,61977200.0
1639310400,0.1674,0.1683,0.1668,0.1671,63258115.0
1639324800,0.1671,0.1727,0.1668,0.1706,183357252.0
1639339200,0.1706,0.1738,0.1694,0.1697,79779459.0
1639353600,0.1697,0.1704,0.1632,0.1649,130533925.0
1639368000,0.1649,0.1664,0.1636,0.1639,72511870.0
1639382400,0.1639,0.1655,0.1624,0.165,73781267.0
1639396800,0.165,0.1657,0.1561,0.1581,232922196.0
1639411200,0.1581,0.1622,0.1514,0.1548,330360874.0
1639425600,0.1548,0.1595,0.1543,0.1573,132306729.0
1639440000,0.1573,0.1598,0.1558,0.1575,106939338.0
1639454400,0.1575,0.1614,0.1549,0.1599,167563258.0
1639468800,0.1599,0.2204,0.1582,0.2113,3349096834.0
1639483200,0.2113,0.2149,0.1862,0.1887,2390966761.0
1639497600,0.1887,0.1934,0.1784,0.1799,824112270.0
1639512000,0.1799,0.1919,0.1798,0.1909,499766110.0
1639526400,0.1909,0.1912,0.1793,0.1836,396903764.0
1639540800,0.1836,0.185,0.1765,0.1808,296981090.0
1639555200,0.1808,0.1836,0.178,0.1792,241585347.0
1639569600,0.1792,0.1802,0.1703,0.1709,391950497.0
1639584000,0.1709,0.1864,0.1704,0.1825,553588297.0
1639598400,0.1825,0.1851,0.1788,0.1808,296334917.0
1639612800,0.1808,0.1832,0.1793,0.1808,159821760.0
1639627200,0.1808,0.1814,0.1784,0.1794,140853573.0
1639641600,0.1794,0.1853,0.1786,0.1827,237478043.0
1639656000,0.1827,0.1827,0.1775,0.1798,241346562.0
1639670400,0.1798,0.1799,0.1736,0.1745,169847798.0
1639684800,0.1745,0.1764,0.1723,0.1732,128437334.0
1639699200,0.1732,0.1755,0.1724,0.1751,84739026.0
1639713600,0.1751,0.1766,0.1709,0.1723,116826174.0
1639728000,0.1723,0.1742,0.1689,0.1697,143377455.0
1639742400,0.1697,0.171,0.1614,0.1683,369479601.0
1639756800,0.1683,0.1731,0.1673,0.1696,208691802.0
1639771200,0.1696,0.1709,0.1667,0.1685,110757274.0
1639785600,0.1685,0.1706,0.1659,0.1696,117107513.0
1639800000,0.1696,0.1735,0.1687,0.1711,103282138.0
1639814400,0.1711,0.1757,0.1706,0.1728,133169672.0
1639828800,0.1728,0.1737,0.1708,0.1723,106003726.0
1639843200,0.1723,0.1731,0.171,0.1722,78789377.0
1639857600,0.1722,0.1731,0.1714,0.1723,55910539.0
1639872000,0.1723,0.1741,0.1701,0.1727,78931942.0
1639886400,0.1727,0.1746,0.1722,0.1735,68912761.0
1639900800,0.1735,0.1738,0.1705,0.1711,79148395.0
1639915200,0.1711,0.1737,0.1703,0.1714,105011910.0
1639929600,0.1714,0.1723,0.1697,0.17,79801053.0
1639944000,0.17,0.1713,0.1691,0.1694,67343230.0
1639958400,0.1694,0.1708,0.1675,0.1699,88980731.0
1639972800,0.1699,0.1707,0.1654,0.1664,151594831.0
1639987200,0.1664,0.1668,0.1611,0.1642,172146553.0
1640001600,0.1642,0.1643,0.161,0.1624,145069335.0
1640016000,0.1624,0.1677,0.1618,0.1674,142737744.0
1640030400,0.1674,0.1699,0.1658,0.1671,122869679.0
1640044800,0.1671,0.1701,0.1657,0.1698,74751889.0
1640059200,0.1698,0.1717,0.1695,0.1701,121922305.0
1640073600,0.1701,0.1717,0.1689,0.1704,93614576.0
1640088000,0.1704,0.1724,0.1679,0.1687,98207349.0
1640102400,0.1687,0.1706,0.1685,0.1699,64457510.0
1640116800,0.1699,0.1717,0.1689,0.1707,61280258.0
1640131200,0.1707,0.1733,0.1697,0.1723,64597051.0
1640145600,0.1723,0.1737,0.1718,0.1727,81071859.0
1640160000,0.1727,0.174,0.1714,0.1733,104190250.0
1640174400,0.1733,0.1799,0.1711,0.1764,346137039.0
1640188800,0.1764,0.1791,0.1736,0.1746,154044708.0
1640203200,0.1746,0.1774,0.1722,0.173,135650324.0
1640217600,0.173,0.175,0.1712,0.1745,93660167.0
1640232000,0.1745,0.1813,0.1735,0.1746,202346582.0
1640246400,0.1746,0.1783,0.1745,0.1756,156635734.0
1640260800,0.1756,0.178,0.175,0.177,111443384.0
1640275200,0.177,0.1846,0.1758,0.1832,314175752.0
1640289600,0.1832,0.1851,0.181,0.185,149196887.0
1640304000,0.185,0.1853,0.1822,0.1829,155898870.0
1640318400,0.1829,0.183,0.1791,0.1813,93226176.0
1640332800,0.1813,0.1856,0.181,0.1835,128321457.0
1640347200,0.1835,0.1908,0.182,0.187,352587678.0
1640361600,0.187,0.1955,0.1868,0.1901,315585696.0
1640376000,0.1901,0.1923,0.1841,0.1862,200289513.0
1640390400,0.1862,0.1893,0.1847,0.1872,116816986.0
1640404800,0.1872,0.1948,0.1868,0.191,174508017.0
1640419200,0.191,0.1922,0.1875,0.1889,154925970.0
1640433600,0.1889,0.1915,0.1884,0.1907,116231233.0
1640448000,0.1907,0.1914,0.1863,0.1899,116571254.0
1640462400,0.1899,0.1957,0.1891,0.1908,204635503.0
1640476800,0.1908,0.1919,0.1854,0.1858,128601721.0
1640491200,0.1858,0.1875,0.1849,0.187,64211694.0
1640505600,0.187,0.1895,0.1861,0.1875,86588343.0
1640520000,0.1875,0.1892,0.187,0.1885,71889870.0
1640534400,0.1885,0.1914,0.1883,0.1907,101682337.0
1640548800,0.1907,0.1925,0.1884,0.1898,84179555.0
1640563200,0.1898,0.1911,0.1885,0.1907,69223508.0
1640577600,0.1907,0.1909,0.1892,0.1896,54088165.0
1640592000,0.1896,0.1916,0.1887,0.1913,74351269.0
1640606400,0.1913,0.1923,0.1897,0.1909,130161649.0
1640620800,0.1909,0.1928,0.1901,0.1906,112345405.0
1640635200,0.1906,0.191,0.1863,0.1879,172943647.0
1640649600,0.1879,0.188,0.1782,0.1814,247863191.0
1640664000,0.1814,0.1818,0.1775,0.1815,159450578.0
1640678400,0.1815,0.1822,0.1794,0.1816,93872437.0
1640692800,0.1816,0.1824,0.175,0.1783,155978075.0
1640707200,0.1783,0.1789,0.1716,0.1753,249665215.0
1640721600,0.1753,0.1769,0.1731,0.1739,72952424.0
1640736000,0.1739,0.1773,0.1736,0.1767,60019893.0
1640750400,0.1767,0.1769,0.1746,0.1752,54679056.0
1640764800,0.1752,0.1771,0.1717,0.1729,158383005.0
1640779200,0.1729,0.1738,0.1673,0.1727,215432891.0
1640793600,0.1727,0.1749,0.1706,0.172,82935927.0
1640808000,0.172,0.1736,0.1661,0.168,144554593.0
1640822400,0.168,0.1702,0.1651,0.1688,122695573.0
1640836800,0.1688,0.1736,0.1688,0.1731,92985305.0
1640851200,0.1731,0.1754,0.1711,0.175,91271091.0
1640865600,0.175,0.1758,0.1718,0.1722,91800863.0
1640880000,0.1722,0.1738,0.172,0.1727,61261244.0
1640894400,0.1727,0.1728,0.1702,0.1711,64261094.0
1640908800,0.1711,0.1729,0.1697,0.1715,65907511.0
1640923200,0.1715,0.1726,0.1706,0.172,50199277.0
1640937600,0.172,0.1758,0.1714,0.1734,160042326.0
1640952000,0.1734,0.1743,0.173,0.1738,57995607.0
1640966400,0.1738,0.1739,0.1661,0.1664,157189190.0
1640980800,0.1664,0.1713,0.1662,0.1703,81371190.0
1640995200,0.1703,0.173,0.17,0.1714,50156952.0
1641009600,0.1714,0.1727,0.1697,0.1713,55091502.0
1641024000,0.1713,0.172,0.1702,0.1705,45442602.0
1641038400,0.1705,0.1733,0.1704,0.1721,47783845.0
1641052800,0.1721,0.1737,0.1717,0.1725,54683376.0
1641067200,0.1725,0.1733,0.1719,0.1732,44345800.0
1641081600,0.1732,0.1733,0.172,0.1727,31943141.0
1641096000,0.1727,0.1728,0.1705,0.172,46264797.0
1641110400,0.172,0.1739,0.1713,0.1731,51674422.0
1641124800,0.1731,0.1753,0.1723,0.1746,65899285.0
1641139200,0.1746,0.1763,0.1722,0.1733,85632847.0
1641153600,0.1733,0.175,0.1729,0.1745,31541394.0
1641168000,0.1745,0.1745,0.1714,0.1719,51950581.0
1641182400,0.1719,0.1725,0.1708,0.1722,67530203.0
1641196800,0.1722,0.1734,0.1711,0.1732,47395760.0
1641211200,0.1732,0.1733,0.1699,0.1704,104859857.0
1641225600,0.1704,0.1711,0.1682,0.1692,97467470.0
1641240000,0.1692,0.1707,0.1674,0.1703,91781480.0
1641254400,0.1703,0.1707,0.1679,0.1698,54653473.0
1641268800,0.1698,0.1717,0.1692,0.1715,54000539.0
1641283200,0.1715,0.1719,0.17,0.1716,58567137.0
1641297600,0.1716,0.1726,0.1698,0.171,138868553.0
1641312000,0.171,0.172,0.1665,0.1684,127393322.0
1641326400,0.1684,0.1696,0.1679,0.1684,62956184.0
1641340800,0.1684,0.1705,0.1677,0.1698,52202594.0
1641355200,0.1698,0.1705,0.1692,0.1699,42698050.0
1641369600,0.1699,0.171,0.1683,0.1691,81163282.0
1641384000,0.1691,0.1703,0.1679,0.1699,75701301.0
1641398400,0.1699,0.1705,0.1545,0.1599,337560530.0
1641412800,0.1599,0.1618,0.1472,0.159,495306501.0
1641427200,0.159,0.1601,0.1544,0.1549,157477824.0
1641441600,0.1549,0.1582,0.1539,0.1579,136543471.0
1641456000,0.1579,0.1579,0.1545,0.1563,128795096.0
1641470400,0.1563,0.1592,0.1551,0.1578,118097511.0
1641484800,0.1578,0.1618,0.1573,0.1609,95950727.0
1641499200,0.1609,0.1621,0.1595,0.1599,68902542.0
1641513600,0.1599,0.1604,0.1517,0.1529,190044321.0
1641528000,0.1529,0.1544,0.1491,0.1537,232416123.0
1641542400,0.1537,0.1582,0.1532,0.1561,118652282.0
1641556800,0.1561,0.1571,0.1489,0.1522,330881576.0
1641571200,0.1522,0.1567,0.1507,0.1536,142034496.0
1641585600,0.1536,0.1557,0.1527,0.155,65661808.0
1641600000,0.155,0.1575,0.1548,0.1565,53452095.0
1641614400,0.1565,0.1578,0.1558,0.1571,63616147.0
1641628800,0.1571,0.1579,0.1558,0.1562,50727228.0
1641643200,0.1562,0.1567,0.152,0.1532,90357131.0
1641657600,0.1532,0.154,0.1451,0.1475,208655971.0
1641672000,0.1475,0.1548,0.1468,0.1509,115429801.0
1641686400,0.1509,0.1528,0.1498,0.1515,76640579.0
1641700800,0.1515,0.1531,0.1513,0.1519,40878773.0
1641715200,0.1519,0.1523,0.149,0.1512,49534199.0
1641729600,0.1512,0.1515,0.1486,0.1497,68427503.0
1641744000,0.1497,0.1539,0.1493,0.1537,94182508.0
1641758400,0.1537,0.1538,0.1501,0.1505,51506981.0
1641772800,0.1505,0.1521,0.1502,0.1511,39109903.0
1641787200,0.1511,0.1522,0.1509,0.1516,41984852.0
1641801600,0.1516,0.1519,0.1484,0.1489,68412690.0
1641816000,0.1489,0.1494,0.1368,0.1424,401055034.0
1641830400,0.1424,0.1464,0.1403,0.1416,220173586.0
1641844800,0.1416,0.1443,0.141,0.1431,74311813.0
1641859200,0.1431,0.1459,0.1417,0.1455,76397163.0
1641873600,0.1455,0.146,0.1436,0.1444,48442728.0
1641888000,0.1444,0.167,0.1429,0.1599,634519768.0
1641902400,0.1599,0.1607,0.148,0.1503,651443782.0
1641916800,0.1503,0.1532,0.1493,0.152,195966383.0
1641931200,0.152,0.1538,0.1511,0.1538,84948541.0
1641945600,0.1538,0.1553,0.1517,0.1532,97203542.0
1641960000,0.1532,0.1541,0.1511,0.1521,69750682.0
1641974400,0.1521,0.1585,0.1518,0.1551,161054369.0
1641988800,0.1551,0.1629,0.1547,0.1607,311221869.0
1642003200,0.1607,0.1621,0.1589,0.1598,159898233.0
1642017600,0.1598,0.1636,0.1582,0.1628,111881890.0
1642032000,0.1628,0.1679,0.1613,0.1666,241747766.0
1642046400,0.1666,0.1755,0.1657,0.1696,426894246.0
1642060800,0.1696,0.1762,0.1691,0.1709,247492079.0
1642075200,0.1709,0.174,0.1632,0.1655,349905749.0
1642089600,0.1655,0.1676,0.1614,0.1629,240725225.0
1642104000,0.1629,0.1781,0.1626,0.1717,610206427.0
1642118400,0.1717,0.1815,0.1703,0.1758,605485390.0
1642132800,0.1758,0.2148,0.1748,0.1962,1978788612.0
1642147200,0.1962,0.2014,0.1849,0.1885,1181795409.0
1642161600,0.1885,0.197,0.186,0.1941,748911705.0
1642176000,0.1941,0.1949,0.1852,0.1875,489966893.0
1642190400,0.1875,0.1919,0.1806,0.1832,401724580.0
1642204800,0.1832,0.1916,0.1815,0.1907,383986628.0
1642219200,0.1907,0.1948,0.1878,0.1916,440658125.0
1642233600,0.1916,0.1922,0.1873,0.1903,248433133.0
1642248000,0.1903,0.1914,0.1851,0.1898,306797110.0
1642262400,0.1898,0.1901,0.1862,0.1872,139303475.0
1642276800,0.1872,0.1882,0.183,0.1845,114764840.0
1642291200,0.1845,0.1847,0.1785,0.1802,216958892.0
1642305600,0.1802,0.1832,0.1794,0.1813,121444672.0
1642320000,0.1813,0.1844,0.1769,0.1786,215715594.0
1642334400,0.1786,0.1797,0.1752,0.1784,251065239.0
1642348800,0.1784,0.1793,0.1753,0.1755,121422262.0
1642363200,0.1755,0.179,0.1734,0.1766,142487893.0
1642377600,0.1766,0.1784,0.1691,0.1697,195699636.0
1642392000,0.1697,0.1718,0.1688,0.1702,148177420.0
1642406400,0.1702,0.1718,0.1685,0.169,124309835.0
1642420800,0.169,0.1712,0.1665,0.1672,158759502.0
1642435200,0.1672,0.1697,0.1656,0.1693,147516764.0
1642449600,0.1693,0.1747,0.1656,0.1708,317020240.0
1642464000,0.1708,0.1743,0.1673,0.1686,169725617.0
1642478400,0.1686,0.1724,0.1673,0.1704,117928782.0
1642492800,0.1704,0.1705,0.1635,0.1651,281987458.0
1642507200,0.1651,0.1655,0.1616,0.1631,186114730.0
1642521600,0.1631,0.1646,0.1618,0.1641,98422998.0
1642536000,0.1641,0.1668,0.1625,0.1651,90930867.0
1642550400,0.1651,0.1696,0.164,0.1661,157022116.0
1642564800,0.1661,0.1679,0.159,0.16,229716028.0
1642579200,0.16,0.1651,0.1589,0.1646,177794601.0
1642593600,0.1646,0.1678,0.1632,0.1642,143260446.0
1642608000,0.1642,0.1655,0.1626,0.1631,83287759.0
1642622400,0.1631,0.1644,0.1611,0.1615,76053604.0
1642636800,0.1615,0.1663,0.1615,0.1651,69177333.0
1642651200,0.1651,0.1652,0.1634,0.1645,44012773.0
1642665600,0.1645,0.1651,0.1636,0.1648,53423420.0
1642680000,0.1648,0.1693,0.1636,0.1676,133150666.0
1642694400,0.1676,0.1681,0.1643,0.1653,124995648.0
1642708800,0.1653,0.1655,0.1536,0.1553,338770675.0
1642723200,0.1553,0.1576,0.1484,0.1498,330773722.0
1642737600,0.1498,0.1536,0.1497,0.1533,109750180.0
1642752000,0.1533,0.1548,0.152,0.1536,117892747.0
1642766400,0.1536,0.154,0.147,0.153,306401957.0
1642780800,0.153,0.1536,0.1495,0.1497,152620586.0
1642795200,0.1497,0.1518,0.1399,0.1419,486418859.0
1642809600,0.1419,0.1453,0.141,0.1424,209765496.0
1642824000,0.1424,0.1437,0.127,0.1305,529542198.3
1642838400,0.1305,0.1341,0.12,0.1284,693290602.3
1642852800,0.1284,0.1358,0.1262,0.1266,314500037.0
1642867200,0.1266,0.1316,0.1251,0.1282,301712321.0
1642881600,0.1282,0.1351,0.1274,0.1332,192735607.0
1642896000,0.1332,0.142,0.132,0.1367,256774315.0
1642910400,0.1367,0.142,0.1353,0.1396,169354118.0
1642924800,0.1396,0.1428,0.1379,0.1385,195771310.0
1642939200,0.1385,0.1447,0.1347,0.1363,231058479.0
1642953600,0.1363,0.1407,0.1347,0.1358,186543347.0
1642968000,0.1358,0.1437,0.1355,0.1418,157340055.0
1642982400,0.1418,0.1418,0.138,0.1393,107278117.0
1642996800,0.1393,0.14,0.1341,0.1344,126898265.0
1643011200,0.1344,0.1369,0.1267,0.1293,489296538.0
1643025600,0.1293,0.1331,0.1256,0.1319,460313785.0
1643040000,0.1319,0.1353,0.1276,0.1344,266155979.0
1643054400,0.1344,0.1398,0.1338,0.1373,157777770.0
1643068800,0.1373,0.141,0.1353,0.1365,112732437.0
1643083200,0.1365,0.1367,0.1325,0.1343,69460813.0
1643097600,0.1343,0.1377,0.1336,0.1357,104065984.0
1643112000,0.1357,0.1506,0.1348,0.1395,589930061.0
1643126400,0.1395,0.148,0.1393,0.1439,290180248.0
1643140800,0.1439,0.1444,0.1401,0.1427,149767129.0
1643155200,0.1427,0.1464,0.1413,0.1456,125571406.0
1643169600,0.1456,0.1472,0.1426,0.1442,115214894.0
1643184000,0.1442,0.1516,0.1441,0.1509,227787975.0
1643198400,0.1509,0.1526,0.1474,0.1496,203634910.0
1643212800,0.1496,0.1534,0.1458,0.1486,390357332.0
1643227200,0.1486,0.1486,0.1409,0.1431,262107337.0
1643241600,0.1431,0.1447,0.1383,0.1399,135090890.0
1643256000,0.1399,0.142,0.1393,0.1409,99040272.0
1643270400,0.1409,0.1434,0.1391,0.1427,93321482.0
1643284800,0.1427,0.1459,0.1419,0.1432,111730614.0
1643299200,0.1432,0.1435,0.1388,0.14,110974895.0
1643313600,0.14,0.1415,0.1362,0.1414,127731872.0
1643328000,0.1414,0.1426,0.139,0.141,95200496.0
1643342400,0.141,0.1423,0.1397,0.14,51848423.0
1643356800,0.14,0.1406,0.1379,0.1389,80550375.0
1643371200,0.1389,0.1405,0.1377,0.14,90966571.0
1643385600,0.14,0.1419,0.1387,0.1402,77633946.0
1643400000,0.1402,0.1421,0.1398,0.1414,68031252.0
1643414400,0.1414,0.1429,0.1411,0.1421,39022023.0
1643428800,0.1421,0.1436,0.1415,0.1433,37930863.0
1643443200,0.1433,0.1437,0.1418,0.1426,41715294.0
1643457600,0.1426,0.144,0.1403,0.1422,95522369.0
1643472000,0.1422,0.143,0.141,0.1423,46527130.0
1643486400,0.1423,0.1442,0.142,0.143,78400193.0
1643500800,0.143,0.1431,0.1412,0.1414,55930747.0
1643515200,0.1414,0.1436,0.1414,0.1431,41299335.0
1643529600,0.1431,0.1438,0.142,0.143,50685770.0
1643544000,0.143,0.1433,0.1396,0.1414,67822250.0
1643558400,0.1414,0.1417,0.1385,0.1392,62712631.0
1643572800,0.1392,0.1404,0.138,0.1391,63171896.0
1643587200,0.1391,0.1393,0.1363,0.1379,69728566.0
1643601600,0.1379,0.1379,0.1363,0.1373,39886607.0
1643616000,0.1373,0.139,0.1369,0.1386,37291217.0
1643630400,0.1386,0.1406,0.1375,0.1401,76881081.0
1643644800,0.1401,0.1426,0.1398,0.1411,103717654.0
1643659200,0.1411,0.1419,0.1404,0.1415,37601901.0
1643673600,0.1415,0.1439,0.1408,0.1436,54627875.0
1643688000,0.1436,0.1437,0.142,0.1429,40118603.0
1643702400,0.1429,0.1444,0.1412,0.1424,79088753.0
1643716800,0.1424,0.1437,0.1413,0.1424,83959532.0
1643731200,0.1424,0.1436,0.1416,0.1418,78056082.0
1643745600,0.1418,0.1433,0.1416,0.1423,38589167.0
1643760000,0.1423,0.1432,0.1418,0.1428,40380766.0
1643774400,0.1428,0.1432,0.142,0.1421,40255768.0
1643788800,0.1421,0.1466,0.1419,0.1443,97163988.0
1643803200,0.1443,0.1452,0.1395,0.1399,121031806.0
1643817600,0.1399,0.1409,0.1383,0.1404,75639425.0
1643832000,0.1404,0.1406,0.135,0.137,117278257.0
1643846400,0.137,0.1385,0.1366,0.1376,44978479.0
1643860800,0.1376,0.1389,0.1374,0.1383,29419194.0
1643875200,0.1383,0.1385,0.1347,0.136,134087051.0
1643889600,0.136,0.1378,0.1346,0.1374,75312360.0
1643904000,0.1374,0.1382,0.1351,0.1355,52711025.0
1643918400,0.1355,0.1382,0.1352,0.1379,47788964.0
1643932800,0.1379,0.1387,0.1369,0.138,42916358.0
1643947200,0.138,0.1411,0.1379,0.1401,71844022.0
1643961600,0.1401,0.141,0.1393,0.1393,55982753.0
1643976000,0.1393,0.1431,0.1377,0.1419,167536187.0
1643990400,0.1419,0.1445,0.1417,0.1437,126934553.0
1644004800,0.1437,0.1481,0.143,0.1478,97091773.0
1644019200,0.1478,0.1498,0.1466,0.1478,91569707.0
1644033600,0.1478,0.1505,0.1477,0.1482,102740765.0
1644048000,0.1482,0.1499,0.1478,0.1493,78692700.0
1644062400,0.1493,0.1507,0.1473,0.1488,101914446.0
1644076800,0.1488,0.1492,0.1447,0.1473,113223205.0
1644091200,0.1473,0.1482,0.1466,0.1469,38554212.0
1644105600,0.1469,0.1493,0.1463,0.148,50134300.0
1644120000,0.148,0.1482,0.1465,0.1478,41228921.0
1644134400,0.1478,0.1482,0.1467,0.147,39176048.0
1644148800,0.147,0.1488,0.1445,0.1463,94476874.0
1644163200,0.1463,0.1536,0.1456,0.1503,131354711.0
1644177600,0.1503,0.1559,0.1488,0.1539,349613388.0
1644192000,0.1539,0.161,0.1513,0.1594,332215855.0
1644206400,0.1594,0.1599,0.1561,0.1569,133263057.0
1644220800,0.1569,0.1578,0.1547,0.1573,117832002.0
1644235200,0.1573,0.1616,0.1559,0.1608,295749676.0
1644249600,0.1608,0.1694,0.1603,0.1675,587589932.0
1644264000,0.1675,0.1731,0.165,0.1653,344197334.0
1644278400,0.1653,0.1667,0.1607,0.1651,220660125.0
1644292800,0.1651,0.1698,0.1642,0.165,194758923.0
1644307200,0.165,0.1711,0.1571,0.1596,364806979.0
1644321600,0.1596,0.1596,0.1529,0.1551,255396141.0
1644336000,0.1551,0.1565,0.1531,0.155,130017219.0
1644350400,0.155,0.1595,0.1546,0.1581,107395564.0
1644364800,0.1581,0.1602,0.1542,0.1559,125623653.0
1644379200,0.1559,0.1587,0.1542,0.157,104612742.0
1644393600,0.157,0.1581,0.1551,0.1578,83682023.0
1644408000,0.1578,0.1624,0.1573,0.1595,187963386.0
1644422400,0.1595,0.161,0.1584,0.1595,117019417.0
1644436800,0.1595,0.1608,0.1586,0.1594,72940897.0
1644451200,0.1594,0.1607,0.1563,0.1576,89806159.0
1644465600,0.1576,0.158,0.1558,0.1572,99775120.0
1644480000,0.1572,0.1605,0.157,0.1592,101843359.0
1644494400,0.1592,0.1598,0.15,0.1559,399863456.0
1644508800,0.1559,0.1582,0.1534,0.1537,151613248.0
1644523200,0.1537,0.1543,0.151,0.1514,79070663.0
1644537600,0.1514,0.1523,0.1488,0.1521,143779047.0
1644552000,0.1521,0.1528,0.1506,0.1524,55277377.0
1644566400,0.1524,0.1532,0.1506,0.1523,66285406.0
1644580800,0.1523,0.1543,0.1518,0.1526,90976170.0
1644595200,0.1526,0.1531,0.1456,0.1473,164783166.0
1644609600,0.1473,0.1477,0.1419,0.1446,185421837.0
1644624000,0.1446,0.1463,0.1435,0.145,58667251.0
1644638400,0.145,0.1457,0.1402,0.1432,114315294.0
1644652800,0.1432,0.144,0.1404,0.1431,121635631.0
1644667200,0.1431,0.1436,0.1409,0.1433,89224189.0
1644681600,0.1433,0.1475,0.1424,0.1444,115308453.0
1644696000,0.1444,0.1454,0.1416,0.1444,74521528.0
1644710400,0.1444,0.1455,0.1437,0.1442,36555911.0
1644724800,0.1442,0.1459,0.1438,0.1455,49235806.0
1644739200,0.1455,0.1561,0.145,0.1512,382395647.0
1644753600,0.1512,0.158,0.1505,0.1538,385054933.0
1644768000,0.1538,0.1566,0.1504,0.1525,344020673.0
1644782400,0.1525,0.1559,0.1472,0.148,389082344.0
1644796800,0.148,0.1506,0.1435,0.1451,341193334.0
1644811200,0.1451,0.1468,0.1438,0.1459,123858546.0
1644825600,0.1459,0.1464,0.1427,0.1442,126325755.0
1644840000,0.1442,0.1476,0.1434,0.1461,133812234.0
1644854400,0.1461,0.1473,0.143,0.1445,113691788.0
1644868800,0.1445,0.1467,0.1438,0.1457,62602163.0
1644883200,0.1457,0.1495,0.1448,0.1485,135307038.0
1644897600,0.1485,0.1496,0.1472,0.1492,65662309.0
1644912000,0.1492,0.1514,0.149,0.15,152707889.0
1644926400,0.15,0.1507,0.1485,0.1493,95433948.0
1644940800,0.1493,0.1515,0.1488,0.1494,92264582.0
1644955200,0.1494,0.1524,0.1492,0.1517,58867450.0
1644969600,0.1517,0.1517,0.1496,0.15,75440958.0
1644984000,0.15,0.1504,0.1477,0.1502,70562605.0
1644998400,0.1502,0.1507,0.1482,0.1494,59017504.0
1645012800,0.1494,0.1495,0.1462,0.1471,104331946.0
1645027200,0.1471,0.1502,0.1463,0.15,70458370.0
1645041600,0.15,0.1503,0.1483,0.1487,52666908.0
1645056000,0.1487,0.15,0.1478,0.1479,37310817.0
1645070400,0.1479,0.1498,0.1463,0.1492,82023925.0
1645084800,0.1492,0.1496,0.1461,0.1473,90944434.0
1645099200,0.1473,0.148,0.143,0.1442,165744793.0
1645113600,0.1442,0.1449,0.1391,0.1411,197388350.0
1645128000,0.1411,0.1411,0.1368,0.1383,166791093.0
1645142400,0.1383,0.1414,0.1377,0.1409,100390867.0
1645156800,0.1409,0.1422,0.1404,0.1414,48191871.0
1645171200,0.1414,0.1421,0.1394,0.1398,72665297.0
1645185600,0.1398,0.1414,0.1367,0.1379,198943615.0
1645200000,0.1379,0.1395,0.136,0.1395,143621090.0
1645214400,0.1395,0.1397,0.1375,0.1386,56070164.0
1645228800,0.1386,0.1429,0.1384,0.1411,106250077.0
1645243200,0.1411,0.1465,0.141,0.1438,178095517.0
1645257600,0.1438,0.144,0.1393,0.1409,153855518.0
1645272000,0.1409,0.1425,0.1397,0.1413,114172035.0
1645286400,0.1413,0.1429,0.1401,0.1403,84232900.0
1645300800,0.1403,0.1412,0.1395,0.1409,41006257.0
1645315200,0.1409,0.1411,0.1377,0.1386,69171273.0
1645329600,0.1386,0.1391,0.135,0.137,146279917.0
1645344000,0.137,0.1375,0.1353,0.1371,110488883.0
1645358400,0.1371,0.1383,0.1353,0.1371,93651113.0
1645372800,0.1371,0.1378,0.1366,0.1373,36392760.0
1645387200,0.1373,0.1385,0.136,0.1366,52592069.0
1645401600,0.1366,0.14,0.1358,0.1389,100615546.0
1645416000,0.1389,0.1409,0.1389,0.1409,66388810.0
1645430400,0.1409,0.1419,0.1339,0.1351,195067860.0
1645444800,0.1351,0.139,0.1337,0.1377,222711781.0
1645459200,0.1377,0.1385,0.134,0.1356,157649835.0
1645473600,0.1356,0.1359,0.1271,0.1282,261491534.0
1645488000,0.1282,0.13,0.1238,0.1256,206958578.0
1645502400,0.1256,0.1276,0.1245,0.1269,146020660.0
1645516800,0.1269,0.1303,0.1268,0.1293,90138005.0
1645531200,0.1293,0.1314,0.1282,0.1299,121093473.0
1645545600,0.1299,0.1308,0.1282,0.1305,81757410.0
1645560000,0.1305,0.1318,0.1296,0.1313,65080922.0
1645574400,0.1313,0.132,0.1299,0.1305,77030933.0
1645588800,0.1305,0.1327,0.1302,0.1325,73691918.0
1645603200,0.1325,0.1351,0.1321,0.134,108425504.0
1645617600,0.134,0.1356,0.1321,0.1322,102176503.0
1645632000,0.1322,0.1339,0.1294,0.1297,145964168.0
1645646400,0.1297,0.1299,0.1272,0.1273,101657606.0
1645660800,0.1273,0.1277,0.1133,0.1159,476342966.2
1645675200,0.1159,0.1177,0.1065,0.113,795040989.7
1645689600,0.113,0.1151,0.1092,0.1119,297310546.0
1645704000,0.1119,0.1192,0.1103,0.1178,310314276.0
1645718400,0.1178,0.1232,0.1164,0.1231,314298748.0
1645732800,0.1231,0.1268,0.1205,0.1241,264257654.0
1645747200,0.1241,0.125,0.1218,0.1237,139394001.0
1645761600,0.1237,0.1239,0.1211,0.1228,95650019.0
1645776000,0.1228,0.1241,0.1205,0.1238,134130493.0
1645790400,0.1238,0.1277,0.1234,0.1261,205052097.0
1645804800,0.1261,0.1273,0.1231,0.1243,108854431.0
1645819200,0.1243,0.1284,0.1236,0.1276,116428717.0
1645833600,0.1276,0.1306,0.1271,0.1289,164292987.0
1645848000,0.1289,0.1297,0.1263,0.1276,77270280.0
1645862400,0.1276,0.1286,0.1257,0.1266,78217113.0
1645876800,0.1266,0.1281,0.1258,0.127,74410342.0
1645891200,0.127,0.1279,0.1258,0.1273,63800386.0
1645905600,0.1273,0.129,0.1264,0.1276,73232841.0
1645920000,0.1276,0.1283,0.1237,0.1249,114112928.0
1645934400,0.1249,0.126,0.124,0.1254,45262730.0
1645948800,0.1254,0.1276,0.1247,0.1273,81622836.0
1645963200,0.1273,0.1284,0.1239,0.1273,146727541.0
1645977600,0.1273,0.1277,0.1213,0.1218,120394966.0
1645992000,0.1218,0.1244,0.1209,0.1229,127290700.0
1646006400,0.1229,0.1243,0.1213,0.1231,79027311.0
1646020800,0.1231,0.1245,0.1215,0.1241,73060302.0
1646035200,0.1241,0.125,0.1231,0.1239,93176015.0
1646049600,0.1239,0.1297,0.1228,0.1289,185207197.0
1646064000,0.1289,0.1295,0.1268,0.1282,126975533.0
1646078400,0.1282,0.1349,0.1278,0.1335,177339989.0
1646092800,0.1335,0.1345,0.1312,0.1325,152888535.0
1646107200,0.1325,0.1331,0.131,0.1324,76125359.0
1646121600,0.1324,0.1334,0.1297,0.1319,140964043.0
1646136000,0.1319,0.139,0.1318,0.1336,355041368.0
1646150400,0.1336,0.1345,0.1318,0.133,125122338.0
1646164800,0.133,0.1344,0.1323,0.134,75080647.0
1646179200,0.134,0.1356,0.132,0.1349,92878413.0
1646193600,0.1349,0.1353,0.1325,0.1336,78651462.0
1646208000,0.1336,0.1373,0.1325,0.1347,150397238.0
1646222400,0.1347,0.1356,0.1306,0.133,224311318.0
1646236800,0.133,0.134,0.1315,0.1323,69185847.0
1646251200,0.1323,0.1344,0.1321,0.133,57087174.0
1646265600,0.133,0.1338,0.1311,0.1319,82648786.0
1646280000,0.1319,0.1327,0.1305,0.132,76247885.0
1646294400,0.132,0.1327,0.1312,0.1322,58922844.0
1646308800,0.1322,0.1339,0.1284,0.1288,148909574.0
1646323200,0.1288,0.1297,0.1271,0.1291,104198451.0
1646337600,0.1291,0.1302,0.1279,0.1297,52568651.0
1646352000,0.1297,0.1302,0.1248,0.126,130091418.0
1646366400,0.126,0.1282,0.1251,0.1271,102584253.0
1646380800,0.1271,0.1286,0.1253,0.128,80364069.0
1646395200,0.128,0.1286,0.1254,0.1258,127202100.0
1646409600,0.1258,0.1273,0.123,0.1234,105114486.0
1646424000,0.1234,0.1241,0.12,0.1226,114953663.0
1646438400,0.1226,0.1231,0.1209,0.1227,83668814.0
1646452800,0.1227,0.1233,0.1218,0.123,44947437.0
1646467200,0.123,0.1241,0.1225,0.1237,44571016.0
1646481600,0.1237,0.1243,0.1224,0.1235,56105998.0
1646496000,0.1235,0.1256,0.1234,0.1249,63919244.0
1646510400,0.1249,0.1254,0.1243,0.125,30712219.0
1646524800,0.125,0.1256,0.1231,0.1237,32088226.0
1646539200,0.1237,0.125,0.1221,0.1242,72916669.0
1646553600,0.1242,0.1243,0.1214,0.1224,72541281.0
1646568000,0.1224,0.1238,0.122,0.1231,51119251.0
1646582400,0.1231,0.1241,0.1207,0.121,75260739.0
1646596800,0.121,0.1227,0.1193,0.1207,82753204.0
1646611200,0.1207,0.121,0.1181,0.1189,102819416.0
1646625600,0.1189,0.12,0.1185,0.1191,40872078.0
1646640000,0.1191,0.1204,0.1186,0.1201,55843591.0
1646654400,0.1201,0.1226,0.1201,0.1213,87689239.0
1646668800,0.1213,0.1219,0.1149,0.1152,131430936.0
1646683200,0.1152,0.118,0.1132,0.1167,92892083.0
1646697600,0.1167,0.1199,0.1163,0.1189,89872360.0
1646712000,0.1189,0.1195,0.1174,0.1187,69325104.0
1646726400,0.1187,0.12,0.1185,0.1192,75897778.0
1646740800,0.1192,0.1197,0.1159,0.1167,146722028.0
1646755200,0.1167,0.1195,0.1152,0.1175,116981247.0
1646769600,0.1175,0.1179,0.1157,0.117,46636949.0
1646784000,0.117,0.1218,0.1164,0.1211,105187887.0
1646798400,0.1211,0.123,0.1204,0.1225,99912052.0
1646812800,0.1225,0.1245,0.1218,0.1228,106360279.0
1646827200,0.1228,0.1236,0.121,0.1234,108706770.0
1646841600,0.1234,0.1236,0.1206,0.1212,81769636.0
1646856000,0.1212,0.1218,0.1198,0.1215,36380765.0
1646870400,0.1215,0.1219,0.1183,0.1188,94296828.0
1646884800,0.1188,0.1191,0.1153,0.1166,129883691.0
1646899200,0.1166,0.1169,0.1154,0.1167,56331241.0
1646913600,0.1167,0.1184,0.1145,0.117,150909879.0
1646928000,0.117,0.1176,0.1154,0.1169,91961040.0
1646942400,0.1169,0.1174,0.116,0.1169,35113115.0
1646956800,0.1169,0.1169,0.1145,0.1159,74079140.0
1646971200,0.1159,0.1173,0.1148,0.1169,44294669.0
1646985600,0.1169,0.1184,0.1155,0.1177,86710439.0
1647000000,0.1177,0.1186,0.1153,0.1158,82560481.0
1647014400,0.1158,0.1159,0.1146,0.1152,53437106.0
1647028800,0.1152,0.1166,0.1137,0.1155,66475889.0
1647043200,0.1155,0.1173,0.1153,0.1163,42714835.0
1647057600,0.1163,0.1171,0.1159,0.1169,29024971.0
1647072000,0.1169,0.117,0.1155,0.1161,33865698.0
1647086400,0.1161,0.1167,0.1153,0.1161,40724185.0
1647100800,0.1161,0.1166,0.1156,0.1157,31759783.0
1647115200,0.1157,0.1161,0.1146,0.1147,36599903.0
1647129600,0.1147,0.1161,0.1141,0.1159,65247656.0
1647144000,0.1159,0.1164,0.1153,0.1155,32389216.0
1647158400,0.1155,0.1159,0.1145,0.1149,34018554.0
1647172800,0.1149,0.1153,0.1106,0.1148,134419718.0
1647187200,0.1148,0.1149,0.1137,0.1138,30092577.0
1647201600,0.1138,0.1138,0.1099,0.1114,105772294.0
1647216000,0.1114,0.112,0.1102,0.1113,54553143.0
1647230400,0.1113,0.122,0.1113,0.115,525375812.0
1647244800,0.115,0.1167,0.1144,0.1149,93892139.0
1647259200,0.1149,0.1152,0.1123,0.1132,105190268.0
1647273600,0.1132,0.1135,0.1114,0.1122,107963611.0
1647288000,0.1122,0.1146,0.1118,0.1139,61749563.0
1647302400,0.1139,0.1143,0.1118,0.1125,91249021.0
1647316800,0.1125,0.1129,0.1101,0.1115,64638319.0
1647331200,0.1115,0.1124,0.1108,0.1116,48144818.0
1647345600,0.1116,0.1128,0.1108,0.112,97396540.0
1647360000,0.112,0.1141,0.1117,0.1132,68914565.0
1647374400,0.1132,0.1139,0.1122,0.1126,46696516.0
1647388800,0.1126,0.1161,0.1121,0.1128,145024464.0
1647403200,0.1128,0.1137,0.1122,0.1137,52157430.0
1647417600,0.1137,0.115,0.1136,0.114,73841965.0
1647432000,0.114,0.116,0.1132,0.1147,69600626.0
1647446400,0.1147,0.1161,0.1123,0.1158,137233995.0
1647460800,0.1158,0.1171,0.1155,0.1171,52366226.0
1647475200,0.1171,0.1177,0.1161,0.1169,70530839.0
1647489600,0.1169,0.1194,0.1164,0.117,139151981.0
1647504000,0.117,0.1176,0.1158,0.1168,49461450.0
1647518400,0.1168,0.118,0.1166,0.1169,88486426.0
1647532800,0.1169,0.1174,0.1164,0.1168,33303320.0
1647547200,0.1168,0.1173,0.116,0.1163,48182944.0
1647561600,0.1163,0.1168,0.1146,0.1151,79343080.0
1647576000,0.1151,0.1162,0.1147,0.1149,39726025.0
1647590400,0.1149,0.1154,0.1142,0.1147,63679974.0
1647604800,0.1147,0.1162,0.1145,0.1162,73315064.0
1647619200,0.1162,0.1195,0.116,0.1188,106628656.0
1647633600,0.1188,0.1196,0.1181,0.1191,60782121.0
1647648000,0.1191,0.1205,0.1183,0.1187,86795200.0
1647662400,0.1187,0.1195,0.1186,0.1195,70059732.0
1647676800,0.1195,0.1225,0.1193,0.1217,143337711.0
1647691200,0.1217,0.1251,0.1213,0.1242,197889511.0
1647705600,0.1242,0.1244,0.1225,0.1232,96397217.0
1647720000,0.1232,0.1243,0.1216,0.1236,84232041.0
1647734400,0.1236,0.1241,0.1217,0.1223,71261909.0
1647748800,0.1223,0.123,0.122,0.1226,31947592.0
1647763200,0.1226,0.1227,0.1201,0.1204,77067658.0
1647777600,0.1204,0.1206,0.1185,0.1188,128665959.0
1647792000,0.1188,0.1197,0.1174,0.119,73962243.0
1647806400,0.119,0.1198,0.1185,0.1191,42808064.0
1647820800,0.1191,0.1209,0.1176,0.1194,71277922.0
1647835200,0.1194,0.1211,0.1192,0.1205,47213957.0
1647849600,0.1205,0.1217,0.1197,0.1206,47205390.0
1647864000,0.1206,0.1208,0.1181,0.1196,107745906.0
1647878400,0.1196,0.1198,0.1181,0.1195,96370724.0
1647892800,0.1195,0.1199,0.1188,0.1192,33882604.0
1647907200,0.1192,0.1226,0.1186,0.1217,115758463.0
1647921600,0.1217,0.1239,0.1216,0.1226,128439331.0
1647936000,0.1226,0.1245,0.1223,0.1239,117845627.0
1647950400,0.1239,0.1257,0.1228,0.1232,162861535.0
1647964800,0.1232,0.1235,0.1221,0.1221,55660385.0
1647979200,0.1221,0.1236,0.122,0.1224,60130477.0
1647993600,0.1224,0.1233,0.121,0.1217,79381218.0
1648008000,0.1217,0.1222,0.121,0.122,58134963.0
1648022400,0.122,0.1226,0.1215,0.1224,65513707.0
1648036800,0.1224,0.1261,0.1217,0.1252,175134257.0
1648051200,0.1252,0.1314,0.1244,0.1271,595933602.0
1648065600,0.1271,0.13,0.1271,0.1298,162582013.0
1648080000,0.1298,0.1384,0.1277,0.1365,672187608.0
1648094400,0.1365,0.137,0.134,0.1358,249668424.0
1648108800,0.1358,0.1413,0.1353,0.138,523858432.0
1648123200,0.138,0.1387,0.1326,0.1365,418688175.0
1648137600,0.1365,0.1387,0.1344,0.1367,203226282.0
1648152000,0.1367,0.1379,0.1358,0.1368,100974446.0
1648166400,0.1368,0.1375,0.1345,0.1355,155886591.0
1648180800,0.1355,0.1373,0.1344,0.1348,129930726.0
1648195200,0.1348,0.1362,0.1319,0.1358,204673567.0
1648209600,0.1358,0.1377,0.1316,0.1323,283446527.0
1648224000,0.1323,0.1328,0.1274,0.1313,350047657.0
1648238400,0.1313,0.1318,0.1303,0.1308,67964080.0
1648252800,0.1308,0.132,0.1289,0.1312,125337749.0
1648267200,0.1312,0.1339,0.1309,0.133,101653388.0
1648281600,0.133,0.1345,0.1324,0.1328,115247672.0
1648296000,0.1328,0.1335,0.1314,0.1327,136153206.0
1648310400,0.1327,0.1369,0.1319,0.1352,225300022.0
1648324800,0.1352,0.1366,0.1345,0.136,76636872.0
1648339200,0.136,0.1422,0.1354,0.1411,300865365.0
1648353600,0.1411,0.1432,0.1395,0.1399,276365982.0
1648368000,0.1399,0.1428,0.1386,0.1395,269739091.0
1648382400,0.1395,0.1401,0.1361,0.1392,236703653.0
1648396800,0.1392,0.1438,0.1389,0.1402,401841098.0
1648411200,0.1402,0.1456,0.1385,0.1448,379295053.0
1648425600,0.1448,0.1503,0.1431,0.1488,440879745.0
1648440000,0.1488,0.1507,0.1477,0.1492,256063549.0
1648454400,0.1492,0.1512,0.1482,0.1492,248576480.0
1648468800,0.1492,0.1537,0.148,0.1494,429668244.0
1648483200,0.1494,0.1522,0.148,0.1507,244203023.0
1648497600,0.1507,0.1517,0.1406,0.1425,286328553.0
1648512000,0.1425,0.1463,0.142,0.1446,201453354.0
1648526400,0.1446,0.1474,0.1435,0.1454,135200080.0
1648540800,0.1454,0.1478,0.1453,0.1476,146418463.0
1648555200,0.1476,0.1489,0.1429,0.1433,303472017.0
1648569600,0.1433,0.1461,0.1404,0.1454,256878231.0
1648584000,0.1454,0.1459,0.1419,0.1444,129796554.0
1648598400,0.1444,0.1444,0.1379,0.1425,243895816.0
1648612800,0.1425,0.145,0.1411,0.1442,133154547.0
1648627200,0.1442,0.1456,0.1425,0.1436,180573298.0
1648641600,0.1436,0.1439,0.1403,0.1425,255855540.0
1648656000,0.1425,0.1447,0.1414,0.1433,221222674.0
1648670400,0.1433,0.1439,0.1422,0.1432,96312373.0
1648684800,0.1432,0.146,0.1424,0.1446,144647702.0
1648699200,0.1446,0.1474,0.144,0.1473,157513605.0
1648713600,0.1473,0.148,0.1444,0.1453,169611352.0
1648728000,0.1453,0.1463,0.1387,0.1412,548441680.0
1648742400,0.1412,0.1413,0.1374,0.1381,319606321.0
1648756800,0.1381,0.1397,0.1359,0.1381,125178745.0
1648771200,0.1381,0.1395,0.132,0.135,341031808.0
1648785600,0.135,0.1366,0.1341,0.1365,94723114.0
1648800000,0.1365,0.1371,0.1357,0.1363,110611010.0
1648814400,0.1363,0.1406,0.1349,0.1399,225362822.0
1648828800,0.1399,0.1414,0.1385,0.1413,139321996.0
1648843200,0.1413,0.143,0.1397,0.1413,119205463.0
1648857600,0.1413,0.1441,0.1404,0.1428,159695825.0
1648872000,0.1428,0.144,0.1426,0.1434,91158713.0
1648886400,0.1434,0.1439,0.1428,0.1431,75534358.0
1648900800,0.1431,0.1445,0.1393,0.1404,245523367.0
1648915200,0.1404,0.1416,0.1378,0.1397,159134398.0
1648929600,0.1397,0.1409,0.1382,0.1387,73949806.0
1648944000,0.1387,0.1402,0.1362,0.1392,136337597.0
1648958400,0.1392,0.1421,0.1389,0.1411,99927415.0
1648972800,0.1411,0.1414,0.1395,0.1405,77367355.0
1648987200,0.1405,0.1496,0.1402,0.1455,517903388.0
1649001600,0.1455,0.1468,0.1438,0.1453,218458665.0
1649016000,0.1453,0.1489,0.145,0.1466,179294149.0
1649030400,0.1466,0.1468,0.1427,0.1446,306113321.0
1649044800,0.1446,0.1463,0.1436,0.1441,126891230.0
1649059200,0.1441,0.1567,0.1413,0.155,961841430.0
1649073600,0.155,0.1552,0.1426,0.1439,756879230.0
1649088000,0.1439,0.1458,0.1412,0.1446,312415634.0
1649102400,0.1446,0.1508,0.144,0.1485,238918115.0
1649116800,0.1485,0.1526,0.1471,0.1503,372412830.0
1649131200,0.1503,0.1551,0.1494,0.1529,373179990.0
1649145600,0.1529,0.1556,0.1495,0.1519,455002830.0
1649160000,0.1519,0.1641,0.1515,0.1617,2000721987.0
1649174400,0.1617,0.1796,0.16,0.1668,2355297622.0
1649188800,0.1668,0.1747,0.1632,0.1727,897725540.0
1649203200,0.1727,0.1748,0.1581,0.1601,1473240329.0
1649217600,0.1601,0.1665,0.1585,0.1608,644436368.0
1649232000,0.1608,0.1622,0.1512,0.1534,924629529.0
1649246400,0.1534,0.1549,0.146,0.1497,990051735.0
1649260800,0.1497,0.1505,0.141,0.1466,770642207.0
1649275200,0.1466,0.1476,0.1423,0.1433,318714617.0
1649289600,0.1433,0.1459,0.14,0.1427,424643783.0
1649304000,0.1427,0.1468,0.1425,0.1457,239514552.0
1649318400,0.1457,0.1483,0.1445,0.1472,442350759.0
1649332800,0.1472,0.1475,0.1407,0.1427,435752951.0
1649347200,0.1427,0.1458,0.1415,0.1445,229515915.0
1649361600,0.1445,0.1468,0.1426,0.1459,129545980.0
1649376000,0.1459,0.1514,0.1451,0.1501,418059216.0
1649390400,0.1501,0.1534,0.1488,0.1513,401728604.0
1649404800,0.1513,0.1522,0.1445,0.1452,355653319.0
1649419200,0.1452,0.1502,0.1431,0.1482,470638734.0
1649433600,0.1482,0.1487,0.1431,0.1455,341756899.0
1649448000,0.1455,0.1463,0.1404,0.1424,231303350.0
1649462400,0.1424,0.1435,0.1405,0.1422,145073575.0
1649476800,0.1422,0.1438,0.1418,0.1437,92999528.0
1649491200,0.1437,0.1439,0.1415,0.143,104657214.0
1649505600,0.143,0.1445,0.1423,0.1427,130999485.0
1649520000,0.1427,0.1444,0.1425,0.143,75488046.0
1649534400,0.143,0.1446,0.1426,0.1442,49489146.0
1649548800,0.1442,0.154,0.1435,0.1498,586318021.0
1649563200,0.1498,0.1501,0.147,0.1487,173950153.0
1649577600,0.1487,0.1506,0.147,0.1496,250308011.0
1649592000,0.1496,0.1578,0.1485,0.1537,786501585.0
1649606400,0.1537,0.1577,0.1524,0.1566,381710299.0
1649620800,0.1566,0.1574,0.1472,0.1482,474593480.0
1649635200,0.1482,0.1515,0.1447,0.1463,411331579.0
1649649600,0.1463,0.1477,0.145,0.146,195476171.0
1649664000,0.146,0.1466,0.1387,0.1405,550950308.0
1649678400,0.1405,0.1427,0.1394,0.1399,326742246.0
1649692800,0.1399,0.1411,0.1372,0.1384,261293342.0
1649707200,0.1384,0.1387,0.1329,0.1341,332150893.0
1649721600,0.1341,0.1361,0.1332,0.1359,177833233.0
1649736000,0.1359,0.1395,0.1353,0.139,151741790.0
1649750400,0.139,0.1427,0.1378,0.142,203495514.0
1649764800,0.142,0.1446,0.1375,0.1397,462360239.0
1649779200,0.1397,0.1405,0.1346,0.1352,260016435.0
1649793600,0.1352,0.1385,0.1349,0.138,177520854.0
1649808000,0.138,0.1435,0.1371,0.1405,269791102.0
1649822400,0.1405,0.1416,0.1395,0.1407,108997811.0
1649836800,0.1407,0.1413,0.1372,0.1377,139385617.0
1649851200,0.1377,0.141,0.1362,0.1398,260401783.0
1649865600,0.1398,0.1416,0.1391,0.1397,142150585.0
1649880000,0.1397,0.1405,0.1392,0.1399,62160420.0
1649894400,0.1399,0.1424,0.1396,0.1412,119994795.0
1649908800,0.1412,0.1416,0.1387,0.1398,107595257.0
1649923200,0.1398,0.1478,0.1368,0.1451,869095548.0
1649937600,0.1451,0.146,0.1386,0.1392,482361949.0
1649952000,0.1392,0.1455,0.1387,0.141,408199227.0
1649966400,0.141,0.1451,0.1398,0.1441,230851474.0
1649980800,0.1441,0.1447,0.1418,0.144,161938186.0
1649995200,0.144,0.1474,0.1431,0.1465,307988501.0
1650009600,0.1465,0.1498,0.145,0.1478,368246389.0
1650024000,0.1478,0.1483,0.1445,0.1469,331173227.0
1650038400,0.1469,0.147,0.1449,0.1454,150720780.0
1650052800,0.1454,0.1464,0.1439,0.1458,94007483.0
1650067200,0.1458,0.148,0.1456,0.1468,126026244.0
1650081600,0.1468,0.1471,0.1452,0.1454,84728652.0
1650096000,0.1454,0.146,0.1427,0.1439,153311416.0
1650110400,0.1439,0.1449,0.1414,0.1419,196186896.0
1650124800,0.1419,0.1427,0.1416,0.1423,92403532.0
1650139200,0.1423,0.1446,0.1421,0.1435,94545236.0
1650153600,0.1435,0.144,0.1422,0.1428,78032209.0
1650168000,0.1428,0.1446,0.1427,0.1441,49127925.0
1650182400,0.1441,0.1446,0.1434,0.1439,66367266.0
1650196800,0.1439,0.145,0.143,0.1441,78768361.0
1650211200,0.1441,0.1443,0.1404,0.142,139069696.0
1650225600,0.142,0.145,0.1383,0.1392,281831258.0
1650240000,0.1392,0.1405,0.1388,0.14,108151065.0
1650254400,0.14,0.1401,0.1327,0.1347,427877085.0
1650268800,0.1347,0.1363,0.1337,0.1352,139386506.0
1650283200,0.1352,0.1373,0.1351,0.1359,194566614.0
1650297600,0.1359,0.1398,0.1342,0.1383,250118338.0
1650312000,0.1383,0.1405,0.1383,0.1402,99107727.0
1650326400,0.1402,0.1415,0.1392,0.1396,116005001.0
1650340800,0.1396,0.1404,0.1391,0.1393,72158717.0
1650355200,0.1393,0.141,0.1392,0.1397,108886465.0
1650369600,0.1397,0.1446,0.1397,0.1429,256751396.0
1650384000,0.1429,0.1445,0.1411,0.1424,172696751.0
1650398400,0.1424,0.1429,0.1412,0.1425,84888107.0
1650412800,0.1425,0.1443,0.1405,0.1431,166406055.0
1650427200,0.1431,0.1468,0.1427,0.1446,375286321.0
1650441600,0.1446,0.1464,0.1443,0.1457,191390384.0
1650456000,0.1457,0.1461,0.1405,0.1414,319684879.0
1650470400,0.1414,0.1424,0.1389,0.1407,203220813.0
1650484800,0.1407,0.1424,0.14,0.1407,131133539.0
1650499200,0.1407,0.142,0.1404,0.1409,115689524.0
1650513600,0.1409,0.1412,0.1386,0.1404,137527171.0
1650528000,0.1404,0.1419,0.1392,0.1409,136718836.0
1650542400,0.1409,0.143,0.1402,0.1406,170513581.0
1650556800,0.1406,0.1408,0.1374,0.1378,127615403.0
1650571200,0.1378,0.1381,0.134,0.1362,185655756.0
1650585600,0.1362,0.1373,0.1357,0.1366,106531580.0
1650600000,0.1366,0.1382,0.1363,0.1377,101512706.0
1650614400,0.1377,0.1379,0.1354,0.1371,95993014.0
1650628800,0.1371,0.1375,0.1346,0.1352,155301041.0
1650643200,0.1352,0.1367,0.1348,0.1358,68998348.0
1650657600,0.1358,0.1369,0.1352,0.1363,43839048.0
1650672000,0.1363,0.1368,0.1345,0.1348,66649543.0
1650686400,0.1348,0.135,0.1333,0.1348,66760774.0
1650700800,0.1348,0.1357,0.1345,0.1353,54081415.0
1650715200,0.1353,0.1356,0.1345,0.1354,49144705.0
1650729600,0.1354,0.136,0.1348,0.1356,45422650.0
1650744000,0.1356,0.1358,0.1331,0.1339,55632062.0
1650758400,0.1339,0.1348,0.1333,0.1342,76629144.0
1650772800,0.1342,0.1348,0.1339,0.1344,41187628.0
1650787200,0.1344,0.1346,0.1324,0.1328,62147466.0
1650801600,0.1328,0.1336,0.1314,0.1331,161234369.0
1650816000,0.1331,0.1334,0.1309,0.1323,144762612.0
1650830400,0.1323,0.1327,0.1316,0.1317,35803568.0
1650844800,0.1317,0.132,0.1247,0.1287,280679587.0
1650859200,0.1287,0.129,0.1224,0.124,195907452.0
1650873600,0.124,0.14,0.1232,0.1396,963061707.0
1650888000,0.1396,0.142,0.1372,0.1389,1330782910.0
1650902400,0.1389,0.1711,0.1387,0.1621,3190860146.0
1650916800,0.1621,0.1672,0.1524,0.1581,1725921060.0
1650931200,0.1581,0.1589,0.1489,0.1537,918081443.0
1650945600,0.1537,0.1629,0.1535,0.1611,1361809492.0
1650960000,0.1611,0.1668,0.1573,0.1594,1214464316.0
1650974400,0.1594,0.1613,0.1456,0.1465,1601621043.0
1650988800,0.1465,0.1499,0.1385,0.1406,1305115233.0
1651003200,0.1406,0.1427,0.1354,0.1376,592800476.0
1651017600,0.1376,0.1415,0.135,0.1401,452719462.0
1651032000,0.1401,0.1445,0.1395,0.1445,406832701.0
1651046400,0.1445,0.1456,0.1375,0.1397,499026898.0
1651060800,0.1397,0.1435,0.1365,0.14,573486212.0
1651075200,0.14,0.1421,0.1381,0.1384,301505822.0
1651089600,0.1384,0.1402,0.1376,0.14,161744177.0
1651104000,0.14,0.1433,0.1391,0.1393,303415613.0
1651118400,0.1393,0.1408,0.1383,0.1396,190189113.0
1651132800,0.1396,0.1413,0.1391,0.1402,220875166.0
1651147200,0.1402,0.1407,0.1352,0.1376,482662115.0
1651161600,0.1376,0.1394,0.1369,0.1377,187605772.0
1651176000,0.1377,0.1388,0.1356,0.1375,122896702.0
1651190400,0.1375,0.1425,0.1359,0.1416,289556830.0
1651204800,0.1416,0.1451,0.14,0.1408,544086833.0
1651219200,0.1408,0.141,0.1354,0.138,311010241.0
1651233600,0.138,0.1414,0.1372,0.1384,293956138.0
1651248000,0.1384,0.139,0.1331,0.1343,421481629.0
1651262400,0.1343,0.1361,0.1335,0.1349,142870414.0
1651276800,0.1349,0.1362,0.1346,0.1358,116165764.0
1651291200,0.1358,0.1368,0.1351,0.1354,88110118.0
1651305600,0.1354,0.1357,0.1345,0.1348,104231658.0
1651320000,0.1348,0.1353,0.1311,0.1332,237252110.0
1651334400,0.1332,0.1344,0.1308,0.1326,164055051.0
1651348800,0.1326,0.1327,0.1238,0.1274,546718333.0
1651363200,0.1274,0.1308,0.126,0.1301,273059880.0
1651377600,0.1301,0.1366,0.1288,0.1318,350638425.0
1651392000,0.1318,0.1327,0.1302,0.1309,142212441.0
1651406400,0.1309,0.1342,0.1304,0.1336,168354363.0
1651420800,0.1336,0.1346,0.1296,0.1306,178455925.0
1651435200,0.1306,0.1335,0.1295,0.1327,95499004.0
1651449600,0.1327,0.134,0.1313,0.1321,95547448.0
1651464000,0.1321,0.1339,0.1317,0.1319,108020993.0
1651478400,0.1319,0.1321,0.1297,0.13,127933121.0
1651492800,0.13,0.1321,0.1287,0.1305,235968643.0
1651507200,0.1305,0.1312,0.1276,0.1308,148219884.0
1651521600,0.1308,0.1323,0.1302,0.1308,75431114.0
1651536000,0.1308,0.132,0.1303,0.1314,78494499.0
1651550400,0.1314,0.132,0.1307,0.1312,71657702.0
1651564800,0.1312,0.1315,0.1296,0.1312,87599684.0
1651579200,0.1312,0.1313,0.1292,0.1304,98034704.0
1651593600,0.1304,0.1306,0.1264,0.1275,163159609.0
1651608000,0.1275,0.13,0.127,0.1295,104037729.0
1651622400,0.1295,0.1307,0.1293,0.1296,100012905.0
1651636800,0.1296,0.131,0.129,0.1309,99992881.0
1651651200,0.1309,0.1338,0.1305,0.1325,207393500.0
1651665600,0.1325,0.1326,0.1295,0.1309,153924107.0
1651680000,0.1309,0.1352,0.1299,0.1343,303457697.0
1651694400,0.1343,0.1363,0.134,0.1359,135144367.0
1651708800,0.1359,0.1378,0.1351,0.137,153206215.0
1651723200,0.137,0.137,0.1336,0.1346,117597915.0
1651737600,0.1346,0.1358,0.1335,0.1345,120700754.0
1651752000,0.1345,0.1375,0.125,0.1274,778606271.0
1651766400,0.1274,0.1295,0.126,0.1293,385725192.0
1651780800,0.1293,0.1301,0.1275,0.1282,107892860.0
1651795200,0.1282,0.1287,0.1268,0.1283,97795610.0
1651809600,0.1283,0.1296,0.1252,0.1271,138235632.0
1651824000,0.1271,0.1287,0.1252,0.1264,189255055.0
1651838400,0.1264,0.1283,0.1234,0.1265,302581041.0
1651852800,0.1265,0.1277,0.1258,0.1268,84321043.0
1651867200,0.1268,0.1299,0.1264,0.1278,107031018.0
1651881600,0.1278,0.1289,0.1261,0.1279,137076204.0
1651896000,0.1279,0.1283,0.1265,0.1277,117421017.0
1651910400,0.1277,0.1287,0.1271,0.128,106801242.0
1651924800,0.128,0.1324,0.1275,0.1318,195104805.0
1651939200,0.1318,0.1319,0.1283,0.129,141085710.0
1651953600,0.129,0.1293,0.1245,0.1275,215944625.0
1651968000,0.1275,0.1283,0.1242,0.1264,238728150.0
1651982400,0.1264,0.1268,0.1246,0.1259,100501701.0
1651996800,0.1259,0.1265,0.1247,0.126,69619890.0
1652011200,0.126,0.1265,0.1241,0.1252,95340124.0
1652025600,0.1252,0.1263,0.1226,0.1258,193338326.0
1652040000,0.1258,0.1261,0.1238,0.1241,72759266.0
1652054400,0.1241,0.1253,0.1209,0.122,197457272.0
1652068800,0.122,0.1231,0.1204,0.1212,99442469.0
1652083200,0.1212,0.1218,0.1145,0.1176,417232204.0
1652097600,0.1176,0.1197,0.1125,0.1139,382441245.0
1652112000,0.1139,0.1146,0.105,0.1078,721728768.8
1652126400,0.1078,0.1114,0.1001,0.1019,284469049.5
1652140800,0.1019,0.1092,0.0992,0.1075,721835451.5
1652155200,0.1075,0.1159,0.107,0.1126,328470014.0
1652169600,0.1126,0.1169,0.1121,0.1155,182922035.0
1652184000,0.1155,0.1184,0.1097,0.1123,318343737.0
1652198400,0.1123,0.1142,0.1102,0.1108,148459535.0
1652212800,0.1108,0.111,0.1051,0.108,229966548.0
1652227200,0.108,0.1109,0.1059,0.1091,254680958.0
1652241600,0.1091,0.11,0.1012,0.1037,425111804.0
1652256000,0.1037,0.109,0.1003,0.101,528054424.0
1652270400,0.101,0.1038,0.0711,0.0894,2307290502.9
1652284800,0.0894,0.0911,0.0824,0.0838,647282103.0
1652299200,0.0838,0.0868,0.0781,0.0853,536187776.0
1652313600,0.0853,0.0899,0.0789,0.0789,582985755.0
1652328000,0.0789,0.0797,0.0689,0.0781,1347476882.0
1652342400,0.0781,0.0808,0.0743,0.0777,550664012.0
1652356800,0.0777,0.085,0.0749,0.0818,683375290.0
1652371200,0.0818,0.0883,0.0805,0.082,482325985.0
1652385600,0.082,0.0879,0.078,0.0826,452862377.0
1652400000,0.0826,0.0951,0.082,0.0933,671426507.0
1652414400,0.0933,0.0953,0.0903,0.0905,435226323.0
1652428800,0.0905,0.0964,0.0868,0.0931,551639034.0
1652443200,0.0931,0.0944,0.0888,0.0898,479997732.0
1652457600,0.0898,0.0912,0.0876,0.0899,283057171.0
1652472000,0.0899,0.0919,0.0873,0.0881,149999939.0
1652486400,0.0881,0.092,0.088,0.0898,199382445.0
1652500800,0.0898,0.0916,0.0882,0.0896,213856466.0
1652515200,0.0896,0.0905,0.0857,0.0872,275938836.0
1652529600,0.0872,0.0877,0.0836,0.0849,246761254.0
1652544000,0.0849,0.0886,0.0838,0.0871,189219053.0
1652558400,0.0871,0.0901,0.0867,0.0894,87205020.0
1652572800,0.0894,0.0906,0.0867,0.0874,124274380.0
1652587200,0.0874,0.09,0.0864,0.0882,239213297.0
1652601600,0.0882,0.0902,0.0869,0.0899,105675030.0
1652616000,0.0899,0.0907,0.0877,0.0888,121029569.0
1652630400,0.0888,0.0911,0.0885,0.0909,84913225.0
1652644800,0.0909,0.0933,0.0903,0.0932,123922569.0
1652659200,0.0932,0.0932,0.0892,0.0902,119616271.0
1652673600,0.0902,0.0908,0.0865,0.0874,146096064.0
1652688000,0.0874,0.0886,0.0859,0.0878,113372181.0
1652702400,0.0878,0.0887,0.0858,0.0871,129974826.0
1652716800,0.0871,0.0881,0.086,0.0872,77929778.0
1652731200,0.0872,0.0889,0.087,0.088,87857050.0
1652745600,0.088,0.0903,0.0879,0.0899,131963086.0
1652760000,0.0899,0.0906,0.0888,0.0895,71196644.0
1652774400,0.0895,0.0909,0.0891,0.0893,69828259.0
1652788800,0.0893,0.0914,0.0883,0.0891,143898977.0
1652803200,0.0891,0.0903,0.0869,0.0895,160301337.0
1652817600,0.0895,0.0908,0.0892,0.0903,55391179.0
1652832000,0.0903,0.091,0.0884,0.0887,58291574.0
1652846400,0.0887,0.0896,0.0882,0.0887,64754143.0
1652860800,0.0887,0.0893,0.0881,0.0886,59495786.0
1652875200,0.0886,0.0889,0.0844,0.085,191324954.0
1652889600,0.085,0.0861,0.0841,0.0858,114948443.0
1652904000,0.0858,0.0859,0.0831,0.0833,63189043.0
1652918400,0.0833,0.0849,0.0814,0.0845,127712372.0
1652932800,0.0845,0.0855,0.0838,0.0845,72411651.0
1652947200,0.0845,0.0853,0.0825,0.0852,86277281.0
1652961600,0.0852,0.0874,0.0845,0.0868,141132717.0
1652976000,0.0868,0.0876,0.0857,0.0859,73257264.0
1652990400,0.0859,0.0874,0.0854,0.0866,36862737.0
1653004800,0.0866,0.088,0.086,0.0865,71635339.0
1653019200,0.0865,0.0871,0.0853,0.086,83234660.0
1653033600,0.086,0.0874,0.0858,0.0871,67780298.0
1653048000,0.0871,0.0873,0.083,0.0836,134408882.0
1653062400,0.0836,0.0843,0.0825,0.084,82227991.0
1653076800,0.084,0.0847,0.0836,0.084,55355055.0
1653091200,0.084,0.0844,0.0824,0.0844,50828501.0
1653105600,0.0844,0.0847,0.0836,0.0843,28193243.0
1653120000,0.0843,0.0846,0.0836,0.084,20300081.0
1653134400,0.084,0.0855,0.0836,0.0851,38810608.0
1653148800,0.0851,0.0854,0.0842,0.0846,36291301.0
1653163200,0.0846,0.0849,0.0839,0.0845,25749493.0
1653177600,0.0845,0.085,0.0842,0.0846,20800217.0
1653192000,0.0846,0.0846,0.0838,0.0846,21522695.0
1653206400,0.0846,0.0867,0.0845,0.0854,61773295.0
1653220800,0.0854,0.0865,0.0848,0.085,52561847.0
1653235200,0.085,0.0855,0.0845,0.0849,30646655.0
1653249600,0.0849,0.0865,0.0849,0.0859,24735451.0
1653264000,0.0859,0.0864,0.0852,0.0856,36036640.0
1653278400,0.0856,0.0884,0.0855,0.0878,77949026.0
1653292800,0.0878,0.088,0.0867,0.0876,53544966.0
1653307200,0.0876,0.0884,0.0857,0.0872,114983186.0
1653321600,0.0872,0.088,0.0836,0.0837,121324388.0
1653336000,0.0837,0.0849,0.0821,0.0833,87281419.0
1653350400,0.0833,0.0843,0.0829,0.0842,40922146.0
1653364800,0.0842,0.0844,0.0834,0.0841,33116538.0
1653379200,0.0841,0.0842,0.0825,0.0836,60514511.0
1653393600,0.0836,0.0839,0.0801,0.0828,120459757.0
1653408000,0.0828,0.0834,0.0819,0.083,64908339.0
1653422400,0.083,0.0839,0.0827,0.0837,39794887.0
1653436800,0.0837,0.0845,0.0825,0.084,57496581.0
1653451200,0.084,0.0841,0.0825,0.0829,45912005.0
1653465600,0.0829,0.0835,0.0821,0.0825,65478535.0
1653480000,0.0825,0.0836,0.0822,0.0831,109809432.0
1653494400,0.0831,0.0837,0.0823,0.0829,95306563.0
1653508800,0.0829,0.0838,0.0828,0.083,43144474.0
1653523200,0.083,0.0837,0.0826,0.0831,39844573.0
1653537600,0.0831,0.0831,0.0801,0.0806,107782465.0
1653552000,0.0806,0.0807,0.0766,0.0779,165903413.0
1653566400,0.0779,0.0798,0.075,0.0795,235606148.0
1653580800,0.0795,0.0806,0.0783,0.0783,98893351.0
1653595200,0.0783,0.083,0.0777,0.0779,215731895.0
1653609600,0.0779,0.0789,0.0765,0.0784,149667892.0
1653624000,0.0784,0.0787,0.076,0.0776,110366409.0
1653638400,0.0776,0.0784,0.077,0.0777,76031428.0
1653652800,0.0777,0.09,0.0773,0.0834,994456879.0
1653667200,0.0834,0.0848,0.0786,0.0802,486156998.0
1653681600,0.0802,0.0827,0.0798,0.0816,138766030.0
1653696000,0.0816,0.0831,0.0808,0.082,145591716.0
1653710400,0.082,0.0834,0.0817,0.0821,82849148.0
1653724800,0.0821,0.0826,0.0808,0.0812,137549756.0
1653739200,0.0812,0.0826,0.0809,0.0818,71289397.0
1653753600,0.0818,0.0827,0.0813,0.0817,65863338.0
1653768000,0.0817,0.0823,0.0811,0.0818,36026406.0
1653782400,0.0818,0.0822,0.0798,0.0806,73683560.0
1653796800,0.0806,0.0814,0.0805,0.0811,40044989.0
1653811200,0.0811,0.0826,0.0809,0.0823,65312946.0
1653825600,0.0823,0.0833,0.0818,0.0819,99786775.0
1653840000,0.0819,0.0825,0.0815,0.0817,38849438.0
1653854400,0.0817,0.0831,0.0816,0.0827,50920492.0
1653868800,0.0827,0.0851,0.0821,0.0844,113859808.0
1653883200,0.0844,0.0865,0.084,0.08573,190790013.0
1653897600,0.08573,0.0859,0.0847,0.08526,207703575.0
1653912000,0.08526,0.08577,0.08391,0.08505,211902828.0
1653926400,0.08505,0.08561,0.08483,0.0851,113338047.0
1653940800,0.0851,0.08857,0.08492,0.088,372771511.0
1653955200,0.088,0.0885,0.0866,0.0876,212729703.0
1653969600,0.0876,0.08783,0.08536,0.0864,174567197.0
1653984000,0.0864,0.0869,0.08556,0.08626,132378731.0
1653998400,0.08626,0.08639,0.08308,0.08558,282652335.0
1654012800,0.08558,0.08715,0.08483,0.08603,355765273.0
1654027200,0.08603,0.08659,0.08562,0.08591,222881980.0
1654041600,0.08591,0.08708,0.08533,0.08552,315854885.0
1654056000,0.08552,0.08612,0.08522,0.0854,179150932.0
1654070400,0.0854,0.08952,0.08529,0.08679,333487268.0
1654084800,0.08679,0.08782,0.08397,0.08411,590168869.0
1654099200,0.08411,0.08413,0.0812,0.08184,441740436.0
1654113600,0.08184,0.08197,0.07872,0.08105,251512035.0
1654128000,0.08105,0.08115,0.08001,0.08066,216101087.0
1654142400,0.08066,0.08164,0.08028,0.08134,120756896.0
1654156800,0.08134,0.08226,0.08082,0.08214,129017783.0
1654171200,0.08214,0.08231,0.08018,0.08188,250268295.0
1654185600,0.08188,0.08267,0.08166,0.08216,138755624.0
1654200000,0.08216,0.08313,0.08209,0.08277,96035554.0
1654214400,0.08277,0.08296,0.08228,0.08277,86156323.0
1654228800,0.08277,0.08279,0.08187,0.08197,88505397.0
1654243200,0.08197,0.08225,0.07983,0.08075,166072755.0
1654257600,0.08075,0.08158,0.07936,0.08003,235970159.0
1654272000,0.08003,0.08074,0.07962,0.08069,78112964.0
1654286400,0.08069,0.08119,0.08009,0.08029,64886560.0
1654300800,0.08029,0.08081,0.07932,0.07988,117165237.0
1654315200,0.07988,0.08234,0.0798,0.08197,119887943.0
1654329600,0.08197,0.08252,0.08112,0.0813,77298846.0
1654344000,0.0813,0.0819,0.0806,0.0816,91785408.0
1654358400,0.0816,0.08174,0.08109,0.08144,44184393.0
1654372800,0.08144,0.08222,0.08133,0.08187,58536306.0
1654387200,0.08187,0.08202,0.08073,0.08102,58009610.0
1654401600,0.08102,0.08154,0.0806,0.08118,43497192.0
1654416000,0.08118,0.08199,0.08115,0.0816,50854668.0
1654430400,0.0816,0.0821,0.08127,0.08184,82187717.0
1654444800,0.08184,0.08225,0.08137,0.08184,66577192.0
1654459200,0.08184,0.08213,0.08095,0.08107,71192135.0
1654473600,0.08107,0.08372,0.08089,0.08308,179734704.0
1654488000,0.08308,0.08392,0.08243,0.08357,114938802.0
1654502400,0.08357,0.08473,0.08335,0.08364,123513885.0
1654516800,0.08364,0.08429,0.08224,0.0831,214476711.0
1654531200,0.0831,0.08311,0.0816,0.08195,119604389.0
1654545600,0.08195,0.08265,0.0814,0.0825,57796374.0
1654560000,0.0825,0.08258,0.07769,0.07934,227466408.0
1654574400,0.07934,0.08018,0.07904,0.08005,75405654.0
1654588800,0.08005,0.08029,0.07938,0.07959,51227627.0
1654603200,0.07959,0.08052,0.07924,0.08037,83360916.0
1654617600,0.08037,0.0819,0.07977,0.08146,96473320.0
1654632000,0.08146,0.08207,0.07966,0.08039,200000170.0
1654646400,0.08039,0.0816,0.07885,0.07956,161170809.0
1654660800,0.07956,0.08054,0.07937,0.08019,83499445.0
1654675200,0.08019,0.08047,0.07977,0.07997,65131378.0
1654689600,0.07997,0.08086,0.07933,0.08009,106400722.0
1654704000,0.08009,0.08036,0.0788,0.07936,77223732.0
1654718400,0.07936,0.08008,0.07922,0.07927,43331583.0
1654732800,0.07927,0.07994,0.07893,0.07989,43189113.0
1654747200,0.07989,0.08045,0.0798,0.08042,40505066.0
1654761600,0.08042,0.08105,0.0798,0.07989,57282869.0
1654776000,0.07989,0.08017,0.07934,0.08002,69264410.0
1654790400,0.08002,0.08023,0.07901,0.07908,73759139.0
1654804800,0.07908,0.07953,0.07894,0.07937,38804899.0
1654819200,0.07937,0.07974,0.0778,0.07941,87726306.0
1654833600,0.07941,0.0796,0.07897,0.07913,39477288.0
1654848000,0.07913,0.07928,0.07829,0.07894,44417576.0
1654862400,0.07894,0.07921,0.07558,0.07681,217718410.0
1654876800,0.07681,0.07691,0.07423,0.07512,136094102.0
1654891200,0.07512,0.07603,0.07479,0.07539,59120889.0
1654905600,0.07539,0.07603,0.0752,0.07582,36596192.0
1654920000,0.07582,0.07648,0.07572,0.07642,38421225.0
1654934400,0.07642,0.07649,0.07201,0.07243,139468927.0
1654948800,0.07243,0.07286,0.06793,0.06919,343100969.0
1654963200,0.06919,0.07132,0.06846,0.07082,127076968.0
1654977600,0.07082,0.07114,0.06926,0.06993,66201105.0
1654992000,0.06993,0.07037,0.06452,0.06604,288505648.4
1655006400,0.06604,0.06672,0.06428,0.06608,180905833.0
1655020800,0.06608,0.06689,0.06514,0.066,130113560.0
1655035200,0.066,0.06857,0.06344,0.06743,351255566.3
1655049600,0.06743,0.06955,0.06617,0.06639,209422720.0
1655064000,0.06639,0.06672,0.06351,0.06353,179173742.0
1655078400,0.06353,0.06627,0.0588,0.05989,728179281.3
1655092800,0.05989,0.06244,0.0557,0.05702,482418065.0
1655107200,0.05702,0.05745,0.05268,0.05423,783135494.9
1655121600,0.05423,0.05564,0.05234,0.05441,644519044.0
1655136000,0.05441,0.05688,0.05391,0.05583,270983533.0
1655150400,0.05583,0.05747,0.0528,0.0542,313247248.0
1655164800,0.0542,0.05561,0.04978,0.05541,811083983.0
1655179200,0.05541,0.05842,0.0545,0.05759,584881165.0
1655193600,0.05759,0.05772,0.05495,0.05554,273183608.0
1655208000,0.05554,0.05737,0.05455,0.05724,270073531.0
1655222400,0.05724,0.05744,0.0548,0.05562,163634257.0
1655236800,0.05562,0.05593,0.05292,0.05555,189695662.0
1655251200,0.05555,0.05643,0.05352,0.05363,299517353.0
1655265600,0.05363,0.05364,0.05117,0.05156,321819579.0
1655280000,0.05156,0.05378,0.05041,0.0535,437357018.0
1655294400,0.0535,0.05537,0.05305,0.0545,296475616.0
1655308800,0.0545,0.0631,0.05178,0.05853,633890547.0
1655323200,0.05853,0.06394,0.05784,0.06285,351903377.0
1655337600,0.06285,0.06285,0.05984,0.06021,258399081.0
1655352000,0.06021,0.06087,0.05764,0.058,161965663.0
1655366400,0.058,0.05854,0.05522,0.05595,213248564.0
1655380800,0.05595,0.0576,0.05505,0.05706,460657360.0
1655395200,0.05706,0.05945,0.05541,0.05594,369638733.0
1655409600,0.05594,0.05691,0.05421,0.05523,171595511.0
1655424000,0.05523,0.05696,0.05463,0.05586,139768817.0
1655438400,0.05586,0.0578,0.05572,0.05731,114920295.0
1655452800,0.05731,0.05814,0.05671,0.05742,124357074.0
1655467200,0.05742,0.05766,0.05588,0.05661,153278168.0
1655481600,0.05661,0.05696,0.05608,0.05641,79962103.0
1655496000,0.05641,0.05762,0.05629,0.05689,82379430.0
1655510400,0.05689,0.05787,0.05596,0.05645,110487594.0
1655524800,0.05645,0.05703,0.05213,0.05278,277037887.0
1655539200,0.05278,0.0551,0.05165,0.05419,307530348.0
1655553600,0.05419,0.05529,0.05266,0.05274,171397015.0
1655568000,0.05274,0.05346,0.05026,0.05032,239804820.0
1655582400,0.05032,0.05418,0.04914,0.0529,371772335.0
1655596800,0.0529,0.05375,0.05116,0.05198,169058983.0
1655611200,0.05198,0.05877,0.0512,0.056,768338642.0
1655625600,0.056,0.05977,0.05501,0.05749,582543767.0
1655640000,0.05749,0.05933,0.05648,0.05868,253996063.0
1655654400,0.05868,0.06171,0.05702,0.06046,314646876.0
1655668800,0.06046,0.0629,0.0596,0.06047,251333347.0
1655683200,0.06047,0.0607,0.05744,0.05837,174319139.0
1655697600,0.05837,0.05935,0.05753,0.05819,127978077.0
1655712000,0.05819,0.06152,0.05808,0.06081,242858105.0
1655726400,0.06081,0.06108,0.05911,0.06038,170081811.0
1655740800,0.06038,0.06041,0.05824,0.05908,146969270.0
1655755200,0.05908,0.0606,0.05871,0.06002,101041112.0
1655769600,0.06002,0.06045,0.05896,0.0604,123256687.0
1655784000,0.0604,0.06221,0.05976,0.06104,241061993.0
1655798400,0.06104,0.06732,0.06089,0.06362,623515793.0
1655812800,0.06362,0.06993,0.06343,0.06746,684706693.0
1655827200,0.06746,0.06842,0.0651,0.06532,368657531.0
1655841600,0.06532,0.06663,0.06451,0.06581,180235647.0
1655856000,0.06581,0.06583,0.06259,0.06279,270135411.0
1655870400,0.06279,0.06454,0.06111,0.06139,234304267.0
1655884800,0.06139,0.0637,0.06105,0.06306,196437010.0
1655899200,0.06306,0.06482,0.06172,0.06261,254813063.0
1655913600,0.06261,0.06312,0.06109,0.06222,184302220.0
1655928000,0.06222,0.06277,0.06113,0.0617,105207615.0
1655942400,0.0617,0.06384,0.06155,0.06279,138977540.0
1655956800,0.06279,0.06476,0.06251,0.06385,131929128.0
1655971200,0.06385,0.06459,0.06347,0.06376,121253932.0
1655985600,0.06376,0.06451,0.06236,0.06273,149366506.0
1656000000,0.06273,0.0639,0.06188,0.0638,170270203.0
1656014400,0.0638,0.0645,0.06338,0.06398,114996766.0
1656028800,0.06398,0.06645,0.06391,0.0653,189565903.0
1656043200,0.0653,0.06572,0.06433,0.06496,105823029.0
1656057600,0.06496,0.06686,0.06474,0.06618,134033582.0
1656072000,0.06618,0.06854,0.06559,0.0659,241117890.0
1656086400,0.0659,0.06725,0.06516,0.06725,127416129.0
1656100800,0.06725,0.0683,0.06687,0.06694,99850418.0
1656115200,0.06694,0.0679,0.06623,0.06773,143197100.0
1656129600,0.06773,0.06861,0.06687,0.06833,122199914.0
1656144000,0.06833,0.06934,0.06745,0.06764,126932911.0
1656158400,0.06764,0.06795,0.06511,0.0653,151376617.0
1656172800,0.0653,0.068,0.0651,0.06747,102170448.0
1656187200,0.06747,0.0689,0.0673,0.06852,121921501.0
1656201600,0.06852,0.06885,0.06719,0.06793,101311240.0
1656216000,0.06793,0.07141,0.06763,0.0706,174580427.0
1656230400,0.0706,0.07349,0.06965,0.07329,421006162.0
1656244800,0.07329,0.07489,0.07155,0.07433,432533960.0
1656259200,0.07433,0.0754,0.07227,0.07289,263370993.0
1656273600,0.07289,0.07759,0.07278,0.07296,369740623.0
1656288000,0.07296,0.07643,0.07291,0.07501,404037197.0
1656302400,0.07501,0.07799,0.07451,0.07691,359609653.0
1656316800,0.07691,0.0788,0.07618,0.07652,289300706.0
1656331200,0.07652,0.07665,0.07151,0.07175,386875164.0
1656345600,0.07175,0.07296,0.0705,0.07199,269414247.0
1656360000,0.07199,0.07318,0.07174,0.07216,114050869.0
1656374400,0.07216,0.07291,0.0688,0.07025,188396473.0
1656388800,0.07025,0.07228,0.06981,0.0716,129747991.0
1656403200,0.0716,0.0734,0.07111,0.07164,182004934.0
1656417600,0.07164,0.07241,0.06831,0.06854,225211515.0
1656432000,0.06854,0.06949,0.06722,0.06765,241687790.0
1656446400,0.06765,0.06784,0.0654,0.0661,167812880.0
1656460800,0.0661,0.06758,0.0655,0.06665,126147977.0
1656475200,0.06665,0.06712,0.06409,0.06575,164161286.0
1656489600,0.06575,0.06692,0.06503,0.06617,152869547.0
1656504000,0.06617,0.06823,0.06539,0.06686,186225471.0
1656518400,0.06686,0.07065,0.06606,0.07011,306491877.0
1656532800,0.07011,0.07159,0.06901,0.06956,176418910.0
1656547200,0.06956,0.06973,0.06729,0.06858,138673328.0
1656561600,0.06858,0.06902,0.06465,0.06516,200417159.0
1656576000,0.06516,0.06517,0.06244,0.0631,182855131.0
1656590400,0.0631,0.06599,0.06227,0.06507,222287577.0
1656604800,0.06507,0.06611,0.06351,0.0643,116929593.0
1656619200,0.0643,0.06671,0.06265,0.06644,195843204.0
1656633600,0.06644,0.06846,0.06557,0.06602,217445194.0
1656648000,0.06602,0.06658,0.06417,0.06626,161168564.0
1656662400,0.06626,0.06686,0.06386,0.06482,147900544.0
1656676800,0.06482,0.06633,0.06435,0.0652,134092161.0
1656691200,0.0652,0.06693,0.06503,0.06638,108939371.0
1656705600,0.06638,0.06765,0.06578,0.06644,103204088.0
1656720000,0.06644,0.06788,0.0655,0.06652,200943254.0
1656734400,0.06652,0.06722,0.06612,0.06657,96203568.0
1656748800,0.06657,0.06761,0.06614,0.06716,103048206.0
1656763200,0.06716,0.068,0.06635,0.06685,97273460.0
1656777600,0.06685,0.06726,0.06632,0.06678,71832272.0
1656792000,0.06678,0.06739,0.0664,0.06667,49670421.0
1656806400,0.06667,0.06683,0.06544,0.0663,64943047.0
1656820800,0.0663,0.06732,0.0651,0.066,101503611.0
1656835200,0.066,0.06609,0.06502,0.06557,68137136.0
1656849600,0.06557,0.06574,0.06482,0.06537,54919028.0
1656864000,0.06537,0.06708,0.06534,0.06692,57355699.0
1656878400,0.06692,0.0675,0.06667,0.06721,91037435.0
1656892800,0.06721,0.06929,0.06618,0.06659,192283506.0
1656907200,0.06659,0.06669,0.06566,0.06611,49521782.0
1656921600,0.06611,0.0682,0.06598,0.06803,108808201.0
1656936000,0.06803,0.0692,0.06725,0.06823,140743860.0
1656950400,0.06823,0.06878,0.06778,0.06801,67817542.0
1656964800,0.06801,0.06981,0.0678,0.06938,88246195.0
1656979200,0.06938,0.07002,0.06855,0.06951,100593939.0
1656993600,0.06951,0.06998,0.06845,0.06885,82823093.0
1657008000,0.06885,0.06885,0.06613,0.06634,128135703.0
1657022400,0.06634,0.06654,0.0655,0.06641,109620567.0
1657036800,0.06641,0.0686,0.0662,0.06813,103972601.0
1657051200,0.06813,0.06914,0.06691,0.06716,108887843.0
1657065600,0.06716,0.06784,0.06616,0.06707,100353707.0
1657080000,0.06707,0.06808,0.06693,0.06753,79148863.0
1657094400,0.06753,0.06809,0.06714,0.06746,70094254.0
1657108800,0.06746,0.06795,0.0667,0.06689,94344101.0
1657123200,0.06689,0.06907,0.06684,0.06815,205044901.0
1657137600,0.06815,0.0693,0.06796,0.06844,94859729.0
1657152000,0.06844,0.06951,0.06815,0.06868,104908031.0
1657166400,0.06868,0.06877,0.06786,0.06836,60734293.0
1657180800,0.06836,0.06979,0.06826,0.06938,129868937.0
1657195200,0.06938,0.07091,0.06889,0.07007,178071258.0
1657209600,0.07007,0.07122,0.06984,0.07116,147239148.0
1657224000,0.07116,0.07119,0.07009,0.07055,77889727.0
1657238400,0.07055,0.0735,0.07016,0.07213,139488311.0
1657252800,0.07213,0.07243,0.07006,0.0705,126818849.0
1657267200,0.0705,0.07077,0.0688,0.06924,145481951.0
1657281600,0.06924,0.07033,0.06823,0.07014,172696509.0
1657296000,0.07014,0.07048,0.06931,0.07015,67276930.0
1657310400,0.07015,0.07064,0.06858,0.06906,115871846.0
1657324800,0.06906,0.06983,0.06881,0.06933,88462779.0
1657339200,0.06933,0.06998,0.06904,0.06994,54298103.0
1657353600,0.06994,0.07013,0.06899,0.06905,54779480.0
1657368000,0.06905,0.06969,0.06888,0.06949,61877689.0
1657382400,0.06949,0.07019,0.06925,0.06976,60040074.0
1657396800,0.06976,0.06997,0.06928,0.06947,37097052.0
1657411200,0.06947,0.0695,0.06787,0.0681,98009893.0
1657425600,0.0681,0.06863,0.0676,0.06831,52451946.0
1657440000,0.06831,0.06845,0.06762,0.06801,41537232.0
1657454400,0.06801,0.06825,0.06632,0.0668,139821883.0
1657468800,0.0668,0.06728,0.06626,0.06728,77974529.0
1657483200,0.06728,0.06776,0.06691,0.06728,90549827.0
1657497600,0.06728,0.06729,0.06567,0.06609,91382564.0
1657512000,0.06609,0.06612,0.06464,0.06518,95468945.0
1657526400,0.06518,0.0654,0.06437,0.06446,91419436.0
1657540800,0.06446,0.06512,0.06313,0.06394,138012457.0
1657555200,0.06394,0.06458,0.06365,0.064,51672219.0
1657569600,0.064,0.06407,0.06119,0.06175,99784636.0
1657584000,0.06175,0.06251,0.06134,0.0621,70318299.0
1657598400,0.0621,0.06316,0.06129,0.06176,85475998.0
1657612800,0.06176,0.06198,0.06037,0.06129,110276929.0
1657627200,0.06129,0.06209,0.06112,0.06167,85987525.0
1657641600,0.06167,0.06207,0.06003,0.06022,82598965.0
1657656000,0.06022,0.06093,0.05972,0.05982,56040930.0
1657670400,0.05982,0.06079,0.05912,0.06037,98450217.0
1657684800,0.06037,0.06155,0.06034,0.06149,77005714.0
1657699200,0.06149,0.06182,0.06124,0.06162,75353746.0
1657713600,0.06162,0.06235,0.05754,0.05929,312705412.0
1657728000,0.05929,0.06088,0.05886,0.06012,106832424.0
1657742400,0.06012,0.06216,0.06006,0.06194,95275631.0
1657756800,0.06194,0.0622,0.06114,0.06148,76700709.0
1657771200,0.06148,0.06162,0.06032,0.06053,73299707.0
1657785600,0.06053,0.06068,0.05946,0.05987,76860265.0
1657800000,0.05987,0.06148,0.05957,0.06108,152093440.0
1657814400,0.06108,0.06275,0.06078,0.06185,164119924.0
1657828800,0.06185,0.06282,0.06176,0.06246,76296515.0
1657843200,0.06246,0.06334,0.06162,0.06252,110917805.0
1657857600,0.06252,0.06354,0.06193,0.06321,88192957.0
1657872000,0.06321,0.06443,0.06306,0.0632,155775520.0
1657886400,0.0632,0.06395,0.0629,0.06309,121441950.0
1657900800,0.06309,0.06383,0.06224,0.06374,101929031.0
1657915200,0.06374,0.06418,0.06276,0.06294,73007451.0
1657929600,0.06294,0.06309,0.06228,0.06257,44905602.0
1657944000,0.06257,0.06263,0.06176,0.06186,52449750.0
1657958400,0.06186,0.06238,0.06182,0.06211,35120200.0
1657972800,0.06211,0.06332,0.06199,0.06326,52303527.0
1657987200,0.06326,0.06484,0.06321,0.06395,177966499.0
1658001600,0.06395,0.06457,0.06356,0.06439,87796526.0
1658016000,0.06439,0.06488,0.06365,0.06438,53589330.0
1658030400,0.06438,0.06552,0.06413,0.06467,77015601.0
1658044800,0.06467,0.06495,0.06396,0.06421,66291920.0
1658059200,0.06421,0.06439,0.0632,0.06383,76773844.0
1658073600,0.06383,0.06488,0.06337,0.06394,85801243.0
1658088000,0.06394,0.06452,0.06289,0.06306,53792605.0
1658102400,0.06306,0.065,0.06299,0.06477,98080832.0
1658116800,0.06477,0.06658,0.06465,0.06614,227701751.0
1658131200,0.06614,0.06745,0.06589,0.06649,177728302.0
1658145600,0.06649,0.06858,0.06572,0.06794,279739910.0
1658160000,0.06794,0.06897,0.0652,0.06569,252759935.0
1658174400,0.06569,0.06798,0.06552,0.06756,117120706.0
1658188800,0.06756,0.06867,0.06604,0.06617,211120892.0
1658203200,0.06617,0.0669,0.06539,0.06597,116408454.0
1658217600,0.06597,0.06731,0.06567,0.06679,94200608.0
1658232000,0.06679,0.06889,0.06679,0.06825,241065381.0
1658246400,0.06825,0.07025,0.06821,0.06915,262898643.0
1658260800,0.06915,0.07012,0.0683,0.06901,123659598.0
1658275200,0.06901,0.07007,0.0677,0.06963,134710474.0
1658289600,0.06963,0.07656,0.06959,0.07532,489964070.0
1658304000,0.07532,0.07695,0.07268,0.07336,431148733.0
1658318400,0.07336,0.07461,0.07236,0.07379,197386606.0
1658332800,0.07379,0.07387,0.07001,0.07113,227771365.0
1658347200,0.07113,0.07387,0.06769,0.07014,398186385.0
1658361600,0.07014,0.07091,0.06691,0.06824,206999449.0
1658376000,0.06824,0.06921,0.06741,0.06875,135081192.0
1658390400,0.06875,0.06933,0.06778,0.06839,105620595.0
1658404800,0.06839,0.06937,0.06717,0.06847,145086465.0
1658419200,0.06847,0.06992,0.06841,0.06988,131885734.0
1658433600,0.06988,0.07049,0.06912,0.06998,106851794.0
1658448000,0.06998,0.07093,0.06918,0.0695,99685646.0
1658462400,0.0695,0.07052,0.06892,0.06995,78892390.0
1658476800,0.06995,0.07141,0.06981,0.07107,114131107.0
1658491200,0.07107,0.0714,0.06826,0.06856,183348774.0
1658505600,0.06856,0.06886,0.0667,0.06692,134658384.0
1658520000,0.06692,0.0679,0.06675,0.06743,87522764.0
1658534400,0.06743,0.06862,0.06689,0.06814,67945699.0
1658548800,0.06814,0.0695,0.06814,0.06884,91678465.0
1658563200,0.06884,0.06922,0.0663,0.0664,117948154.0
1658577600,0.0664,0.06763,0.06616,0.06749,108210679.0
1658592000,0.06749,0.06763,0.06594,0.0669,118133160.0
1658606400,0.0669,0.06826,0.06682,0.06804,70914204.0
1658620800,0.06804,0.06858,0.0676,0.06773,66003214.0
1658635200,0.06773,0.06893,0.06762,0.06855,77028239.0
1658649600,0.06855,0.06887,0.06777,0.06846,65629650.0
1658664000,0.06846,0.06873,0.06766,0.06868,66414406.0
1658678400,0.06868,0.06875,0.06776,0.06796,48641738.0
1658692800,0.06796,0.06891,0.06721,0.06755,98464642.0
1658707200,0.06755,0.06799,0.064,0.06459,248340531.0
1658721600,0.06459,0.06529,0.06415,0.06519,86526683.0
1658736000,0.06519,0.06565,0.06487,0.06521,57029885.0
1658750400,0.06521,0.0653,0.06419,0.06485,84493748.0
1658764800,0.06485,0.06516,0.06321,0.0639,82459369.0
1658779200,0.0639,0.06491,0.06175,0.06193,140444247.0
1658793600,0.06193,0.06224,0.06116,0.06169,167155134.0
1658808000,0.06169,0.06212,0.06121,0.06133,75148384.0
1658822400,0.06133,0.06195,0.06111,0.06162,58621527.0
1658836800,0.06162,0.06199,0.06011,0.06026,127733006.0
1658851200,0.06026,0.06119,0.06015,0.0609,73383213.0
1658865600,0.0609,0.06267,0.0606,0.06252,96028855.0
1658880000,0.06252,0.06272,0.06178,0.06183,65762024.0
1658894400,0.06183,0.06324,0.06179,0.06276,58914454.0
1658908800,0.06276,0.06312,0.06198,0.06212,57860869.0
1658923200,0.06212,0.06324,0.06197,0.06293,69985530.0
1658937600,0.06293,0.06586,0.06242,0.06555,286832323.0
1658952000,0.06555,0.06722,0.06525,0.06721,182780001.0
1658966400,0.06721,0.0674,0.06583,0.06668,123209304.0
1658980800,0.06668,0.06728,0.06632,0.06652,96211740.0
1658995200,0.06652,0.06701,0.06558,0.06687,111807094.0
1659009600,0.06687,0.0685,0.06518,0.06813,249121507.0
1659024000,0.06813,0.06999,0.06791,0.06994,213809128.0
1659038400,0.06994,0.07089,0.06872,0.06909,153795550.0
1659052800,0.06909,0.072,0.0683,0.07161,177677023.0
1659067200,0.07161,0.07244,0.06956,0.07004,192648676.0
1659081600,0.07004,0.07151,0.06843,0.06887,152120905.0
1659096000,0.06887,0.07004,0.06723,0.0691,240644158.0
1659110400,0.0691,0.06936,0.06733,0.06904,129137997.0
1659124800,0.06904,0.07038,0.06841,0.06877,113902967.0
1659139200,0.06877,0.07013,0.06821,0.06877,155433964.0
1659153600,0.06877,0.06983,0.06788,0.06976,104769494.0
1659168000,0.06976,0.07454,0.06975,0.07159,462361788.0
1659182400,0.07159,0.07297,0.07061,0.0724,284040254.0
1659196800,0.0724,0.07303,0.07031,0.07054,172307306.0
1659211200,0.07054,0.07078,0.0685,0.06965,126620336.0
1659225600,0.06965,0.07062,0.06895,0.07041,103644667.0
1659240000,0.07041,0.07159,0.07017,0.07048,106666137.0
1659254400,0.07048,0.07096,0.06909,0.07057,118453904.0
1659268800,0.07057,0.07118,0.06966,0.07066,107070241.0
1659283200,0.07066,0.07225,0.06919,0.07072,182945355.0
1659297600,0.07072,0.07091,0.06771,0.06807,171186729.0
1659312000,0.06807,0.07128,0.0679,0.07004,163904069.0
1659326400,0.07004,0.07059,0.06849,0.0695,94193860.0
1659340800,0.0695,0.06956,0.06764,0.06854,102129068.0
1659355200,0.06854,0.06965,0.06753,0.06902,128171358.0
1659369600,0.06902,0.06967,0.06682,0.06767,202004080.0
1659384000,0.06767,0.06884,0.06743,0.06845,80107344.0
1659398400,0.06845,0.06913,0.06567,0.06595,138726598.0
1659412800,0.06595,0.06672,0.06546,0.06657,65403045.0
1659427200,0.06657,0.06692,0.06553,0.06663,71313280.0
1659441600,0.06663,0.0676,0.0658,0.06732,134938147.0
1659456000,0.06732,0.06846,0.06681,0.067,102151629.0
1659470400,0.067,0.06755,0.06635,0.06652,59254090.0
1659484800,0.06652,0.06683,0.06509,0.06652,103230357.0
1659499200,0.06652,0.0675,0.0664,0.06697,59908487.0
1659513600,0.06697,0.06812,0.06697,0.06788,73039412.0
1659528000,0.06788,0.06842,0.06744,0.06791,99151568.0
1659542400,0.06791,0.06816,0.06753,0.06778,53341433.0
1659556800,0.06778,0.06791,0.06568,0.06621,86830049.0
1659571200,0.06621,0.06746,0.06608,0.06704,74535880.0
1659585600,0.06704,0.06755,0.06621,0.06673,58103379.0
1659600000,0.06673,0.06694,0.06626,0.06646,48429858.0
1659614400,0.06646,0.06737,0.06605,0.06701,80056887.0
1659628800,0.06701,0.06729,0.06574,0.06624,78399249.0
1659643200,0.06624,0.06767,0.0662,0.06725,78428346.0
1659657600,0.06725,0.06848,0.06717,0.06838,96375597.0
1659672000,0.06838,0.06977,0.06789,0.06904,109800505.0
1659686400,0.06904,0.07019,0.06881,0.07014,130808546.0
1659700800,0.07014,0.07028,0.06806,0.0686,185823507.0
1659715200,0.0686,0.06907,0.06823,0.069,61101390.0
1659729600,0.069,0.06996,0.06895,0.06981,71434257.0
1659744000,0.06981,0.07133,0.06904,0.07001,221653388.0
1659758400,0.07001,0.07044,0.06959,0.06984,61270961.0
1659772800,0.06984,0.07021,0.06939,0.06966,53477052.0
1659787200,0.06966,0.07013,0.06961,0.06977,42453563.0
1659801600,0.06977,0.07022,0.06872,0.06934,78809217.0
1659816000,0.06934,0.06946,0.0684,0.06863,57610920.0
1659830400,0.06863,0.06903,0.06735,0.06835,89421759.0
1659844800,0.06835,0.06877,0.0682,0.06862,36995475.0
1659859200,0.06862,0.06895,0.06813,0.06892,36787132.0
1659873600,0.06892,0.0693,0.0688,0.0689,57455030.0
1659888000,0.0689,0.06987,0.06881,0.06938,54123531.0
1659902400,0.06938,0.07,0.06858,0.06897,59660545.0
1659916800,0.06897,0.0703,0.06881,0.06985,80062032.0
1659931200,0.06985,0.071,0.0697,0.07054,99416838.0
1659945600,0.07054,0.07152,0.07041,0.07116,128588477.0
1659960000,0.07116,0.07258,0.06983,0.07034,273799097.0
1659974400,0.07034,0.07039,0.06945,0.07004,113460859.0
1659988800,0.07004,0.07081,0.06902,0.07011,96646573.0
1660003200,0.07011,0.07083,0.06962,0.07072,73091021.0
1660017600,0.07072,0.075,0.0705,0.07317,456266661.0
1660032000,0.07317,0.0733,0.06954,0.0698,350707618.0
1660046400,0.0698,0.07061,0.06743,0.06851,273839017.0
1660060800,0.06851,0.0691,0.0684,0.06846,83644577.0
1660075200,0.06846,0.0696,0.06845,0.06904,81622841.0
1660089600,0.06904,0.06908,0.06649,0.06785,179613211.0
1660104000,0.06785,0.06837,0.0675,0.06818,57883655.0
1660118400,0.06818,0.06879,0.06802,0.06865,63638545.0
1660132800,0.06865,0.07146,0.0683,0.07113,354043393.0
1660147200,0.07113,0.07138,0.06974,0.07011,122872857.0
1660161600,0.07011,0.07147,0.0701,0.07126,86481336.0
1660176000,0.07126,0.07243,0.07105,0.07187,181081304.0
1660190400,0.07187,0.07248,0.07091,0.07132,158065368.0
1660204800,0.07132,0.07205,0.07097,0.07175,151973013.0
1660219200,0.07175,0.0755,0.07121,0.07148,557659024.0
1660233600,0.07148,0.07202,0.0707,0.07142,98132728.0
1660248000,0.07142,0.07166,0.07042,0.07084,97741274.0
1660262400,0.07084,0.07149,0.06987,0.07138,92354965.0
1660276800,0.07138,0.07146,0.07065,0.07104,48636858.0
1660291200,0.07104,0.07236,0.06966,0.07006,157905504.0
1660305600,0.07006,0.07122,0.07003,0.07092,85634089.0
1660320000,0.07092,0.072,0.07069,0.07168,90753730.0
1660334400,0.07168,0.07275,0.07144,0.0723,83435510.0
1660348800,0.0723,0.07333,0.0718,0.07306,130047367.0
1660363200,0.07306,0.07517,0.07259,0.07334,279061281.0
1660377600,0.07334,0.07376,0.07239,0.07292,111874314.0
1660392000,0.07292,0.07364,0.07255,0.07328,87304999.0
1660406400,0.07328,0.07462,0.07315,0.07319,136808372.0
1660420800,0.07319,0.07375,0.07258,0.07293,69100023.0
1660435200,0.07293,0.0745,0.07262,0.07406,114107234.0
1660449600,0.07406,0.0783,0.07406,0.07687,676111266.0
1660464000,0.07687,0.08046,0.07643,0.07794,562124513.0
1660478400,0.07794,0.08147,0.07678,0.08101,561770061.0
1660492800,0.08101,0.08494,0.07821,0.08003,884981889.0
1660507200,0.08003,0.08253,0.07929,0.08168,370189696.0
1660521600,0.08168,0.08203,0.0797,0.08036,375028794.0
1660536000,0.08036,0.08042,0.07587,0.07599,372635777.0
1660550400,0.07599,0.0769,0.07489,0.0757,335747416.0
1660564800,0.0757,0.07752,0.07467,0.07733,242985036.0
1660579200,0.07733,0.07859,0.07691,0.07706,261223006.0
1660593600,0.07706,0.07766,0.07519,0.07662,172479285.0
1660608000,0.07662,0.08037,0.07615,0.07939,374430869.0
1660622400,0.07939,0.082,0.07848,0.08183,415568027.0
1660636800,0.08183,0.089,0.08134,0.08571,1371479249.0
1660651200,0.08571,0.08962,0.08368,0.08445,1065501328.0
1660665600,0.08445,0.08588,0.08335,0.08509,429142388.0
1660680000,0.08509,0.08791,0.08478,0.08677,355264900.0
1660694400,0.08677,0.08806,0.08445,0.08499,375374694.0
1660708800,0.08499,0.08897,0.08405,0.08416,451427503.0
1660723200,0.08416,0.08499,0.0832,0.08393,270182460.0
1660737600,0.08393,0.08419,0.08057,0.0813,426389920.0
1660752000,0.0813,0.08361,0.081,0.08177,321184919.0
1660766400,0.08177,0.08241,0.07933,0.08021,211666845.0
1660780800,0.08021,0.0815,0.07954,0.08087,158997952.0
1660795200,0.08087,0.08229,0.07976,0.08122,179377426.0
1660809600,0.08122,0.08159,0.08029,0.08074,184901290.0
1660824000,0.08074,0.08185,0.08015,0.0811,163341520.0
1660838400,0.0811,0.08138,0.07753,0.07794,260804870.0
1660852800,0.07794,0.07826,0.07347,0.07474,352123305.0
1660867200,0.07474,0.07529,0.07211,0.07385,509822286.0
1660881600,0.07385,0.07453,0.0685,0.07039,574381741.0
1660896000,0.07039,0.07049,0.0676,0.06889,462473317.0
1660910400,0.06889,0.06979,0.0679,0.06923,270195019.0
1660924800,0.06923,0.07135,0.06858,0.06954,264831631.0
1660939200,0.06954,0.06986,0.06702,0.06776,297773051.0
1660953600,0.06776,0.06978,0.06771,0.06952,225010189.0
1660968000,0.06952,0.07118,0.06916,0.07057,307069865.0
1660982400,0.07057,0.07062,0.06973,0.06993,121311759.0
1660996800,0.06993,0.07048,0.06893,0.06953,152886658.0
1661011200,0.06953,0.06977,0.06764,0.06864,215418151.0
1661025600,0.06864,0.07035,0.06811,0.06933,237197978.0
1661040000,0.06933,0.0701,0.0683,0.0685,154149870.0
1661054400,0.0685,0.06892,0.06739,0.06865,227227734.0
1661068800,0.06865,0.07,0.06859,0.0697,198208673.0
1661083200,0.0697,0.07021,0.0686,0.06921,134436876.0
1661097600,0.06921,0.06976,0.06876,0.06938,107710894.0
1661112000,0.06938,0.0708,0.0682,0.06932,191829832.0
1661126400,0.06932,0.06942,0.06821,0.06833,122578242.0
1661140800,0.06833,0.06867,0.06589,0.06603,226429513.0
1661155200,0.06603,0.06716,0.06518,0.0667,206291104.0
1661169600,0.0667,0.06746,0.06574,0.06734,141439857.0
1661184000,0.06734,0.06768,0.066,0.06672,76835014.0
1661198400,0.06672,0.06846,0.06672,0.0684,110884103.0
1661212800,0.0684,0.069,0.06819,0.06854,92192022.0
1661227200,0.06854,0.06865,0.06687,0.06801,86496042.0
1661241600,0.06801,0.0688,0.06781,0.06866,105452381.0
1661256000,0.06866,0.06923,0.06803,0.06863,90690126.0
1661270400,0.06863,0.06899,0.06785,0.06828,65825454.0
1661284800,0.06828,0.06913,0.06819,0.06884,57666163.0
1661299200,0.06884,0.0692,0.06703,0.0672,115321877.0
1661313600,0.0672,0.06807,0.06705,0.06739,70526095.0
1661328000,0.06739,0.06814,0.06726,0.06803,80749135.0
1661342400,0.06803,0.069,0.06766,0.06892,73704738.0
1661356800,0.06892,0.06967,0.06877,0.06911,101291884.0
1661371200,0.06911,0.06943,0.0676,0.06791,95029398.0
1661385600,0.06791,0.06886,0.0678,0.06833,89097834.0
1661400000,0.06833,0.06948,0.06825,0.06924,104843415.0
1661414400,0.06924,0.07185,0.06866,0.07098,307028780.0
1661428800,0.07098,0.07106,0.06761,0.06834,244052171.0
1661443200,0.06834,0.06899,0.06788,0.06894,97494015.0
1661457600,0.06894,0.06943,0.06862,0.06898,61752221.0
1661472000,0.06898,0.06937,0.06812,0.06903,76703989.0
1661486400,0.06903,0.06923,0.0672,0.06796,102081340.0
1661500800,0.06796,0.06943,0.06655,0.06741,162091932.0
1661515200,0.06741,0.06957,0.06487,0.06591,449932632.0
1661529600,0.06591,0.06609,0.06445,0.0654,189118603.0
1661544000,0.0654,0.06591,0.06273,0.06351,240217880.0
1661558400,0.06351,0.06412,0.06326,0.0638,140221583.0
1661572800,0.0638,0.06401,0.06225,0.06382,185000752.0
1661587200,0.06382,0.06408,0.06355,0.06378,107651998.0
1661601600,0.06378,0.06401,0.06245,0.06308,122279114.0
1661616000,0.06308,0.06337,0.06234,0.06308,86179763.0
1661630400,0.06308,0.06375,0.06259,0.06351,72272565.0
1661644800,0.06351,0.06417,0.06308,0.06326,70291592.0
1661659200,0.06326,0.06395,0.06302,0.06379,58239471.0
1661673600,0.06379,0.0643,0.06342,0.06389,126073863.0
1661688000,0.06389,0.06407,0.06296,0.06378,89986126.0
1661702400,0.06378,0.06432,0.06367,0.06388,58478988.0
1661716800,0.06388,0.0642,0.06129,0.06178,130411668.0
1661731200,0.06178,0.06214,0.06088,0.06187,146780024.0
1661745600,0.06187,0.06199,0.06128,0.06178,57931467.0
1661760000,0.06178,0.06185,0.06125,0.06185,61618743.0
1661774400,0.06185,0.06409,0.0618,0.06347,157156977.0
1661788800,0.06347,0.06365,0.0628,0.06303,119933810.0
1661803200,0.06303,0.06405,0.06292,0.06384,55779350.0
1661817600,0.06384,0.06431,0.06315,0.06354,67162970.0
1661832000,0.06354,0.06448,0.06354,0.06397,94274096.0
1661846400,0.06397,0.06429,0.06355,0.0639,62547449.0
1661860800,0.0639,0.06408,0.06119,0.06165,146720708.0
1661875200,0.06165,0.06223,0.06007,0.06156,176344780.0
1661889600,0.06156,0.06211,0.06124,0.06154,63984763.0
1661904000,0.06154,0.06346,0.06152,0.06323,123476897.0
1661918400,0.06323,0.06339,0.06245,0.06258,88050033.0
1661932800,0.06258,0.06339,0.0621,0.06292,72185505.0
1661947200,0.06292,0.06327,0.06146,0.06217,113209744.0
1661961600,0.06217,0.0623,0.06106,0.06187,80641003.0
1661976000,0.06187,0.06243,0.06072,0.06135,73394153.0
1661990400,0.06135,0.06186,0.06028,0.06065,91123224.0
1662004800,0.06065,0.06114,0.05988,0.0604,98764737.0
1662019200,0.0604,0.06161,0.06019,0.06147,81077810.0
1662033600,0.06147,0.06192,0.06014,0.0612,158208087.0
1662048000,0.0612,0.06219,0.06088,0.0618,80748241.0
1662062400,0.0618,0.06263,0.06177,0.06239,57098641.0
1662076800,0.06239,0.06288,0.06176,0.06252,45507797.0
1662091200,0.06252,0.06282,0.06182,0.06186,47570395.0
1662105600,0.06186,0.06212,0.0611,0.06161,56929033.0
1662120000,0.06161,0.0628,0.06128,0.06249,127485159.0
1662134400,0.06249,0.06255,0.06068,0.06112,114517499.0
1662148800,0.06112,0.06175,0.06091,0.06165,44721361.0
1662163200,0.06165,0.06174,0.06125,0.06135,30973930.0
1662177600,0.06135,0.06403,0.06112,0.0615,198165363.0
1662192000,0.0615,0.06214,0.06137,0.0619,50553973.0
1662206400,0.0619,0.06309,0.06187,0.06266,118813353.0
1662220800,0.06266,0.0629,0.0615,0.06201,69167788.0
1662235200,0.06201,0.06275,0.06197,0.06271,38800461.0
1662249600,0.06271,0.06308,0.0624,0.06256,45819382.0
1662264000,0.06256,0.06288,0.06206,0.06208,45816225.0
1662278400,0.06208,0.06391,0.06187,0.06333,160226860.0
1662292800,0.06333,0.06367,0.0626,0.06325,65383460.0
1662307200,0.06325,0.06336,0.06286,0.06328,54431284.0
1662321600,0.06328,0.0634,0.06261,0.06323,54377481.0
1662336000,0.06323,0.06374,0.06293,0.06315,41877690.0
1662350400,0.06315,0.0633,0.06174,0.06198,69184341.0
1662364800,0.06198,0.06223,0.06092,0.06171,117119294.0
1662379200,0.06171,0.06248,0.06145,0.0623,71844840.0
1662393600,0.0623,0.06241,0.06176,0.06195,40025722.0
1662408000,0.06195,0.06309,0.06189,0.06275,54361114.0
1662422400,0.06275,0.06531,0.06244,0.06335,280441624.0
1662436800,0.06335,0.06382,0.06308,0.06334,66909953.0
1662451200,0.06334,0.0635,0.06278,0.06328,54043680.0
1662465600,0.06328,0.06365,0.0618,0.06264,107657959.0
1662480000,0.06264,0.06274,0.05822,0.05908,405100524.0
1662494400,0.05908,0.05946,0.058,0.05889,116541081.0
1662508800,0.05889,0.05902,0.05737,0.05843,135398839.0
1662523200,0.05843,0.05929,0.05826,0.05916,78170698.0
1662537600,0.05916,0.05953,0.05906,0.05939,62560180.0
1662552000,0.05939,0.06058,0.05911,0.06003,109088956.0
1662566400,0.06003,0.06092,0.05986,0.0604,80382915.0
1662580800,0.0604,0.06155,0.06039,0.06097,107180316.0
1662595200,0.06097,0.06133,0.06068,0.06095,47355075.0
1662609600,0.06095,0.06121,0.06012,0.06048,73851899.0
1662624000,0.06048,0.061,0.06013,0.06074,61879296.0
1662638400,0.06074,0.06116,0.05965,0.06065,156220744.0
1662652800,0.06065,0.0609,0.0601,0.0609,84621376.0
1662667200,0.0609,0.06142,0.06063,0.06096,50950928.0
1662681600,0.06096,0.06258,0.0609,0.06225,106876630.0
1662696000,0.06225,0.06343,0.06205,0.06287,186838195.0
1662710400,0.06287,0.06489,0.06285,0.06377,266282403.0
1662724800,0.06377,0.06464,0.06307,0.06367,202747415.0
1662739200,0.06367,0.06386,0.0626,0.06327,145837968.0
1662753600,0.06327,0.06446,0.06294,0.06385,134063766.0
1662768000,0.06385,0.06416,0.06315,0.06374,90500492.0
1662782400,0.06374,0.06495,0.06318,0.06344,245400133.0
1662796800,0.06344,0.06428,0.06341,0.06395,110875123.0
1662811200,0.06395,0.06436,0.06345,0.06388,142693642.0
1662825600,0.06388,0.06457,0.06362,0.06424,124151249.0
1662840000,0.06424,0.06557,0.06371,0.06466,146924123.0
1662854400,0.06466,0.06531,0.06417,0.06428,93880525.0
1662868800,0.06428,0.06447,0.06284,0.06391,119019233.0
1662883200,0.06391,0.06402,0.06357,0.06392,85782826.0
1662897600,0.06392,0.0647,0.06356,0.0642,203384921.0
1662912000,0.0642,0.06467,0.06376,0.06383,89331074.0
1662926400,0.06383,0.06413,0.06261,0.06369,121522772.0
1662940800,0.06369,0.06455,0.06261,0.06291,144666000.0
1662955200,0.06291,0.06396,0.06288,0.06389,56496012.0
1662969600,0.06389,0.06475,0.06373,0.06472,139110202.0
1662984000,0.06472,0.06545,0.06323,0.06343,164283794.0
1662998400,0.06343,0.06407,0.0628,0.06388,118172315.0
1663012800,0.06388,0.06421,0.06357,0.06393,53502438.0
1663027200,0.06393,0.06399,0.06271,0.06357,127933112.0
1663041600,0.06357,0.06391,0.0633,0.06368,108481577.0
1663056000,0.06368,0.06404,0.0633,0.06388,92787447.0
1663070400,0.06388,0.06419,0.06008,0.06032,373545752.0
1663084800,0.06032,0.06071,0.05921,0.06014,128461491.0
1663099200,0.06014,0.06193,0.05923,0.05964,197519322.0
1663113600,0.05964,0.0607,0.05914,0.06054,92207455.0
1663128000,0.06054,0.0615,0.05958,0.06013,161429526.0
1663142400,0.06013,0.06092,0.05981,0.06067,121790632.0
1663156800,0.06067,0.06134,0.06011,0.06091,116801610.0
1663171200,0.06091,0.0614,0.06001,0.06099,131979977.0
1663185600,0.06099,0.06147,0.06084,0.06115,64982949.0
1663200000,0.06115,0.06121,0.05961,0.06025,101558840.0
1663214400,0.06025,0.06115,0.05961,0.06082,130506277.0
1663228800,0.06082,0.06082,0.06016,0.0605,66886123.0
1663243200,0.0605,0.06083,0.05857,0.05878,209372011.0
1663257600,0.05878,0.05956,0.0587,0.05945,86733982.0
1663272000,0.05945,0.0597,0.05847,0.0586,79694059.0
1663286400,0.0586,0.0595,0.05807,0.05948,105983276.0
1663300800,0.05948,0.0598,0.05939,0.05953,62421736.0
1663315200,0.05953,0.06011,0.0589,0.06002,75472220.0
1663329600,0.06002,0.06004,0.05895,0.05967,95541502.0
1663344000,0.05967,0.05979,0.05877,0.05965,87988201.0
1663358400,0.05965,0.0605,0.05963,0.06046,53986187.0
1663372800,0.06046,0.06093,0.0604,0.06051,40749138.0
1663387200,0.06051,0.06067,0.0602,0.06051,45846672.0
1663401600,0.06051,0.0609,0.06044,0.06071,53065161.0
1663416000,0.06071,0.06235,0.06059,0.06223,140462728.0
1663430400,0.06223,0.06241,0.06134,0.06167,109320769.0
1663444800,0.06167,0.06237,0.06152,0.0622,51158706.0
1663459200,0.0622,0.06225,0.06124,0.0614,108243537.0
1663473600,0.0614,0.06169,0.06132,0.06142,35603462.0
1663488000,0.06142,0.06162,0.0603,0.06078,71635561.0
1663502400,0.06078,0.06103,0.06031,0.06051,55706669.0
1663516800,0.06051,0.06069,0.05937,0.05985,110124691.0
1663531200,0.05985,0.05987,0.05628,0.05743,219455560.0
1663545600,0.05743,0.0582,0.0562,0.05677,194538817.0
1663560000,0.05677,0.05719,0.05588,0.05653,124013338.0
1663574400,0.05653,0.05696,0.05598,0.05688,73836186.0
1663588800,0.05688,0.05814,0.05676,0.05752,111723250.0
1663603200,0.05752,0.05845,0.05711,0.0584,73291339.0
1663617600,0.0584,0.05881,0.05831,0.05853,47147163.0
1663632000,0.05853,0.05881,0.05791,0.05859,65325138.0
1663646400,0.05859,0.05907,0.05816,0.0585,47758730.0
1663660800,0.0585,0.05868,0.05796,0.0583,57984270.0
1663675200,0.0583,0.06064,0.05759,0.06009,181198781.0
1663689600,0.06009,0.06042,0.05838,0.05893,100464231.0
1663704000,0.05893,0.05924,0.05801,0.05839,65443611.0
1663718400,0.05839,0.05961,0.05823,0.05922,65566512.0
1663732800,0.05922,0.05974,0.05772,0.05851,62487049.0
1663747200,0.05851,0.05905,0.05812,0.05893,62333195.0
1663761600,0.05893,0.0593,0.05808,0.05837,55688794.0
1663776000,0.05837,0.06091,0.05711,0.05833,391124796.0
1663790400,0.05833,0.0585,0.05606,0.05715,165784270.0
1663804800,0.05715,0.05757,0.05682,0.05747,63270319.0
1663819200,0.05747,0.05855,0.05735,0.05851,54947999.0
1663833600,0.05851,0.05949,0.05847,0.05929,93844600.0
1663848000,0.05929,0.05954,0.05853,0.05909,110133396.0
1663862400,0.05909,0.05944,0.05857,0.0591,80093128.0
1663876800,0.0591,0.06007,0.05894,0.05958,82750153.0
1663891200,0.05958,0.0615,0.05946,0.06148,146098409.0
1663905600,0.06148,0.06265,0.06064,0.06065,242950763.0
1663920000,0.06065,0.06094,0.05974,0.06019,126678789.0
1663934400,0.06019,0.06155,0.05912,0.06115,223649971.0
1663948800,0.06115,0.06431,0.06037,0.06362,413286009.0
1663963200,0.06362,0.06405,0.06262,0.06337,243503492.0
1663977600,0.06337,0.06831,0.06285,0.06594,987587634.0
1663992000,0.06594,0.06678,0.0651,0.06542,427635352.0
1664006400,0.06542,0.06684,0.0647,0.06563,350293479.0
1664020800,0.06563,0.0667,0.06503,0.06608,463703129.0
1664035200,0.06608,0.0662,0.06406,0.06416,204406005.0
1664049600,0.06416,0.0646,0.06239,0.0631,160844624.0
1664064000,0.0631,0.06344,0.06246,0.06338,95567651.0
1664078400,0.06338,0.0637,0.06255,0.06312,130603851.0
1664092800,0.06312,0.06315,0.06238,0.06293,77303818.0
1664107200,0.06293,0.06388,0.06143,0.06223,221392113.0
1664121600,0.06223,0.06264,0.06121,0.06179,118144212.0
1664136000,0.06179,0.06209,0.06004,0.06117,130362034.0
1664150400,0.06117,0.06188,0.06072,0.06139,92628181.0
1664164800,0.06139,0.0617,0.05972,0.06075,149709282.0
1664179200,0.06075,0.06176,0.06004,0.06045,143147952.0
1664193600,0.06045,0.06145,0.06022,0.06103,84028293.0
1664208000,0.06103,0.06116,0.06038,0.06095,56067446.0
1664222400,0.06095,0.06141,0.06031,0.06113,60987538.0
1664236800,0.06113,0.06281,0.06098,0.06255,120504936.0
1664251200,0.06255,0.06307,0.06207,0.06271,77234620.0
1664265600,0.06271,0.06283,0.06185,0.06234,74192146.0
1664280000,0.06234,0.06296,0.06176,0.06177,96699260.0
1664294400,0.06177,0.06199,0.05973,0.06045,171803963.0
1664308800,0.06045,0.06074,0.06017,0.06048,39742236.0
1664323200,0.06048,0.06096,0.05848,0.05938,146157935.0
1664337600,0.05938,0.05959,0.05904,0.05955,71041000.0
1664352000,0.05955,0.05992,0.05911,0.05988,78477946.0
1664366400,0.05988,0.06086,0.05988,0.06086,79904262.0
1664380800,0.06086,0.06113,0.06022,0.06076,83242034.0
1664395200,0.06076,0.0611,0.06038,0.06051,42300630.0
1664409600,0.06051,0.06094,0.06027,0.06074,53013039.0
1664424000,0.06074,0.06108,0.0599,0.06013,73338703.0
1664438400,0.06013,0.0606,0.05994,0.06038,56584023.0
1664452800,0.06038,0.06042,0.05927,0.06006,93669738.0
1664467200,0.06006,0.06042,0.05968,0.06002,56068983.0
1664481600,0.06002,0.06087,0.06002,0.06086,66430397.0
1664496000,0.06086,0.06098,0.06025,0.06039,65383699.0
1664510400,0.06039,0.06105,0.06038,0.06086,50646811.0
1664524800,0.06086,0.06102,0.0601,0.06033,64363993.0
1664539200,0.06033,0.06173,0.05954,0.06086,192996616.0
1664553600,0.06086,0.0609,0.06007,0.06027,141124329.0
1664568000,0.06027,0.06228,0.0601,0.06167,170868226.0
1664582400,0.06167,0.06316,0.06119,0.06163,244211432.0
1664596800,0.06163,0.06168,0.06093,0.06127,84081952.0
1664611200,0.06127,0.0621,0.06116,0.06156,125819906.0
1664625600,0.06156,0.06181,0.06113,0.06142,72030930.0
1664640000,0.06142,0.06147,0.06025,0.06063,151589512.0
1664654400,0.06063,0.06082,0.06036,0.06059,38944448.0
1664668800,0.06059,0.06096,0.06052,0.06076,21669936.0
1664683200,0.06076,0.06093,0.06034,0.06061,36920090.0
1664697600,0.06061,0.06069,0.05927,0.05993,79518087.0
1664712000,0.05993,0.06013,0.05962,0.05985,50613133.0
1664726400,0.05985,0.06036,0.05975,0.06012,73337381.0
1664740800,0.06012,0.06019,0.0588,0.05927,75814765.0
1664755200,0.05927,0.05994,0.05879,0.05945,55325301.0
1664769600,0.05945,0.05986,0.05904,0.05969,40542886.0
1664784000,0.05969,0.06027,0.05958,0.06016,53618460.0
1664798400,0.06016,0.0604,0.0595,0.06004,73656805.0
1664812800,0.06004,0.06051,0.05977,0.05998,51735073.0
1664827200,0.05998,0.06058,0.05994,0.06034,42530429.0
1664841600,0.06034,0.06051,0.05994,0.06028,32880627.0
1664856000,0.06028,0.0608,0.06001,0.06072,53250563.0
1664870400,0.06072,0.06097,0.06024,0.06066,61249793.0
1664884800,0.06066,0.06112,0.06047,0.06064,88585539.0
1664899200,0.06064,0.066,0.06063,0.06479,1382337880.0
1664913600,0.06479,0.06645,0.0645,0.06584,358213329.0
1664928000,0.06584,0.06687,0.06463,0.06496,293077629.0
1664942400,0.06496,0.0654,0.06471,0.06525,152685137.0
1664956800,0.06525,0.0653,0.0639,0.06431,209065033.0
1664971200,0.06431,0.06446,0.06262,0.06386,297402172.0
1664985600,0.06386,0.06549,0.06353,0.06503,221556716.0
1665000000,0.06503,0.06532,0.06406,0.06478,85399686.0
1665014400,0.06478,0.06686,0.06468,0.06605,173206776.0
1665028800,0.06605,0.06646,0.06503,0.06539,115478842.0
1665043200,0.06539,0.06549,0.06473,0.06544,82108213.0
1665057600,0.06544,0.06567,0.06406,0.06419,114149684.0
1665072000,0.06419,0.06437,0.06355,0.06396,91524618.0
1665086400,0.06396,0.06414,0.06279,0.06345,109471393.0
1665100800,0.06345,0.06363,0.06311,0.06347,63840305.0
1665115200,0.06347,0.06383,0.06289,0.06323,53217045.0
1665129600,0.06323,0.06353,0.06311,0.0633,42556063.0
1665144000,0.0633,0.0635,0.06182,0.06216,174395704.0
1665158400,0.06216,0.06217,0.06124,0.06202,124953333.0
1665172800,0.06202,0.06249,0.06191,0.06235,41918100.0
1665187200,0.06235,0.06268,0.06215,0.06247,51502199.0
1665201600,0.06247,0.06253,0.06205,0.06237,26209172.0
1665216000,0.06237,0.06246,0.06206,0.06225,26203374.0
1665230400,0.06225,0.06237,0.06194,0.06227,36116113.0
1665244800,0.06227,0.06254,0.06206,0.06218,34693683.0
1665259200,0.06218,0.06223,0.06118,0.06165,56149831.0
1665273600,0.06165,0.06182,0.06138,0.06147,25908809.0
1665288000,0.06147,0.06172,0.06116,0.0617,53096256.0
1665302400,0.0617,0.06214,0.06157,0.06209,44364222.0
1665316800,0.06209,0.06225,0.06183,0.0622,34536220.0
1665331200,0.0622,0.06227,0.06173,0.06203,25659925.0
1665345600,0.06203,0.0624,0.06174,0.06212,43403502.0
1665360000,0.06212,0.0625,0.06193,0.06224,29578648.0
1665374400,0.06224,0.06238,0.06172,0.06173,53212531.0
1665388800,0.06173,0.06174,0.06,0.06096,127255011.0
1665403200,0.06096,0.06114,0.06038,0.0607,52394220.0
1665417600,0.0607,0.0608,0.06004,0.06052,36945671.0
1665432000,0.06052,0.06068,0.0592,0.05938,87396493.0
1665446400,0.05938,0.05938,0.0575,0.059,174989633.0
1665460800,0.059,0.05941,0.05887,0.05928,54305430.0
1665475200,0.05928,0.06004,0.05893,0.05987,53371321.0
1665489600,0.05987,0.06087,0.05934,0.06039,82581285.0
1665504000,0.06039,0.0607,0.05973,0.05995,40876814.0
1665518400,0.05995,0.06099,0.05983,0.06025,71937752.0
1665532800,0.06025,0.06099,0.05984,0.06047,61812203.0
1665547200,0.06047,0.06069,0.06014,0.06031,35418335.0
1665561600,0.06031,0.06058,0.0601,0.0601,32178153.0
1665576000,0.0601,0.06023,0.05935,0.06003,68829502.0
1665590400,0.06003,0.06005,0.05927,0.05985,31075636.0
1665604800,0.05985,0.06027,0.05978,0.05981,22894308.0
1665619200,0.05981,0.05995,0.05825,0.05893,53990371.0
1665633600,0.05893,0.05907,0.05671,0.05764,112823142.0
1665648000,0.05764,0.05788,0.05509,0.05687,154479494.0
1665662400,0.05687,0.05854,0.05539,0.05829,201948007.0
1665676800,0.05829,0.06007,0.05818,0.05955,165093487.0
1665691200,0.05955,0.06024,0.05942,0.05965,73531512.0
1665705600,0.05965,0.06103,0.05947,0.06048,63064067.0
1665720000,0.06048,0.06071,0.05986,0.06009,66925380.0
1665734400,0.06009,0.06051,0.05995,0.06002,38189797.0
1665748800,0.06002,0.06088,0.05913,0.05927,84707929.0
1665763200,0.05927,0.05941,0.0585,0.05862,47939677.0
1665777600,0.05862,0.0588,0.05809,0.05866,26705960.0
1665792000,0.05866,0.05908,0.0585,0.05896,30853431.0
1665806400,0.05896,0.05904,0.05854,0.05876,21434426.0
1665820800,0.05876,0.05897,0.05797,0.05887,48341540.0
1665835200,0.05887,0.05978,0.05856,0.05912,65954607.0
1665849600,0.05912,0.05947,0.05845,0.05895,53587788.0
1665864000,0.05895,0.05903,0.05839,0.05857,29163376.0
1665878400,0.05857,0.05941,0.05853,0.05893,28371388.0
1665892800,0.05893,0.05923,0.05888,0.05902,16601429.0
1665907200,0.05902,0.0593,0.05879,0.05904,21954491.0
1665921600,0.05904,0.05905,0.05867,0.0589,24600239.0
1665936000,0.0589,0.05938,0.05852,0.05935,36789613.0
1665950400,0.05935,0.05946,0.05847,0.05891,32164093.0
1665964800,0.05891,0.0591,0.05854,0.05877,22265557.0
1665979200,0.05877,0.05941,0.05866,0.05935,28077056.0
1665993600,0.05935,0.05986,0.05903,0.05958,38833212.0
1666008000,0.05958,0.06006,0.05934,0.05989,52311796.0
1666022400,0.05989,0.06,0.05933,0.05955,33059938.0
1666036800,0.05955,0.06017,0.05954,0.05998,20190311.0
1666051200,0.05998,0.0603,0.05924,0.05994,43405293.0
1666065600,0.05994,0.06007,0.0597,0.0599,38181516.0
1666080000,0.0599,0.05993,0.05905,0.05931,39659968.0
1666094400,0.05931,0.05961,0.05854,0.05889,48135279.0
1666108800,0.05889,0.06116,0.05863,0.05914,144742019.0
1666123200,0.05914,0.06002,0.05904,0.05976,37322208.0
1666137600,0.05976,0.06019,0.05939,0.05986,53877833.0
1666152000,0.05986,0.06002,0.059,0.0595,49082680.0
1666166400,0.0595,0.05953,0.05884,0.05907,32315801.0
1666180800,0.05907,0.05939,0.05856,0.05911,39235406.0
1666195200,0.05911,0.06076,0.05866,0.06066,136913949.0
1666209600,0.06066,0.0608,0.05821,0.05868,147292834.0
1666224000,0.05868,0.0594,0.05823,0.05919,47652964.0
1666238400,0.05919,0.06,0.05909,0.05974,56028530.0
1666252800,0.05974,0.06013,0.05947,0.05984,52802295.0
1666267200,0.05984,0.06033,0.0595,0.05992,55992616.0
1666281600,0.05992,0.06037,0.05893,0.05983,83201567.0
1666296000,0.05983,0.05994,0.05925,0.05942,44854661.0
1666310400,0.05942,0.05951,0.05871,0.05891,39251681.0
1666324800,0.05891,0.05902,0.0585,0.05865,33701820.0
1666339200,0.05865,0.05865,0.05742,0.05788,69833755.0
1666353600,0.05788,0.05899,0.05709,0.05899,81194251.0
1666368000,0.05899,0.05939,0.05883,0.05922,39946768.0
1666382400,0.05922,0.05949,0.05911,0.05933,23449695.0
1666396800,0.05933,0.0599,0.05926,0.05942,38040933.0
1666411200,0.05942,0.05944,0.0591,0.05923,35212327.0
1666425600,0.05923,0.05956,0.05922,0.05942,29891422.0
1666440000,0.05942,0.05981,0.05928,0.05958,45071499.0
1666454400,0.05958,0.05967,0.05928,0.05942,26484021.0
1666468800,0.05942,0.05988,0.0594,0.05968,24158171.0
1666483200,0.05968,0.05986,0.05947,0.05963,33491593.0
1666497600,0.05963,0.0597,0.05925,0.05936,21231313.0
1666512000,0.05936,0.05962,0.05882,0.05895,33495537.0
1666526400,0.05895,0.05945,0.05865,0.05932,31249062.0
1666540800,0.05932,0.05995,0.05909,0.05981,53899958.0
1666555200,0.05981,0.0605,0.0597,0.06038,76196191.0
1666569600,0.06038,0.06092,0.05972,0.0598,70149367.0
1666584000,0.0598,0.05983,0.05914,0.05936,60700279.0
1666598400,0.05936,0.05988,0.05929,0.05978,40741361.0
1666612800,0.05978,0.05986,0.05866,0.05919,76796475.0
1666627200,0.05919,0.05983,0.05896,0.05953,66256592.0
1666641600,0.05953,0.05971,0.05916,0.05945,29632824.0
1666656000,0.05945,0.06089,0.05913,0.06043,90576117.0
1666670400,0.06043,0.06049,0.05983,0.06006,56510284.0
1666684800,0.06006,0.06015,0.05943,0.06,73879417.0
1666699200,0.06,0.06167,0.05972,0.06112,164177177.0
1666713600,0.06112,0.06428,0.06095,0.06379,481312839.0
1666728000,0.06379,0.06384,0.06212,0.06305,158125050.0
1666742400,0.06305,0.06699,0.0626,0.06579,386375647.0
1666756800,0.06579,0.06689,0.06544,0.06551,323085596.0
1666771200,0.06551,0.069,0.06541,0.06757,450017477.0
1666785600,0.06757,0.06955,0.06615,0.06785,442012646.0
1666800000,0.06785,0.07297,0.06709,0.0726,788589262.0
1666814400,0.0726,0.07361,0.07152,0.07265,503704752.0
1666828800,0.07265,0.07688,0.07172,0.07626,705208214.0
1666843200,0.07626,0.0815,0.07611,0.078,1198241864.0
1666857600,0.078,0.07875,0.07471,0.07572,716765717.0
1666872000,0.07572,0.07881,0.07492,0.07769,768062398.0
1666886400,0.07769,0.08552,0.076,0.0829,903964603.0
1666900800,0.0829,0.08309,0.07624,0.07689,971752492.0
1666915200,0.07689,0.07755,0.0725,0.07405,872579992.0
1666929600,0.07405,0.07561,0.07286,0.07412,576774357.0
1666944000,0.07412,0.0833,0.07385,0.08168,1868527708.0
1666958400,0.08168,0.08657,0.0804,0.08531,1522549297.0
1666972800,0.08531,0.08849,0.08246,0.08475,914028506.0
1666987200,0.08475,0.08785,0.08331,0.08387,542551533.0
1667001600,0.08387,0.0882,0.08285,0.08621,753509759.0
1667016000,0.08621,0.093,0.08411,0.09265,1103398150.0
1667030400,0.09265,0.10954,0.09265,0.1022,2905314255.0
1667044800,0.1022,0.14582,0.1014,0.13218,3779999899.0
1667059200,0.13218,0.1515,0.1224,0.12786,4803907849.0
1667073600,0.12786,0.132,0.116,0.12176,1962684706.0
1667088000,0.12176,0.13071,0.11383,0.12822,1667299209.0
1667102400,0.12822,0.1435,0.12715,0.13027,2137877893.0
1667116800,0.13027,0.13095,0.12089,0.1291,1585069318.0
1667131200,0.1291,0.132,0.11221,0.11262,1950265327.0
1667145600,0.11262,0.11864,0.11122,0.11504,1122904738.0
1667160000,0.11504,0.11983,0.1133,0.11773,692540472.0
1667174400,0.11773,0.12615,0.11657,0.12192,1242454673.0
1667188800,0.12192,0.125,0.11399,0.11764,1009890272.0
1667203200,0.11764,0.12666,0.11373,0.12232,1329008421.0
1667217600,0.12232,0.13144,0.1154,0.12685,1625904521.0
1667232000,0.12685,0.1318,0.12331,0.12587,1666469263.0
1667246400,0.12587,0.1279,0.12186,0.12686,543101601.0
1667260800,0.12686,0.13075,0.12448,0.12746,787090459.0
1667275200,0.12746,0.15,0.1255,0.14554,3047390730.0
1667289600,0.14554,0.15893,0.1404,0.14216,2671153562.0
1667304000,0.14216,0.14363,0.134,0.13908,1693270725.0
1667318400,0.13908,0.14127,0.13315,0.13868,1103494259.0
1667332800,0.13868,0.1445,0.13735,0.14211,649158615.0
1667347200,0.14211,0.14513,0.1352,0.14144,1087302846.0
1667361600,0.14144,0.148,0.13542,0.1374,1171426407.0
1667376000,0.1374,0.13988,0.128,0.13163,998999803.0
1667390400,0.13163,0.1326,0.12705,0.12998,709620237.0
1667404800,0.12998,0.13888,0.12852,0.13107,1560694824.0
1667419200,0.13107,0.13214,0.122,0.12765,910500101.0
1667433600,0.12765,0.13562,0.12638,0.13388,715602193.0
1667448000,0.13388,0.13699,0.1301,0.13088,474513639.0
1667462400,0.13088,0.13612,0.12796,0.12986,829017943.0
1667476800,0.12986,0.132,0.12666,0.13117,681673855.0
1667491200,0.13117,0.13171,0.1255,0.12834,500705075.0
1667505600,0.12834,0.13,0.12,0.12262,613155871.0
1667520000,0.12262,0.1231,0.11552,0.11952,946094419.0
1667534400,0.11952,0.12441,0.11716,0.12288,864712801.0
1667548800,0.12288,0.12408,0.11798,0.11912,609932517.0
1667563200,0.11912,0.12915,0.11695,0.12282,1208202559.0
1667577600,0.12282,0.12574,0.12072,0.1256,538520995.0
1667592000,0.1256,0.12842,0.12449,0.12613,323942082.0
1667606400,0.12613,0.12763,0.1227,0.12489,315624989.0
1667620800,0.12489,0.136,0.12431,0.13203,927791483.0
1667635200,0.13203,0.13203,0.12633,0.1285,441521463.0
1667649600,0.1285,0.12941,0.125,0.12657,386650382.0
1667664000,0.12657,0.12874,0.12583,0.12705,240137095.0
1667678400,0.12705,0.12783,0.12013,0.12445,264186429.0
1667692800,0.12445,0.1258,0.12185,0.12497,306610413.0
1667707200,0.12497,0.1257,0.12284,0.1238,141740267.0
1667721600,0.1238,0.125,0.1225,0.12328,176719934.0
1667736000,0.12328,0.1277,0.12255,0.12463,276699166.0
1667750400,0.12463,0.12464,0.11822,0.12007,399519016.0
1667764800,0.12007,0.12084,0.11183,0.11477,526800439.0
1667779200,0.11477,0.11873,0.11413,0.11831,316068955.0
1667793600,0.11831,0.11908,0.1125,0.11329,274247609.0
1667808000,0.11329,0.11759,0.11119,0.1165,294349127.0
1667822400,0.1165,0.11893,0.11491,0.11647,308298733.0
1667836800,0.11647,0.11765,0.11402,0.11733,243799739.0
1667851200,0.11733,0.11814,0.10717,0.11123,523820499.0
1667865600,0.11123,0.11267,0.10149,0.10231,662216945.0
1667880000,0.10231,0.10378,0.09607,0.10274,1299911507.0
1667894400,0.10274,0.1036,0.099,0.10097,446338282.0
1667908800,0.10097,0.10232,0.09607,0.09941,764878554.0
1667923200,0.09941,0.113,0.0777,0.08772,2796926552.0
1667937600,0.08772,0.08983,0.0845,0.08827,899555655.0
1667952000,0.08827,0.09001,0.08156,0.08515,882166384.0
1667966400,0.08515,0.08953,0.08424,0.08682,517149348.0
1667980800,0.08682,0.08717,0.079,0.08666,1136828606.0
1667995200,0.08666,0.09219,0.08355,0.08396,1127315141.0
1668009600,0.08396,0.08701,0.07784,0.08339,930902604.0
1668024000,0.08339,0.08449,0.07053,0.0745,1183972650.0
1668038400,0.0745,0.0815,0.07306,0.07972,864496058.0
1668052800,0.07972,0.08557,0.07882,0.08296,868244044.0
1668067200,0.08296,0.08553,0.0797,0.08131,753106256.0
1668081600,0.08131,0.09461,0.0812,0.09136,1345627886.0
1668096000,0.09136,0.0925,0.08525,0.08986,669154507.0
1668110400,0.08986,0.09253,0.08814,0.08978,422317431.0
1668124800,0.08978,0.09355,0.0825,0.08438,595412867.0
1668139200,0.08438,0.0885,0.08405,0.08789,360211329.0
1668153600,0.08789,0.08933,0.08632,0.08784,306901096.0
1668168000,0.08784,0.08973,0.08001,0.08295,816614299.0
1668182400,0.08295,0.0842,0.08064,0.08327,327884234.0
1668196800,0.08327,0.0858,0.08125,0.08509,190105839.0
1668211200,0.08509,0.08535,0.08168,0.08223,205745169.0
1668225600,0.08223,0.09025,0.07845,0.08756,919158308.0
1668240000,0.08756,0.0952,0.084,0.09378,1310267400.0
1668254400,0.09378,0.09471,0.0882,0.09176,770575906.0
1668268800,0.09176,0.09215,0.08874,0.09083,316058917.0
1668283200,0.09083,0.09241,0.0861,0.08815,349409893.0
1668297600,0.08815,0.09157,0.08678,0.09085,373408846.0
1668312000,0.09085,0.09107,0.0855,0.0876,405778295.0
1668326400,0.0876,0.08805,0.08456,0.08739,419294064.0
1668340800,0.08739,0.08896,0.08581,0.08662,403859676.0
1668355200,0.08662,0.087,0.08475,0.0859,333298050.0
1668369600,0.0859,0.08625,0.08269,0.08495,257844025.0
1668384000,0.08495,0.08569,0.07917,0.08199,422481347.0
1668398400,0.08199,0.08846,0.08054,0.08781,639053867.0
1668412800,0.08781,0.08924,0.08592,0.08745,444778035.0
1668427200,0.08745,0.0915,0.08458,0.08555,564895174.0
1668441600,0.08555,0.08633,0.08346,0.08398,259032093.0
1668456000,0.08398,0.08686,0.08364,0.08595,195443287.0
1668470400,0.08595,0.08783,0.0847,0.08673,227076415.0
1668484800,0.08673,0.0881,0.08585,0.08805,180947618.0
1668499200,0.08805,0.08844,0.08624,0.08699,265684731.0
1668513600,0.08699,0.0895,0.08648,0.08839,342202932.0
1668528000,0.08839,0.08888,0.085,0.08669,213284898.0
1668542400,0.08669,0.08721,0.08584,0.08706,89559521.0
1668556800,0.08706,0.08822,0.08608,0.08804,128598918.0
1668571200,0.08804,0.09121,0.08695,0.0889,464813857.0
1668585600,0.0889,0.08932,0.08616,0.08656,373604626.0
1668600000,0.08656,0.08684,0.08352,0.08426,379304956.0
1668614400,0.08426,0.08575,0.08338,0.08486,167586123.0
1668628800,0.08486,0.08586,0.08446,0.08548,107623724.0
1668643200,0.08548,0.08729,0.085,0.08536,163882032.0
1668657600,0.08536,0.08596,0.08375,0.08592,168360081.0
1668672000,0.08592,0.08615,0.08413,0.08511,163808055.0
1668686400,0.08511,0.08607,0.08233,0.08407,377520700.0
1668700800,0.08407,0.0849,0.08382,0.08444,156644067.0
1668715200,0.08444,0.08553,0.08416,0.08467,103280507.0
1668729600,0.08467,0.08679,0.08451,0.0858,227538449.0
1668744000,0.0858,0.08603,0.08497,0.08525,113614917.0
1668758400,0.08525,0.08584,0.08477,0.08535,95850861.0
1668772800,0.08535,0.08587,0.08443,0.08487,151591502.0
1668787200,0.08487,0.08503,0.08363,0.08445,115519365.0
1668801600,0.08445,0.0848,0.08379,0.08474,114472498.0
1668816000,0.08474,0.0849,0.08383,0.08437,68506406.0
1668830400,0.08437,0.08459,0.08303,0.0836,133484608.0
1668844800,0.0836,0.08435,0.08307,0.08432,75752170.0
1668859200,0.08432,0.08441,0.08361,0.08425,74007747.0
1668873600,0.08425,0.08436,0.08385,0.08406,62486612.0
1668888000,0.08406,0.085,0.08399,0.08455,75460079.0
1668902400,0.08455,0.08554,0.08433,0.08498,95831873.0
1668916800,0.08498,0.08584,0.08498,0.08516,114543647.0
1668931200,0.08516,0.08527,0.08068,0.08178,256440061.0
1668945600,0.08178,0.08233,0.08114,0.08203,136900158.0
1668960000,0.08203,0.08224,0.07946,0.08072,181679946.0
1668974400,0.08072,0.081,0.07633,0.07703,382982103.0
1668988800,0.07703,0.07738,0.07368,0.07543,463079608.0
1669003200,0.07543,0.07723,0.07537,0.07587,253056367.0
1669017600,0.07587,0.07649,0.07506,0.0758,213876066.0
1669032000,0.0758,0.07738,0.07523,0.07599,207308668.0
1669046400,0.07599,0.07625,0.07131,0.07238,441659623.0
1669060800,0.07238,0.07528,0.07233,0.07466,290864183.0
1669075200,0.07466,0.07678,0.07433,0.07604,279222292.0
1669089600,0.07604,0.0763,0.07323,0.07456,255913950.0
1669104000,0.07456,0.07489,0.07307,0.07441,216463625.0
1669118400,0.07441,0.0797,0.07412,0.07875,448847031.0
1669132800,0.07875,0.07905,0.07671,0.07762,139406158.0
1669147200,0.07762,0.07886,0.07762,0.07876,108250489.0
1669161600,0.07876,0.08224,0.07779,0.08187,252604309.0
1669176000,0.08187,0.08354,0.08106,0.08181,257079592.0
1669190400,0.08181,0.08249,0.08109,0.0819,220833644.0
1669204800,0.0819,0.08193,0.07941,0.08033,230155618.0
1669219200,0.08033,0.0818,0.07914,0.08107,168557167.0
1669233600,0.08107,0.08214,0.08051,0.08197,129565167.0
1669248000,0.08197,0.08434,0.08082,0.08286,251092137.0
1669262400,0.08286,0.08311,0.0818,0.08204,98883170.0
1669276800,0.08204,0.0822,0.08013,0.081,153687597.0
1669291200,0.081,0.08183,0.08071,0.08136,91531721.0
1669305600,0.08136,0.08182,0.08072,0.08128,84178477.0
1669320000,0.08128,0.08163,0.08084,0.08146,59860418.0
1669334400,0.08146,0.08333,0.08053,0.0821,247235027.0
1669348800,0.0821,0.08255,0.08094,0.0823,142200021.0
1669363200,0.0823,0.09191,0.08172,0.08785,1011223963.0
1669377600,0.08785,0.08907,0.08601,0.08817,475881805.0
1669392000,0.08817,0.0909,0.08726,0.08954,423589706.0
1669406400,0.08954,0.09003,0.08818,0.0895,197200729.0
1669420800,0.0895,0.09558,0.08898,0.09257,652284910.0
1669435200,0.09257,0.0936,0.09073,0.09213,266056285.0
1669449600,0.09213,0.09342,0.09145,0.09215,210630556.0
1669464000,0.09215,0.09478,0.09033,0.09097,413072204.0
1669478400,0.09097,0.09187,0.08916,0.09009,204943724.0
1669492800,0.09009,0.09044,0.08712,0.08893,167494123.0
1669507200,0.08893,0.08984,0.0888,0.08928,101095824.0
1669521600,0.08928,0.0987,0.08915,0.09692,985518237.0
1669536000,0.09692,0.108,0.09611,0.10472,1371192526.0
1669550400,0.10472,0.10628,0.10109,0.1032,753215218.0
1669564800,0.1032,0.1052,0.10247,0.10461,469155960.0
1669579200,0.10461,0.1063,0.09756,0.09868,593507906.0
1669593600,0.09868,0.09975,0.09181,0.09516,971388447.0
1669608000,0.09516,0.096,0.09274,0.09563,509809124.0
1669622400,0.09563,0.09658,0.09376,0.09432,491513884.0
1669636800,0.09432,0.09575,0.09251,0.09327,389802218.0
1669651200,0.09327,0.09781,0.09056,0.09508,745032605.0
1669665600,0.09508,0.0959,0.09375,0.09513,233107882.0
1669680000,0.09513,0.10336,0.0936,0.10128,711384144.0
1669694400,0.10128,0.10516,0.101,0.10238,538982363.0
1669708800,0.10238,0.10524,0.10108,0.1039,519623963.0
1669723200,0.1039,0.10448,0.10021,0.10162,536972058.0
1669737600,0.10162,0.10233,0.09911,0.10177,407510532.0
1669752000,0.10177,0.10306,0.10133,0.10146,195316565.0
1669766400,0.10146,0.11,0.10075,0.10605,972723431.0
1669780800,0.10605,0.10693,0.10516,0.10622,230441446.0
1669795200,0.10622,0.10726,0.1041,0.10506,245715017.0
1669809600,0.10506,0.10619,0.10314,0.10418,344538976.0
1669824000,0.10418,0.10541,0.09937,0.10388,635859361.0
1669838400,0.10388,0.10959,0.10343,0.10677,361873698.0
1669852800,0.10677,0.10777,0.10371,0.10455,369328962.0
1669867200,0.10455,0.10499,0.10238,0.10265,407018219.0
1669881600,0.10265,0.10418,0.10202,0.10405,215535901.0
1669896000,0.10405,0.1058,0.10025,0.10193,569960942.0
1669910400,0.10193,0.10256,0.10122,0.10225,184238859.0
1669924800,0.10225,0.10244,0.1006,0.10175,181527590.0
1669939200,0.10175,0.1036,0.09665,0.09853,371781299.0
1669953600,0.09853,0.0996,0.09688,0.0994,231451484.0
1669968000,0.0994,0.10035,0.09836,0.09975,169245694.0
1669982400,0.09975,0.10059,0.09685,0.0989,453467033.0
1669996800,0.0989,0.09964,0.09822,0.09939,108189528.0
1670011200,0.09939,0.10248,0.09913,0.1021,226770713.0
1670025600,0.1021,0.10319,0.1006,0.10102,203880548.0
1670040000,0.10102,0.10173,0.09833,0.09903,246496612.0
1670054400,0.09903,0.09961,0.09808,0.09943,150138832.0
1670068800,0.09943,0.10271,0.09906,0.10161,401471850.0
1670083200,0.10161,0.10227,0.10084,0.10175,146293521.0
1670097600,0.10175,0.10184,0.09907,0.0997,208353720.0
1670112000,0.0997,0.10275,0.09954,0.10168,261804713.0
1670126400,0.10168,0.10497,0.10166,0.10348,335981906.0
1670140800,0.10348,0.10575,0.10219,0.10323,415625233.0
1670155200,0.10323,0.10389,0.10204,0.10351,214003176.0
1670169600,0.10351,0.10422,0.10264,0.10398,217428350.0
1670184000,0.10398,0.1049,0.10335,0.10406,165122535.0
1670198400,0.10406,0.1051,0.10368,0.10391,194673588.0
1670212800,0.10391,0.10549,0.10348,0.10396,245851911.0
1670227200,0.10396,0.11192,0.10366,0.10669,837283020.0
1670241600,0.10669,0.10672,0.102,0.10298,401757846.0
1670256000,0.10298,0.10344,0.09922,0.10057,274175497.0
1670270400,0.10057,0.10159,0.10033,0.10149,153161811.0
1670284800,0.10149,0.10276,0.10147,0.1021,140061666.0
1670299200,0.1021,0.10222,0.09999,0.10092,215933464.0
1670313600,0.10092,0.10142,0.09934,0.10058,172041493.0
1670328000,0.10058,0.10153,0.0993,0.0999,239260299.0
1670342400,0.0999,0.10045,0.09802,0.09916,238329500.0
1670356800,0.09916,0.10053,0.09885,0.10019,139644399.0
1670371200,0.10019,0.10103,0.09949,0.0997,121988557.0
1670385600,0.0997,0.1012,0.09269,0.09505,506560495.0
1670400000,0.09505,0.0965,0.09467,0.09578,253306790.0
1670414400,0.09578,0.09677,0.09542,0.09604,242912289.0
1670428800,0.09604,0.09616,0.09485,0.0955,150182675.0
1670443200,0.0955,0.09597,0.09409,0.09575,124990545.0
1670457600,0.09575,0.09782,0.09511,0.09669,184529588.0
1670472000,0.09669,0.0976,0.09536,0.097,159228102.0
1670486400,0.097,0.09717,0.09459,0.09614,228224903.0
1670500800,0.09614,0.09742,0.09562,0.09699,173653938.0
1670515200,0.09699,0.0987,0.09634,0.09839,181785722.0
1670529600,0.09839,0.09918,0.09759,0.09847,104152267.0
1670544000,0.09847,0.09945,0.09779,0.09811,137891619.0
1670558400,0.09811,0.09863,0.09799,0.09821,97999939.0
1670572800,0.09821,0.09877,0.09786,0.09818,130330278.0
1670587200,0.09818,0.09879,0.0957,0.09725,343631982.0
1670601600,0.09725,0.09726,0.09602,0.0966,122648439.0
1670616000,0.0966,0.0969,0.09561,0.0967,123685185.0
1670630400,0.0967,0.0973,0.09641,0.09665,61688556.0
1670644800,0.09665,0.0971,0.09636,0.09661,101910661.0
1670659200,0.09661,0.09697,0.09603,0.09696,73502345.0
1670673600,0.09696,0.09743,0.09658,0.09723,71167536.0
1670688000,0.09723,0.0974,0.09661,0.09678,45899243.0
1670702400,0.09678,0.09738,0.09608,0.09632,74866389.0
1670716800,0.09632,0.09709,0.09628,0.09689,41721446.0
1670731200,0.09689,0.09715,0.09675,0.0969,52198683.0
1670745600,0.0969,0.0971,0.09669,0.09691,46187548.0
1670760000,0.09691,0.09693,0.09622,0.09629,63011336.0
1670774400,0.09629,0.09693,0.09563,0.09651,77773278.0
1670788800,0.09651,0.09652,0.09161,0.09266,346587050.0
1670803200,0.09266,0.093,0.08471,0.08748,741944392.0
1670817600,0.08748,0.08849,0.08677,0.08805,369561047.0
1670832000,0.08805,0.08946,0.08745,0.08908,286573441.0
1670846400,0.08908,0.08961,0.08781,0.08849,220682879.0
1670860800,0.08849,0.08873,0.08778,0.08871,115384059.0
1670875200,0.08871,0.09044,0.08853,0.09029,205994109.0
1670889600,0.09029,0.09183,0.08944,0.08954,203703205.0
1670904000,0.08954,0.08989,0.08691,0.08838,235523966.0
1670918400,0.08838,0.09033,0.08799,0.08981,207238960.0
1670932800,0.08981,0.09555,0.08962,0.09199,644491381.0
1670947200,0.09199,0.09247,0.08882,0.0902,280343424.0
1670961600,0.0902,0.09141,0.08991,0.09105,127089673.0
1670976000,0.09105,0.092,0.09069,0.0916,113490141.0
1670990400,0.0916,0.09194,0.09058,0.09101,87163068.0
1671004800,0.09101,0.09145,0.09019,0.09096,108404371.0
1671019200,0.09096,0.09247,0.09028,0.09168,204174691.0
1671033600,0.09168,0.09244,0.087,0.08886,531530892.0
1671048000,0.08886,0.08954,0.08771,0.08824,202923983.0
1671062400,0.08824,0.0888,0.08611,0.0875,205117052.0
1671076800,0.0875,0.08803,0.0873,0.0876,82751950.0
1671091200,0.0876,0.08802,0.08699,0.08797,91444080.0
1671105600,0.08797,0.08798,0.08676,0.08721,148316027.0
1671120000,0.08721,0.08725,0.08483,0.08609,200375647.0
1671134400,0.08609,0.08628,0.08402,0.08485,171175584.0
1671148800,0.08485,0.08664,0.08458,0.08651,86593116.0
1671163200,0.08651,0.08682,0.08576,0.0865,81991152.0
1671177600,0.0865,0.08652,0.08117,0.08299,416960733.0
1671192000,0.08299,0.08299,0.08071,0.08162,257180091.0
1671206400,0.08162,0.08172,0.07965,0.08122,266973246.0
1671220800,0.08122,0.08183,0.07391,0.07569,645504989.0
1671235200,0.07569,0.07726,0.07552,0.07688,383867266.0
1671249600,0.07688,0.07839,0.07668,0.07796,281348920.0
1671264000,0.07796,0.07807,0.07697,0.07721,175513354.0
1671278400,0.07721,0.07836,0.07665,0.07768,183432742.0
1671292800,0.07768,0.07775,0.07671,0.07751,132175769.0
1671307200,0.07751,0.07949,0.07748,0.07919,180826927.0
1671321600,0.07919,0.07944,0.0782,0.07926,115306809.0
1671336000,0.07926,0.08005,0.07918,0.07923,101640165.0
1671350400,0.07923,0.07932,0.07765,0.07812,105040631.0
1671364800,0.07812,0.07858,0.07759,0.07785,67820957.0
1671379200,0.07785,0.07952,0.0778,0.07866,120664564.0
1671393600,0.07866,0.07985,0.07828,0.07847,120427193.0
1671408000,0.07847,0.07951,0.07665,0.07737,192997918.0
1671422400,0.07737,0.07807,0.07725,0.07757,92329658.0
1671436800,0.07757,0.07825,0.0769,0.07731,135408757.0
1671451200,0.07731,0.07775,0.07614,0.07627,176810780.0
1671465600,0.07627,0.07642,0.07126,0.07231,559418611.0
1671480000,0.07231,0.07301,0.06997,0.07133,372733074.0
1671494400,0.07133,0.07469,0.07101,0.07387,349326785.0
1671508800,0.07387,0.07547,0.07354,0.07433,168003398.0
1671523200,0.07433,0.07469,0.07374,0.07441,125422117.0
1671537600,0.07441,0.07566,0.07316,0.0746,253914188.0
1671552000,0.0746,0.07468,0.07352,0.07449,125656851.0
1671566400,0.07449,0.0752,0.07397,0.07483,104845632.0
1671580800,0.07483,0.07502,0.07265,0.07302,216405995.0
1671595200,0.07302,0.07304,0.07131,0.07257,232503675.0
1671609600,0.07257,0.07369,0.07221,0.07352,152351425.0
1671624000,0.07352,0.07395,0.07278,0.07336,149429027.0
1671638400,0.07336,0.07342,0.07255,0.07287,101295035.0
1671652800,0.07287,0.07378,0.07268,0.07374,60823905.0
1671667200,0.07374,0.0743,0.0734,0.07377,86634901.0
1671681600,0.07377,0.07392,0.07327,0.07362,90748148.0
1671696000,0.07362,0.07698,0.07336,0.07621,323896088.0
1671710400,0.07621,0.07783,0.07408,0.07455,552739484.0
1671724800,0.07455,0.07575,0.07424,0.07558,192378388.0
1671739200,0.07558,0.0775,0.07542,0.07685,238995929.0
1671753600,0.07685,0.07876,0.0766,0.07788,239331968.0
1671768000,0.07788,0.07904,0.0776,0.07851,186246706.0
1671782400,0.07851,0.07851,0.07725,0.07759,131412643.0
1671796800,0.07759,0.07852,0.07616,0.07721,310585377.0
1671811200,0.07721,0.07758,0.07683,0.07755,73172686.0
1671825600,0.07755,0.07767,0.07657,0.07721,82213868.0
1671840000,0.07721,0.07757,0.0768,0.07737,47109052.0
1671854400,0.07737,0.07755,0.07661,0.07749,75640775.0
1671868800,0.07749,0.07749,0.07698,0.07722,52918906.0
1671883200,0.07722,0.07748,0.077,0.07728,47224046.0
1671897600,0.07728,0.07814,0.07718,0.07786,85082095.0
1671912000,0.07786,0.07796,0.07733,0.07752,52331643.0
1671926400,0.07752,0.07765,0.07711,0.07717,62682655.0
1671940800,0.07717,0.07726,0.07662,0.07689,64809148.0
1671955200,0.07689,0.07714,0.0762,0.07646,114574768.0
1671969600,0.07646,0.07667,0.0732,0.07487,388074745.0
1671984000,0.07487,0.07644,0.07374,0.07561,378073130.0
1671998400,0.07561,0.07612,0.07493,0.07598,149221852.0
1672012800,0.07598,0.07664,0.07537,0.07629,110260187.0
1672027200,0.07629,0.07635,0.0754,0.07554,85119319.0
1672041600,0.07554,0.07597,0.07508,0.0758,88579201.0
1672056000,0.0758,0.076,0.07532,0.07556,86323310.0
1672070400,0.07556,0.07592,0.07528,0.0753,94757158.0
1672084800,0.0753,0.07595,0.07421,0.07568,183250698.0
1672099200,0.07568,0.07616,0.07485,0.07517,95102317.0
1672113600,0.07517,0.07529,0.07481,0.07493,83855352.0
1672128000,0.07493,0.07518,0.07443,0.07501,113920763.0
1672142400,0.07501,0.07505,0.07347,0.07409,168185174.0
1672156800,0.07409,0.07421,0.07256,0.0733,162461115.0
1672171200,0.0733,0.0738,0.07319,0.07372,83325819.0
1672185600,0.07372,0.07391,0.0708,0.0718,362261439.0
1672200000,0.0718,0.07199,0.06921,0.07104,375983906.0
1672214400,0.07104,0.07149,0.07049,0.07121,162669921.0
1672228800,0.07121,0.07269,0.07074,0.07133,297211786.0
1672243200,0.07133,0.07167,0.07072,0.07105,125397400.0
1672257600,0.07105,0.0714,0.06965,0.0704,176642485.0
1672272000,0.0704,0.07092,0.06971,0.07069,136198460.0
1672286400,0.07069,0.07104,0.07034,0.07089,94284509.0
1672300800,0.07089,0.07118,0.07015,0.07081,89414207.0
1672315200,0.07081,0.07142,0.07053,0.07112,105562436.0
1672329600,0.07112,0.07137,0.07055,0.07085,89308992.0
1672344000,0.07085,0.07162,0.06925,0.07094,257376709.0
1672358400,0.07094,0.07145,0.07017,0.07046,117970726.0
1672372800,0.07046,0.07059,0.06676,0.06775,309967422.0
1672387200,0.06775,0.06847,0.06758,0.06772,177259724.0
1672401600,0.06772,0.06814,0.06581,0.06769,328847863.0
1672416000,0.06769,0.06871,0.06735,0.06845,162998684.0
1672430400,0.06845,0.06878,0.06757,0.0684,99479176.0
1672444800,0.0684,0.06877,0.06796,0.06831,81086945.0
1672459200,0.06831,0.07004,0.06807,0.06921,135314714.0
1672473600,0.06921,0.07078,0.0691,0.07031,172852829.0
1672488000,0.07031,0.07137,0.06973,0.07065,199536063.0
1672502400,0.07065,0.0708,0.06991,0.07052,88028905.0
1672516800,0.07052,0.07083,0.06987,0.07025,55164252.0
1672531200,0.07025,0.07038,0.06941,0.06984,89156003.0
1672545600,0.06984,0.06986,0.06906,0.06946,69417793.0
1672560000,0.06946,0.06991,0.06916,0.06965,59921656.0
1672574400,0.06965,0.06983,0.06943,0.06973,48039240.0
1672588800,0.06973,0.07087,0.06958,0.07032,106304307.0
1672603200,0.07032,0.07084,0.06991,0.07024,73569161.0
1672617600,0.07024,0.07033,0.06906,0.07,160027332.0
1672632000,0.07,0.07374,0.06985,0.0718,291676819.0
1672646400,0.0718,0.07252,0.07139,0.07181,261691692.0
1672660800,0.07181,0.07291,0.07161,0.07238,200534008.0
1672675200,0.07238,0.07248,0.07186,0.07217,70636615.0
1672689600,0.07217,0.07271,0.07085,0.0714,130609819.0
1672704000,0.0714,0.07184,0.07113,0.07164,107742726.0
1672718400,0.07164,0.07231,0.07136,0.07195,97227836.0
1672732800,0.07195,0.072,0.0713,0.07144,77568748.0
1672747200,0.07144,0.07189,0.07046,0.07096,174158231.0
1672761600,0.07096,0.07117,0.06943,0.06994,193828375.0
1672776000,0.06994,0.07057,0.06982,0.07049,82180427.0
1672790400,0.07049,0.07293,0.07019,0.07284,233722176.0
1672804800,0.07284,0.07302,0.07198,0.07257,115991004.0
1672819200,0.07257,0.073,0.07183,0.072,97886503.0
1672833600,0.072,0.07254,0.07156,0.07239,108355066.0
1672848000,0.07239,0.07324,0.07188,0.07234,140108203.0
1672862400,0.07234,0.07362,0.07161,0.07311,94487665.0
1672876800,0.07311,0.07461,0.07258,0.07292,248797396.0
1672891200,0.07292,0.07529,0.07292,0.07382,305645421.0
1672905600,0.07382,0.07388,0.07257,0.0735,192715035.0
1672920000,0.0735,0.07353,0.07207,0.07237,219269255.0
1672934400,0.07237,0.07279,0.07191,0.07268,89747292.0
1672948800,0.07268,0.07283,0.07035,0.07152,145353928.0
1672963200,0.07152,0.07222,0.07119,0.07137,114616583.0
1672977600,0.07137,0.07147,0.07035,0.07097,142140033.0
1672992000,0.07097,0.07113,0.0695,0.07052,182163354.0
1673006400,0.07052,0.07169,0.07005,0.07145,234919069.0
1673020800,0.07145,0.07267,0.07127,0.07257,135948277.0
1673035200,0.07257,0.07281,0.07191,0.07241,96727234.0
1673049600,0.07241,0.07305,0.07223,0.07242,83806694.0
1673064000,0.07242,0.07275,0.07204,0.07265,63538336.0
1673078400,0.07265,0.07266,0.07187,0.07197,88189310.0
1673092800,0.07197,0.07235,0.07167,0.07225,91775708.0
1673107200,0.07225,0.07252,0.07188,0.07221,55074400.0
1673121600,0.07221,0.0724,0.07192,0.07219,56190864.0
1673136000,0.07219,0.07238,0.07121,0.07186,104553468.0
1673150400,0.07186,0.07201,0.07174,0.07179,52215941.0
1673164800,0.07179,0.0721,0.07162,0.0717,55993803.0
1673179200,0.0717,0.07265,0.07151,0.07242,105431080.0
1673193600,0.07242,0.07269,0.07165,0.0719,89935416.0
1673208000,0.0719,0.07399,0.07182,0.07363,291612732.0
1673222400,0.07363,0.07568,0.07293,0.07489,434100413.0
1673236800,0.07489,0.07619,0.07449,0.07492,223758348.0
1673251200,0.07492,0.07888,0.07465,0.07786,461576396.0
1673265600,0.07786,0.07905,0.07622,0.0782,628320513.0
1673280000,0.0782,0.07963,0.0766,0.07682,423404864.0
1673294400,0.07682,0.07711,0.075,0.07566,268387221.0
1673308800,0.07566,0.07739,0.07372,0.07579,328143310.0
1673323200,0.07579,0.07623,0.0754,0.07572,139692231.0
1673337600,0.07572,0.0776,0.07561,0.07702,336037662.0
1673352000,0.07702,0.07702,0.0755,0.07663,310241604.0
1673366400,0.07663,0.07723,0.0757,0.07714,198341794.0
1673380800,0.07714,0.0779,0.07682,0.07782,155175820.0
1673395200,0.07782,0.07838,0.07592,0.07655,228847281.0
1673409600,0.07655,0.0772,0.07621,0.07705,116730832.0
1673424000,0.07705,0.07727,0.07651,0.07679,91087654.0
1673438400,0.07679,0.07681,0.07468,0.07512,262082647.0
1673452800,0.07512,0.0775,0.07494,0.0773,188061464.0
1673467200,0.0773,0.07856,0.07632,0.07814,234243354.0
1673481600,0.07814,0.08127,0.07773,0.08,448039824.0
1673496000,0.08,0.08055,0.0787,0.07912,227027201.0
1673510400,0.07912,0.07914,0.07779,0.07849,169248134.0
1673524800,0.07849,0.07922,0.07514,0.07728,523862893.0
1673539200,0.07728,0.08044,0.07702,0.07979,356431226.0
1673553600,0.07979,0.08077,0.07928,0.08025,244296005.0
1673568000,0.08025,0.08129,0.07916,0.08072,173768507.0
1673582400,0.08072,0.0816,0.07975,0.08002,170180793.0
1673596800,0.08002,0.08104,0.07956,0.0798,257120342.0
1673611200,0.0798,0.08047,0.07854,0.08039,224855193.0
1673625600,0.08039,0.08075,0.07932,0.08064,163918649.0
1673640000,0.08064,0.0852,0.08022,0.0845,439341931.0
1673654400,0.0845,0.09011,0.08413,0.08777,836436263.0
1673668800,0.08777,0.09009,0.08628,0.08908,405905938.0
1673683200,0.08908,0.09267,0.0825,0.08613,683304299.0
1673697600,0.08613,0.08822,0.08499,0.08695,324265805.0
1673712000,0.08695,0.08748,0.08556,0.08602,190787594.0
1673726400,0.08602,0.08782,0.08576,0.08729,104372125.0
1673740800,0.08729,0.08794,0.08397,0.08491,302595350.0
1673755200,0.08491,0.08532,0.08347,0.0844,116565455.0
1673769600,0.0844,0.08453,0.08281,0.08439,180327091.0
1673784000,0.08439,0.08611,0.08396,0.08585,188747349.0
1673798400,0.08585,0.08655,0.08416,0.08523,218282591.0
1673812800,0.08523,0.0868,0.08481,0.08608,132370235.0
1673827200,0.08608,0.08833,0.0852,0.08654,343148918.0
1673841600,0.08654,0.08756,0.08613,0.08632,162259247.0
1673856000,0.08632,0.08634,0.08313,0.08394,227693834.0
1673870400,0.08394,0.08496,0.08155,0.08358,281827952.0
1673884800,0.08358,0.08507,0.08316,0.08472,161808662.0
1673899200,0.08472,0.08504,0.08334,0.08368,111195876.0
1673913600,0.08368,0.08424,0.08194,0.08352,144792225.0
1673928000,0.08352,0.08443,0.0834,0.08419,82886408.0
1673942400,0.08419,0.08457,0.08376,0.08441,85309120.0
1673956800,0.08441,0.08505,0.083,0.08361,231325538.0
1673971200,0.08361,0.08426,0.08289,0.08406,109491559.0
1673985600,0.08406,0.08439,0.08265,0.08285,102538060.0
1674000000,0.08285,0.08844,0.08274,0.08698,492120714.0
1674014400,0.08698,0.08922,0.08637,0.08708,307110485.0
1674028800,0.08708,0.08711,0.08537,0.08653,228594751.0
1674043200,0.08653,0.08976,0.08344,0.08484,524289416.0
1674057600,0.08484,0.08484,0.0778,0.0819,708790320.0
1674072000,0.0819,0.08235,0.07962,0.08,232737045.0
1674086400,0.08,0.08133,0.07971,0.08094,130208424.0
1674100800,0.08094,0.0816,0.08066,0.08095,89153830.0
1674115200,0.08095,0.08152,0.08029,0.0807,117950999.0
1674129600,0.0807,0.08145,0.07996,0.08101,157203317.0
1674144000,0.08101,0.08214,0.08029,0.08188,123843347.0
1674158400,0.08188,0.08218,0.08121,0.08161,72922123.0
1674172800,0.08161,0.08196,0.0808,0.08138,113771892.0
1674187200,0.08138,0.08193,0.08065,0.08086,95440215.0
1674201600,0.08086,0.08113,0.0806,0.08096,57827777.0
1674216000,0.08096,0.08176,0.08079,0.08155,70069863.0
1674230400,0.08155,0.08349,0.08147,0.08348,195546083.0
1674244800,0.08348,0.087,0.08323,0.08617,385984882.0
1674259200,0.08617,0.08686,0.08526,0.08601,184139080.0
1674273600,0.08601,0.08814,0.08575,0.08685,228901106.0
1674288000,0.08685,0.08913,0.08462,0.08686,575153095.0
1674302400,0.08686,0.08787,0.08533,0.08628,282118090.0
1674316800,0.08628,0.08793,0.08622,0.08772,192970068.0
1674331200,0.08772,0.08786,0.0837,0.08467,169846974.0
1674345600,0.08467,0.08578,0.08432,0.08522,97615604.0
1674360000,0.08522,0.08595,0.08512,0.08561,105329825.0
1674374400,0.08561,0.08638,0.08511,0.08567,103655758.0
1674388800,0.08567,0.08803,0.08512,0.08657,231656994.0
1674403200,0.08657,0.09343,0.08601,0.08934,898847855.0
1674417600,0.08934,0.08947,0.08596,0.08824,301397710.0
1674432000,0.08824,0.09151,0.08785,0.08969,293157421.0
1674446400,0.08969,0.09081,0.08878,0.08929,156493100.0
1674460800,0.08929,0.09003,0.08847,0.08988,218306298.0
1674475200,0.08988,0.08992,0.08621,0.08815,448749240.0
1674489600,0.08815,0.08926,0.08701,0.08759,202471824.0
1674504000,0.08759,0.08885,0.08748,0.08851,115108530.0
1674518400,0.08851,0.0908,0.08791,0.09071,209879201.0
1674532800,0.09071,0.09075,0.08936,0.08986,120984828.0
1674547200,0.08986,0.09017,0.08835,0.08884,166973950.0
1674561600,0.08884,0.08933,0.08753,0.08858,155272584.0
1674576000,0.08858,0.0888,0.08692,0.08858,134424590.0
1674590400,0.08858,0.08867,0.0821,0.08392,337538549.0
1674604800,0.08392,0.08427,0.08165,0.08415,226492404.0
1674619200,0.08415,0.08505,0.08401,0.0848,100865525.0
1674633600,0.0848,0.08513,0.08344,0.08368,92702886.0
1674648000,0.08368,0.08499,0.08272,0.08382,168310033.0
1674662400,0.08382,0.08559,0.08356,0.08542,165674734.0
1674676800,0.08542,0.08818,0.08494,0.08654,297892950.0
1674691200,0.08654,0.08705,0.08602,0.08637,97526825.0
1674705600,0.08637,0.08744,0.08577,0.08614,165071797.0
1674720000,0.08614,0.08642,0.08503,0.08578,104837163.0
1674734400,0.08578,0.08771,0.08451,0.08577,230774446.0
1674748800,0.08577,0.08637,0.08482,0.08625,103486664.0
1674763200,0.08625,0.08663,0.08542,0.08633,96580616.0
1674777600,0.08633,0.08677,0.08352,0.08467,168270634.0
1674792000,0.08467,0.08589,0.08462,0.08586,73981073.0
1674806400,0.08586,0.08592,0.085,0.08543,86542918.0
1674820800,0.08543,0.08635,0.08452,0.0856,152345129.0
1674835200,0.0856,0.08713,0.0856,0.08712,117589729.0
1674849600,0.08712,0.088,0.08638,0.08723,155279271.0
1674864000,0.08723,0.08843,0.08718,0.08773,123158345.0
1674878400,0.08773,0.09381,0.08773,0.09008,637781611.0
1674892800,0.09008,0.09012,0.08869,0.08942,200936089.0
1674907200,0.08942,0.08942,0.08671,0.08849,282574314.0
1674921600,0.08849,0.08879,0.08762,0.08814,71884030.0
1674936000,0.08814,0.08818,0.08677,0.08773,86872954.0
1674950400,0.08773,0.08975,0.08725,0.08885,142949853.0
1674964800,0.08885,0.08914,0.08812,0.08853,63749442.0
1674979200,0.08853,0.091,0.08835,0.08986,244767200.0
1674993600,0.08986,0.09044,0.08934,0.0898,159883200.0
1675008000,0.0898,0.09102,0.0885,0.0905,320033686.0
1675022400,0.0905,0.09058,0.0895,0.09009,109283843.0
1675036800,0.09009,0.09088,0.0887,0.08929,135449167.0
1675051200,0.08929,0.08971,0.08767,0.0883,115901330.0
1675065600,0.0883,0.08855,0.08488,0.08574,449857599.0
1675080000,0.08574,0.08778,0.0855,0.08668,200058615.0
1675094400,0.08668,0.09286,0.0845,0.08702,848289654.0
1675108800,0.08702,0.08869,0.08562,0.08837,223059265.0
1675123200,0.08837,0.09486,0.08822,0.0916,964478319.0
1675137600,0.0916,0.09558,0.09058,0.09511,570574040.0
1675152000,0.09511,0.09564,0.09107,0.09211,357745606.0
1675166400,0.09211,0.0945,0.09144,0.0932,422328953.0
1675180800,0.0932,0.09867,0.09254,0.09705,743595143.0
1675195200,0.09705,0.0978,0.09327,0.09612,366146501.0
1675209600,0.09612,0.09717,0.0925,0.09306,540370878.0
1675224000,0.09306,0.09334,0.09136,0.09247,337704055.0
1675238400,0.09247,0.09269,0.09075,0.09202,237449700.0
1675252800,0.09202,0.09214,0.08901,0.08946,341825840.0
1675267200,0.08946,0.09314,0.08812,0.09201,659356004.0
1675281600,0.09201,0.09496,0.09185,0.09403,401682313.0
1675296000,0.09403,0.09594,0.09372,0.09378,346471027.0
1675310400,0.09378,0.09448,0.09283,0.09306,165933399.0
1675324800,0.09306,0.09438,0.09281,0.094,149708276.0
1675339200,0.094,0.09428,0.09099,0.09313,495302038.0
1675353600,0.09313,0.0945,0.09226,0.09284,248975282.0
1675368000,0.09284,0.09333,0.09006,0.09099,220948121.0
1675382400,0.09099,0.09165,0.09025,0.09146,137244680.0
1675396800,0.09146,0.09244,0.09119,0.09128,108152184.0
1675411200,0.09128,0.09244,0.09082,0.09229,124699742.0
1675425600,0.09229,0.09258,0.0906,0.09224,306911240.0
1675440000,0.09224,0.09312,0.09157,0.09208,218330513.0
1675454400,0.09208,0.09334,0.09122,0.09293,256332565.0
1675468800,0.09293,0.09528,0.0925,0.09388,362482764.0
1675483200,0.09388,0.09444,0.09259,0.09368,143420441.0
1675497600,0.09368,0.09464,0.09311,0.09421,163903300.0
1675512000,0.09421,0.09494,0.09352,0.09405,247559477.0
1675526400,0.09405,0.0998,0.09327,0.09751,1090562722.0
1675540800,0.09751,0.09796,0.095,0.09567,326621930.0
1675555200,0.09567,0.09609,0.09281,0.09489,276539981.0
1675569600,0.09489,0.0961,0.09456,0.09561,160543557.0
1675584000,0.09561,0.097,0.09483,0.09506,291048988.0
1675598400,0.09506,0.09526,0.09081,0.09197,475802330.0
1675612800,0.09197,0.09224,0.09042,0.0918,277116604.0
1675627200,0.0918,0.09254,0.0905,0.09203,121872790.0
1675641600,0.09203,0.09293,0.091,0.09157,142796046.0
1675656000,0.09157,0.09329,0.09052,0.09318,150867246.0
1675670400,0.09318,0.09319,0.09163,0.09232,109765930.0
1675684800,0.09232,0.09246,0.09096,0.09237,134831948.0
1675699200,0.09237,0.09276,0.09175,0.09203,108715476.0
1675713600,0.09203,0.09209,0.0885,0.08955,322992038.0
1675728000,0.08955,0.09091,0.0894,0.09082,98248033.0
1675742400,0.09082,0.09104,0.09055,0.09084,89597873.0
1675756800,0.09084,0.09177,0.09033,0.0914,109147500.0
1675771200,0.0914,0.0917,0.09039,0.09054,110338055.0
1675785600,0.09054,0.0924,0.08958,0.09137,313292014.0
1675800000,0.09137,0.09274,0.09121,0.09253,125610727.0
1675814400,0.09253,0.09339,0.09227,0.09258,122261815.0
1675828800,0.09258,0.09266,0.09176,0.09209,90585327.0
1675843200,0.09209,0.09221,0.09133,0.09212,79287111.0
1675857600,0.09212,0.09246,0.09007,0.09021,195316764.0
1675872000,0.09021,0.09059,0.08842,0.08966,244274488.0
1675886400,0.08966,0.0904,0.089,0.09018,85724339.0
1675900800,0.09018,0.09093,0.08483,0.08658,347095290.0
1675915200,0.08658,0.08834,0.086,0.08785,178734432.0
1675929600,0.08785,0.08865,0.0877,0.08818,90143312.0
1675944000,0.08818,0.08909,0.08778,0.0879,126196725.0
1675958400,0.0879,0.08804,0.0807,0.08337,491335863.0
1675972800,0.08337,0.08352,0.07878,0.08144,439633403.0
1675987200,0.08144,0.0823,0.08114,0.08177,164824595.0
1676001600,0.08177,0.0824,0.08076,0.08235,112875256.0
1676016000,0.08235,0.083,0.08138,0.08161,253370595.0
1676030400,0.08161,0.08267,0.08061,0.08158,137272464.0
1676044800,0.08158,0.08286,0.08066,0.08286,133210381.0
1676059200,0.08286,0.08305,0.07922,0.08089,253285904.0
1676073600,0.08089,0.08234,0.08063,0.08211,82250145.0
1676088000,0.08211,0.08213,0.08129,0.0817,63553087.0
1676102400,0.0817,0.08174,0.08117,0.08136,45565987.0
1676116800,0.08136,0.08235,0.08136,0.08216,91357196.0
1676131200,0.08216,0.08219,0.08117,0.08179,63200972.0
1676145600,0.08179,0.08259,0.08161,0.08225,63930288.0
1676160000,0.08225,0.08228,0.08177,0.08182,41870944.0
1676174400,0.08182,0.08199,0.08161,0.08173,33170938.0
1676188800,0.08173,0.08582,0.0817,0.08453,448613221.0
1676203200,0.08453,0.08474,0.08316,0.08405,139445005.0
1676217600,0.08405,0.08482,0.08377,0.08442,92096371.0
1676232000,0.08442,0.08461,0.08115,0.08215,177077198.0
1676246400,0.08215,0.08272,0.08031,0.08174,166822197.0
1676260800,0.08174,0.08648,0.08165,0.08394,586823353.0
1676275200,0.08394,0.08398,0.0795,0.08097,493415179.0
1676289600,0.08097,0.08198,0.08089,0.08101,170139450.0
1676304000,0.08101,0.08157,0.07936,0.08143,216313894.0
1676318400,0.08143,0.08237,0.08106,0.08209,109079641.0
1676332800,0.08209,0.08229,0.08126,0.08132,65796147.0
1676347200,0.08132,0.08188,0.08114,0.08176,53213685.0
1676361600,0.08176,0.08217,0.08109,0.08161,79525076.0
1676376000,0.08161,0.08367,0.08002,0.0828,373514010.0
1676390400,0.0828,0.08362,0.08217,0.08347,135910938.0
1676404800,0.08347,0.08371,0.08298,0.0836,77805358.0
1676419200,0.0836,0.08783,0.08265,0.08509,556537998.0
1676433600,0.08509,0.0875,0.08493,0.08598,414494967.0
1676448000,0.08598,0.08667,0.08579,0.08648,187272181.0
1676462400,0.08648,0.0873,0.08559,0.08601,275248815.0
1676476800,0.08601,0.08798,0.08572,0.08774,179874101.0
1676491200,0.08774,0.08961,0.08734,0.08928,293312423.0
1676505600,0.08928,0.091,0.08885,0.08996,280181050.0
1676520000,0.08996,0.09033,0.08838,0.08898,267826048.0
1676534400,0.08898,0.08962,0.08817,0.08857,139516727.0
1676548800,0.08857,0.08919,0.08655,0.08914,267600836.0
1676563200,0.08914,0.09199,0.08738,0.08899,432192082.0
1676577600,0.08899,0.08904,0.08468,0.08489,342974159.0
1676592000,0.08489,0.08654,0.0843,0.08631,161730712.0
1676606400,0.08631,0.08678,0.08564,0.08624,99226866.0
1676620800,0.08624,0.08682,0.08594,0.08656,79250932.0
1676635200,0.08656,0.08747,0.08604,0.08697,173673503.0
1676649600,0.08697,0.08788,0.08617,0.08771,126304218.0
1676664000,0.08771,0.08851,0.0865,0.08771,138033800.0
1676678400,0.08771,0.0886,0.08769,0.08803,92795387.0
1676692800,0.08803,0.0884,0.08721,0.08751,79108932.0
1676707200,0.08751,0.08772,0.08675,0.08712,93107258.0
1676721600,0.08712,0.08802,0.08702,0.08778,83977658.0
1676736000,0.08778,0.09049,0.08747,0.08796,293224305.0
1676750400,0.08796,0.08972,0.08747,0.08882,98974388.0
1676764800,0.08882,0.0892,0.08823,0.08869,77862799.0
1676779200,0.08869,0.08932,0.08797,0.08808,104635064.0
1676793600,0.08808,0.08892,0.08802,0.08873,94562819.0
1676808000,0.08873,0.09,0.08832,0.08922,206169630.0
1676822400,0.08922,0.09,0.08642,0.0868,328452224.0
1676836800,0.0868,0.0874,0.08559,0.08697,122166604.0
1676851200,0.08697,0.08767,0.08513,0.08763,151408329.0
1676865600,0.08763,0.0882,0.08748,0.08806,90793137.0
1676880000,0.08806,0.08875,0.08745,0.08852,178415003.0
1676894400,0.08852,0.08867,0.08773,0.08826,161040147.0
1676908800,0.08826,0.08831,0.08723,0.08805,134137592.0
1676923200,0.08805,0.08837,0.08764,0.08829,58972917.0
1676937600,0.08829,0.08884,0.08781,0.08801,140990057.0
1676952000,0.08801,0.0884,0.08752,0.08801,66864465.0
1676966400,0.08801,0.08865,0.08595,0.08631,239610075.0
1676980800,0.08631,0.08677,0.08546,0.08606,240350396.0
1676995200,0.08606,0.0869,0.08531,0.08625,126913008.0
1677009600,0.08625,0.08644,0.08429,0.08546,169471237.0
1677024000,0.08546,0.08578,0.08315,0.08494,179381006.0
1677038400,0.08494,0.08505,0.08372,0.08431,144493090.0
1677052800,0.08431,0.08882,0.08286,0.08593,881815856.0
1677067200,0.08593,0.08632,0.08288,0.08324,281208637.0
1677081600,0.08324,0.08487,0.0831,0.08433,192861929.0
1677096000,0.08433,0.08556,0.08397,0.0855,74943995.0
1677110400,0.0855,0.08642,0.08511,0.08582,145529298.0
1677124800,0.08582,0.08623,0.08536,0.08564,79423101.0
1677139200,0.08564,0.08584,0.0837,0.08427,159362807.0
1677153600,0.08427,0.08533,0.08392,0.0848,153113606.0
1677168000,0.0848,0.08494,0.08382,0.08446,107335583.0
1677182400,0.08446,0.08473,0.0835,0.08425,63469799.0
1677196800,0.08425,0.08499,0.08407,0.08429,79987768.0
1677211200,0.08429,0.08485,0.08398,0.08465,63307885.0
1677225600,0.08465,0.0849,0.0837,0.08428,87001651.0
1677240000,0.08428,0.08464,0.08126,0.08181,256903415.0
1677254400,0.08181,0.08181,0.07965,0.08094,368291022.0
1677268800,0.08094,0.0814,0.07922,0.08092,150584581.0
1677283200,0.08092,0.08216,0.08084,0.08123,87702903.0
1677297600,0.08123,0.08165,0.08086,0.08162,61895562.0
1677312000,0.08162,0.0817,0.08069,0.08118,79906441.0
1677326400,0.08118,0.08151,0.0803,0.08122,102535264.0
1677340800,0.08122,0.08158,0.07958,0.08017,148010920.0
1677355200,0.08017,0.0809,0.07836,0.08075,191430003.0
1677369600,0.08075,0.0814,0.08041,0.08125,69041435.0
1677384000,0.08125,0.0813,0.08087,0.08113,47943776.0
1677398400,0.08113,0.08158,0.08088,0.0814,48873510.0
1677412800,0.0814,0.08161,0.08101,0.08152,54132987.0
1677427200,0.08152,0.08237,0.08103,0.08213,74862425.0
1677441600,0.08213,0.08264,0.08143,0.08216,80296781.0
1677456000,0.08216,0.08225,0.08161,0.08205,61521993.0
1677470400,0.08205,0.08208,0.08112,0.08118,72015107.0
1677484800,0.08118,0.08138,0.08067,0.08111,63701436.0
1677499200,0.08111,0.08231,0.08069,0.08138,125500278.0
1677513600,0.08138,0.08154,0.07992,0.08054,147289735.0
1677528000,0.08054,0.08139,0.08017,0.08136,65189436.0
1677542400,0.08136,0.08299,0.08126,0.08217,148386441.0
1677556800,0.08217,0.08294,0.08111,0.08113,128117545.0
1677571200,0.08113,0.08177,0.08092,0.08156,83357525.0
1677585600,0.08156,0.0822,0.08135,0.08198,94069441.0
1677600000,0.08198,0.08312,0.08096,0.08128,201055300.0
1677614400,0.08128,0.0813,0.0799,0.08085,127969948.0
1677628800,0.08085,0.08199,0.08023,0.08194,68553365.0
1677643200,0.08194,0.0825,0.08179,0.08232,86399207.0
1677657600,0.08232,0.08284,0.08184,0.08222,86137553.0
1677672000,0.08222,0.08236,0.08166,0.08202,78902190.0
1677686400,0.08202,0.08202,0.08106,0.08117,67078298.0
1677700800,0.08117,0.08216,0.0811,0.08193,62609829.0
1677715200,0.08193,0.08226,0.08062,0.08094,84866451.0
1677729600,0.08094,0.08117,0.08045,0.08086,45567424.0
1677744000,0.08086,0.08094,0.08043,0.08069,50250287.0
1677758400,0.08069,0.08079,0.07959,0.08032,117809437.0
1677772800,0.08032,0.08087,0.07983,0.08082,54068996.0
1677787200,0.08082,0.08088,0.08035,0.08056,44017521.0
1677801600,0.08056,0.08062,0.0732,0.07505,896651941.0
1677816000,0.07505,0.07602,0.07497,0.07572,126755620.0
1677830400,0.07572,0.07607,0.07562,0.07592,88037625.0
1677844800,0.07592,0.07644,0.07543,0.07607,138421367.0
1677859200,0.07607,0.07675,0.07591,0.07649,69920130.0
1677873600,0.07649,0.07689,0.07575,0.07684,71831797.0
1677888000,0.07684,0.07727,0.07657,0.07666,63205751.0
1677902400,0.07666,0.07679,0.07604,0.07643,44322373.0
1677916800,0.07643,0.07645,0.07606,0.07635,37180959.0
1677931200,0.07635,0.0764,0.07568,0.07573,54880812.0
1677945600,0.07573,0.07601,0.07451,0.07482,106494121.0
1677960000,0.07482,0.07486,0.07255,0.07462,340489769.0
1677974400,0.07462,0.07612,0.07429,0.07538,149573116.0
1677988800,0.07538,0.07588,0.07521,0.07537,38778715.0
1678003200,0.07537,0.07577,0.07502,0.0755,63466819.0
1678017600,0.0755,0.07561,0.07527,0.07533,71601184.0
1678032000,0.07533,0.07543,0.07493,0.07513,56026546.0
1678046400,0.07513,0.07586,0.07435,0.07474,93801049.0
1678060800,0.07474,0.07501,0.07336,0.07408,165376691.0
1678075200,0.07408,0.07426,0.07342,0.07391,70705332.0
1678089600,0.07391,0.07422,0.07354,0.07366,119064818.0
1678104000,0.07366,0.07486,0.07316,0.07483,101468159.0
1678118400,0.07483,0.07515,0.0744,0.0746,90844089.0
1678132800,0.0746,0.07502,0.07427,0.07479,53831416.0
1678147200,0.07479,0.07597,0.07446,0.07547,145904018.0
1678161600,0.07547,0.0758,0.07484,0.07488,72002270.0
1678176000,0.07488,0.07502,0.07378,0.07396,95091983.0
1678190400,0.07396,0.07432,0.07234,0.07384,197375530.0
1678204800,0.07384,0.07421,0.07318,0.07369,113216599.0
1678219200,0.07369,0.0741,0.07262,0.07407,92161475.0
1678233600,0.07407,0.07432,0.07335,0.07364,60996345.0
1678248000,0.07364,0.07382,0.0725,0.07273,83006704.0
1678262400,0.07273,0.07386,0.07242,0.07364,79785584.0
1678276800,0.07364,0.07375,0.0721,0.07362,196914946.0
1678291200,0.07362,0.07385,0.07169,0.07237,90653775.0
1678305600,0.07237,0.07296,0.07,0.07112,199072757.0
1678320000,0.07112,0.07213,0.07096,0.07194,123258018.0
1678334400,0.07194,0.07215,0.07136,0.07156,62173634.0
1678348800,0.07156,0.07187,0.0711,0.07176,98572317.0
1678363200,0.07176,0.0723,0.0713,0.07179,83880135.0
1678377600,0.07179,0.07203,0.068,0.06846,307999513.0
1678392000,0.06846,0.06848,0.06393,0.06595,838155068.0
1678406400,0.06595,0.06608,0.06447,0.06577,257024208.0
1678420800,0.06577,0.06618,0.0649,0.06559,167128485.0
1678435200,0.06559,0.06568,0.06253,0.06405,384058558.0
1678449600,0.06405,0.06587,0.06377,0.06497,274980224.0
1678464000,0.06497,0.06574,0.06451,0.06562,127302480.0
1678478400,0.06562,0.06595,0.06466,0.06572,110407879.0
1678492800,0.06572,0.06821,0.06559,0.06652,256208250.0
1678507200,0.06652,0.06653,0.06324,0.064,288592886.0
1678521600,0.064,0.0654,0.06378,0.06468,179808833.0
1678536000,0.06468,0.06489,0.06385,0.06389,121426109.0
1678550400,0.06389,0.06534,0.06364,0.0652,124900939.0
1678564800,0.0652,0.06628,0.0652,0.06604,125417068.0
1678579200,0.06604,0.06624,0.06538,0.06598,100841541.0
1678593600,0.06598,0.06646,0.0656,0.06586,93894310.0
1678608000,0.06586,0.06628,0.06574,0.06602,69145682.0
1678622400,0.06602,0.06606,0.06516,0.06547,87658851.0
1678636800,0.06547,0.06798,0.06529,0.06703,209358942.0
1678651200,0.06703,0.07082,0.06699,0.07051,389291652.0
1678665600,0.07051,0.07152,0.06971,0.0699,272855045.0
1678680000,0.0699,0.0708,0.06987,0.07038,119502964.0
1678694400,0.07038,0.07049,0.06814,0.06883,165108871.0
1678708800,0.06883,0.07353,0.06818,0.07234,442012792.0
1678723200,0.07234,0.07319,0.07167,0.07265,173060363.0
1678737600,0.07265,0.07346,0.07207,0.07279,112602325.0
1678752000,0.07279,0.07289,0.0721,0.0727,100868915.0
1678766400,0.0727,0.0732,0.07159,0.07189,126695509.0
1678780800,0.07189,0.0724,0.07108,0.07218,113526075.0
1678795200,0.07218,0.07762,0.07147,0.07701,669538838.0
1678809600,0.07701,0.07714,0.0733,0.07479,324201613.0
1678824000,0.07479,0.07506,0.0728,0.07456,172779220.0
1678838400,0.07456,0.07569,0.07366,0.07527,125199969.0
1678852800,0.07527,0.07589,0.07466,0.07531,89788699.0
1678867200,0.07531,0.07537,0.07206,0.07335,191259487.0
1678881600,0.07335,0.07422,0.06917,0.06962,371580568.0
1678896000,0.06962,0.06979,0.06735,0.06894,414648193.0
1678910400,0.06894,0.06978,0.06859,0.06963,134235222.0
1678924800,0.06963,0.0707,0.06868,0.07003,133679054.0
1678939200,0.07003,0.07074,0.06934,0.0705,112182208.0
1678953600,0.0705,0.07106,0.06971,0.07086,125025877.0
1678968000,0.07086,0.0711,0.06913,0.07091,162773800.0
1678982400,0.07091,0.07136,0.07003,0.071,100833550.0
1678996800,0.071,0.07407,0.06962,0.07256,207664907.0
1679011200,0.07256,0.07416,0.07143,0.07349,209503652.0
1679025600,0.07349,0.07559,0.07286,0.07466,231086012.0
1679040000,0.07466,0.07576,0.07413,0.0755,224142823.0
1679054400,0.0755,0.07554,0.07274,0.07366,218270899.0
1679068800,0.07366,0.07497,0.07329,0.07491,119059907.0
1679083200,0.07491,0.07724,0.07429,0.07642,232911545.0
1679097600,0.07642,0.0789,0.07552,0.07781,355825019.0
1679112000,0.07781,0.078,0.07702,0.07779,101242684.0
1679126400,0.07779,0.07822,0.07603,0.07792,214778738.0
1679140800,0.07792,0.07808,0.07425,0.07498,266201101.0
1679155200,0.07498,0.07541,0.07234,0.07459,272297388.0
1679169600,0.07459,0.07522,0.07245,0.07295,173243816.0
1679184000,0.07295,0.07493,0.07295,0.07486,106473444.0
1679198400,0.07486,0.07506,0.07335,0.07402,81725883.0
1679212800,0.07402,0.07457,0.0733,0.07451,124354681.0
1679227200,0.07451,0.07547,0.07391,0.07498,142282061.0
1679241600,0.07498,0.07652,0.07482,0.07585,185008835.0
1679256000,0.07585,0.07612,0.07406,0.0745,178545875.0
1679270400,0.0745,0.07557,0.07307,0.0735,173355504.0
1679284800,0.0735,0.07492,0.07256,0.07477,165401666.0
1679299200,0.07477,0.07518,0.07326,0.07363,193823534.0
1679313600,0.07363,0.07393,0.07291,0.07336,143307025.0
1679328000,0.07336,0.07379,0.07035,0.07108,284118447.0
1679342400,0.07108,0.07223,0.07094,0.07137,119396695.0
1679356800,0.07137,0.07235,0.07109,0.07201,107523404.0
1679371200,0.07201,0.07227,0.07031,0.07109,111331351.0
1679385600,0.07109,0.07238,0.07034,0.07226,124275903.0
1679400000,0.07226,0.07558,0.07209,0.07413,383572429.0
1679414400,0.07413,0.07784,0.07388,0.07639,463955254.0
1679428800,0.07639,0.07788,0.07582,0.0766,353996689.0
1679443200,0.0766,0.07672,0.07477,0.07627,204889203.0
1679457600,0.07627,0.07648,0.07539,0.07597,189818231.0
1679472000,0.07597,0.07628,0.07441,0.07463,213119156.0
1679486400,0.07463,0.07793,0.07433,0.07738,392126994.0
1679500800,0.07738,0.0781,0.07137,0.07207,686678396.0
1679515200,0.07207,0.07459,0.07175,0.07385,226287839.0
1679529600,0.07385,0.07436,0.07294,0.07368,141562382.0
1679544000,0.07368,0.07569,0.07346,0.07542,136270143.0
1679558400,0.07542,0.07842,0.07491,0.07759,618281958.0
1679572800,0.07759,0.07922,0.0757,0.07797,474199154.0
1679587200,0.07797,0.07854,0.07609,0.07708,310068146.0
1679601600,0.07708,0.07764,0.07631,0.07736,89674839.0
1679616000,0.07736,0.07749,0.07647,0.07656,89702651.0
1679630400,0.07656,0.07683,0.07615,0.07655,90972654.0
1679644800,0.07655,0.07672,0.0745,0.0752,186218709.0
1679659200,0.0752,0.07527,0.07384,0.07456,110433756.0
1679673600,0.07456,0.07545,0.07295,0.07539,210950619.0
1679688000,0.07539,0.07579,0.07406,0.07453,148292963.0
1679702400,0.07453,0.07597,0.07421,0.07561,111571958.0
1679716800,0.07561,0.07572,0.07429,0.07478,91413424.0
1679731200,0.07478,0.07512,0.07405,0.07482,74839456.0
1679745600,0.07482,0.07557,0.07435,0.07519,87811657.0
1679760000,0.07519,0.07536,0.07244,0.07268,182526402.0
1679774400,0.07268,0.07411,0.0726,0.07402,110430798.0
1679788800,0.07402,0.07497,0.0737,0.07435,69012546.0
1679803200,0.07435,0.07475,0.07423,0.07445,39186426.0
1679817600,0.07445,0.075,0.0742,0.07489,61976144.0
1679832000,0.07489,0.07558,0.07384,0.07407,134219896.0
1679846400,0.07407,0.07471,0.07382,0.0741,91322088.0
1679860800,0.0741,0.07463,0.07334,0.07436,84734859.0
1679875200,0.07436,0.07458,0.0732,0.07366,83677556.0
1679889600,0.07366,0.07411,0.07291,0.07338,94222006.0
1679904000,0.07338,0.07401,0.0731,0.07394,59525248.0
1679918400,0.07394,0.07639,0.07124,0.07276,654183415.0
1679932800,0.07276,0.07323,0.07196,0.07209,152043020.0
1679947200,0.07209,0.07301,0.07184,0.07287,83776083.0
1679961600,0.07287,0.07327,0.07203,0.07217,120615122.0
1679976000,0.07217,0.07302,0.07188,0.0724,86786530.0
1679990400,0.0724,0.07297,0.07165,0.07279,91983111.0
1680004800,0.07279,0.07301,0.07204,0.07278,96181216.0
1680019200,0.07278,0.07393,0.07208,0.07375,161989754.0
1680033600,0.07375,0.07404,0.07316,0.07381,86803170.0
1680048000,0.07381,0.07426,0.07351,0.07396,75991277.0
1680062400,0.07396,0.07649,0.07391,0.07627,235969178.0
1680076800,0.07627,0.07692,0.07562,0.076,234200275.0
1680091200,0.076,0.07634,0.07494,0.07578,217772734.0
1680105600,0.07578,0.07617,0.07518,0.07599,119377703.0
1680120000,0.07599,0.07623,0.07512,0.07557,121026561.0
1680134400,0.07557,0.07685,0.074,0.07501,271968116.0
1680148800,0.07501,0.07568,0.07485,0.07538,94095493.0
1680163200,0.07538,0.07548,0.07441,0.07515,104645113.0
1680177600,0.07515,0.07519,0.07439,0.07482,117715933.0
1680192000,0.07482,0.07482,0.07327,0.07442,166635216.0
1680206400,0.07442,0.07482,0.07364,0.07422,72501192.0
1680220800,0.07422,0.07512,0.074,0.0747,74824945.0
1680235200,0.0747,0.07489,0.0734,0.07419,77036347.0
1680249600,0.07419,0.07463,0.07399,0.07455,69623968.0
1680264000,0.07455,0.0762,0.07453,0.07562,210506596.0
1680278400,0.07562,0.0767,0.07561,0.07655,135148922.0
1680292800,0.07655,0.07789,0.07619,0.07695,271362238.0
1680307200,0.07695,0.07895,0.07659,0.07773,235394944.0
1680321600,0.07773,0.07831,0.07605,0.07709,172779348.0
1680336000,0.07709,0.07724,0.07616,0.07627,106067316.0
1680350400,0.07627,0.07698,0.07586,0.07688,99813309.0
1680364800,0.07688,0.085,0.07626,0.08201,721847186.0
1680379200,0.08201,0.08339,0.08115,0.08181,518980318.0
1680393600,0.08181,0.08559,0.08173,0.08422,632236545.0
1680408000,0.08422,0.08534,0.08312,0.08414,307047742.0
1680422400,0.08414,0.08428,0.08196,0.08213,298911031.0
1680436800,0.08213,0.08216,0.07797,0.07884,491491494.0
1680451200,0.07884,0.08029,0.07825,0.07904,266839419.0
1680465600,0.07904,0.07987,0.07724,0.07903,202646052.0
1680480000,0.07903,0.07924,0.076,0.07727,250949396.0
1680494400,0.07727,0.07839,0.0772,0.07818,150224476.0
1680508800,0.07818,0.07932,0.07796,0.07816,188027928.0
1680523200,0.07816,0.07847,0.07666,0.07708,202215567.0
1680537600,0.07708,0.105,0.07628,0.09701,5360412087.0
1680552000,0.09701,0.09734,0.0889,0.096,2666702830.0
1680566400,0.096,0.09971,0.09219,0.09677,1630470475.0
1680580800,0.09677,0.10184,0.09431,0.09837,1436674751.0
1680595200,0.09837,0.1035,0.09716,0.10015,1553150949.0
1680609600,0.10015,0.10194,0.09534,0.09639,1249252449.0
1680624000,0.09639,0.09756,0.09453,0.0967,784488132.0
1680638400,0.0967,0.0992,0.09354,0.09512,672985023.0
1680652800,0.09512,0.09882,0.09272,0.09818,776037131.0
1680667200,0.09818,0.09867,0.09594,0.09679,432764948.0
1680681600,0.09679,0.09917,0.09612,0.09779,541959701.0
1680696000,0.09779,0.09858,0.09435,0.09546,679667811.0
1680710400,0.09546,0.09609,0.09055,0.09327,613657824.0
1680724800,0.09327,0.09369,0.09222,0.09267,296899158.0
1680739200,0.09267,0.09275,0.0897,0.09239,465121147.0
1680753600,0.09239,0.09275,0.09069,0.09089,259445552.0
1680768000,0.09089,0.0921,0.0875,0.08932,599394621.0
1680782400,0.08932,0.09079,0.08728,0.09018,488263807.0
1680796800,0.09018,0.09255,0.08906,0.09097,375081875.0
1680811200,0.09097,0.0916,0.08415,0.08541,1090806278.0
1680825600,0.08541,0.0862,0.084,0.08495,435475694.0
1680840000,0.08495,0.08549,0.0815,0.08304,642137556.0
1680854400,0.08304,0.08315,0.08153,0.08198,367367737.0
1680868800,0.08198,0.0832,0.08113,0.08243,398955167.0
1680883200,0.08243,0.08257,0.08154,0.08194,239071645.0
1680897600,0.08194,0.08288,0.08161,0.08222,145203382.0
1680912000,0.08222,0.08375,0.08181,0.08329,302196356.0
1680926400,0.08329,0.08383,0.08285,0.08301,174448614.0
1680940800,0.08301,0.0834,0.08268,0.08312,146342678.0
1680955200,0.08312,0.08349,0.08304,0.08306,124592467.0
1680969600,0.08306,0.08329,0.08035,0.08115,283961774.0
1680984000,0.08115,0.08182,0.08057,0.08134,186976020.0
1680998400,0.08134,0.08247,0.08133,0.08198,123787288.0
1681012800,0.08198,0.08245,0.08118,0.08149,107069688.0
1681027200,0.08149,0.08189,0.08107,0.08178,125933700.0
1681041600,0.08178,0.08393,0.08136,0.08325,258590877.0
1681056000,0.08325,0.0836,0.08243,0.08322,194460185.0
1681070400,0.08322,0.08386,0.08286,0.08318,112606017.0
1681084800,0.08318,0.08379,0.08227,0.08309,150444269.0
1681099200,0.08309,0.08347,0.08255,0.08274,99969342.0
1681113600,0.08274,0.0832,0.0827,0.0829,89918689.0
1681128000,0.0829,0.0835,0.08225,0.08316,133705272.0
1681142400,0.08316,0.08454,0.08292,0.08399,271876161.0
1681156800,0.08399,0.08541,0.08347,0.08473,202845879.0
1681171200,0.08473,0.08519,0.08416,0.08461,202143653.0
1681185600,0.08461,0.08607,0.08411,0.08534,247744698.0
1681200000,0.08534,0.08564,0.08464,0.08534,154511726.0
1681214400,0.08534,0.0855,0.08443,0.08492,134982877.0
1681228800,0.08492,0.0853,0.08401,0.08419,160617220.0
1681243200,0.08419,0.08441,0.08359,0.08408,101623253.0
1681257600,0.08408,0.08443,0.08036,0.08143,422098019.0
1681272000,0.08143,0.08257,0.08096,0.08225,231295021.0
1681286400,0.08225,0.08225,0.0816,0.08203,171121882.0
1681300800,0.08203,0.08328,0.0816,0.0823,364552537.0
1681315200,0.0823,0.0851,0.08196,0.08247,330437806.0
1681329600,0.08247,0.08477,0.08243,0.08346,214380062.0
1681344000,0.08346,0.08356,0.08285,0.0833,90289317.0
1681358400,0.0833,0.08355,0.08279,0.08316,96918984.0
1681372800,0.08316,0.08886,0.08316,0.08646,935931374.0
1681387200,0.08646,0.08762,0.08636,0.08724,364198380.0
1681401600,0.08724,0.08817,0.08667,0.08708,213323261.0
1681416000,0.08708,0.0876,0.08645,0.08729,123923290.0
1681430400,0.08729,0.09099,0.08717,0.09014,479786423.0
1681444800,0.09014,0.09138,0.08933,0.08947,323643387.0
1681459200,0.08947,0.0905,0.08923,0.09014,229016211.0
1681473600,0.09014,0.09026,0.08527,0.08572,613596626.0
1681488000,0.08572,0.08951,0.0856,0.08851,356238643.0
1681502400,0.08851,0.08908,0.08797,0.08866,127599516.0
1681516800,0.08866,0.08941,0.08714,0.08826,172255267.0
1681531200,0.08826,0.08946,0.08781,0.08919,120388777.0
1681545600,0.08919,0.09057,0.08865,0.08975,178649323.0
1681560000,0.08975,0.09007,0.08871,0.08875,149531278.0
1681574400,0.08875,0.08975,0.0882,0.08872,142678875.0
1681588800,0.08872,0.08908,0.08781,0.08888,109612893.0
1681603200,0.08888,0.08972,0.0875,0.08917,175629895.0
1681617600,0.08917,0.09096,0.08907,0.09018,220610560.0
1681632000,0.09018,0.09023,0.08828,0.08877,208048947.0
1681646400,0.08877,0.0895,0.08833,0.08934,134289274.0
1681660800,0.08934,0.09158,0.08901,0.09028,239493337.0
1681675200,0.09028,0.09183,0.08945,0.09043,226527655.0
1681689600,0.09043,0.09068,0.08807,0.08925,272412010.0
1681704000,0.08925,0.09463,0.08868,0.09309,560471578.0
1681718400,0.09309,0.09488,0.09226,0.0932,777842148.0
1681732800,0.0932,0.09459,0.08956,0.08995,865085678.0
1681747200,0.08995,0.09245,0.08958,0.09192,299556521.0
1681761600,0.09192,0.09235,0.09102,0.09137,165729352.0
1681776000,0.09137,0.09176,0.08974,0.09119,231824558.0
1681790400,0.09119,0.09372,0.09104,0.09287,312106661.0
1681804800,0.09287,0.09374,0.0921,0.09354,207581373.0
1681819200,0.09354,0.095,0.09251,0.0937,392784716.0
1681833600,0.0937,0.09424,0.09135,0.0931,344444922.0
1681848000,0.0931,0.0942,0.09266,0.09411,182077326.0
1681862400,0.09411,0.09413,0.0929,0.09327,112200489.0
1681876800,0.09327,0.09366,0.0922,0.0929,156419081.0
1681891200,0.0929,0.0929,0.0842,0.08848,891473800.0
1681905600,0.08848,0.09209,0.08787,0.09087,583292905.0
1681920000,0.09087,0.09131,0.08771,0.08909,585506634.0
1681934400,0.08909,0.08991,0.08569,0.08788,428803551.0
1681948800,0.08788,0.09196,0.08767,0.08972,648324786.0
1681963200,0.08972,0.09236,0.08946,0.09154,603282212.0
1681977600,0.09154,0.09265,0.09012,0.09073,537255363.0
1681992000,0.09073,0.0935,0.08555,0.08651,1601958327.0
1682006400,0.08651,0.08659,0.08251,0.0836,926287597.0
1682020800,0.0836,0.08421,0.08315,0.08389,254980211.0
1682035200,0.08389,0.08467,0.08318,0.08424,259968041.0
1682049600,0.08424,0.0847,0.08318,0.08452,332624205.0
1682064000,0.08452,0.08469,0.0832,0.08363,192048272.0
1682078400,0.08363,0.08458,0.083,0.08341,209206804.0
1682092800,0.08341,0.0836,0.07852,0.07889,697927566.0
1682107200,0.07889,0.07918,0.0762,0.07842,516757715.0
1682121600,0.07842,0.079,0.07817,0.07897,129718741.0
1682136000,0.07897,0.07936,0.07865,0.0788,128984823.0
1682150400,0.0788,0.07929,0.0787,0.07901,101583699.0
1682164800,0.07901,0.08061,0.07895,0.08029,200784082.0
1682179200,0.08029,0.08101,0.07978,0.08008,150497351.0
1682193600,0.08008,0.0805,0.07981,0.08028,96174103.0
1682208000,0.08028,0.0805,0.07908,0.08037,132774325.0
1682222400,0.08037,0.08083,0.07984,0.08047,75957009.0
1682236800,0.08047,0.08061,0.07989,0.08027,70470309.0
1682251200,0.08027,0.08048,0.07882,0.07927,122946101.0
1682265600,0.07927,0.07971,0.07651,0.07786,252780704.0
1682280000,0.07786,0.07912,0.07754,0.07878,121198889.0
1682294400,0.07878,0.08,0.07826,0.07943,169025935.0
1682308800,0.07943,0.07947,0.07812,0.07878,96173358.0
1682323200,0.07878,0.07931,0.07824,0.07929,128084412.0
1682337600,0.07929,0.07982,0.07819,0.07832,158889072.0
1682352000,0.07832,0.07914,0.07715,0.0782,195517204.0
1682366400,0.0782,0.07889,0.07808,0.07873,87918712.0
1682380800,0.07873,0.07904,0.07816,0.07833,80513700.0
1682395200,0.07833,0.079,0.07822,0.0784,88516911.0
1682409600,0.0784,0.07882,0.078,0.07873,117415757.0
1682424000,0.07873,0.07903,0.07768,0.07805,107357587.0
1682438400,0.07805,0.07893,0.07752,0.07859,105670711.0
1682452800,0.07859,0.07996,0.07858,0.07976,150294150.0
1682467200,0.07976,0.0804,0.07957,0.07985,128794399.0
1682481600,0.07985,0.0805,0.07983,0.08,89122864.0
1682496000,0.08,0.08212,0.07996,0.08164,236034580.0
1682510400,0.08164,0.08358,0.08163,0.08261,364623335.0
1682524800,0.08261,0.08286,0.07612,0.07725,534041424.0
1682539200,0.07725,0.07899,0.0748,0.07859,529051778.0
1682553600,0.07859,0.08048,0.07837,0.07985,240777907.0
1682568000,0.07985,0.08041,0.07866,0.07972,192699485.0
1682582400,0.07972,0.08006,0.07934,0.07959,123133405.0
1682596800,0.07959,0.08066,0.07883,0.08012,201077141.0
1682611200,0.08012,0.081,0.07966,0.08039,145344906.0
1682625600,0.08039,0.08066,0.0796,0.08014,127034493.0
1682640000,0.08014,0.08033,0.07984,0.07994,51201370.0
1682654400,0.07994,0.08074,0.07992,0.0805,75248456.0
1682668800,0.0805,0.0805,0.07973,0.07994,82407868.0
1682683200,0.07994,0.08038,0.07892,0.07992,136644237.0
1682697600,0.07992,0.08046,0.07974,0.08006,83378153.0
1682712000,0.08006,0.08049,0.08005,0.08033,61430774.0
1682726400,0.08033,0.08106,0.08019,0.08084,73810708.0
1682740800,0.08084,0.0812,0.08067,0.08075,72327125.0
1682755200,0.08075,0.08112,0.0805,0.08111,83912839.0
1682769600,0.08111,0.08141,0.08078,0.08097,87046456.0
1682784000,0.08097,0.08191,0.08049,0.08172,158463919.0
1682798400,0.08172,0.08197,0.08111,0.08157,115133391.0
1682812800,0.08157,0.08158,0.08069,0.08102,63680138.0
1682827200,0.08102,0.0816,0.08096,0.08113,62926057.0
1682841600,0.08113,0.08145,0.08073,0.08088,91510065.0
1682856000,0.08088,0.08174,0.08069,0.08122,110283727.0
1682870400,0.08122,0.08157,0.07976,0.08011,128674327.0
1682884800,0.08011,0.08015,0.07923,0.07951,127911340.0
1682899200,0.07951,0.08003,0.07766,0.07851,214650899.0
1682913600,0.07851,0.07929,0.07835,0.07888,72899965.0
1682928000,0.07888,0.079,0.07866,0.07883,47663813.0
1682942400,0.07883,0.07907,0.07806,0.07832,107165188.0
1682956800,0.07832,0.07885,0.07733,0.07782,157643632.0
1682971200,0.07782,0.07892,0.07775,0.07882,87337127.0
1682985600,0.07882,0.07905,0.07818,0.07858,56649287.0
1683000000,0.07858,0.07885,0.0783,0.07854,57484371.0
1683014400,0.07854,0.07872,0.07808,0.07832,58184822.0
1683028800,0.07832,0.07899,0.07754,0.07868,119211947.0
1683043200,0.07868,0.0791,0.07828,0.07873,95828169.0
1683057600,0.07873,0.07901,0.07868,0.07876,41935668.0
1683072000,0.07876,0.07878,0.07806,0.07827,70985647.0
1683086400,0.07827,0.0786,0.07817,0.07824,47826223.0
1683100800,0.07824,0.07852,0.07766,0.07772,76688726.0
1683115200,0.07772,0.07799,0.07711,0.07773,131269717.0
1683129600,0.07773,0.07862,0.07753,0.07775,151488798.0
1683144000,0.07775,0.08072,0.07768,0.07962,188529376.0
1683158400,0.07962,0.0797,0.07915,0.07946,77052088.0
1683172800,0.07946,0.07956,0.07918,0.07929,41066932.0
1683187200,0.07929,0.07956,0.07892,0.07896,71628193.0
1683201600,0.07896,0.07913,0.07794,0.0782,139089701.0
1683216000,0.0782,0.07962,0.07807,0.07855,136210847.0
1683230400,0.07855,0.07856,0.07811,0.07838,56578372.0
1683244800,0.07838,0.07923,0.07813,0.07855,81576455.0
1683259200,0.07855,0.0789,0.07849,0.07869,43426596.0
1683273600,0.07869,0.07874,0.07846,0.07861,43055131.0
1683288000,0.07861,0.07903,0.07705,0.07859,192103802.0
1683302400,0.07859,0.07949,0.07858,0.07941,162971858.0
1683316800,0.07941,0.08147,0.07915,0.08017,228426749.0
1683331200,0.08017,0.08049,0.07878,0.0791,113403277.0
1683345600,0.0791,0.07927,0.07864,0.07874,60820234.0
1683360000,0.07874,0.07875,0.07762,0.07809,189678957.0
1683374400,0.07809,0.0781,0.07566,0.07642,320117098.0
1683388800,0.07642,0.07752,0.07636,0.07695,121127336.0
1683403200,0.07695,0.07711,0.0765,0.07672,61015015.0
1683417600,0.07672,0.07718,0.07646,0.07676,99446543.0
1683432000,0.07676,0.07705,0.07667,0.07697,46941891.0
1683446400,0.07697,0.07712,0.07675,0.07687,45016392.0
1683460800,0.07687,0.07756,0.0767,0.07728,78518024.0
1683475200,0.07728,0.07746,0.07677,0.07709,93926841.0
1683489600,0.07709,0.07749,0.07617,0.07652,76436562.0
1683504000,0.07652,0.07711,0.07332,0.0753,220504514.0
1683518400,0.0753,0.07533,0.07378,0.07442,104981350.0
1683532800,0.07442,0.07511,0.07407,0.07499,89892849.0
1683547200,0.07499,0.0751,0.07404,0.07445,87234169.0
1683561600,0.07445,0.07454,0.06982,0.07193,449684782.0
1683576000,0.07193,0.07244,0.07148,0.07239,134542390.0
1683590400,0.07239,0.07287,0.07206,0.07245,99038778.0
1683604800,0.07245,0.07289,0.07208,0.0728,101945884.0
1683619200,0.0728,0.07302,0.07227,0.07297,85965748.0
1683633600,0.07297,0.07333,0.07242,0.07253,125797675.0
1683648000,0.07253,0.07329,0.0723,0.07296,125538701.0
1683662400,0.07296,0.07317,0.07264,0.0731,43049714.0
1683676800,0.0731,0.07353,0.07298,0.07318,54850849.0
1683691200,0.07318,0.07346,0.07283,0.07285,56409672.0
1683705600,0.07285,0.07294,0.07248,0.07289,69859788.0
1683720000,0.07289,0.0747,0.07245,0.07394,185843203.0
1683734400,0.07394,0.07419,0.07033,0.07331,371655018.0
1683748800,0.07331,0.07389,0.07276,0.07312,91538912.0
1683763200,0.07312,0.07317,0.07226,0.07246,54374556.0
1683777600,0.07246,0.07282,0.07232,0.07235,52487356.0
1683792000,0.07235,0.07236,0.07129,0.0719,86989134.0
1683806400,0.0719,0.07246,0.07032,0.07084,166321932.0
1683820800,0.07084,0.0717,0.06908,0.07035,286414548.0
1683835200,0.07035,0.07295,0.07023,0.07193,139983755.0
1683849600,0.07193,0.07203,0.07029,0.07074,110103153.0
1683864000,0.07074,0.07161,0.06933,0.07023,225119890.0
1683878400,0.07023,0.07275,0.07015,0.07171,187424470.0
1683892800,0.07171,0.0721,0.07088,0.07108,123461071.0
1683907200,0.07108,0.07156,0.06969,0.0713,211429583.0
1683921600,0.0713,0.07263,0.07101,0.07235,119855622.0
1683936000,0.07235,0.0724,0.07187,0.07211,66726413.0
1683950400,0.07211,0.07219,0.07171,0.072,54291223.0
1683964800,0.072,0.0722,0.0718,0.07188,53782406.0
1683979200,0.07188,0.07204,0.0713,0.07159,72571484.0
1683993600,0.07159,0.07222,0.07144,0.07164,51707449.0
1684008000,0.07164,0.07206,0.0716,0.07167,32311158.0
1684022400,0.07167,0.07209,0.07111,0.07188,39528500.0
1684036800,0.07188,0.07225,0.07178,0.07205,40145973.0
1684051200,0.07205,0.07217,0.07188,0.07193,25357713.0
1684065600,0.07193,0.07265,0.07183,0.07246,57375367.0
1684080000,0.07246,0.07251,0.07131,0.07159,44567377.0
1684094400,0.07159,0.07207,0.07144,0.07196,32932401.0
1684108800,0.07196,0.07368,0.07084,0.07272,169015859.0
1684123200,0.07272,0.0733,0.07257,0.07312,88675872.0
1684137600,0.07312,0.07315,0.07243,0.07247,61551758.0
1684152000,0.07247,0.07286,0.07207,0.0726,69680491.0
1684166400,0.0726,0.07287,0.07196,0.07231,72488012.0
1684180800,0.07231,0.07248,0.07174,0.07191,40025557.0
1684195200,0.07191,0.07227,0.07087,0.07173,94805072.0
1684209600,0.07173,0.07234,0.07158,0.07222,42995096.0
1684224000,0.07222,0.07236,0.07187,0.072,44708720.0
1684238400,0.072,0.07233,0.0715,0.07205,63019691.0
1684252800,0.07205,0.07238,0.07178,0.07187,47277911.0
1684267200,0.07187,0.07325,0.07177,0.07275,64037915.0
1684281600,0.07275,0.07357,0.07239,0.07322,80672166.0
1684296000,0.07322,0.07338,0.07242,0.07257,66653208.0
1684310400,0.07257,0.07455,0.07228,0.07266,186808315.0
1684324800,0.07266,0.07412,0.07258,0.07324,143329855.0
1684339200,0.07324,0.07547,0.07306,0.07502,206537885.0
1684353600,0.07502,0.07537,0.07476,0.07483,79339953.0
1684368000,0.07483,0.07492,0.07445,0.07455,86910009.0
1684382400,0.07455,0.07461,0.07363,0.07406,91160551.0
1684396800,0.07406,0.07467,0.07372,0.07455,91950927.0
1684411200,0.07455,0.0746,0.07336,0.07366,147965154.0
1684425600,0.07366,0.07422,0.07161,0.07247,223550194.0
1684440000,0.07247,0.07492,0.07227,0.07344,150878836.0
1684454400,0.07344,0.07371,0.073,0.07351,62658919.0
1684468800,0.07351,0.07398,0.07346,0.07364,52512653.0
1684483200,0.07364,0.07385,0.0733,0.07337,50826160.0
1684497600,0.07337,0.07406,0.07311,0.07362,86117206.0
1684512000,0.07362,0.07394,0.07326,0.07356,46229703.0
1684526400,0.07356,0.07373,0.07337,0.0735,37647952.0
1684540800,0.0735,0.07354,0.07306,0.07338,33168031.0
1684555200,0.07338,0.07348,0.07327,0.07335,14942662.0
1684569600,0.07335,0.07348,0.07316,0.07322,26099268.0
1684584000,0.07322,0.07345,0.07314,0.0734,42005838.0
1684598400,0.0734,0.07389,0.07312,0.07361,53701142.0
1684612800,0.07361,0.07384,0.0735,0.07361,33166416.0
1684627200,0.07361,0.074,0.07361,0.07376,38093194.0
1684641600,0.07376,0.07391,0.07361,0.07364,18388665.0
1684656000,0.07364,0.07377,0.07306,0.07318,39852182.0
1684670400,0.07318,0.0734,0.072,0.07221,81675670.0
1684684800,0.07221,0.07239,0.072,0.07235,70165994.0
1684699200,0.07235,0.07238,0.07198,0.07212,65448783.0
1684713600,0.07212,0.0724,0.07071,0.07147,99208720.0
1684728000,0.07147,0.07202,0.07146,0.07171,41074664.0
1684742400,0.07171,0.07402,0.07168,0.0732,158858315.0
1684756800,0.0732,0.07337,0.07271,0.07283,84565437.0
1684771200,0.07283,0.07315,0.07246,0.07298,43273554.0
1684785600,0.07298,0.07323,0.0729,0.07291,34532499.0
1684800000,0.07291,0.07396,0.07273,0.07379,62629525.0
1684814400,0.07379,0.07386,0.07292,0.07327,52624292.0
1684828800,0.07327,0.07344,0.07296,0.07311,53183770.0
1684843200,0.07311,0.07311,0.07255,0.07293,74856079.0
1684857600,0.07293,0.07294,0.07241,0.07271,63362230.0
1684872000,0.07271,0.07289,0.0726,0.07289,28309631.0
1684886400,0.07289,0.07289,0.07124,0.07136,93293458.0
1684900800,0.07136,0.07148,0.07087,0.07109,145186169.0
1684915200,0.07109,0.07138,0.0709,0.071,76008084.0
1684929600,0.071,0.07125,0.06931,0.0705,214645702.0
1684944000,0.0705,0.07087,0.07,0.07068,63885415.0
1684958400,0.07068,0.07115,0.07062,0.07064,37140958.0
1684972800,0.07064,0.0708,0.06856,0.07022,159739146.0
1684987200,0.07022,0.07077,0.07016,0.07024,61413417.0
1685001600,0.07024,0.0706,0.07019,0.07055,51295403.0
1685016000,0.07055,0.07116,0.06989,0.07,91788961.0
1685030400,0.07,0.07113,0.06992,0.07071,91140328.0
1685044800,0.07071,0.07102,0.07061,0.07088,30685436.0
1685059200,0.07088,0.07105,0.07044,0.07071,57467262.0
1685073600,0.07071,0.0709,0.07037,0.07086,40339574.0
1685088000,0.07086,0.07095,0.07066,0.07086,40513253.0
1685102400,0.07086,0.07137,0.07066,0.07113,88784490.0
1685116800,0.07113,0.07114,0.0703,0.07108,152370804.0
1685131200,0.07108,0.07119,0.07085,0.07097,28717449.0
1685145600,0.07097,0.07142,0.07082,0.0714,27271730.0
1685160000,0.0714,0.07188,0.07129,0.07149,57956476.0
1685174400,0.07149,0.07156,0.07126,0.0713,29816012.0
1685188800,0.0713,0.07153,0.0707,0.07126,44434389.0
1685203200,0.07126,0.07166,0.07108,0.0716,52770058.0
1685217600,0.0716,0.07344,0.07151,0.07255,156847912.0
1685232000,0.07255,0.07333,0.07238,0.07286,93855606.0
1685246400,0.07286,0.07303,0.07254,0.07276,34834510.0
1685260800,0.07276,0.07278,0.07186,0.07247,107515985.0
1685275200,0.07247,0.0726,0.07211,0.07258,46593651.0
1685289600,0.07258,0.0732,0.07235,0.0728,57075975.0
1685304000,0.0728,0.07396,0.07279,0.07352,95066659.0
1685318400,0.07352,0.074,0.07313,0.0732,83358404.0
1685332800,0.0732,0.07338,0.07288,0.0732,42966448.0
1685347200,0.0732,0.07339,0.07291,0.07328,43805361.0
1685361600,0.07328,0.07352,0.07283,0.07288,63231473.0
1685376000,0.07288,0.07332,0.07261,0.0731,42725236.0
1685390400,0.0731,0.07337,0.0728,0.07313,34200845.0
1685404800,0.07313,0.07335,0.07287,0.0732,38528597.0
1685419200,0.0732,0.07329,0.07198,0.07239,119273118.0
1685433600,0.07239,0.07346,0.07238,0.07327,90406233.0
1685448000,0.07327,0.0733,0.07212,0.07244,108975596.0
1685462400,0.07244,0.0726,0.07211,0.07232,62577428.0
1685476800,0.07232,0.07257,0.07218,0.07231,45631864.0
1685491200,0.07231,0.07268,0.07155,0.07242,74519304.0
1685505600,0.07242,0.07243,0.07111,0.07154,120070129.0
1685520000,0.07154,0.0717,0.07122,0.07133,48316878.0
1685534400,0.07133,0.07146,0.07051,0.07115,72641706.0
1685548800,0.07115,0.07171,0.07101,0.07154,36738732.0
1685563200,0.07154,0.0717,0.07121,0.07165,24914043.0
1685577600,0.07165,0.07198,0.07071,0.07132,84633614.0
1685592000,0.07132,0.0719,0.07126,0.07148,45199096.0
1685606400,0.07148,0.07187,0.07138,0.07183,35413000.0
1685620800,0.07183,0.07194,0.07147,0.07168,65290432.0
1685635200,0.07168,0.07219,0.07137,0.07189,75294705.0
1685649600,0.07189,0.07192,0.07126,0.07142,31591655.0
1685664000,0.07142,0.07199,0.0709,0.07196,56432280.0
1685678400,0.07196,0.07224,0.07183,0.07205,55845830.0
1685692800,0.07205,0.07232,0.07197,0.07213,36363581.0
1685707200,0.07213,0.07224,0.07155,0.07224,88933827.0
1685721600,0.07224,0.07331,0.07196,0.07293,101669958.0
1685736000,0.07293,0.07297,0.07235,0.07256,47147236.0
1685750400,0.07256,0.0726,0.07217,0.0724,29407742.0
1685764800,0.0724,0.07269,0.07236,0.07255,32562095.0
1685779200,0.07255,0.07258,0.07235,0.07252,27111467.0
1685793600,0.07252,0.07281,0.07248,0.0728,44197385.0
1685808000,0.0728,0.07298,0.07222,0.07236,52740101.0
1685822400,0.07236,0.07273,0.07219,0.0727,27904024.0
1685836800,0.0727,0.07291,0.07242,0.07258,46355928.0
1685851200,0.07258,0.07297,0.07256,0.07285,27822063.0
1685865600,0.07285,0.07309,0.07275,0.07287,39983793.0
1685880000,0.07287,0.073,0.07261,0.07268,47425470.0
1685894400,0.07268,0.073,0.0726,0.07288,43444267.0
1685908800,0.07288,0.07334,0.07232,0.07249,68253179.0
1685923200,0.07249,0.07269,0.07131,0.07157,99791118.0
1685937600,0.07157,0.07177,0.07143,0.07175,54844357.0
1685952000,0.07175,0.07187,0.0716,0.07181,38958701.0
1685966400,0.07181,0.07182,0.06815,0.06824,177934959.0
1685980800,0.06824,0.06843,0.06311,0.06663,757425666.0
1685995200,0.06663,0.06689,0.0652,0.0664,264335803.0
1686009600,0.0664,0.06677,0.06611,0.06667,110598932.0
1686024000,0.06667,0.06679,0.06645,0.06651,96595537.0
1686038400,0.06651,0.06689,0.06637,0.06677,109074671.0
1686052800,0.06677,0.06904,0.06585,0.06834,372127047.0
1686067200,0.06834,0.07199,0.06825,0.07107,347062635.0
1686081600,0.07107,0.07121,0.06986,0.07025,134806781.0
1686096000,0.07025,0.07032,0.06923,0.0695,85088850.0
1686110400,0.0695,0.06995,0.06932,0.06937,60036006.0
1686124800,0.06937,0.0695,0.06754,0.06824,172871932.0
1686139200,0.06824,0.06827,0.06672,0.06715,207293136.0
1686153600,0.06715,0.06784,0.06685,0.06769,97051832.0
1686168000,0.06769,0.06769,0.06668,0.06728,65492063.0
1686182400,0.06728,0.06779,0.06698,0.06736,48218703.0
1686196800,0.06736,0.06814,0.06717,0.06778,86666982.0
1686211200,0.06778,0.06811,0.06748,0.06799,52708658.0
1686225600,0.06799,0.0685,0.06778,0.06805,101897003.0
1686240000,0.06805,0.06815,0.06737,0.06807,42858785.0
1686254400,0.06807,0.06816,0.0677,0.06796,34584288.0
1686268800,0.06796,0.06811,0.06729,0.06786,59387315.0
1686283200,0.06786,0.06798,0.06755,0.06777,38638597.0
1686297600,0.06777,0.06811,0.06767,0.06797,41804774.0
1686312000,0.06797,0.07119,0.06796,0.06884,371670720.0
1686326400,0.06884,0.06901,0.06825,0.06838,70314805.0
1686340800,0.06838,0.0697,0.06828,0.06947,82712522.0
1686355200,0.06947,0.07196,0.06757,0.06775,412830403.0
1686369600,0.06775,0.06818,0.053,0.06012,1347515976.0
1686384000,0.06012,0.06044,0.05918,0.05992,331845128.0
1686398400,0.05992,0.06036,0.05866,0.06019,316922310.0
1686412800,0.06019,0.06253,0.06002,0.06134,282478950.0
1686427200,0.06134,0.06233,0.06113,0.06175,90118336.0
1686441600,0.06175,0.06193,0.06121,0.06163,80475359.0
1686456000,0.06163,0.06289,0.06109,0.06187,171094395.0
1686470400,0.06187,0.06232,0.06151,0.06202,87266605.0
1686484800,0.06202,0.06227,0.06116,0.06127,90053411.0
1686499200,0.06127,0.06233,0.06122,0.06198,74175361.0
1686513600,0.06198,0.06256,0.06092,0.06151,77397187.0
1686528000,0.06151,0.06157,0.05975,0.06063,116071620.0
1686542400,0.06063,0.06115,0.06041,0.06059,72708384.0
1686556800,0.06059,0.0617,0.0604,0.0613,97875857.0
1686571200,0.0613,0.06135,0.06074,0.06094,64217363.0
1686585600,0.06094,0.06164,0.06051,0.06129,87535098.0
1686600000,0.06129,0.06165,0.06119,0.06143,46842701.0
1686614400,0.06143,0.06218,0.06118,0.06196,74282173.0
1686628800,0.06196,0.06206,0.06156,0.06184,43168727.0
1686643200,0.06184,0.06228,0.06168,0.06205,67165822.0
1686657600,0.06205,0.06284,0.06006,0.0607,176228345.0
1686672000,0.0607,0.0617,0.06068,0.06153,74693659.0
1686686400,0.06153,0.06175,0.06135,0.06175,34021399.0
1686700800,0.06175,0.06219,0.06161,0.06198,45666155.0
1686715200,0.06198,0.06204,0.06161,0.06171,32864931.0
1686729600,0.06171,0.06206,0.06165,0.06197,33905103.0
1686744000,0.06197,0.0621,0.06164,0.0618,49044101.0
1686758400,0.0618,0.06209,0.06093,0.06145,96517523.0
1686772800,0.06145,0.06146,0.05811,0.06038,384702591.0
1686787200,0.06038,0.0604,0.05977,0.06018,49596065.0
1686801600,0.06018,0.0604,0.05975,0.06021,66926319.0
1686816000,0.06021,0.06174,0.06007,0.06109,173559748.0
1686830400,0.06109,0.06173,0.06088,0.06101,113305032.0
1686844800,0.06101,0.06188,0.06046,0.06159,78512770.0
1686859200,0.06159,0.062,0.0611,0.06153,52509678.0
1686873600,0.06153,0.06184,0.06114,0.06176,50756985.0
1686888000,0.06176,0.06214,0.06166,0.06169,51557684.0
1686902400,0.06169,0.06198,0.06091,0.06139,90323086.0
1686916800,0.06139,0.06185,0.06069,0.06177,131674156.0
1686931200,0.06177,0.06282,0.06145,0.06229,123387454.0
1686945600,0.06229,0.06257,0.06172,0.06219,53482059.0
1686960000,0.06219,0.06222,0.06166,0.06193,64200914.0
1686974400,0.06193,0.06297,0.06185,0.06253,99235128.0
1686988800,0.06253,0.06278,0.06227,0.06245,65974137.0
1687003200,0.06245,0.06254,0.06186,0.06221,68261538.0
1687017600,0.06221,0.06241,0.06201,0.06214,34776962.0
1687032000,0.06214,0.0624,0.06204,0.0622,26066997.0
1687046400,0.0622,0.06224,0.0612,0.06189,79194774.0
1687060800,0.06189,0.06208,0.06153,0.0618,53489719.0
1687075200,0.0618,0.06265,0.06179,0.06219,73544231.0
1687089600,0.06219,0.06399,0.06193,0.06294,171258821.0
1687104000,0.06294,0.06345,0.06258,0.06275,91486356.0
1687118400,0.06275,0.06283,0.06107,0.06212,147174619.0
1687132800,0.06212,0.06216,0.06165,0.06192,35004604.0
1687147200,0.06192,0.06217,0.0618,0.06201,34184697.0
1687161600,0.06201,0.06218,0.06175,0.06196,37304289.0
1687176000,0.06196,0.06224,0.06154,0.06194,59690269.0
1687190400,0.06194,0.06285,0.06151,0.06229,113209791.0
1687204800,0.06229,0.06259,0.06217,0.06245,34305823.0
1687219200,0.06245,0.06282,0.06225,0.0623,44039252.0
1687233600,0.0623,0.0624,0.062,0.06207,37997828.0
1687248000,0.06207,0.06208,0.06176,0.06203,36994165.0
1687262400,0.06203,0.06209,0.06074,0.06142,91555452.0
1687276800,0.06142,0.06275,0.06124,0.06252,135492746.0
1687291200,0.06252,0.06314,0.06235,0.06313,92341163.0
1687305600,0.06313,0.06434,0.06284,0.064,132561154.0
1687320000,0.064,0.0649,0.06373,0.06444,141309041.0
1687334400,0.06444,0.06446,0.06378,0.06413,99122976.0
1687348800,0.06413,0.06518,0.06356,0.0649,173730310.0
1687363200,0.0649,0.06677,0.06451,0.06583,309726111.0
1687377600,0.06583,0.066,0.06502,0.06561,92032396.0
1687392000,0.06561,0.06938,0.06557,0.06855,277162852.0
1687406400,0.06855,0.06877,0.06722,0.0684,138587114.0
1687420800,0.0684,0.06856,0.06502,0.06582,223098908.0
1687435200,0.06582,0.06706,0.06515,0.06609,190565495.0
1687449600,0.06609,0.06662,0.06573,0.06643,77453978.0
1687464000,0.06643,0.06652,0.06542,0.06555,91354523.0
1687478400,0.06555,0.06633,0.06555,0.06624,54304851.0
1687492800,0.06624,0.06677,0.06612,0.06653,52670363.0
1687507200,0.06653,0.06666,0.06585,0.06625,74075305.0
1687521600,0.06625,0.06813,0.06525,0.06786,182159093.0
1687536000,0.06786,0.07013,0.06715,0.06834,346258694.0
1687550400,0.06834,0.0688,0.06754,0.06823,70858774.0
1687564800,0.06823,0.0683,0.06684,0.06801,132427363.0
1687579200,0.06801,0.06843,0.06747,0.0676,140665103.0
1687593600,0.0676,0.06809,0.06734,0.06787,75222727.0
1687608000,0.06787,0.06813,0.06505,0.06583,164341046.0
1687622400,0.06583,0.06683,0.0653,0.06672,86726721.0
1687636800,0.06672,0.06677,0.066,0.06669,39556221.0
1687651200,0.06669,0.06765,0.06641,0.06758,63493134.0
1687665600,0.06758,0.068,0.06722,0.06769,71079155.0
1687680000,0.06769,0.06799,0.06733,0.06774,55864056.0
1687694400,0.06774,0.06786,0.06635,0.06697,80655569.0
1687708800,0.06697,0.06728,0.06645,0.06706,67181231.0
1687723200,0.06706,0.06723,0.0665,0.06672,40506702.0
1687737600,0.06672,0.06681,0.06521,0.06591,151581205.0
1687752000,0.06591,0.06641,0.06548,0.06608,74431668.0
1687766400,0.06608,0.06623,0.06546,0.06593,72225132.0
1687780800,0.06593,0.06665,0.0655,0.06613,86612426.0
1687795200,0.06613,0.06618,0.06408,0.06494,211236609.0
1687809600,0.06494,0.0651,0.06319,0.06474,114287969.0
1687824000,0.06474,0.06565,0.06441,0.06531,89043639.0
1687838400,0.06531,0.06547,0.06471,0.06532,79212302.0
1687852800,0.06532,0.06577,0.06496,0.06546,89596487.0
1687867200,0.06546,0.06579,0.06433,0.06476,120046928.0
1687881600,0.06476,0.06566,0.06457,0.06547,54778711.0
1687896000,0.06547,0.06571,0.06533,0.06556,44419810.0
1687910400,0.06556,0.06562,0.06453,0.06508,66383077.0
1687924800,0.06508,0.06596,0.06365,0.06413,160895285.0
1687939200,0.06413,0.06459,0.06372,0.0644,46904945.0
1687953600,0.0644,0.06464,0.06364,0.06442,86173523.0
1687968000,0.06442,0.06451,0.06013,0.06189,206402213.0
1687982400,0.06189,0.06286,0.06135,0.06257,133266547.0
1687996800,0.06257,0.06307,0.06241,0.06264,92135007.0
1688011200,0.06264,0.063,0.06256,0.06289,52790620.0
1688025600,0.06289,0.06397,0.06284,0.06392,84902094.0
1688040000,0.06392,0.0641,0.06312,0.06333,89408707.0
1688054400,0.06333,0.0638,0.0629,0.06338,82761622.0
1688068800,0.06338,0.06363,0.06277,0.06342,48378339.0
1688083200,0.06342,0.06555,0.06286,0.06536,134062088.0
1688097600,0.06536,0.06593,0.06465,0.06533,130004095.0
1688112000,0.06533,0.06698,0.0652,0.0663,200893339.0
1688126400,0.0663,0.06676,0.06101,0.06405,324091787.0
1688140800,0.06405,0.06649,0.06375,0.06592,239997003.0
1688155200,0.06592,0.06685,0.06545,0.06646,85178597.0
1688169600,0.06646,0.0728,0.06641,0.06959,717522604.0
1688184000,0.06959,0.07006,0.06776,0.06808,274712833.0
1688198400,0.06808,0.06854,0.06702,0.06767,127451416.0
1688212800,0.06767,0.06832,0.06753,0.06774,123329062.0
1688227200,0.06774,0.06884,0.06774,0.06816,161277846.0
1688241600,0.06816,0.06878,0.068,0.06851,76584626.0
1688256000,0.06851,0.06857,0.06652,0.06686,245620566.0
1688270400,0.06686,0.0674,0.06656,0.06728,73464624.0
1688284800,0.06728,0.0675,0.06695,0.06733,104187444.0
1688299200,0.06733,0.06745,0.066,0.06696,143584608.0
1688313600,0.06696,0.0692,0.06693,0.06799,287704310.0
1688328000,0.06799,0.06859,0.06762,0.06801,90664234.0
1688342400,0.06801,0.06846,0.06746,0.06828,77680889.0
1688356800,0.06828,0.06866,0.06764,0.06814,108364463.0
1688371200,0.06814,0.06835,0.06757,0.06795,90740540.0
1688385600,0.06795,0.06829,0.06721,0.0682,107282270.0
1688400000,0.0682,0.06878,0.06731,0.06852,118163572.0
1688414400,0.06852,0.06868,0.06775,0.06845,64399185.0
1688428800,0.06845,0.06978,0.06774,0.06892,156467858.0
1688443200,0.06892,0.06899,0.06794,0.06806,93633216.0
1688457600,0.06806,0.0684,0.06764,0.06838,87970381.0
1688472000,0.06838,0.07094,0.06824,0.07035,349736857.0
1688486400,0.07035,0.07186,0.06798,0.06877,290462553.0
1688500800,0.06877,0.06931,0.06835,0.0689,73607328.0
1688515200,0.0689,0.06936,0.06841,0.06913,75191201.0
1688529600,0.06913,0.06915,0.06867,0.06888,53937248.0
1688544000,0.06888,0.06889,0.066,0.06648,179598261.0
1688558400,0.06648,0.06711,0.06558,0.06625,182438056.0
1688572800,0.06625,0.06715,0.06614,0.06686,57824171.0
1688587200,0.06686,0.06718,0.06671,0.06701,43374306.0
1688601600,0.06701,0.06725,0.066,0.06719,90854436.0
1688616000,0.06719,0.068,0.0668,0.06774,71835014.0
1688630400,0.06774,0.06858,0.06644,0.06695,152783426.0
1688644800,0.06695,0.06707,0.06466,0.06582,187147366.0
1688659200,0.06582,0.06639,0.06517,0.06586,51437728.0
1688673600,0.06586,0.06617,0.06474,0.06485,66257326.0
1688688000,0.06485,0.06571,0.0641,0.06548,78691854.0
1688702400,0.06548,0.06569,0.065,0.06523,67021598.0
1688716800,0.06523,0.06562,0.06499,0.06522,52707529.0
1688731200,0.06522,0.06587,0.06486,0.06562,106680180.0
1688745600,0.06562,0.06581,0.06506,0.06518,56391852.0
1688760000,0.06518,0.06557,0.06487,0.0654,48531252.0
1688774400,0.0654,0.06563,0.06508,0.06511,54703070.0
1688788800,0.06511,0.06531,0.06474,0.06528,37526553.0
1688803200,0.06528,0.06562,0.06505,0.06535,41730800.0
1688817600,0.06535,0.0655,0.06514,0.06535,28494470.0
1688832000,0.06535,0.06577,0.06514,0.06522,59598752.0
1688846400,0.06522,0.06608,0.06493,0.06573,56621143.0
1688860800,0.06573,0.06627,0.06562,0.06625,60894686.0
1688875200,0.06625,0.06636,0.06546,0.06565,53336611.0
1688889600,0.06565,0.06602,0.06555,0.06595,34388949.0
1688904000,0.06595,0.06617,0.0651,0.06566,64837636.0
1688918400,0.06566,0.06583,0.06546,0.06548,27304014.0
1688932800,0.06548,0.06567,0.06513,0.06536,38318593.0
1688947200,0.06536,0.06542,0.06326,0.06475,155628597.0
1688961600,0.06475,0.06491,0.06422,0.06449,55066361.0
1688976000,0.06449,0.06487,0.06385,0.06471,85346630.0
1688990400,0.06471,0.06498,0.06447,0.06478,56913575.0
1689004800,0.06478,0.06656,0.0645,0.06582,172704320.0
1689019200,0.06582,0.06619,0.06483,0.06523,90703884.0
1689033600,0.06523,0.06541,0.06454,0.06526,58151313.0
1689048000,0.06526,0.06551,0.06515,0.06532,41451458.0
1689062400,0.06532,0.06536,0.06474,0.0649,51996318.0
1689076800,0.0649,0.06513,0.06447,0.06478,71439282.0
1689091200,0.06478,0.0649,0.06437,0.06472,50700348.0
1689105600,0.06472,0.06534,0.06469,0.06528,39275663.0
1689120000,0.06528,0.06543,0.06512,0.06522,27608165.0
1689134400,0.06522,0.06558,0.06515,0.06543,31947999.0
1689148800,0.06543,0.06544,0.0652,0.06538,27201957.0
1689163200,0.06538,0.0657,0.06475,0.06483,84332901.0
1689177600,0.06483,0.06503,0.06365,0.0642,88039474.0
1689192000,0.0642,0.06545,0.06412,0.06503,53273631.0
1689206400,0.06503,0.06515,0.06461,0.06471,36600536.0
1689220800,0.06471,0.06499,0.06455,0.06483,38957624.0
1689235200,0.06483,0.06547,0.06477,0.06537,68464244.0
1689249600,0.06537,0.06747,0.06506,0.06746,193178601.0
1689264000,0.06746,0.0706,0.06681,0.07011,837314385.0
1689278400,0.07011,0.07168,0.06865,0.07042,397838408.0
1689292800,0.07042,0.07227,0.07027,0.07089,277814279.0
1689307200,0.07089,0.07119,0.06986,0.07012,158802756.0
1689321600,0.07012,0.07066,0.06943,0.07016,149304279.0
1689336000,0.07016,0.07311,0.06973,0.07268,247967739.0
1689350400,0.07268,0.07274,0.06612,0.06793,541250397.0
1689364800,0.06793,0.06865,0.06757,0.06849,126791050.0
1689379200,0.06849,0.06874,0.06769,0.06795,117286807.0
1689393600,0.06795,0.07507,0.06793,0.07316,663906402.0
1689408000,0.07316,0.07522,0.0725,0.07398,700276123.0
1689422400,0.07398,0.0742,0.07153,0.07291,440757748.0
1689436800,0.07291,0.07362,0.07189,0.0724,283295866.0
1689451200,0.0724,0.0728,0.07112,0.07197,127889832.0
1689465600,0.07197,0.07221,0.06932,0.07065,246382500.0
1689480000,0.07065,0.07118,0.07033,0.07094,131380463.0
1689494400,0.07094,0.07139,0.07061,0.07117,132124481.0
1689508800,0.07117,0.07168,0.07075,0.0712,161931093.0
1689523200,0.0712,0.07128,0.0693,0.06937,159588348.0
1689537600,0.06937,0.07018,0.06891,0.06952,99260010.0
1689552000,0.06952,0.07049,0.06906,0.07046,67671648.0
1689566400,0.07046,0.07325,0.06993,0.07109,349076081.0
1689580800,0.07109,0.07144,0.06752,0.06938,294659687.0
1689595200,0.06938,0.07028,0.06864,0.06959,134035950.0
1689609600,0.06959,0.06995,0.0678,0.06897,193465624.0
1689624000,0.06897,0.07005,0.06875,0.06982,64174163.0
1689638400,0.06982,0.07032,0.06969,0.06981,52352773.0
1689652800,0.06981,0.06988,0.06847,0.06896,95495360.0
1689667200,0.06896,0.06922,0.06764,0.06801,151971488.0
1689681600,0.06801,0.06872,0.06756,0.06844,126705446.0
1689696000,0.06844,0.06876,0.06703,0.06796,106864124.0
1689710400,0.06796,0.06867,0.06767,0.06866,55511234.0
1689724800,0.06866,0.06969,0.06844,0.06953,72340029.0
1689739200,0.06953,0.06983,0.0688,0.06895,92547487.0
1689753600,0.06895,0.06963,0.06823,0.06924,78264429.0
1689768000,0.06924,0.07235,0.06835,0.07131,305126511.0
1689782400,0.07131,0.07131,0.06946,0.07087,262035770.0
1689796800,0.07087,0.07091,0.06956,0.07003,130764807.0
1689811200,0.07003,0.07101,0.06971,0.07028,91759394.0
1689825600,0.07028,0.07098,0.06993,0.0707,98481074.0
1689840000,0.0707,0.0739,0.07067,0.07231,666222111.0
1689854400,0.07231,0.07289,0.06984,0.07063,324661085.0
1689868800,0.07063,0.0709,0.0694,0.06995,133928209.0
1689883200,0.06995,0.07064,0.06926,0.07062,79496215.0
1689897600,0.07062,0.07234,0.07026,0.07172,153158241.0
1689912000,0.07172,0.07284,0.07106,0.07132,246546798.0
1689926400,0.07132,0.07246,0.07122,0.07208,167481791.0
1689940800,0.07208,0.07688,0.07207,0.07401,779194475.0
1689955200,0.07401,0.07406,0.07222,0.07273,247563802.0
1689969600,0.07273,0.07376,0.07251,0.07322,120377945.0
1689984000,0.07322,0.0733,0.07229,0.07252,123433654.0
1689998400,0.07252,0.07291,0.07184,0.07255,121905225.0
1690012800,0.07255,0.07292,0.07017,0.07159,272260357.0
1690027200,0.07159,0.07186,0.07141,0.07166,95047016.0
1690041600,0.07166,0.07172,0.07087,0.07121,87768979.0
1690056000,0.07121,0.07136,0.06963,0.07047,116781229.0
1690070400,0.07047,0.07116,0.06997,0.07089,61830547.0
1690084800,0.07089,0.07226,0.07089,0.07181,132519581.0
1690099200,0.07181,0.07277,0.07173,0.07188,148769560.0
1690113600,0.07188,0.07237,0.07174,0.07201,86973598.0
1690128000,0.07201,0.07295,0.07149,0.07193,124961064.0
1690142400,0.07193,0.07225,0.07107,0.0718,81105916.0
1690156800,0.0718,0.07201,0.07046,0.07084,108803372.0
1690171200,0.07084,0.0779,0.07018,0.07667,596875402.0
1690185600,0.07667,0.07675,0.07175,0.07615,1273735735.0
1690200000,0.07615,0.07783,0.0733,0.07421,1194741461.0
1690214400,0.07421,0.07538,0.07322,0.07512,328899196.0
1690228800,0.07512,0.07533,0.07367,0.0742,231740012.0
1690243200,0.0742,0.07778,0.07361,0.07691,545111298.0
1690257600,0.07691,0.07846,0.07638,0.07677,563004399.0
1690272000,0.07677,0.07846,0.07564,0.0777,512823630.0
1690286400,0.0777,0.07831,0.0763,0.07723,431211185.0
1690300800,0.07723,0.0838,0.07694,0.08183,1463675981.0
1690315200,0.08183,0.08246,0.08065,0.08185,458276753.0
1690329600,0.08185,0.08229,0.07915,0.08027,443274377.0
1690344000,0.08027,0.08132,0.07944,0.08036,304777094.0
1690358400,0.08036,0.08069,0.07817,0.07882,416348804.0
1690372800,0.07882,0.07952,0.07827,0.07877,319687010.0
1690387200,0.07877,0.07989,0.07647,0.07863,651739591.0
1690401600,0.07863,0.07935,0.07759,0.07793,285589825.0
1690416000,0.07793,0.07846,0.07667,0.07811,227395613.0
1690430400,0.07811,0.07912,0.07803,0.07876,199758901.0
1690444800,0.07876,0.07988,0.07846,0.07959,259148463.0
1690459200,0.07959,0.07996,0.07833,0.07871,265366598.0
1690473600,0.07871,0.07902,0.0767,0.07732,298280460.0
1690488000,0.07732,0.07772,0.07666,0.07761,140707385.0
1690502400,0.07761,0.07791,0.07671,0.07751,137611923.0
1690516800,0.07751,0.07752,0.07586,0.07628,167931503.0
1690531200,0.07628,0.07689,0.07608,0.07653,125717494.0
1690545600,0.07653,0.07779,0.07648,0.07707,217786570.0
1690560000,0.07707,0.07764,0.07656,0.07737,121928298.0
1690574400,0.07737,0.07779,0.07717,0.07717,74488870.0
1690588800,0.07717,0.07849,0.07683,0.07778,149079888.0
1690603200,0.07778,0.07822,0.07745,0.07782,106041765.0
1690617600,0.07782,0.07813,0.0772,0.07784,100781169.0
1690632000,0.07784,0.07827,0.07757,0.078,112475610.0
1690646400,0.078,0.08243,0.0778,0.08088,482460267.0
1690660800,0.08088,0.0812,0.07939,0.08023,238373786.0
1690675200,0.08023,0.08053,0.07965,0.08022,134754060.0
1690689600,0.08022,0.08057,0.07969,0.07987,126008508.0
1690704000,0.07987,0.08038,0.07966,0.08008,134307725.0
1690718400,0.08008,0.08028,0.0786,0.07925,200781021.0
1690732800,0.07925,0.07983,0.07733,0.07774,220644987.0
1690747200,0.07774,0.07847,0.07622,0.07802,242038851.0
1690761600,0.07802,0.07905,0.07781,0.07878,99767845.0
1690776000,0.07878,0.0789,0.07817,0.07864,71009573.0
1690790400,0.07864,0.0798,0.07861,0.07962,115237442.0
1690804800,0.07962,0.07973,0.07808,0.07809,191286121.0
1690819200,0.07809,0.07851,0.0768,0.07738,165511257.0
1690833600,0.07738,0.07802,0.07672,0.07786,202421392.0
1690848000,0.07786,0.07828,0.07517,0.07618,255872293.0
1690862400,0.07618,0.07674,0.07593,0.07661,115739627.0
1690876800,0.07661,0.07723,0.07657,0.07669,110180265.0
1690891200,0.07669,0.07733,0.07551,0.07683,166426321.0
1690905600,0.07683,0.07757,0.07655,0.07736,93667561.0
1690920000,0.07736,0.07819,0.07705,0.07815,131225901.0
1690934400,0.07815,0.07833,0.0775,0.07753,87154104.0
1690948800,0.07753,0.07762,0.0767,0.07674,75213664.0
1690963200,0.07674,0.0771,0.07638,0.07708,73978147.0
1690977600,0.07708,0.07708,0.07438,0.07539,227862691.0
1690992000,0.07539,0.07548,0.07386,0.07473,184102271.0
1691006400,0.07473,0.07513,0.07369,0.07422,155830914.0
1691020800,0.07422,0.07501,0.07403,0.07455,78024610.0
1691035200,0.07455,0.07486,0.07395,0.07405,61741438.0
1691049600,0.07405,0.07423,0.07253,0.07368,191831365.0
1691064000,0.07368,0.0747,0.07321,0.07422,126710344.0
1691078400,0.07422,0.07498,0.07393,0.07441,123452112.0
1691092800,0.07441,0.07484,0.07295,0.07358,112028189.0
1691107200,0.07358,0.07445,0.07344,0.07429,85597422.0
1691121600,0.07429,0.07451,0.07383,0.07439,67917465.0
1691136000,0.07439,0.07472,0.07391,0.07402,76507037.0
1691150400,0.07402,0.0749,0.07388,0.07452,120701415.0
1691164800,0.07452,0.07492,0.07283,0.07336,139598682.0
1691179200,0.07336,0.07398,0.0725,0.07347,120567661.0
1691193600,0.07347,0.07397,0.07292,0.07389,87153722.0
1691208000,0.07389,0.07616,0.07379,0.07551,251713942.0
1691222400,0.07551,0.07649,0.0752,0.07586,193519303.0
1691236800,0.07586,0.07708,0.07517,0.07523,311107732.0
1691251200,0.07523,0.07638,0.07502,0.07605,136219657.0
1691265600,0.07605,0.07632,0.07556,0.07571,83265837.0
1691280000,0.07571,0.07649,0.07547,0.07594,108988053.0
1691294400,0.07594,0.07594,0.07518,0.07523,81161256.0
1691308800,0.07523,0.07587,0.07445,0.07518,118080776.0
1691323200,0.07518,0.0753,0.07407,0.07443,116125381.0
1691337600,0.07443,0.07539,0.0742,0.07487,106526306.0
1691352000,0.07487,0.07597,0.07417,0.07427,136343401.0
1691366400,0.07427,0.07573,0.07405,0.07519,102749664.0
1691380800,0.07519,0.07547,0.07428,0.07486,66156606.0
1691395200,0.07486,0.07489,0.0743,0.07453,80827847.0
1691409600,0.07453,0.07464,0.07327,0.07363,159482332.0
1691424000,0.07363,0.07366,0.0717,0.07345,218214929.0
1691438400,0.07345,0.07373,0.0732,0.07354,58592787.0
1691452800,0.07354,0.07395,0.07321,0.07382,58012648.0
1691467200,0.07382,0.07411,0.07348,0.07355,65087102.0
1691481600,0.07355,0.07404,0.07328,0.07403,57353243.0
1691496000,0.07403,0.07475,0.07367,0.07455,157044779.0
1691510400,0.07455,0.07548,0.07446,0.0747,148856685.0
1691524800,0.0747,0.07544,0.07453,0.07496,87220014.0
1691539200,0.07496,0.07538,0.07457,0.07474,52491201.0
1691553600,0.07474,0.07586,0.07467,0.07564,69355345.0
1691568000,0.07564,0.07579,0.07516,0.07542,84207385.0
1691582400,0.07542,0.07622,0.07491,0.07507,125148714.0
1691596800,0.07507,0.07529,0.07454,0.0747,95268305.0
1691611200,0.0747,0.07547,0.07419,0.07541,68365634.0
1691625600,0.07541,0.07647,0.07527,0.07594,110912085.0
1691640000,0.07594,0.07596,0.07526,0.0754,88156594.0
1691654400,0.0754,0.07559,0.07514,0.07516,64921629.0
1691668800,0.07516,0.07645,0.07515,0.07621,160604132.0
1691683200,0.07621,0.07695,0.07553,0.07581,152165763.0
1691697600,0.07581,0.07612,0.07559,0.07588,37772207.0
1691712000,0.07588,0.07611,0.07531,0.07551,43620149.0
1691726400,0.07551,0.07582,0.0755,0.07564,38095946.0
1691740800,0.07564,0.07598,0.07522,0.07577,54719443.0
1691755200,0.07577,0.07603,0.07535,0.07547,61156776.0
1691769600,0.07547,0.07567,0.07484,0.07539,72610185.0
1691784000,0.07539,0.07582,0.07525,0.07574,33585280.0
1691798400,0.07574,0.07666,0.07561,0.07608,110349863.0
1691812800,0.07608,0.0765,0.07582,0.07637,74832501.0
1691827200,0.07637,0.07745,0.07621,0.07692,165411252.0
1691841600,0.07692,0.07714,0.07642,0.07669,95574185.0
1691856000,0.07669,0.07725,0.0766,0.07674,82145336.0
1691870400,0.07674,0.07728,0.0765,0.0767,59747507.0
1691884800,0.0767,0.07689,0.07629,0.07642,57892667.0
1691899200,0.07642,0.07659,0.07607,0.07639,57333041.0
1691913600,0.07639,0.07642,0.07591,0.07602,54521019.0
1691928000,0.07602,0.07621,0.07555,0.07572,65720564.0
1691942400,0.07572,0.07609,0.07549,0.07601,79543799.0
1691956800,0.07601,0.07608,0.0743,0.07479,153516929.0
1691971200,0.07479,0.07488,0.07387,0.07481,101521129.0
1691985600,0.07481,0.07529,0.07479,0.07496,61663709.0
1692000000,0.07496,0.07525,0.07486,0.07494,58456439.0
1692014400,0.07494,0.07521,0.07441,0.07496,93786584.0
1692028800,0.07496,0.07503,0.07365,0.07415,120153451.0
1692043200,0.07415,0.07711,0.07392,0.07469,344051337.0
1692057600,0.07469,0.07499,0.07441,0.07455,57703864.0
1692072000,0.07455,0.07463,0.07415,0.07449,43987280.0
1692086400,0.07449,0.07466,0.07396,0.07403,58338359.0
1692100800,0.07403,0.07421,0.07331,0.07368,133151167.0
1692115200,0.07368,0.07387,0.06831,0.07114,489220543.0
1692129600,0.07114,0.07138,0.0706,0.07093,224388081.0
1692144000,0.07093,0.07125,0.07076,0.07105,103963640.0
1692158400,0.07105,0.07123,0.07047,0.0707,85566667.0
1692172800,0.0707,0.07075,0.06983,0.0701,122594585.0
1692187200,0.0701,0.07011,0.06864,0.06911,239509156.0
1692201600,0.06911,0.06973,0.06874,0.06905,126963584.0
1692216000,0.06905,0.06913,0.06602,0.06717,498275771.0
1692230400,0.06717,0.06843,0.06584,0.06819,154018883.0
1692244800,0.06819,0.0683,0.06783,0.06799,77054718.0
1692259200,0.06799,0.06807,0.06681,0.06716,168190521.0
1692273600,0.06716,0.0675,0.06513,0.06551,291987215.0
1692288000,0.06551,0.06624,0.06456,0.06613,210343539.0
1692302400,0.06613,0.06623,0.0556,0.06102,1046403667.0
1692316800,0.06102,0.06182,0.05988,0.06097,306499781.0
1692331200,0.06097,0.06264,0.06053,0.06239,223059562.0
1692345600,0.06239,0.06368,0.06223,0.06299,162012444.0
1692360000,0.06299,0.06347,0.06232,0.06256,203017765.0
1692374400,0.06256,0.06365,0.06195,0.06292,262993261.0
1692388800,0.06292,0.06385,0.06283,0.06326,127114642.0
1692403200,0.06326,0.06393,0.0631,0.06379,115790782.0
1692417600,0.06379,0.06397,0.06315,0.06348,63679092.0
1692432000,0.06348,0.06391,0.06334,0.06335,56927299.0
1692446400,0.06335,0.064,0.06322,0.06398,63500281.0
1692460800,0.06398,0.0645,0.06353,0.06358,82910714.0
1692475200,0.06358,0.06383,0.06313,0.06379,44466623.0
1692489600,0.06379,0.06432,0.06371,0.0641,43064141.0
1692504000,0.0641,0.06419,0.06384,0.06416,45031266.0
1692518400,0.06416,0.06473,0.06405,0.06422,65659275.0
1692532800,0.06422,0.0643,0.06338,0.0637,72314402.0
1692547200,0.0637,0.06401,0.06345,0.06379,36150755.0
1692561600,0.06379,0.06427,0.06364,0.06384,39866532.0
1692576000,0.06384,0.06411,0.06359,0.06372,44630924.0
1692590400,0.06372,0.06404,0.06291,0.06315,82173320.0
1692604800,0.06315,0.06328,0.06202,0.06284,130017160.0
1692619200,0.06284,0.06305,0.06035,0.06153,215996283.0
1692633600,0.06153,0.06296,0.06152,0.06269,72728166.0
1692648000,0.06269,0.06285,0.06243,0.06252,31843031.0
1692662400,0.06252,0.06287,0.06245,0.0626,46895267.0
1692676800,0.0626,0.06327,0.06242,0.06301,66984281.0
1692691200,0.06301,0.06313,0.06279,0.06293,60278104.0
1692705600,0.06293,0.06327,0.06212,0.06231,115806847.0
1692720000,0.06231,0.06247,0.06077,0.06182,170729008.0
1692734400,0.06182,0.06299,0.06023,0.06259,154393022.0
1692748800,0.06259,0.06305,0.06246,0.06254,47764837.0
1692763200,0.06254,0.06546,0.06249,0.06392,181984744.0
1692777600,0.06392,0.06392,0.0632,0.06336,107137273.0
1692792000,0.06336,0.06387,0.06279,0.06384,123024806.0
1692806400,0.06384,0.06465,0.0637,0.06421,140001489.0
1692820800,0.06421,0.06433,0.06323,0.06379,63809677.0
1692835200,0.06379,0.064,0.06361,0.0639,38070691.0
1692849600,0.0639,0.06404,0.06362,0.06377,45802296.0
1692864000,0.06377,0.06379,0.06333,0.06343,55862545.0
1692878400,0.06343,0.06354,0.06236,0.06257,112563796.0
1692892800,0.06257,0.06328,0.06227,0.0627,72756213.0
1692907200,0.0627,0.06321,0.06183,0.06308,61215408.0
1692921600,0.06308,0.06308,0.06169,0.06245,60083925.0
1692936000,0.06245,0.06253,0.06175,0.06218,69609160.0
1692950400,0.06218,0.06242,0.06214,0.06234,49450527.0
1692964800,0.06234,0.0629,0.06178,0.06233,129525382.0
1692979200,0.06233,0.063,0.0621,0.06267,51254006.0
1692993600,0.06267,0.06315,0.06261,0.06312,28513589.0
1693008000,0.06312,0.06338,0.0629,0.0632,26274145.0
1693022400,0.0632,0.06337,0.06304,0.06322,22141454.0
1693036800,0.06322,0.06322,0.06281,0.06292,30638214.0
1693051200,0.06292,0.06303,0.06272,0.06297,18228882.0
1693065600,0.06297,0.06298,0.06262,0.06291,20124424.0
1693080000,0.06291,0.06302,0.06275,0.06289,16061887.0
1693094400,0.06289,0.06296,0.06269,0.06284,13506302.0
1693108800,0.06284,0.06379,0.06283,0.06332,48821457.0
1693123200,0.06332,0.06353,0.06305,0.06315,31871576.0
1693137600,0.06315,0.06352,0.06306,0.06322,28795043.0
1693152000,0.06322,0.06334,0.06275,0.06307,46121662.0
1693166400,0.06307,0.06323,0.06289,0.06318,26804652.0
1693180800,0.06318,0.06318,0.06232,0.06252,47357681.0
1693195200,0.06252,0.0627,0.06186,0.0624,100813649.0
1693209600,0.0624,0.06247,0.06195,0.06245,38814445.0
1693224000,0.06245,0.0635,0.06244,0.06326,65909644.0
1693238400,0.06326,0.06357,0.0627,0.06316,56827937.0
1693252800,0.06316,0.0637,0.06305,0.06345,37411525.0
1693267200,0.06345,0.06389,0.06308,0.06325,37118788.0
1693281600,0.06325,0.06333,0.06291,0.06298,64587448.0
1693296000,0.06298,0.06303,0.0624,0.06261,53714537.0
1693310400,0.06261,0.06858,0.06251,0.06692,645726845.0
1693324800,0.06692,0.068,0.06634,0.06696,259172708.0
1693339200,0.06696,0.0673,0.06606,0.0664,144893722.0
1693353600,0.0664,0.06647,0.06515,0.06557,149130629.0
1693368000,0.06557,0.06577,0.06533,0.06557,73169850.0
1693382400,0.06557,0.06579,0.06513,0.06524,93247363.0
1693396800,0.06524,0.06596,0.06434,0.06492,211809320.0
1693411200,0.06492,0.0656,0.06481,0.0653,76643341.0
1693425600,0.0653,0.06591,0.06526,0.06588,48815791.0
1693440000,0.06588,0.06588,0.06525,0.06547,52849340.0
1693454400,0.06547,0.0667,0.06547,0.06658,140568679.0
1693468800,0.06658,0.06701,0.06608,0.06671,178759522.0
1693483200,0.06671,0.06676,0.06475,0.06533,206579790.0
1693497600,0.06533,0.06549,0.06281,0.06382,252944434.0
1693512000,0.06382,0.06399,0.0628,0.06376,155553658.0
1693526400,0.06376,0.06413,0.06366,0.06396,77292006.0
1693540800,0.06396,0.06404,0.06335,0.06357,62119515.0
1693555200,0.06357,0.06403,0.06341,0.06399,78828548.0
1693569600,0.06399,0.06426,0.063,0.06338,126795157.0
1693584000,0.06338,0.06365,0.0623,0.06331,165995893.0
1693598400,0.06331,0.06405,0.06326,0.06388,83803202.0
1693612800,0.06388,0.06403,0.06354,0.06373,36468239.0
1693627200,0.06373,0.06397,0.06329,0.06345,57247325.0
1693641600,0.06345,0.06354,0.06305,0.06344,51837966.0
1693656000,0.06344,0.06497,0.06309,0.06375,173533950.0
1693670400,0.06375,0.06396,0.0626,0.06327,103897961.0
1693684800,0.06327,0.06358,0.06317,0.06348,22489033.0
1693699200,0.06348,0.0637,0.0633,0.06363,34956891.0
1693713600,0.06363,0.06377,0.06349,0.06368,27263612.0
1693728000,0.06368,0.0637,0.06324,0.06334,28443434.0
1693742400,0.06334,0.06355,0.063,0.06327,43003415.0
1693756800,0.06327,0.06348,0.06276,0.06332,49479242.0
1693771200,0.06332,0.06341,0.06288,0.06317,38689807.0
1693785600,0.06317,0.06385,0.06308,0.06342,71864736.0
1693800000,0.06342,0.06366,0.06304,0.06326,79481088.0
1693814400,0.06326,0.0634,0.06309,0.06316,53085112.0
1693828800,0.06316,0.06348,0.06256,0.06289,86112616.0
1693843200,0.06289,0.0633,0.06277,0.0632,49238952.0
1693857600,0.0632,0.0633,0.06209,0.06326,74447091.0
1693872000,0.06326,0.06357,0.06288,0.06325,115713791.0
1693886400,0.06325,0.06443,0.06325,0.0641,173474798.0
1693900800,0.0641,0.06424,0.0634,0.06407,109723722.0
1693915200,0.06407,0.06431,0.06357,0.06401,115383369.0
1693929600,0.06401,0.0642,0.06376,0.06377,64266581.0
1693944000,0.06377,0.06409,0.06365,0.06402,34643806.0
1693958400,0.06402,0.06464,0.06392,0.06418,152167514.0
1693972800,0.06418,0.06419,0.06377,0.06388,95578305.0
1693987200,0.06388,0.06412,0.06378,0.06384,48878238.0
1694001600,0.06384,0.06399,0.06309,0.06326,117586794.0
1694016000,0.06326,0.06413,0.06248,0.06324,191578949.0
1694030400,0.06324,0.06368,0.06321,0.06365,32678034.0
1694044800,0.06365,0.06384,0.06349,0.06379,71346799.0
1694059200,0.06379,0.06384,0.0632,0.06337,116161544.0
1694073600,0.06337,0.06338,0.06284,0.06293,53767351.0
1694088000,0.06293,0.0633,0.06279,0.06318,52521278.0
1694102400,0.06318,0.06355,0.06295,0.0631,40246517.0
1694116800,0.0631,0.06382,0.06301,0.06365,84390053.0
1694131200,0.06365,0.06402,0.06346,0.06375,50913270.0
1694145600,0.06375,0.0639,0.06345,0.06369,40294866.0
1694160000,0.06369,0.0637,0.06237,0.06288,139753082.0
1694174400,0.06288,0.06313,0.06281,0.06291,48062198.0
1694188800,0.06291,0.06333,0.06278,0.06321,46027440.0
1694203200,0.06321,0.06381,0.06319,0.06371,39410465.0
1694217600,0.06371,0.06391,0.06351,0.06359,55570107.0
1694232000,0.06359,0.06363,0.06319,0.06345,34269141.0
1694246400,0.06345,0.0637,0.06339,0.06366,27389227.0
1694260800,0.06366,0.06371,0.06327,0.06354,43590423.0
1694275200,0.06354,0.06368,0.06335,0.06347,17448273.0
1694289600,0.06347,0.06356,0.06334,0.06339,18386425.0
1694304000,0.06339,0.0634,0.06287,0.06306,50339638.0
1694318400,0.06306,0.06306,0.05938,0.06215,267707205.0
1694332800,0.06215,0.06215,0.06171,0.06175,57711182.0
1694347200,0.06175,0.06201,0.06079,0.0614,127122103.0
1694361600,0.0614,0.06143,0.06054,0.06119,163459559.0
1694376000,0.06119,0.06178,0.06112,0.0613,75563319.0
1694390400,0.0613,0.06151,0.06063,0.06126,113946588.0
1694404800,0.06126,0.06199,0.06108,0.06182,70375629.0
1694419200,0.06182,0.06186,0.05953,0.0602,232597569.0
1694433600,0.0602,0.06067,0.05961,0.06021,198772854.0
1694448000,0.06021,0.0604,0.05919,0.05969,126495966.0
1694462400,0.05969,0.06062,0.05951,0.06049,73176328.0
1694476800,0.06049,0.06218,0.06043,0.06163,107285490.0
1694491200,0.06163,0.06179,0.06097,0.06107,114335967.0
1694505600,0.06107,0.06247,0.0608,0.06181,162507936.0
1694520000,0.06181,0.06192,0.06129,0.06151,78600710.0
1694534400,0.06151,0.06221,0.06079,0.06123,101658584.0
1694548800,0.06123,0.06137,0.06085,0.0609,25796138.0
1694563200,0.0609,0.06127,0.06054,0.06071,80667844.0
1694577600,0.06071,0.06181,0.0605,0.06082,128283175.0
1694592000,0.06082,0.06144,0.06075,0.06129,53706436.0
1694606400,0.06129,0.0615,0.06086,0.06124,108299901.0
1694620800,0.06124,0.06147,0.06082,0.06101,105452472.0
1694635200,0.06101,0.06135,0.06101,0.06126,25864931.0
1694649600,0.06126,0.06195,0.06111,0.06129,107950258.0
1694664000,0.06129,0.0616,0.06108,0.06139,67695705.0
1694678400,0.06139,0.06165,0.0613,0.06155,39497844.0
1694692800,0.06155,0.06213,0.06136,0.06177,129679741.0
1694707200,0.06177,0.06255,0.06151,0.06226,91902499.0
1694721600,0.06226,0.06241,0.06196,0.06208,38786497.0
1694736000,0.06208,0.06244,0.06176,0.06213,40106878.0
1694750400,0.06213,0.06223,0.06181,0.06186,31016661.0
1694764800,0.06186,0.06211,0.06163,0.06168,35269216.0
1694779200,0.06168,0.0619,0.06138,0.06187,54313914.0
1694793600,0.06187,0.06212,0.06177,0.06195,51740820.0
1694808000,0.06195,0.06296,0.06189,0.0625,93099448.0
1694822400,0.0625,0.06297,0.06228,0.06241,61462353.0
1694836800,0.06241,0.06247,0.06213,0.0623,38401389.0
1694851200,0.0623,0.0625,0.06201,0.06234,52737819.0
1694865600,0.06234,0.0624,0.06195,0.06215,37618350.0
1694880000,0.06215,0.06229,0.06176,0.06197,28973250.0
1694894400,0.06197,0.06228,0.06194,0.06214,36087610.0
1694908800,0.06214,0.06214,0.06124,0.06196,68836190.0
1694923200,0.06196,0.06254,0.0619,0.06219,44600703.0
1694937600,0.06219,0.06238,0.06211,0.06224,51488396.0
1694952000,0.06224,0.06238,0.06193,0.06199,47990690.0
1694966400,0.06199,0.06202,0.06138,0.06164,41401997.0
1694980800,0.06164,0.06177,0.06097,0.06147,129000721.0
1694995200,0.06147,0.06188,0.06096,0.06183,127623973.0
1695009600,0.06183,0.06199,0.06159,0.06179,58887476.0
1695024000,0.06179,0.06266,0.06172,0.06244,98356128.0
1695038400,0.06244,0.06281,0.06227,0.06237,77658603.0
1695052800,0.06237,0.06245,0.06151,0.06187,81419838.0
1695067200,0.06187,0.06219,0.06173,0.06198,34033487.0
1695081600,0.06198,0.0623,0.06189,0.06228,84955670.0
1695096000,0.06228,0.06254,0.06216,0.06217,52824836.0
1695110400,0.06217,0.063,0.06217,0.06257,96363751.0
1695124800,0.06257,0.06321,0.06239,0.06318,121796287.0
1695139200,0.06318,0.06323,0.06246,0.0626,45239520.0
1695153600,0.0626,0.06276,0.06237,0.06268,27401172.0
1695168000,0.06268,0.06303,0.06223,0.06239,53080330.0
1695182400,0.06239,0.06248,0.06208,0.06234,38596355.0
1695196800,0.06234,0.06248,0.06184,0.06211,62530547.0
1695211200,0.06211,0.06237,0.06187,0.0623,46129496.0
1695225600,0.0623,0.06278,0.06144,0.06217,105476453.0
1695240000,0.06217,0.06285,0.06215,0.06262,45313293.0
1695254400,0.06262,0.0629,0.06233,0.06289,63794476.0
1695268800,0.06289,0.06348,0.06245,0.06257,102754102.0
1695283200,0.06257,0.06282,0.06124,0.06171,149995210.0
1695297600,0.06171,0.06179,0.06103,0.06165,82395440.0
1695312000,0.06165,0.06172,0.06141,0.06149,25368679.0
1695326400,0.06149,0.0615,0.06118,0.06131,37425972.0
1695340800,0.06131,0.06175,0.06058,0.06163,74540366.0
1695355200,0.06163,0.06181,0.06151,0.06176,21725090.0
1695369600,0.06176,0.06187,0.06148,0.06164,35909446.0
1695384000,0.06164,0.06182,0.06137,0.06145,55738671.0
1695398400,0.06145,0.06163,0.0612,0.06135,35388794.0
1695412800,0.06135,0.06158,0.06123,0.06152,19839337.0
1695427200,0.06152,0.06177,0.06141,0.06149,20441402.0
1695441600,0.06149,0.0617,0.0614,0.06159,15926435.0
1695456000,0.06159,0.06166,0.06149,0.06159,17543877.0
1695470400,0.06159,0.06199,0.06127,0.06131,65006097.0
1695484800,0.06131,0.06171,0.06127,0.06164,31874324.0
1695499200,0.06164,0.06167,0.06128,0.06152,20598655.0
1695513600,0.06152,0.06163,0.06128,0.06157,21843330.0
1695528000,0.06157,0.0616,0.06145,0.06146,10707522.0
1695542400,0.06146,0.06165,0.06142,0.0615,19912120.0
1695556800,0.0615,0.0616,0.06143,0.0615,19036645.0
1695571200,0.0615,0.06175,0.06091,0.06116,57809257.0
1695585600,0.06116,0.06121,0.06028,0.06069,58359677.0
1695600000,0.06069,0.0611,0.06009,0.06085,47239517.0
1695614400,0.06085,0.06099,0.06057,0.06088,29830101.0
1695628800,0.06088,0.06092,0.06042,0.0606,30832639.0
1695643200,0.0606,0.06115,0.06047,0.06101,34457056.0
1695657600,0.06101,0.06124,0.06087,0.06098,28490347.0
1695672000,0.06098,0.06111,0.06078,0.06094,14463550.0
1695686400,0.06094,0.06114,0.06083,0.06104,20762564.0
1695700800,0.06104,0.06109,0.06079,0.06083,14638034.0
1695715200,0.06083,0.06092,0.06061,0.06081,25004179.0
1695729600,0.06081,0.06087,0.06034,0.06051,42632033.0
1695744000,0.06051,0.06069,0.06017,0.06044,37819539.0
1695758400,0.06044,0.06105,0.05933,0.06062,106947047.0
1695772800,0.06062,0.06086,0.06056,0.06081,32736034.0
1695787200,0.06081,0.06084,0.06052,0.0606,35683776.0
1695801600,0.0606,0.06142,0.06044,0.06131,89729514.0
1695816000,0.06131,0.06136,0.06029,0.06064,103588931.0
1695830400,0.06064,0.0607,0.06016,0.06052,29588890.0
1695844800,0.06052,0.06059,0.06026,0.06053,31062605.0
1695859200,0.06053,0.06089,0.06042,0.06047,39359282.0
1695873600,0.06047,0.06091,0.06038,0.06079,30564229.0
1695888000,0.06079,0.06128,0.06066,0.06095,50802188.0
1695902400,0.06095,0.06154,0.06083,0.06147,90739664.0
1695916800,0.06147,0.06168,0.06105,0.06145,90298827.0
1695931200,0.06145,0.06155,0.06112,0.0615,28328732.0
1695945600,0.0615,0.06165,0.06131,0.06151,39744602.0
1695960000,0.06151,0.06216,0.06144,0.06208,84531066.0
1695974400,0.06208,0.06208,0.06157,0.06164,53008864.0
1695988800,0.06164,0.06249,0.06146,0.06188,134601762.0
1696003200,0.06188,0.06206,0.06163,0.062,30190257.0
1696017600,0.062,0.06236,0.06191,0.06213,46022168.0
1696032000,0.06213,0.06229,0.06182,0.06188,27025648.0
1696046400,0.06188,0.06198,0.06175,0.06176,22384159.0
1696060800,0.06176,0.06199,0.06173,0.06176,27448554.0
1696075200,0.06176,0.06221,0.06176,0.06202,44718883.0
1696089600,0.06202,0.06276,0.062,0.06235,173221929.0
1696104000,0.06235,0.06263,0.06201,0.06207,59193354.0
1696118400,0.06207,0.06215,0.06194,0.06206,30222026.0
1696132800,0.06206,0.0623,0.06198,0.06215,26762134.0
1696147200,0.06215,0.06286,0.06212,0.06274,86708937.0
1696161600,0.06274,0.06286,0.06232,0.06252,74311558.0
1696176000,0.06252,0.06253,0.06187,0.06198,50336720.0
1696190400,0.06198,0.06358,0.06169,0.06319,158343700.0
1696204800,0.06319,0.06369,0.06289,0.06353,98475482.0
1696219200,0.06353,0.06354,0.06297,0.06351,70543832.0
1696233600,0.06351,0.0642,0.06339,0.06361,106835473.0
1696248000,0.06361,0.06388,0.06243,0.06268,114341160.0
1696262400,0.06268,0.06284,0.06093,0.06218,157919791.0
1696276800,0.06218,0.06219,0.06144,0.062,78586416.0
1696291200,0.062,0.06226,0.06183,0.06216,33362562.0
1696305600,0.06216,0.06232,0.06189,0.06191,42760773.0
1696320000,0.06191,0.06213,0.06168,0.06179,41291010.0
1696334400,0.06179,0.06201,0.06123,0.06147,79754586.0
1696348800,0.06147,0.06164,0.06121,0.06129,30646289.0
1696363200,0.06129,0.06155,0.06107,0.06137,57405365.0
1696377600,0.06137,0.06138,0.06001,0.06085,160223749.0
1696392000,0.06085,0.06114,0.06071,0.06108,32796695.0
1696406400,0.06108,0.06125,0.061,0.06106,29641479.0
1696420800,0.06106,0.06122,0.06064,0.06084,42639916.0
1696435200,0.06084,0.06136,0.06079,0.06108,41279279.0
1696449600,0.06108,0.06159,0.061,0.06147,28950172.0
1696464000,0.06147,0.06165,0.06106,0.06108,34011045.0
1696478400,0.06108,0.06117,0.06084,0.06097,26199366.0
1696492800,0.06097,0.06119,0.06095,0.061,49433585.0
1696507200,0.061,0.06137,0.06059,0.06085,72476406.0
1696521600,0.06085,0.0612,0.06077,0.0611,42049439.0
1696536000,0.0611,0.0612,0.06084,0.06086,28732092.0
1696550400,0.06086,0.0612,0.06086,0.06106,25252923.0
1696564800,0.06106,0.06118,0.06093,0.06111,32012942.0
1696579200,0.06111,0.06128,0.06102,0.06112,55030768.0
1696593600,0.06112,0.06139,0.06071,0.06128,75940237.0
1696608000,0.06128,0.06144,0.06112,0.06128,43316171.0
1696622400,0.06128,0.06162,0.06126,0.06137,68231328.0
1696636800,0.06137,0.06164,0.06133,0.06154,75507849.0
1696651200,0.06154,0.06166,0.06135,0.06136,42674788.0
1696665600,0.06136,0.06152,0.06131,0.06136,34755001.0
1696680000,0.06136,0.06143,0.06125,0.06133,60660392.0
1696694400,0.06133,0.06133,0.06105,0.06106,43043248.0
1696708800,0.06106,0.06152,0.06106,0.06143,22533443.0
1696723200,0.06143,0.0616,0.06142,0.06157,49782048.0
1696737600,0.06157,0.0616,0.06111,0.06125,27227006.0
1696752000,0.06125,0.06132,0.06065,0.06095,57733979.0
1696766400,0.06095,0.06129,0.06093,0.06112,26223893.0
1696780800,0.06112,0.06121,0.06096,0.06102,16025840.0
1696795200,0.06102,0.06109,0.06077,0.06096,25228300.0
1696809600,0.06096,0.061,0.0607,0.06089,27918949.0
1696824000,0.06089,0.06093,0.06002,0.06033,81149089.0
1696838400,0.06033,0.06037,0.05678,0.05873,357126858.0
1696852800,0.05873,0.05912,0.05861,0.05879,113241295.0
1696867200,0.05879,0.05899,0.05774,0.05894,182551761.0
1696881600,0.05894,0.059,0.05863,0.05873,44456081.0
1696896000,0.05873,0.05916,0.05846,0.05899,55496435.0
1696910400,0.05899,0.05923,0.05884,0.05907,31025950.0
1696924800,0.05907,0.05921,0.05865,0.05866,39984285.0
1696939200,0.05866,0.05904,0.05853,0.05864,53362049.0
1696953600,0.05864,0.05908,0.05857,0.05898,34911619.0
1696968000,0.05898,0.05916,0.05855,0.05913,39259702.0
1696982400,0.05913,0.05948,0.05802,0.05879,98097478.0
1696996800,0.05879,0.05912,0.05873,0.05878,41092149.0
1697011200,0.05878,0.0591,0.05864,0.05889,39413896.0
1697025600,0.05889,0.05897,0.0578,0.05803,93715834.0
1697040000,0.05803,0.05819,0.05764,0.05814,57049896.0
1697054400,0.05814,0.05855,0.05806,0.05851,27095684.0
1697068800,0.05851,0.05852,0.05798,0.05819,44213142.0
1697083200,0.05819,0.0585,0.05815,0.05831,29134262.0
1697097600,0.05831,0.05835,0.05724,0.05808,68071165.0
1697112000,0.05808,0.05816,0.05781,0.05787,29425136.0
1697126400,0.05787,0.05793,0.05722,0.05777,52573468.0
1697140800,0.05777,0.05796,0.05773,0.05788,18196252.0
1697155200,0.05788,0.05813,0.05783,0.05786,28888504.0
1697169600,0.05786,0.0581,0.05777,0.05799,25884102.0
1697184000,0.05799,0.0591,0.0578,0.05847,97266627.0
1697198400,0.05847,0.0588,0.05817,0.05829,60398587.0
1697212800,0.05829,0.05861,0.05803,0.05812,69578686.0
1697227200,0.05812,0.05888,0.05812,0.05839,58584791.0
1697241600,0.05839,0.05876,0.05836,0.05863,20886178.0
1697256000,0.05863,0.05871,0.05833,0.05844,22374028.0
1697270400,0.05844,0.05888,0.05841,0.05886,28170014.0
1697284800,0.05886,0.05969,0.05879,0.0595,92041817.0
1697299200,0.0595,0.05958,0.05927,0.05957,32991728.0
1697313600,0.05957,0.05998,0.05947,0.05984,62021538.0
1697328000,0.05984,0.05986,0.0594,0.05946,45983901.0
1697342400,0.05946,0.05951,0.05926,0.05933,21090442.0
1697356800,0.05933,0.05946,0.05918,0.0592,20448574.0
1697371200,0.0592,0.05937,0.05901,0.05935,45245167.0
1697385600,0.05935,0.0597,0.05926,0.05947,19048637.0
1697400000,0.05947,0.05967,0.05921,0.05931,35934706.0
1697414400,0.05931,0.0596,0.05923,0.05941,22604495.0
1697428800,0.05941,0.0603,0.05925,0.06001,112782514.0
1697443200,0.06001,0.06099,0.05967,0.05984,163752765.0
1697457600,0.05984,0.06176,0.05909,0.05971,317940090.0
1697472000,0.05971,0.06027,0.0597,0.06003,42017447.0
1697486400,0.06003,0.06021,0.05975,0.06,26839049.0
1697500800,0.06,0.06016,0.05976,0.05995,30212411.0
1697515200,0.05995,0.05995,0.05962,0.0599,39016465.0
1697529600,0.0599,0.06011,0.05983,0.05988,38776289.0
1697544000,0.05988,0.05994,0.05812,0.05917,155949269.0
1697558400,0.05917,0.05919,0.05855,0.05895,42372355.0
1697572800,0.05895,0.05911,0.05887,0.05904,22177628.0
1697587200,0.05904,0.05908,0.05866,0.05895,33854028.0
1697601600,0.05895,0.05936,0.05886,0.05893,54204749.0
1697616000,0.05893,0.05911,0.05873,0.05876,36648492.0
1697630400,0.05876,0.05881,0.05835,0.05858,48473005.0
1697644800,0.05858,0.05867,0.05835,0.05846,37023013.0
1697659200,0.05846,0.05898,0.05827,0.05858,49689136.0
1697673600,0.05858,0.05872,0.05738,0.0582,86672330.0
1697688000,0.0582,0.05835,0.05809,0.0582,20993804.0
1697702400,0.0582,0.05831,0.05801,0.05824,26446908.0
1697716800,0.05824,0.05856,0.05814,0.05845,33102143.0
1697731200,0.05845,0.05875,0.05826,0.05867,37848600.0
1697745600,0.05867,0.05899,0.05854,0.05887,63582967.0
1697760000,0.05887,0.05965,0.05862,0.05947,66935739.0
1697774400,0.05947,0.05956,0.05921,0.05937,44867597.0
1697788800,0.05937,0.06049,0.05937,0.05976,104967986.0
1697803200,0.05976,0.06009,0.05951,0.05989,75347972.0
1697817600,0.05989,0.06024,0.0597,0.0602,61111830.0
1697832000,0.0602,0.06026,0.05989,0.0599,27032184.0
1697846400,0.0599,0.06,0.05942,0.05977,34515039.0
1697860800,0.05977,0.06046,0.05976,0.06044,42541401.0
1697875200,0.06044,0.06067,0.06015,0.06043,52237661.0
1697889600,0.06043,0.06125,0.06033,0.06123,123316385.0
1697904000,0.06123,0.06147,0.06079,0.06103,106946663.0
1697918400,0.06103,0.0614,0.06081,0.06119,60419883.0
1697932800,0.06119,0.06172,0.06104,0.06126,60308675.0
1697947200,0.06126,0.06167,0.05979,0.06072,149217375.0
1697961600,0.06072,0.061,0.06044,0.06066,62066783.0
1697976000,0.06066,0.06095,0.06051,0.06075,47585713.0
1697990400,0.06075,0.06115,0.06073,0.06084,47512172.0
1698004800,0.06084,0.06173,0.06068,0.0617,64846948.0
1698019200,0.0617,0.06283,0.06131,0.06263,191971369.0
1698033600,0.06263,0.06315,0.06229,0.06252,183576415.0
1698048000,0.06252,0.06543,0.06242,0.06489,461139279.0
1698062400,0.06489,0.0655,0.06336,0.06416,323532322.0
1698076800,0.06416,0.0645,0.06316,0.06441,212835923.0
1698091200,0.06441,0.0679,0.0642,0.06742,436458785.0
1698105600,0.06742,0.06942,0.06591,0.06759,598705606.0
1698120000,0.06759,0.06851,0.0659,0.06653,262337557.0
1698134400,0.06653,0.06792,0.06644,0.06791,181400986.0
1698148800,0.06791,0.07012,0.06418,0.06571,568765952.0
1698163200,0.06571,0.0669,0.06504,0.06663,159380333.0
1698177600,0.06663,0.06713,0.0656,0.0666,123370968.0
1698192000,0.0666,0.06723,0.06574,0.06592,131026625.0
1698206400,0.06592,0.06648,0.0646,0.06524,141385869.0
1698220800,0.06524,0.06598,0.06486,0.06551,108253951.0
1698235200,0.06551,0.06962,0.06551,0.06781,375183174.0
1698249600,0.06781,0.0689,0.06607,0.06806,405995359.0
1698264000,0.06806,0.06978,0.06801,0.06832,311185004.0
1698278400,0.06832,0.07292,0.06782,0.0714,657654317.0
1698292800,0.0714,0.07265,0.07,0.07257,343566873.0
1698307200,0.07257,0.07476,0.07087,0.07395,829441290.0
1698321600,0.07395,0.07516,0.0693,0.07063,809595830.0
1698336000,0.07063,0.07188,0.06991,0.07152,233755327.0
1698350400,0.07152,0.07242,0.07125,0.07185,200451593.0
1698364800,0.07185,0.07243,0.07027,0.07159,233602745.0
1698379200,0.07159,0.0716,0.07001,0.07008,123295291.0
1698393600,0.07008,0.0716,0.07005,0.07155,120771014.0
1698408000,0.07155,0.07186,0.06978,0.07044,242072625.0
1698422400,0.07044,0.07055,0.06716,0.06826,321540127.0
1698436800,0.06826,0.06838,0.06734,0.06776,215342944.0
1698451200,0.06776,0.06849,0.0675,0.06847,136465927.0
1698465600,0.06847,0.06895,0.06832,0.06872,91881602.0
1698480000,0.06872,0.06982,0.06847,0.06911,193733557.0
1698494400,0.06911,0.06929,0.06826,0.06896,112321165.0
1698508800,0.06896,0.06897,0.06834,0.0684,47724492.0
1698523200,0.0684,0.06949,0.06834,0.069,61517662.0
1698537600,0.069,0.06913,0.06722,0.06818,94036884.0
1698552000,0.06818,0.06867,0.06806,0.06852,52018894.0
1698566400,0.06852,0.06912,0.06837,0.06892,84914443.0
1698580800,0.06892,0.06962,0.06874,0.06945,97075725.0
1698595200,0.06945,0.06979,0.06897,0.06944,90337250.0
1698609600,0.06944,0.0702,0.06917,0.06935,66882816.0
1698624000,0.06935,0.06952,0.06836,0.06865,84548653.0
1698638400,0.06865,0.06892,0.06812,0.0686,85644661.0
1698652800,0.0686,0.06967,0.06846,0.06953,138777506.0
1698667200,0.06953,0.0704,0.06917,0.06976,180947200.0
1698681600,0.06976,0.06981,0.06771,0.0694,192616822.0
1698696000,0.0694,0.06976,0.06919,0.06959,57114220.0
1698710400,0.06959,0.07,0.0689,0.06896,117568782.0
1698724800,0.06896,0.06947,0.06837,0.06853,127874900.0
1698739200,0.06853,0.07036,0.0679,0.07021,191187353.0
1698753600,0.07021,0.07085,0.06578,0.06722,527742546.0
1698768000,0.06722,0.06831,0.06685,0.06816,173344419.0
1698782400,0.06816,0.06867,0.06772,0.06827,143497492.0
1698796800,0.06827,0.06852,0.06729,0.06745,137521705.0
1698811200,0.06745,0.06752,0.06641,0.06685,161763057.0
1698825600,0.06685,0.06701,0.06611,0.06678,179114015.0
1698840000,0.06678,0.06798,0.06548,0.06617,312236043.0
1698854400,0.06617,0.06887,0.06596,0.06834,289254866.0
1698868800,0.06834,0.06967,0.06834,0.06894,242839552.0
1698883200,0.06894,0.07,0.0687,0.06953,222860422.0
1698897600,0.06953,0.06987,0.06839,0.06973,224764912.0
1698912000,0.06973,0.07089,0.069,0.06943,354487754.0
1698926400,0.06943,0.0696,0.06721,0.06748,418065235.0
1698940800,0.06748,0.06836,0.0666,0.06836,275680262.0
1698955200,0.06836,0.06837,0.06745,0.0679,101339390.0
1698969600,0.0679,0.06807,0.06621,0.06727,158289646.0
1698984000,0.06727,0.06773,0.06681,0.06749,95431393.0
1698998400,0.06749,0.06773,0.06658,0.0671,160475485.0
1699012800,0.0671,0.06785,0.06696,0.06774,163072898.0
1699027200,0.06774,0.06788,0.0671,0.0676,145142312.0
1699041600,0.0676,0.06823,0.06751,0.06807,71360679.0
1699056000,0.06807,0.06878,0.06793,0.06869,91807670.0
1699070400,0.06869,0.06907,0.06832,0.06874,103907364.0
1699084800,0.06874,0.06901,0.06846,0.06867,138980975.0
1699099200,0.06867,0.06875,0.0679,0.06828,100372881.0
1699113600,0.06828,0.06847,0.06818,0.06828,43907157.0
1699128000,0.06828,0.06927,0.06819,0.06908,65172777.0
1699142400,0.06908,0.06993,0.0688,0.06989,133836571.0
1699156800,0.06989,0.07003,0.06912,0.06958,157975682.0
1699171200,0.06958,0.07113,0.06907,0.07061,237968053.0
1699185600,0.07061,0.07175,0.06916,0.06988,393652889.0
1699200000,0.06988,0.07136,0.06981,0.07081,205406804.0
1699214400,0.07081,0.07154,0.06975,0.07108,237946321.0
1699228800,0.07108,0.07317,0.07067,0.07176,266568495.0
1699243200,0.07176,0.0718,0.07025,0.07133,134031881.0
1699257600,0.07133,0.07289,0.07084,0.07261,184969468.0
1699272000,0.07261,0.07485,0.07211,0.07383,439570529.0
1699286400,0.07383,0.07632,0.07315,0.07601,510564147.0
1699300800,0.07601,0.07653,0.07452,0.07637,355591035.0
1699315200,0.07637,0.07648,0.07346,0.07462,520381362.0
1699329600,0.07462,0.07554,0.07388,0.07546,272912828.0
1699344000,0.07546,0.07589,0.07278,0.07352,495514551.0
1699358400,0.07352,0.07399,0.0715,0.07226,427744923.0
1699372800,0.07226,0.07425,0.07153,0.07384,528482703.0
1699387200,0.07384,0.07448,0.0731,0.07338,181677134.0
1699401600,0.07338,0.07417,0.07277,0.07364,126380535.0
1699416000,0.07364,0.07404,0.07305,0.07368,131951048.0
1699430400,0.07368,0.075,0.07354,0.07441,217060942.0
1699444800,0.07441,0.07471,0.07336,0.07402,193834054.0
1699459200,0.07402,0.0772,0.07378,0.07544,531771358.0
1699473600,0.07544,0.07586,0.07468,0.07534,193689269.0
1699488000,0.07534,0.07657,0.07484,0.07622,240212571.0
1699502400,0.07622,0.07709,0.07575,0.07578,277118988.0
1699516800,0.07578,0.0765,0.07508,0.07579,259576461.0
1699531200,0.07579,0.07791,0.07514,0.07567,610233628.0
1699545600,0.07567,0.07615,0.06779,0.07132,1025207067.0
1699560000,0.07132,0.07362,0.07027,0.07357,346449176.0
1699574400,0.07357,0.07451,0.07313,0.07369,277834036.0
1699588800,0.07369,0.07498,0.07351,0.07434,294197706.0
1699603200,0.07434,0.07464,0.07315,0.07458,284886012.0
1699617600,0.07458,0.0746,0.07241,0.07324,374162894.0
1699632000,0.07324,0.07451,0.07322,0.07393,265881091.0
1699646400,0.07393,0.07559,0.07378,0.07539,257824422.0
1699660800,0.07539,0.07695,0.07502,0.07517,580619677.0
1699675200,0.07517,0.07995,0.07445,0.07848,951236334.0
1699689600,0.07848,0.08177,0.07745,0.07981,758649402.0
1699704000,0.07981,0.08189,0.07921,0.08009,637706497.0
1699718400,0.08009,0.08098,0.07853,0.08032,584709389.0
1699732800,0.08032,0.08033,0.077,0.07849,427528296.0
1699747200,0.07849,0.07888,0.07503,0.07792,653168389.0
1699761600,0.07792,0.07958,0.077,0.07942,325011959.0
1699776000,0.07942,0.08038,0.07868,0.07911,403461589.0
1699790400,0.07911,0.07921,0.0777,0.07848,331553648.0
1699804800,0.07848,0.07865,0.07685,0.07808,283613944.0
1699819200,0.07808,0.07871,0.0773,0.07795,190760434.0
1699833600,0.07795,0.07954,0.07607,0.07645,426960228.0
1699848000,0.07645,0.07753,0.076,0.0772,404309745.0
1699862400,0.0772,0.07871,0.07656,0.07713,414716228.0
1699876800,0.07713,0.07811,0.07516,0.07706,529565743.0
1699891200,0.07706,0.0778,0.07532,0.07655,382760749.0
1699905600,0.07655,0.07719,0.07341,0.07456,537672023.0
1699920000,0.07456,0.07502,0.07242,0.07486,317548215.0
1699934400,0.07486,0.07526,0.07444,0.07516,151238581.0
1699948800,0.07516,0.07555,0.07258,0.07335,376565029.0
1699963200,0.07335,0.07549,0.07272,0.07398,561823180.0
1699977600,0.07398,0.0746,0.0688,0.07154,616524162.0
1699992000,0.07154,0.07285,0.07135,0.07244,189964942.0
1700006400,0.07244,0.07306,0.07227,0.07254,157966250.0
1700020800,0.07254,0.07379,0.07254,0.0736,169761456.0
1700035200,0.0736,0.07486,0.07339,0.07466,210661174.0
1700049600,0.07466,0.07486,0.07391,0.07443,185267415.0
1700064000,0.07443,0.0755,0.07353,0.07529,309286203.0
1700078400,0.07529,0.07654,0.0748,0.07623,209430829.0
1700092800,0.07623,0.07734,0.07593,0.0768,239767301.0
1700107200,0.0768,0.08,0.07633,0.07942,432593972.0
1700121600,0.07942,0.084,0.0766,0.08094,1305387307.0
1700136000,0.08094,0.0811,0.07597,0.0769,959327870.0
1700150400,0.0769,0.08095,0.07639,0.07963,818282833.0
1700164800,0.07963,0.082,0.07703,0.07947,868929544.0
1700179200,0.07947,0.08205,0.07907,0.08094,684370916.0
1700193600,0.08094,0.08372,0.08066,0.08264,675779262.0
1700208000,0.08264,0.0876,0.08209,0.08386,1601009686.0
1700222400,0.08386,0.08485,0.07925,0.08002,1306108846.0
1700236800,0.08002,0.08411,0.07933,0.08291,834289205.0
1700251200,0.08291,0.08656,0.0821,0.08641,614062148.0
1700265600,0.08641,0.08663,0.08371,0.08471,682054922.0
1700280000,0.08471,0.08564,0.08045,0.08357,636764935.0
1700294400,0.08357,0.08518,0.08322,0.08476,478091403.0
1700308800,0.08476,0.08592,0.079,0.08102,1294225859.0
1700323200,0.08102,0.08169,0.0794,0.08143,529899539.0
1700337600,0.08143,0.08152,0.08,0.08028,195076942.0
1700352000,0.08028,0.08028,0.07734,0.07872,455989391.0
1700366400,0.07872,0.0795,0.07804,0.07935,247451211.0
1700380800,0.07935,0.0798,0.07762,0.07817,259431350.0
1700395200,0.07817,0.07878,0.07756,0.0784,234142638.0
1700409600,0.0784,0.08052,0.07818,0.08048,291977918.0
1700424000,0.08048,0.08066,0.07926,0.08046,247606571.0
1700438400,0.08046,0.0806,0.07957,0.07993,213837602.0
1700452800,0.07993,0.08126,0.07977,0.081,198394910.0
1700467200,0.081,0.08167,0.08012,0.08165,251360404.0
1700481600,0.08165,0.08219,0.07876,0.08045,436608222.0
1700496000,0.08045,0.08132,0.07912,0.07956,406317805.0
1700510400,0.07956,0.07965,0.07666,0.07768,388302684.0
1700524800,0.07768,0.07875,0.07655,0.07729,324427671.0
1700539200,0.07729,0.07738,0.07605,0.07626,267610088.0
1700553600,0.07626,0.07753,0.07601,0.07687,240142978.0
1700568000,0.07687,0.07722,0.07355,0.07593,641778908.0
1700582400,0.07593,0.07639,0.07286,0.07466,730360861.0
1700596800,0.07466,0.07573,0.07063,0.07176,602914415.0
1700611200,0.07176,0.07444,0.07153,0.07435,255873279.0
1700625600,0.07435,0.07468,0.074,0.07423,153935741.0
1700640000,0.07423,0.07474,0.07406,0.07428,107402837.0
1700654400,0.07428,0.07501,0.07385,0.07422,178476335.0
1700668800,0.07422,0.07609,0.07412,0.07583,245376642.0
1700683200,0.07583,0.0766,0.07521,0.07575,178423588.0
1700697600,0.07575,0.07626,0.0753,0.07597,120190447.0
1700712000,0.07597,0.07632,0.07564,0.07576,82299829.0
1700726400,0.07576,0.07638,0.0754,0.07579,131669246.0
1700740800,0.07579,0.07596,0.07494,0.07506,121702783.0
1700755200,0.07506,0.0761,0.075,0.07572,81336209.0
1700769600,0.07572,0.07638,0.07569,0.0762,76461336.0
1700784000,0.0762,0.07738,0.07605,0.07709,144511921.0
1700798400,0.07709,0.07783,0.0768,0.07774,119075773.0
1700812800,0.07774,0.07838,0.07729,0.07739,208407944.0
1700827200,0.07739,0.07819,0.07693,0.07791,146676364.0
1700841600,0.07791,0.07814,0.07714,0.07737,122768377.0
1700856000,0.07737,0.07866,0.07724,0.07818,142210573.0
1700870400,0.07818,0.07916,0.07775,0.07905,209499944.0
1700884800,0.07905,0.07909,0.07828,0.07888,78546245.0
1700899200,0.07888,0.07902,0.07753,0.07794,111280410.0
1700913600,0.07794,0.07845,0.0778,0.07837,77873695.0
1700928000,0.07837,0.07913,0.07825,0.07861,92978385.0
1700942400,0.07861,0.07898,0.07826,0.07894,81543656.0
1700956800,0.07894,0.07899,0.0781,0.07832,86113979.0
1700971200,0.07832,0.0787,0.07817,0.07824,63693742.0
1700985600,0.07824,0.07828,0.07766,0.07773,83904086.0
1701000000,0.07773,0.078,0.07709,0.07732,122646726.0
1701014400,0.07732,0.07754,0.0755,0.07703,233147127.0
1701028800,0.07703,0.07891,0.07687,0.07868,196419246.0
1701043200,0.07868,0.08048,0.07766,0.07827,358026218.0
1701057600,0.07827,0.0817,0.07818,0.08089,595703374.0
1701072000,0.08089,0.08148,0.07829,0.07927,443840684.0
1701086400,0.07927,0.07947,0.077,0.0772,342731992.0
1701100800,0.0772,0.07877,0.0769,0.07746,236017333.0
1701115200,0.07746,0.07884,0.0768,0.07884,163140594.0
1701129600,0.07884,0.0793,0.07788,0.07812,184387440.0
1701144000,0.07812,0.07833,0.07671,0.07733,221535754.0
1701158400,0.07733,0.07817,0.07685,0.07805,125998787.0
1701172800,0.07805,0.08058,0.07755,0.08,680509615.0
1701187200,0.08,0.081,0.07958,0.0803,281954568.0
1701201600,0.0803,0.08121,0.07998,0.08083,215755107.0
1701216000,0.08083,0.08125,0.08029,0.0806,176090608.0
1701230400,0.0806,0.08133,0.08052,0.08094,130599931.0
1701244800,0.08094,0.08139,0.07959,0.08138,213190806.0
1701259200,0.08138,0.08317,0.08011,0.08025,622317944.0
1701273600,0.08025,0.08146,0.07973,0.08138,222388729.0
1701288000,0.08138,0.08139,0.08033,0.08047,153877680.0
1701302400,0.08047,0.08168,0.08039,0.08146,196480388.0
1701316800,0.08146,0.08195,0.08111,0.08164,116600413.0
1701331200,0.08164,0.08288,0.08129,0.08179,265514580.0
1701345600,0.08179,0.083,0.08139,0.08239,368929123.0
1701360000,0.08239,0.08443,0.08216,0.08411,352250348.0
1701374400,0.08411,0.08428,0.08271,0.08343,174788867.0
1701388800,0.08343,0.08414,0.0823,0.08407,197684827.0
1701403200,0.08407,0.0851,0.08377,0.08424,281508755.0
1701417600,0.08424,0.08457,0.0837,0.08382,174384244.0
1701432000,0.08382,0.08386,0.08259,0.08297,190564650.0
1701446400,0.08297,0.08386,0.08271,0.08344,129124472.0
1701460800,0.08344,0.08415,0.0832,0.08385,102320099.0
1701475200,0.08385,0.08441,0.08356,0.08423,144430788.0
1701489600,0.08423,0.08448,0.08376,0.08378,105200008.0
1701504000,0.08378,0.08434,0.08363,0.08386,99458757.0
1701518400,0.08386,0.08458,0.08327,0.08434,143052308.0
1701532800,0.08434,0.086,0.08369,0.0858,244003389.0
1701547200,0.0858,0.08663,0.08553,0.08617,311079429.0
1701561600,0.08617,0.08738,0.08521,0.08584,233994837.0
1701576000,0.08584,0.08601,0.08497,0.08543,139871760.0
1701590400,0.08543,0.0855,0.08448,0.0848,173706132.0
1701604800,0.0848,0.085,0.0836,0.084,185045127.0
1701619200,0.084,0.08552,0.08372,0.08538,187583623.0
1701633600,0.08538,0.08637,0.08455,0.08571,312830372.0
1701648000,0.08571,0.08687,0.08519,0.08635,253534549.0
1701662400,0.08635,0.09102,0.08635,0.09052,927737071.0
1701676800,0.09052,0.0908,0.085,0.08752,718760226.0
1701691200,0.08752,0.08941,0.0862,0.08934,395239273.0
1701705600,0.08934,0.08939,0.08822,0.08887,223776682.0
1701720000,0.08887,0.0926,0.0885,0.09188,414722154.0
1701734400,0.09188,0.0925,0.08915,0.09014,320189033.0
1701748800,0.09014,0.09031,0.08751,0.08843,300771004.0
1701763200,0.08843,0.08886,0.08746,0.08867,265047284.0
1701777600,0.08867,0.09029,0.0886,0.08983,362293415.0
1701792000,0.08983,0.0958,0.08936,0.0948,854424153.0
1701806400,0.0948,0.09516,0.09248,0.09435,441461227.0
1701820800,0.09435,0.09661,0.09338,0.09498,460568003.0
1701835200,0.09498,0.10645,0.09492,0.10268,1813702915.0
1701849600,0.10268,0.10423,0.098,0.10004,1108151383.0
1701864000,0.10004,0.10458,0.09981,0.10072,838746716.0
1701878400,0.10072,0.10131,0.09807,0.09922,577023990.0
1701892800,0.09922,0.0995,0.0943,0.09493,480308448.0
1701907200,0.09493,0.09777,0.09466,0.09716,462521433.0
1701921600,0.09716,0.09828,0.09644,0.09764,326024177.0
1701936000,0.09764,0.098,0.09296,0.09449,706275913.0
1701950400,0.09449,0.09686,0.0938,0.09629,413492896.0
1701964800,0.09629,0.0972,0.09396,0.09399,426429949.0
1701979200,0.09399,0.09619,0.09269,0.09593,507860552.0
1701993600,0.09593,0.09695,0.09556,0.09662,246456310.0
1702008000,0.09662,0.09817,0.09601,0.09747,387081588.0
1702022400,0.09747,0.09801,0.09643,0.09784,327155824.0
1702036800,0.09784,0.09876,0.09703,0.09791,386145107.0
1702051200,0.09791,0.101,0.09746,0.10032,358522561.0
1702065600,0.10032,0.10385,0.09989,0.10164,541653609.0
1702080000,0.10164,0.1032,0.1008,0.10287,322756530.0
1702094400,0.10287,0.1051,0.10235,0.10475,388645498.0
1702108800,0.10475,0.10487,0.1005,0.10183,593403626.0
1702123200,0.10183,0.10254,0.09898,0.10119,577410439.0
1702137600,0.10119,0.1025,0.09855,0.10024,307077111.0
1702152000,0.10024,0.1008,0.0975,0.09846,211485509.0
1702166400,0.09846,0.10035,0.09846,0.10023,184105611.0
1702180800,0.10023,0.10181,0.09918,0.10002,198891294.0
1702195200,0.10002,0.10019,0.09665,0.09836,326617641.0
1702209600,0.09836,0.101,0.09828,0.10073,223286113.0
1702224000,0.10073,0.1025,0.09974,0.10203,220320409.0
1702238400,0.10203,0.10275,0.10123,0.10186,184180694.0
1702252800,0.10186,0.1073,0.09244,0.10088,1314537940.0
1702267200,0.10088,0.10257,0.09624,0.09696,722655217.0
1702281600,0.09696,0.09937,0.0959,0.09885,451635813.0
1702296000,0.09885,0.09893,0.094,0.09535,548483594.0
1702310400,0.09535,0.0955,0.09106,0.09378,634531738.0
1702324800,0.09378,0.09509,0.09308,0.09413,254607710.0
1702339200,0.09413,0.09802,0.09403,0.09621,421307355.0
1702353600,0.09621,0.09719,0.09462,0.09686,304277581.0
1702368000,0.09686,0.09753,0.09523,0.09529,270502002.0
1702382400,0.09529,0.09682,0.09324,0.09411,347494500.0
1702396800,0.09411,0.09488,0.09122,0.09255,410505992.0
1702411200,0.09255,0.09411,0.09161,0.09381,249504548.0
1702425600,0.09381,0.09448,0.09011,0.09101,401664084.0
1702440000,0.09101,0.09216,0.0898,0.09156,267256416.0
1702454400,0.09156,0.09318,0.09151,0.09214,187383178.0
1702468800,0.09214,0.09364,0.09186,0.09305,269708499.0
1702483200,0.09305,0.09523,0.09237,0.0949,222933401.0
1702497600,0.0949,0.09759,0.09472,0.09642,305763315.0
1702512000,0.09642,0.09677,0.09517,0.09566,218173818.0
1702526400,0.09566,0.09699,0.09507,0.09637,213568271.0
1702540800,0.09637,0.09783,0.09601,0.09777,222270493.0
1702555200,0.09777,0.09782,0.09327,0.09555,310711786.0
1702569600,0.09555,0.09878,0.09551,0.0972,292743059.0
1702584000,0.0972,0.09863,0.09651,0.0983,148354241.0
1702598400,0.0983,0.09879,0.09707,0.09747,204583231.0
1702612800,0.09747,0.09762,0.09576,0.09594,193892188.0
1702627200,0.09594,0.09706,0.09559,0.09599,186506449.0
1702641600,0.09599,0.09615,0.09316,0.09397,361453112.0
1702656000,0.09397,0.09536,0.09355,0.09494,191486088.0
1702670400,0.09494,0.09525,0.09232,0.09303,175647699.0
1702684800,0.09303,0.094,0.09152,0.09397,211564878.0
1702699200,0.09397,0.09428,0.09344,0.09379,85967845.0
1702713600,0.09379,0.0946,0.0935,0.09458,117192663.0
1702728000,0.09458,0.09506,0.0938,0.09504,127605613.0
1702742400,0.09504,0.09567,0.09354,0.09431,182720119.0
1702756800,0.09431,0.09728,0.09423,0.09713,291174094.0
1702771200,0.09713,0.09784,0.09483,0.09517,204825788.0
1702785600,0.09517,0.09595,0.09334,0.09389,183883165.0
1702800000,0.09389,0.09553,0.09356,0.09528,127265514.0
1702814400,0.09528,0.09535,0.09317,0.0946,163097707.0
1702828800,0.0946,0.0966,0.09427,0.09506,167309159.0
1702843200,0.09506,0.09547,0.09238,0.09295,140110380.0
1702857600,0.09295,0.09378,0.09094,0.09194,251010168.0
1702872000,0.09194,0.09228,0.09065,0.09091,139375056.0
1702886400,0.09091,0.09141,0.08638,0.08836,619720912.0
1702900800,0.08836,0.0902,0.08727,0.08906,205612099.0
1702915200,0.08906,0.09055,0.08851,0.09035,121370186.0
1702929600,0.09035,0.09235,0.08978,0.09213,142026381.0
1702944000,0.09213,0.0935,0.09173,0.09233,188805950.0
1702958400,0.09233,0.09333,0.09229,0.09319,114065147.0
1702972800,0.09319,0.09344,0.0921,0.09222,133174204.0
1702987200,0.09222,0.09239,0.09023,0.0913,195006673.0
1703001600,0.0913,0.09166,0.08926,0.09033,161738570.0
1703016000,0.09033,0.09129,0.08985,0.09023,91446964.0
1703030400,0.09023,0.091,0.08963,0.0906,135058166.0
1703044800,0.0906,0.09165,0.09,0.09034,248540648.0
1703059200,0.09034,0.09077,0.08942,0.09057,191521216.0
1703073600,0.09057,0.09334,0.0901,0.09298,283126477.0
1703088000,0.09298,0.09329,0.09125,0.09162,228274387.0
1703102400,0.09162,0.09177,0.08993,0.0915,137157754.0
1703116800,0.0915,0.0918,0.09063,0.09147,129398628.0
1703131200,0.09147,0.09179,0.0908,0.09149,171529710.0
1703145600,0.09149,0.09283,0.09106,0.0924,141515750.0
1703160000,0.0924,0.0929,0.09066,0.09134,170226478.0
1703174400,0.09134,0.09337,0.09092,0.09315,177354787.0
1703188800,0.09315,0.098,0.09308,0.09499,936932845.0
1703203200,0.09499,0.09559,0.09314,0.09369,311778915.0
1703217600,0.09369,0.09436,0.09202,0.09258,294995700.0
1703232000,0.09258,0.09348,0.09195,0.09328,158962316.0
1703246400,0.09328,0.09408,0.09235,0.09383,171799748.0
1703260800,0.09383,0.09499,0.09335,0.09343,196367582.0
1703275200,0.09343,0.09529,0.09332,0.09499,124512205.0
1703289600,0.09499,0.095,0.09208,0.09244,183433754.0
1703304000,0.09244,0.09326,0.09204,0.09257,80640087.0
1703318400,0.09257,0.09318,0.0923,0.09271,85800394.0
1703332800,0.09271,0.09338,0.0926,0.09304,117608006.0
1703347200,0.09304,0.09346,0.09268,0.093,80841344.0
1703361600,0.093,0.09388,0.09267,0.09346,101386690.0
1703376000,0.09346,0.09449,0.09309,0.09427,130350434.0
1703390400,0.09427,0.09455,0.09205,0.09337,153362962.0
1703404800,0.09337,0.09492,0.09296,0.09435,304651171.0
1703419200,0.09435,0.0948,0.09366,0.09374,159172074.0
1703433600,0.09374,0.09425,0.09332,0.09415,103308801.0
1703448000,0.09415,0.09419,0.09026,0.09171,227280014.0
1703462400,0.09171,0.09298,0.09124,0.09245,136825860.0
1703476800,0.09245,0.09298,0.09224,0.0926,64162250.0
1703491200,0.0926,0.0933,0.09253,0.09307,117685920.0
1703505600,0.09307,0.094,0.0928,0.09371,153335335.0
1703520000,0.09371,0.09544,0.09347,0.09406,196047688.0
1703534400,0.09406,0.09492,0.0932,0.09435,126265649.0
1703548800,0.09435,0.09445,0.09342,0.09402,88760834.0
1703563200,0.09402,0.09408,0.0913,0.09267,206184728.0
1703577600,0.09267,0.09287,0.0915,0.09279,140528623.0
1703592000,0.09279,0.09331,0.09127,0.09152,161130682.0
1703606400,0.09152,0.09242,0.087,0.09015,351613215.0
1703620800,0.09015,0.09168,0.09004,0.09135,97045009.0
1703635200,0.09135,0.09149,0.08956,0.09013,105930451.0
1703649600,0.09013,0.09198,0.09011,0.09186,93538328.0
1703664000,0.09186,0.09269,0.0913,0.09233,135056074.0
1703678400,0.09233,0.09374,0.09185,0.09325,157350859.0
1703692800,0.09325,0.09385,0.09282,0.0934,113444685.0
1703707200,0.0934,0.09386,0.0927,0.09365,92583916.0
1703721600,0.09365,0.09493,0.09345,0.09473,219809116.0
1703736000,0.09473,0.09483,0.09289,0.09343,168032422.0
1703750400,0.09343,0.09395,0.09291,0.0934,113813718.0
1703764800,0.0934,0.09357,0.09107,0.09138,251602175.0
1703779200,0.09138,0.09212,0.09117,0.09191,89694232.0
1703793600,0.09191,0.09219,0.09111,0.09174,53053889.0
1703808000,0.09174,0.09237,0.0902,0.09197,139633637.0
1703822400,0.09197,0.09245,0.09108,0.09133,69961229.0
1703836800,0.09133,0.09294,0.09125,0.09261,91543921.0
1703851200,0.09261,0.093,0.09066,0.09158,113474775.0
1703865600,0.09158,0.09166,0.09,0.09132,160231495.0
1703880000,0.09132,0.09132,0.08843,0.09097,101523633.0
1703894400,0.09097,0.0914,0.09039,0.0906,58666845.0
1703908800,0.0906,0.09098,0.08998,0.09048,54914707.0
1703923200,0.09048,0.09053,0.0892,0.08991,84469962.0
1703937600,0.08991,0.09092,0.08963,0.09083,56713497.0
1703952000,0.09083,0.09109,0.09054,0.09059,51421676.0
1703966400,0.09059,0.09068,0.08971,0.09,42248833.0
1703980800,0.09,0.0905,0.08924,0.08969,59471671.0
1703995200,0.08969,0.09083,0.08956,0.09048,50552557.0
1704009600,0.09048,0.09089,0.09026,0.09042,51647214.0
1704024000,0.09042,0.09074,0.08983,0.09012,55663161.0
1704038400,0.09012,0.09079,0.09006,0.09029,51999163.0
1704052800,0.09029,0.09031,0.08808,0.08955,116093862.0
1704067200,0.08955,0.09028,0.08899,0.08921,83610514.0
1704081600,0.08921,0.08975,0.08847,0.08965,67676959.0
1704096000,0.08965,0.09015,0.08941,0.08995,51677839.0
1704110400,0.08995,0.09122,0.08995,0.09106,114695524.0
1704124800,0.09106,0.0919,0.09066,0.09181,98235738.0
1704139200,0.09181,0.09207,0.09131,0.09199,90664414.0
1704153600,0.09199,0.09342,0.0918,0.09309,174068859.0
1704168000,0.09309,0.094,0.09264,0.09348,148051765.0
1704182400,0.09348,0.09438,0.09245,0.09291,199386653.0
1704196800,0.09291,0.09309,0.09075,0.09149,192499767.0
1704211200,0.09149,0.09198,0.09093,0.09133,78235329.0
1704225600,0.09133,0.09165,0.09035,0.0911,89692563.0
1704240000,0.0911,0.09194,0.091,0.09137,80535576.0
1704254400,0.09137,0.09194,0.09122,0.09165,71522507.0
1704268800,0.09165,0.09213,0.08888,0.08955,172037763.0
1704283200,0.08955,0.08958,0.075,0.08244,1079194159.0
1704297600,0.08244,0.08285,0.0805,0.08167,385682837.0
1704312000,0.08167,0.0829,0.08153,0.08201,170777559.0
1704326400,0.08201,0.08264,0.08093,0.08209,196950718.0
1704340800,0.08209,0.08298,0.08189,0.08225,189201619.0
1704355200,0.08225,0.08305,0.08147,0.08262,184223599.0
1704369600,0.08262,0.08461,0.08226,0.08406,254404288.0
1704384000,0.08406,0.0843,0.08314,0.08381,205522292.0
1704398400,0.08381,0.08467,0.08381,0.08401,114609097.0
1704412800,0.08401,0.08483,0.08046,0.08295,308685028.0
1704427200,0.08295,0.08327,0.08244,0.08282,112103205.0
1704441600,0.08282,0.08403,0.08201,0.08218,172110440.0
1704456000,0.08218,0.08277,0.08097,0.08192,219291561.0
1704470400,0.08192,0.08228,0.08051,0.08157,200732029.0
1704484800,0.08157,0.08282,0.08157,0.08267,96991784.0
1704499200,0.08267,0.08268,0.08176,0.0821,71496870.0
1704513600,0.0821,0.08233,0.07833,0.0802,416406933.0
1704528000,0.0802,0.08071,0.07979,0.08064,96894835.0
1704542400,0.08064,0.0819,0.0801,0.08149,148990786.0
1704556800,0.08149,0.08176,0.08051,0.08079,114146693.0
1704571200,0.08079,0.08105,0.07975,0.08058,131535577.0
1704585600,0.08058,0.08146,0.08034,0.08073,109285748.0
1704600000,0.08073,0.08148,0.08056,0.0807,132839142.0
1704614400,0.0807,0.0812,0.07948,0.08005,160705535.0
1704628800,0.08005,0.08074,0.07926,0.07942,141933221.0
1704643200,0.07942,0.0802,0.079,0.08003,130683890.0
1704657600,0.08003,0.08011,0.07701,0.07824,252285571.0
1704672000,0.07824,0.07897,0.07412,0.07593,567581665.0
1704686400,0.07593,0.07865,0.07557,0.07764,204724497.0
1704700800,0.07764,0.0784,0.07684,0.07831,123830156.0
1704715200,0.07831,0.0797,0.07796,0.07909,176585416.0
1704729600,0.07909,0.08119,0.07889,0.08112,179922547.0
1704744000,0.08112,0.08177,0.08004,0.0813,139431480.0
1704758400,0.0813,0.08162,0.0794,0.07996,210636883.0
1704772800,0.07996,0.08129,0.07988,0.08048,130272840.0
1704787200,0.08048,0.08048,0.07836,0.07901,172897902.0
1704801600,0.07901,0.07921,0.07642,0.07828,310159202.0
1704816000,0.07828,0.08399,0.077,0.0798,890835985.0
1704830400,0.0798,0.08227,0.07681,0.07923,490750587.0
1704844800,0.07923,0.08084,0.07905,0.07986,152735850.0
1704859200,0.07986,0.08003,0.07825,0.07864,108781204.0
1704873600,0.07864,0.07968,0.07788,0.07912,128776824.0
1704888000,0.07912,0.07937,0.07579,0.07835,242677182.0
1704902400,0.07835,0.07933,0.07765,0.07917,133134276.0
1704916800,0.07917,0.08501,0.0771,0.08307,473927097.0
1704931200,0.08307,0.08468,0.08224,0.08404,293635994.0
1704945600,0.08404,0.08458,0.08197,0.08381,153371679.0
1704960000,0.08381,0.08616,0.08359,0.08599,212266227.0
1704974400,0.08599,0.088,0.08411,0.08494,571474412.0
1704988800,0.08494,0.08549,0.08295,0.08523,193659296.0
1705003200,0.08523,0.08566,0.08384,0.08456,96033962.0
1705017600,0.08456,0.08492,0.08317,0.08359,118095099.0
1705032000,0.08359,0.08499,0.08343,0.08406,104394176.0
1705046400,0.08406,0.085,0.08327,0.08463,117443849.0
1705060800,0.08463,0.08544,0.08237,0.08266,227781306.0
1705075200,0.08266,0.08298,0.07953,0.08159,331939056.0
1705089600,0.08159,0.08193,0.0778,0.08007,217520411.0
1705104000,0.08007,0.08044,0.07861,0.08019,94313123.0
1705118400,0.08019,0.08107,0.08007,0.08079,40529859.0
1705132800,0.08079,0.08102,0.0795,0.0802,100465155.0
1705147200,0.0802,0.08138,0.0799,0.08122,77386767.0
1705161600,0.08122,0.08128,0.08058,0.08099,81933854.0
1705176000,0.08099,0.08123,0.08055,0.08092,56485293.0
1705190400,0.08092,0.08109,0.08026,0.08068,65926102.0
1705204800,0.08068,0.08281,0.0803,0.08253,133647827.0
1705219200,0.08253,0.08396,0.08173,0.08301,324710189.0
1705233600,0.08301,0.08311,0.08187,0.08199,124217001.0
1705248000,0.08199,0.0824,0.08068,0.08084,123131916.0
1705262400,0.08084,0.08136,0.07964,0.08003,151700124.0
1705276800,0.08003,0.08148,0.07998,0.08118,64000392.0
1705291200,0.08118,0.08161,0.08053,0.08088,65762183.0
1705305600,0.08088,0.08178,0.08063,0.08157,63899789.0
1705320000,0.08157,0.08167,0.07987,0.0803,107895996.0
1705334400,0.0803,0.08178,0.08014,0.08117,59311736.0
1705348800,0.08117,0.08137,0.08,0.08108,62719683.0
1705363200,0.08108,0.08172,0.08085,0.08117,54887305.0
1705377600,0.08117,0.08131,0.08024,0.08098,59859797.0
1705392000,0.08098,0.08258,0.08086,0.08161,156177564.0
1705406400,0.08161,0.08223,0.07986,0.08133,166363827.0
1705420800,0.08133,0.08164,0.0809,0.08138,80484740.0
1705435200,0.08138,0.08184,0.08125,0.08134,64676024.0
1705449600,0.08134,0.0816,0.0812,0.08122,57490122.0
1705464000,0.08122,0.08138,0.08033,0.08044,85761322.0
1705478400,0.08044,0.08115,0.08021,0.08062,75583692.0
1705492800,0.08062,0.08087,0.07991,0.08008,128189916.0
1705507200,0.08008,0.08068,0.07935,0.08046,78641545.0
1705521600,0.08046,0.08062,0.07971,0.08059,53034014.0
1705536000,0.08059,0.08079,0.08006,0.08024,68039911.0
1705550400,0.08024,0.08081,0.08015,0.08072,58867183.0
1705564800,0.08072,0.08075,0.07976,0.08017,77792196.0
1705579200,0.08017,0.08025,0.07917,0.08008,99863076.0
1705593600,0.08008,0.08014,0.0769,0.07756,231491996.0
1705608000,0.07756,0.07834,0.07745,0.07808,85282782.0
1705622400,0.07808,0.07829,0.07641,0.07745,138637000.0
1705636800,0.07745,0.07832,0.07733,0.07812,55157461.0
1705651200,0.07812,0.07852,0.07788,0.07822,61596714.0
1705665600,0.07822,0.07863,0.07707,0.07746,124516626.0
1705680000,0.07746,0.07847,0.07484,0.07842,324408500.0
1705694400,0.07842,0.07884,0.07793,0.07857,62392452.0
1705708800,0.07857,0.07901,0.07825,0.07852,81228200.0
1705723200,0.07852,0.07956,0.07821,0.07924,103452057.0
1705737600,0.07924,0.0795,0.07845,0.07925,83398345.0
1705752000,0.07925,0.07961,0.07897,0.07923,69262452.0
1705766400,0.07923,0.08247,0.07911,0.0823,219540012.0
1705780800,0.0823,0.09058,0.08192,0.08777,1098196278.0
1705795200,0.08777,0.09046,0.08634,0.08678,988639556.0
1705809600,0.08678,0.08709,0.08468,0.08583,352971918.0
1705824000,0.08583,0.08729,0.08505,0.08692,250497378.0
1705838400,0.08692,0.08888,0.08613,0.08719,348307869.0
1705852800,0.08719,0.0873,0.08569,0.08641,193630148.0
1705867200,0.08641,0.08645,0.08473,0.08546,160754096.0
1705881600,0.08546,0.08559,0.08256,0.0833,312300639.0
1705896000,0.0833,0.08415,0.08222,0.08339,179554370.0
1705910400,0.08339,0.08362,0.08146,0.08336,249574292.0
1705924800,0.08336,0.08462,0.08299,0.0841,331101111.0
1705939200,0.0841,0.08488,0.08021,0.08191,348883111.0
1705953600,0.08191,0.08257,0.08012,0.08057,170435166.0
1705968000,0.08057,0.08189,0.08044,0.08091,145013876.0
1705982400,0.08091,0.08135,0.07947,0.07978,149490803.0
1705996800,0.07978,0.08005,0.076,0.07731,467438749.0
1706011200,0.07731,0.07783,0.07603,0.07757,255415851.0
1706025600,0.07757,0.07787,0.07657,0.07666,131821915.0
1706040000,0.07666,0.07827,0.07637,0.07821,136534958.0
1706054400,0.07821,0.0789,0.07754,0.07785,123006239.0
1706068800,0.07785,0.08009,0.07784,0.07957,164121514.0
1706083200,0.07957,0.08066,0.0795,0.08011,129413482.0
1706097600,0.08011,0.08038,0.07852,0.07917,127990311.0
1706112000,0.07917,0.0794,0.07807,0.07856,79377230.0
1706126400,0.07856,0.07928,0.07805,0.07904,64478277.0
1706140800,0.07904,0.07925,0.07806,0.07825,68637943.0
1706155200,0.07825,0.07835,0.07736,0.07818,105495342.0
1706169600,0.07818,0.07885,0.0776,0.07823,122477430.0
1706184000,0.07823,0.07852,0.07711,0.07742,94194932.0
1706198400,0.07742,0.07833,0.07711,0.07805,54296415.0
1706212800,0.07805,0.07832,0.0777,0.07795,42825533.0
1706227200,0.07795,0.07849,0.07753,0.07812,41768706.0
1706241600,0.07812,0.07854,0.07773,0.07783,48132372.0
1706256000,0.07783,0.07963,0.07782,0.07952,76466481.0
1706270400,0.07952,0.07969,0.07887,0.07948,111389157.0
1706284800,0.07948,0.08035,0.07947,0.08004,89165166.0
1706299200,0.08004,0.0803,0.07963,0.07985,71432411.0
1706313600,0.07985,0.08028,0.07974,0.07994,46024473.0
1706328000,0.07994,0.08009,0.07902,0.0794,51131364.0
1706342400,0.0794,0.07989,0.07927,0.07966,48216970.0
1706356800,0.07966,0.07993,0.07943,0.0796,40420552.0
1706371200,0.0796,0.07998,0.07943,0.07983,64517915.0
1706385600,0.07983,0.0807,0.07983,0.08014,79916622.0
1706400000,0.08014,0.08066,0.07984,0.0806,59194376.0
1706414400,0.0806,0.08149,0.07999,0.08022,98452447.0
1706428800,0.08022,0.08097,0.08,0.08013,64560762.0
1706443200,0.08013,0.08021,0.07925,0.07962,70942303.0
1706457600,0.07962,0.07982,0.07818,0.07857,65987563.0
1706472000,0.07857,0.07918,0.07825,0.07882,46805396.0
1706486400,0.07882,0.07936,0.07842,0.07904,43216607.0
1706500800,0.07904,0.07925,0.07845,0.07849,62938972.0
1706515200,0.07849,0.08239,0.07816,0.08062,410403704.0
1706529600,0.08062,0.08306,0.08003,0.08222,436218990.0
1706544000,0.08222,0.08276,0.08145,0.08228,217172933.0
1706558400,0.08228,0.08265,0.08117,0.08135,89692456.0
1706572800,0.08135,0.08215,0.08089,0.08162,82619430.0
1706587200,0.08162,0.08187,0.08094,0.08144,57602381.0
1706601600,0.08144,0.08182,0.081,0.08176,91898174.0
1706616000,0.08176,0.08219,0.08042,0.08122,177875321.0
1706630400,0.08122,0.08169,0.08079,0.0813,89460402.0
1706644800,0.0813,0.0816,0.07939,0.07972,109925464.0
1706659200,0.07972,0.08017,0.07901,0.0801,73390704.0
1706673600,0.0801,0.08028,0.07952,0.07976,57815440.0
1706688000,0.07976,0.07988,0.07832,0.07905,94820613.0
1706702400,0.07905,0.07957,0.07818,0.07954,90220830.0
1706716800,0.07954,0.08009,0.07915,0.07987,85741787.0
1706731200,0.07987,0.07992,0.078,0.07875,90940841.0
1706745600,0.07875,0.07913,0.07728,0.07864,92139657.0
1706760000,0.07864,0.07935,0.07857,0.07885,62067508.0
1706774400,0.07885,0.07929,0.07852,0.07858,44730203.0
1706788800,0.07858,0.07939,0.07841,0.07898,73150984.0
1706803200,0.07898,0.07986,0.0785,0.07968,108724437.0
1706817600,0.07968,0.07978,0.07904,0.07937,42348291.0
1706832000,0.07937,0.07996,0.07917,0.07969,55481568.0
1706846400,0.07969,0.07995,0.07941,0.07982,66427217.0
1706860800,0.07982,0.07994,0.07944,0.0795,54307491.0
1706875200,0.0795,0.07966,0.07858,0.0794,76751935.0
1706889600,0.0794,0.07963,0.07873,0.07897,61816987.0
1706904000,0.07897,0.07937,0.07884,0.07928,23373196.0
1706918400,0.07928,0.07951,0.07908,0.07924,22031826.0
1706932800,0.07924,0.07951,0.07887,0.07898,19635710.0
1706947200,0.07898,0.07913,0.07878,0.07903,34465604.0
1706961600,0.07903,0.07932,0.07853,0.07908,42332597.0
1706976000,0.07908,0.07946,0.07906,0.07918,34543915.0
1706990400,0.07918,0.07929,0.0786,0.07874,28700347.0
1707004800,0.07874,0.07905,0.07837,0.079,27227100.0
1707019200,0.079,0.079,0.07846,0.07864,30717851.0
1707033600,0.07864,0.07912,0.07843,0.07907,41812159.0
1707048000,0.07907,0.07927,0.07876,0.07912,32511207.0
1707062400,0.07912,0.07998,0.07863,0.0791,73720311.0
1707076800,0.0791,0.07941,0.07775,0.07831,57177806.0
1707091200,0.07831,0.07858,0.07735,0.0782,65188213.0
1707105600,0.0782,0.0789,0.07798,0.07876,46998534.0
1707120000,0.07876,0.08031,0.07866,0.07965,102155724.0
1707134400,0.07965,0.08013,0.07857,0.07872,112744701.0
1707148800,0.07872,0.07906,0.0784,0.07886,28684382.0
1707163200,0.07886,0.07889,0.0776,0.07835,76411114.0
1707177600,0.07835,0.07866,0.07823,0.07849,32610015.0
1707192000,0.07849,0.07851,0.07812,0.07848,26306342.0
1707206400,0.07848,0.07874,0.07785,0.0781,63172840.0
1707220800,0.0781,0.07862,0.07773,0.07858,60914930.0
1707235200,0.07858,0.07916,0.07847,0.07912,69194500.0
1707249600,0.07912,0.07923,0.07841,0.07849,42405058.0
1707264000,0.07849,0.07896,0.07848,0.07854,34229977.0
1707278400,0.07854,0.07863,0.07816,0.07838,31760427.0
1707292800,0.07838,0.07875,0.07828,0.07849,33669651.0
1707307200,0.07849,0.07908,0.07841,0.079,59163454.0
1707321600,0.079,0.08,0.07892,0.07968,129925521.0
1707336000,0.07968,0.08032,0.07968,0.08013,100323362.0
1707350400,0.08013,0.08047,0.07996,0.08009,66764570.0
1707364800,0.08009,0.08031,0.07969,0.07987,56502001.0
1707379200,0.07987,0.08034,0.07935,0.07988,78167698.0
1707393600,0.07988,0.08085,0.07973,0.0807,95606160.0
1707408000,0.0807,0.08087,0.07965,0.08023,66725122.0
1707422400,0.08023,0.08055,0.07956,0.07987,84029553.0
1707436800,0.07987,0.08088,0.07986,0.08043,72244088.0
1707451200,0.08043,0.082,0.08027,0.08191,111063668.0
1707465600,0.08191,0.08213,0.08127,0.08191,121620919.0
1707480000,0.08191,0.08222,0.0807,0.08146,172688141.0
1707494400,0.08146,0.082,0.08093,0.08148,98405224.0
1707508800,0.08148,0.08162,0.08113,0.08155,88979807.0
1707523200,0.08155,0.08214,0.08135,0.08186,56348243.0
1707537600,0.08186,0.08193,0.08124,0.08125,40764633.0
1707552000,0.08125,0.08142,0.0803,0.08079,81357766.0
1707566400,0.08079,0.08113,0.0806,0.0811,55576977.0
1707580800,0.0811,0.08126,0.08086,0.08108,48336574.0
1707595200,0.08108,0.0818,0.08099,0.08142,85390731.0
1707609600,0.08142,0.08236,0.08125,0.08225,61293062.0
1707624000,0.08225,0.08358,0.08182,0.08284,158941263.0
1707638400,0.08284,0.08336,0.08207,0.08255,128697666.0
1707652800,0.08255,0.08255,0.08146,0.0818,95547644.0
1707667200,0.0818,0.08223,0.08135,0.08196,107499233.0
1707681600,0.08196,0.08208,0.08075,0.08123,87675059.0
1707696000,0.08123,0.08156,0.07994,0.08041,146941373.0
1707710400,0.08041,0.0805,0.0795,0.08036,72308173.0
1707724800,0.08036,0.08046,0.07946,0.07982,75059842.0
1707739200,0.07982,0.08157,0.0796,0.08155,164642835.0
1707753600,0.08155,0.08287,0.081,0.08155,227900604.0
1707768000,0.08155,0.08244,0.08154,0.08223,110453733.0
1707782400,0.08223,0.08297,0.08156,0.0818,113846825.0
1707796800,0.0818,0.08262,0.08177,0.08251,72640129.0
1707811200,0.08251,0.08297,0.082,0.08242,138607942.0
1707825600,0.08242,0.08264,0.07968,0.08095,307037653.0
1707840000,0.08095,0.08119,0.08024,0.08081,68758201.0
1707854400,0.08081,0.0815,0.08079,0.08105,37138833.0
1707868800,0.08105,0.08111,0.08047,0.08111,51277790.0
1707883200,0.08111,0.08184,0.08092,0.08175,66295793.0
1707897600,0.08175,0.08337,0.08168,0.08294,227509591.0
1707912000,0.08294,0.08359,0.08233,0.08317,266800245.0
1707926400,0.08317,0.08669,0.08263,0.08619,612200186.0
1707940800,0.08619,0.087,0.08532,0.0855,272980752.0
1707955200,0.0855,0.08824,0.08549,0.08715,394826698.0
1707969600,0.08715,0.08727,0.08509,0.08555,186072622.0
1707984000,0.08555,0.08612,0.08508,0.08579,192032672.0
1707998400,0.08579,0.08695,0.08461,0.08505,368047647.0
1708012800,0.08505,0.08563,0.08392,0.08539,190973303.0
1708027200,0.08539,0.08553,0.08452,0.08528,96047188.0
1708041600,0.08528,0.08648,0.08495,0.08634,86779873.0
1708056000,0.08634,0.08669,0.08511,0.08514,112303706.0
1708070400,0.08514,0.08664,0.08459,0.0863,134815368.0
1708084800,0.0863,0.08799,0.08392,0.08545,287275749.0
1708099200,0.08545,0.08594,0.08465,0.08498,131966809.0
1708113600,0.08498,0.0861,0.08482,0.08591,54075237.0
1708128000,0.08591,0.08606,0.08427,0.0851,124811525.0
1708142400,0.0851,0.08532,0.08463,0.08518,55307227.0
1708156800,0.08518,0.0852,0.08389,0.08453,129383458.0
1708171200,0.08453,0.08467,0.08192,0.083,217524582.0
1708185600,0.083,0.08336,0.0826,0.08336,63739461.0
1708200000,0.08336,0.08417,0.0833,0.08356,56991728.0
1708214400,0.08356,0.0838,0.08282,0.08349,57988362.0
1708228800,0.08349,0.0841,0.08317,0.08385,75129257.0
1708243200,0.08385,0.08436,0.08373,0.08401,83407778.0
1708257600,0.08401,0.08406,0.08312,0.08393,92275128.0
1708272000,0.08393,0.08532,0.08363,0.08492,132388439.0
1708286400,0.08492,0.08572,0.08449,0.08517,85254304.0
1708300800,0.08517,0.08635,0.08502,0.08613,119233294.0
1708315200,0.08613,0.08686,0.08547,0.08663,160413636.0
1708329600,0.08663,0.0869,0.08574,0.0866,159075398.0
1708344000,0.0866,0.08795,0.08523,0.08754,257826765.0
1708358400,0.08754,0.08945,0.08674,0.0891,384465470.0
1708372800,0.0891,0.09084,0.08886,0.08942,343040499.0
1708387200,0.08942,0.09155,0.08772,0.0879,418162618.0
1708401600,0.0879,0.08875,0.08682,0.08749,206960379.0
1708416000,0.08749,0.08749,0.08542,0.08739,302552641.0
1708430400,0.08739,0.08809,0.0826,0.08453,477569070.0
1708444800,0.08453,0.08531,0.0831,0.08528,219103048.0
1708459200,0.08528,0.08648,0.08503,0.08615,119943201.0
1708473600,0.08615,0.08627,0.08507,0.08555,86356340.0
1708488000,0.08555,0.08564,0.08394,0.08428,100886689.0
1708502400,0.08428,0.0847,0.08234,0.08316,219262879.0
1708516800,0.08316,0.08405,0.0824,0.08337,176584041.0
1708531200,0.08337,0.08379,0.08196,0.08339,115619578.0
1708545600,0.08339,0.08472,0.08303,0.08457,59161607.0
1708560000,0.08457,0.08458,0.08302,0.08391,80830545.0
1708574400,0.08391,0.08539,0.0836,0.08507,95698642.0
1708588800,0.08507,0.08548,0.08445,0.08475,127809824.0
1708603200,0.08475,0.08511,0.08347,0.08492,154688711.0
1708617600,0.08492,0.08514,0.08419,0.08488,86911935.0
1708632000,0.08488,0.08551,0.08392,0.0841,99394692.0
1708646400,0.0841,0.08471,0.08322,0.08392,76003687.0
1708660800,0.08392,0.08432,0.08349,0.08361,48155818.0
1708675200,0.08361,0.08421,0.08285,0.08384,139846257.0
1708689600,0.08384,0.0853,0.083,0.08379,234443259.0
1708704000,0.08379,0.08537,0.08285,0.08535,210889524.0
1708718400,0.08535,0.08553,0.08356,0.08451,82347622.0
1708732800,0.08451,0.08523,0.08386,0.08521,117949670.0
1708747200,0.08521,0.08529,0.08462,0.08509,110689286.0
1708761600,0.08509,0.0854,0.08475,0.08534,106484763.0
1708776000,0.08534,0.08614,0.08505,0.08575,167495920.0
1708790400,0.08575,0.08637,0.08554,0.08582,83331007.0
1708804800,0.08582,0.08629,0.08547,0.08615,71971334.0
1708819200,0.08615,0.08633,0.08521,0.08618,70269309.0
1708833600,0.08618,0.08643,0.08569,0.08597,65877492.0
1708848000,0.08597,0.08678,0.08583,0.08615,77027813.0
1708862400,0.08615,0.08682,0.08583,0.08633,129749741.0
1708876800,0.08633,0.0866,0.08586,0.08648,77357372.0
1708891200,0.08648,0.08675,0.08598,0.08612,72775119.0
1708905600,0.08612,0.08613,0.08501,0.08559,66632392.0
1708920000,0.08559,0.08613,0.08519,0.0855,88717969.0
1708934400,0.0855,0.08576,0.08415,0.08458,124727986.0
1708948800,0.08458,0.08674,0.08418,0.08665,153082576.0
1708963200,0.08665,0.08903,0.08646,0.08882,371395678.0
1708977600,0.08882,0.09,0.08783,0.08923,283829378.0
1708992000,0.08923,0.09066,0.08844,0.08924,340630854.0
1709006400,0.08924,0.0918,0.08907,0.09179,355738469.0
1709020800,0.09179,0.09648,0.09126,0.0943,890432252.0
1709035200,0.0943,0.0982,0.09401,0.09596,1023096678.0
1709049600,0.09596,0.0997,0.09449,0.0988,1025337427.0
1709064000,0.0988,0.10066,0.09622,0.09758,837810236.0
1709078400,0.09758,0.09831,0.09417,0.09453,462522823.0
1709092800,0.09453,0.09719,0.09451,0.09686,361671937.0
1709107200,0.09686,0.10077,0.096,0.09729,934851927.0
1709121600,0.09729,0.10053,0.09719,0.10013,607456580.0
1709136000,0.10013,0.12333,0.09962,0.11305,4515667570.0
1709150400,0.11305,0.11978,0.11139,0.11585,1378733009.0
1709164800,0.11585,0.12643,0.11132,0.12421,1478703322.0
1709179200,0.12421,0.135,0.12314,0.12808,2477378382.0
1709193600,0.12808,0.13108,0.12412,0.12901,1103517523.0
1709208000,0.12901,0.1345,0.12594,0.13411,1505514269.0
1709222400,0.13411,0.13497,0.12259,0.12652,1183682669.0
1709236800,0.12652,0.12799,0.11422,0.11732,1076793237.0
1709251200,0.11732,0.12193,0.11704,0.11956,670189816.0
1709265600,0.11956,0.12222,0.11792,0.11831,648445102.0
1709280000,0.11831,0.12367,0.11817,0.12145,527617430.0
1709294400,0.12145,0.12999,0.12115,0.12426,1187488283.0
1709308800,0.12426,0.13933,0.12422,0.13559,1946054637.0
1709323200,0.13559,0.14561,0.13518,0.13934,1715404162.0
1709337600,0.13934,0.15,0.13801,0.14111,1386429861.0
1709352000,0.14111,0.14778,0.13904,0.1468,853585856.0
1709366400,0.1468,0.151,0.14002,0.14138,1218976450.0
1709380800,0.14138,0.14393,0.13579,0.13751,749992501.0
1709395200,0.13751,0.14299,0.13615,0.14177,572385634.0
1709409600,0.14177,0.1445,0.13951,0.14196,434537586.0
1709424000,0.14196,0.14386,0.13798,0.14048,660539777.0
1709438400,0.14048,0.1435,0.12356,0.13131,861684575.0
1709452800,0.13131,0.14278,0.1291,0.1414,1199557483.0
1709467200,0.1414,0.14337,0.13732,0.14023,801807271.0
1709481600,0.14023,0.1535,0.13834,0.15099,1415530440.0
1709496000,0.15099,0.15629,0.14928,0.15347,1174626300.0
1709510400,0.15347,0.15875,0.14424,0.1566,1177144008.0
1709524800,0.1566,0.16699,0.15494,0.16375,1237670362.0
1709539200,0.16375,0.17189,0.15906,0.16261,1259839676.0
1709553600,0.16261,0.172,0.158,0.17178,1145851884.0
1709568000,0.17178,0.18518,0.16671,0.17837,2292501391.0
1709582400,0.17837,0.18455,0.17235,0.18196,996715407.0
1709596800,0.18196,0.20637,0.18078,0.19586,2250905395.0
1709611200,0.19586,0.19899,0.16825,0.17796,1896732072.0
1709625600,0.17796,0.18678,0.1746,0.18092,864725775.0
1709640000,0.18092,0.192,0.17249,0.17278,1665271838.0
1709654400,0.17278,0.17489,0.126,0.13797,2999722106.0
1709668800,0.13797,0.15719,0.12766,0.15304,2853136712.0
1709683200,0.15304,0.16017,0.1461,0.15094,1177113664.0
1709697600,0.15094,0.1698,0.14985,0.16794,1321916165.0
1709712000,0.16794,0.17981,0.16622,0.16819,1067883739.0
1709726400,0.16819,0.16988,0.15573,0.16111,996581355.0
1709740800,0.16111,0.16334,0.15489,0.15975,619580032.0
1709755200,0.15975,0.16317,0.15539,0.15784,442371924.0
1709769600,0.15784,0.1623,0.15184,0.15246,709621553.0
1709784000,0.15246,0.1539,0.14637,0.1511,765441524.0
1709798400,0.1511,0.15676,0.15069,0.15322,647121344.0
1709812800,0.15322,0.15996,0.14821,0.15876,961776897.0
1709827200,0.15876,0.16032,0.152,0.15591,563937496.0
1709841600,0.15591,0.15965,0.15324,0.15764,490457537.0
1709856000,0.15764,0.16818,0.155,0.16817,840286997.0
1709870400,0.16817,0.1687,0.16117,0.16473,650814801.0
1709884800,0.16473,0.17373,0.16263,0.16888,667766999.0
1709899200,0.16888,0.176,0.1575,0.16342,1396868429.0
1709913600,0.16342,0.16998,0.15876,0.16768,779645699.0
1709928000,0.16768,0.1728,0.16371,0.16457,506919550.0
1709942400,0.16457,0.17122,0.16385,0.16908,463825318.0
1709956800,0.16908,0.17216,0.16761,0.16771,371785064.0
1709971200,0.16771,0.17136,0.16288,0.16616,436519521.0
1709985600,0.16616,0.17068,0.165,0.16981,375881859.0
1710000000,0.16981,0.18486,0.16802,0.17677,1607241135.0
1710014400,0.17677,0.18301,0.1745,0.17875,648040327.0
1710028800,0.17875,0.17965,0.17371,0.17574,469618364.0
1710043200,0.17574,0.17888,0.17514,0.17606,317406961.0
1710057600,0.17606,0.1776,0.17124,0.17308,417779652.0
1710072000,0.17308,0.17441,0.16656,0.17231,510430947.0
1710086400,0.17231,0.17448,0.17094,0.17343,283197503.0
1710100800,0.17343,0.17417,0.16526,0.16997,313444868.0
1710115200,0.16997,0.17002,0.15986,0.16636,485853549.0
1710129600,0.16636,0.17837,0.16574,0.17614,507735022.0
1710144000,0.17614,0.17948,0.17425,0.17518,562374755.0
1710158400,0.17518,0.17768,0.17149,0.17428,470295392.0
1710172800,0.17428,0.17797,0.17178,0.17393,484077523.0
1710187200,0.17393,0.18315,0.17353,0.182,511179388.0
1710201600,0.182,0.1835,0.17337,0.1736,431942989.0
1710216000,0.1736,0.17516,0.17053,0.17245,313092069.0
1710230400,0.17245,0.17273,0.16757,0.1707,333778510.0
1710244800,0.1707,0.17307,0.1662,0.17001,489472512.0
1710259200,0.17001,0.1702,0.155,0.1675,884936307.0
1710273600,0.1675,0.16836,0.16327,0.16816,306846597.0
1710288000,0.16816,0.17348,0.16673,0.17205,404259561.0
1710302400,0.17205,0.17444,0.17085,0.17227,415583820.0
1710316800,0.17227,0.17386,0.16933,0.17028,340843252.0
1710331200,0.17028,0.17117,0.16481,0.16676,351375709.0
1710345600,0.16676,0.17132,0.16589,0.16893,300631069.0
1710360000,0.16893,0.17085,0.16779,0.16897,192652947.0
1710374400,0.16897,0.17405,0.16522,0.17293,518826810.0
1710388800,0.17293,0.19289,0.17284,0.18623,2778654016.0
1710403200,0.18623,0.19032,0.17923,0.18307,998133177.0
1710417600,0.18307,0.18933,0.17073,0.1728,1575285359.0
1710432000,0.1728,0.17927,0.165,0.16979,1039129597.0
1710446400,0.16979,0.1795,0.16946,0.17719,507948476.0
1710460800,0.17719,0.18142,0.16,0.16684,956839992.0
1710475200,0.16684,0.17009,0.1616,0.16778,792920030.0
1710489600,0.16778,0.16803,0.151,0.16053,1033426605.0
1710504000,0.16053,0.16562,0.15933,0.16221,539422270.0
1710518400,0.16221,0.168,0.16003,0.16233,482894025.0
1710532800,0.16233,0.16383,0.1573,0.16357,411961689.0
1710547200,0.16357,0.16524,0.16117,0.16231,310265107.0
1710561600,0.16231,0.16338,0.15788,0.16319,297216814.0
1710576000,0.16319,0.16341,0.15653,0.15808,305993923.0
1710590400,0.15808,0.15827,0.15057,0.15399,688797241.0
1710604800,0.15399,0.15478,0.14027,0.14328,974800930.0
1710619200,0.14328,0.14539,0.138,0.14253,589118677.0
1710633600,0.14253,0.14772,0.14035,0.14672,489366705.0
1710648000,0.14672,0.14675,0.1366,0.14094,445382592.0
1710662400,0.14094,0.15186,0.1399,0.14871,538419696.0
1710676800,0.14871,0.15447,0.14582,0.15288,489990126.0
1710691200,0.15288,0.15936,0.1501,0.15464,590950423.0
1710705600,0.15464,0.157,0.1529,0.15428,292276465.0
1710720000,0.15428,0.15432,0.14833,0.15094,362026189.0
1710734400,0.15094,0.15357,0.14883,0.14942,226384015.0
1710748800,0.14942,0.14947,0.14499,0.1482,401228232.0
1710763200,0.1482,0.14918,0.14223,0.14373,487117172.0
1710777600,0.14373,0.1454,0.14,0.14199,430608764.0
1710792000,0.14199,0.14534,0.14199,0.14353,208656512.0
1710806400,0.14353,0.14517,0.13227,0.13548,797748330.0
1710820800,0.13548,0.13605,0.126,0.13278,916314552.0
1710835200,0.13278,0.13294,0.1252,0.13048,989824583.0
1710849600,0.13048,0.13462,0.12854,0.13425,834739893.0
1710864000,0.13425,0.13643,0.13246,0.13432,591752642.0
1710878400,0.13432,0.13479,0.12649,0.12881,578898496.0
1710892800,0.12881,0.13174,0.1259,0.12751,668718014.0
1710907200,0.12751,0.1348,0.12253,0.1334,832980071.0
1710921600,0.1334,0.136,0.1317,0.13441,620826651.0
1710936000,0.13441,0.13616,0.13126,0.1323,501664227.0
1710950400,0.1323,0.15027,0.12678,0.14607,1184706691.0
1710964800,0.14607,0.15327,0.14423,0.15209,980052346.0
1710979200,0.15209,0.15369,0.14915,0.15027,601144107.0
1710993600,0.15027,0.15449,0.14649,0.15382,505595248.0
1711008000,0.15382,0.1578,0.15056,0.1515,445986782.0
1711022400,0.1515,0.15722,0.15146,0.15693,576783076.0
1711036800,0.15693,0.15998,0.14832,0.15127,865705280.0
1711051200,0.15127,0.15687,0.14907,0.15537,480540006.0
1711065600,0.15537,0.15932,0.1515,0.1576,653800784.0
1711080000,0.1576,0.16478,0.15525,0.16324,688707710.0
1711094400,0.16324,0.165,0.155,0.15591,686055682.0
1711108800,0.15591,0.15685,0.14528,0.14974,966194378.0
1711123200,0.14974,0.15286,0.14779,0.15206,349308999.0
1711137600,0.15206,0.15324,0.14819,0.15292,300283880.0
1711152000,0.15292,0.1649,0.15164,0.15865,834347917.0
1711166400,0.15865,0.1638,0.15806,0.16124,460952841.0
1711180800,0.16124,0.165,0.16117,0.16358,490376195.0
1711195200,0.16358,0.1687,0.16303,0.1667,608592096.0
1711209600,0.1667,0.175,0.16546,0.16981,711741054.0
1711224000,0.16981,0.17009,0.16112,0.1619,339534394.0
1711238400,0.1619,0.17199,0.16097,0.16879,654977984.0
1711252800,0.16879,0.174,0.16749,0.17392,555114613.0
1711267200,0.17392,0.17499,0.17117,0.1721,371352312.0
1711281600,0.1721,0.175,0.17011,0.17488,435722097.0
1711296000,0.17488,0.17719,0.16911,0.17388,540468741.0
1711310400,0.17388,0.18,0.17299,0.17651,449545346.0
1711324800,0.17651,0.1775,0.17114,0.17253,412915631.0
1711339200,0.17253,0.17573,0.17119,0.17131,289551080.0
1711353600,0.17131,0.17323,0.17,0.17056,257472932.0
1711368000,0.17056,0.18726,0.17028,0.18293,999018674.0
1711382400,0.18293,0.18455,0.17843,0.18032,510210945.0
1711396800,0.18032,0.18157,0.1747,0.17526,391666326.0
1711411200,0.17526,0.17876,0.1748,0.17725,320933126.0
1711425600,0.17725,0.183,0.17689,0.17922,360977554.0
1711440000,0.17922,0.18707,0.17792,0.18376,667110284.0
1711454400,0.18376,0.1861,0.174,0.17851,808343194.0
1711468800,0.17851,0.18008,0.17484,0.17619,418624485.0
1711483200,0.17619,0.18434,0.17618,0.1823,366962630.0
1711497600,0.1823,0.18717,0.18094,0.18423,515362082.0
1711512000,0.18423,0.18972,0.18275,0.18287,676740090.0
1711526400,0.18287,0.18699,0.17951,0.1866,455199539.0
1711540800,0.1866,0.1912,0.1787,0.18767,1364748828.0
1711555200,0.18767,0.1915,0.18121,0.18276,693052980.0
1711569600,0.18276,0.19185,0.18261,0.19047,660023087.0
1711584000,0.19047,0.20639,0.1892,0.19472,1665685775.0
1711598400,0.19472,0.2015,0.19462,0.20007,525282871.0
1711612800,0.20007,0.22,0.1983,0.21713,1455938792.0
1711627200,0.21713,0.22562,0.21245,0.21738,1418123570.0
1711641600,0.21738,0.22888,0.21553,0.22718,868616511.0
1711656000,0.22718,0.22718,0.21592,0.22001,647962504.0
1711670400,0.22001,0.22494,0.2101,0.218,814802392.0
1711684800,0.218,0.21808,0.20825,0.20948,554682231.0
1711699200,0.20948,0.21764,0.20906,0.21363,480714743.0
1711713600,0.21363,0.2185,0.20636,0.20872,822610527.0
1711728000,0.20872,0.21838,0.2086,0.21408,517653461.0
1711742400,0.21408,0.21488,0.20898,0.213,324991870.0
1711756800,0.213,0.21692,0.21073,0.21196,435499836.0
1711771200,0.21196,0.21456,0.20525,0.20607,492193029.0
1711785600,0.20607,0.21098,0.20594,0.21084,272028245.0
1711800000,0.21084,0.21097,0.2028,0.20374,483014435.0
1711814400,0.20374,0.20458,0.19611,0.20107,592112646.0
1711828800,0.20107,0.20211,0.1982,0.19912,247150783.0
1711843200,0.19912,0.20533,0.19908,0.20154,372141779.0
1711857600,0.20154,0.20741,0.20142,0.20692,310400976.0
1711872000,0.20692,0.20834,0.20542,0.20684,237132704.0
1711886400,0.20684,0.21411,0.20579,0.21252,439424629.0
1711900800,0.21252,0.2243,0.21002,0.22213,582253469.0
1711915200,0.22213,0.22339,0.2175,0.22,384146943.0
1711929600,0.22,0.22003,0.21425,0.21589,340920198.0
1711944000,0.21589,0.21719,0.19746,0.20704,859501516.0
1711958400,0.20704,0.20793,0.201,0.20555,557590002.0
1711972800,0.20555,0.21137,0.19709,0.19919,923625126.0
1711987200,0.19919,0.20707,0.19842,0.20629,484128821.0
1712001600,0.20629,0.20668,0.20299,0.20503,290388500.0
1712016000,0.20503,0.20517,0.18609,0.18865,848023659.0
1712030400,0.18865,0.19167,0.185,0.18675,550736191.0
1712044800,0.18675,0.18775,0.18,0.18439,816527833.0
1712059200,0.18439,0.1907,0.18046,0.1814,857758177.0
1712073600,0.1814,0.18928,0.18018,0.18654,561049659.0
1712088000,0.18654,0.1877,0.1809,0.18248,340322027.0
1712102400,0.18248,0.18695,0.171,0.18607,983400345.0
1712116800,0.18607,0.18721,0.18279,0.18447,425506876.0
1712131200,0.18447,0.1875,0.18118,0.18327,474707634.0
1712145600,0.18327,0.18469,0.17699,0.17887,697980834.0
1712160000,0.17887,0.18127,0.17394,0.17558,488004458.0
1712174400,0.17558,0.177,0.17002,0.17522,479829086.0
1712188800,0.17522,0.18051,0.17276,0.17417,402549386.0
1712203200,0.17417,0.18101,0.17189,0.1791,328146592.0
1712217600,0.1791,0.18252,0.1784,0.18173,262924346.0
1712232000,0.18173,0.18837,0.18089,0.18315,538431600.0
1712246400,0.18315,0.18813,0.1818,0.1823,414130499.0
1712260800,0.1823,0.18253,0.1756,0.17998,397800753.0
1712275200,0.17998,0.18076,0.174,0.1768,310450375.0
1712289600,0.1768,0.17736,0.17128,0.17418,339271243.0
1712304000,0.17418,0.17642,0.16854,0.16907,412005594.0
1712318400,0.16907,0.17681,0.16733,0.1764,558197639.0
1712332800,0.1764,0.17908,0.17389,0.17666,272183341.0
1712347200,0.17666,0.17988,0.1766,0.1772,191490954.0
1712361600,0.1772,0.18186,0.1764,0.18088,345972210.0
1712376000,0.18088,0.18555,0.18016,0.18439,380109617.0
1712390400,0.18439,0.18601,0.18216,0.18262,387869277.0
1712404800,0.18262,0.18361,0.18007,0.18333,287817505.0
1712419200,0.18333,0.18489,0.18201,0.18298,201007221.0
1712433600,0.18298,0.18785,0.18227,0.18577,262541277.0
1712448000,0.18577,0.19861,0.18544,0.19562,837022221.0
1712462400,0.19562,0.198,0.193,0.19518,606771214.0
1712476800,0.19518,0.19846,0.19274,0.19827,337631892.0
1712491200,0.19827,0.2052,0.19631,0.19998,653794380.0
1712505600,0.19998,0.20389,0.19639,0.19691,395765778.0
1712520000,0.19691,0.20037,0.19576,0.19887,194533515.0
1712534400,0.19887,0.19996,0.19551,0.19858,245523981.0
1712548800,0.19858,0.20763,0.19687,0.20604,449434666.0
1712563200,0.20604,0.21,0.20528,0.20688,457396747.0
1712577600,0.20688,0.20912,0.201,0.20294,412915378.0
1712592000,0.20294,0.20499,0.2003,0.20125,248359899.0
1712606400,0.20125,0.20364,0.20076,0.2026,142200021.0
1712620800,0.2026,0.20346,0.19769,0.19927,302682117.0
1712635200,0.19927,0.20124,0.19583,0.19718,387594899.0
1712649600,0.19718,0.19739,0.19285,0.19687,366538793.0
1712664000,0.19687,0.1971,0.1865,0.19012,567366477.0
1712678400,0.19012,0.19013,0.18496,0.18918,368976030.0
1712692800,0.18918,0.19071,0.18695,0.18912,184569467.0
1712707200,0.18912,0.19187,0.18459,0.18825,427592011.0
1712721600,0.18825,0.19174,0.18752,0.19029,202124369.0
1712736000,0.19029,0.19034,0.18602,0.18859,246232328.0
1712750400,0.18859,0.19429,0.18006,0.19321,790153011.0
1712764800,0.19321,0.202,0.1909,0.20166,764907947.0
1712779200,0.20166,0.2028,0.19753,0.19971,479585650.0
1712793600,0.19971,0.19973,0.1939,0.19704,265774545.0
1712808000,0.19704,0.202,0.19491,0.20091,286965071.0
1712822400,0.20091,0.20358,0.19336,0.19408,378194409.0
1712836800,0.19408,0.19732,0.18991,0.19255,669865173.0
1712851200,0.19255,0.1945,0.18974,0.19338,302715102.0
1712865600,0.19338,0.19812,0.19268,0.1938,274299166.0
1712880000,0.1938,0.19844,0.19354,0.1984,194764614.0
1712894400,0.1984,0.20093,0.19671,0.19778,382284441.0
1712908800,0.19778,0.2013,0.19679,0.19934,261039242.0
1712923200,0.19934,0.19936,0.19018,0.19326,518655776.0
1712937600,0.19326,0.19493,0.16059,0.16906,1848331104.0
1712952000,0.16906,0.17621,0.16817,0.17403,720083568.0
1712966400,0.17403,0.17403,0.16399,0.17301,634906631.0
1712980800,0.17301,0.17586,0.1706,0.1712,308888759.0
1712995200,0.1712,0.17413,0.16866,0.17123,257910107.0
1713009600,0.17123,0.17359,0.16951,0.17062,308167985.0
1713024000,0.17062,0.17144,0.14689,0.15119,1363355036.0
1713038400,0.15119,0.15583,0.13024,0.15254,2482242422.0
1713052800,0.15254,0.15466,0.14369,0.14913,885570579.0
1713067200,0.14913,0.16002,0.14817,0.15871,631095556.0
1713081600,0.15871,0.15983,0.151,0.15227,520058011.0
1713096000,0.15227,0.15689,0.14951,0.1511,726329716.0
1713110400,0.1511,0.15698,0.14544,0.15245,816032121.0
1713124800,0.15245,0.16505,0.14911,0.16212,721942391.0
1713139200,0.16212,0.16286,0.15605,0.15773,549053199.0
1713153600,0.15773,0.169,0.15548,0.16542,684923794.0
1713168000,0.16542,0.1666,0.16194,0.16211,408290726.0
1713182400,0.16211,0.1635,0.15182,0.1545,709037816.0
1713196800,0.1545,0.16492,0.15027,0.15904,1450607729.0
1713211200,0.15904,0.16346,0.15616,0.16123,439550075.0
1713225600,0.16123,0.16247,0.15368,0.15547,486008291.0
1713240000,0.15547,0.15895,0.15,0.15729,446322123.0
1713254400,0.15729,0.15731,0.14954,0.15586,429395218.0
1713268800,0.15586,0.1566,0.14726,0.14791,804221716.0
1713283200,0.14791,0.15515,0.14628,0.15311,484883044.0
1713297600,0.15311,0.15847,0.15291,0.156,184888386.0
1713312000,0.156,0.158,0.15432,0.15671,198565706.0
1713326400,0.15671,0.15873,0.15413,0.15475,231215818.0
1713340800,0.15475,0.15853,0.1528,0.15313,266970580.0
1713355200,0.15313,0.154,0.14431,0.14595,736644497.0
1713369600,0.14595,0.15154,0.14433,0.14827,497991911.0
1713384000,0.14827,0.15073,0.14648,0.14756,213505507.0
1713398400,0.14756,0.1506,0.14428,0.14946,299165605.0
1713412800,0.14946,0.14994,0.14219,0.14252,330391339.0
1713427200,0.14252,0.1504,0.14083,0.14884,450682298.0
1713441600,0.14884,0.15362,0.14494,0.15056,652117915.0
1713456000,0.15056,0.15148,0.147,0.15084,283650564.0
1713470400,0.15084,0.15381,0.15003,0.15221,184127874.0
1713484800,0.15221,0.15225,0.139,0.1458,955336247.0
1713499200,0.1458,0.15566,0.14551,0.152,626867277.0
1713513600,0.152,0.15427,0.15055,0.15271,284399375.0
1713528000,0.15271,0.15346,0.1497,0.15259,277014600.0
1713542400,0.15259,0.15446,0.15012,0.15414,269064043.0
1713556800,0.15414,0.15722,0.15066,0.15633,294440106.0
1713571200,0.15633,0.15754,0.15273,0.15566,310096396.0
1713585600,0.15566,0.15705,0.15426,0.15446,167643820.0
1713600000,0.15446,0.15456,0.1502,0.15228,303342497.0
1713614400,0.15228,0.1585,0.15156,0.15803,229779863.0
1713628800,0.15803,0.165,0.15659,0.16134,609204322.0
1713643200,0.16134,0.1635,0.16102,0.1626,197317345.0
1713657600,0.1626,0.16586,0.15934,0.16327,327440456.0
1713672000,0.16327,0.16517,0.16174,0.1631,173002298.0
1713686400,0.1631,0.16363,0.1607,0.16207,132275332.0
1713700800,0.16207,0.16255,0.15836,0.16016,172855856.0
1713715200,0.16016,0.16039,0.15505,0.15715,367652736.0
1713729600,0.15715,0.16048,0.15674,0.15825,155222336.0
1713744000,0.15825,0.16194,0.15647,0.16071,333733484.0
1713758400,0.16071,0.16343,0.16025,0.16049,192552048.0
1713772800,0.16049,0.16152,0.15861,0.15963,215875502.0
1713787200,0.15963,0.16136,0.15762,0.15854,280081371.0
1713801600,0.15854,0.16188,0.15786,0.16014,204087827.0
1713816000,0.16014,0.16262,0.15996,0.1612,134860153.0
1713830400,0.1612,0.16232,0.1583,0.15854,164312792.0
1713844800,0.15854,0.15939,0.15682,0.15746,207876739.0
1713859200,0.15746,0.15923,0.15683,0.15811,112596031.0
1713873600,0.15811,0.163,0.15722,0.16116,310166959.0
1713888000,0.16116,0.1629,0.16051,0.16114,160144321.0
1713902400,0.16114,0.16133,0.15869,0.15979,115280493.0
1713916800,0.15979,0.16438,0.15914,0.16275,275615292.0
1713931200,0.16275,0.16356,0.16055,0.16134,219157740.0
1713945600,0.16134,0.1645,0.16045,0.16335,224026968.0
1713960000,0.16335,0.1637,0.15231,0.15271,566761118.0
1713974400,0.15271,0.15568,0.15111,0.15341,326222177.0
1713988800,0.15341,0.15403,0.14934,0.15139,223666561.0
1714003200,0.15139,0.15303,0.14901,0.15067,182312888.0
1714017600,0.15067,0.15204,0.14823,0.1501,158510194.0
1714032000,0.1501,0.15108,0.14743,0.14999,204815978.0
1714046400,0.14999,0.15178,0.14762,0.15152,262192361.0
1714060800,0.15152,0.15291,0.15104,0.15249,203802834.0
1714075200,0.15249,0.15446,0.15119,0.15127,151454091.0
1714089600,0.15127,0.15166,0.14741,0.15063,223526528.0
1714104000,0.15063,0.15178,0.14984,0.15022,91398867.0
1714118400,0.15022,0.15156,0.14959,0.14973,135526265.0
1714132800,0.14973,0.15099,0.14687,0.14823,263626712.0
1714147200,0.14823,0.15008,0.14758,0.14933,88047351.0
1714161600,0.14933,0.15025,0.14683,0.148,97814725.0
1714176000,0.148,0.14901,0.14233,0.14656,288783711.0
1714190400,0.14656,0.14692,0.14453,0.14506,113043773.0
1714204800,0.14506,0.1456,0.14314,0.14412,98349976.0
1714219200,0.14412,0.14722,0.14377,0.14561,143515327.0
1714233600,0.14561,0.14972,0.14536,0.14813,190080703.0
1714248000,0.14813,0.14831,0.14674,0.14776,60722728.0
1714262400,0.14776,0.15092,0.1476,0.14999,111125587.0
1714276800,0.14999,0.15068,0.14944,0.15015,65604850.0
1714291200,0.15015,0.15036,0.14823,0.1486,83093460.0
1714305600,0.1486,0.1507,0.14851,0.14993,86789602.0
1714320000,0.14993,0.15109,0.14972,0.15012,86283171.0
1714334400,0.15012,0.15044,0.146,0.1467,135976063.0
1714348800,0.1467,0.14809,0.1437,0.14385,179067159.0
1714363200,0.14385,0.14518,0.14,0.14155,245726443.0
1714377600,0.14155,0.14262,0.13959,0.14059,273607731.0
1714392000,0.14059,0.14345,0.13973,0.14323,236574437.0
1714406400,0.14323,0.1436,0.1398,0.14105,139702288.0
1714420800,0.14105,0.14477,0.1397,0.14342,146122953.0
1714435200,0.14342,0.14601,0.14103,0.14367,177359802.0
1714449600,0.14367,0.14424,0.14141,0.14209,85696528.0
1714464000,0.14209,0.1425,0.13481,0.13548,430267445.0
1714478400,0.13548,0.13607,0.13229,0.13439,327460287.0
1714492800,0.13439,0.1345,0.12916,0.13082,392014205.0
1714507200,0.13082,0.13457,0.13078,0.13339,252524857.0
1714521600,0.13339,0.13395,0.12845,0.13222,282333896.0
1714536000,0.13222,0.13329,0.12316,0.12471,517336385.0
1714550400,0.12471,0.12567,0.1218,0.1256,559553367.0
1714564800,0.1256,0.12738,0.1201,0.12098,492771793.0
1714579200,0.12098,0.13292,0.12032,0.12701,994113156.0
1714593600,0.12701,0.13085,0.12623,0.13021,326759883.0
1714608000,0.13021,0.13077,0.125,0.12622,213409369.0
1714622400,0.12622,0.12783,0.12407,0.12691,251582274.0
1714636800,0.12691,0.13246,0.12662,0.13187,366773500.0
1714651200,0.13187,0.13428,0.12914,0.13345,486383352.0
1714665600,0.13345,0.13446,0.13203,0.13306,191718071.0
1714680000,0.13306,0.13398,0.131,0.13189,157036724.0
1714694400,0.13189,0.1358,0.13122,0.13513,274134170.0
1714708800,0.13513,0.13554,0.13172,0.13236,151971236.0
1714723200,0.13236,0.13372,0.13113,0.13264,112083859.0
1714737600,0.13264,0.13971,0.13244,0.13883,498039241.0
1714752000,0.13883,0.14093,0.13883,0.14058,148828865.0
1714766400,0.14058,0.14799,0.1404,0.14604,299877327.0
1714780800,0.14604,0.1522,0.14572,0.14939,436495172.0
1714795200,0.14939,0.15195,0.14876,0.1501,241029920.0
1714809600,0.1501,0.16226,0.1501,0.15807,647588928.0
1714824000,0.15807,0.17,0.15725,0.1633,1322207875.0
1714838400,0.1633,0.16383,0.15825,0.16076,439740255.0
1714852800,0.16076,0.16349,0.15893,0.16012,233923574.0
1714867200,0.16012,0.16276,0.15454,0.15833,429611502.0
1714881600,0.15833,0.16266,0.15821,0.16172,383087039.0
1714896000,0.16172,0.1628,0.16011,0.16085,223261819.0
1714910400,0.16085,0.1624,0.15872,0.16189,310285631.0
1714924800,0.16189,0.16349,0.16029,0.16222,199201576.0
1714939200,0.16222,0.16223,0.1596,0.16098,124938064.0
1714953600,0.16098,0.16598,0.16097,0.1619,301088358.0
1714968000,0.1619,0.16446,0.16136,0.16419,228535818.0
1714982400,0.16419,0.16915,0.15996,0.16205,678426741.0
1714996800,0.16205,0.16254,0.155,0.15821,541418918.0
1715011200,0.15821,0.1587,0.15399,0.15709,361636663.0
1715025600,0.15709,0.1587,0.15631,0.15648,156494509.0
1715040000,0.15648,0.15873,0.15325,0.15489,230093026.0
1715054400,0.15489,0.15685,0.15467,0.15602,160636645.0
1715068800,0.15602,0.15992,0.15576,0.15643,306229739.0
1715083200,0.15643,0.15908,0.15484,0.15639,220840901.0
1715097600,0.15639,0.15712,0.15245,0.15349,189011142.0
1715112000,0.15349,0.15427,0.14924,0.14999,191987900.0
1715126400,0.14999,0.152,0.14867,0.15147,177065347.0
1715140800,0.15147,0.15184,0.14733,0.14777,224425913.0
1715155200,0.14777,0.14936,0.14654,0.14692,187389609.0
1715169600,0.14692,0.15082,0.14612,0.14856,287134917.0
1715184000,0.14856,0.151,0.14623,0.14665,167808962.0
1715198400,0.14665,0.14727,0.14206,0.14324,257322800.0
1715212800,0.14324,0.14809,0.14311,0.14778,134290076.0
1715227200,0.14778,0.14894,0.14537,0.14604,144855035.0
1715241600,0.14604,0.14676,0.14326,0.1459,215313962.0
1715256000,0.1459,0.15023,0.14549,0.14889,320844953.0
1715270400,0.14889,0.1504,0.14723,0.15005,197561199.0
1715284800,0.15005,0.15423,0.14979,0.1522,191870434.0
1715299200,0.1522,0.1522,0.14942,0.15063,136816932.0
1715313600,0.15063,0.15387,0.15025,0.15238,151818443.0
1715328000,0.15238,0.15255,0.14994,0.15132,144392519.0
1715342400,0.15132,0.1518,0.14351,0.14499,375646839.0
1715356800,0.14499,0.14574,0.1427,0.14314,211509816.0
1715371200,0.14314,0.1446,0.14224,0.14389,143378302.0
1715385600,0.14389,0.14626,0.14357,0.14394,120531113.0
1715400000,0.14394,0.1452,0.14383,0.14451,54210108.0
1715414400,0.14451,0.14469,0.14247,0.1433,81389243.0
1715428800,0.1433,0.14597,0.1431,0.14454,92838758.0
1715443200,0.14454,0.14528,0.14396,0.14474,60195178.0
1715457600,0.14474,0.14475,0.14259,0.14306,52679706.0
1715472000,0.14306,0.14446,0.14284,0.1435,63478088.0
1715486400,0.1435,0.1442,0.1395,0.14024,173278063.0
1715500800,0.14024,0.14438,0.13899,0.14322,221790671.0
1715515200,0.14322,0.14368,0.14197,0.14308,159537390.0
1715529600,0.14308,0.14429,0.14041,0.141,108975912.0
1715544000,0.141,0.1416,0.14007,0.14123,62743947.0
1715558400,0.14123,0.14267,0.13579,0.13742,249029323.0
1715572800,0.13742,0.14349,0.13623,0.14276,242130075.0
1715587200,0.14276,0.14538,0.14187,0.14311,340329213.0
1715601600,0.14311,0.1539,0.14181,0.15244,840552247.0
1715616000,0.15244,0.15765,0.1475,0.1507,726406811.0
1715630400,0.1507,0.15105,0.1473,0.14864,125984280.0
1715644800,0.14864,0.15058,0.1471,0.15,208470312.0
1715659200,0.15,0.15292,0.14616,0.15237,345387362.0
1715673600,0.15237,0.1525,0.14795,0.15225,254883877.0
1715688000,0.15225,0.15516,0.14619,0.14818,649639250.0
1715702400,0.14818,0.14853,0.1447,0.14608,240162306.0
1715716800,0.14608,0.14746,0.14429,0.14552,156305319.0
1715731200,0.14552,0.1471,0.14548,0.14641,135110116.0
1715745600,0.14641,0.14955,0.14525,0.14949,229343694.0
1715760000,0.14949,0.15197,0.1478,0.14939,303592426.0
1715774400,0.14939,0.155,0.148,0.1513,553186345.0
1715788800,0.1513,0.15405,0.14954,0.1536,340528085.0
1715803200,0.1536,0.157,0.15301,0.15534,283731491.0
1715817600,0.15534,0.15931,0.15361,0.15764,323922738.0
1715832000,0.15764,0.15767,0.15539,0.15614,174998346.0
1715846400,0.15614,0.15646,0.15416,0.15517,166961867.0
1715860800,0.15517,0.15538,0.14942,0.1515,317927151.0
1715875200,0.1515,0.15169,0.1496,0.14993,152970061.0
1715889600,0.14993,0.15058,0.14825,0.14972,179280251.0
1715904000,0.14972,0.15121,0.14934,0.15057,128953163.0
1715918400,0.15057,0.15395,0.14922,0.15376,178175177.0
1715932800,0.15376,0.15409,0.15189,0.15212,126556958.0
1715947200,0.15212,0.15628,0.15118,0.1556,233736685.0
1715961600,0.1556,0.15692,0.15265,0.15408,259745613.0
1715976000,0.15408,0.15622,0.15383,0.15555,148989723.0
1715990400,0.15555,0.1569,0.15422,0.15621,120768799.0
1716004800,0.15621,0.1567,0.15421,0.15455,126988934.0
1716019200,0.15455,0.15646,0.15438,0.156,102034188.0
1716033600,0.156,0.15618,0.15123,0.15288,193382827.0
1716048000,0.15288,0.15363,0.1522,0.15305,94170325.0
1716062400,0.15305,0.15396,0.1525,0.15302,61026943.0
1716076800,0.15302,0.15604,0.15254,0.15571,88480455.0
1716091200,0.15571,0.15594,0.15319,0.15404,93057178.0
1716105600,0.15404,0.15407,0.15117,0.15218,144927770.0
1716120000,0.15218,0.15219,0.14898,0.1504,215493265.0
1716134400,0.1504,0.15058,0.14858,0.14893,115024764.0
1716148800,0.14893,0.14961,0.1474,0.14908,77231673.0
1716163200,0.14908,0.15185,0.14767,0.1509,129954719.0
1716177600,0.1509,0.15335,0.14887,0.15104,132726543.0
1716192000,0.15104,0.15252,0.15064,0.15076,85374448.0
1716206400,0.15076,0.1531,0.15042,0.15233,126130971.0
1716220800,0.15233,0.1578,0.15167,0.15761,336846609.0
1716235200,0.15761,0.16636,0.15578,0.16573,728730034.0
1716249600,0.16573,0.1674,0.16071,0.16339,441393127.0
1716264000,0.16339,0.1642,0.1608,0.16403,206067981.0
1716278400,0.16403,0.16591,0.16313,0.16466,225422872.0
1716292800,0.16466,0.1733,0.16369,0.16618,861187372.0
1716307200,0.16618,0.17017,0.16318,0.16429,401053951.0
1716321600,0.16429,0.17126,0.16412,0.17024,268294050.0
1716336000,0.17024,0.17461,0.17003,0.17076,422613249.0
1716350400,0.17076,0.17119,0.166,0.16809,288575956.0
1716364800,0.16809,0.16993,0.16523,0.16525,212476496.0
1716379200,0.16525,0.17073,0.16174,0.16969,481626133.0
1716393600,0.16969,0.16999,0.16377,0.16526,245688392.0
1716408000,0.16526,0.1684,0.16451,0.16628,161356388.0
1716422400,0.16628,0.16771,0.16422,0.16736,157379479.0
1716436800,0.16736,0.16787,0.16512,0.16699,197086216.0
1716451200,0.16699,0.1692,0.16502,0.16906,193946155.0
1716465600,0.16906,0.16941,0.15595,0.15954,725666572.0
1716480000,0.15954,0.162,0.156,0.15776,308875303.0
1716494400,0.15776,0.1625,0.15171,0.15973,515869909.0
1716508800,0.15973,0.1604,0.15809,0.15962,125948637.0
1716523200,0.15962,0.17089,0.155,0.15847,1168161818.0
1716537600,0.15847,0.16378,0.15638,0.16333,267009725.0
1716552000,0.16333,0.17328,0.1619,0.16656,903984328.0
1716566400,0.16656,0.16747,0.16366,0.16553,287516617.0
1716580800,0.16553,0.16644,0.1626,0.16386,165668458.0
1716595200,0.16386,0.16456,0.1627,0.1641,126017049.0
1716609600,0.1641,0.16599,0.16369,0.16552,142287275.0
1716624000,0.16552,0.16974,0.16515,0.16688,309979657.0
1716638400,0.16688,0.16879,0.16427,0.1669,229471329.0
1716652800,0.1669,0.17096,0.16678,0.16992,243714651.0
1716667200,0.16992,0.17438,0.16868,0.17402,235090302.0
1716681600,0.17402,0.175,0.16951,0.17384,352668480.0
1716696000,0.17384,0.17384,0.17086,0.17263,189193679.0
1716710400,0.17263,0.17307,0.16884,0.17088,190185913.0
1716724800,0.17088,0.17089,0.16599,0.16732,243418876.0
1716739200,0.16732,0.1686,0.16655,0.16835,147992872.0
1716753600,0.16835,0.16856,0.16551,0.16621,100398754.0
1716768000,0.16621,0.16885,0.16614,0.16641,147739638.0
1716782400,0.16641,0.16714,0.16416,0.16591,143032514.0
1716796800,0.16591,0.16821,0.16483,0.16776,278680219.0
1716811200,0.16776,0.1735,0.16729,0.17245,386746302.0
1716825600,0.17245,0.17281,0.16625,0.16703,243221410.0
1716840000,0.16703,0.16961,0.16643,0.16908,147684226.0
1716854400,0.16908,0.16982,0.16411,0.16531,267976027.0
1716868800,0.16531,0.16568,0.16304,0.16378,146439332.0
1716883200,0.16378,0.16781,0.1637,0.16589,211435012.0
1716897600,0.16589,0.16623,0.16211,0.16389,310904509.0
1716912000,0.16389,0.16501,0.16157,0.16474,172724328.0
1716926400,0.16474,0.1672,0.16434,0.16497,121364760.0
1716940800,0.16497,0.17087,0.16488,0.16985,278062985.0
1716955200,0.16985,0.1707,0.16651,0.16685,319354264.0
1716969600,0.16685,0.16719,0.16394,0.16443,239982343.0
1716984000,0.16443,0.16689,0.16327,0.16377,250421252.0
1716998400,0.16377,0.16681,0.16208,0.16515,190723665.0
1717012800,0.16515,0.16576,0.1628,0.16386,117019882.0
1717027200,0.16386,0.16551,0.16266,0.16523,176887658.0
1717041600,0.16523,0.1657,0.15742,0.15842,319546895.0
1717056000,0.15842,0.16036,0.15642,0.15898,285970577.0
1717070400,0.15898,0.16496,0.15871,0.16404,348912614.0
1717084800,0.16404,0.16474,0.16065,0.16103,201803260.0
1717099200,0.16103,0.16106,0.15837,0.15946,123358028.0
1717113600,0.15946,0.16077,0.15883,0.16023,73972061.0
1717128000,0.16023,0.16064,0.15802,0.15979,115082842.0
1717142400,0.15979,0.16138,0.15852,0.16086,95033962.0
1717156800,0.16086,0.16261,0.15656,0.15667,208648254.0
1717171200,0.15667,0.15964,0.15431,0.15913,220290404.0
1717185600,0.15913,0.16049,0.15834,0.15898,88787042.0
1717200000,0.15898,0.15973,0.1584,0.15948,62649794.0
1717214400,0.15948,0.15982,0.15889,0.15902,60956633.0
1717228800,0.15902,0.15987,0.15895,0.15944,43149214.0
1717243200,0.15944,0.16199,0.15931,0.16006,106479591.0
1717257600,0.16006,0.16098,0.15942,0.16076,53379980.0
1717272000,0.16076,0.16141,0.16002,0.16031,40580533.0
1717286400,0.16031,0.16137,0.15946,0.16025,56503550.0
1717300800,0.16025,0.1604,0.15863,0.15871,62281326.0
1717315200,0.15871,0.1595,0.15703,0.15924,115403561.0
1717329600,0.15924,0.15976,0.15828,0.15874,68683102.0
1717344000,0.15874,0.15892,0.15469,0.15604,130310802.0
1717358400,0.15604,0.15774,0.15496,0.1571,60571900.0
1717372800,0.1571,0.16085,0.15579,0.15974,131478414.0
1717387200,0.15974,0.16205,0.15889,0.16156,146293185.0
1717401600,0.16156,0.16265,0.16091,0.16163,129326712.0
1717416000,0.16163,0.16346,0.15888,0.16134,238883347.0
1717430400,0.16134,0.16148,0.15927,0.16016,91013780.0
1717444800,0.16016,0.16062,0.15783,0.15835,86751989.0
1717459200,0.15835,0.15973,0.15759,0.15941,90254621.0
1717473600,0.15941,0.15941,0.15719,0.15824,154580286.0
1717488000,0.15824,0.15877,0.15706,0.15837,94459373.0
1717502400,0.15837,0.1604,0.15835,0.16027,116656556.0
1717516800,0.16027,0.16194,0.15946,0.16072,120357563.0
1717531200,0.16072,0.16153,0.16004,0.16136,62816400.0
1717545600,0.16136,0.16392,0.16117,0.16301,136631330.0
1717560000,0.16301,0.16486,0.16203,0.16402,159385773.0
1717574400,0.16402,0.16431,0.16205,0.16256,97404705.0
1717588800,0.16256,0.1642,0.1613,0.16347,153047988.0
1717603200,0.16347,0.16426,0.16219,0.16364,72921898.0
1717617600,0.16364,0.16409,0.1626,0.16326,50658135.0
1717632000,0.16326,0.1635,0.16233,0.16251,66974064.0
1717646400,0.16251,0.16278,0.16148,0.16213,87486680.0
1717660800,0.16213,0.16368,0.16148,0.16337,109220487.0
1717675200,0.16337,0.16579,0.16227,0.16303,212932059.0
1717689600,0.16303,0.16334,0.15903,0.15973,235732934.0
1717704000,0.15973,0.16096,0.15831,0.16016,92781648.0
1717718400,0.16016,0.16106,0.1596,0.16099,62624765.0
1717732800,0.16099,0.16213,0.16076,0.16097,54164420.0
1717747200,0.16097,0.16145,0.15988,0.16117,79918292.0
1717761600,0.16117,0.16195,0.15848,0.15996,199428033.0
1717776000,0.15996,0.16048,0.14,0.14821,923980641.0
1717790400,0.14821,0.14989,0.14723,0.1482,166562008.0
1717804800,0.1482,0.1487,0.14756,0.14869,103291183.0
1717819200,0.14869,0.14879,0.14728,0.14834,185385354.0
1717833600,0.14834,0.14836,0.14518,0.14557,108318802.0
1717848000,0.14557,0.14695,0.1435,0.14632,163452870.0
1717862400,0.14632,0.14696,0.14429,0.14607,120579553.0
1717876800,0.14607,0.14661,0.14507,0.14588,45801626.0
1717891200,0.14588,0.14726,0.14492,0.14567,58105420.0
1717905600,0.14567,0.14658,0.14509,0.14568,83486285.0
1717920000,0.14568,0.1463,0.14541,0.14603,76482742.0
1717934400,0.14603,0.14756,0.1457,0.14685,102855910.0
1717948800,0.14685,0.14916,0.14675,0.14776,72544558.0
1717963200,0.14776,0.14795,0.14659,0.14679,34692526.0
1717977600,0.14679,0.1469,0.14569,0.14596,43895435.0
1717992000,0.14596,0.14625,0.14325,0.14342,104419130.0
1718006400,0.14342,0.14571,0.14329,0.14497,70384921.0
1718020800,0.14497,0.14795,0.14396,0.14706,105862105.0
1718035200,0.14706,0.14729,0.14438,0.14449,59045604.0
1718049600,0.14449,0.14496,0.14325,0.14478,62343228.0
1718064000,0.14478,0.14519,0.1405,0.14217,216382484.0
1718078400,0.14217,0.14217,0.13915,0.14111,181755531.0
1718092800,0.14111,0.14238,0.14061,0.1412,110797834.0
1718107200,0.1412,0.14169,0.13515,0.1368,412362550.0
1718121600,0.1368,0.13865,0.13364,0.13794,265557762.0
1718136000,0.13794,0.13907,0.13758,0.13806,60234749.0
1718150400,0.13806,0.13886,0.13458,0.13884,125996504.0
1718164800,0.13884,0.14025,0.13868,0.14001,87638361.0
1718179200,0.14001,0.14117,0.13919,0.13923,87741643.0
1718193600,0.13923,0.14993,0.13914,0.14944,509385107.0
1718208000,0.14944,0.15096,0.14322,0.14411,441221679.0
1718222400,0.14411,0.14647,0.14319,0.14621,83460644.0
1718236800,0.14621,0.1465,0.14137,0.14283,147572757.0
1718251200,0.14283,0.14407,0.14246,0.14397,92891796.0
1718265600,0.14397,0.14493,0.14304,0.14347,96492940.0
1718280000,0.14347,0.14555,0.14032,0.14108,223883075.0
1718294400,0.14108,0.14288,0.14009,0.14194,107048172.0
1718308800,0.14194,0.14237,0.14038,0.1411,55061607.0
1718323200,0.1411,0.14299,0.14042,0.14161,89647558.0
1718337600,0.14161,0.14322,0.14157,0.14272,72918410.0
1718352000,0.14272,0.14343,0.14205,0.14234,109318424.0
1718366400,0.14234,0.14285,0.13867,0.13943,125748676.0
1718380800,0.13943,0.13964,0.13189,0.13355,379908530.0
1718395200,0.13355,0.13631,0.13306,0.13499,135972961.0
1718409600,0.13499,0.13607,0.13361,0.13575,110044514.0
1718424000,0.13575,0.13717,0.13529,0.13631,73267412.0
1718438400,0.13631,0.13785,0.13612,0.13683,108895861.0
1718452800,0.13683,0.1375,0.136,0.13688,74606486.0
1718467200,0.13688,0.13706,0.13587,0.13667,62914778.0
1718481600,0.13667,0.13698,0.13579,0.13677,35209777.0
1718496000,0.13677,0.1368,0.13505,0.13533,48139475.0
1718510400,0.13533,0.13669,0.13467,0.13624,41543726.0
1718524800,0.13624,0.13658,0.13539,0.13578,42341477.0
1718539200,0.13578,0.13711,0.13554,0.13696,66986166.0
1718553600,0.13696,0.13702,0.13596,0.13628,48762993.0
1718568000,0.13628,0.13768,0.13586,0.13713,59387277.0
1718582400,0.13713,0.13822,0.13447,0.1349,97158055.0
1718596800,0.1349,0.13579,0.13281,0.1338,69445629.0
1718611200,0.1338,0.13495,0.13213,0.13435,269133026.0
1718625600,0.13435,0.13477,0.12841,0.12955,235590175.0
1718640000,0.12955,0.13394,0.12601,0.13256,337280502.0
1718654400,0.13256,0.13261,0.12856,0.12879,123479436.0
1718668800,0.12879,0.12929,0.11338,0.1218,991849022.0
1718683200,0.1218,0.12338,0.12085,0.12272,148677360.0
1718697600,0.12272,0.12305,0.11913,0.12053,168046415.0
1718712000,0.12053,0.12138,0.11765,0.1194,445614454.0
1718726400,0.1194,0.12054,0.1182,0.12045,189258022.0
1718740800,0.12045,0.12259,0.11979,0.12225,127200387.0
1718755200,0.12225,0.12679,0.12141,0.12572,214322076.0
1718769600,0.12572,0.12633,0.12504,0.12546,101168779.0
1718784000,0.12546,0.12595,0.12318,0.12385,120418956.0
1718798400,0.12385,0.12471,0.12166,0.12216,126898589.0
1718812800,0.12216,0.12429,0.12179,0.12269,114287745.0
1718827200,0.12269,0.12356,0.12176,0.12247,65512310.0
1718841600,0.12247,0.12426,0.12143,0.12277,127730518.0
1718856000,0.12277,0.12604,0.1221,0.12592,123381221.0
1718870400,0.12592,0.129,0.12517,0.12647,201987902.0
1718884800,0.12647,0.12687,0.12194,0.12261,198700589.0
1718899200,0.12261,0.12521,0.12134,0.12469,171342248.0
1718913600,0.12469,0.12496,0.12416,0.12455,57244831.0
1718928000,0.12455,0.12574,0.12323,0.12392,101642376.0
1718942400,0.12392,0.12468,0.12319,0.1235,64952083.0
1718956800,0.1235,0.12513,0.12186,0.12449,165367101.0
1718971200,0.12449,0.12479,0.12138,0.1228,164270090.0
1718985600,0.1228,0.12466,0.12205,0.12419,109269365.0
1719000000,0.12419,0.1254,0.1232,0.12418,70335822.0
1719014400,0.12418,0.1248,0.1229,0.12427,55080407.0
1719028800,0.12427,0.12475,0.1238,0.12403,46077323.0
1719043200,0.12403,0.12517,0.12342,0.1246,57618782.0
1719057600,0.1246,0.12556,0.12421,0.12512,70114786.0
1719072000,0.12512,0.12533,0.12406,0.1243,60914489.0
1719086400,0.1243,0.12434,0.12366,0.12375,51498678.0
1719100800,0.12375,0.12491,0.12367,0.1247,66199609.0
1719115200,0.1247,0.125,0.12437,0.12494,39492390.0
1719129600,0.12494,0.1255,0.12413,0.12462,57752121.0
1719144000,0.12462,0.12489,0.12239,0.12274,60069564.0
1719158400,0.12274,0.12345,0.12183,0.12344,73411235.0
1719172800,0.12344,0.1264,0.1209,0.12222,209680836.0
1719187200,0.12222,0.12395,0.11963,0.12155,194466147.0
1719201600,0.12155,0.12178,0.11792,0.11852,214908605.0
1719216000,0.11852,0.11951,0.11354,0.11722,316163255.0
1719230400,0.11722,0.11966,0.11638,0.11698,135846846.0
1719244800,0.11698,0.11781,0.11518,0.11578,218870845.0
1719259200,0.11578,0.11941,0.11406,0.11902,157761005.0
1719273600,0.11902,0.125,0.11882,0.12345,196188453.0
1719288000,0.12345,0.12431,0.12186,0.12198,195401227.0
1719302400,0.12198,0.12397,0.12141,0.12348,117718379.0
1719316800,0.12348,0.128,0.12301,0.12709,209070292.0
1719331200,0.12709,0.12862,0.12562,0.12769,125999135.0
1719345600,0.12769,0.12784,0.12553,0.12615,60122487.0
1719360000,0.12615,0.12865,0.12574,0.1272,101917146.0
1719374400,0.1272,0.12731,0.12509,0.12581,82106194.0
1719388800,0.12581,0.12603,0.1241,0.1244,86982568.0
1719403200,0.1244,0.1254,0.12307,0.12383,94552793.0
1719417600,0.12383,0.12417,0.1218,0.12407,137943410.0
1719432000,0.12407,0.12448,0.12234,0.12276,65975246.0
1719446400,0.12276,0.12316,0.12192,0.12247,70388497.0
1719460800,0.12247,0.12254,0.12061,0.12124,80668697.0
1719475200,0.12124,0.12397,0.12107,0.12241,106872508.0
1719489600,0.12241,0.12586,0.12201,0.12364,243829381.0
1719504000,0.12364,0.12587,0.12314,0.12446,106407742.0
1719518400,0.12446,0.12846,0.12419,0.12711,119315854.0
1719532800,0.12711,0.12851,0.12565,0.12661,97889213.0
1719547200,0.12661,0.12672,0.12467,0.12533,98449977.0
1719561600,0.12533,0.12766,0.12496,0.12736,87003064.0
1719576000,0.12736,0.12796,0.12399,0.12558,221797542.0
1719590400,0.12558,0.12674,0.1229,0.12326,137895571.0
1719604800,0.12326,0.12398,0.12217,0.12306,62874548.0
1719619200,0.12306,0.1244,0.12302,0.12403,59310874.0
1719633600,0.12403,0.12435,0.12309,0.12397,36668098.0
1719648000,0.12397,0.12436,0.12348,0.12415,34612407.0
1719662400,0.12415,0.1243,0.12315,0.1237,28881818.0
1719676800,0.1237,0.12374,0.1222,0.12275,25929561.0
1719691200,0.12275,0.12291,0.12138,0.1219,55937708.0
1719705600,0.1219,0.12236,0.12061,0.12105,57760164.0
1719720000,0.12105,0.12302,0.1205,0.12267,72089859.0
1719734400,0.12267,0.12349,0.1221,0.12243,54052911.0
1719748800,0.12243,0.12294,0.12174,0.12283,37929925.0
1719763200,0.12283,0.12394,0.12225,0.12376,45202295.0
1719777600,0.12376,0.12564,0.12291,0.12448,68608457.0
1719792000,0.12448,0.1275,0.12411,0.12669,98536014.0
1719806400,0.12669,0.12694,0.12607,0.12642,49047169.0
1719820800,0.12642,0.1265,0.12431,0.12457,74297030.0
1719835200,0.12457,0.12513,0.12322,0.12472,96099519.0
1719849600,0.12472,0.12623,0.12448,0.12508,59382606.0
1719864000,0.12508,0.12544,0.12324,0.12352,50934611.0
1719878400,0.12352,0.1242,0.12272,0.12392,50563632.0
1719892800,0.12392,0.12431,0.12285,0.123,48112908.0
1719907200,0.123,0.12414,0.12278,0.12414,37568971.0
1719921600,0.12414,0.1248,0.12247,0.12284,80204551.0
1719936000,0.12284,0.12544,0.12251,0.12414,60838120.0
1719950400,0.12414,0.12535,0.124,0.1253,36985047.0
1719964800,0.1253,0.12555,0.12091,0.12241,94746553.0
1719979200,0.12241,0.12245,0.12131,0.12157,57862209.0
1719993600,0.12157,0.12209,0.11838,0.11923,146893754.0
1720008000,0.11923,0.11998,0.1176,0.11824,126204923.0
1720022400,0.11824,0.11929,0.11683,0.11753,79655659.0
1720036800,0.11753,0.11874,0.11693,0.11849,57367163.0
1720051200,0.11849,0.11914,0.1118,0.11546,327012886.0
1720065600,0.11546,0.11552,0.11159,0.11214,135985207.0
1720080000,0.11214,0.11248,0.11,0.11081,208858220.0
1720094400,0.11081,0.11089,0.10534,0.10981,489850238.0
1720108800,0.10981,0.10982,0.10737,0.10769,163955329.0
1720123200,0.10769,0.10986,0.10385,0.10502,215931819.0
1720137600,0.10502,0.1052,0.09136,0.09416,1126051335.0
1720152000,0.09416,0.09827,0.09234,0.09644,539909391.0
1720166400,0.09644,0.10015,0.09388,0.09985,301686277.0
1720180800,0.09985,0.10377,0.0987,0.10345,312761841.0
1720195200,0.10345,0.10527,0.10254,0.10429,186975036.0
1720209600,0.10429,0.10652,0.10366,0.10547,140783164.0
1720224000,0.10547,0.10922,0.10468,0.10617,235631500.0
1720238400,0.10617,0.10934,0.1055,0.10813,162322036.0
1720252800,0.10813,0.1098,0.10734,0.10922,120740056.0
1720267200,0.10922,0.11018,0.10711,0.10923,197629393.0
1720281600,0.10923,0.11363,0.10854,0.11263,191598801.0
1720296000,0.11263,0.11416,0.1125,0.11343,89796007.0
1720310400,0.11343,0.1135,0.11033,0.11182,140856912.0
1720324800,0.11182,0.11199,0.10905,0.10999,119863784.0
1720339200,0.10999,0.11119,0.10954,0.11027,61328306.0
1720353600,0.11027,0.11074,0.105,0.10681,242665148.0
1720368000,0.10681,0.1091,0.10645,0.10755,79796923.0
1720382400,0.10755,0.10797,0.1036,0.10415,105302799.0
1720396800,0.10415,0.10461,0.09874,0.10235,367609919.0
1720411200,0.10235,0.10529,0.1019,0.10424,146777708.0
1720425600,0.10424,0.1114,0.10394,0.10934,302262457.0
1720440000,0.10934,0.11008,0.10364,0.10547,320133129.0
1720454400,0.10547,0.10793,0.10481,0.10776,97914846.0
1720468800,0.10776,0.10866,0.10668,0.10758,79522435.0
1720483200,0.10758,0.10868,0.10579,0.10806,115299457.0
1720497600,0.10806,0.10928,0.10755,0.10797,86883334.0
1720512000,0.10797,0.10954,0.10748,0.10838,115767463.0
1720526400,0.10838,0.10924,0.1066,0.10784,123349444.0
1720540800,0.10784,0.10849,0.10668,0.10739,65648401.0
1720555200,0.10739,0.10815,0.10689,0.10756,52673571.0
1720569600,0.10756,0.1079,0.10572,0.10788,67886081.0
1720584000,0.10788,0.11048,0.10787,0.10967,137976424.0
1720598400,0.10967,0.10978,0.10826,0.10943,79828696.0
1720612800,0.10943,0.10997,0.10805,0.10942,116347656.0
1720627200,0.10942,0.11053,0.10773,0.10794,81707440.0
1720641600,0.10794,0.10817,0.10669,0.108,37256319.0
1720656000,0.108,0.10899,0.10633,0.10739,84945307.0
1720670400,0.10739,0.10906,0.10714,0.10896,51819412.0
1720684800,0.10896,0.11015,0.10855,0.10981,58873125.0
1720699200,0.10981,0.11247,0.10681,0.10734,215558782.0
1720713600,0.10734,0.10851,0.10645,0.10711,72103400.0
1720728000,0.10711,0.10738,0.10615,0.10664,75614130.0
1720742400,0.10664,0.10765,0.10477,0.10616,103228340.0
1720756800,0.10616,0.10692,0.1055,0.10619,53805788.0
1720771200,0.10619,0.10654,0.10489,0.10578,114803317.0
1720785600,0.10578,0.10749,0.1055,0.10732,97755598.0
1720800000,0.10732,0.10831,0.10689,0.10737,66112455.0
1720814400,0.10737,0.10769,0.10626,0.10769,31896608.0
1720828800,0.10769,0.10825,0.10728,0.10786,27296838.0
1720843200,0.10786,0.10934,0.10738,0.10934,57739911.0
1720857600,0.10934,0.11009,0.10866,0.1096,54203602.0
1720872000,0.1096,0.1111,0.10914,0.11077,107019660.0
1720886400,0.11077,0.11248,0.10978,0.11233,158190709.0
1720900800,0.11233,0.113,0.11095,0.11231,143176020.0
1720915200,0.11231,0.11459,0.11194,0.11261,157364426.0
1720929600,0.11261,0.11409,0.11243,0.11356,87389828.0
1720944000,0.11356,0.11424,0.11266,0.11282,72723761.0
1720958400,0.11282,0.11283,0.1111,0.11276,74291795.0
1720972800,0.11276,0.11292,0.1123,0.11264,36431749.0
1720987200,0.11264,0.11698,0.11254,0.11535,218274339.0
1721001600,0.11535,0.11882,0.11457,0.11774,189779675.0
1721016000,0.11774,0.11914,0.11708,0.1187,111543890.0
1721030400,0.1187,0.1197,0.11669,0.11712,136688941.0
1721044800,0.11712,0.11982,0.11679,0.11867,195044294.0
1721059200,0.11867,0.12209,0.11821,0.12127,207149382.0
1721073600,0.12127,0.12555,0.12117,0.1249,170484686.0
1721088000,0.1249,0.12784,0.12402,0.12618,219677940.0
1721102400,0.12618,0.12661,0.12049,0.12083,244704009.0
1721116800,0.12083,0.12259,0.11891,0.12228,149489109.0
1721131200,0.12228,0.12581,0.12115,0.12567,176212918.0
1721145600,0.12567,0.12699,0.1243,0.12571,160120680.0
1721160000,0.12571,0.1261,0.12338,0.12478,103891029.0
1721174400,0.12478,0.12769,0.12451,0.12552,130726319.0
1721188800,0.12552,0.12654,0.12517,0.12539,87542964.0
1721203200,0.12539,0.12599,0.12349,0.12407,114501015.0
1721217600,0.12407,0.12613,0.12266,0.12291,153860860.0
1721232000,0.12291,0.12319,0.12032,0.12293,134543503.0
1721246400,0.12293,0.12375,0.12135,0.12178,66684931.0
1721260800,0.12178,0.12397,0.12178,0.12335,77219084.0
1721275200,0.12335,0.12344,0.1205,0.12154,202283754.0
1721289600,0.12154,0.1224,0.12014,0.12192,137204684.0
1721304000,0.12192,0.1231,0.11789,0.11802,209944785.0
1721318400,0.11802,0.11972,0.11715,0.11804,103713868.0
1721332800,0.11804,0.11992,0.1177,0.11956,56240073.0
1721347200,0.11956,0.12103,0.11742,0.12088,73918754.0
1721361600,0.12088,0.12131,0.11872,0.11917,83390065.0
1721376000,0.11917,0.1196,0.11785,0.11942,108619219.0
1721390400,0.11942,0.12341,0.11894,0.12328,184655501.0
1721404800,0.12328,0.12604,0.12326,0.12525,253242241.0
1721419200,0.12525,0.12603,0.12449,0.12543,107763554.0
1721433600,0.12543,0.12628,0.1243,0.12539,100742938.0
1721448000,0.12539,0.12966,0.12513,0.12745,256749497.0
1721462400,0.12745,0.12782,0.12575,0.12594,92520592.0
1721476800,0.12594,0.135,0.12525,0.13486,456033959.0
1721491200,0.13486,0.13582,0.13263,0.13366,372606312.0
1721505600,0.13366,0.13537,0.13292,0.13424,157697885.0
1721520000,0.13424,0.13461,0.13196,0.13219,102763021.0
1721534400,0.13219,0.13261,0.12965,0.13095,128260042.0
1721548800,0.13095,0.13223,0.1307,0.13158,98717129.0
1721563200,0.13158,0.13285,0.13041,0.13151,111311904.0
1721577600,0.13151,0.13428,0.12576,0.134,367723117.0
1721592000,0.134,0.14373,0.13289,0.14026,731131947.0
1721606400,0.14026,0.1416,0.13816,0.1415,255159404.0
1721620800,0.1415,0.1427,0.13658,0.13702,220053826.0
1721635200,0.13702,0.13898,0.13581,0.13872,200581354.0
1721649600,0.13872,0.14185,0.136,0.13977,464924914.0
1721664000,0.13977,0.14223,0.13798,0.1421,266456711.0
1721678400,0.1421,0.14238,0.13685,0.13776,194861930.0
1721692800,0.13776,0.13923,0.13676,0.13777,100652541.0
1721707200,0.13777,0.13826,0.13311,0.13454,253259750.0
1721721600,0.13454,0.13659,0.13343,0.13458,151206146.0
1721736000,0.13458,0.13472,0.1297,0.13194,262710719.0
1721750400,0.13194,0.13239,0.12807,0.13046,239158441.0
1721764800,0.13046,0.13171,0.12957,0.13031,92235707.0
1721779200,0.13031,0.13173,0.12921,0.13128,78659397.0
1721793600,0.13128,0.13242,0.12979,0.13234,95219967.0
1721808000,0.13234,0.13403,0.13184,0.13318,125162413.0
1721822400,0.13318,0.13482,0.13134,0.1316,160648302.0
1721836800,0.1316,0.1328,0.12937,0.1298,113295141.0
1721851200,0.1298,0.13079,0.12688,0.12795,119710860.0
1721865600,0.12795,0.12873,0.12174,0.1228,327709917.0
1721880000,0.1228,0.12461,0.12211,0.12363,86148223.0
1721894400,0.12363,0.12524,0.12313,0.12429,86158093.0
1721908800,0.12429,0.12555,0.1223,0.12415,146085023.0
1721923200,0.12415,0.12522,0.12079,0.12214,142855890.0
1721937600,0.12214,0.1256,0.1201,0.12526,127784530.0
1721952000,0.12526,0.12965,0.12504,0.12868,165037086.0
1721966400,0.12868,0.1299,0.12839,0.12906,75910791.0
1721980800,0.12906,0.13039,0.12892,0.12976,77536814.0
1721995200,0.12976,0.13099,0.12888,0.13019,122819559.0
1722009600,0.13019,0.13479,0.12996,0.13358,133099313.0
1722024000,0.13358,0.13496,0.13238,0.13419,86802147.0
1722038400,0.13419,0.13475,0.13287,0.13421,81935564.0
1722052800,0.13421,0.13503,0.13354,0.1342,52757222.0
1722067200,0.1342,0.13598,0.13382,0.13479,90309434.0
1722081600,0.13479,0.13878,0.13356,0.13455,203259777.0
1722096000,0.13455,0.13824,0.13104,0.13616,546780688.0
1722110400,0.13616,0.13622,0.13011,0.13144,354052874.0
1722124800,0.13144,0.13185,0.1293,0.12955,89620614.0
1722139200,0.12955,0.13058,0.12809,0.13051,82097996.0
1722153600,0.13051,0.13186,0.1298,0.13086,120822183.0
1722168000,0.13086,0.13139,0.12908,0.12949,185231690.0
1722182400,0.12949,0.1309,0.1293,0.12991,122280790.0
1722196800,0.12991,0.13014,0.12861,0.13004,88956631.0
1722211200,0.13004,0.13484,0.1297,0.13363,186930156.0
1722225600,0.13363,0.13494,0.13287,0.13459,116763525.0
1722240000,0.13459,0.13509,0.13331,0.13332,130718221.0
1722254400,0.13332,0.13421,0.12885,0.12993,145020702.0
1722268800,0.12993,0.13026,0.128,0.12935,116032698.0
1722283200,0.12935,0.12991,0.12755,0.12843,69321074.0
1722297600,0.12843,0.13054,0.12711,0.12928,92754578.0
1722312000,0.12928,0.1307,0.12862,0.13012,66542787.0
1722326400,0.13012,0.13024,0.12886,0.12911,66672017.0
1722340800,0.12911,0.1296,0.12636,0.12733,121190645.0
1722355200,0.12733,0.1282,0.12438,0.12514,107566060.0
1722369600,0.12514,0.12627,0.1232,0.12551,81468628.0
1722384000,0.12551,0.12631,0.12467,0.12532,57692469.0
1722398400,0.12532,0.12707,0.12362,0.1261,80273510.0
1722412800,0.1261,0.12646,0.12486,0.1255,53108037.0
1722427200,0.1255,0.12736,0.12528,0.12619,96589906.0
1722441600,0.12619,0.12703,0.12219,0.12295,127775658.0
1722456000,0.12295,0.12317,0.1212,0.12192,108337165.0
1722470400,0.12192,0.12312,0.12059,0.12097,84185029.0
1722484800,0.12097,0.12142,0.11814,0.1204,146756452.0
1722499200,0.1204,0.12156,0.11992,0.12044,72224716.0
1722513600,0.12044,0.12143,0.1152,0.11592,178648230.0
1722528000,0.11592,0.11616,0.11211,0.11497,312264526.0
1722542400,0.11497,0.11998,0.1143,0.11899,135418374.0
1722556800,0.11899,0.11975,0.11577,0.11777,89443796.0
1722571200,0.11777,0.11807,0.11446,0.11634,100917975.0
1722585600,0.11634,0.11798,0.11567,0.1172,61471811.0
1722600000,0.1172,0.11953,0.11017,0.1133,317917209.0
1722614400,0.1133,0.11413,0.11158,0.11257,115495150.0
1722628800,0.11257,0.1135,0.11028,0.11154,144170462.0
1722643200,0.11154,0.11282,0.10823,0.1127,266543934.0
1722657600,0.1127,0.11475,0.11222,0.11382,62553355.0
1722672000,0.11382,0.11386,0.11199,0.11292,105110235.0
1722686400,0.11292,0.11425,0.11044,0.11059,116208613.0
1722700800,0.11059,0.11134,0.10575,0.10587,317464902.0
1722715200,0.10587,0.1086,0.10518,0.10811,141191619.0
1722729600,0.10811,0.10944,0.1072,0.10876,59624824.0
1722744000,0.10876,0.10902,0.10663,0.10666,135375720.0
1722758400,0.10666,0.10808,0.10558,0.10759,62666142.0
1722772800,0.10759,0.10814,0.10292,0.10322,205468404.0
1722787200,0.10322,0.10542,0.099,0.10479,411957454.0
1722801600,0.10479,0.106,0.10357,0.10375,134919124.0
1722816000,0.10375,0.1043,0.08878,0.0914,1423234118.0
1722830400,0.0914,0.09342,0.08137,0.08881,1424455646.0
1722844800,0.08881,0.0892,0.0805,0.0846,981244451.0
1722859200,0.0846,0.09555,0.08203,0.09526,1530175818.0
1722873600,0.09526,0.09861,0.09261,0.09388,451635905.0
1722888000,0.09388,0.09687,0.09379,0.09436,192591039.0
1722902400,0.09436,0.10151,0.09405,0.09832,316119161.0
1722916800,0.09832,0.10019,0.09754,0.09927,177340954.0
1722931200,0.09927,0.09935,0.09524,0.09598,175200959.0
1722945600,0.09598,0.09957,0.09405,0.09765,287621374.0
1722960000,0.09765,0.09902,0.09668,0.09713,169592143.0
1722974400,0.09713,0.09852,0.09593,0.09645,136072283.0
1722988800,0.09645,0.09957,0.09514,0.0984,142296280.0
1723003200,0.0984,0.09992,0.09796,0.09883,130258906.0
1723017600,0.09883,0.10208,0.09871,0.09925,238748514.0
1723032000,0.09925,0.10163,0.09585,0.09808,288066389.0
1723046400,0.09808,0.09832,0.09532,0.09622,213886203.0
1723060800,0.09622,0.09769,0.09428,0.09558,185573117.0
1723075200,0.09558,0.10102,0.09354,0.0989,220748341.0
1723089600,0.0989,0.10034,0.09884,0.0992,84780219.0
1723104000,0.0992,0.10062,0.09903,0.09995,84409447.0
1723118400,0.09995,0.1042,0.09893,0.10375,258791970.0
1723132800,0.10375,0.105,0.10188,0.10216,130102056.0
1723147200,0.10216,0.108,0.10194,0.10748,189843423.0
1723161600,0.10748,0.10782,0.1053,0.10605,114310674.0
1723176000,0.10605,0.10617,0.10384,0.10495,81047550.0
1723190400,0.10495,0.10572,0.10359,0.10446,70097190.0
1723204800,0.10446,0.10525,0.1016,0.10169,127204102.0
1723219200,0.10169,0.10363,0.10165,0.10333,90108194.0
1723233600,0.10333,0.10463,0.10294,0.10386,59576604.0
1723248000,0.10386,0.10558,0.10339,0.1039,65088380.0
1723262400,0.1039,0.10476,0.10288,0.10474,37686650.0
1723276800,0.10474,0.10483,0.10393,0.10453,36887540.0
1723291200,0.10453,0.10484,0.10339,0.10426,42254957.0
1723305600,0.10426,0.10592,0.1041,0.10544,54781909.0
1723320000,0.10544,0.10561,0.10483,0.10518,20932374.0
1723334400,0.10518,0.11099,0.10501,0.10991,153759387.0
1723348800,0.10991,0.1102,0.10838,0.10982,86032714.0
1723363200,0.10982,0.11008,0.1072,0.1075,113727421.0
1723377600,0.1075,0.10782,0.10401,0.10462,152804909.0
1723392000,0.10462,0.10596,0.10279,0.10297,105274101.0
1723406400,0.10297,0.10298,0.10004,0.10059,157845258.0
1723420800,0.10059,0.10244,0.1001,0.1016,93024967.0
1723435200,0.1016,0.10368,0.10047,0.10312,86866770.0
1723449600,0.10312,0.1073,0.10224,0.10636,157905756.0
1723464000,0.10636,0.10815,0.10179,0.10714,286108839.0
1723478400,0.10714,0.10773,0.10385,0.1052,106170685.0
1723492800,0.1052,0.10872,0.10433,0.10791,111729028.0
1723507200,0.10791,0.10904,0.10437,0.10476,143960259.0
1723521600,0.10476,0.10579,0.10407,0.10466,60886660.0
1723536000,0.10466,0.10505,0.10336,0.10429,63238276.0
1723550400,0.10429,0.10585,0.10396,0.10517,78076478.0
1723564800,0.10517,0.1076,0.1045,0.10556,94428520.0
1723579200,0.10556,0.1068,0.10516,0.10636,47760639.0
1723593600,0.10636,0.10663,0.10518,0.10579,41264153.0
1723608000,0.10579,0.10642,0.10531,0.10565,48257600.0
1723622400,0.10565,0.10655,0.10512,0.10582,72493518.0
1723636800,0.10582,0.10694,0.10136,0.10325,241907820.0
1723651200,0.10325,0.10346,0.10225,0.10252,73239268.0
1723665600,0.10252,0.10319,0.1015,0.1024,48273772.0
1723680000,0.1024,0.10296,0.10174,0.1027,48897250.0
1723694400,0.1027,0.10318,0.10184,0.10261,72839801.0
1723708800,0.10261,0.10353,0.10202,0.10275,51749750.0
1723723200,0.10275,0.10495,0.10228,0.1043,102246148.0
1723737600,0.1043,0.1047,0.09789,0.09912,234688898.0
1723752000,0.09912,0.10056,0.09835,0.10021,99614165.0
1723766400,0.10021,0.10153,0.09934,0.10044,98363512.0
1723780800,0.10044,0.10207,0.10034,0.10172,109606960.0
1723795200,0.10172,0.10184,0.10072,0.10093,36707511.0
1723809600,0.10093,0.10129,0.09745,0.09829,155440338.0
1723824000,0.09829,0.10176,0.09808,0.1009,107931365.0
1723838400,0.1009,0.10139,0.09992,0.10035,49655702.0
1723852800,0.10035,0.10137,0.10001,0.10079,35405350.0
1723867200,0.10079,0.1013,0.10061,0.10125,25918324.0
1723881600,0.10125,0.10141,0.10072,0.10107,29717422.0
1723896000,0.10107,0.10257,0.1009,0.10211,65930661.0
1723910400,0.10211,0.10372,0.10211,0.10291,60223955.0
1723924800,0.10291,0.10317,0.10241,0.10275,27048136.0
1723939200,0.10275,0.10347,0.10184,0.10212,53254281.0
1723953600,0.10212,0.10263,0.10176,0.10225,25571244.0
1723968000,0.10225,0.10377,0.10205,0.10358,72807332.0
1723982400,0.10358,0.10446,0.10268,0.10324,83909789.0
1723996800,0.10324,0.10372,0.102,0.10252,49447097.0
1724011200,0.10252,0.10265,0.1,0.10004,65850792.0
1724025600,0.10004,0.10065,0.09942,0.10044,79736031.0
1724040000,0.10044,0.10052,0.09953,0.09986,66422114.0
1724054400,0.09986,0.10048,0.09857,0.09985,111135580.0
1724068800,0.09985,0.10105,0.0991,0.09991,86132725.0
1724083200,0.09991,0.1019,0.09935,0.10044,71976614.0
1724097600,0.10044,0.10193,0.10025,0.10133,46255892.0
1724112000,0.10133,0.10581,0.10107,0.10472,267212887.0
1724126400,0.10472,0.10569,0.10387,0.10553,133969197.0
1724140800,0.10553,0.10568,0.10453,0.10476,90081192.0
1724155200,0.10476,0.10537,0.10113,0.10218,188099774.0
1724169600,0.10218,0.10442,0.10189,0.10423,75312510.0
1724184000,0.10423,0.10465,0.10287,0.10289,45644636.0
1724198400,0.10289,0.10418,0.10228,0.10382,49195851.0
1724212800,0.10382,0.10475,0.10298,0.10464,62698046.0
1724227200,0.10464,0.10493,0.10329,0.1037,63402684.0
1724241600,0.1037,0.10484,0.10212,0.10376,126909996.0
1724256000,0.10376,0.10683,0.10348,0.10681,119515238.0
1724270400,0.10681,0.10797,0.10583,0.10615,103832534.0
1724284800,0.10615,0.10642,0.104,0.10531,78598869.0
1724299200,0.10531,0.10598,0.10488,0.10593,48060080.0
1724313600,0.10593,0.10689,0.10559,0.10655,68964971.0
1724328000,0.10655,0.10659,0.10475,0.10518,82053426.0
1724342400,0.10518,0.10609,0.10473,0.10483,68915702.0
1724356800,0.10483,0.10548,0.10478,0.10525,33953583.0
1724371200,0.10525,0.10644,0.10522,0.106,50007598.0
1724385600,0.106,0.10766,0.106,0.1072,72158176.0
1724400000,0.1072,0.10767,0.10607,0.10611,55573692.0
1724414400,0.10611,0.111,0.10611,0.10989,472204906.0
1724428800,0.10989,0.11329,0.10963,0.11304,294881860.0
1724443200,0.11304,0.11546,0.11255,0.11293,190876876.0
1724457600,0.11293,0.11338,0.1117,0.1126,82049815.0
1724472000,0.1126,0.11303,0.1121,0.11239,91113067.0
1724486400,0.11239,0.11392,0.11193,0.11219,160514846.0
1724500800,0.11219,0.11317,0.11099,0.11215,299741316.0
1724515200,0.11215,0.11493,0.11201,0.11429,194378976.0
1724529600,0.11429,0.115,0.11074,0.11258,128318484.0
1724544000,0.11258,0.11287,0.10981,0.11098,132677199.0
1724558400,0.11098,0.1112,0.10778,0.10838,119508437.0
1724572800,0.10838,0.10945,0.10794,0.10887,91129640.0
1724587200,0.10887,0.11092,0.10864,0.1102,81249946.0
1724601600,0.1102,0.1107,0.10954,0.10971,70220624.0
1724616000,0.10971,0.1112,0.10934,0.10959,73463761.0
1724630400,0.10959,0.11032,0.10785,0.10935,78855073.0
1724644800,0.10935,0.10991,0.10817,0.1087,63775040.0
1724659200,0.1087,0.10971,0.1082,0.10882,65698794.0
1724673600,0.10882,0.10901,0.10619,0.10703,141203978.0
1724688000,0.10703,0.10755,0.10442,0.1055,130144664.0
1724702400,0.1055,0.10583,0.10444,0.1052,74371174.0
1724716800,0.1052,0.10637,0.10517,0.10573,47716806.0
1724731200,0.10573,0.10653,0.10545,0.10605,53658694.0
1724745600,0.10605,0.10621,0.10352,0.1043,119671435.0
1724760000,0.1043,0.10486,0.1032,0.10393,96799663.0
1724774400,0.10393,0.10487,0.1034,0.10429,87963162.0
1724788800,0.10429,0.10437,0.09633,0.09891,297847358.0
1724803200,0.09891,0.09973,0.09768,0.0996,115464960.0
1724817600,0.0996,0.09969,0.09797,0.09808,102961027.0
1724832000,0.09808,0.1019,0.09747,0.10077,112466574.0
1724846400,0.10077,0.10153,0.0988,0.09952,132251847.0
1724860800,0.09952,0.1017,0.09682,0.09914,222514891.0
1724875200,0.09914,0.10079,0.09862,0.09964,63459749.0
1724889600,0.09964,0.10072,0.09953,0.10055,45298839.0
1724904000,0.10055,0.10139,0.10012,0.10057,56947484.0
1724918400,0.10057,0.10187,0.10021,0.10115,51802122.0
1724932800,0.10115,0.10259,0.10096,0.10198,79385830.0
1724947200,0.10198,0.10237,0.09827,0.09903,90799761.0
1724961600,0.09903,0.1007,0.0984,0.10037,91117423.0
1724976000,0.10037,0.10079,0.09963,0.10012,68740632.0
1724990400,0.10012,0.1012,0.09956,0.10076,60869894.0
1725004800,0.10076,0.1025,0.10068,0.10131,90020348.0
1725019200,0.10131,0.10249,0.09806,0.09848,153686611.0
1725033600,0.09848,0.10167,0.09697,0.10016,147208004.0
1725048000,0.10016,0.10315,0.10012,0.10177,107645920.0
1725062400,0.10177,0.10239,0.10087,0.10126,95799326.0
1725076800,0.10126,0.10192,0.10097,0.10111,27910462.0
1725091200,0.10111,0.10152,0.10035,0.10125,33504960.0
1725105600,0.10125,0.10166,0.10076,0.10163,33413862.0
1725120000,0.10163,0.10231,0.10055,0.10106,49284380.0
1725134400,0.10106,0.10175,0.10091,0.10128,21717991.0
1725148800,0.10128,0.10153,0.09974,0.10028,30930662.0
1725163200,0.10028,0.10028,0.0985,0.09975,57564681.0
1725177600,0.09975,0.09985,0.09863,0.09936,32497214.0
1725192000,0.09936,0.09944,0.09726,0.09856,113374135.0
1725206400,0.09856,0.09934,0.0968,0.09913,84801759.0
1725220800,0.09913,0.09952,0.09388,0.09509,121376174.0
1725235200,0.09509,0.09606,0.09468,0.09522,96705728.0
1725249600,0.09522,0.09571,0.09409,0.09453,68536512.0
1725264000,0.09453,0.09802,0.09441,0.0973,90955952.0
1725278400,0.0973,0.09797,0.0961,0.09735,67286158.0
1725292800,0.09735,0.09809,0.09691,0.09783,42463804.0
1725307200,0.09783,0.09992,0.09761,0.09912,90536619.0
1725321600,0.09912,0.10081,0.09881,0.09957,77084477.0
1725336000,0.09957,0.09972,0.09901,0.09959,40230806.0
1725350400,0.09959,0.0997,0.0986,0.09962,27094673.0
1725364800,0.09962,0.1005,0.09673,0.09692,115797619.0
1725379200,0.09692,0.09863,0.09667,0.09773,47972720.0
1725393600,0.09773,0.09814,0.09639,0.09677,45738801.0
1725408000,0.09677,0.0975,0.09184,0.09581,244041508.0
1725422400,0.09581,0.09676,0.09449,0.09636,95979560.0
1725436800,0.09636,0.09697,0.09506,0.09556,62215466.0
1725451200,0.09556,0.0988,0.09487,0.09854,136433380.0
1725465600,0.09854,0.09951,0.09759,0.09805,93177510.0
1725480000,0.09805,0.09877,0.09751,0.098,25872697.0
1725494400,0.098,0.09855,0.096,0.0963,49773822.0
1725508800,0.0963,0.09813,0.0961,0.09762,55972964.0
1725523200,0.09762,0.09799,0.09699,0.09748,36591824.0
1725537600,0.09748,0.099,0.09655,0.09691,136923236.0
1725552000,0.09691,0.09917,0.09651,0.09744,93469758.0
1725566400,0.09744,0.09872,0.09734,0.09842,35010507.0
1725580800,0.09842,0.09944,0.09804,0.0988,60282970.0
1725595200,0.0988,0.09908,0.09692,0.09743,62279817.0
1725609600,0.09743,0.09798,0.09682,0.09688,85342131.0
1725624000,0.09688,0.09787,0.0925,0.09371,297152481.0
1725638400,0.09371,0.09371,0.09039,0.0909,294505287.0
1725652800,0.0909,0.09258,0.08893,0.09254,219749199.0
1725667200,0.09254,0.09286,0.09175,0.09206,43264980.0
1725681600,0.09206,0.09438,0.09192,0.09402,89078784.0
1725696000,0.09402,0.09492,0.09373,0.09449,80821356.0
1725710400,0.09449,0.0957,0.09449,0.09547,73529856.0
1725724800,0.09547,0.09558,0.09413,0.09491,79484450.0
1725739200,0.09491,0.09552,0.09447,0.09539,70221517.0
1725753600,0.09539,0.09699,0.09494,0.09617,59461874.0
1725768000,0.09617,0.09618,0.09513,0.09566,46341642.0
1725782400,0.09566,0.09645,0.09536,0.09574,45548377.0
1725796800,0.09574,0.09589,0.09409,0.09436,84710951.0
1725811200,0.09436,0.0957,0.09383,0.09529,62438557.0
1725825600,0.09529,0.09697,0.09496,0.09616,78112856.0
1725840000,0.09616,0.09769,0.09571,0.09695,146255261.0
1725854400,0.09695,0.09727,0.096,0.09716,44994471.0
1725868800,0.09716,0.09888,0.09712,0.0979,86659694.0
1725883200,0.0979,0.099,0.09694,0.0989,82336486.0
1725897600,0.0989,0.10483,0.09886,0.1038,410959200.0
1725912000,0.1038,0.10495,0.10304,0.10376,125545428.0
1725926400,0.10376,0.1039,0.10208,0.10251,80609046.0
1725940800,0.10251,0.10401,0.10243,0.10374,76954509.0
1725955200,0.10374,0.1046,0.10349,0.1037,62175371.0
1725969600,0.1037,0.10371,0.10153,0.10165,118780043.0
1725984000,0.10165,0.10351,0.10161,0.10303,80717711.0
1725998400,0.10303,0.10329,0.10251,0.1028,32431912.0
1726012800,0.1028,0.10305,0.10079,0.10106,64039387.0
1726027200,0.10106,0.10109,0.09913,0.10094,96588913.0
1726041600,0.10094,0.101,0.09963,0.10057,58326123.0
1726056000,0.10057,0.1015,0.09785,0.09997,145790862.0
1726070400,0.09997,0.10206,0.09988,0.10157,90907753.0
1726084800,0.10157,0.10209,0.101,0.10131,40494836.0
1726099200,0.10131,0.10288,0.10125,0.10229,75521586.0
1726113600,0.10229,0.10315,0.10195,0.10259,89027247.0
1726128000,0.10259,0.10274,0.10157,0.10196,44976736.0
1726142400,0.10196,0.10282,0.10044,0.10068,142036229.0
1726156800,0.10068,0.10262,0.10062,0.10247,52787617.0
1726171200,0.10247,0.10334,0.10175,0.10269,65378094.0
1726185600,0.10269,0.10286,0.10179,0.10189,54341278.0
1726200000,0.10189,0.10429,0.10183,0.10344,111219626.0
1726214400,0.10344,0.10667,0.1034,0.10445,221773544.0
1726228800,0.10445,0.10857,0.10378,0.10801,278201016.0
1726243200,0.10801,0.10807,0.10618,0.10652,137403717.0
1726257600,0.10652,0.10787,0.10642,0.10696,82392588.0
1726272000,0.10696,0.1077,0.10681,0.10712,57592235.0
1726286400,0.10712,0.10736,0.10626,0.10671,211453452.0
1726300800,0.10671,0.10685,0.10484,0.10525,82505482.0
1726315200,0.10525,0.10645,0.10502,0.10557,120273959.0
1726329600,0.10557,0.10578,0.1043,0.10504,87959816.0
1726344000,0.10504,0.10559,0.10489,0.1054,29052859.0
1726358400,0.1054,0.10637,0.10536,0.10569,80579511.0
1726372800,0.10569,0.10584,0.10501,0.10575,40733570.0
1726387200,0.10575,0.10582,0.10438,0.10479,57129112.0
1726401600,0.10479,0.10642,0.10462,0.1062,74789172.0
1726416000,0.1062,0.10636,0.10437,0.1053,93158236.0
1726430400,0.1053,0.10531,0.10212,0.10281,107875664.0
1726444800,0.10281,0.10324,0.09995,0.10151,143921795.0
1726459200,0.10151,0.10264,0.10113,0.1024,65687819.0
1726473600,0.1024,0.10299,0.10143,0.10163,59023897.0
1726488000,0.10163,0.10188,0.09903,0.0999,129255633.0
1726502400,0.0999,0.10005,0.09855,0.09922,93304459.0
1726516800,0.09922,0.1,0.09834,0.09964,52551197.0
1726531200,0.09964,0.1,0.0987,0.09982,37467474.0
1726545600,0.09982,0.10129,0.09977,0.10086,41410134.0
1726560000,0.10086,0.10134,0.10037,0.10059,52690456.0
1726574400,0.10059,0.10266,0.09958,0.10228,216914414.0
1726588800,0.10228,0.10249,0.10017,0.10075,96420544.0
1726603200,0.10075,0.10148,0.10048,0.10112,43818279.0
1726617600,0.10112,0.10154,0.09982,0.10111,61875706.0
1726632000,0.10111,0.10165,0.10035,0.10158,44944160.0
1726646400,0.10158,0.10177,0.09932,0.10023,68827898.0
1726660800,0.10023,0.1012,0.09961,0.10001,68797283.0
1726675200,0.10001,0.10344,0.09945,0.10106,218791919.0
1726689600,0.10106,0.10388,0.09989,0.10385,86572653.0
1726704000,0.10385,0.10557,0.10343,0.10406,158482752.0
1726718400,0.10406,0.10442,0.10356,0.10421,76320001.0
1726732800,0.10421,0.10486,0.10402,0.10444,94717349.0
1726747200,0.10444,0.10548,0.10423,0.105,125902681.0
1726761600,0.105,0.10713,0.10494,0.10581,148896412.0
1726776000,0.10581,0.10624,0.10455,0.10499,71797691.0
1726790400,0.10499,0.10615,0.1036,0.1061,104933689.0
1726804800,0.1061,0.10749,0.10587,0.10666,149581797.0
1726819200,0.10666,0.1072,0.10562,0.10594,104229771.0
1726833600,0.10594,0.10661,0.10397,0.1052,171651643.0
1726848000,0.1052,0.10546,0.10376,0.10465,64711862.0
1726862400,0.10465,0.10587,0.10459,0.10555,38703072.0
1726876800,0.10555,0.10561,0.10404,0.10489,69382478.0
1726891200,0.10489,0.10562,0.10428,0.10553,67202348.0
1726905600,0.10553,0.10654,0.1054,0.10621,65681000.0
1726920000,0.10621,0.10968,0.10591,0.1093,196275002.0
1726934400,0.1093,0.10948,0.10843,0.10861,68509797.0
1726948800,0.10861,0.11049,0.10843,0.10993,76858366.0
1726963200,0.10993,0.10998,0.10786,0.10805,76669011.0
1726977600,0.10805,0.10848,0.10756,0.10794,38087739.0
1726992000,0.10794,0.10814,0.10555,0.10661,98814696.0
1727006400,0.10661,0.10693,0.10533,0.10569,60538135.0
1727020800,0.10569,0.10696,0.10514,0.10643,55988095.0
1727035200,0.10643,0.10707,0.10378,0.10633,101903767.0
1727049600,0.10633,0.10919,0.1041,0.10819,149335345.0
1727064000,0.10819,0.10854,0.10653,0.10717,93635909.0
1727078400,0.10717,0.10762,0.10617,0.10665,126068887.0
1727092800,0.10665,0.1078,0.10598,0.10729,118429524.0
1727107200,0.10729,0.10779,0.10615,0.10701,57577957.0
1727121600,0.10701,0.1085,0.1063,0.10807,101390028.0
1727136000,0.10807,0.10886,0.10676,0.10826,147811688.0
1727150400,0.10826,0.1086,0.10708,0.10823,55796372.0
1727164800,0.10823,0.10944,0.10793,0.10917,110113676.0
1727179200,0.10917,0.11013,0.10687,0.10751,213779014.0
1727193600,0.10751,0.10999,0.10691,0.10989,125074105.0
1727208000,0.10989,0.11066,0.10866,0.10979,95217798.0
1727222400,0.10979,0.11115,0.10941,0.11061,121029947.0
1727236800,0.11061,0.11074,0.10819,0.10898,88346053.0
1727251200,0.10898,0.11048,0.10827,0.10981,105433517.0
1727265600,0.10981,0.11002,0.10848,0.10886,194103541.0
1727280000,0.10886,0.11064,0.10869,0.10965,111546361.0
1727294400,0.10965,0.11055,0.10801,0.10849,101782186.0
1727308800,0.10849,0.10908,0.10698,0.10906,90162606.0
1727323200,0.10906,0.11494,0.10851,0.11345,368586967.0
1727337600,0.11345,0.11527,0.11323,0.11367,261643941.0
1727352000,0.11367,0.11726,0.11335,0.11672,373367106.0
1727366400,0.11672,0.1207,0.11621,0.11758,323880979.0
1727380800,0.11758,0.11832,0.1154,0.11818,221646738.0
1727395200,0.11818,0.11949,0.11698,0.11867,181817106.0
1727409600,0.11867,0.12376,0.11852,0.12293,372234902.0
1727424000,0.12293,0.12599,0.12237,0.12265,314271036.0
1727438400,0.12265,0.12873,0.12224,0.12694,485141201.0
1727452800,0.12694,0.12779,0.12337,0.12424,205330520.0
1727467200,0.12424,0.12453,0.12306,0.12351,64388881.0
1727481600,0.12351,0.1268,0.12327,0.12622,157411960.0
1727496000,0.12622,0.12636,0.1215,0.12183,186539163.0
1727510400,0.12183,0.12544,0.1201,0.12488,321063595.0
1727524800,0.12488,0.1321,0.12241,0.13101,626501816.0
1727539200,0.13101,0.13173,0.12855,0.13013,256242050.0
1727553600,0.13013,0.13135,0.12726,0.12806,162123358.0
1727568000,0.12806,0.13044,0.127,0.12943,177371647.0
1727582400,0.12943,0.1297,0.12583,0.12592,177503224.0
1727596800,0.12592,0.12745,0.12558,0.127,123950337.0
1727611200,0.127,0.12727,0.12493,0.12607,204273424.0
1727625600,0.12607,0.1283,0.12495,0.12829,109680930.0
1727640000,0.12829,0.12893,0.12435,0.12438,126338844.0
1727654400,0.12438,0.12466,0.12065,0.1225,268532473.0
1727668800,0.1225,0.12359,0.12154,0.12292,105112548.0
1727683200,0.12292,0.12303,0.11913,0.12047,206152665.0
1727697600,0.12047,0.12115,0.11689,0.11711,207585779.0
1727712000,0.11711,0.11832,0.11663,0.11778,120685884.0
1727726400,0.11778,0.11898,0.11325,0.11421,183784406.0
1727740800,0.11421,0.1178,0.1134,0.11773,206462771.0
1727755200,0.11773,0.11907,0.11731,0.11861,83800325.0
1727769600,0.11861,0.11935,0.1178,0.11809,87717729.0
1727784000,0.11809,0.11854,0.10786,0.11068,543615478.0
1727798400,0.11068,0.11146,0.1026,0.10599,582817176.0
1727812800,0.10599,0.10782,0.10386,0.10685,275323909.0
1727827200,0.10685,0.10889,0.10636,0.10836,149995839.0
1727841600,0.10836,0.10951,0.10711,0.10848,108786511.0
1727856000,0.10848,0.109,0.10541,0.10628,150213689.0
1727870400,0.10628,0.10683,0.10358,0.10621,242410432.0
1727884800,0.10621,0.10771,0.10223,0.1043,265840293.0
1727899200,0.1043,0.10599,0.10355,0.10462,124237941.0
1727913600,0.10462,0.1068,0.10404,0.10611,132570306.0
1727928000,0.10611,0.10619,0.1045,0.10466,65980604.0
1727942400,0.10466,0.10518,0.10108,0.10396,200725960.0
1727956800,0.10396,0.10557,0.10132,0.10402,351649750.0
1727971200,0.10402,0.10526,0.10187,0.10501,178125160.0
1727985600,0.10501,0.1057,0.10372,0.10507,61105291.0
1728000000,0.10507,0.10697,0.10475,0.10639,108853439.0
1728014400,0.10639,0.10855,0.10637,0.10802,115854888.0
1728028800,0.10802,0.10885,0.10718,0.10854,102260013.0
1728043200,0.10854,0.11034,0.10658,0.10826,290447944.0
1728057600,0.10826,0.11059,0.1079,0.11042,131506057.0
1728072000,0.11042,0.11052,0.10874,0.10924,66046276.0
1728086400,0.10924,0.11025,0.10747,0.10789,86582548.0
1728100800,0.10789,0.10933,0.1076,0.10875,53922056.0
1728115200,0.10875,0.11002,0.10875,0.10915,50404380.0
1728129600,0.10915,0.10996,0.10854,0.10973,72224678.0
1728144000,0.10973,0.11024,0.1079,0.10809,86738919.0
1728158400,0.10809,0.10984,0.10763,0.1094,48591179.0
1728172800,0.1094,0.11008,0.10852,0.1086,51093221.0
1728187200,0.1086,0.10923,0.10839,0.10898,40217973.0
1728201600,0.10898,0.10968,0.10875,0.10932,38362511.0
1728216000,0.10932,0.11291,0.10915,0.11216,190943921.0
1728230400,0.11216,0.11279,0.1105,0.11066,85732720.0
1728244800,0.11066,0.11187,0.10966,0.11159,64398484.0
1728259200,0.11159,0.11547,0.11087,0.11393,216766474.0
1728273600,0.11393,0.11449,0.11335,0.11366,93990420.0
1728288000,0.11366,0.11456,0.11045,0.11149,243131669.0
1728302400,0.11149,0.11471,0.11086,0.11186,217496381.0
1728316800,0.11186,0.11305,0.10928,0.1109,177430475.0
1728331200,0.1109,0.11239,0.10823,0.10841,232531081.0
1728345600,0.10841,0.10986,0.10788,0.1093,123848498.0
1728360000,0.1093,0.10977,0.1063,0.10735,162715266.0
1728374400,0.10735,0.10803,0.107,0.10801,73050501.0
1728388800,0.10801,0.10847,0.10523,0.10647,196940296.0
1728403200,0.10647,0.10766,0.10592,0.10716,79436706.0
1728417600,0.10716,0.1081,0.10654,0.10709,44800421.0
1728432000,0.10709,0.10937,0.10696,0.10878,103441124.0
1728446400,0.10878,0.10968,0.1084,0.10892,62652250.0
1728460800,0.10892,0.11053,0.10841,0.11042,82251175.0
1728475200,0.11042,0.11153,0.10817,0.11061,305408618.0
1728489600,0.11061,0.11083,0.10831,0.10916,133327553.0
1728504000,0.10916,0.10916,0.10608,0.10794,104713581.0
1728518400,0.10794,0.10833,0.107,0.10791,77487488.0
1728532800,0.10791,0.10865,0.10725,0.10727,52122310.0
1728547200,0.10727,0.10755,0.10578,0.1073,116831499.0
1728561600,0.1073,0.10747,0.1044,0.10542,197315658.0
1728576000,0.10542,0.10592,0.10311,0.10454,179907496.0
1728590400,0.10454,0.10635,0.10429,0.10603,89736901.0
1728604800,0.10603,0.10823,0.10566,0.10754,73474206.0
1728619200,0.10754,0.10833,0.10726,0.10774,49592251.0
1728633600,0.10774,0.10889,0.10766,0.10855,50188840.0
1728648000,0.10855,0.11018,0.1081,0.10991,157015837.0
1728662400,0.10991,0.11144,0.10942,0.11106,148477980.0
1728676800,0.11106,0.1114,0.11061,0.11077,117219935.0
1728691200,0.11077,0.11158,0.10933,0.10968,90029870.0
1728705600,0.10968,0.11137,0.10968,0.1113,43122779.0
1728720000,0.1113,0.11219,0.11091,0.11135,81576495.0
1728734400,0.11135,0.1121,0.11067,0.11139,80909818.0
1728748800,0.11139,0.11209,0.11075,0.11122,90966598.0
1728763200,0.11122,0.11195,0.1112,0.11138,28900688.0
1728777600,0.11138,0.11211,0.11043,0.11092,68614785.0
1728792000,0.11092,0.11198,0.11092,0.11155,44983254.0
1728806400,0.11155,0.11208,0.11057,0.11063,97858465.0
1728820800,0.11063,0.11193,0.10864,0.10954,144347819.0
1728835200,0.10954,0.11092,0.10889,0.11008,66163281.0
1728849600,0.11008,0.1118,0.10972,0.1114,56810204.0
1728864000,0.1114,0.113,0.10931,0.11277,206209246.0
1728878400,0.11277,0.11359,0.11127,0.11247,249382785.0
1728892800,0.11247,0.11373,0.11187,0.11298,107900285.0
1728907200,0.11298,0.11675,0.11254,0.11565,267929498.0
1728921600,0.11565,0.11672,0.11421,0.11567,212935862.0
1728936000,0.11567,0.11771,0.11531,0.11669,208089692.0
1728950400,0.11669,0.11932,0.11623,0.11634,224869103.0
1728964800,0.11634,0.11735,0.11542,0.11584,125673777.0
1728979200,0.11584,0.11666,0.11251,0.11289,194988230.0
1728993600,0.11289,0.11836,0.11016,0.11292,584024025.0
1729008000,0.11292,0.1174,0.11278,0.1147,301083619.0
1729022400,0.1147,0.11784,0.11243,0.11748,204951471.0
1729036800,0.11748,0.11776,0.1158,0.11657,197164060.0
1729051200,0.11657,0.12028,0.1162,0.12017,388689597.0
1729065600,0.12017,0.12847,0.11977,0.12594,1097338291.0
1729080000,0.12594,0.12793,0.12355,0.12613,731933858.0
1729094400,0.12613,0.12826,0.12463,0.1274,329757121.0
1729108800,0.1274,0.12999,0.12525,0.12573,328525191.0
1729123200,0.12573,0.1267,0.12362,0.12513,233459167.0
1729137600,0.12513,0.12522,0.12138,0.12206,236391425.0
1729152000,0.12206,0.12355,0.12101,0.12164,215256425.0
1729166400,0.12164,0.12308,0.12048,0.1228,268249529.0
1729180800,0.1228,0.12418,0.1206,0.12408,281276751.0
1729195200,0.12408,0.131,0.12399,0.12967,687196971.0
1729209600,0.12967,0.13649,0.12952,0.13268,642032246.0
1729224000,0.13268,0.13584,0.13114,0.1347,449423645.0
1729238400,0.1347,0.13645,0.13322,0.13341,313677542.0
1729252800,0.13341,0.13836,0.13248,0.13766,422232040.0
1729267200,0.13766,0.14083,0.13605,0.13657,591499431.0
1729281600,0.13657,0.13873,0.13602,0.13716,155741480.0
1729296000,0.13716,0.147,0.13702,0.14417,622779422.0
1729310400,0.14417,0.14545,0.14278,0.14399,279571142.0
1729324800,0.14399,0.14662,0.14209,0.1422,346214301.0
1729339200,0.1422,0.14685,0.14207,0.14389,283034561.0
1729353600,0.14389,0.14456,0.13931,0.14006,324063330.0
1729368000,0.14006,0.14679,0.1399,0.14407,210091606.0
1729382400,0.14407,0.14573,0.14059,0.1414,222623909.0
1729396800,0.1414,0.14401,0.14071,0.14282,214283497.0
1729411200,0.14282,0.14374,0.14193,0.14274,148285450.0
1729425600,0.14274,0.1429,0.13721,0.13841,500892929.0
1729440000,0.13841,0.1427,0.13837,0.14033,217912967.0
1729454400,0.14033,0.14352,0.13965,0.14214,194970240.0
1729468800,0.14214,0.14698,0.14142,0.14538,407765175.0
1729483200,0.14538,0.14975,0.14421,0.14614,511076047.0
1729497600,0.14614,0.1471,0.14393,0.14434,331865205.0
1729512000,0.14434,0.14508,0.13869,0.14071,538655591.0
1729526400,0.14071,0.14413,0.13816,0.14357,297038181.0
1729540800,0.14357,0.14516,0.14265,0.14367,149356393.0
1729555200,0.14367,0.14849,0.14045,0.14476,402362422.0
1729569600,0.14476,0.14659,0.14375,0.14439,167359226.0
1729584000,0.14439,0.14448,0.14143,0.14189,260328404.0
1729598400,0.14189,0.14261,0.1382,0.13943,445989926.0
1729612800,0.13943,0.14074,0.1365,0.13964,290017760.0
1729627200,0.13964,0.14135,0.13927,0.1397,123910486.0
1729641600,0.1397,0.13993,0.13681,0.13818,167361886.0
1729656000,0.13818,0.14101,0.13751,0.13969,174847954.0
1729670400,0.13969,0.14042,0.136,0.137,256164701.0
1729684800,0.137,0.14094,0.13627,0.13939,314164923.0
1729699200,0.13939,0.14005,0.13312,0.13907,396253519.0
1729713600,0.13907,0.14024,0.13759,0.13997,138813419.0
1729728000,0.13997,0.14319,0.13909,0.13939,280373562.0
1729742400,0.13939,0.14108,0.138,0.13836,156719659.0
1729756800,0.13836,0.13923,0.1363,0.13896,155315081.0
1729771200,0.13896,0.1435,0.13871,0.1406,349479494.0
1729785600,0.1406,0.14284,0.13927,0.1424,133134771.0
1729800000,0.1424,0.14384,0.14115,0.14188,137181535.0
1729814400,0.14188,0.14277,0.13878,0.13986,150860976.0
1729828800,0.13986,0.14097,0.13749,0.13807,200240044.0
1729843200,0.13807,0.13971,0.13671,0.13912,204166098.0
1729857600,0.13912,0.1398,0.1357,0.13641,260433587.0
1729872000,0.13641,0.13713,0.13212,0.13552,337991752.0
1729886400,0.13552,0.13681,0.12779,0.13161,362912101.0
1729900800,0.13161,0.13423,0.13071,0.13368,234208308.0
1729915200,0.13368,0.13508,0.13322,0.1344,93022779.0
1729929600,0.1344,0.13554,0.13435,0.13509,63903428.0
1729944000,0.13509,0.1354,0.13209,0.13354,143997108.0
1729958400,0.13354,0.13822,0.13328,0.13628,157814034.0
1729972800,0.13628,0.13797,0.13615,0.13747,73489505.0
1729987200,0.13747,0.13872,0.13607,0.13816,101635160.0
1730001600,0.13816,0.13872,0.13766,0.13821,58641376.0
1730016000,0.13821,0.1386,0.13664,0.13734,109129042.0
1730030400,0.13734,0.14117,0.13734,0.14101,185977601.0
1730044800,0.14101,0.14426,0.14042,0.1413,398277814.0
1730059200,0.1413,0.14631,0.14061,0.14426,244941941.0
1730073600,0.14426,0.14636,0.14115,0.14321,344864036.0
1730088000,0.14321,0.14543,0.14188,0.14344,290957404.0
1730102400,0.14344,0.14699,0.14217,0.14565,275145560.0
1730116800,0.14565,0.15139,0.1451,0.14798,764046056.0
1730131200,0.14798,0.162,0.14788,0.15837,916357636.0
1730145600,0.15837,0.16261,0.15654,0.16146,632490575.0
1730160000,0.16146,0.1691,0.16054,0.16719,892189755.0
1730174400,0.16719,0.16753,0.16329,0.16475,478304994.0
1730188800,0.16475,0.16749,0.16355,0.16662,291763266.0
1730203200,0.16662,0.17317,0.16459,0.17279,619147976.0
1730217600,0.17279,0.1798,0.16917,0.16978,1077169284.0
1730232000,0.16978,0.17678,0.16824,0.17586,509414066.0
1730246400,0.17586,0.17789,0.17214,0.17494,460399536.0
1730260800,0.17494,0.17787,0.17198,0.17262,321607849.0
1730275200,0.17262,0.17379,0.1671,0.16813,391167812.0
1730289600,0.16813,0.17143,0.16468,0.16532,516978708.0
1730304000,0.16532,0.16888,0.16447,0.16744,236786931.0
1730318400,0.16744,0.17087,0.16639,0.16828,240474717.0
1730332800,0.16828,0.173,0.16727,0.1704,322988182.0
1730347200,0.1704,0.17303,0.17035,0.17207,170265793.0
1730361600,0.17207,0.17364,0.16877,0.17137,273432611.0
1730376000,0.17137,0.17217,0.16447,0.16607,521967323.0
1730390400,0.16607,0.16688,0.1589,0.15933,340657417.0
1730404800,0.15933,0.16285,0.15646,0.16164,375897947.0
1730419200,0.16164,0.16442,0.15687,0.15834,361801863.0
1730433600,0.15834,0.1605,0.15415,0.15603,339085185.0
1730448000,0.15603,0.16266,0.15573,0.16093,366309779.0
1730462400,0.16093,0.169,0.1582,0.15937,699385646.0
1730476800,0.15937,0.16371,0.15884,0.16033,320691555.0
1730491200,0.16033,0.16186,0.15654,0.15916,252494546.0
1730505600,0.15916,0.16372,0.15907,0.16136,333223130.0
1730520000,0.16136,0.16287,0.15937,0.16197,145194208.0
1730534400,0.16197,0.16241,0.15859,0.15944,172789481.0
1730548800,0.15944,0.1605,0.15546,0.157,344864112.0
1730563200,0.157,0.16029,0.1566,0.15961,160652275.0
1730577600,0.15961,0.16023,0.15757,0.15955,107971998.0
1730592000,0.15955,0.15993,0.148,0.15025,501964127.0
1730606400,0.15025,0.15277,0.14977,0.15185,187011757.0
1730620800,0.15185,0.1526,0.14775,0.14846,274439580.0
1730635200,0.14846,0.15022,0.14219,0.14583,579689218.0
1730649600,0.14583,0.14926,0.14389,0.14891,323837860.0
1730664000,0.14891,0.15414,0.14817,0.15139,335196644.0
1730678400,0.15139,0.15477,0.14817,0.15167,269565955.0
1730692800,0.15167,0.15289,0.14941,0.15079,175603458.0
1730707200,0.15079,0.15831,0.14956,0.15701,523157360.0
1730721600,0.15701,0.15989,0.15436,0.15822,533626497.0
1730736000,0.15822,0.16034,0.15445,0.15934,572098705.0
1730750400,0.15934,0.16025,0.15174,0.15822,476453896.0
1730764800,0.15822,0.16657,0.15796,0.1624,559248881.0
1730779200,0.1624,0.16989,0.16142,0.16773,571419693.0
1730793600,0.16773,0.17271,0.16581,0.17151,485851799.0
1730808000,0.17151,0.17956,0.1687,0.17468,985852645.0
1730822400,0.17468,0.1777,0.16565,0.16784,710826542.0
1730836800,0.16784,0.1735,0.1653,0.16999,572689015.0
1730851200,0.16999,0.21936,0.16901,0.21133,3259011474.0
1730865600,0.21133,0.21331,0.19586,0.19963,2719459225.0
1730880000,0.19963,0.20417,0.18642,0.20226,1773465773.0
1730894400,0.20226,0.2056,0.18925,0.19168,1318869107.0
1730908800,0.19168,0.19605,0.187,0.19492,876760211.0
1730923200,0.19492,0.19985,0.19324,0.19646,724544775.0
1730937600,0.19646,0.20435,0.19283,0.196,1072683654.0
1730952000,0.196,0.19668,0.18854,0.19157,642245594.0
1730966400,0.19157,0.1944,0.19008,0.19077,366113346.0
1730980800,0.19077,0.19464,0.18535,0.19423,673851545.0
1730995200,0.19423,0.19751,0.19041,0.19376,611144850.0
1731009600,0.19376,0.19539,0.19001,0.19324,338201113.0
1731024000,0.19324,0.1993,0.1908,0.1948,471411823.0
1731038400,0.1948,0.202,0.19403,0.19974,683980295.0
1731052800,0.19974,0.19994,0.1952,0.19661,362133443.0
1731067200,0.19661,0.20039,0.19312,0.19709,518656725.0
1731081600,0.19709,0.19839,0.19052,0.19714,519667217.0
1731096000,0.19714,0.20699,0.19517,0.20197,677799364.0
1731110400,0.20197,0.20449,0.19737,0.19942,391876861.0
1731124800,0.19942,0.21,0.19872,0.20925,608084939.0
1731139200,0.20925,0.21269,0.2071,0.20737,641523733.0
1731153600,0.20737,0.20831,0.20293,0.20549,499631045.0
1731168000,0.20549,0.2112,0.20101,0.20788,547549062.0
1731182400,0.20788,0.22,0.20767,0.2189,845628416.0
1731196800,0.2189,0.22955,0.21659,0.22843,1152206774.0
1731211200,0.22843,0.23275,0.22425,0.22668,982036142.0
1731225600,0.22668,0.24359,0.22642,0.24216,1023538462.0
1731240000,0.24216,0.24939,0.23777,0.24702,1422162352.0
1731254400,0.24702,0.29784,0.24454,0.27088,3639451268.0
1731268800,0.27088,0.28736,0.24772,0.27778,2168477728.0
1731283200,0.27778,0.30341,0.27533,0.29309,2148434763.0
1731297600,0.29309,0.29725,0.27244,0.28159,1459231027.0
1731312000,0.28159,0.2955,0.27575,0.29309,1209885939.0
1731326400,0.29309,0.31317,0.28259,0.30982,1897997936.0
1731340800,0.30982,0.32875,0.30907,0.31782,2357452051.0
1731355200,0.31782,0.3515,0.31744,0.35136,2144132796.1
1731369600,0.35136,0.36644,0.327,0.36362,2327877475.9
1731384000,0.36362,0.422,0.35943,0.41191,3283616995.9
1731398400,0.41191,0.43858,0.35,0.39573,4472622599.0
1731412800,0.39573,0.405,0.34006,0.37202,3830081273.0
1731427200,0.37202,0.397,0.34971,0.3822,1898656166.0
1731441600,0.3822,0.3988,0.36705,0.37985,1379925325.0
1731456000,0.37985,0.416,0.36784,0.37116,2502272734.0
1731470400,0.37116,0.38379,0.35121,0.3775,1652242257.0
1731484800,0.3775,0.3947,0.36915,0.38849,1433855831.0
1731499200,0.38849,0.4341,0.37903,0.41991,3352583911.0
1731513600,0.41991,0.42695,0.38094,0.38397,2270267031.0
1731528000,0.38397,0.40482,0.37091,0.39903,1263285459.0
1731542400,0.39903,0.40079,0.37932,0.38642,885682602.0
1731556800,0.38642,0.40186,0.38378,0.39776,745372679.0
1731571200,0.39776,0.40851,0.38825,0.39599,1129279530.0
1731585600,0.39599,0.41672,0.37915,0.38395,2082116226.0
1731600000,0.38395,0.40057,0.38035,0.39469,860632323.0
1731614400,0.39469,0.39469,0.35229,0.36254,1182601387.0
1731628800,0.36254,0.37662,0.36165,0.37104,1090484519.0
1731643200,0.37104,0.37226,0.35327,0.36586,959025317.0
1731657600,0.36586,0.3782,0.36141,0.37346,850914994.0
1731672000,0.37346,0.38163,0.35261,0.35683,1182807275.0
1731686400,0.35683,0.37366,0.35432,0.36973,988242251.0
1731700800,0.36973,0.385,0.36903,0.3815,930742484.0
1731715200,0.3815,0.38395,0.37206,0.37986,680797494.0
1731729600,0.37986,0.39148,0.37416,0.37877,797663180.0
1731744000,0.37877,0.38075,0.37187,0.37582,555374558.0
1731758400,0.37582,0.37745,0.36101,0.36567,743286183.0
1731772800,0.36567,0.37513,0.3631,0.37254,407450045.0
1731787200,0.37254,0.37333,0.35982,0.36421,354360341.0
1731801600,0.36421,0.36897,0.34,0.35128,1016812283.0
1731816000,0.35128,0.36,0.34725,0.35907,599544038.0
1731830400,0.35907,0.3758,0.3575,0.36024,708519235.0
1731844800,0.36024,0.37116,0.35723,0.36327,518036381.0
1731859200,0.36327,0.37038,0.355,0.35927,461343488.0
1731873600,0.35927,0.3678,0.3518,0.36704,476654813.0
1731888000,0.36704,0.37604,0.3609,0.37206,619139639.0
1731902400,0.37206,0.3808,0.36784,0.37514,651671094.0
1731916800,0.37514,0.37995,0.36117,0.3629,585177104.0
1731931200,0.3629,0.37968,0.3574,0.37776,796950638.0
1731945600,0.37776,0.3803,0.3624,0.36741,792046525.0
1731960000,0.36741,0.3801,0.36551,0.37113,565645836.0
1731974400,0.37113,0.37758,0.36601,0.37672,421505394.0
1731988800,0.37672,0.39571,0.37671,0.38836,1339049162.0
1732003200,0.38836,0.38999,0.37873,0.3828,583756741.0
1732017600,0.3828,0.406,0.38247,0.39467,1303440804.0
1732032000,0.39467,0.42,0.39314,0.40495,1351281586.0
1732046400,0.40495,0.40728,0.38,0.39067,1174995736.0
1732060800,0.39067,0.3912,0.376,0.38329,630955678.0
1732075200,0.38329,0.39241,0.38103,0.38991,433288962.0
1732089600,0.38991,0.39591,0.38382,0.38921,584124920.0
1732104000,0.38921,0.39668,0.38047,0.39268,780654298.0
1732118400,0.39268,0.39293,0.36464,0.37226,996491815.0
1732132800,0.37226,0.38162,0.37048,0.37778,312100849.0
1732147200,0.37778,0.38593,0.36883,0.37614,705459312.0
1732161600,0.37614,0.39033,0.37593,0.38511,781655082.0
1732176000,0.38511,0.38775,0.3789,0.38288,413390912.0
1732190400,0.38288,0.39564,0.37705,0.38035,1239258601.0
1732204800,0.38035,0.38871,0.37866,0.38457,459023581.0
1732219200,0.38457,0.3909,0.38183,0.38664,344129197.0
1732233600,0.38664,0.40227,0.3808,0.39383,980270575.0
1732248000,0.39383,0.401,0.39056,0.39132,618496399.0
1732262400,0.39132,0.39456,0.38481,0.39441,569661522.0
1732276800,0.39441,0.417,0.387,0.40343,1943132508.0
1732291200,0.40343,0.41528,0.3948,0.39986,1085189275.0
1732305600,0.39986,0.42043,0.39891,0.41277,871996709.0
1732320000,0.41277,0.43499,0.40404,0.43335,1314105304.0
1732334400,0.43335,0.48,0.43322,0.46125,2333725912.3
1732348800,0.46125,0.4795,0.45325,0.46936,1144781465.0
1732363200,0.46936,0.4753,0.45451,0.45483,1035614197.0
1732377600,0.45483,0.45816,0.414,0.42373,1842610255.0
1732392000,0.42373,0.44313,0.41401,0.43015,937865243.0
1732406400,0.43015,0.4536,0.42744,0.44178,822191622.0
1732420800,0.44178,0.44318,0.4301,0.43853,516147678.0
1732435200,0.43853,0.43929,0.4141,0.41481,751656756.0
1732449600,0.41481,0.422,0.39811,0.40175,1656656629.0
1732464000,0.40175,0.4233,0.39997,0.41779,631624503.0
1732478400,0.41779,0.43695,0.41636,0.43023,554452682.0
1732492800,0.43023,0.43067,0.41144,0.42312,434441218.0
1732507200,0.42312,0.42936,0.41975,0.42828,358148136.0
1732521600,0.42828,0.4377,0.42269,0.42508,623179860.0
1732536000,0.42508,0.42716,0.39602,0.41424,1034217712.0
1732550400,0.41424,0.42451,0.39841,0.40364,894971812.0
1732564800,0.40364,0.40848,0.38085,0.39264,804106811.0
1732579200,0.39264,0.40876,0.39033,0.4056,520168732.0
1732593600,0.4056,0.4088,0.39569,0.3979,353257236.0
1732608000,0.3979,0.39818,0.365,0.37705,1123033129.0
1732622400,0.37705,0.38974,0.36785,0.3793,981170884.0
1732636800,0.3793,0.39059,0.37021,0.3787,587909385.0
1732651200,0.3787,0.38887,0.37788,0.38705,368675626.0
1732665600,0.38705,0.39333,0.38025,0.38722,438924622.0
1732680000,0.38722,0.39956,0.38646,0.39757,464597322.0
1732694400,0.39757,0.398,0.38845,0.3905,501437909.0
1732708800,0.3905,0.40395,0.38525,0.40123,708370526.0
1732723200,0.40123,0.4053,0.39694,0.40333,470285501.0
1732737600,0.40333,0.40777,0.39966,0.40093,347235957.0
1732752000,0.40093,0.42877,0.39691,0.40913,913913595.0
1732766400,0.40913,0.41296,0.40077,0.40278,354212489.0
1732780800,0.40278,0.4069,0.3946,0.40176,446392110.0
1732795200,0.40176,0.40483,0.39111,0.39267,473048732.0
1732809600,0.39267,0.40064,0.39267,0.39887,260379288.0
1732824000,0.39887,0.40411,0.39605,0.4016,176990620.0
1732838400,0.4016,0.40823,0.39945,0.40692,279386189.0
1732852800,0.40692,0.40792,0.40014,0.40047,255312349.0
1732867200,0.40047,0.4158,0.40046,0.41344,437465238.0
1732881600,0.41344,0.42483,0.4094,0.4182,749457742.0
1732896000,0.4182,0.43433,0.41531,0.43431,813645863.0
1732910400,0.43431,0.43744,0.424,0.42636,553244851.0
1732924800,0.42636,0.42685,0.41378,0.42237,444901834.0
1732939200,0.42237,0.43399,0.42031,0.4314,539880452.0
1732953600,0.4314,0.43569,0.41864,0.42223,564521286.0
1732968000,0.42223,0.42568,0.41727,0.42277,300111187.0
1732982400,0.42277,0.42897,0.42151,0.42602,236459722.0
1732996800,0.42602,0.42988,0.42045,0.4216,207342731.0
1733011200,0.4216,0.437,0.41622,0.42479,756667839.0
1733025600,0.42479,0.432,0.42406,0.42712,345684109.0
1733040000,0.42712,0.431,0.42035,0.42475,301543499.0
1733054400,0.42475,0.42999,0.4213,0.42828,328281353.0
1733068800,0.42828,0.44353,0.42789,0.43168,901175952.0
1733083200,0.43168,0.44977,0.42574,0.44045,780727811.0
1733097600,0.44045,0.46357,0.43797,0.44189,1192490727.0
1733112000,0.44189,0.44517,0.4268,0.42855,829295945.0
1733126400,0.42855,0.42887,0.4003,0.40865,1292897408.0
1733140800,0.40865,0.4376,0.40714,0.43351,1033789063.0
1733155200,0.43351,0.43868,0.40733,0.42453,982050438.0
1733169600,0.42453,0.42727,0.41764,0.42457,330719044.0
1733184000,0.42457,0.42966,0.41477,0.4224,432861989.0
1733198400,0.4224,0.42912,0.41139,0.41664,543826612.0
1733212800,0.41664,0.42123,0.41079,0.41849,557160165.0
1733227200,0.41849,0.41855,0.388,0.40612,1752980904.0
1733241600,0.40612,0.41197,0.39966,0.40789,484861043.0
1733256000,0.40789,0.41713,0.40557,0.40632,526180697.0
1733270400,0.40632,0.4208,0.40632,0.41559,558580395.0
1733284800,0.41559,0.42278,0.41441,0.42069,387901283.0
1733299200,0.42069,0.42344,0.41577,0.41689,372426242.0
1733313600,0.41689,0.41825,0.40736,0.41307,581541228.0
1733328000,0.41307,0.41844,0.4,0.41619,630439919.0
1733342400,0.41619,0.43656,0.41435,0.43274,1188524961.0
1733356800,0.43274,0.45393,0.40675,0.43536,1812241366.0
1733371200,0.43536,0.4655,0.4311,0.43954,1509791438.0
1733385600,0.43954,0.4483,0.43464,0.44601,708891615.0
1733400000,0.44601,0.45727,0.43501,0.43901,998573103.0
1733414400,0.43901,0.44593,0.43093,0.43232,591288966.0
1733428800,0.43232,0.43652,0.41363,0.42682,807399469.0
1733443200,0.42682,0.43994,0.42152,0.437,498373103.0
1733457600,0.437,0.43876,0.43297,0.43647,333385472.0
1733472000,0.43647,0.4412,0.42303,0.42758,521031690.0
1733486400,0.42758,0.43693,0.41976,0.43236,748787332.0
1733500800,0.43236,0.44064,0.43126,0.43878,355176938.0
1733515200,0.43878,0.44147,0.43193,0.43467,279571222.0
1733529600,0.43467,0.4406,0.43182,0.43358,234715530.0
1733544000,0.43358,0.45399,0.43057,0.44778,751945646.0
1733558400,0.44778,0.45351,0.44171,0.44985,585911742.0
1733572800,0.44985,0.45542,0.44214,0.45271,556493449.0
1733587200,0.45271,0.46625,0.45093,0.46482,960940973.0
1733601600,0.46482,0.46499,0.45156,0.45281,392199936.0
1733616000,0.45281,0.46925,0.44943,0.46832,605177044.0
1733630400,0.46832,0.48434,0.46401,0.46491,954113799.4
1733644800,0.46491,0.46595,0.446,0.45964,707175486.0
1733659200,0.45964,0.46559,0.4541,0.461,488159723.0
1733673600,0.461,0.46849,0.45871,0.46472,449248925.0
1733688000,0.46472,0.46774,0.4591,0.46635,211785557.0
1733702400,0.46635,0.46739,0.44493,0.45161,524652253.0
1733716800,0.45161,0.4545,0.43793,0.44595,631898229.0
1733731200,0.44595,0.4463,0.42686,0.42939,921162977.0
1733745600,0.42939,0.44855,0.42526,0.43384,956685690.0
1733760000,0.43384,0.44049,0.43182,0.43262,363136489.0
1733774400,0.43262,0.43351,0.38,0.41403,2186558164.0
1733788800,0.41403,0.42302,0.3867,0.4006,1125139230.0
1733803200,0.4006,0.41361,0.39036,0.40913,630494416.0
1733817600,0.40913,0.41582,0.40454,0.40949,420083752.0
1733832000,0.40949,0.41077,0.3711,0.37282,1275512877.0
1733846400,0.37282,0.38825,0.36537,0.38501,1359210605.0
1733860800,0.38501,0.39926,0.3836,0.39392,506739621.0
1733875200,0.39392,0.39853,0.3751,0.3904,675587591.0
1733889600,0.3904,0.39487,0.3863,0.38677,320669158.0
1733904000,0.38677,0.40524,0.38629,0.4021,540964866.0
1733918400,0.4021,0.41909,0.40046,0.41297,722616695.0
1733932800,0.41297,0.41868,0.40502,0.41512,545676981.0
1733947200,0.41512,0.41887,0.4132,0.41402,176791749.0
1733961600,0.41402,0.42208,0.40691,0.41568,492837790.0
1733976000,0.41568,0.42495,0.41305,0.41382,426439943.0
1733990400,0.41382,0.41859,0.40797,0.41063,383887558.0
1734004800,0.41063,0.4187,0.40776,0.41502,591381834.0
1734019200,0.41502,0.41829,0.40116,0.40181,405514244.0
1734033600,0.40181,0.40975,0.40155,0.40611,244691375.0
1734048000,0.40611,0.40983,0.39906,0.40775,318807740.0
1734062400,0.40775,0.409,0.39948,0.40443,198100619.0
1734076800,0.40443,0.40769,0.40052,0.40341,185471003.0
1734091200,0.40341,0.41228,0.40168,0.40296,376169237.0
1734105600,0.40296,0.40991,0.4001,0.40377,332416357.0
1734120000,0.40377,0.40936,0.40225,0.40901,149252892.0
1734134400,0.40901,0.414,0.40582,0.40991,193968581.0
1734148800,0.40991,0.412,0.40817,0.40929,115085322.0
1734163200,0.40929,0.41095,0.40438,0.40591,140556399.0
1734177600,0.40591,0.40654,0.39349,0.39711,379997449.0
1734192000,0.39711,0.39711,0.38734,0.39238,330813688.0
1734206400,0.39238,0.4001,0.38771,0.39828,246020710.0
1734220800,0.39828,0.40031,0.39428,0.39688,181179604.0
1734235200,0.39688,0.40241,0.3924,0.39597,170443553.0
1734249600,0.39597,0.401,0.39415,0.40054,177004114.0
1734264000,0.40054,0.40484,0.39935,0.40293,178372456.0
1734278400,0.40293,0.40535,0.40177,0.4025,114759579.0
1734292800,0.4025,0.41131,0.39714,0.40659,271441496.0
1734307200,0.40659,0.415,0.40293,0.405,322664580.0
1734321600,0.405,0.40702,0.40324,0.40433,163038397.0
1734336000,0.40433,0.405,0.39239,0.39345,247924796.0
1734350400,0.39345,0.40175,0.39253,0.40022,294786246.0
1734364800,0.40022,0.41392,0.40001,0.4061,466363218.0
1734379200,0.4061,0.40647,0.4001,0.40195,142231685.0
1734393600,0.40195,0.4037,0.39552,0.40322,194634684.0
1734408000,0.40322,0.40337,0.39571,0.39781,207718304.0
1734422400,0.39781,0.40737,0.39772,0.4042,227220178.0
1734436800,0.4042,0.41032,0.3957,0.39866,455156778.0
1734451200,0.39866,0.40378,0.39617,0.39934,189180685.0
1734465600,0.39934,0.40192,0.39104,0.39415,212903451.0
1734480000,0.39415,0.39639,0.3882,0.38981,275582904.0
1734494400,0.38981,0.38996,0.37777,0.38391,526053677.0
1734508800,0.38391,0.39012,0.38224,0.38963,192313555.0
1734523200,0.38963,0.39032,0.37982,0.38429,321130623.0
1734537600,0.38429,0.39016,0.37425,0.37431,296628816.0
1734552000,0.37431,0.3766,0.35105,0.35824,1166867902.0
1734566400,0.35824,0.36452,0.34036,0.36409,828702120.0
1734580800,0.36409,0.36476,0.35995,0.36298,221947087.0
1734595200,0.36298,0.36734,0.35758,0.36622,253277879.0
1734609600,0.36622,0.36723,0.34336,0.35193,528849507.0
1734624000,0.35193,0.35337,0.30175,0.31309,2626506756.0
1734638400,0.31309,0.32384,0.30001,0.31431,1085266169.0
1734652800,0.31431,0.32907,0.30956,0.32186,677207237.0
1734667200,0.32186,0.32477,0.31107,0.31685,470418978.0
1734681600,0.31685,0.317,0.26216,0.26639,2656332676.0
1734696000,0.26639,0.309,0.26509,0.3048,1789519329.0
1734710400,0.3048,0.31986,0.30247,0.31743,736646148.0
1734724800,0.31743,0.3212,0.30547,0.31793,568919615.0
1734739200,0.31793,0.33226,0.3149,0.32614,562560992.0
1734753600,0.32614,0.35,0.3253,0.3463,822807727.0
1734768000,0.3463,0.34808,0.3321,0.33672,612001838.0
1734782400,0.33672,0.33682,0.31395,0.32699,910314033.0
1734796800,0.32699,0.32952,0.315,0.32192,519807440.0
1734811200,0.32192,0.32568,0.31597,0.32042,319917628.0
1734825600,0.32042,0.32368,0.31206,0.31796,362017525.0
1734840000,0.31796,0.31881,0.30552,0.313,403085997.0
1734854400,0.313,0.3246,0.31277,0.32137,323577223.0
1734868800,0.32137,0.32391,0.30916,0.3129,434924324.0
1734883200,0.3129,0.32164,0.3086,0.30982,312720144.0
1734897600,0.30982,0.31643,0.3051,0.31262,355391374.0
1734912000,0.31262,0.32154,0.3028,0.32061,519181159.0
1734926400,0.32061,0.32246,0.30888,0.31259,329317956.0
1734940800,0.31259,0.31898,0.31075,0.31461,205271171.0
1734955200,0.31461,0.31766,0.30357,0.30531,368265981.0
1734969600,0.30531,0.31846,0.30479,0.31615,357769355.0
1734984000,0.31615,0.32882,0.315,0.32497,350528293.0
1734998400,0.32497,0.32497,0.3162,0.32185,232711273.0
1735012800,0.32185,0.32449,0.31864,0.32165,145964146.0
1735027200,0.32165,0.32314,0.31764,0.3217,151180000.0
1735041600,0.3217,0.34053,0.31925,0.33651,464878119.0
1735056000,0.33651,0.33906,0.33179,0.33188,289178707.0
1735070400,0.33188,0.33855,0.32772,0.3371,184542691.0
1735084800,0.3371,0.34,0.3315,0.33261,227195899.0
1735099200,0.33261,0.33558,0.3306,0.33152,131709672.0
1735113600,0.33152,0.34221,0.33,0.33075,287432279.0
1735128000,0.33075,0.33409,0.32835,0.33064,199795557.0
1735142400,0.33064,0.33352,0.32549,0.33284,199606927.0
1735156800,0.33284,0.33529,0.329,0.33433,130402143.0
1735171200,0.33433,0.338,0.32841,0.32874,164418351.0
1735185600,0.32874,0.32874,0.32151,0.32366,183286778.0
1735200000,0.32366,0.32451,0.31398,0.31769,298074977.0
1735214400,0.31769,0.31867,0.31248,0.31449,185606158.0
1735228800,0.31449,0.31743,0.31014,0.31418,165985204.0
1735243200,0.31418,0.31513,0.30837,0.31274,145679612.0
1735257600,0.31274,0.31695,0.31011,0.31539,140823758.0
1735272000,0.31539,0.31753,0.30873,0.31162,145591446.0
1735286400,0.31162,0.32488,0.31162,0.32177,263911268.0
1735300800,0.32177,0.32214,0.30914,0.31201,273720631.0
1735315200,0.31201,0.31574,0.30998,0.3154,113433305.0
1735329600,0.3154,0.3156,0.30988,0.31186,73195592.0
1735344000,0.31186,0.31545,0.31133,0.31485,105304326.0
1735358400,0.31485,0.31796,0.31347,0.31496,74003652.0
1735372800,0.31496,0.31851,0.31487,0.31763,91070329.0
1735387200,0.31763,0.32199,0.31634,0.31874,172498081.0
1735401600,0.31874,0.32452,0.3187,0.32247,106429749.0
1735416000,0.32247,0.32758,0.3217,0.32439,76961321.0
1735430400,0.32439,0.32646,0.32107,0.32561,103464874.0
1735444800,0.32561,0.3297,0.32325,0.32941,95618358.0
1735459200,0.32941,0.32961,0.32542,0.32563,101443096.0
1735473600,0.32563,0.32656,0.31942,0.31981,202621197.0
1735488000,0.31981,0.32016,0.31412,0.31622,175948793.0
1735502400,0.31622,0.31726,0.31192,0.31435,159732002.0
1735516800,0.31435,0.32302,0.31316,0.3195,269860098.0
1735531200,0.3195,0.32214,0.31554,0.32038,152702659.0
1735545600,0.32038,0.32292,0.31833,0.32091,126407398.0
1735560000,0.32091,0.32326,0.30666,0.31095,337396238.0
1735574400,0.31095,0.32073,0.3073,0.31994,198345131.0
1735588800,0.31994,0.32271,0.31023,0.31396,157580906.0
1735603200,0.31396,0.3152,0.31025,0.31153,108717407.0
1735617600,0.31153,0.3137,0.3093,0.31222,120447202.0
1735632000,0.31222,0.32157,0.31213,0.31983,215576142.0
1735646400,0.31983,0.3291,0.31953,0.32761,286267026.0
1735660800,0.32761,0.32806,0.31518,0.31824,189329644.0
1735675200,0.31824,0.31905,0.31517,0.316,103846746.0
1735689600,0.316,0.3215,0.3156,0.31893,103788753.0
1735704000,0.31893,0.31918,0.31616,0.31682,74962086.0
1735718400,0.31682,0.31739,0.31195,0.31623,122707460.0
1735732800,0.31623,0.32076,0.316,0.32041,134354937.0
1735747200,0.32041,0.32595,0.31715,0.32494,128824938.0
1735761600,0.32494,0.32749,0.32408,0.32513,140798980.0
1735776000,0.32513,0.33888,0.3246,0.33143,395328299.0
1735790400,0.33143,0.33569,0.32937,0.33436,204823756.0
1735804800,0.33436,0.345,0.33354,0.3422,391016632.0
1735819200,0.3422,0.3442,0.33551,0.33695,328206975.0
1735833600,0.33695,0.34047,0.33379,0.3388,158540281.0
1735848000,0.3388,0.3404,0.33476,0.33893,86758390.0
1735862400,0.33893,0.34288,0.33599,0.34183,118896352.0
1735876800,0.34183,0.34208,0.33599,0.33684,135033596.0
1735891200,0.33684,0.34968,0.33599,0.34885,219417352.0
1735905600,0.34885,0.36913,0.34793,0.36618,815526600.0
1735920000,0.36618,0.3829,0.36458,0.37951,526045959.0
1735934400,0.37951,0.38944,0.37439,0.37989,337204354.0
1735948800,0.37989,0.395,0.37716,0.39213,466887975.0
1735963200,0.39213,0.39516,0.38443,0.38796,426996969.0
1735977600,0.38796,0.39178,0.383,0.39167,200671296.0
1735992000,0.39167,0.39488,0.37642,0.37938,336404699.0
1736006400,0.37938,0.38522,0.37896,0.38405,155515517.0
1736020800,0.38405,0.39876,0.38331,0.39483,271300811.0
1736035200,0.39483,0.39788,0.38783,0.38873,194096525.0
1736049600,0.38873,0.39216,0.388,0.38977,124517874.0
1736064000,0.38977,0.38981,0.38119,0.38226,231979583.0
1736078400,0.38226,0.38555,0.37516,0.38364,281229015.0
1736092800,0.38364,0.385,0.37801,0.38212,108161894.0
1736107200,0.38212,0.38506,0.38059,0.3823,118064659.0
1736121600,0.3823,0.38966,0.376,0.38595,218360515.0
1736136000,0.38595,0.38872,0.37973,0.38321,171119575.0
1736150400,0.38321,0.38846,0.38128,0.38677,160388229.0
1736164800,0.38677,0.3932,0.38196,0.38959,281826583.0
1736179200,0.38959,0.39555,0.38413,0.389,212816958.0
1736193600,0.389,0.3908,0.38525,0.38782,77321416.0
1736208000,0.38782,0.39831,0.38596,0.39181,244148534.0
1736222400,0.39181,0.39349,0.38906,0.39168,124311828.0
1736236800,0.39168,0.3972,0.38222,0.38512,305701464.0
1736251200,0.38512,0.38808,0.35684,0.36398,835651989.0
1736265600,0.36398,0.36938,0.3507,0.35397,597683246.0
1736280000,0.35397,0.35576,0.34713,0.348,431914710.0
1736294400,0.348,0.35478,0.34512,0.35441,326057372.0
1736308800,0.35441,0.35558,0.33899,0.34442,391659760.0
1736323200,0.34442,0.35232,0.34414,0.34671,229740080.0
1736337600,0.34671,0.35355,0.34164,0.3464,313970337.0
1736352000,0.3464,0.34645,0.32444,0.33565,691326818.0
1736366400,0.33565,0.34499,0.33311,0.3423,173971832.0
1736380800,0.3423,0.34686,0.33722,0.33823,190722029.0
1736395200,0.33823,0.3407,0.33032,0.33176,181665984.0
1736409600,0.33176,0.33557,0.32575,0.33019,280757418.0
1736424000,0.33019,0.33579,0.31755,0.33311,604278382.0
1736438400,0.33311,0.3352,0.31572,0.31683,367113422.0
1736452800,0.31683,0.32361,0.3143,0.321,236188883.0
1736467200,0.321,0.32839,0.32091,0.32768,146997649.0
1736481600,0.32768,0.33952,0.32556,0.33559,240807811.0
1736496000,0.33559,0.33839,0.33444,0.33614,169778424.0
1736510400,0.33614,0.33669,0.32177,0.32839,568657236.0
1736524800,0.32839,0.33983,0.32421,0.33519,275036542.0
1736539200,0.33519,0.33558,0.33146,0.33388,87360512.0
1736553600,0.33388,0.3352,0.33091,0.33204,68781025.0
1736568000,0.33204,0.33423,0.32956,0.33185,67474767.0
1736582400,0.33185,0.33968,0.33047,0.33776,117547293.0
1736596800,0.33776,0.3385,0.33394,0.33479,79987719.0
1736611200,0.33479,0.33864,0.33283,0.33842,83890874.0
1736625600,0.33842,0.34817,0.33755,0.3412,187039173.0
1736640000,0.3412,0.34152,0.33753,0.34082,104085727.0
1736654400,0.34082,0.34355,0.338,0.34007,114253139.0
1736668800,0.34007,0.34064,0.3342,0.33619,104561245.0
1736683200,0.33619,0.34245,0.33516,0.34045,154762432.0
1736697600,0.34045,0.34199,0.33805,0.33962,78756438.0
1736712000,0.33962,0.34075,0.33168,0.33591,92146578.0
1736726400,0.33591,0.34628,0.33061,0.33216,216768810.0
1736740800,0.33216,0.33592,0.3255,0.32843,169459631.0
1736755200,0.32843,0.32866,0.31502,0.31529,412939796.0
1736769600,0.31529,0.32799,0.30969,0.32463,578818776.0
1736784000,0.32463,0.32857,0.3186,0.3253,207086413.0
1736798400,0.3253,0.33905,0.324,0.33807,197507064.0
1736812800,0.33807,0.34542,0.33585,0.34367,355598290.0
1736827200,0.34367,0.34628,0.34143,0.34275,196071880.0
1736841600,0.34275,0.35565,0.34274,0.34897,367774923.0
1736856000,0.34897,0.35455,0.345,0.35299,300652612.0
1736870400,0.35299,0.3622,0.34872,0.35445,275693428.0
1736884800,0.35445,0.35949,0.3518,0.35591,133490917.0
1736899200,0.35591,0.36416,0.35443,0.36316,270969698.0
1736913600,0.36316,0.36536,0.35833,0.361,190262681.0
1736928000,0.361,0.36272,0.34884,0.35201,281251099.0
1736942400,0.35201,0.37808,0.3483,0.37108,749867890.0
1736956800,0.37108,0.37781,0.36818,0.37714,219072936.0
1736971200,0.37714,0.38777,0.37447,0.38537,292797523.0
1736985600,0.38537,0.38777,0.37336,0.37582,326513851.0
1737000000,0.37582,0.38078,0.37528,0.37974,127428188.0
1737014400,0.37974,0.38038,0.36761,0.37762,336079391.0
1737028800,0.37762,0.38678,0.36818,0.38154,697834879.0
1737043200,0.38154,0.39021,0.38099,0.38643,308550395.0
1737057600,0.38643,0.38744,0.37425,0.37649,201953489.0
1737072000,0.37649,0.38952,0.37549,0.38549,247565831.0
1737086400,0.38549,0.39578,0.38373,0.39555,265529185.0
1737100800,0.39555,0.41929,0.39545,0.41137,990699091.0
1737115200,0.41137,0.4156,0.4035,0.41308,521463262.0
1737129600,0.41308,0.42215,0.40865,0.41638,453874104.0
1737144000,0.41638,0.4186,0.4099,0.41525,259360596.0
1737158400,0.41525,0.43408,0.40497,0.41144,814250311.0
1737172800,0.41144,0.41341,0.38355,0.39514,893604273.0
1737187200,0.39514,0.40242,0.38857,0.39986,516740549.0
1737201600,0.39986,0.40474,0.39385,0.39757,422813309.0
1737216000,0.39757,0.40065,0.3865,0.39679,567218690.0
1737230400,0.39679,0.39877,0.39019,0.39641,206554035.0
1737244800,0.39641,0.40998,0.39616,0.40009,327604457.0
1737259200,0.40009,0.40184,0.38816,0.39244,563978465.0
1737273600,0.39244,0.39303,0.35883,0.36289,1355972902.0
1737288000,0.36289,0.39585,0.36265,0.38809,854601875.0
1737302400,0.38809,0.3985,0.38545,0.39632,306780221.0
1737316800,0.39632,0.39969,0.34684,0.3584,1434969516.0
1737331200,0.3584,0.36666,0.34486,0.36426,918275417.0
1737345600,0.36426,0.38663,0.35957,0.37622,770859690.0
1737360000,0.37622,0.38419,0.3749,0.38261,360070161.0
1737374400,0.38261,0.38298,0.36402,0.36762,536876265.0
1737388800,0.36762,0.385,0.345,0.35987,1134426002.0
1737403200,0.35987,0.36537,0.34798,0.35456,287909373.0
1737417600,0.35456,0.35669,0.33863,0.34756,505528861.0
1737432000,0.34756,0.34759,0.33572,0.34245,367410196.0
1737446400,0.34245,0.40382,0.33892,0.38474,1733904686.0
1737460800,0.38474,0.39455,0.365,0.37971,1272695442.0
1737475200,0.37971,0.38666,0.37768,0.38443,428582180.0
1737489600,0.38443,0.38538,0.3682,0.37177,319842770.0
1737504000,0.37177,0.3738,0.36679,0.37155,187778378.0
1737518400,0.37155,0.37335,0.36336,0.36487,205388255.0
1737532800,0.36487,0.36789,0.35874,0.36672,250863385.0
1737547200,0.36672,0.36816,0.35823,0.36037,261229396.0
1737561600,0.36037,0.36416,0.35506,0.36038,205926442.0
1737576000,0.36038,0.37355,0.35709,0.36291,319770601.0
1737590400,0.36291,0.36457,0.35099,0.35189,211070219.0
1737604800,0.35189,0.35567,0.34826,0.354,153523051.0
1737619200,0.354,0.354,0.3465,0.34859,145733417.0
1737633600,0.34859,0.35751,0.34425,0.35411,346476348.0
1737648000,0.35411,0.36,0.34476,0.34628,221023402.0
1737662400,0.34628,0.35874,0.34143,0.35206,310895220.0
1737676800,0.35206,0.35322,0.34278,0.3477,168289181.0
1737691200,0.3477,0.35878,0.34632,0.35757,188789007.0
1737705600,0.35757,0.36471,0.35711,0.36278,165816879.0
1737720000,0.36278,0.36362,0.35756,0.35992,173146426.0
1737734400,0.35992,0.36132,0.35687,0.35741,112494955.0
1737748800,0.35741,0.35837,0.34882,0.35085,99921149.0
1737763200,0.35085,0.35406,0.34547,0.35351,142990287.0
1737777600,0.35351,0.35353,0.34804,0.34854,57300678.0
1737792000,0.34854,0.351,0.34543,0.35046,76687276.0
1737806400,0.35046,0.36165,0.34866,0.35623,235099274.0
1737820800,0.35623,0.35873,0.3521,0.35639,105316847.0
1737835200,0.35639,0.35994,0.35329,0.35352,79586244.0
1737849600,0.35352,0.35634,0.35174,0.35473,64428224.0
1737864000,0.35473,0.35743,0.35327,0.35468,51300607.0
1737878400,0.35468,0.35542,0.3489,0.35181,81482789.0
1737892800,0.35181,0.35274,0.35016,0.35106,55409559.0
1737907200,0.35106,0.35412,0.34989,0.35305,47645070.0
1737921600,0.35305,0.35367,0.335,0.33605,243410521.0
1737936000,0.33605,0.33714,0.32485,0.32997,497671785.0
1737950400,0.32997,0.32997,0.3051,0.31517,755845361.0
1737964800,0.31517,0.31742,0.308,0.31197,405056347.0
1737979200,0.31197,0.32879,0.31044,0.32642,431746337.0
1737993600,0.32642,0.32997,0.31727,0.32169,222437186.0
1738008000,0.32169,0.33553,0.32169,0.33397,155249501.0
1738022400,0.33397,0.3378,0.32931,0.33482,157346283.0
1738036800,0.33482,0.33914,0.33316,0.33433,116369962.0
1738051200,0.33433,0.33628,0.33212,0.33353,102338268.0
1738065600,0.33353,0.33729,0.32827,0.33322,215780608.0
1738080000,0.33322,0.33355,0.3227,0.32613,145727966.0
1738094400,0.32613,0.32706,0.315,0.31871,197497313.0
1738108800,0.31871,0.32939,0.31822,0.32781,105190686.0
1738123200,0.32781,0.33274,0.32604,0.33234,86525592.0
1738137600,0.33234,0.33375,0.32515,0.32767,107527643.0
1738152000,0.32767,0.329,0.32205,0.32427,113812035.0
1738166400,0.32427,0.333,0.3167,0.32836,295088652.0
1738180800,0.32836,0.33488,0.32332,0.32404,219151046.0
1738195200,0.32404,0.3334,0.32201,0.33307,109511304.0
1738209600,0.33307,0.33372,0.32976,0.33108,75736615.0
1738224000,0.33108,0.33342,0.32934,0.33231,69495970.0
1738238400,0.33231,0.33881,0.32989,0.33646,185333754.0
1738252800,0.33646,0.33721,0.33214,0.33484,91078116.0
1738267200,0.33484,0.33517,0.33047,0.33153,81253009.0
1738281600,0.33153,0.33262,0.326,0.32799,76587038.0
1738296000,0.32799,0.33076,0.32564,0.3282,71923116.0
1738310400,0.3282,0.33211,0.32608,0.3313,83352141.0
1738324800,0.3313,0.34177,0.33055,0.33952,303206821.0
1738339200,0.33952,0.341,0.32444,0.32783,216014329.0
1738353600,0.32783,0.33044,0.32346,0.3289,89171482.0
1738368000,0.3289,0.33227,0.3267,0.32759,72610129.0
1738382400,0.32759,0.32991,0.32531,0.32562,51936068.0
1738396800,0.32562,0.32634,0.32024,0.32544,133006870.0
1738411200,0.32544,0.32627,0.32,0.32204,93543756.0
1738425600,0.32204,0.32342,0.31325,0.31517,141142970.0
1738440000,0.31517,0.31575,0.30328,0.30792,412742006.0
1738454400,0.30792,0.31487,0.29724,0.29872,284534069.0
1738468800,0.29872,0.30636,0.29708,0.30014,335594680.0
1738483200,0.30014,0.30482,0.28848,0.2914,370227993.0
1738497600,0.2914,0.2992,0.29017,0.29469,269478328.0
1738512000,0.29469,0.29483,0.26297,0.27452,1579145044.0
1738526400,0.27452,0.27897,0.25001,0.26808,851240576.0
1738540800,0.26808,0.26842,0.20178,0.23395,2850668591.0
1738555200,0.23395,0.25669,0.22218,0.25596,1134313794.0
1738569600,0.25596,0.26182,0.2452,0.25405,667612520.0
1738584000,0.25405,0.27209,0.24045,0.26841,1280471520.0
1738598400,0.26841,0.28823,0.26599,0.28669,728764792.0
1738612800,0.28669,0.29295,0.27456,0.28485,522485481.0
1738627200,0.28485,0.289,0.27866,0.28133,297012410.0
1738641600,0.28133,0.28316,0.25601,0.25978,948496995.0
1738656000,0.25978,0.27271,0.25766,0.26771,350551775.0
1738670400,0.26771,0.276,0.26222,0.26878,551450960.0
1738684800,0.26878,0.2765,0.2654,0.26543,260148254.0
1738699200,0.26543,0.26789,0.25525,0.26345,440372680.0
1738713600,0.26345,0.26696,0.26076,0.26402,161494891.0
1738728000,0.26402,0.26832,0.26233,0.26547,105702168.0
1738742400,0.26547,0.26821,0.2634,0.26795,121485154.0
1738756800,0.26795,0.26914,0.26094,0.26326,200307088.0
1738771200,0.26326,0.2639,0.2536,0.25941,248002405.0
1738785600,0.25941,0.26061,0.25333,0.25619,128559152.0
1738800000,0.25619,0.26042,0.25492,0.25996,101407846.0
1738814400,0.25996,0.26596,0.25945,0.26317,117772838.0
1738828800,0.26317,0.26514,0.25975,0.26267,109000912.0
1738843200,0.26267,0.2633,0.2474,0.24925,364748700.0
1738857600,0.24925,0.25175,0.24274,0.24388,321550142.0
1738872000,0.24388,0.25083,0.24334,0.24789,165907233.0
1738886400,0.24789,0.2543,0.24746,0.25164,118664475.0
1738900800,0.25164,0.25337,0.246,0.24883,166597121.0
1738915200,0.24883,0.25555,0.24764,0.25555,189662261.0
1738929600,0.25555,0.26178,0.25121,0.25453,439911388.0
1738944000,0.25453,0.25532,0.24861,0.25097,164216637.0
1738958400,0.25097,0.25117,0.23866,0.24651,229795452.0
1738972800,0.24651,0.24999,0.24571,0.24674,162161968.0
1738987200,0.24674,0.2492,0.24447,0.24806,115433250.0
1739001600,0.24806,0.24887,0.24609,0.24823,59964497.0
1739016000,0.24823,0.25155,0.24673,0.24862,122419984.0
1739030400,0.24862,0.25409,0.24749,0.25246,112392177.0
1739044800,0.25246,0.25417,0.25061,0.25288,47451787.0
1739059200,0.25288,0.26,0.25196,0.25925,120055355.0
1739073600,0.25925,0.25925,0.25484,0.25592,95396023.0
1739088000,0.25592,0.2581,0.25388,0.25399,110667581.0
1739102400,0.25399,0.25529,0.24866,0.25326,160892458.0
1739116800,0.25326,0.25479,0.24865,0.24957,79802040.0
1739131200,0.24957,0.25266,0.23975,0.2489,247731179.0
1739145600,0.2489,0.25355,0.24158,0.24803,219975098.0
1739160000,0.24803,0.25265,0.24703,0.25082,107928277.0
1739174400,0.25082,0.25349,0.24971,0.25135,108747728.0
1739188800,0.25135,0.25545,0.24871,0.25141,162244676.0
1739203200,0.25141,0.25538,0.25114,0.25336,98168095.0
1739217600,0.25336,0.25647,0.25242,0.25542,69624376.0
1739232000,0.25542,0.26065,0.25504,0.25789,148361873.0
1739246400,0.25789,0.27034,0.25752,0.26646,259129828.0
1739260800,0.26646,0.26839,0.26373,0.2652,147110666.0
1739275200,0.2652,0.26544,0.2553,0.25914,207437127.0
1739289600,0.25914,0.26045,0.24839,0.25052,174467385.0
1739304000,0.25052,0.25645,0.25002,0.25305,142120885.0
1739318400,0.25305,0.25495,0.24962,0.25079,93047365.0
1739332800,0.25079,0.25439,0.24953,0.2535,85158084.0
1739347200,0.2535,0.25712,0.25291,0.25606,70091046.0
1739361600,0.25606,0.26035,0.24661,0.25443,485607119.0
1739376000,0.25443,0.26243,0.25062,0.26169,251003957.0
1739390400,0.26169,0.26734,0.26063,0.26418,250524640.0
1739404800,0.26418,0.26718,0.2622,0.26532,128280431.0
1739419200,0.26532,0.2656,0.25693,0.25844,188046931.0
1739433600,0.25844,0.25948,0.2559,0.25748,85542930.0
1739448000,0.25748,0.25874,0.25333,0.25743,183513953.0
1739462400,0.25743,0.25958,0.25408,0.2562,130662216.0
1739476800,0.2562,0.26487,0.25604,0.26245,183001629.0
1739491200,0.26245,0.26539,0.26085,0.26391,117756656.0
1739505600,0.26391,0.26442,0.26078,0.2639,90851412.0
1739520000,0.2639,0.27513,0.26389,0.27149,386605137.0
1739534400,0.27149,0.276,0.26637,0.27218,264667010.0
1739548800,0.27218,0.28676,0.26988,0.2763,406881506.0
1739563200,0.2763,0.27751,0.2674,0.2718,226092303.0
1739577600,0.2718,0.28328,0.27002,0.27867,269110447.0
1739592000,0.27867,0.28105,0.27371,0.27525,118164323.0
1739606400,0.27525,0.28099,0.27525,0.27742,152238965.0
1739620800,0.27742,0.27999,0.27145,0.27531,161306538.0
1739635200,0.27531,0.27623,0.27,0.27085,175157398.0
1739649600,0.27085,0.27263,0.26823,0.27174,84780758.0
1739664000,0.27174,0.2742,0.26901,0.27107,66436203.0
1739678400,0.27107,0.2733,0.26903,0.26958,81428159.0
1739692800,0.26958,0.2715,0.26749,0.27095,89609355.0
1739707200,0.27095,0.27108,0.26485,0.26766,126637692.0
1739721600,0.26766,0.26824,0.26346,0.26646,76997074.0
1739736000,0.26646,0.26804,0.26426,0.26555,68878238.0
1739750400,0.26555,0.26885,0.2644,0.2658,74473457.0
1739764800,0.2658,0.26586,0.25873,0.25972,177810291.0
1739779200,0.25972,0.26562,0.25854,0.26353,101060061.0
1739793600,0.26353,0.2688,0.25949,0.26028,172155481.0
1739808000,0.26028,0.26173,0.25369,0.25678,190302846.0
1739822400,0.25678,0.26139,0.25648,0.25819,84879903.0
1739836800,0.25819,0.25987,0.25593,0.2578,85130969.0
1739851200,0.2578,0.25804,0.24701,0.25063,229369470.0
1739865600,0.25063,0.25391,0.24812,0.25114,109074586.0
1739880000,0.25114,0.25594,0.245,0.24687,187165820.0
1739894400,0.24687,0.24874,0.24214,0.24693,213274439.0
1739908800,0.24693,0.25138,0.24564,0.25137,80132095.0
1739923200,0.25137,0.2535,0.2489,0.25286,72439956.0
1739937600,0.25286,0.25468,0.24924,0.25392,74055789.0
1739952000,0.25392,0.25544,0.25194,0.25516,71086089.0
1739966400,0.25516,0.2555,0.24998,0.25237,128407520.0
1739980800,0.25237,0.25501,0.25023,0.2519,97394603.0
1739995200,0.2519,0.25529,0.25085,0.2548,96939655.0
1740009600,0.2548,0.25728,0.25409,0.25579,92832533.0
1740024000,0.25579,0.2571,0.25363,0.25463,81543056.0
1740038400,0.25463,0.25565,0.25216,0.25515,168567861.0
1740052800,0.25515,0.25758,0.2505,0.25095,167291572.0
1740067200,0.25095,0.255,0.24988,0.25439,97922160.0
1740081600,0.25439,0.25583,0.25143,0.25474,71189893.0
1740096000,0.25474,0.2552,0.25176,0.25208,78117099.0
1740110400,0.25208,0.25473,0.25203,0.25319,64696759.0
1740124800,0.25319,0.25841,0.25289,0.25514,121197018.0
1740139200,0.25514,0.26134,0.24947,0.25238,329483613.0
1740153600,0.25238,0.25534,0.23811,0.24002,399482516.0
1740168000,0.24002,0.24162,0.23439,0.23966,264236903.0
1740182400,0.23966,0.24428,0.23806,0.24179,120224978.0
1740196800,0.24179,0.24522,0.24132,0.24393,74295768.0
1740211200,0.24393,0.2451,0.24301,0.24402,91225858.0
1740225600,0.24402,0.24635,0.24301,0.24562,81693910.0
1740240000,0.24562,0.2478,0.24482,0.24708,90613891.0
1740254400,0.24708,0.24738,0.24561,0.24656,35427938.0
1740268800,0.24656,0.24675,0.24352,0.24406,54650994.0
1740283200,0.24406,0.24758,0.24313,0.24694,56576362.0
1740297600,0.24694,0.24704,0.24433,0.2446,61495681.0
1740312000,0.2446,0.24554,0.24042,0.24075,94717453.0
1740326400,0.24075,0.24322,0.24063,0.24122,58461507.0
1740340800,0.24122,0.24399,0.2404,0.24285,51663441.0
1740355200,0.24285,0.24397,0.22805,0.23025,353895940.0
1740369600,0.23025,0.23391,0.22646,0.23324,209397880.0
1740384000,0.23324,0.2333,0.2273,0.23132,208433832.0
1740398400,0.23132,0.23254,0.22236,0.22546,293660893.0
1740412800,0.22546,0.2283,0.2185,0.22199,180903075.0
1740427200,0.22199,0.22524,0.206,0.21043,543667700.0
1740441600,0.21043,0.214,0.20378,0.21035,460480072.0
1740456000,0.21035,0.21296,0.19725,0.20385,710362820.0
1740470400,0.20385,0.20741,0.19557,0.2066,664556736.0
1740484800,0.2066,0.20978,0.19805,0.20346,422140353.0
1740499200,0.20346,0.20883,0.20004,0.20859,264858269.0
1740513600,0.20859,0.21465,0.20707,0.21158,191366785.0
1740528000,0.21158,0.21409,0.20832,0.21208,228571190.0
1740542400,0.21208,0.2139,0.20836,0.21019,131727323.0
1740556800,0.21019,0.21396,0.20826,0.20999,140333685.0
1740571200,0.20999,0.21317,0.202,0.20989,424850692.0
1740585600,0.20989,0.211,0.1961,0.19867,461330188.0
1740600000,0.19867,0.20776,0.19621,0.20355,258839526.0
1740614400,0.20355,0.20686,0.20101,0.20633,153899295.0
1740628800,0.20633,0.2106,0.20425,0.2087,135941457.0
1740643200,0.2087,0.21159,0.20742,0.20929,137098558.0
1740657600,0.20929,0.21056,0.20488,0.20915,222603933.0
1740672000,0.20915,0.21105,0.20427,0.20506,120684204.0
1740686400,0.20506,0.20767,0.20104,0.20687,135066155.0
1740700800,0.20687,0.20727,0.18891,0.18962,651715257.0
1740715200,0.18962,0.19039,0.18293,0.18538,476815771.0
1740729600,0.18538,0.18896,0.18154,0.18591,289775105.0
1740744000,0.18591,0.19958,0.18458,0.19754,441573553.0
1740758400,0.19754,0.20248,0.19563,0.2011,215283441.0
1740772800,0.2011,0.20264,0.19895,0.20184,101071631.0
1740787200,0.20184,0.20691,0.19934,0.20617,171564472.0
1740801600,0.20617,0.209,0.20357,0.20415,139105943.0
1740816000,0.20415,0.20646,0.20152,0.20305,116385512.0
1740830400,0.20305,0.20357,0.19944,0.20209,145838113.0
1740844800,0.20209,0.2051,0.20095,0.20426,95204522.0
1740859200,0.20426,0.20785,0.20309,0.20673,73335710.0
1740873600,0.20673,0.2085,0.20467,0.20655,103585952.0
1740888000,0.20655,0.20862,0.20486,0.20716,89722159.0
1740902400,0.20716,0.20992,0.20543,0.20779,101885989.0
1740916800,0.20779,0.21878,0.20169,0.2109,523060277.0
1740931200,0.2109,0.23576,0.2105,0.23196,1414605986.0
1740945600,0.23196,0.24218,0.23047,0.23931,351619694.0
1740960000,0.23931,0.24062,0.2256,0.22733,362122705.0
1740974400,0.22733,0.22895,0.21679,0.2225,268404520.0
1740988800,0.2225,0.22267,0.21534,0.21966,181286909.0
1741003200,0.21966,0.22485,0.21237,0.21517,441166616.0
1741017600,0.21517,0.21778,0.19731,0.1988,552307235.0
1741032000,0.1988,0.20113,0.19328,0.19913,401982186.0
1741046400,0.19913,0.20129,0.18544,0.19126,639540979.0
1741060800,0.19126,0.19515,0.19056,0.19199,151634510.0
1741075200,0.19199,0.19532,0.19083,0.19331,110458232.0
1741089600,0.19331,0.20034,0.18788,0.19295,550470376.0
1741104000,0.19295,0.20121,0.18279,0.20047,360372149.0
1741118400,0.20047,0.20232,0.19624,0.19905,118034951.0
1741132800,0.19905,0.20438,0.19713,0.19947,141751029.0
1741147200,0.19947,0.20074,0.1961,0.19963,235921610.0
1741161600,0.19963,0.20664,0.1994,0.20278,222481145.0
1741176000,0.20278,0.20555,0.1981,0.19984,224724470.0
1741190400,0.19984,0.20479,0.19778,0.20397,121896785.0
1741204800,0.20397,0.20569,0.2033,0.20471,78269922.0
1741219200,0.20471,0.20944,0.2023,0.20839,115872145.0
1741233600,0.20839,0.22,0.20715,0.20874,495562632.0
1741248000,0.20874,0.21187,0.20791,0.21122,142554391.0
1741262400,0.21122,0.21177,0.2027,0.20669,233028094.0
1741276800,0.20669,0.20739,0.19901,0.19977,232826275.0
1741291200,0.19977,0.20483,0.19938,0.20153,112766175.0
1741305600,0.20153,0.20412,0.1902,0.19633,382831249.0
1741320000,0.19633,0.20118,0.19611,0.20082,82513699.0
1741334400,0.20082,0.20557,0.19961,0.20431,102624040.0
1741348800,0.20431,0.2087,0.20191,0.20494,262110424.0
1741363200,0.20494,0.20718,0.19834,0.20535,199966444.0
1741377600,0.20535,0.20723,0.1958,0.19844,230469708.0
1741392000,0.19844,0.20086,0.19525,0.1975,117766598.0
1741406400,0.1975,0.19956,0.19601,0.19641,67485239.0
1741420800,0.19641,0.19715,0.19304,0.19431,80410792.0
1741435200,0.19431,0.19666,0.19334,0.19465,73291184.0
1741449600,0.19465,0.19552,0.19109,0.19489,132383810.0
1741464000,0.19489,0.19534,0.19146,0.19234,54487495.0
1741478400,0.19234,0.19423,0.18937,0.19077,103459038.0
1741492800,0.19077,0.19203,0.18871,0.19142,118931966.0
1741507200,0.19142,0.19144,0.18377,0.18525,198121247.0
1741521600,0.18525,0.18525,0.17599,0.17732,368187858.0
1741536000,0.17732,0.17796,0.16534,0.17148,676295344.0
1741550400,0.17148,0.17273,0.16552,0.16809,260097889.0
1741564800,0.16809,0.17413,0.16459,0.17175,284254479.0
1741579200,0.17175,0.17508,0.17162,0.17384,124419603.0
1741593600,0.17384,0.18095,0.17052,0.17739,323119928.0
1741608000,0.17739,0.17845,0.16401,0.16722,446269264.0
1741622400,0.16722,0.16787,0.1504,0.1575,695692091.0
1741636800,0.1575,0.1586,0.15361,0.15408,205786345.0
1741651200,0.15408,0.15679,0.1428,0.1544,739974394.0
1741665600,0.1544,0.16026,0.15402,0.15876,255728345.0
1741680000,0.15876,0.16274,0.15839,0.16165,205996357.0
1741694400,0.16165,0.16287,0.15282,0.16116,632173734.0
1741708800,0.16116,0.16854,0.15867,0.16836,363935439.0
1741723200,0.16836,0.16862,0.16395,0.16454,132368430.0
1741737600,0.16454,0.16839,0.16094,0.16117,165264475.0
1741752000,0.16117,0.166,0.15954,0.16545,182039474.0
1741766400,0.16545,0.16944,0.16491,0.16857,245196493.0
1741780800,0.16857,0.17418,0.16132,0.16523,452378815.0
1741795200,0.16523,0.16995,0.16476,0.16916,158144255.0
1741809600,0.16916,0.17268,0.16862,0.17244,98891576.0
1741824000,0.17244,0.17296,0.16992,0.17046,123891662.0
1741838400,0.17046,0.17133,0.16646,0.16978,172231315.0
1741852800,0.16978,0.17267,0.16819,0.1706,207684922.0
1741867200,0.1706,0.1728,0.16541,0.16601,428734568.0
1741881600,0.16601,0.16656,0.16226,0.16287,145916560.0
1741896000,0.16287,0.16668,0.16172,0.16523,103174579.0
1741910400,0.16523,0.16925,0.16462,0.16878,99736040.0
1741924800,0.16878,0.16951,0.1678,0.16846,68823598.0
1741939200,0.16846,0.1704,0.16814,0.16977,82455811.0
1741953600,0.16977,0.17626,0.16864,0.17342,244229074.0
1741968000,0.17342,0.17415,0.17031,0.17093,104762511.0
1741982400,0.17093,0.17363,0.16929,0.17194,62452608.0
1741996800,0.17194,0.17388,0.17121,0.17374,75835451.0
1742011200,0.17374,0.17513,0.17151,0.17211,85120448.0
1742025600,0.17211,0.17458,0.17128,0.17429,81355896.0
1742040000,0.17429,0.1777,0.17394,0.17682,131743994.0
1742054400,0.17682,0.17786,0.1744,0.17538,92793907.0
1742068800,0.17538,0.17745,0.1753,0.17594,43718637.0
1742083200,0.17594,0.17685,0.17295,0.1747,63830625.0
1742097600,0.1747,0.17659,0.17431,0.17553,50065833.0
1742112000,0.17553,0.17574,0.16684,0.16756,188702332.0
1742126400,0.16756,0.16927,0.1657,0.16817,161318951.0
1742140800,0.16817,0.1723,0.16747,0.16831,175208720.0
1742155200,0.16831,0.16979,0.1666,0.16817,74140289.0
1742169600,0.16817,0.17318,0.16801,0.17286,85038633.0
1742184000,0.17286,0.17364,0.16992,0.17267,141925466.0
1742198400,0.17267,0.17495,0.17178,0.17294,116953727.0
1742212800,0.17294,0.17425,0.16974,0.17221,171383242.0
1742227200,0.17221,0.17622,0.17124,0.17492,221925464.0
1742241600,0.17492,0.17513,0.17297,0.17332,64849763.0
1742256000,0.17332,0.17349,0.16693,0.16775,201260996.0
1742270400,0.16775,0.16895,0.16536,0.16781,177486029.0
1742284800,0.16781,0.16975,0.16603,0.16635,95225462.0
1742299200,0.16635,0.16718,0.16275,0.16367,201232326.0
1742313600,0.16367,0.16648,0.16287,0.1663,83913326.0
1742328000,0.1663,0.16872,0.16532,0.16802,66718261.0
1742342400,0.16802,0.16953,0.16678,0.16879,77268662.0
1742356800,0.16879,0.16897,0.16715,0.16723,44345437.0
1742371200,0.16723,0.17174,0.1672,0.171,128017278.0
1742385600,0.171,0.17404,0.16886,0.17344,249163082.0
1742400000,0.17344,0.17599,0.1684,0.17403,292900154.0
1742414400,0.17403,0.1788,0.17348,0.17799,122009194.0
1742428800,0.17799,0.17919,0.17546,0.17566,135075224.0
1742443200,0.17566,0.17588,0.17358,0.17421,70630098.0
1742457600,0.17421,0.17623,0.17095,0.17203,113583343.0
1742472000,0.17203,0.17432,0.16963,0.16972,146300357.0
1742486400,0.16972,0.17046,0.16661,0.16937,136243987.0
1742500800,0.16937,0.17015,0.16831,0.16949,55481703.0
1742515200,0.16949,0.17158,0.16883,0.16941,71668338.0
1742529600,0.16941,0.17075,0.16747,0.16845,66253423.0
1742544000,0.16845,0.16919,0.16608,0.16746,67598485.0
1742558400,0.16746,0.16818,0.16468,0.16551,118228017.0
1742572800,0.16551,0.16919,0.16508,0.1684,100468864.0
1742587200,0.1684,0.16977,0.1668,0.16727,40858196.0
1742601600,0.16727,0.16909,0.16699,0.16872,42946193.0
1742616000,0.16872,0.16961,0.16851,0.16893,33410662.0
1742630400,0.16893,0.16979,0.16826,0.16879,48313379.0
1742644800,0.16879,0.16905,0.16728,0.16804,40206296.0
1742659200,0.16804,0.16967,0.1676,0.16901,35784515.0
1742673600,0.16901,0.16934,0.16658,0.16737,36384420.0
1742688000,0.16737,0.1689,0.16705,0.1687,35705397.0
1742702400,0.1687,0.17039,0.16737,0.16962,73515210.0
1742716800,0.16962,0.1722,0.16961,0.17098,87630443.0
1742731200,0.17098,0.17238,0.17034,0.17202,84719070.0
1742745600,0.17202,0.17212,0.16967,0.17104,49569749.0
1742760000,0.17104,0.17261,0.17006,0.1726,50090901.0
1742774400,0.1726,0.17477,0.17068,0.17374,106714329.0
1742788800,0.17374,0.17599,0.17374,0.17492,124346261.0
1742803200,0.17492,0.1772,0.17487,0.17701,134618037.0
1742817600,0.17701,0.18501,0.17551,0.18347,385856567.0
1742832000,0.18347,0.18874,0.18046,0.18641,321599131.0
1742846400,0.18641,0.18908,0.18192,0.183,191371443.0
1742860800,0.183,0.18795,0.18147,0.18197,205562173.0
1742875200,0.18197,0.1852,0.18084,0.18303,118555270.0
1742889600,0.18303,0.18721,0.18254,0.186,139685546.0
1742904000,0.186,0.19362,0.18453,0.19074,355719337.0
1742918400,0.19074,0.19337,0.18877,0.19113,229473164.0
1742932800,0.19113,0.19342,0.18869,0.19062,184899335.0
1742947200,0.19062,0.19595,0.18932,0.1903,252917806.0
1742961600,0.1903,0.20205,0.19003,0.20126,321586001.0
1742976000,0.20126,0.20585,0.20056,0.20335,433723260.0
1742990400,0.20335,0.20384,0.19477,0.19625,360187041.0
1743004800,0.19625,0.19771,0.19172,0.19411,336706041.0
1743019200,0.19411,0.19792,0.19199,0.1949,180400409.0
1743033600,0.1949,0.2006,0.19274,0.19944,188178693.0
1743048000,0.19944,0.19964,0.19515,0.19605,103697675.0
1743062400,0.19605,0.1977,0.19254,0.19328,137884389.0
1743076800,0.19328,0.19525,0.18906,0.19212,276451179.0
1743091200,0.19212,0.1932,0.18771,0.19101,132956229.0
1743105600,0.19101,0.19335,0.19016,0.19046,64303602.0
1743120000,0.19046,0.1929,0.18757,0.18939,127727215.0
1743134400,0.18939,0.18985,0.18127,0.18156,218155609.0
1743148800,0.18156,0.183,0.17894,0.18182,217951558.0
1743163200,0.18182,0.18264,0.17793,0.1795,228562292.0
1743177600,0.1795,0.18135,0.17847,0.17858,90716539.0
1743192000,0.17858,0.18156,0.17721,0.18024,92162986.0
1743206400,0.18024,0.18273,0.17509,0.1787,131110127.0
1743220800,0.1787,0.17975,0.17373,0.17475,119907597.0
1743235200,0.17475,0.17555,0.16841,0.16994,204317731.0
1743249600,0.16994,0.1727,0.16946,0.16982,121647188.0
1743264000,0.16982,0.17056,0.16584,0.16941,177623944.0
1743278400,0.16941,0.16985,0.167,0.16957,102573085.0
1743292800,0.16957,0.17241,0.16787,0.17073,144157444.0
1743307200,0.17073,0.17219,0.16992,0.17045,74344436.0
1743321600,0.17045,0.17211,0.16902,0.1697,76111457.0
1743336000,0.1697,0.17094,0.16753,0.16859,107640679.0
1743350400,0.16859,0.17132,0.16612,0.16935,96928912.0
1743364800,0.16935,0.1696,0.16443,0.16652,107907810.0
1743379200,0.16652,0.1681,0.16275,0.16469,168026078.0
1743393600,0.16469,0.16742,0.16229,0.16345,133120138.0
1743408000,0.16345,0.16492,0.16005,0.16332,188663837.0
1743422400,0.16332,0.16839,0.1608,0.16705,245593022.0
1743436800,0.16705,0.16814,0.1641,0.16577,121368377.0
1743451200,0.16577,0.16704,0.16434,0.16666,73139093.0
1743465600,0.16666,0.16986,0.16601,0.16854,90065448.0
1743480000,0.16854,0.17095,0.16784,0.16964,86438503.0
1743494400,0.16964,0.17519,0.1696,0.1705,188032310.0
1743508800,0.1705,0.17563,0.16724,0.17493,205914067.0
1743523200,0.17493,0.17576,0.17114,0.17211,77297179.0
1743537600,0.17211,0.17509,0.17101,0.17398,69176057.0
1743552000,0.17398,0.17406,0.16982,0.17113,99603441.0
1743566400,0.17113,0.17218,0.16772,0.16973,101083783.0
1743580800,0.16973,0.17353,0.16901,0.1713,132743394.0
1743595200,0.1713,0.1781,0.16942,0.17619,414890384.0
1743609600,0.17619,0.17657,0.17055,0.17432,205737487.0
1743624000,0.17432,0.18012,0.16194,0.16383,460363950.0
1743638400,0.16383,0.16678,0.16301,0.1661,150658395.0
1743652800,0.1661,0.16745,0.16339,0.1643,102193286.0
1743667200,0.1643,0.16507,0.15941,0.16049,151541480.0
1743681600,0.16049,0.16111,0.15536,0.15839,335479636.0
1743696000,0.15839,0.15993,0.15707,0.15868,92189434.0
1743710400,0.15868,0.16231,0.15792,0.16231,90230867.0
1743724800,0.16231,0.16334,0.16,0.16264,87039167.0
1743739200,0.16264,0.16692,0.16173,0.16633,110669952.0
1743753600,0.16633,0.16758,0.15998,0.1623,239877460.0
1743768000,0.1623,0.17163,0.16158,0.16755,417792889.0
1743782400,0.16755,0.17212,0.16706,0.16981,200658200.0
1743796800,0.16981,0.17282,0.16863,0.17128,75997613.0
1743811200,0.17128,0.17169,0.16929,0.16938,62041225.0
1743825600,0.16938,0.1701,0.16805,0.1694,60876511.0
1743840000,0.1694,0.1708,0.1686,0.17013,69808998.0
1743854400,0.17013,0.17058,0.16609,0.16723,103778907.0
1743868800,0.16723,0.16878,0.16692,0.16755,29329849.0
1743883200,0.16755,0.16933,0.16717,0.16898,27190292.0
1743897600,0.16898,0.17004,0.16712,0.1677,49682510.0
1743912000,0.1677,0.16795,0.16494,0.16505,65508026.0
1743926400,0.16505,0.16552,0.16358,0.1643,72468263.0
1743940800,0.1643,0.16456,0.15959,0.16178,147666121.0
1743955200,0.16178,0.16178,0.15067,0.15262,384057632.0
1743969600,0.15262,0.15331,0.14582,0.14927,405590135.0
1743984000,0.14927,0.15153,0.14019,0.14212,410721612.0
1743998400,0.14212,0.14316,0.12986,0.13224,818395994.0
1744012800,0.13224,0.14187,0.13177,0.13818,503622097.0
1744027200,0.13818,0.15407,0.1372,0.147,1175103223.0
1744041600,0.147,0.14971,0.14386,0.14667,331671934.0
1744056000,0.14667,0.15247,0.14663,0.14958,191944774.0
1744070400,0.14958,0.15331,0.14688,0.15136,181750194.0
1744084800,0.15136,0.15267,0.14833,0.15079,162441492.0
1744099200,0.15079,0.15635,0.14972,0.1561,232013689.0
1744113600,0.1561,0.15707,0.1499,0.15082,363902559.0
1744128000,0.15082,0.15113,0.142,0.14303,393281127.0
1744142400,0.14303,0.14471,0.1411,0.14225,136819615.0
1744156800,0.14225,0.14365,0.13651,0.1388,320243955.0
1744171200,0.1388,0.1476,0.1384,0.14686,329153080.0
1744185600,0.14686,0.14824,0.14311,0.14385,274088804.0
1744200000,0.14385,0.14922,0.14296,0.14615,276316104.0
1744214400,0.14615,0.1621,0.14581,0.16031,798240596.0
1744228800,0.16031,0.16428,0.16008,0.16031,202382963.0
1744243200,0.16031,0.16047,0.15361,0.1555,225264142.0
1744257600,0.1555,0.15837,0.15436,0.15606,179616081.0
1744272000,0.15606,0.15696,0.15494,0.15629,119854707.0
1744286400,0.15629,0.15858,0.14918,0.14959,347845478.0
1744300800,0.14959,0.15479,0.14884,0.15381,203960354.0
1744315200,0.15381,0.15571,0.15311,0.15357,74990430.0
1744329600,0.15357,0.15759,0.15327,0.15671,113870791.0
1744344000,0.15671,0.15826,0.15581,0.15714,90903966.0
1744358400,0.15714,0.16008,0.1562,0.15803,153960362.0
1744372800,0.15803,0.16004,0.15683,0.15869,194988103.0
1744387200,0.15869,0.16108,0.15777,0.15977,113687614.0
1744401600,0.15977,0.16246,0.15943,0.16004,76891921.0
1744416000,0.16004,0.16024,0.15772,0.15875,61314832.0
1744430400,0.15875,0.16469,0.15851,0.16298,143895350.0
1744444800,0.16298,0.16437,0.16166,0.16186,76168696.0
1744459200,0.16186,0.16875,0.1615,0.16747,243999787.0
1744473600,0.16747,0.16828,0.16489,0.16633,128035745.0
1744488000,0.16633,0.16948,0.16623,0.16763,98952386.0
1744502400,0.16763,0.16868,0.16516,0.16655,102054895.0
1744516800,0.16655,0.16658,0.16386,0.16409,82228368.0
1744531200,0.16409,0.16846,0.16346,0.16513,137367800.0
1744545600,0.16513,0.16569,0.16101,0.16231,131063794.0
1744560000,0.16231,0.16811,0.16104,0.16301,184216450.0
1744574400,0.16301,0.16557,0.16109,0.1626,111356543.0
1744588800,0.1626,0.16964,0.16222,0.16546,164272480.0
1744603200,0.16546,0.16808,0.16269,0.16446,95925833.0
1744617600,0.16446,0.1663,0.16267,0.16595,101700433.0
1744632000,0.16595,0.16687,0.15943,0.16028,277442004.0
1744646400,0.16028,0.16164,0.15911,0.15989,126022018.0
1744660800,0.15989,0.1601,0.15731,0.15854,93387462.0
1744675200,0.15854,0.16096,0.1574,0.16086,96934292.0
1744689600,0.16086,0.16122,0.15877,0.16006,74594150.0
1744704000,0.16006,0.16101,0.15808,0.15875,134540523.0
1744718400,0.15875,0.16132,0.15469,0.15587,201706063.0
1744732800,0.15587,0.15707,0.15444,0.15503,79345281.0
1744747200,0.15503,0.15628,0.15305,0.15356,80757380.0
1744761600,0.15356,0.15592,0.15206,0.15506,104901792.0
1744776000,0.15506,0.15551,0.15249,0.1528,101453696.0
1744790400,0.1528,0.15437,0.15138,0.15335,78646386.0
1744804800,0.15335,0.15642,0.15187,0.15514,155459110.0
1744819200,0.15514,0.15688,0.15019,0.15563,202040376.0
1744833600,0.15563,0.1574,0.15415,0.15471,77391842.0
1744848000,0.15471,0.15709,0.15406,0.1553,77351055.0
1744862400,0.1553,0.15786,0.15492,0.15674,61967356.0
1744876800,0.15674,0.1571,0.15542,0.15651,53877787.0
1744891200,0.15651,0.15729,0.15298,0.15524,84863179.0
1744905600,0.15524,0.15946,0.15461,0.15679,113398327.0
1744920000,0.15679,0.15762,0.15523,0.15588,35355689.0
1744934400,0.15588,0.1561,0.15357,0.1548,64689899.0
1744948800,0.1548,0.15538,0.15415,0.15514,40154373.0
1744963200,0.15514,0.15619,0.15476,0.15551,47003537.0
1744977600,0.15551,0.15689,0.15519,0.15636,56949435.0
1744992000,0.15636,0.1588,0.15607,0.1579,70159709.0
1745006400,0.1579,0.15895,0.15735,0.15759,42738412.0
1745020800,0.15759,0.1597,0.15695,0.15943,60354817.0
1745035200,0.15943,0.16091,0.15832,0.15908,72061172.0
1745049600,0.15908,0.15928,0.15763,0.15806,46676182.0
1745064000,0.15806,0.15898,0.15736,0.1578,44389275.0
1745078400,0.1578,0.15845,0.15631,0.15729,53260651.0
1745092800,0.15729,0.15819,0.1568,0.15735,44919006.0
1745107200,0.15735,0.15941,0.15709,0.15836,52353295.0
1745121600,0.15836,0.15959,0.15648,0.15708,72293880.0
1745136000,0.15708,0.15713,0.15273,0.15336,107750416.0
1745150400,0.15336,0.15511,0.15254,0.15289,82071812.0
1745164800,0.15289,0.15501,0.15247,0.15493,59210011.0
1745179200,0.15493,0.15735,0.15345,0.15526,79548999.0
1745193600,0.15526,0.1614,0.15501,0.1603,233597873.0
1745208000,0.1603,0.16281,0.15962,0.16196,128806712.0
1745222400,0.16196,0.16285,0.16015,0.16149,118758604.0
1745236800,0.16149,0.16358,0.1597,0.16052,182444727.0
1745251200,0.16052,0.16127,0.1558,0.15845,186081973.0
1745265600,0.15845,0.15952,0.15739,0.15939,55327383.0
1745280000,0.15939,0.16236,0.15721,0.16097,140165315.0
1745294400,0.16097,0.16482,0.16026,0.16383,146054337.0
1745308800,0.16383,0.16492,0.16291,0.16409,111249686.0
1745323200,0.16409,0.17336,0.16377,0.17195,526587343.0
1745337600,0.17195,0.17261,0.16996,0.17176,190693270.0
1745352000,0.17176,0.18,0.17152,0.17863,353253136.0
1745366400,0.17863,0.18489,0.17863,0.18214,393647504.0
1745380800,0.18214,0.18525,0.18,0.18219,209924612.0
1745395200,0.18219,0.18395,0.18068,0.18225,149552541.0
1745409600,0.18225,0.18545,0.17491,0.17849,509360181.0
1745424000,0.17849,0.18173,0.17662,0.17838,231631600.0
1745438400,0.17838,0.17994,0.17732,0.17864,76034569.0
1745452800,0.17864,0.17936,0.17277,0.17287,235384829.0
1745467200,0.17287,0.17458,0.17196,0.17244,163387174.0
1745481600,0.17244,0.17413,0.16979,0.17362,177150132.0
1745496000,0.17362,0.1808,0.17285,0.17845,296116806.0
1745510400,0.17845,0.18203,0.17763,0.18102,216995466.0
1745524800,0.18102,0.18329,0.17934,0.18254,117377858.0
1745539200,0.18254,0.18478,0.17751,0.18047,184403765.0
1745553600,0.18047,0.18297,0.17966,0.18251,145824674.0
1745568000,0.18251,0.1834,0.18021,0.18299,181664438.0
1745582400,0.18299,0.18626,0.17896,0.18272,427480303.0
1745596800,0.18272,0.18489,0.18013,0.18165,227788195.0
1745611200,0.18165,0.18305,0.18009,0.18159,74184842.0
1745625600,0.18159,0.193,0.18159,0.1867,447703307.0
1745640000,0.1867,0.18775,0.18371,0.18599,153273564.0
1745654400,0.18599,0.18755,0.1809,0.18152,224317179.0
1745668800,0.18152,0.18313,0.18016,0.18247,147104451.0
1745683200,0.18247,0.18253,0.18032,0.18119,84556661.0
1745697600,0.18119,0.1823,0.18015,0.18192,77955754.0
1745712000,0.18192,0.1835,0.17756,0.17954,205369499.0
1745726400,0.17954,0.18044,0.1765,0.18024,130492780.0
1745740800,0.18024,0.18256,0.17975,0.18072,96147288.0
1745755200,0.18072,0.18314,0.17921,0.1801,164768381.0
1745769600,0.1801,0.18229,0.17767,0.18229,86453131.0
1745784000,0.18229,0.18239,0.17913,0.17933,83485177.0
1745798400,0.17933,0.17996,0.17377,0.17881,217075147.0
1745812800,0.17881,0.18168,0.17869,0.18128,107532788.0
1745827200,0.18128,0.18276,0.17915,0.18181,177436014.0
1745841600,0.18181,0.18189,0.17422,0.17573,234727667.0
1745856000,0.17573,0.17953,0.17402,0.17886,157841843.0
1745870400,0.17886,0.17951,0.17739,0.17907,76691488.0
1745884800,0.17907,0.18076,0.17679,0.17943,128810749.0
1745899200,0.17943,0.1806,0.17731,0.1797,113456856.0
1745913600,0.1797,0.18024,0.1777,0.17912,114248047.0
1745928000,0.17912,0.17992,0.17691,0.17813,132744310.0
1745942400,0.17813,0.18063,0.17774,0.17845,73244252.0
1745956800,0.17845,0.17879,0.17242,0.17466,209919375.0
1745971200,0.17466,0.17665,0.17339,0.17613,89876220.0
1745985600,0.17613,0.17637,0.17255,0.17347,82439874.0
1746000000,0.17347,0.17615,0.17295,0.17598,88917269.0
1746014400,0.17598,0.176,0.16675,0.16975,362680756.0
1746028800,0.16975,0.17282,0.1688,0.17226,96443504.0
1746043200,0.17226,0.17444,0.17192,0.17224,63817853.0
1746057600,0.17224,0.17546,0.17205,0.17406,98958223.0
1746072000,0.17406,0.17555,0.17367,0.1753,53369955.0
1746086400,0.1753,0.17958,0.17501,0.1794,160773124.0
1746100800,0.1794,0.18253,0.17684,0.18063,243683772.0
1746115200,0.18063,0.18339,0.18046,0.18066,127598748.0
1746129600,0.18066,0.18245,0.18004,0.18065,94680301.0
1746144000,0.18065,0.18447,0.17981,0.18243,153800596.0
1746158400,0.18243,0.18293,0.17919,0.17932,115982726.0
1746172800,0.17932,0.18168,0.17929,0.18091,61473444.0
1746187200,0.18091,0.18288,0.18007,0.18147,137366765.0
1746201600,0.18147,0.18425,0.17958,0.18004,118524188.0
1746216000,0.18004,0.18242,0.17982,0.18151,51352529.0
1746230400,0.18151,0.1822,0.17997,0.18032,86318196.0
1746244800,0.18032,0.18125,0.17833,0.17895,123166232.0
1746259200,0.17895,0.17969,0.17728,0.17807,75448271.0
1746273600,0.17807,0.17955,0.17783,0.17854,58203083.0
1746288000,0.17854,0.17857,0.17528,0.17756,78349541.0
1746302400,0.17756,0.17764,0.17526,0.17564,46793138.0
1746316800,0.17564,0.17744,0.17473,0.17518,67042251.0
1746331200,0.17518,0.17657,0.1744,0.17521,64353562.0
1746345600,0.17521,0.1753,0.17335,0.17415,71012956.0
1746360000,0.17415,0.17477,0.17231,0.17375,97713781.0
1746374400,0.17375,0.17401,0.17137,0.17202,93131208.0
1746388800,0.17202,0.17308,0.1699,0.17049,94516762.0
1746403200,0.17049,0.17175,0.16834,0.17039,112564736.0
1746417600,0.17039,0.17404,0.17024,0.1736,66917376.0
1746432000,0.1736,0.17465,0.17018,0.17099,76845672.0
1746446400,0.17099,0.1717,0.16852,0.16896,104608779.0
1746460800,0.16896,0.17261,0.16879,0.17085,63026958.0
1746475200,0.17085,0.17231,0.16827,0.17062,63241749.0
1746489600,0.17062,0.17115,0.1669,0.1698,91090602.0
1746504000,0.1698,0.17036,0.16876,0.16935,50808316.0
1746518400,0.16935,0.16936,0.16451,0.16534,140320864.0
1746532800,0.16534,0.1683,0.16426,0.16666,133879629.0
1746547200,0.16666,0.16981,0.16559,0.16889,79410064.0
1746561600,0.16889,0.1726,0.16702,0.17219,101161342.0
1746576000,0.17219,0.17445,0.1702,0.17184,123524322.0
1746590400,0.17184,0.17344,0.17154,0.17332,66227547.0
1746604800,0.17332,0.17397,0.1729,0.17336,58535518.0
1746619200,0.17336,0.17353,0.17053,0.17084,82144071.0
1746633600,0.17084,0.17265,0.16901,0.1699,136209683.0
1746648000,0.1699,0.17298,0.16921,0.17202,62167251.0
1746662400,0.17202,0.17957,0.17173,0.17947,198987735.0
1746676800,0.17947,0.18292,0.17947,0.18149,291211736.0
1746691200,0.18149,0.18562,0.18144,0.18306,218824379.0
1746705600,0.18306,0.1913,0.18292,0.18937,376586689.0
1746720000,0.18937,0.19292,0.18921,0.19094,276002954.0
1746734400,0.19094,0.19842,0.18994,0.19817,380262910.0
1746748800,0.19817,0.19869,0.19318,0.19354,285430972.0
1746763200,0.19354,0.20885,0.19299,0.20584,447550323.0
1746777600,0.20584,0.2145,0.20167,0.20727,714580574.0
1746792000,0.20727,0.20998,0.20084,0.20422,349267069.0
1746806400,0.20422,0.2062,0.20104,0.2051,204756178.0
1746820800,0.2051,0.20612,0.20371,0.2053,77446240.0
1746835200,0.2053,0.21083,0.20336,0.20985,231573971.0
1746849600,0.20985,0.22643,0.20827,0.22419,531881499.0
1746864000,0.22419,0.2309,0.22127,0.22252,480149113.0
1746878400,0.22252,0.22916,0.22252,0.227,233779985.0
1746892800,0.227,0.23943,0.22636,0.2353,417394035.0
1746907200,0.2353,0.25098,0.23226,0.25063,461546041.0
1746921600,0.25063,0.2597,0.23544,0.23963,965390526.0
1746936000,0.23963,0.24268,0.22769,0.2303,522239068.0
1746950400,0.2303,0.23491,0.22932,0.23422,300600591.0
1746964800,0.23422,0.23629,0.22515,0.22693,361177818.0
1746979200,0.22693,0.2334,0.22211,0.23104,357394898.0
1746993600,0.23104,0.23462,0.22914,0.23181,150812185.0
1747008000,0.23181,0.24117,0.23033,0.23837,516696729.0
1747022400,0.23837,0.25341,0.23608,0.24406,742531817.0
1747036800,0.24406,0.2522,0.24053,0.24227,718609469.0
1747051200,0.24227,0.24648,0.23054,0.23236,682498365.0
1747065600,0.23236,0.23683,0.22011,0.22733,506822942.0
1747080000,0.22733,0.23388,0.22542,0.23101,189194705.0
1747094400,0.23101,0.23117,0.21736,0.21845,394253886.0
1747108800,0.21845,0.2259,0.21742,0.22414,220146846.0
1747123200,0.22414,0.22999,0.22296,0.22815,232041036.0
1747137600,0.22815,0.23357,0.22427,0.23305,431007110.0
1747152000,0.23305,0.24309,0.23292,0.23896,440682328.0
1747166400,0.23896,0.24156,0.23658,0.24078,176080854.0
1747180800,0.24078,0.24345,0.23404,0.23887,310233064.0
1747195200,0.23887,0.24759,0.23673,0.23715,326018558.0
1747209600,0.23715,0.239,0.23184,0.23752,243353444.0
1747224000,0.23752,0.23877,0.22965,0.233,259099549.0
1747238400,0.233,0.23504,0.22813,0.2343,134094879.0
1747252800,0.2343,0.23517,0.23068,0.23278,76406460.0
1747267200,0.23278,0.23676,0.22763,0.23202,203729464.0
1747281600,0.23202,0.23495,0.22253,0.22373,228120945.0
1747296000,0.22373,0.22897,0.22201,0.22672,229576093.0
1747310400,0.22672,0.22942,0.21604,0.2252,447040636.0
1747324800,0.2252,0.22946,0.21888,0.22213,251179732.0
1747339200,0.22213,0.2243,0.21374,0.21939,254329075.0
1747353600,0.21939,0.22727,0.21797,0.22619,227268802.0
1747368000,0.22619,0.2277,0.22375,0.2258,132878521.0
1747382400,0.2258,0.23013,0.22147,0.2271,201922394.0
1747396800,0.2271,0.22987,0.22448,0.22898,168169232.0
1747411200,0.22898,0.23095,0.22443,0.22698,123592260.0
1747425600,0.22698,0.22706,0.21968,0.22111,137677799.0
1747440000,0.22111,0.22225,0.21376,0.21826,230362800.0
1747454400,0.21826,0.22021,0.21595,0.21715,104168210.0
1747468800,0.21715,0.21743,0.2142,0.21553,151127787.0
1747483200,0.21553,0.21684,0.21174,0.21505,150943531.0
1747497600,0.21505,0.21632,0.21074,0.21456,136687825.0
1747512000,0.21456,0.21776,0.21202,0.21457,94324098.0
1747526400,0.21457,0.21707,0.21402,0.21569,101164908.0
1747540800,0.21569,0.22211,0.2156,0.22189,167450296.0
1747555200,0.22189,0.22518,0.22178,0.22224,183010636.0
1747569600,0.22224,0.2375,0.2212,0.23661,364244336.0
1747584000,0.23661,0.23779,0.22193,0.22236,471631021.0
1747598400,0.22236,0.2345,0.21843,0.23304,301741903.0
1747612800,0.23304,0.23581,0.21932,0.21957,350074924.0
1747627200,0.21957,0.22157,0.21413,0.2179,353604723.0
1747641600,0.2179,0.21815,0.21537,0.2172,188154975.0
1747656000,0.2172,0.22295,0.21388,0.22122,262810321.0
1747670400,0.22122,0.22616,0.21924,0.22432,228810883.0
1747684800,0.22432,0.22547,0.22226,0.22445,83621309.0
1747699200,0.22445,0.2308,0.22362,0.22577,236622357.0
1747713600,0.22577,0.22812,0.22185,0.22244,171836403.0
1747728000,0.22244,0.22336,0.21873,0.22083,191952666.0
1747742400,0.22083,0.22126,0.21768,0.22063,171282536.0
1747756800,0.22063,0.22546,0.21781,0.22419,178417312.0
1747771200,0.22419,0.22787,0.22263,0.22625,237945927.0
1747785600,0.22625,0.23058,0.22395,0.22905,246682350.0
1747800000,0.22905,0.23359,0.22593,0.22662,315684730.0
1747814400,0.22662,0.22784,0.22469,0.22653,146113221.0
1747828800,0.22653,0.23439,0.22547,0.23188,349462013.0
1747843200,0.23188,0.23813,0.22266,0.23021,575301501.0
1747857600,0.23021,0.23774,0.22792,0.23404,261199042.0
1747872000,0.23404,0.24374,0.23383,0.24116,493135733.0
1747886400,0.24116,0.24213,0.23663,0.24109,260023772.0
1747900800,0.24109,0.245,0.239,0.24027,281160789.0
1747915200,0.24027,0.24286,0.23913,0.24133,244488188.0
1747929600,0.24133,0.24275,0.23825,0.23941,166133298.0
1747944000,0.23941,0.24579,0.2377,0.24558,172014492.0
1747958400,0.24558,0.25441,0.24355,0.25102,445912752.0
1747972800,0.25102,0.25154,0.24195,0.24346,319544869.0
1747987200,0.24346,0.24891,0.23349,0.23516,395152301.0
1748001600,0.23516,0.23856,0.22727,0.2344,680899751.0
1748016000,0.2344,0.23697,0.23192,0.23313,189622491.0
1748030400,0.23313,0.23333,0.22304,0.22521,219363220.0
1748044800,0.22521,0.23006,0.22355,0.22943,166877909.0
1748059200,0.22943,0.23041,0.22677,0.22736,113128957.0
1748073600,0.22736,0.23038,0.22583,0.22908,150599817.0
1748088000,0.22908,0.22939,0.22688,0.2277,108449336.0
1748102400,0.2277,0.22897,0.22592,0.22723,65901063.0
1748116800,0.22723,0.22812,0.2237,0.22512,84263057.0
1748131200,0.22512,0.22645,0.21943,0.22372,191022305.0
1748145600,0.22372,0.22417,0.22045,0.22136,167840228.0
1748160000,0.22136,0.22137,0.21711,0.21937,200281293.0
1748174400,0.21937,0.22111,0.21567,0.21852,150679552.0
1748188800,0.21852,0.22084,0.21644,0.22003,87325655.0
1748203200,0.22003,0.2252,0.21834,0.22491,112401691.0
1748217600,0.22491,0.22784,0.2233,0.2272,161446583.0
1748232000,0.2272,0.23036,0.22666,0.22986,109466330.0
1748246400,0.22986,0.2301,0.22531,0.22619,97503052.0
1748260800,0.22619,0.22835,0.22334,0.22698,127080476.0
1748275200,0.22698,0.22805,0.2225,0.22413,90063067.0
1748289600,0.22413,0.22779,0.22333,0.22596,56305917.0
1748304000,0.22596,0.22712,0.21965,0.22423,118023902.0
1748318400,0.22423,0.2284,0.2225,0.22776,139073527.0
1748332800,0.22776,0.22911,0.22733,0.22867,128600895.0
1748347200,0.22867,0.23216,0.22488,0.22867,235724744.0
1748361600,0.22867,0.23028,0.22661,0.22722,111675750.0
1748376000,0.22722,0.22871,0.22444,0.22598,72306203.0
1748390400,0.22598,0.22785,0.22302,0.22473,148765322.0
1748404800,0.22473,0.2253,0.22177,0.22262,82400446.0
1748419200,0.22262,0.22371,0.22091,0.22356,104137951.0
1748433600,0.22356,0.22466,0.21762,0.21834,186040671.0
1748448000,0.21834,0.22118,0.21678,0.21723,92901696.0
1748462400,0.21723,0.22165,0.21701,0.22096,67267424.0
1748476800,0.22096,0.22798,0.21989,0.22653,223718466.0
1748491200,0.22653,0.22703,0.22215,0.22434,125845762.0
1748505600,0.22434,0.22606,0.22333,0.22488,81077699.0
1748520000,0.22488,0.2249,0.21801,0.21964,164013489.0
1748534400,0.21964,0.22148,0.21476,0.2164,200250289.0
1748548800,0.2164,0.21954,0.21402,0.21487,108530242.0
1748563200,0.21487,0.21648,0.20062,0.20858,511481910.0
1748577600,0.20858,0.20952,0.20311,0.20427,318834533.0
1748592000,0.20427,0.20593,0.20154,0.20504,197587273.0
1748606400,0.20504,0.2059,0.2008,0.20206,231895763.0
1748620800,0.20206,0.20283,0.19331,0.20042,373919481.0
1748635200,0.20042,0.20063,0.19061,0.19357,229498322.0
1748649600,0.19357,0.19457,0.18555,0.18931,420001824.0
1748664000,0.18931,0.19114,0.18765,0.18927,124389913.0
1748678400,0.18927,0.18968,0.18566,0.18652,178975844.0
1748692800,0.18652,0.19443,0.18634,0.19177,219644843.0
1748707200,0.19177,0.19507,0.19096,0.19455,74608494.0
1748721600,0.19455,0.19551,0.19218,0.19251,68638615.0
1748736000,0.19251,0.1926,0.18788,0.19013,114899247.0
1748750400,0.19013,0.19225,0.18914,0.19012,56227808.0
1748764800,0.19012,0.19027,0.1864,0.18944,92994261.0
1748779200,0.18944,0.19257,0.18731,0.19184,97202902.0
1748793600,0.19184,0.19473,0.18904,0.19188,112200056.0
1748808000,0.19188,0.19485,0.19091,0.19363,70661784.0
1748822400,0.19363,0.19443,0.18916,0.19032,131360291.0
1748836800,0.19032,0.19339,0.18956,0.19187,76623928.0
1748851200,0.19187,0.1931,0.18851,0.18928,96920538.0
1748865600,0.18928,0.19311,0.18846,0.19189,127784700.0
1748880000,0.19189,0.19371,0.18883,0.19024,68693643.0
1748894400,0.19024,0.19642,0.19023,0.19507,100976295.0
1748908800,0.19507,0.20051,0.19456,0.1957,258005919.0
1748923200,0.1957,0.19648,0.19429,0.19522,60960256.0
1748937600,0.19522,0.19595,0.19328,0.19503,67381524.0
1748952000,0.19503,0.19868,0.19401,0.19737,166576834.0
1748966400,0.19737,0.19758,0.19516,0.1971,72475107.0
1748980800,0.1971,0.19717,0.19141,0.19311,87120298.0
1748995200,0.19311,0.19705,0.19205,0.19602,82150569.0
1749009600,0.19602,0.19668,0.19489,0.19539,49363465.0
1749024000,0.19539,0.19669,0.19361,0.19381,64893006.0
1749038400,0.19381,0.1944,0.18965,0.19284,140008642.0
1749052800,0.19284,0.19293,0.1893,0.18932,51921352.0
1749067200,0.18932,0.19027,0.18703,0.18812,74027969.0
1749081600,0.18812,0.19079,0.18737,0.19014,56957567.0
1749096000,0.19014,0.19073,0.18777,0.18848,78723509.0
1749110400,0.18848,0.18991,0.1878,0.18939,56405236.0
1749124800,0.18939,0.19248,0.18713,0.18932,133180724.0
1749139200,0.18932,0.18943,0.17077,0.17394,571593843.0
1749153600,0.17394,0.17448,0.168,0.17105,449444558.0
1749168000,0.17105,0.17546,0.16943,0.17525,221639337.0
1749182400,0.17525,0.17644,0.17435,0.17478,266192438.0
1749196800,0.17478,0.17815,0.17478,0.17762,141088375.0
1749211200,0.17762,0.18446,0.17733,0.18185,264104339.0
1749225600,0.18185,0.18243,0.17843,0.17896,144585887.0
1749240000,0.17896,0.18062,0.1785,0.17878,59335955.0
1749254400,0.17878,0.18272,0.17776,0.18256,106727822.0
1749268800,0.18256,0.18637,0.1815,0.18531,103496502.0
1749283200,0.18531,0.18731,0.18429,0.186,99359780.0
1749297600,0.186,0.1887,0.18576,0.18667,94817035.0
1749312000,0.18667,0.18733,0.18185,0.18326,124060428.0
1749326400,0.18326,0.18642,0.18326,0.18511,51486239.0
1749340800,0.18511,0.18511,0.18314,0.18328,79401506.0
1749355200,0.18328,0.18483,0.18285,0.183,54836056.0
1749369600,0.183,0.18423,0.18046,0.1838,107262077.0
1749384000,0.1838,0.18544,0.18242,0.18408,103599410.0
1749398400,0.18408,0.18638,0.18388,0.18611,70560451.0
1749412800,0.18611,0.18699,0.18367,0.18418,59359493.0
1749427200,0.18418,0.18462,0.18122,0.18266,81508339.0
1749441600,0.18266,0.18283,0.18022,0.18151,85089000.0
1749456000,0.18151,0.18741,0.18082,0.18638,176855225.0
1749470400,0.18638,0.18659,0.1825,0.18448,123479308.0
1749484800,0.18448,0.18793,0.18448,0.18652,137441729.0
1749499200,0.18652,0.19612,0.18652,0.1949,257329075.0
1749513600,0.1949,0.19623,0.19282,0.19364,145124409.0
1749528000,0.19364,0.19395,0.18992,0.19102,138269327.0
1749542400,0.19102,0.19596,0.18965,0.19481,177051845.0
1749556800,0.19481,0.19755,0.1888,0.1911,252215867.0
1749571200,0.1911,0.1966,0.18997,0.19462,106598461.0
1749585600,0.19462,0.19876,0.19326,0.1985,163105120.0
1749600000,0.1985,0.19905,0.19465,0.19765,125074173.0
1749614400,0.19765,0.20672,0.19689,0.20249,237708916.0
1749628800,0.20249,0.20396,0.19821,0.19912,179911477.0
1749643200,0.19912,0.2035,0.19831,0.20321,245487002.0
1749657600,0.20321,0.20404,0.19416,0.19505,200305965.0
1749672000,0.19505,0.19722,0.19125,0.19294,134222115.0
1749686400,0.19294,0.19368,0.19009,0.19071,121921931.0
1749700800,0.19071,0.19135,0.18903,0.18955,134926243.0
1749715200,0.18955,0.1903,0.1864,0.18714,135893331.0
1749729600,0.18714,0.18991,0.18556,0.1859,203648891.0
1749744000,0.1859,0.19011,0.18379,0.18474,135803535.0
1749758400,0.18474,0.18567,0.18,0.1811,200446560.0
1749772800,0.1811,0.18148,0.16987,0.17436,690382202.0
1749787200,0.17436,0.17458,0.1715,0.1744,143848749.0
1749801600,0.1744,0.17642,0.17316,0.1757,196611978.0
1749816000,0.1757,0.17874,0.17372,0.17784,186251627.0
1749830400,0.17784,0.17993,0.17559,0.17654,142327554.0
1749844800,0.17654,0.18044,0.17611,0.1804,70539545.0
1749859200,0.1804,0.18044,0.17701,0.1778,108345960.0
1749873600,0.1778,0.179,0.1756,0.17662,176868175.0
1749888000,0.17662,0.17798,0.17598,0.17791,55713454.0
1749902400,0.17791,0.1784,0.17572,0.17673,59697484.0
1749916800,0.17673,0.17828,0.17459,0.17609,90526596.0
1749931200,0.17609,0.17856,0.1752,0.17824,50562016.0
1749945600,0.17824,0.17871,0.17733,0.17765,35381316.0
1749960000,0.17765,0.17846,0.17525,0.17559,163597632.0
1749974400,0.17559,0.17571,0.17361,0.17424,76834599.0
1749988800,0.17424,0.17741,0.17387,0.17595,112949125.0
1750003200,0.17595,0.1768,0.17268,0.17367,82976734.0
1750017600,0.17367,0.17594,0.17142,0.17553,97825001.0
1750032000,0.17553,0.17697,0.17281,0.17592,159482121.0
1750046400,0.17592,0.17885,0.17591,0.17833,161627279.0
1750060800,0.17833,0.1784,0.17534,0.1767,106887541.0
1750075200,0.1767,0.17946,0.17626,0.17756,156204797.0
1750089600,0.17756,0.18115,0.17726,0.17995,125269425.0
1750104000,0.17995,0.18037,0.17209,0.17272,190524330.0
1750118400,0.17272,0.17612,0.16851,0.17525,241675182.0
1750132800,0.17525,0.17547,0.1731,0.17382,67515417.0
1750147200,0.17382,0.17406,0.17056,0.17137,100766102.0
1750161600,0.17137,0.17238,0.16647,0.16791,201279596.0
1750176000,0.16791,0.1715,0.16392,0.17037,212321059.0
1750190400,0.17037,0.17086,0.16834,0.16936,79196478.0
1750204800,0.16936,0.17178,0.16911,0.17064,78193669.0
1750219200,0.17064,0.17222,0.17,0.17119,56746881.0
1750233600,0.17119,0.17173,0.1662,0.16871,121468324.0
1750248000,0.16871,0.16948,0.16405,0.16817,200026338.0
1750262400,0.16817,0.16895,0.16524,0.16699,153876428.0
1750276800,0.16699,0.17158,0.16622,0.17068,69280879.0
1750291200,0.17068,0.17204,0.16934,0.17091,53897437.0
1750305600,0.17091,0.17152,0.1699,0.16999,43275999.0
1750320000,0.16999,0.17085,0.16853,0.16896,57893257.0
1750334400,0.16896,0.16999,0.16773,0.16828,73620696.0
1750348800,0.16828,0.17098,0.16803,0.16976,58897868.0
1750363200,0.16976,0.17175,0.16929,0.17092,50447846.0
1750377600,0.17092,0.17156,0.16912,0.16929,104885661.0
1750392000,0.16929,0.17061,0.16712,0.17054,117699738.0
1750406400,0.17054,0.17141,0.16976,0.17079,108840385.0
1750420800,0.17079,0.17197,0.16558,0.16603,168307490.0
1750435200,0.16603,0.16617,0.15839,0.16282,390901810.0
1750449600,0.16282,0.16432,0.16099,0.16234,61393104.0
1750464000,0.16234,0.1638,0.16199,0.16337,39783728.0
1750478400,0.16337,0.1635,0.16254,0.16283,28108655.0
1750492800,0.16283,0.16436,0.1627,0.16331,33847557.0
1750507200,0.16331,0.16349,0.15903,0.16023,135342266.0
1750521600,0.16023,0.16099,0.15717,0.15737,104923621.0
1750536000,0.15737,0.15895,0.15025,0.15448,351903789.0
1750550400,0.15448,0.15769,0.15263,0.15465,220853975.0
1750564800,0.15465,0.15731,0.1542,0.15629,86304240.0
1750579200,0.15629,0.15719,0.15357,0.15561,100214086.0
1750593600,0.15561,0.15637,0.14526,0.14623,763083255.0
1750608000,0.14623,0.15053,0.14563,0.14741,297707682.0
1750622400,0.14741,0.152,0.1427,0.15129,333372766.0
1750636800,0.15129,0.15308,0.15063,0.15219,128577166.0
1750651200,0.15219,0.155,0.15192,0.15383,103815147.0
1750665600,0.15383,0.15453,0.1512,0.15217,86262378.0
1750680000,0.15217,0.15657,0.15107,0.15245,230547956.0
1750694400,0.15245,0.15779,0.14861,0.15721,255804483.0
1750708800,0.15721,0.16525,0.15686,0.16376,255143328.0
1750723200,0.16376,0.16444,0.16184,0.16294,143781346.0
1750737600,0.16294,0.16767,0.16246,0.16313,326846966.0
1750752000,0.16313,0.16527,0.16221,0.1636,108661486.0
1750766400,0.1636,0.16482,0.16167,0.16359,116616558.0
1750780800,0.16359,0.16653,0.16272,0.1637,148897362.0
1750795200,0.1637,0.16576,0.16351,0.16571,44543261.0
1750809600,0.16571,0.16704,0.16451,0.16535,88064006.0
1750824000,0.16535,0.16746,0.1643,0.16631,68617475.0
1750838400,0.16631,0.16655,0.16424,0.16561,100828828.0
1750852800,0.16561,0.1677,0.16253,0.16296,246039763.0
1750867200,0.16296,0.16654,0.16295,0.16601,131096575.0
1750881600,0.16601,0.16691,0.16351,0.16459,43376779.0
1750896000,0.16459,0.16809,0.16393,0.16592,131691926.0
1750910400,0.16592,0.16605,0.16389,0.16488,69771078.0
1750924800,0.16488,0.16549,0.1611,0.16159,105006571.0
1750939200,0.16159,0.16187,0.15792,0.16011,239660238.0
1750953600,0.16011,0.16131,0.15918,0.16098,79569877.0
1750968000,0.16098,0.16371,0.15915,0.16001,138921520.0
1750982400,0.16001,0.1627,0.15805,0.16223,86402354.0
1750996800,0.16223,0.16266,0.16049,0.16079,42215658.0
1751011200,0.16079,0.16216,0.16018,0.16053,52649641.0
1751025600,0.16053,0.16171,0.15824,0.1611,95606775.0
1751040000,0.1611,0.16307,0.15704,0.15914,103100331.0
1751054400,0.15914,0.1616,0.15892,0.16104,56865272.0
1751068800,0.16104,0.16245,0.1604,0.16203,47330565.0
1751083200,0.16203,0.16339,0.16159,0.16324,62527748.0
1751097600,0.16324,0.16343,0.16212,0.16219,50929411.0
1751112000,0.16219,0.16325,0.1613,0.16292,35790715.0
1751126400,0.16292,0.165,0.16247,0.16359,70395722.0
1751140800,0.16359,0.16462,0.16311,0.16363,22231314.0
1751155200,0.16363,0.16428,0.16259,0.1627,37130248.0
1751169600,0.1627,0.16412,0.1626,0.16392,24673164.0
1751184000,0.16392,0.1651,0.16359,0.16459,70082639.0
1751198400,0.16459,0.16513,0.16322,0.16336,81031013.0
1751212800,0.16336,0.16487,0.16316,0.16412,37466715.0
1751227200,0.16412,0.17006,0.16327,0.16944,167263090.0
1751241600,0.16944,0.16993,0.16663,0.16744,98591904.0
1751256000,0.16744,0.16796,0.16428,0.16581,83265616.0
1751270400,0.16581,0.16607,0.16451,0.16477,79529106.0
1751284800,0.16477,0.1658,0.16222,0.16493,209974985.0
1751299200,0.16493,0.16782,0.16418,0.16756,103705196.0
1751313600,0.16756,0.16793,0.16481,0.16518,79091454.0
1751328000,0.16518,0.16632,0.16403,0.16492,67684972.0
1751342400,0.16492,0.16493,0.16117,0.16252,88523431.0
1751356800,0.16252,0.16253,0.16066,0.16083,79969668.0
1751371200,0.16083,0.1612,0.15845,0.15936,134070106.0
1751385600,0.15936,0.15989,0.15746,0.15797,77131039.0
1751400000,0.15797,0.15893,0.15674,0.15778,58971742.0
1751414400,0.15778,0.15956,0.15655,0.15945,57145391.0
1751428800,0.15945,0.16174,0.15913,0.16083,72939956.0
1751443200,0.16083,0.16226,0.16083,0.16116,58408192.0
1751457600,0.16116,0.16597,0.16,0.16582,154698364.0
1751472000,0.16582,0.17268,0.16575,0.17095,389306375.0
1751486400,0.17095,0.17233,0.16843,0.16869,115739676.0
1751500800,0.16869,0.1699,0.1674,0.16865,149830452.0
1751515200,0.16865,0.17516,0.16841,0.17451,244805056.0
1751529600,0.17451,0.17542,0.17282,0.17367,150272049.0
1751544000,0.17367,0.17519,0.16933,0.16962,349861895.0
1751558400,0.16962,0.17215,0.16899,0.17183,76490186.0
1751572800,0.17183,0.17284,0.1718,0.17201,43214003.0
1751587200,0.17201,0.17296,0.17014,0.17084,98600609.0
1751601600,0.17084,0.17122,0.16642,0.16661,159232105.0
1751616000,0.16661,0.16781,0.16484,0.16668,118749854.0
1751630400,0.16668,0.16731,0.1626,0.16316,158318063.0
1751644800,0.16316,0.16339,0.16128,0.16199,148574438.0
1751659200,0.16199,0.16431,0.16179,0.16288,73464081.0
1751673600,0.16288,0.16467,0.1619,0.16438,77888717.0
1751688000,0.16438,0.16507,0.1633,0.16443,65068667.0
1751702400,0.16443,0.16499,0.16317,0.16411,36342003.0
1751716800,0.16411,0.16444,0.16284,0.16299,32766962.0
1751731200,0.16299,0.16371,0.16219,0.16341,43492907.0
1751745600,0.16341,0.16472,0.16321,0.16421,37232116.0
1751760000,0.16421,0.16456,0.1633,0.16379,50451860.0
1751774400,0.16379,0.16433,0.16313,0.16381,26931711.0
1751788800,0.16381,0.16554,0.16313,0.16547,72608916.0
1751803200,0.16547,0.17524,0.16502,0.17019,491712710.0
1751817600,0.17019,0.17106,0.16741,0.16942,93042673.0
1751832000,0.16942,0.17378,0.16941,0.17196,145231451.0
1751846400,0.17196,0.17719,0.17016,0.17501,184370681.0
1751860800,0.17501,0.17592,0.17177,0.17322,176064373.0
1751875200,0.17322,0.17337,0.17048,0.17094,92898984.0
1751889600,0.17094,0.17099,0.16791,0.16856,167448780.0
1751904000,0.16856,0.16914,0.16626,0.16795,167534425.0
1751918400,0.16795,0.16804,0.16569,0.16792,71651329.0
1751932800,0.16792,0.16878,0.16589,0.16795,144416730.0
1751947200,0.16795,0.16897,0.16732,0.1688,53062882.0
1751961600,0.1688,0.17194,0.16802,0.17095,130187547.0
1751976000,0.17095,0.17189,0.16836,0.16924,107473127.0
1751990400,0.16924,0.172,0.16857,0.17069,90602995.0
1752004800,0.17069,0.1713,0.16988,0.17094,35224069.0
1752019200,0.17094,0.17246,0.16991,0.17045,100060702.0
1752033600,0.17045,0.17362,0.1702,0.17191,94322170.0
1752048000,0.17191,0.17384,0.17111,0.17329,80030481.0
1752062400,0.17329,0.17479,0.17123,0.17303,182052618.0
1752076800,0.17303,0.17769,0.17196,0.17692,291349079.0
1752091200,0.17692,0.18661,0.17521,0.18053,440381895.0
1752105600,0.18053,0.18169,0.17874,0.18027,134514171.0
1752120000,0.18027,0.18246,0.17939,0.18172,98595344.0
1752134400,0.18172,0.18273,0.18042,0.18064,109952252.0
1752148800,0.18064,0.18099,0.17889,0.18059,115256427.0
1752163200,0.18059,0.18748,0.18018,0.18575,290364489.0
1752177600,0.18575,0.19641,0.18572,0.19507,397459426.0
1752192000,0.19507,0.1992,0.19115,0.1983,280621902.0
1752206400,0.1983,0.20139,0.19498,0.19646,335649307.0
1752220800,0.19646,0.2005,0.19645,0.19901,212528840.0
1752235200,0.19901,0.2094,0.19787,0.20121,717056322.0
1752249600,0.20121,0.21366,0.19941,0.21171,625651362.0
1752264000,0.21171,0.21172,0.19628,0.20103,288723784.0
1752278400,0.20103,0.20654,0.19773,0.20394,173232028.0
1752292800,0.20394,0.20476,0.20026,0.20124,144469923.0
1752307200,0.20124,0.20285,0.19919,0.20048,120119653.0
1752321600,0.20048,0.20074,0.1919,0.19314,332017390.0
1752336000,0.19314,0.19819,0.19212,0.19746,98440441.0
1752350400,0.19746,0.19786,0.19413,0.19742,72048425.0
1752364800,0.19742,0.19944,0.19626,0.19853,93741226.0
1752379200,0.19853,0.19993,0.19743,0.19939,92460353.0
1752393600,0.19939,0.19939,0.19642,0.19892,98736900.0
1752408000,0.19892,0.20412,0.19829,0.20013,268866314.0
1752422400,0.20013,0.2034,0.19782,0.20126,134471587.0
1752436800,0.20126,0.20198,0.19576,0.19855,132529526.0
1752451200,0.19855,0.2065,0.19765,0.2046,234514278.0
1752465600,0.2046,0.21097,0.20327,0.20768,392834091.0
1752480000,0.20768,0.2093,0.20463,0.20565,303851669.0
1752494400,0.20565,0.20714,0.19803,0.19931,376366602.0
1752508800,0.19931,0.20159,0.19717,0.19837,163313854.0
1752523200,0.19837,0.19857,0.19464,0.19749,151921953.0
1752537600,0.19749,0.19842,0.18842,0.19035,313613483.0
1752552000,0.19035,0.19254,0.18857,0.19072,175358987.0
1752566400,0.19072,0.19278,0.1896,0.192,155508502.0
1752580800,0.192,0.19578,0.18938,0.19269,313399512.0
1752595200,0.19269,0.19847,0.19159,0.19189,228154860.0
1752609600,0.19189,0.19934,0.19122,0.19919,127819167.0
1752624000,0.19919,0.20232,0.19578,0.197,254295389.0
1752638400,0.197,0.2,0.19553,0.1991,117465685.0
1752652800,0.1991,0.20226,0.19832,0.20078,223452192.0
1752667200,0.20078,0.20675,0.19927,0.20327,329203768.0
1752681600,0.20327,0.21074,0.20221,0.20877,342099196.0
1752696000,0.20877,0.22073,0.20851,0.2127,519049902.0
1752710400,0.2127,0.21783,0.2066,0.20819,365402583.0
1752724800,0.20819,0.214,0.20736,0.21207,250961947.0
1752739200,0.21207,0.2172,0.21144,0.21579,303893669.0
1752753600,0.21579,0.21865,0.20935,0.21381,446883657.0
1752768000,0.21381,0.21574,0.2081,0.21144,294586374.0
1752782400,0.21144,0.22236,0.20779,0.21826,471349697.0
1752796800,0.21826,0.23783,0.21618,0.2364,858433773.0
1752811200,0.2364,0.24909,0.23352,0.23894,961865891.0
1752825600,0.23894,0.24259,0.23582,0.23998,528681544.0
1752840000,0.23998,0.2542,0.23413,0.23713,1081502526.0
1752854400,0.23713,0.24098,0.23137,0.23403,387890284.0
1752868800,0.23403,0.23673,0.22705,0.2358,394821042.0
1752883200,0.2358,0.252,0.23558,0.24934,518497496.0
1752897600,0.24934,0.257,0.24886,0.25372,605394628.0
1752912000,0.25372,0.25777,0.24412,0.24494,494558769.0
1752926400,0.24494,0.2476,0.23897,0.24235,387261989.0
1752940800,0.24235,0.24411,0.23963,0.24269,166247486.0
1752955200,0.24269,0.24324,0.23741,0.24143,160609668.0
1752969600,0.24143,0.25711,0.23998,0.25521,654490811.0
1752984000,0.25521,0.25776,0.24889,0.25144,380287652.0
1752998400,0.25144,0.25582,0.25019,0.25159,326032403.0
1753012800,0.25159,0.25524,0.25001,0.25415,303230338.0
1753027200,0.25415,0.2783,0.25415,0.27385,1132434662.0
1753041600,0.27385,0.27739,0.26255,0.27375,595489298.0
1753056000,0.27375,0.27789,0.26428,0.27128,567579268.0
1753070400,0.27128,0.27858,0.26904,0.27355,346285148.0
1753084800,0.27355,0.27931,0.26726,0.27105,443405408.0
1753099200,0.27105,0.28608,0.26923,0.28216,737502436.0
1753113600,0.28216,0.2875,0.2675,0.26874,775666887.0
1753128000,0.26874,0.27378,0.26554,0.27142,248771586.0
1753142400,0.27142,0.27492,0.26262,0.26604,561332372.0
1753156800,0.26604,0.26957,0.25735,0.26649,532153450.0
1753171200,0.26649,0.26902,0.26295,0.26709,307271879.0
1753185600,0.26709,0.26881,0.25923,0.26642,351581095.0
1753200000,0.26642,0.27023,0.2579,0.25972,289411682.0
1753214400,0.25972,0.27111,0.25917,0.27093,150540308.0
1753228800,0.27093,0.27108,0.26314,0.26416,205304493.0
1753243200,0.26416,0.26695,0.25866,0.26013,184465237.0
1753257600,0.26013,0.26161,0.25347,0.25588,260129838.0
1753272000,0.25588,0.25626,0.24059,0.24971,768166476.0
1753286400,0.24971,0.24971,0.23713,0.24222,397961560.0
1753300800,0.24222,0.24405,0.2305,0.24083,440271578.0
1753315200,0.24083,0.24665,0.23845,0.24298,362374504.0
1753329600,0.24298,0.24431,0.22176,0.23299,784278878.0
1753344000,0.23299,0.23981,0.23121,0.2387,304831718.0
1753358400,0.2387,0.24502,0.23266,0.24005,433753266.0
1753372800,0.24005,0.24159,0.23379,0.23829,227366847.0
1753387200,0.23829,0.24101,0.23112,0.23218,177410874.0
1753401600,0.23218,0.23245,0.2223,0.22544,458296652.0
1753416000,0.22544,0.22994,0.22267,0.22587,344208507.0
1753430400,0.22587,0.23334,0.22526,0.23109,351226369.0
1753444800,0.23109,0.23282,0.22085,0.22435,401733605.0
1753459200,0.22435,0.22923,0.22221,0.22717,199731819.0
1753473600,0.22717,0.23697,0.22703,0.23673,202741175.0
1753488000,0.23673,0.23882,0.23296,0.23664,171659937.0
1753502400,0.23664,0.23892,0.23652,0.23692,124690239.0
1753516800,0.23692,0.24015,0.23563,0.23667,128345078.0
1753531200,0.23667,0.2399,0.2354,0.2387,111141091.0
1753545600,0.2387,0.2398,0.23442,0.23904,109967082.0
1753560000,0.23904,0.24029,0.23515,0.23543,88060303.0
1753574400,0.23543,0.24001,0.23488,0.23924,125416303.0
1753588800,0.23924,0.24339,0.23628,0.23698,180814719.0
1753603200,0.23698,0.23944,0.23432,0.23651,204022492.0
1753617600,0.23651,0.23915,0.23451,0.2368,142421461.0
1753632000,0.2368,0.24195,0.23663,0.23957,241138506.0
1753646400,0.23957,0.24372,0.23753,0.24071,144503954.0
1753660800,0.24071,0.24567,0.23787,0.24477,312825380.0
1753675200,0.24477,0.24859,0.24144,0.24333,281855434.0
1753689600,0.24333,0.24404,0.23966,0.24157,173018738.0
1753704000,0.24157,0.24287,0.23063,0.23221,402229364.0
1753718400,0.23221,0.23389,0.22744,0.22961,258572805.0
1753732800,0.22961,0.22989,0.22426,0.22615,191810405.0
1753747200,0.22615,0.22842,0.22231,0.227,275976542.0
1753761600,0.227,0.23276,0.22566,0.23179,182825886.0
1753776000,0.23179,0.23227,0.22525,0.22764,151800206.0
1753790400,0.22764,0.23102,0.22061,0.22269,262878535.0
1753804800,0.22269,0.22455,0.21744,0.22143,212351161.0
1753819200,0.22143,0.22444,0.21933,0.22392,106732097.0
1753833600,0.22392,0.22655,0.22109,0.22442,113970457.0
1753848000,0.22442,0.22517,0.22127,0.22196,90245968.0
1753862400,0.22196,0.22352,0.21482,0.21608,221945614.0
1753876800,0.21608,0.22307,0.2143,0.22142,285940983.0
1753891200,0.22142,0.22451,0.209,0.21732,391380252.0
1753905600,0.21732,0.22058,0.21543,0.21999,114397869.0
1753920000,0.21999,0.22384,0.21898,0.22306,124839973.0
1753934400,0.22306,0.22432,0.2221,0.22356,85535933.0
1753948800,0.22356,0.22566,0.22148,0.22224,91716886.0
1753963200,0.22224,0.22258,0.21468,0.21763,192962698.0
1753977600,0.21763,0.22138,0.21281,0.21379,148710285.0
1753992000,0.21379,0.21469,0.20814,0.20974,200118540.0
1754006400,0.20974,0.21059,0.20335,0.20912,386372943.0
1754020800,0.20912,0.20913,0.20388,0.20597,205037433.0
1754035200,0.20597,0.20757,0.20088,0.20755,258034956.0
1754049600,0.20755,0.21025,0.20196,0.20962,369820366.0
1754064000,0.20962,0.2125,0.2038,0.2084,256252354.0
1754078400,0.2084,0.20883,0.19583,0.20097,460919752.0
1754092800,0.20097,0.203,0.20016,0.2023,153808700.0
1754107200,0.2023,0.20352,0.19446,0.20018,312387874.0
1754121600,0.20018,0.201,0.19721,0.19973,100465138.0
1754136000,0.19973,0.20008,0.19364,0.19456,203468269.0
1754150400,0.19456,0.19734,0.18959,0.19242,373322685.0
1754164800,0.19242,0.19474,0.18944,0.19098,196701393.0
1754179200,0.19098,0.19646,0.18845,0.1958,256954499.0
1754193600,0.1958,0.19691,0.19496,0.1963,83349327.0
1754208000,0.1963,0.1995,0.19556,0.19782,108833198.0
1754222400,0.19782,0.19931,0.19677,0.19893,133839421.0
1754236800,0.19893,0.20023,0.19782,0.19892,101608642.0
1754251200,0.19892,0.20047,0.19794,0.19876,59043870.0
1754265600,0.19876,0.20297,0.1985,0.20171,167727434.0
1754280000,0.20171,0.20393,0.19957,0.20311,204481422.0
1754294400,0.20311,0.20406,0.20026,0.20104,126699609.0
1754308800,0.20104,0.20629,0.20047,0.20385,234536663.0
1754323200,0.20385,0.20982,0.20385,0.20467,180922793.0
1754337600,0.20467,0.21127,0.20436,0.21039,102207774.0
1754352000,0.21039,0.21106,0.20611,0.2064,127227763.0
1754366400,0.2064,0.20748,0.20151,0.20187,131357961.0
1754380800,0.20187,0.20885,0.20129,0.20744,118471747.0
1754395200,0.20744,0.20767,0.19729,0.19823,275453110.0
1754409600,0.19823,0.20017,0.19682,0.19786,110416077.0
1754424000,0.19786,0.20035,0.19602,0.19981,81097133.0
1754438400,0.19981,0.19988,0.19599,0.19642,85111669.0
1754452800,0.19642,0.2024,0.1956,0.20139,128824653.0
1754467200,0.20139,0.20202,0.19877,0.20048,92663614.0
1754481600,0.20048,0.20571,0.19851,0.20524,175741527.0
1754496000,0.20524,0.20716,0.20316,0.20583,100024243.0
1754510400,0.20583,0.20585,0.20447,0.20524,42560984.0
1754524800,0.20524,0.20659,0.20331,0.20391,92846938.0
1754539200,0.20391,0.20664,0.20383,0.20578,80139212.0
1754553600,0.20578,0.21491,0.20529,0.21426,358776738.0
1754568000,0.21426,0.21613,0.21216,0.21434,275972359.0
1754582400,0.21434,0.21833,0.21014,0.21725,148656077.0
1754596800,0.21725,0.22304,0.21638,0.22228,166494058.0
1754611200,0.22228,0.22485,0.21953,0.22288,320113222.0
1754625600,0.22288,0.22512,0.21967,0.22456,132584442.0
1754640000,0.22456,0.22684,0.22148,0.22362,137246249.0
1754654400,0.22362,0.22943,0.21967,0.22125,235391782.0
1754668800,0.22125,0.22987,0.22077,0.22916,192988388.0
1754683200,0.22916,0.23254,0.22714,0.23039,188123143.0
1754697600,0.23039,0.23389,0.22972,0.23026,158147687.0
1754712000,0.23026,0.2367,0.22978,0.2358,240126764.0
1754726400,0.2358,0.2388,0.23513,0.23776,194129441.0
1754740800,0.23776,0.24454,0.23581,0.24077,362902582.0
1754755200,0.24077,0.24676,0.24032,0.243,313255927.0
1754769600,0.243,0.24512,0.23945,0.23995,191519081.0
1754784000,0.23995,0.24348,0.23876,0.24263,211312996.0
1754798400,0.24263,0.24346,0.23138,0.23242,270487199.0
1754812800,0.23242,0.23457,0.22941,0.23097,182324172.0
1754827200,0.23097,0.23492,0.22953,0.23257,250056183.0
1754841600,0.23257,0.23554,0.232,0.23498,87212275.0
1754856000,0.23498,0.23517,0.23103,0.23385,99516906.0
1754870400,0.23385,0.24179,0.23219,0.23934,274906696.0
1754884800,0.23934,0.24132,0.2332,0.23339,247639044.0
1754899200,0.23339,0.23673,0.22692,0.2283,255976877.0
1754913600,0.2283,0.2316,0.22562,0.23153,316304551.0
1754928000,0.23153,0.2338,0.22593,0.22746,195723860.0
1754942400,0.22746,0.2279,0.22117,0.22207,147999243.0
1754956800,0.22207,0.22745,0.22188,0.22454,167590457.0
1754971200,0.22454,0.22645,0.2213,0.22521,128930522.0
1754985600,0.22521,0.2256,0.21865,0.22148,182726263.0
1755000000,0.22148,0.22997,0.22063,0.22958,433033211.0
1755014400,0.22958,0.23611,0.22802,0.23576,256520093.0
1755028800,0.23576,0.23835,0.23477,0.23582,210381271.0
1755043200,0.23582,0.24,0.23132,0.23819,303746109.0
1755057600,0.23819,0.24496,0.23451,0.24488,497339803.0
1755072000,0.24488,0.25058,0.24454,0.24663,476885768.0
1755086400,0.24663,0.24866,0.23916,0.24122,478706984.0
1755100800,0.24122,0.24425,0.24027,0.2439,193820347.0
1755115200,0.2439,0.24626,0.24194,0.24482,153614612.0
1755129600,0.24482,0.25574,0.24262,0.2527,538611176.0
1755144000,0.2527,0.25457,0.24336,0.24503,353619958.0
1755158400,0.24503,0.24511,0.23624,0.23797,413088055.0
1755172800,0.23797,0.23926,0.21839,0.22542,1116668635.0
1755187200,0.22542,0.22552,0.2208,0.22348,392251812.0
1755201600,0.22348,0.2243,0.21578,0.22382,424139273.0
1755216000,0.22382,0.23,0.22286,0.22989,258458644.0
1755230400,0.22989,0.23299,0.22744,0.23059,254862292.0
1755244800,0.23059,0.23278,0.22882,0.22974,216186899.0
1755259200,0.22974,0.23227,0.22097,0.22231,477574405.0
1755273600,0.22231,0.22538,0.22006,0.22178,258375466.0
1755288000,0.22178,0.23185,0.22075,0.22886,230834609.0
1755302400,0.22886,0.23622,0.2281,0.23271,261981954.0
1755316800,0.23271,0.23383,0.22964,0.2331,166912278.0
1755331200,0.2331,0.23497,0.22711,0.22724,249029049.0
1755345600,0.22724,0.23027,0.22522,0.22863,172642738.0
1755360000,0.22863,0.23118,0.22801,0.22932,144211746.0
1755374400,0.22932,0.23152,0.22886,0.23115,66659699.0
1755388800,0.23115,0.23448,0.22835,0.23359,137867448.0
1755403200,0.23359,0.23605,0.23227,0.23282,216552774.0
1755417600,0.23282,0.23561,0.2324,0.23457,136466256.0
1755432000,0.23457,0.24237,0.23219,0.24161,282928479.0
1755446400,0.24161,0.24259,0.23064,0.23227,290388241.0
1755460800,0.23227,0.23821,0.23185,0.23456,145775593.0
1755475200,0.23456,0.23553,0.22242,0.22437,378078684.0
1755489600,0.22437,0.22649,0.2206,0.22176,260304954.0
1755504000,0.22176,0.2235,0.21992,0.22178,271366772.0
1755518400,0.22178,0.22461,0.22038,0.22358,445355282.0
1755532800,0.22358,0.22549,0.22075,0.22381,282389016.0
1755547200,0.22381,0.22693,0.22179,0.22262,189612984.0
1755561600,0.22262,0.22567,0.21567,0.21638,280581018.0
1755576000,0.21638,0.21841,0.21435,0.21776,246883071.0
1755590400,0.21776,0.22067,0.21624,0.2203,250646940.0
1755604800,0.2203,0.22235,0.21369,0.21441,434004840.0
1755619200,0.21441,0.21491,0.21043,0.21205,359918404.0
1755633600,0.21205,0.21427,0.20869,0.20943,226059988.0
1755648000,0.20943,0.21327,0.20804,0.21181,405108296.0
1755662400,0.21181,0.21413,0.21155,0.21264,732438727.0
1755676800,0.21264,0.21576,0.21132,0.21404,164930724.0
1755691200,0.21404,0.218,0.20747,0.21507,354283276.0
1755705600,0.21507,0.22174,0.21506,0.22132,282365336.0
1755720000,0.22132,0.22287,0.22046,0.22169,162980790.0
1755734400,0.22169,0.2245,0.21949,0.222,188650332.0
1755748800,0.222,0.22416,0.2199,0.22142,157240443.0
1755763200,0.22142,0.2218,0.2167,0.21759,130351045.0
1755777600,0.21759,0.2207,0.21451,0.2155,281605945.0
1755792000,0.2155,0.21827,0.21452,0.21515,132939336.0
1755806400,0.21515,0.21757,0.21388,0.21473,92847313.0
1755820800,0.21473,0.2192,0.21456,0.21576,134385719.0
1755835200,0.21576,0.21873,0.2152,0.21794,137455820.0
1755849600,0.21794,0.21909,0.2118,0.21198,164352137.0
1755864000,0.21198,0.23371,0.20828,0.23013,1239791292.0
1755878400,0.23013,0.23979,0.2301,0.23876,485686208.0
1755892800,0.23876,0.24222,0.23865,0.24054,308943765.0
1755907200,0.24054,0.2409,0.22902,0.23155,473067400.0
1755921600,0.23155,0.23937,0.23133,0.23722,311240422.0
1755936000,0.23722,0.23978,0.23549,0.23616,209151113.0
1755950400,0.23616,0.23903,0.2344,0.23645,222354591.0
1755964800,0.23645,0.23758,0.23552,0.23736,100243010.0
1755979200,0.23736,0.23753,0.2339,0.23631,67636607.0
1755993600,0.23631,0.23714,0.23625,0.23713,10885783.0
1756281600,0.21882,0.22123,0.2174,0.22037,132015318.0
1756296000,0.22037,0.2228,0.21781,0.22163,221588470.0
1756310400,0.22163,0.22339,0.21862,0.22022,167788865.0
1756324800,0.22022,0.22388,0.21803,0.21892,377304321.0
1756339200,0.21892,0.22173,0.21668,0.22128,203449691.0
1756353600,0.22128,0.22555,0.22092,0.22398,199908714.0
1756368000,0.22398,0.22597,0.2225,0.2239,116217771.0
1756382400,0.2239,0.22518,0.22013,0.2212,198242573.0
1756396800,0.2212,0.22352,0.2193,0.21965,126377976.0
1756411200,0.21965,0.22486,0.21918,0.22437,113876135.0
1756425600,0.22437,0.22539,0.21948,0.22258,158374331.0
1756440000,0.22258,0.22294,0.21428,0.21462,280991903.0
1756454400,0.21462,0.21584,0.2117,0.2148,194633304.0
1756468800,0.2148,0.22102,0.21216,0.21329,416699668.0
1756483200,0.21329,0.21433,0.20977,0.21203,241781124.0
1756497600,0.21203,0.2146,0.20981,0.21391,132296468.0
1756512000,0.21391,0.21885,0.21126,0.21764,197948633.0
1756526400,0.21764,0.21828,0.21603,0.21729,94412545.0
1756540800,0.21729,0.21768,0.2148,0.21588,78795896.0
1756555200,0.21588,0.21672,0.21283,0.21603,104031395.0
1756569600,0.21603,0.21605,0.21458,0.21541,33572540.0
1756584000,0.21541,0.21612,0.21446,0.21595,30002682.0
1756598400,0.21595,0.22134,0.21595,0.22062,121834390.0
1756612800,0.22062,0.22071,0.2171,0.21798,81202654.0
1756627200,0.21798,0.21932,0.21609,0.21837,80149105.0
1756641600,0.21837,0.21863,0.21627,0.21857,61730092.0
1756656000,0.21857,0.21862,0.21698,0.21732,54883624.0
1756670400,0.21732,0.21816,0.21327,0.21371,91163200.0
1756684800,0.21371,0.2141,0.20885,0.21046,235339981.0
1756699200,0.21046,0.21805,0.2082,0.218,287696013.0
1756713600,0.218,0.21988,0.21514,0.21595,273650633.0
1756728000,0.21595,0.21716,0.21272,0.2134,199674834.0
1756742400,0.2134,0.2135,0.2102,0.21237,143617971.0
1756756800,0.21237,0.21281,0.20476,0.21073,382582326.0
1756771200,0.21073,0.21416,0.2092,0.2134,158826721.0
1756785600,0.2134,0.2149,0.21168,0.21227,113431088.0
1756800000,0.21227,0.2141,0.21114,0.21151,108875200.0
1756814400,0.21151,0.21397,0.20658,0.20939,403983620.0
1756828800,0.20939,0.21322,0.20933,0.21125,110679891.0
1756843200,0.21125,0.21557,0.2108,0.21489,135563976.0
1756857600,0.21489,0.21686,0.21249,0.21531,169820866.0
1756872000,0.21531,0.21637,0.21409,0.21608,106788821.0
1756886400,0.21608,0.21724,0.21471,0.21642,111301290.0
1756900800,0.21642,0.21967,0.2151,0.21889,178683343.0
1756915200,0.21889,0.22141,0.21741,0.22122,129551051.0
1756929600,0.22122,0.22351,0.22026,0.2203,128759222.0
1756944000,0.2203,0.22111,0.21594,0.21642,131772408.0
1756958400,0.21642,0.21735,0.21413,0.21527,130265336.0
1756972800,0.21527,0.21661,0.21478,0.21559,72070368.0
1756987200,0.21559,0.21702,0.21162,0.21232,185688377.0
1757001600,0.21232,0.21354,0.21047,0.21074,93128103.0
1757016000,0.21074,0.21471,0.21056,0.21241,76548262.0
1757030400,0.21241,0.21502,0.21182,0.21427,85178916.0
1757044800,0.21427,0.21838,0.2135,0.21808,120100272.0
1757059200,0.21808,0.21814,0.21529,0.21677,117167334.0
1757073600,0.21677,0.22097,0.21241,0.21421,573743849.0
1757088000,0.21421,0.21735,0.21366,0.2173,83100925.0
1757102400,0.2173,0.22019,0.21702,0.21788,197332416.0
1757116800,0.21788,0.21888,0.21687,0.21772,59756666.0
1757131200,0.21772,0.21786,0.21523,0.21588,68992161.0
1757145600,0.21588,0.21601,0.21396,0.21427,91108589.0
1757160000,0.21427,0.21585,0.21334,0.21388,89456474.0
1757174400,0.21388,0.21546,0.21225,0.21284,71234954.0
1757188800,0.21284,0.21805,0.21274,0.21595,102405791.0
1757203200,0.21595,0.21743,0.21568,0.21651,44446592.0
1757217600,0.21651,0.21766,0.21613,0.21729,46439272.0
1757232000,0.21729,0.21951,0.21693,0.21923,67155244.0
1757246400,0.21923,0.22518,0.21829,0.22368,397094002.0
1757260800,0.22368,0.22463,0.22026,0.22229,114643155.0
1757275200,0.22229,0.22926,0.22218,0.22877,212748806.0
1757289600,0.22877,0.235,0.22653,0.23171,413737579.0
1757304000,0.23171,0.233,0.23047,0.23261,193328007.0
1757318400,0.23261,0.23476,0.23247,0.23337,201403126.0
1757332800,0.23337,0.23986,0.23293,0.2384,379674229.0
1757347200,0.2384,0.23968,0.23646,0.2376,217425500.0
1757361600,0.2376,0.24413,0.23724,0.24164,278120805.0
1757376000,0.24164,0.24397,0.23359,0.23648,373153209.0
1757390400,0.23648,0.24215,0.23519,0.24025,221557371.0
1757404800,0.24025,0.24261,0.23984,0.24161,156706877.0
1757419200,0.24161,0.24952,0.23678,0.23827,840003002.0
1757433600,0.23827,0.24345,0.23743,0.24124,221867059.0
1757448000,0.24124,0.24274,0.23943,0.24063,119438370.0
1757462400,0.24063,0.24213,0.23618,0.24111,165200359.0
1757476800,0.24111,0.24242,0.23844,0.24137,127817341.0
1757491200,0.24137,0.24246,0.23944,0.24015,127270553.0
1757505600,0.24015,0.24572,0.23997,0.2437,359065159.0
1757520000,0.2437,0.24868,0.238,0.23986,350329296.0
1757534400,0.23986,0.24769,0.23972,0.24536,214495924.0
1757548800,0.24536,0.25343,0.24375,0.2523,304366540.0
1757563200,0.2523,0.25323,0.24823,0.24969,263902540.0
1757577600,0.24969,0.25182,0.24875,0.25086,153807786.0
1757592000,0.25086,0.25475,0.24228,0.24692,632706634.0
1757606400,0.24692,0.25282,0.24689,0.25217,184882759.0
1757620800,0.25217,0.25699,0.25011,0.25603,221128606.0
1757635200,0.25603,0.26463,0.25481,0.26099,415894776.0
1757649600,0.26099,0.26401,0.25913,0.26015,248137219.0
1757664000,0.26015,0.26174,0.25853,0.25989,203457138.0
1757678400,0.25989,0.2672,0.25788,0.26641,409428318.0
1757692800,0.26641,0.2731,0.265,0.27157,444280473.0
1757707200,0.27157,0.2786,0.27,0.2755,361480117.0
1757721600,0.2755,0.2828,0.27266,0.28029,456434626.0
1757736000,0.28029,0.28578,0.27989,0.28316,424147658.0
1757750400,0.28316,0.29947,0.28252,0.29626,927256476.0
1757764800,0.29626,0.30684,0.29165,0.29699,1077528556.0
1757779200,0.29699,0.30097,0.28104,0.2861,845136949.0
1757793600,0.2861,0.29235,0.2858,0.28938,285087934.0
1757808000,0.28938,0.2951,0.2815,0.28635,570899147.0
1757822400,0.28635,0.2925,0.28356,0.29172,321600044.0
1757836800,0.29172,0.29336,0.28484,0.28551,312246983.0
1757851200,0.28551,0.28715,0.2727,0.27381,697355831.0
1757865600,0.27381,0.28338,0.27275,0.27787,363934881.0
1757880000,0.27787,0.28291,0.27703,0.27796,162197307.0
1757894400,0.27796,0.28145,0.27425,0.28014,279106559.0
1757908800,0.28014,0.28205,0.2671,0.26828,511780583.0
1757923200,0.26828,0.26833,0.25862,0.26528,917350446.0
1757937600,0.26528,0.26554,0.2611,0.26418,367171098.0
1757952000,0.26418,0.26687,0.26212,0.26412,269602661.0
1757966400,0.26412,0.26943,0.2634,0.26831,171138087.0
1757980800,0.26831,0.27014,0.26558,0.26719,217685867.0
1757995200,0.26719,0.2696,0.26225,0.26771,273870813.0
1758009600,0.26771,0.26965,0.26346,0.26459,217057198.0
1758024000,0.26459,0.26704,0.257,0.26625,567985753.0
1758038400,0.26625,0.2698,0.26443,0.26839,309520048.0
1758052800,0.26839,0.27204,0.26731,0.26995,263775487.0
1758067200,0.26995,0.27134,0.26618,0.26666,204888654.0
1758081600,0.26666,0.27008,0.26384,0.26851,207695023.0
1758096000,0.26851,0.26868,0.26448,0.26539,140423796.0
1758110400,0.26539,0.26795,0.2624,0.26539,202952593.0
1758124800,0.26539,0.27448,0.26045,0.27272,748285591.0
1758139200,0.27272,0.28384,0.26696,0.28256,505625812.0
1758153600,0.28256,0.28582,0.27828,0.283,425783162.0
1758168000,0.283,0.28349,0.27635,0.27985,235495322.0
1758182400,0.27985,0.28211,0.27827,0.27957,207126182.0
1758196800,0.27957,0.2878,0.27867,0.28662,390576788.0
1758211200,0.28662,0.28879,0.28087,0.28194,282400005.0
1758225600,0.28194,0.28262,0.27559,0.27857,209890236.0
1758240000,0.27857,0.28492,0.27642,0.2769,251734174.0
1758254400,0.2769,0.27732,0.27328,0.27516,271071561.0
1758268800,0.27516,0.27691,0.27023,0.27123,212826537.0
1758283200,0.27123,0.27266,0.26424,0.2666,407608495.0
1758297600,0.2666,0.26837,0.26312,0.26483,181788935.0
1758312000,0.26483,0.26742,0.26324,0.26527,111398470.0
1758326400,0.26527,0.26741,0.263,0.265,156731337.0
1758340800,0.265,0.26696,0.26423,0.26658,114757558.0
1758355200,0.26658,0.26659,0.26324,0.26517,86628778.0
1758369600,0.26517,0.26947,0.2642,0.26884,200041866.0
1758384000,0.26884,0.26919,0.26547,0.26621,96339652.0
1758398400,0.26621,0.26894,0.26597,0.26759,56313665.0
1758412800,0.26759,0.26965,0.26688,0.26956,113938568.0
1758427200,0.26956,0.26965,0.26771,0.26821,81333745.0
1758441600,0.26821,0.26844,0.26353,0.26572,125224877.0
1758456000,0.26572,0.26796,0.26543,0.26561,78316414.0
1758470400,0.26561,0.26604,0.2606,0.26347,210851488.0
1758484800,0.26347,0.26374,0.26031,0.26074,100379657.0
1758499200,0.26074,0.26239,0.24528,0.24877,925031444.0
1758513600,0.24877,0.24974,0.23067,0.23772,934524189.0
1758528000,0.23772,0.24068,0.23633,0.23917,410485974.0
1758542400,0.23917,0.24324,0.23829,0.23953,367547550.0
1758556800,0.23953,0.24152,0.23556,0.2363,223731735.0
1758571200,0.2363,0.24168,0.23596,0.24122,120318732.0
1758585600,0.24122,0.24299,0.23402,0.24035,336770501.0
1758600000,0.24035,0.24343,0.23821,0.2415,276730736.0
1758614400,0.2415,0.24296,0.23921,0.24085,149103417.0
1758628800,0.24085,0.24206,0.23801,0.24068,271237565.0
1758643200,0.24068,0.24389,0.23668,0.23792,262760280.0
1758657600,0.23792,0.24145,0.23636,0.23709,131924105.0
1758672000,0.23709,0.24058,0.23365,0.23449,261753811.0
1758686400,0.23449,0.23975,0.23098,0.23955,426420847.0
1758700800,0.23955,0.24369,0.23895,0.2431,232174823.0
1758715200,0.2431,0.25057,0.24241,0.24557,376302499.0
1758729600,0.24557,0.24648,0.24192,0.24352,254864942.0
1758744000,0.24352,0.24396,0.24035,0.24107,134221448.0
1758758400,0.24107,0.24197,0.23381,0.23616,318883615.0
1758772800,0.23616,0.23661,0.23184,0.23328,278739898.0
1758787200,0.23328,0.23485,0.23026,0.23128,189179703.0
1758801600,0.23128,0.23479,0.22578,0.23109,568060063.0
1758816000,0.23109,0.23179,0.22046,0.22646,632725205.0
1758830400,0.22646,0.22683,0.22087,0.22292,253518217.0
1758844800,0.22292,0.22773,0.22268,0.22718,241929608.0
1758859200,0.22718,0.22802,0.22471,0.22703,179844048.0
1758873600,0.22703,0.22797,0.22134,0.22452,274751296.0
1758888000,0.22452,0.22809,0.22171,0.22726,383589232.0
1758902400,0.22726,0.23331,0.2271,0.23091,260366798.0
1758916800,0.23091,0.23262,0.22987,0.23244,85723083.0
1758931200,0.23244,0.23431,0.23126,0.23357,104759731.0
1758945600,0.23357,0.23399,0.23058,0.2311,90421128.0
1758960000,0.2311,0.2311,0.22849,0.23003,155458051.0
1758974400,0.23003,0.2309,0.22795,0.2302,99909671.0
1758988800,0.2302,0.23054,0.2278,0.22979,65461619.0
1759003200,0.22979,0.23252,0.22938,0.23077,50654385.0
1759017600,0.23077,0.23096,0.22756,0.22855,78969866.0
1759032000,0.22855,0.22935,0.22722,0.2292,53028237.0
1759046400,0.2292,0.22929,0.22556,0.22646,114560047.0
1759060800,0.22646,0.2299,0.225,0.22983,111422938.0
1759075200,0.22983,0.23199,0.22935,0.23186,108122666.0
1759089600,0.23186,0.23768,0.2316,0.23735,164111391.0
1759104000,0.23735,0.23746,0.23392,0.2358,118916765.0
1759118400,0.2358,0.23588,0.23096,0.23255,112282918.0
1759132800,0.23255,0.23376,0.22914,0.2309,123677799.0
1759147200,0.2309,0.23767,0.22862,0.23374,383272300.0
1759161600,0.23374,0.2351,0.23062,0.23465,122855730.0
1759176000,0.23465,0.23896,0.23453,0.23478,107599140.0
1759190400,0.23478,0.23592,0.23185,0.2327,161900934.0
1759204800,0.2327,0.23417,0.23122,0.23204,98958402.0
1759219200,0.23204,0.23244,0.22876,0.23029,115059990.0
1759233600,0.23029,0.23125,0.2263,0.22801,170091088.0
1759248000,0.22801,0.23285,0.22737,0.2326,94740432.0
1759262400,0.2326,0.23408,0.23087,0.23293,120267851.0
1759276800,0.23293,0.23429,0.2307,0.23075,101681871.0
1759291200,0.23075,0.23408,0.23034,0.23346,82492471.0
1759305600,0.23346,0.24484,0.2333,0.24281,444925047.0
1759320000,0.24281,0.24623,0.24198,0.24533,267228817.0
1759334400,0.24533,0.2474,0.24325,0.2467,165316349.0
1759348800,0.2467,0.24921,0.2448,0.24906,113566178.0
1759363200,0.24906,0.25584,0.2467,0.25386,291381733.0
1759377600,0.25386,0.25798,0.25228,0.25589,222052805.0
1759392000,0.25589,0.2597,0.2554,0.25603,154437817.0
1759406400,0.25603,0.25722,0.25046,0.25495,296139364.0
1759420800,0.25495,0.2608,0.25421,0.25908,243888244.0
1759435200,0.25908,0.26414,0.25834,0.262,178692830.0
1759449600,0.262,0.26225,0.25659,0.25926,231674386.0
1759464000,0.25926,0.26146,0.25416,0.25538,192842738.0
1759478400,0.25538,0.25738,0.25361,0.25574,125133222.0
1759492800,0.25574,0.26107,0.25274,0.26066,268100756.0
1759507200,0.26066,0.26534,0.25505,0.25926,463358544.0
1759521600,0.25926,0.26053,0.25796,0.25819,100441669.0
1759536000,0.25819,0.25979,0.25149,0.25322,267374926.0
1759550400,0.25322,0.25571,0.25233,0.25401,127275434.0
1759564800,0.25401,0.2543,0.24853,0.24952,185121140.0
1759579200,0.24952,0.25268,0.24727,0.24773,167713331.0
1759593600,0.24773,0.24956,0.2467,0.24945,83699040.0
1759608000,0.24945,0.25126,0.24929,0.25084,54340338.0
1759622400,0.25084,0.25966,0.24953,0.25833,259699393.0
1759636800,0.25833,0.26422,0.25696,0.26399,334782184.0
1759651200,0.26399,0.26518,0.25744,0.25873,369836808.0
1759665600,0.25873,0.25877,0.25449,0.25636,182093995.0
1759680000,0.25636,0.25793,0.25071,0.25146,220313684.0
1759694400,0.25146,0.25391,0.25078,0.25284,87429328.0
1759708800,0.25284,0.25533,0.25057,0.25389,171072302.0
1759723200,0.25389,0.25843,0.25214,0.25507,140225909.0
1759737600,0.25507,0.26191,0.25507,0.25989,200932107.0
1759752000,0.25989,0.26837,0.25928,0.26688,468692090.0
1759766400,0.26688,0.27044,0.26333,0.26842,354593883.0
1759780800,0.26842,0.26978,0.26549,0.26603,181993960.0
1759795200,0.26603,0.26819,0.26416,0.26655,182804685.0
1759809600,0.26655,0.26831,0.25944,0.26033,237577377.0
1759824000,0.26033,0.26221,0.25747,0.26169,238682628.0
1759838400,0.26169,0.26548,0.25026,0.2515,603168442.0
1759852800,0.2515,0.2538,0.24791,0.24928,386150148.0
1759867200,0.24928,0.25214,0.24622,0.24682,190024482.0
1759881600,0.24682,0.25061,0.24384,0.24473,229794819.0
1759896000,0.24473,0.2471,0.24291,0.24663,179326798.0
1759910400,0.24663,0.25065,0.24659,0.24929,153857968.0
1759924800,0.24929,0.25678,0.24885,0.25323,305017232.0
1759939200,0.25323,0.2611,0.25265,0.25929,289413528.0
1759953600,0.25929,0.25994,0.25486,0.25564,119213167.0
1759968000,0.25564,0.25593,0.2466,0.24914,241690744.0
1759982400,0.24914,0.25096,0.24649,0.24731,172321532.0
1759996800,0.24731,0.24806,0.24305,0.24756,363437031.0
1760011200,0.24756,0.25071,0.24228,0.24475,334375182.0
1760025600,0.24475,0.24717,0.24099,0.24655,199565221.0
1760040000,0.24655,0.25037,0.24586,0.24849,104012703.0
1760054400,0.24849,0.25347,0.24717,0.25128,196196760.0
1760068800,0.25128,0.25296,0.24683,0.24731,218931642.0
1760083200,0.24731,0.25118,0.24666,0.25075,128378530.0
1760097600,0.25075,0.25403,0.23602,0.23788,645188738.0
1760112000,0.23788,0.23968,0.23014,0.23183,508647954.0
1760126400,0.23183,0.23455,0.095,0.19349,4298250463.0
1760140800,0.19349,0.20048,0.18627,0.19328,1496315721.0
1760155200,0.19328,0.1971,0.1881,0.1912,1239574373.0
1760169600,0.1912,0.19776,0.1904,0.19392,662493842.0
1760184000,0.19392,0.19446,0.18584,0.19204,598996354.0
1760198400,0.19204,0.19419,0.18286,0.18444,415432832.0
1760212800,0.18444,0.18622,0.17816,0.18527,547965957.0
1760227200,0.18527,0.18675,0.18072,0.18523,342144542.0
1760241600,0.18523,0.19118,0.1848,0.18984,263521054.0
1760256000,0.18984,0.19075,0.18695,0.18876,210115438.0
1760270400,0.18876,0.20676,0.18624,0.20514,1039397229.0
1760284800,0.20514,0.21053,0.20397,0.21019,777308115.0
1760299200,0.21019,0.21421,0.20445,0.20717,658003781.0
1760313600,0.20717,0.20999,0.20465,0.20723,348611559.0
1760328000,0.20723,0.21279,0.20634,0.20991,378848300.0
1760342400,0.20991,0.21277,0.20188,0.20574,489181337.0
1760356800,0.20574,0.21313,0.20422,0.21017,788133371.0
1760371200,0.21017,0.21714,0.20837,0.216,478755389.0
1760385600,0.216,0.2183,0.21353,0.2138,162333011.0
1760400000,0.2138,0.21565,0.2066,0.20781,312867565.0
1760414400,0.20781,0.20834,0.19486,0.19786,864695982.0
1760428800,0.19786,0.20153,0.19436,0.19905,433255336.0
1760443200,0.19905,0.20388,0.1933,0.2035,535668064.0
1760457600,0.2035,0.2071,0.19991,0.20309,504005536.0
1760472000,0.20309,0.20518,0.20198,0.20437,131083264.0
1760486400,0.20437,0.20682,0.2015,0.2025,193483486.0
1760500800,0.2025,0.20509,0.20168,0.20471,125328943.0
1760515200,0.20471,0.20853,0.20069,0.2022,238434456.0
1760529600,0.2022,0.20328,0.197,0.19867,415940502.0
1760544000,0.19867,0.20021,0.19623,0.1972,204984220.0
1760558400,0.1972,0.19886,0.1942,0.19621,178131741.0
1760572800,0.19621,0.1991,0.1954,0.19644,147125019.0
1760587200,0.19644,0.20077,0.19501,0.19744,247217466.0
1760601600,0.19744,0.20062,0.19015,0.20034,350543573.0
1760616000,0.20034,0.2015,0.18784,0.18942,449175383.0
1760630400,0.18942,0.19484,0.18572,0.18778,487012526.0
1760644800,0.18778,0.18894,0.18469,0.1885,222848998.0
1760659200,0.1885,0.19114,0.18791,0.19034,146909333.0
1760673600,0.19034,0.1905,0.17831,0.17858,443735535.0
1760688000,0.17858,0.184,0.17555,0.18273,612703503.0
1760702400,0.18273,0.18494,0.17968,0.18488,310090956.0
1760716800,0.18488,0.18726,0.18332,0.18443,196029015.0
1760731200,0.18443,0.18776,0.18399,0.1847,91522619.0
1760745600,0.1847,0.18854,0.18426,0.18692,120601625.0
1760760000,0.18692,0.18988,0.18505,0.18787,134814134.0
1760774400,0.18787,0.18843,0.1866,0.18801,96360494.0
1760788800,0.18801,0.18881,0.18586,0.18762,92140878.0
1760803200,0.18762,0.19057,0.18598,0.1894,97056629.0
1760817600,0.1894,0.19024,0.18824,0.18962,45526786.0
1760832000,0.18962,0.19078,0.18777,0.19059,69157834.0
1760846400,0.19059,0.19118,0.18818,0.18879,68455209.0
1760860800,0.18879,0.1968,0.186,0.19329,487284147.0
1760875200,0.19329,0.19807,0.19259,0.19651,211398249.0
1760889600,0.19651,0.19861,0.19545,0.19679,111830264.0
1760904000,0.19679,0.1976,0.1948,0.19535,96195495.0
1760918400,0.19535,0.19999,0.19168,0.19919,234756884.0
1760932800,0.19919,0.20249,0.19919,0.20125,244270278.0
1760947200,0.20125,0.20246,0.19954,0.20029,158865557.0
1760961600,0.20029,0.20196,0.19924,0.19929,215232498.0
1760976000,0.19929,0.20036,0.19582,0.19963,219494765.0
1760990400,0.19963,0.20075,0.19839,0.2,68199024.0
1761004800,0.2,0.20072,0.19587,0.1966,130104705.0
1761019200,0.1966,0.19661,0.19283,0.19427,214282471.0
1761033600,0.19427,0.19541,0.19201,0.19453,136153146.0
1761048000,0.19453,0.20563,0.19372,0.2044,426625452.0
1761062400,0.2044,0.205,0.1991,0.20147,292219493.0
1761076800,0.20147,0.20177,0.19362,0.19427,257056131.0
1761091200,0.19427,0.19544,0.19251,0.19381,140687114.0
1761105600,0.19381,0.19525,0.18958,0.19194,228825504.0
1761120000,0.19194,0.19199,0.18663,0.191,196245475.0
1761134400,0.191,0.19339,0.18814,0.19213,334262565.0
1761148800,0.19213,0.19314,0.18862,0.19048,190131892.0
1761163200,0.19048,0.19104,0.18467,0.18993,245690815.0
1761177600,0.18993,0.19176,0.18959,0.19107,81089051.0
1761192000,0.19107,0.19498,0.1908,0.194,158281147.0
1761206400,0.194,0.19598,0.19316,0.19331,268494841.0
1761220800,0.19331,0.19616,0.19148,0.19553,195319645.0
1761235200,0.19553,0.19745,0.19483,0.19585,131763350.0
1761249600,0.19585,0.19588,0.19245,0.19493,105176478.0
1761264000,0.19493,0.19594,0.19434,0.19532,83896317.0
1761278400,0.19532,0.19849,0.19502,0.19673,145998502.0
1761292800,0.19673,0.19794,0.19538,0.19735,75367455.0
1761307200,0.19735,0.20095,0.19391,0.19493,325057567.0
1761321600,0.19493,0.19709,0.1941,0.19674,77039703.0
1761336000,0.19674,0.1985,0.19664,0.19775,55619296.0
1761350400,0.19775,0.19985,0.19737,0.19782,298563505.0
1761364800,0.19782,0.1994,0.19768,0.19797,106266401.0
1761379200,0.19797,0.19885,0.19674,0.19752,62650498.0
1761393600,0.19752,0.1985,0.19595,0.19622,105491467.0
1761408000,0.19622,0.19816,0.19607,0.19735,61994435.0
1761422400,0.19735,0.19761,0.19628,0.19652,45327710.0
1761436800,0.19652,0.19703,0.19465,0.195,79958410.0
1761451200,0.195,0.1967,0.19488,0.19669,48462121.0
1761465600,0.19669,0.20246,0.19645,0.20183,207102575.0
1761480000,0.20183,0.20389,0.20135,0.20307,246708419.0
1761494400,0.20307,0.20318,0.20155,0.20186,100478214.0
1761508800,0.20186,0.20742,0.20031,0.20577,226913169.0
1761523200,0.20577,0.20953,0.20527,0.20686,216609455.0
1761537600,0.20686,0.20892,0.20517,0.20629,152862525.0
1761552000,0.20629,0.2065,0.20158,0.20336,245077003.0
1761566400,0.20336,0.20381,0.20053,0.203,142593180.0
1761580800,0.203,0.20569,0.20295,0.20314,130169905.0
1761595200,0.20314,0.20315,0.19887,0.20038,122985314.0
1761609600,0.20038,0.20159,0.19828,0.19971,144410547.0
1761624000,0.19971,0.20206,0.19815,0.20034,101362097.0
1761638400,0.20034,0.20119,0.1995,0.19977,94970365.0
1761652800,0.19977,0.20311,0.19617,0.19972,263228938.0
1761667200,0.19972,0.2025,0.19617,0.19679,146468901.0
1761681600,0.19679,0.19687,0.19006,0.19362,378175403.0
1761696000,0.19362,0.19475,0.19263,0.193,78887228.0
1761710400,0.193,0.19486,0.19292,0.19435,87532163.0
1761724800,0.19435,0.19567,0.19261,0.19542,87694325.0
1761739200,0.19542,0.19728,0.19029,0.19114,232281046.0
1761753600,0.19114,0.197,0.1871,0.19404,538225174.0
1761768000,0.19404,0.19691,0.19147,0.19237,252123818.0
1761782400,0.19237,0.1946,0.19098,0.19372,124311066.0
1761796800,0.19372,0.19373,0.1858,0.19264,348430798.0
1761811200,0.19264,0.19266,0.18784,0.18795,125179556.0
1761825600,0.18795,0.18833,0.17989,0.18067,480334565.0
1761840000,0.18067,0.18211,0.17645,0.17694,336912407.0
1761854400,0.17694,0.18287,0.17642,0.18268,242293673.0
1761868800,0.18268,0.18585,0.18228,0.18453,133435939.0
1761883200,0.18453,0.18608,0.18399,0.18451,97696282.0
1761897600,0.18451,0.18734,0.18368,0.18674,81480506.0
1761912000,0.18674,0.18735,0.18458,0.186,164721442.0
1761926400,0.186,0.18816,0.18275,0.18748,157217223.0
1761940800,0.18748,0.1876,0.18538,0.18644,59012948.0
1761955200,0.18644,0.18717,0.18512,0.18698,69501380.0
1761969600,0.18698,0.18723,0.18556,0.18709,62731023.0
1761984000,0.18709,0.188,0.1867,0.18705,59874629.0
1761998400,0.18705,0.18773,0.18544,0.18734,95554593.0
1762012800,0.18734,0.18789,0.18662,0.18738,49403449.0
1762027200,0.18738,0.18837,0.18616,0.18736,44239549.0
1762041600,0.18736,0.18738,0.18588,0.1862,33204523.0
1762056000,0.1862,0.18884,0.18601,0.18822,56616465.0
1762070400,0.18822,0.1884,0.18484,0.18698,89501544.0
1762084800,0.18698,0.18704,0.18284,0.18345,99259962.0
1762099200,0.18345,0.1843,0.18172,0.18326,76294589.0
1762113600,0.18326,0.18677,0.18282,0.18638,67265851.0
1762128000,0.18638,0.18666,0.17456,0.17514,289939862.0
1762142400,0.17514,0.17672,0.17111,0.17355,360480182.0
1762156800,0.17355,0.17534,0.1714,0.17424,183907635.0
1762171200,0.17424,0.17581,0.16017,0.16701,846780590.0
1762185600,0.16701,0.1717,0.16553,0.1681,318974548.0
1762200000,0.1681,0.16845,0.16433,0.16741,233883450.0
1762214400,0.16741,0.17095,0.16561,0.17041,262419208.0
1762228800,0.17041,0.1711,0.16062,0.162,621674662.0
1762243200,0.162,0.16702,0.16091,0.16612,251140806.0
1762257600,0.16612,0.16853,0.1608,0.16397,429590333.0
1762272000,0.16397,0.16517,0.15419,0.15797,741253328.0
1762286400,0.15797,0.16436,0.15159,0.16223,933467949.0
1762300800,0.16223,0.16498,0.15456,0.16445,435937787.0
1762315200,0.16445,0.16619,0.16363,0.16493,151122255.0
1762329600,0.16493,0.16493,0.161,0.16387,208851284.0
1762344000,0.16387,0.16736,0.163,0.16733,333087135.0
1762358400,0.16733,0.16886,0.16573,0.16728,220737995.0
1762372800,0.16728,0.16831,0.16604,0.16719,100913096.0
1762387200,0.16719,0.1678,0.16434,0.16706,138151773.0
1762401600,0.16706,0.16741,0.16275,0.16323,186903881.0
1762416000,0.16323,0.16413,0.16216,0.16304,98285247.0
1762430400,0.16304,0.16384,0.15853,0.15915,256418934.0
1762444800,0.15915,0.16212,0.15693,0.16076,210193693.0
1762459200,0.16076,0.16291,0.15954,0.16164,101065630.0
1762473600,0.16164,0.16509,0.16095,0.16436,171583530.0
1762488000,0.16436,0.16725,0.16366,0.16701,140669820.0
1762502400,0.16701,0.16735,0.16215,0.16375,180721734.0
1762516800,0.16375,0.17027,0.1596,0.16902,393499410.0
1762531200,0.16902,0.18166,0.16834,0.18062,580604620.0
1762545600,0.18062,0.1816,0.17837,0.17877,145216547.0
1762560000,0.17877,0.18332,0.17731,0.17978,353771200.0
1762574400,0.17978,0.18227,0.17762,0.18021,228138108.0
1762588800,0.18021,0.1822,0.17853,0.17912,190126114.0
1762603200,0.17912,0.17963,0.17323,0.17397,271544960.0
1762617600,0.17397,0.17599,0.173,0.17506,118002172.0
1762632000,0.17506,0.17663,0.17456,0.17605,71277725.0
1762646400,0.17605,0.17609,0.17123,0.17202,126220280.0
1762660800,0.17202,0.17543,0.17189,0.1752,66880586.0
1762675200,0.1752,0.17551,0.17243,0.17515,107891203.0
1762689600,0.17515,0.17961,0.17478,0.17807,272923848.0
1762704000,0.17807,0.18015,0.17654,0.18013,123436130.0
1762718400,0.18013,0.18158,0.17846,0.1793,127328886.0
1762732800,0.1793,0.18376,0.17806,0.18167,239372813.0
1762747200,0.18167,0.18201,0.18011,0.18134,126937528.0
1762761600,0.18134,0.18575,0.17963,0.18304,200072069.0
1762776000,0.18304,0.184,0.17774,0.17921,287928313.0
1762790400,0.17921,0.18117,0.17722,0.17992,151227826.0
1762804800,0.17992,0.18418,0.17824,0.18179,117656485.0
1762819200,0.18179,0.1864,0.17933,0.18281,316707621.0
1762833600,0.18281,0.18337,0.17625,0.17639,226275914.0
1762848000,0.17639,0.17881,0.17618,0.17767,104983292.0
1762862400,0.17767,0.17886,0.17527,0.17617,241703035.0
1762876800,0.17617,0.17713,0.17344,0.17435,151642425.0
1762891200,0.17435,0.17461,0.17154,0.17206,152878835.0
1762905600,0.17206,0.17309,0.17094,0.17161,110820371.0
1762920000,0.17161,0.17298,0.17109,0.17144,87335277.0
1762934400,0.17144,0.17713,0.17144,0.17622,183960928.0
1762948800,0.17622,0.17855,0.1708,0.17136,252858907.0
1762963200,0.17136,0.17181,0.16721,0.16902,277886811.0
1762977600,0.16902,0.17144,0.16853,0.17018,61998475.0
1762992000,0.17018,0.17564,0.16922,0.17405,192939234.0
1763006400,0.17405,0.17709,0.17325,0.17574,209327358.0
1763020800,0.17574,0.17687,0.17421,0.17586,127598371.0
1763035200,0.17586,0.17766,0.17213,0.17273,264089956.0
1763049600,0.17273,0.17323,0.1602,0.16127,480656231.0
1763064000,0.16127,0.16535,0.16,0.16384,294034391.0
1763078400,0.16384,0.16568,0.16257,0.16408,222390853.0
1763092800,0.16408,0.16628,0.1591,0.1651,422733612.0
1763107200,0.1651,0.1653,0.16072,0.16206,207860947.0
1763121600,0.16206,0.1647,0.15767,0.16287,541132015.0
1763136000,0.16287,0.16477,0.1609,0.16331,219807671.0
1763150400,0.16331,0.1634,0.15472,0.15765,224313480.0
1763164800,0.15765,0.16307,0.15721,0.16288,167305994.0
1763179200,0.16288,0.1642,0.16225,0.16305,116917734.0
1763193600,0.16305,0.16313,0.16077,0.16183,115500342.0
1763208000,0.16183,0.1641,0.16159,0.16311,115571281.0
1763222400,0.16311,0.16482,0.16209,0.16374,90860649.0
1763236800,0.16374,0.164,0.16189,0.16316,67706028.0
1763251200,0.16316,0.16445,0.15998,0.16387,157720442.0
1763265600,0.16387,0.1643,0.16271,0.16407,44884800.0
1763280000,0.16407,0.16563,0.161,0.1614,141798702.0
1763294400,0.1614,0.1623,0.15831,0.15859,147370036.0
1763308800,0.15859,0.15957,0.1536,0.1559,313484189.0
1763323200,0.1559,0.15968,0.15501,0.15857,227374770.0
1763337600,0.15857,0.16166,0.157,0.16149,243194371.0
1763352000,0.16149,0.16239,0.16069,0.16185,93120377.0
1763366400,0.16185,0.16303,0.16114,0.16217,75435961.0
1763380800,0.16217,0.1651,0.15758,0.15843,484867026.0
1763395200,0.15843,0.16082,0.15183,0.15229,433571526.0
1763409600,0.15229,0.15342,0.15066,0.15214,278157493.0
1763424000,0.15214,0.15479,0.14943,0.15458,415670027.0
1763438400,0.15458,0.15623,0.1522,0.15508,270338577.0
1763452800,0.15508,0.15786,0.15503,0.15698,172731309.0
1763467200,0.15698,0.16055,0.15584,0.15921,292871056.0
1763481600,0.15921,0.16294,0.1587,0.16223,192736059.0
1763496000,0.16223,0.16269,0.16052,0.16173,109519605.0
1763510400,0.16173,0.1625,0.15924,0.15955,114769857.0
1763524800,0.15955,0.16015,0.15536,0.15894,254405763.0
1763539200,0.15894,0.15946,0.15726,0.15816,124268183.0
1763553600,0.15816,0.15973,0.1542,0.15451,236524943.0
1763568000,0.15451,0.15536,0.14712,0.14881,430712030.0
1763582400,0.14881,0.15515,0.148,0.1546,250614927.0
1763596800,0.1546,0.15833,0.15375,0.15767,147378090.0
1763611200,0.15767,0.15882,0.15638,0.15822,154428379.0
1763625600,0.15822,0.15842,0.15644,0.158,124397587.0
1763640000,0.158,0.15972,0.15625,0.15739,302277308.0
1763654400,0.15739,0.15761,0.14623,0.14965,656216472.0
1763668800,0.14965,0.15317,0.14822,0.14892,215676846.0
1763683200,0.14892,0.15109,0.14504,0.14691,246770604.0
1763697600,0.14691,0.14824,0.13441,0.14035,706800679.0
1763712000,0.14035,0.14234,0.13638,0.13677,542015894.0
1763726400,0.13677,0.14209,0.13321,0.13799,728451649.0
1763740800,0.13799,0.1435,0.13575,0.13995,381903081.0
1763755200,0.13995,0.14167,0.13574,0.14029,229500358.0
1763769600,0.14029,0.14148,0.13852,0.1393,146349293.0
1763784000,0.1393,0.14016,0.13565,0.13969,218945183.0
1763798400,0.13969,0.14011,0.13549,0.13819,243182201.0
1763812800,0.13819,0.13952,0.13563,0.13816,195869208.0
1763827200,0.13816,0.14018,0.13811,0.13947,90280711.0
1763841600,0.13947,0.1424,0.13874,0.14027,83517440.0
1763856000,0.14027,0.14345,0.13966,0.14289,179691433.0
1763870400,0.14289,0.1447,0.14196,0.1429,179426898.0
1763884800,0.1429,0.14432,0.14284,0.14382,67930627.0
1763899200,0.14382,0.14775,0.14367,0.14724,187601089.0
1763913600,0.14724,0.14767,0.14463,0.14658,106077373.0
1763928000,0.14658,0.14757,0.1443,0.145,125795485.0
1763942400,0.145,0.1493,0.14355,0.14732,279928250.0
1763956800,0.14732,0.1489,0.14453,0.14623,146504828.0
1763971200,0.14623,0.147,0.14395,0.14551,100817181.0
1763985600,0.14551,0.14763,0.14279,0.14681,224680566.0
1764000000,0.14681,0.15331,0.14673,0.15248,253634592.0
1764014400,0.15248,0.15397,0.15172,0.15181,128086957.0
1764028800,0.15181,0.1523,0.15023,0.15119,113058835.0
1764043200,0.15119,0.15201,0.14915,0.14927,78740035.0
1764057600,0.14927,0.14974,0.14752,0.14863,91082996.0
1764072000,0.14863,0.15013,0.14585,0.14798,271901046.0
1764086400,0.14798,0.15222,0.14793,0.15107,178586836.0
1764100800,0.15107,0.15504,0.15083,0.15301,202771953.0
1764115200,0.15301,0.15404,0.15033,0.15057,117475635.0
1764129600,0.15057,0.15246,0.15001,0.1524,77197352.0
1764144000,0.1524,0.15241,0.14965,0.14989,85327269.0
1764158400,0.14989,0.152,0.14862,0.1507,218006409.0
1764172800,0.1507,0.15681,0.15069,0.15589,237079618.0
1764187200,0.15589,0.15633,0.15428,0.15474,123699703.0
1764201600,0.15474,0.15559,0.15375,0.15392,101672136.0
1764216000,0.15392,0.15486,0.15373,0.15425,68136790.0
1764230400,0.15425,0.15457,0.15238,0.15286,68414015.0
1764244800,0.15286,0.15406,0.1521,0.15399,92225445.0
1764259200,0.15399,0.15442,0.15265,0.15396,64605531.0
1764273600,0.15396,0.1548,0.15225,0.15264,47538123.0
1764288000,0.15264,0.15292,0.14966,0.15098,106887732.0
1764302400,0.15098,0.15122,0.14961,0.14984,87172534.0
1764316800,0.14984,0.15354,0.14975,0.15043,110818053.0
1764331200,0.15043,0.15554,0.15019,0.15375,200743487.0
1764345600,0.15375,0.15379,0.14825,0.151,142428265.0
1764360000,0.151,0.15134,0.14952,0.15017,60096230.0
1764374400,0.15017,0.15095,0.14948,0.14989,48257018.0
1764388800,0.14989,0.15072,0.14853,0.14904,61966251.0
1764403200,0.14904,0.14959,0.14843,0.1495,30123590.0
1764417600,0.1495,0.15005,0.14833,0.14948,43884779.0
1764432000,0.14948,0.14952,0.14725,0.14822,69412792.0
1764446400,0.14822,0.149,0.14782,0.14837,47861676.0
1764460800,0.14837,0.14955,0.14796,0.14936,37855803.0
1764475200,0.14936,0.14949,0.14839,0.14925,40809980.0
1764489600,0.14925,0.14988,0.14862,0.14882,43597901.0
1764504000,0.14882,0.15059,0.14854,0.14937,93494777.0
1764518400,0.14937,0.15055,0.14926,0.14976,54259278.0
1764532800,0.14976,0.15043,0.14588,0.14599,89160606.0
1764547200,0.14599,0.14637,0.13694,0.13717,443551413.0
1764561600,0.13717,0.13778,0.13655,0.13774,128924447.0
1764576000,0.13774,0.13848,0.13662,0.13706,79279643.0
1764590400,0.13706,0.13712,0.13177,0.13385,300902997.0
1764604800,0.13385,0.13393,0.13211,0.13328,133412856.0
1764619200,0.13328,0.13663,0.13324,0.13547,108580595.0
1764633600,0.13547,0.13732,0.13493,0.13635,58818289.0
1764648000,0.13635,0.13676,0.13542,0.13562,39940893.0
1764662400,0.13562,0.1373,0.13443,0.13699,74922213.0
1764676800,0.13699,0.14783,0.1368,0.14632,356075105.0
1764691200,0.14632,0.14732,0.14489,0.14603,176860041.0
1764705600,0.14603,0.14733,0.14473,0.14577,99119826.0
1764720000,0.14577,0.14795,0.1452,0.14737,109315146.0
1764734400,0.14737,0.15206,0.14721,0.1505,191242400.0
1764748800,0.1505,0.15093,0.14914,0.15004,159978403.0
1764763200,0.15004,0.15093,0.14651,0.14918,201046613.0
1764777600,0.14918,0.15195,0.1484,0.15065,95867435.0
1764792000,0.15065,0.1534,0.15014,0.15166,143201279.0
1764806400,0.15166,0.1532,0.15068,0.15106,85282521.0
1764820800,0.15106,0.15163,0.14923,0.14988,78257397.0
1764835200,0.14988,0.15042,0.14908,0.14938,70240195.0
1764849600,0.14938,0.15103,0.14781,0.15022,162447261.0
1764864000,0.15022,0.15043,0.14557,0.14801,177773133.0
1764878400,0.14801,0.14855,0.14715,0.14739,63362379.0
1764892800,0.14739,0.14838,0.14718,0.14745,50132985.0
1764907200,0.14745,0.14792,0.14619,0.14746,59822350.0
1764921600,0.14746,0.14747,0.14364,0.14432,107581676.0
1764936000,0.14432,0.14492,0.14182,0.14252,201475172.0
1764950400,0.14252,0.14257,0.13722,0.13903,232231527.0
1764964800,0.13903,0.13966,0.13803,0.13956,67969475.0
1764979200,0.13956,0.14039,0.13895,0.13996,47597097.0
1764993600,0.13996,0.14005,0.1388,0.13928,39489691.0
1765008000,0.13928,0.13987,0.13836,0.13968,48439713.0
1765022400,0.13968,0.14076,0.13902,0.13959,72879269.0
1765036800,0.13959,0.14058,0.13907,0.13935,62112320.0
1765051200,0.13935,0.1405,0.13906,0.13975,41926212.0
1765065600,0.13975,0.14043,0.13957,0.14035,27895681.0
1765080000,0.14035,0.1409,0.13934,0.13949,38175565.0
1765094400,0.13949,0.13985,0.13844,0.1389,31825863.0
1765108800,0.1389,0.1399,0.13486,0.13931,260011858.0
1765123200,0.13931,0.14291,0.13818,0.1421,161142464.0
1765137600,0.1421,0.14229,0.13584,0.13867,119298811.0
1765152000,0.13867,0.14153,0.13799,0.14031,72242643.0
1765166400,0.14031,0.14263,0.14025,0.14221,56752444.0
1765180800,0.14221,0.14483,0.14195,0.14325,93384481.0
1765195200,0.14325,0.14505,0.14189,0.14247,167734241.0
1765209600,0.14247,0.14396,0.1412,0.14266,137854190.0
1765224000,0.14266,0.14405,0.14191,0.14259,109600328.0
1765238400,0.14259,0.14271,0.14026,0.1416,86990897.0
1765252800,0.1416,0.14167,0.13942,0.1408,71299282.0
1765267200,0.1408,0.14103,0.13961,0.14087,42331627.0
1765281600,0.14087,0.14682,0.14049,0.1463,254730246.0
1765296000,0.1463,0.15319,0.1463,0.1509,410616822.0
1765310400,0.1509,0.15158,0.14683,0.14797,127075498.0
1765324800,0.14797,0.14828,0.146,0.14742,83473264.0
1765339200,0.14742,0.14784,0.14606,0.14671,44143034.0
1765353600,0.14671,0.14814,0.14519,0.14587,88680555.0
1765368000,0.14587,0.14674,0.14456,0.14516,75285402.0
1765382400,0.14516,0.14933,0.14492,0.14752,210296995.0
1765396800,0.14752,0.15031,0.14235,0.14332,268739776.0
1765411200,0.14332,0.1436,0.13719,0.13808,217314784.0
1765425600,0.13808,0.13908,0.13739,0.13811,134168407.0
1765440000,0.13811,0.13845,0.13715,0.13801,74572721.0
1765454400,0.13801,0.13834,0.13658,0.13712,148525903.0
1765468800,0.13712,0.13965,0.13623,0.1384,135086780.0
1765483200,0.1384,0.14281,0.13835,0.14033,120328044.0
1765497600,0.14033,0.14133,0.13871,0.14059,58430232.0
1765512000,0.14059,0.14155,0.13976,0.14063,57540291.0
1765526400,0.14063,0.14138,0.13992,0.1411,49236999.0
1765540800,0.1411,0.1414,0.13503,0.13561,150408409.0
1765555200,0.13561,0.13728,0.13428,0.1361,181081171.0
1765569600,0.1361,0.13733,0.13547,0.13692,35599707.0
1765584000,0.13692,0.1377,0.13691,0.13752,32030632.0
1765598400,0.13752,0.13792,0.13713,0.13777,29949047.0
1765612800,0.13777,0.13955,0.13777,0.13882,50273406.0
1765627200,0.13882,0.14002,0.13854,0.1395,43841866.0
1765641600,0.1395,0.13992,0.13867,0.13899,34417626.0
1765656000,0.13899,0.13944,0.13789,0.13905,24889607.0
1765670400,0.13905,0.13925,0.13858,0.13883,25820115.0
1765684800,0.13883,0.13891,0.13753,0.13824,35753935.0
1765699200,0.13824,0.13844,0.13573,0.13679,62409789.0
1765713600,0.13679,0.13723,0.13494,0.13548,76094558.0
1765728000,0.13548,0.13617,0.13332,0.13432,146419518.0
1765742400,0.13432,0.13481,0.13261,0.13408,100482601.0
1765756800,0.13408,0.13845,0.13404,0.13619,108484035.0
1765771200,0.13619,0.13727,0.13601,0.13635,45839456.0
1765785600,0.13635,0.13774,0.13614,0.13682,39265339.0
1765800000,0.13682,0.13749,0.12977,0.13076,318103737.0
1765814400,0.13076,0.13121,0.12661,0.12889,196584736.0
1765828800,0.12889,0.12979,0.12752,0.12975,76127133.0
1765843200,0.12975,0.13014,0.12834,0.12925,77253059.0
1765857600,0.12925,0.1302,0.12716,0.12843,67005033.0
1765872000,0.12843,0.13205,0.12837,0.13165,76780471.0
1765886400,0.13165,0.13305,0.12888,0.13268,210557145.0
1765900800,0.13268,0.133,0.13095,0.13207,77021077.0
1765915200,0.13207,0.13248,0.1314,0.13179,29059770.0
1765929600,0.13179,0.13244,0.13101,0.13125,33678222.0
1765944000,0.13125,0.13142,0.13,0.13091,42856828.0
1765958400,0.13091,0.13091,0.12935,0.1303,50171707.0
1765972800,0.1303,0.13631,0.12942,0.12994,315591445.0
1765987200,0.12994,0.13076,0.12481,0.12645,298170559.0
1766001600,0.12645,0.12782,0.12533,0.12633,78431377.0
1766016000,0.12633,0.12679,0.12513,0.12541,81142653.0
1766030400,0.12541,0.1259,0.12385,0.12484,94409540.0
1766044800,0.12484,0.12646,0.12467,0.12614,89244867.0
1766059200,0.12614,0.13072,0.12578,0.12953,298288412.0
1766073600,0.12953,0.12979,0.11993,0.12026,449741398.0
1766088000,0.12026,0.12373,0.12009,0.12207,157176829.0
1766102400,0.12207,0.1263,0.12056,0.12551,196133413.0
1766116800,0.12551,0.12885,0.12539,0.12795,142094970.0
1766131200,0.12795,0.12865,0.12757,0.12822,62822693.0
1766145600,0.12822,0.13207,0.12792,0.12962,199169505.0
1766160000,0.12962,0.13353,0.12957,0.13288,205270559.0
1766174400,0.13288,0.13342,0.13176,0.13222,81012947.0
1766188800,0.13222,0.13229,0.13073,0.13147,68096067.0
1766203200,0.13147,0.13167,0.13069,0.13157,27183716.0
1766217600,0.13157,0.13261,0.13151,0.13197,48625910.0
1766232000,0.13197,0.13238,0.13122,0.1321,48225778.0
1766246400,0.1321,0.13236,0.1316,0.13217,31788305.0
1766260800,0.13217,0.13246,0.13153,0.13194,32977925.0
1766275200,0.13194,0.13219,0.13049,0.13112,39919137.0
1766289600,0.13112,0.13178,0.13095,0.13136,19052865.0
1766304000,0.13136,0.13342,0.13122,0.13174,53942511.0
1766318400,0.13174,0.13233,0.12871,0.12953,121062502.0
1766332800,0.12953,0.13057,0.12912,0.13037,52547675.0
1766347200,0.13037,0.1314,0.12936,0.13112,28493035.0
1766361600,0.13112,0.13424,0.12952,0.13204,140578668.0
1766376000,0.13204,0.13274,0.13151,0.1321,45169912.0
1766390400,0.1321,0.1333,0.13171,0.13288,70125549.0
1766404800,0.13288,0.1354,0.13253,0.13439,145157531.0
1766419200,0.13439,0.13521,0.13166,0.13193,103763151.0
1766433600,0.13193,0.13269,0.13089,0.13258,73758984.0
1766448000,0.13258,0.13369,0.13133,0.13251,61970503.0
1766462400,0.13251,0.13307,0.12991,0.13046,100925669.0
1766476800,0.13046,0.1314,0.12996,0.13111,44252109.0
1766491200,0.13111,0.13112,0.12789,0.12951,149365001.0
1766505600,0.12951,0.13095,0.12825,0.129,109021413.0
1766520000,0.129,0.13051,0.12862,0.12928,41880175.0
1766534400,0.12928,0.13038,0.12751,0.1285,62613338.0
1766548800,0.1285,0.12893,0.1267,0.12709,62205794.0
1766563200,0.12709,0.12842,0.12651,0.128,44913984.0
1766577600,0.128,0.12862,0.1268,0.12837,72645496.0
1766592000,0.12837,0.12946,0.12762,0.12817,58627607.0
1766606400,0.12817,0.12938,0.1281,0.12856,34688535.0
1766620800,0.12856,0.12909,0.12791,0.12879,28081848.0
1766635200,0.12879,0.12885,0.12773,0.12795,40560970.0
1766649600,0.12795,0.12858,0.12561,0.12623,82022323.0
1766664000,0.12623,0.12826,0.1259,0.12762,81893120.0
1766678400,0.12762,0.12801,0.12672,0.12714,61753384.0
1766692800,0.12714,0.1273,0.123,0.12365,124486818.0
1766707200,0.12365,0.12752,0.12313,0.12604,174388631.0
1766721600,0.12604,0.12669,0.12522,0.12537,123679490.0
1766736000,0.12537,0.12611,0.12527,0.12537,51558233.0
1766750400,0.12537,0.1264,0.12129,0.12214,184817306.0
1766764800,0.12214,0.12247,0.12064,0.12211,118754097.0
1766779200,0.12211,0.12262,0.12165,0.12211,66684383.0
1766793600,0.12211,0.12342,0.12193,0.12329,36889389.0
1766808000,0.12329,0.12337,0.12257,0.12271,34788789.0
1766822400,0.12271,0.12312,0.12204,0.12305,43102098.0
1766836800,0.12305,0.1234,0.12242,0.12304,41132050.0
1766851200,0.12304,0.1233,0.12264,0.12293,27061530.0
1766865600,0.12293,0.12492,0.12292,0.12435,59247391.0
1766880000,0.12435,0.12466,0.12368,0.12412,37220557.0
1766894400,0.12412,0.12439,0.12376,0.12417,27354010.0
1766908800,0.12417,0.1244,0.12349,0.12397,31622586.0
1766923200,0.12397,0.1249,0.12383,0.12425,38928901.0
1766937600,0.12425,0.12467,0.12314,0.12346,48526404.0
1766952000,0.12346,0.12411,0.12277,0.12393,37741741.0
1766966400,0.12393,0.12777,0.12378,0.12749,167549717.0
1766980800,0.12749,0.12805,0.12622,0.12715,99627281.0
1766995200,0.12715,0.12723,0.12432,0.1249,115098452.0
1767009600,0.1249,0.12502,0.12251,0.1241,168958830.0
1767024000,0.1241,0.12417,0.12273,0.12286,70652259.0
1767038400,0.12286,0.1233,0.12228,0.12288,51639585.0
1767052800,0.12288,0.12374,0.1224,0.12348,38161146.0
1767067200,0.12348,0.12384,0.12288,0.1237,44496374.0
1767081600,0.1237,0.12525,0.1237,0.12457,173445896.0
1767096000,0.12457,0.12537,0.12317,0.12455,240030133.0
1767110400,0.12455,0.12502,0.1226,0.12331,84283299.0
1767124800,0.12331,0.12347,0.12256,0.12336,47083849.0
1767139200,0.12336,0.12376,0.12291,0.12312,47207263.0
1767153600,0.12312,0.12338,0.12289,0.12338,28586312.0
1767168000,0.12338,0.1237,0.12282,0.12343,37927997.0
1767182400,0.12343,0.12381,0.12058,0.12116,108228627.0
1767196800,0.12116,0.12153,0.11626,0.11727,316684479.0
1767211200,0.11727,0.11782,0.11612,0.11747,131700930.0
1767225600,0.11747,0.1188,0.11742,0.1183,73811946.0
1767240000,0.1183,0.11873,0.11796,0.11843,41568924.0
1767254400,0.11843,0.12126,0.11837,0.12066,140019614.0
1767268800,0.12066,0.1275,0.12029,0.12469,229173620.0
1767283200,0.12469,0.12588,0.12363,0.12584,240217602.0
1767297600,0.12584,0.12724,0.12549,0.12683,161774007.0
1767312000,0.12683,0.12947,0.12592,0.12867,155843128.0
1767326400,0.12867,0.1291,0.1275,0.12793,123067696.0
1767340800,0.12793,0.13482,0.12792,0.12947,500588317.0
1767355200,0.12947,0.13623,0.12929,0.13528,602252644.0
1767369600,0.13528,0.13997,0.13484,0.13949,417686161.0
1767384000,0.13949,0.14498,0.13892,0.14188,440593898.0
1767398400,0.14188,0.14451,0.14106,0.14407,216378200.0
1767412800,0.14407,0.14431,0.13914,0.14002,245171300.0
1767427200,0.14002,0.14329,0.13938,0.14252,236757570.0
1767441600,0.14252,0.14346,0.14221,0.14225,152767480.0
1767456000,0.14225,0.14244,0.14074,0.14167,100169427.0
1767470400,0.14167,0.14372,0.14127,0.14315,76651816.0
1767484800,0.14315,0.15196,0.14278,0.15102,379295165.0
1767499200,0.15102,0.15413,0.14979,0.15151,299712466.0
1767513600,0.15151,0.15286,0.15067,0.15194,157774727.0
1767528000,0.15194,0.15418,0.15042,0.15143,206074617.0
1767542400,0.15143,0.15285,0.14771,0.14987,218315394.0
1767556800,0.14987,0.15069,0.14859,0.14953,109850491.0
1767571200,0.14953,0.15248,0.14884,0.15157,207338479.0
1767585600,0.15157,0.15171,0.14874,0.15,128834289.0
1767600000,0.15,0.15073,0.14581,0.14778,194533327.0
1767614400,0.14778,0.14946,0.1463,0.14886,169206042.0
1767628800,0.14886,0.15386,0.14844,0.15175,280059208.0
1767643200,0.15175,0.1545,0.15085,0.15171,135074565.0
1767657600,0.15171,0.15451,0.1492,0.1528,195443789.0
1767672000,0.1528,0.15295,0.14918,0.14957,130031520.0
1767686400,0.14957,0.15095,0.14952,0.15048,81932506.0
1767700800,0.15048,0.15656,0.14913,0.14999,340197220.0
1767715200,0.14999,0.15033,0.14352,0.14588,401365686.0
1767729600,0.14588,0.15105,0.14585,0.15055,123348026.0
1767744000,0.15055,0.15055,0.14693,0.14838,109084656.0
1767758400,0.14838,0.14919,0.14734,0.14907,45225445.0
1767772800,0.14907,0.15405,0.14753,0.14891,267266395.0
1767787200,0.14891,0.14895,0.14487,0.14611,188507013.0
1767801600,0.14611,0.1485,0.14549,0.1466,120582011.0
1767816000,0.1466,0.1473,0.14544,0.14642,66436896.0
1767830400,0.14642,0.14777,0.14458,0.14525,70682265.0
1767844800,0.14525,0.14741,0.14124,0.14399,224485811.0
1767859200,0.14399,0.14491,0.138,0.14099,250563750.0
1767873600,0.14099,0.14211,0.13823,0.14186,237648526.0
1767888000,0.14186,0.14324,0.14059,0.1419,122615016.0
1767902400,0.1419,0.14345,0.14093,0.14194,53514149.0
1767916800,0.14194,0.14366,0.14116,0.143,79353277.0
1767931200,0.143,0.1432,0.14195,0.14196,52715223.0
1767945600,0.14196,0.14216,0.13881,0.14034,137686713.0
1767960000,0.14034,0.14462,0.13825,0.14211,255116404.0
1767974400,0.14211,0.14425,0.13895,0.13954,128418657.0
1767988800,0.13954,0.14118,0.13934,0.14071,50320667.0
1768003200,0.14071,0.14072,0.13974,0.14028,23671431.0
1768017600,0.14028,0.14061,0.13946,0.14039,36511078.0
1768032000,0.14039,0.14056,0.13951,0.14003,68393917.0
1768046400,0.14003,0.14045,0.1396,0.13998,34907554.0
1768060800,0.13998,0.14038,0.13951,0.14033,31681738.0
1768075200,0.14033,0.14048,0.13904,0.13965,24484031.0
1768089600,0.13965,0.13965,0.13856,0.1391,45309590.0
1768104000,0.1391,0.14005,0.13875,0.14003,38861437.0
1768118400,0.14003,0.14037,0.13946,0.13971,28017220.0
1768132800,0.13971,0.1412,0.13674,0.13817,110289182.0
1768147200,0.13817,0.13997,0.13726,0.13759,95497990.0
1768161600,0.13759,0.13833,0.13585,0.13801,101433984.0
1768176000,0.13801,0.14237,0.13664,0.14042,169880466.0
1768190400,0.14042,0.14134,0.13779,0.13793,85826578.0
1768204800,0.13793,0.13872,0.1356,0.13669,139358517.0
1768219200,0.13669,0.13864,0.13492,0.13847,166691208.0
1768233600,0.13847,0.14014,0.13683,0.13832,95118257.0
1768248000,0.13832,0.13892,0.13555,0.13662,64167854.0
1768262400,0.13662,0.13742,0.13626,0.1371,70400115.0
1768276800,0.1371,0.13958,0.1371,0.13864,91479490.0
1768291200,0.13864,0.14037,0.1386,0.13906,94723536.0
1768305600,0.13906,0.14235,0.13875,0.14214,186509876.0
1768320000,0.14214,0.14478,0.14195,0.14439,171526698.0
1768334400,0.14439,0.15095,0.14353,0.14828,347488509.0
1768348800,0.14828,0.14976,0.1472,0.14961,141703271.0
1768363200,0.14961,0.14983,0.14687,0.14847,108091039.0
1768377600,0.14847,0.14875,0.14581,0.146,74252032.0
1768392000,0.146,0.14983,0.14562,0.14899,187069247.0
1768406400,0.14899,0.15133,0.14628,0.14789,249472589.0
1768420800,0.14789,0.14916,0.1463,0.14718,112623881.0
1768435200,0.14718,0.14721,0.14242,0.1427,151897439.0
1768449600,0.1427,0.14449,0.14258,0.14417,97590091.0
1768464000,0.14417,0.14509,0.14332,0.1437,66066723.0
1768478400,0.1437,0.14499,0.14007,0.1421,163804412.0
1768492800,0.1421,0.14246,0.13915,0.14001,239908903.0
1768507200,0.14001,0.1405,0.13881,0.14004,66318620.0
1768521600,0.14004,0.14045,0.13913,0.13942,79203253.0
1768536000,0.13942,0.14036,0.13844,0.14003,67747403.0
1768550400,0.14003,0.14035,0.13703,0.13802,394760517.0
1768564800,0.13802,0.13842,0.1351,0.13601,236926366.0
1768579200,0.13601,0.13742,0.13562,0.13725,104916016.0
1768593600,0.13725,0.13846,0.13627,0.13813,107287790.0
1768608000,0.13813,0.13859,0.1373,0.1374,55120116.0
1768622400,0.1374,0.1379,0.13682,0.1373,44314958.0
1768636800,0.1373,0.13795,0.13709,0.13771,42031452.0
1768651200,0.13771,0.14003,0.1374,0.13953,92140029.0
1768665600,0.13953,0.13992,0.13821,0.13869,70562082.0
1768680000,0.13869,0.139,0.1373,0.13788,38959042.0
1768694400,0.13788,0.13835,0.13681,0.13742,61504598.0
1768708800,0.13742,0.13753,0.13669,0.13714,30608212.0
1768723200,0.13714,0.13771,0.13688,0.13716,35011091.0
1768737600,0.13716,0.13807,0.13632,0.13656,75291638.0
1768752000,0.13656,0.1379,0.13632,0.13717,47896819.0
1768766400,0.13717,0.13796,0.13133,0.13164,228727592.0
1768780800,0.13164,0.13164,0.12,0.12735,772117411.0
1768795200,0.12735,0.12771,0.1265,0.1272,129224172.0
1768809600,0.1272,0.1284,0.12708,0.12785,121968186.0
1768824000,0.12785,0.12899,0.12732,0.12781,110783095.0
1768838400,0.12781,0.13019,0.12771,0.12988,92204868.0
1768852800,0.12988,0.13066,0.12852,0.12916,83552620.0
1768867200,0.12916,0.12934,0.12774,0.12798,63194909.0
1768881600,0.12798,0.12826,0.12645,0.12677,124074302.0
1768896000,0.12677,0.12703,0.12515,0.12526,125097028.0
1768910400,0.12526,0.12676,0.12417,0.1252,203318395.0
1768924800,0.1252,0.12568,0.12329,0.12395,149769683.0
1768939200,0.12395,0.12448,0.12178,0.12336,128875801.0
1768953600,0.12336,0.1265,0.1232,0.12552,116104563.0
1768968000,0.12552,0.1264,0.1248,0.12497,106294378.0
1768982400,0.12497,0.12503,0.12286,0.1231,71544295.0
1768996800,0.1231,0.12663,0.12157,0.12638,258915037.0
1769011200,0.12638,0.12837,0.12029,0.1281,262027570.0
1769025600,0.1281,0.12884,0.12624,0.12654,127788932.0
1769040000,0.12654,0.12794,0.12645,0.12692,62226967.0
1769054400,0.12692,0.12742,0.126,0.12611,53620653.0
1769068800,0.12611,0.12718,0.12573,0.12588,53499971.0
1769083200,0.12588,0.12652,0.12322,0.1243,123497008.0
1769097600,0.1243,0.12559,0.1239,0.12475,76053350.0
1769112000,0.12475,0.12489,0.12365,0.12437,56058468.0
1769126400,0.12437,0.12574,0.12404,0.1255,71519849.0
1769140800,0.1255,0.12598,0.12487,0.12508,79369270.0
1769155200,0.12508,0.12544,0.12419,0.12519,46167172.0
1769169600,0.12519,0.12535,0.12203,0.12471,121782797.0
1769184000,0.12471,0.12788,0.12433,0.12473,155256210.0
1769198400,0.12473,0.12516,0.12321,0.12477,59487554.0
1769212800,0.12477,0.12487,0.12409,0.12444,17192995.0
1769227200,0.12444,0.12488,0.12402,0.1242,25769156.0
1769241600,0.1242,0.12494,0.12412,0.12462,22743403.0
1769256000,0.12462,0.12475,0.12352,0.12369,47177011.0
1769270400,0.12369,0.12424,0.12291,0.12415,36995934.0
1769284800,0.12415,0.12475,0.12403,0.12423,18812156.0
1769299200,0.12423,0.12435,0.123,0.1233,42940163.0
1769313600,0.1233,0.1236,0.12265,0.123,26638715.0
1769328000,0.123,0.1237,0.12234,0.12335,39629381.0
1769342400,0.12335,0.12338,0.12172,0.1223,72708186.0
1769356800,0.1223,0.1223,0.11764,0.1188,313796788.0
1769371200,0.1188,0.1197,0.11784,0.11945,148764243.0
1769385600,0.11945,0.12282,0.11924,0.12132,133792471.0
1769400000,0.12132,0.12298,0.12129,0.12174,77212475.0
1769414400,0.12174,0.1226,0.12045,0.12103,125836810.0
1769428800,0.12103,0.12381,0.12103,0.12225,164104157.0
1769443200,0.12225,0.12349,0.12147,0.12241,111344567.0
1769457600,0.12241,0.1231,0.12154,0.12236,95796517.0
1769472000,0.12236,0.12333,0.12194,0.12287,69424714.0
1769486400,0.12287,0.1235,0.12201,0.1222,61836866.0
1769500800,0.1222,0.12273,0.12167,0.1224,89407925.0
1769515200,0.1224,0.12301,0.12139,0.12299,87767178.0
1769529600,0.12299,0.12565,0.12178,0.12436,284557107.0
1769544000,0.12436,0.12666,0.12433,0.12619,111528517.0
1769558400,0.12619,0.12641,0.12423,0.12453,75011458.0
1769572800,0.12453,0.12605,0.12393,0.12554,74776519.0
1769587200,0.12554,0.12775,0.12546,0.12716,143322306.0
1769601600,0.12716,0.1272,0.12386,0.12463,149319907.0
1769616000,0.12463,0.12584,0.12372,0.12528,118580571.0
1769630400,0.12528,0.12632,0.12427,0.125,90211789.0
1769644800,0.125,0.12525,0.12185,0.12222,128307411.0
1769659200,0.12222,0.12248,0.12135,0.12201,60560524.0
1769673600,0.12201,0.12238,0.1206,0.12115,130308490.0
1769688000,0.12115,0.12117,0.11533,0.11623,416092982.0
1769702400,0.11623,0.11881,0.1144,0.11555,349691734.0
1769716800,0.11555,0.1174,0.1153,0.11728,104352687.0
1769731200,0.11728,0.11772,0.11217,0.11426,352832693.0
1769745600,0.11426,0.11558,0.11221,0.11453,159656928.0
1769760000,0.11453,0.11591,0.11304,0.11554,95575894.0
1769774400,0.11554,0.1166,0.11381,0.11605,176967297.0
1769788800,0.11605,0.11871,0.11352,0.11776,239320697.0
1769803200,0.11776,0.11776,0.11536,0.11581,140482722.0
1769817600,0.11581,0.11593,0.11483,0.11519,42740413.0
1769832000,0.11519,0.11549,0.11207,0.1128,134794271.0
1769846400,0.1128,0.11306,0.11032,0.11189,173109131.0
1769860800,0.11189,0.11189,0.1051,0.10679,507108559.0
1769875200,0.10679,0.1081,0.09461,0.10185,1341489257.0
1769889600,0.10185,0.10478,0.10053,0.10426,263718010.0
1769904000,0.10426,0.10559,0.10361,0.10495,118887599.0
1769918400,0.10495,0.10641,0.10445,0.1058,100452459.0
1769932800,0.1058,0.10657,0.10452,0.1059,110512652.0
1769947200,0.1059,0.10685,0.10258,0.10409,260878023.0
1769961600,0.10409,0.10635,0.10301,0.10419,218654360.0
1769976000,0.10419,0.10581,0.10103,0.10426,318756245.0
1769990400,0.10426,0.1065,0.09982,0.10338,407541866.0
1770004800,0.10338,0.10518,0.09955,0.1031,448710100.0
1770019200,0.1031,0.10626,0.10308,0.10491,244800690.0
1770033600,0.10491,0.11056,0.1049,0.10954,288591992.0
1770048000,0.10954,0.11,0.10733,0.10738,132630994.0
1770062400,0.10738,0.10872,0.10704,0.10792,82307080.0
1770076800,0.10792,0.10827,0.10555,0.10743,173649559.0
1770091200,0.10743,0.10903,0.10607,0.10828,116395212.0
1770105600,0.10828,0.10902,0.10645,0.10665,152445380.0
1770120000,0.10665,0.11053,0.10546,0.11017,356699436.0
1770134400,0.11017,0.1102,0.10226,0.10642,510427692.0
1770148800,0.10642,0.11053,0.10523,0.10602,304725287.0
1770163200,0.10602,0.10947,0.10553,0.10892,140203884.0
1770177600,0.10892,0.10917,0.10733,0.10846,149986158.0
1770192000,0.10846,0.10872,0.10637,0.10731,108679047.0
1770206400,0.10731,0.10779,0.10276,0.10342,310144108.0
1770220800,0.10342,0.10556,0.10142,0.10535,419156539.0
1770235200,0.10535,0.10549,0.10127,0.10383,194711755.0
1770249600,0.10383,0.10477,0.10221,0.1026,251384769.0
1770264000,0.1026,0.10361,0.10065,0.10117,339737248.0
1770278400,0.10117,0.10297,0.09736,0.09874,288128121.0
1770292800,0.09874,0.10054,0.09265,0.09421,719851803.0
1770307200,0.09421,0.09545,0.09048,0.09118,613074514.0
1770321600,0.09118,0.09185,0.08675,0.08842,947079135.0
1770336000,0.08842,0.0914,0.08476,0.08989,507087416.0
1770350400,0.08989,0.09352,0.0895,0.09071,333303066.0
1770364800,0.09071,0.09431,0.09015,0.09371,255850513.0
1770379200,0.09371,0.09371,0.09304,0.09331,29960355.0
