timestamp,open,high,low,close,volume
2019-08-23 06:00:00,0.0026292,0.00265,0.0026153,0.0026266,19395592.0
2019-08-23 12:00:00,0.0026319,0.0026888,0.0026319,0.0026768,12249338.0
2019-08-23 18:00:00,0.0026776,0.002693,0.0026559,0.0026668,11053795.0
2019-08-24 00:00:00,0.0026644,0.0026785,0.0026455,0.0026547,6375979.0
2019-08-24 06:00:00,0.0026493,0.0026599,0.0025647,0.0025853,19807723.0
2019-08-24 12:00:00,0.0025853,0.0026005,0.0025723,0.0025985,17979410.0
2019-08-24 18:00:00,0.0025995,0.0026314,0.0025919,0.0026222,17001263.0
2019-08-25 00:00:00,0.0026274,0.0026329,0.0025932,0.0026109,6058308.0
2019-08-25 06:00:00,0.0026109,0.0026406,0.0025978,0.0026234,23659460.0
2019-08-25 12:00:00,0.0026234,0.002666,0.002593,0.0026144,14747838.0
2019-08-25 18:00:00,0.0026102,0.0026285,0.002582,0.0026237,15472130.0
2019-08-26 00:00:00,0.0026192,0.0027048,0.0026192,0.0026291,22340292.0
2019-08-26 06:00:00,0.0026394,0.0026579,0.0026216,0.0026388,17528441.0
2019-08-26 12:00:00,0.0026329,0.002653,0.0026271,0.0026356,16647758.0
2019-08-26 18:00:00,0.0026417,0.00265,0.0025931,0.0026409,18792939.0
2019-08-27 00:00:00,0.002637,0.002638,0.002582,0.002591,14363946.0
2019-08-27 06:00:00,0.0025871,0.002613,0.0025801,0.0025832,9794289.0
2019-08-27 12:00:00,0.0025833,0.00264,0.0025763,0.002605,18563658.0
2019-08-27 18:00:00,0.002608,0.0026391,0.0025924,0.0025993,15091375.0
2019-08-28 00:00:00,0.0026014,0.0026014,0.0025505,0.0025729,13282823.0
2019-08-28 06:00:00,0.0025715,0.00258,0.00256,0.002567,7197335.0
2019-08-28 12:00:00,0.002566,0.002588,0.0025613,0.002587,13928288.0
2019-08-28 18:00:00,0.0025712,0.0025712,0.0024772,0.0024965,38844327.0
2019-08-29 00:00:00,0.0024956,0.0024958,0.002403,0.0024351,38678061.0
2019-08-29 06:00:00,0.0024226,0.0024272,0.002339,0.0023676,35695895.0
2019-08-29 12:00:00,0.0023757,0.0024112,0.002356,0.0024075,13635640.0
2019-08-29 18:00:00,0.0024018,0.0024881,0.0023995,0.0024244,13138955.0
2019-08-30 00:00:00,0.0024421,0.0024421,0.0023879,0.0024189,4307808.0
2019-08-30 06:00:00,0.0024281,0.0024704,0.0024155,0.0024533,5186444.0
2019-08-30 12:00:00,0.0024523,0.0024665,0.0024337,0.0024337,10232170.0
2019-08-30 18:00:00,0.0024337,0.0024939,0.0024131,0.0024449,17785785.0
2019-08-31 00:00:00,0.0024517,0.0024777,0.0024384,0.0024567,5748634.0
2019-08-31 06:00:00,0.0024521,0.0024571,0.002432,0.0024442,15456020.0
2019-08-31 12:00:00,0.00243,0.0024552,0.0024254,0.0024552,4179866.0
2019-08-31 18:00:00,0.0024488,0.0024878,0.0024118,0.0024528,10953799.0
2019-09-01 00:00:00,0.002452,0.0024671,0.0024339,0.00244,4614708.0
2019-09-01 06:00:00,0.0024365,0.002452,0.002424,0.0024298,7303398.0
2019-09-01 12:00:00,0.0024276,0.0024379,0.0024109,0.0024333,7150711.0
2019-09-01 18:00:00,0.0024334,0.0024851,0.0024207,0.0024603,16887331.0
2019-09-02 00:00:00,0.0024635,0.002486,0.0024449,0.0024555,5406146.0
2019-09-02 06:00:00,0.00245,0.0024732,0.0024377,0.00246,8011650.0
2019-09-02 12:00:00,0.002461,0.0025264,0.00246,0.0025209,13772400.0
2019-09-02 18:00:00,0.0025192,0.0026167,0.0025157,0.0025882,26381814.0
2019-09-03 00:00:00,0.002591,0.0026053,0.0025376,0.002545,8669401.0
2019-09-03 06:00:00,0.002545,0.0025752,0.0025313,0.0025499,27435018.0
2019-09-03 12:00:00,0.00255,0.0026054,0.0025419,0.0025804,11832064.0
2019-09-03 18:00:00,0.002589,0.002602,0.0025313,0.0025593,16743323.0
2019-09-04 00:00:00,0.0025647,0.0025706,0.0025313,0.0025375,12108538.0
2019-09-04 06:00:00,0.0025377,0.0025539,0.0025184,0.0025241,8391072.0
2019-09-04 12:00:00,0.002534,0.00256,0.0025,0.002542,5667333.0
2019-09-04 18:00:00,0.002542,0.0025711,0.0025002,0.0025097,6622943.0
2019-09-05 00:00:00,0.0025221,0.0025221,0.0024935,0.00251,12868781.0
2019-09-05 06:00:00,0.0025186,0.0025198,0.0024618,0.0024855,12471250.0
2019-09-05 12:00:00,0.0024809,0.0024989,0.0024671,0.0024783,6714325.0
2019-09-05 18:00:00,0.0024756,0.0025149,0.0024589,0.0024909,12263920.0
2019-09-06 00:00:00,0.0024897,0.0025,0.0024732,0.0024939,3392367.0
2019-09-06 06:00:00,0.002493,0.002493,0.0024286,0.0024762,21711936.0
2019-09-06 12:00:00,0.002463,0.0025054,0.0024,0.0024287,28056943.0
2019-09-06 18:00:00,0.0024218,0.0025031,0.002405,0.00247,28675257.0
2019-09-07 00:00:00,0.0024504,0.0024836,0.0024449,0.002462,5309321.0
2019-09-07 06:00:00,0.0024654,0.0024911,0.0024467,0.0024729,11161398.0
2019-09-07 12:00:00,0.00247,0.0024928,0.0024564,0.0024643,8212498.0
2019-09-07 18:00:00,0.0024656,0.002507,0.0024029,0.0024542,54732071.0
2019-09-08 00:00:00,0.002465,0.0025306,0.002457,0.0024944,16884569.0
2019-09-08 06:00:00,0.002492,0.0025208,0.0024461,0.0024596,28571875.0
2019-09-08 12:00:00,0.0024542,0.0024812,0.0024427,0.0024662,14531088.0
2019-09-08 18:00:00,0.0024662,0.0024828,0.0024,0.0024585,29551437.0
2019-09-09 00:00:00,0.0024453,0.0024692,0.0024113,0.0024202,13469929.0
2019-09-09 06:00:00,0.0024471,0.0024569,0.0024,0.0024458,24589776.0
2019-09-09 12:00:00,0.0024477,0.0024569,0.002407,0.002427,12227520.0
2019-09-09 18:00:00,0.0024232,0.0024617,0.0024221,0.0024351,10713119.0
2019-09-10 00:00:00,0.0024351,0.0024612,0.0024219,0.0024301,5266331.0
2019-09-10 06:00:00,0.00244,0.0024411,0.0024209,0.0024212,4498248.0
2019-09-10 12:00:00,0.002432,0.0024386,0.002405,0.0024233,4722315.0
2019-09-10 18:00:00,0.002426,0.0024381,0.0023849,0.0024185,18732874.0
2019-09-11 00:00:00,0.0024193,0.0024386,0.0023724,0.0023808,8248670.0
2019-09-11 06:00:00,0.0023808,0.0024004,0.0023601,0.0023936,8460925.0
2019-09-11 12:00:00,0.0023901,0.0024004,0.0023642,0.0023887,8779000.0
2019-09-11 18:00:00,0.0023895,0.0024087,0.0023715,0.0023892,27398570.0
2019-09-12 00:00:00,0.0023912,0.0024089,0.002342,0.0023579,15206468.0
2019-09-12 06:00:00,0.002355,0.0023702,0.0023265,0.0023545,14022858.0
2019-09-12 12:00:00,0.0023702,0.0023875,0.002357,0.0023772,7139243.0
2019-09-12 18:00:00,0.0023769,0.002431,0.002366,0.0023928,12174196.0
2019-09-13 00:00:00,0.0023906,0.0024019,0.0023874,0.0023927,6010268.0
2019-09-13 06:00:00,0.0023799,0.0023936,0.0023719,0.0023933,3861140.0
2019-09-13 12:00:00,0.0023799,0.0023916,0.00236,0.0023754,6893162.0
2019-09-13 18:00:00,0.0023785,0.0024128,0.0023606,0.002399,18552922.0
2019-09-14 00:00:00,0.0024089,0.0024089,0.002385,0.002385,9611484.0
2019-09-14 06:00:00,0.002384,0.0024002,0.0023747,0.0023747,6809818.0
2019-09-14 12:00:00,0.0023868,0.0024171,0.0023701,0.002407,11003571.0
2019-09-14 18:00:00,0.0024081,0.002437,0.0024048,0.0024192,6301015.0
2019-09-15 00:00:00,0.0024233,0.0024688,0.0024233,0.0024512,16094317.0
2019-09-15 06:00:00,0.0024461,0.0024572,0.0024274,0.0024572,13293524.0
2019-09-15 12:00:00,0.0024572,0.0024851,0.0024493,0.0024649,20658129.0
2019-09-15 18:00:00,0.0024618,0.0024668,0.00239,0.002426,18601265.0
2019-09-16 00:00:00,0.0024249,0.002467,0.0024249,0.002456,9931006.0
2019-09-16 06:00:00,0.002456,0.0024765,0.0024391,0.002455,20766053.0
2019-09-16 12:00:00,0.0024554,0.00246,0.0023978,0.0024163,13563626.0
2019-09-16 18:00:00,0.00241,0.00245,0.0024046,0.0024309,9633735.0
2019-09-17 00:00:00,0.0024316,0.0024349,0.00241,0.0024127,5351929.0
2019-09-17 06:00:00,0.0024202,0.0024475,0.00241,0.002422,10884202.0
2019-09-17 12:00:00,0.0024212,0.00257,0.0024211,0.00257,63504766.0
2019-09-17 18:00:00,0.00257,0.00262,0.0025488,0.002594,55328114.0
2019-09-18 00:00:00,0.0025972,0.0026343,0.0025527,0.002632,52509236.0
2019-09-18 06:00:00,0.0026263,0.0028103,0.0026241,0.0027374,168678479.0
2019-09-18 12:00:00,0.0027382,0.0027889,0.0026967,0.0027653,94042802.0
2019-09-18 18:00:00,0.0027521,0.0027703,0.0026952,0.0027015,29133809.0
2019-09-19 00:00:00,0.0027028,0.0027028,0.00254,0.0025969,50813109.0
2019-09-19 06:00:00,0.0026071,0.0026535,0.002557,0.0025905,40074104.0
2019-09-19 12:00:00,0.0025905,0.0026971,0.0025769,0.0026668,30158138.0
2019-09-19 18:00:00,0.0026649,0.0027322,0.0026508,0.0027083,40495264.0
2019-09-20 00:00:00,0.0027062,0.0027062,0.0026501,0.0026595,16169196.0
2019-09-20 06:00:00,0.0026599,0.0026655,0.0026396,0.0026499,10766886.0
2019-09-20 12:00:00,0.0026417,0.0026683,0.0026147,0.0026444,20461131.0
2019-09-20 18:00:00,0.0026337,0.0026911,0.00263,0.0026497,22950118.0
2019-09-21 00:00:00,0.0026497,0.0026619,0.0025714,0.0025997,24052258.0
2019-09-21 06:00:00,0.0025981,0.0026059,0.0025499,0.0025586,14965774.0
2019-09-21 12:00:00,0.0025625,0.0026018,0.002539,0.0025513,26547986.0
2019-09-21 18:00:00,0.0025577,0.0025914,0.0025498,0.0025772,11127735.0
2019-09-22 00:00:00,0.00257,0.0025789,0.0025173,0.0025593,15369994.0
2019-09-22 06:00:00,0.0025555,0.0025879,0.0025542,0.00257,9808441.0
2019-09-22 12:00:00,0.0025719,0.0025878,0.0025244,0.0025385,39454574.0
2019-09-22 18:00:00,0.0025385,0.002599,0.0025187,0.002562,27409994.0
2019-09-23 00:00:00,0.0025697,0.0025719,0.0025051,0.0025266,12618641.0
2019-09-23 06:00:00,0.002524,0.0025508,0.0025057,0.0025413,12103775.0
2019-09-23 12:00:00,0.0025409,0.0025438,0.0024719,0.0024941,30151506.0
2019-09-23 18:00:00,0.0025027,0.0025268,0.0024474,0.0024474,22023602.0
2019-09-24 00:00:00,0.0024474,0.0024666,0.0024406,0.0024666,10440795.0
2019-09-24 06:00:00,0.002461,0.0024731,0.0024481,0.0024648,13679426.0
2019-09-24 12:00:00,0.0024588,0.0024652,0.0023763,0.0024179,30478636.0
2019-09-24 18:00:00,0.0024079,0.0024079,0.0019317,0.00219,101311619.0
2019-09-25 00:00:00,0.0021893,0.0022137,0.0021501,0.0021716,19163245.0
2019-09-25 06:00:00,0.0021856,0.0021889,0.0020665,0.0021448,34867357.0
2019-09-25 12:00:00,0.0021527,0.0021765,0.0021016,0.0021469,35030404.0
2019-09-25 18:00:00,0.002155,0.0022241,0.0021308,0.0021757,21764977.0
2019-09-26 00:00:00,0.0021693,0.0021982,0.0021549,0.0021884,43485262.0
2019-09-26 06:00:00,0.0021776,0.0022135,0.0021735,0.0021922,28496137.0
2019-09-26 12:00:00,0.0021922,0.0022375,0.0020185,0.0020602,103953329.0
2019-09-26 18:00:00,0.0020683,0.0021506,0.0020509,0.0021396,28458896.0
2019-09-27 00:00:00,0.0021348,0.0021348,0.0020985,0.0021247,21702100.0
2019-09-27 06:00:00,0.0021319,0.002176,0.0021114,0.0021322,24665450.0
2019-09-27 12:00:00,0.0021386,0.0021684,0.0021188,0.0021571,15084109.0
2019-09-27 18:00:00,0.0021595,0.002199,0.0021201,0.0021723,26879507.0
2019-09-28 00:00:00,0.002176,0.0021874,0.002167,0.00218,8464008.0
2019-09-28 06:00:00,0.0021743,0.0021879,0.00217,0.00217,26265875.0
2019-09-28 12:00:00,0.00217,0.0021839,0.0021401,0.0021839,15780608.0
2019-09-28 18:00:00,0.0021724,0.002232,0.0021655,0.0021974,25150795.0
2019-09-29 00:00:00,0.0022033,0.0022399,0.002175,0.0021792,16543017.0
2019-09-29 06:00:00,0.0021797,0.0022,0.0021643,0.002181,17171010.0
2019-09-29 12:00:00,0.0021811,0.0021811,0.0021235,0.0021621,23408750.0
2019-09-29 18:00:00,0.0021629,0.0022099,0.0021544,0.0021854,22388354.0
2019-09-30 00:00:00,0.002203,0.002203,0.0021269,0.0021513,8896423.0
2019-09-30 06:00:00,0.0021513,0.0023605,0.0021264,0.0023468,119896258.0
2019-09-30 12:00:00,0.0023468,0.0024733,0.0023197,0.0023836,103777891.0
2019-09-30 18:00:00,0.0023739,0.002404,0.0023293,0.0023747,31418030.0
2019-10-01 00:00:00,0.0023791,0.0025001,0.0023682,0.0024473,54776335.0
2019-10-01 06:00:00,0.0024438,0.0024701,0.0024064,0.0024153,34585636.0
2019-10-01 12:00:00,0.0024144,0.0024342,0.00238,0.0023809,43473094.0
2019-10-01 18:00:00,0.0023801,0.0023978,0.0023473,0.0023503,19024998.0
2019-10-02 00:00:00,0.0023561,0.0023692,0.0023042,0.002305,14665275.0
2019-10-02 06:00:00,0.00232,0.0023374,0.0022901,0.0023374,18862395.0
2019-10-02 12:00:00,0.0023338,0.0023359,0.0022848,0.0023031,33272672.0
2019-10-02 18:00:00,0.0023031,0.002323,0.0022809,0.002323,21234094.0
2019-10-03 00:00:00,0.002323,0.002325,0.0022962,0.0022962,15855478.0
2019-10-03 06:00:00,0.002295,0.0023117,0.0022759,0.0022856,13373279.0
2019-10-03 12:00:00,0.0022957,0.002303,0.0022353,0.0022652,37663913.0
2019-10-03 18:00:00,0.002264,0.0022993,0.0022443,0.0022977,14129859.0
2019-10-04 00:00:00,0.002298,0.002298,0.0022398,0.002244,4643318.0
2019-10-04 06:00:00,0.0022533,0.0022811,0.0022411,0.0022641,16128535.0
2019-10-04 12:00:00,0.0022631,0.0022956,0.0022475,0.0022921,15139980.0
2019-10-04 18:00:00,0.0022957,0.002325,0.0022831,0.0022893,16403071.0
2019-10-05 00:00:00,0.0022882,0.0022986,0.0022737,0.0022876,11611951.0
2019-10-05 06:00:00,0.0022923,0.0022981,0.0022722,0.002285,10521883.0
2019-10-05 12:00:00,0.0022849,0.0022959,0.0022614,0.0022827,22141852.0
2019-10-05 18:00:00,0.0022755,0.0023051,0.0022737,0.0022922,9624209.0
2019-10-06 00:00:00,0.0022993,0.0023048,0.0022791,0.0022836,18646327.0
2019-10-06 06:00:00,0.0022836,0.0022836,0.0022503,0.0022631,18113887.0
2019-10-06 12:00:00,0.0022631,0.002291,0.0022377,0.00227,20439787.0
2019-10-06 18:00:00,0.0022633,0.0022807,0.0022275,0.0022677,15518150.0
2019-10-07 00:00:00,0.0022659,0.0022801,0.0022368,0.0022572,12441375.0
2019-10-07 06:00:00,0.0022556,0.002313,0.0022441,0.00229,19293956.0
2019-10-07 12:00:00,0.0022875,0.0023599,0.0022875,0.0023599,22449607.0
2019-10-07 18:00:00,0.0023624,0.0023654,0.00231,0.002331,15752022.0
2019-10-08 00:00:00,0.0023298,0.0023649,0.002301,0.0023345,22949338.0
2019-10-08 06:00:00,0.0023345,0.0023345,0.0022882,0.0023135,30955918.0
2019-10-08 12:00:00,0.0023053,0.0023145,0.0022877,0.0022929,20674165.0
2019-10-08 18:00:00,0.0022929,0.0023125,0.0022783,0.0023096,15374136.0
2019-10-09 00:00:00,0.0023096,0.0023096,0.0022467,0.002294,24803655.0
2019-10-09 06:00:00,0.0022982,0.0023344,0.0022918,0.002317,29266518.0
2019-10-09 12:00:00,0.002316,0.002365,0.002292,0.0023599,57345012.0
2019-10-09 18:00:00,0.0023599,0.0023652,0.0023389,0.0023522,17118521.0
2019-10-10 00:00:00,0.002346,0.0023512,0.0023221,0.0023276,16191809.0
2019-10-10 06:00:00,0.0023316,0.002345,0.0023051,0.0023357,10743077.0
2019-10-10 12:00:00,0.0023317,0.0023434,0.0023075,0.0023075,28767022.0
2019-10-10 18:00:00,0.0023125,0.002322,0.0022927,0.0023,18784070.0
2019-10-11 00:00:00,0.002297,0.0023411,0.0022568,0.002265,15027428.0
2019-10-11 06:00:00,0.0022624,0.002304,0.0022331,0.00225,16888990.0
2019-10-11 12:00:00,0.0022462,0.00228,0.002225,0.0022616,12969858.0
2019-10-11 18:00:00,0.002265,0.0023067,0.0022636,0.0022909,16745230.0
2019-10-12 00:00:00,0.002288,0.0022969,0.0022751,0.0022887,15518741.0
2019-10-12 06:00:00,0.0022888,0.0023029,0.0022833,0.0022855,9809657.0
2019-10-12 12:00:00,0.00229,0.002331,0.0022847,0.0023122,36327981.0
2019-10-12 18:00:00,0.002318,0.0023299,0.0022852,0.0023196,8718525.0
2019-10-13 00:00:00,0.002319,0.0024207,0.0023096,0.0024175,62048557.0
2019-10-13 06:00:00,0.0024148,0.0026349,0.0023989,0.0025592,288289022.0
2019-10-13 12:00:00,0.002556,0.0025813,0.002487,0.0024975,101988016.0
2019-10-13 18:00:00,0.0025,0.0025015,0.002375,0.0024317,53781149.0
2019-10-14 00:00:00,0.0024312,0.002496,0.0024067,0.0024834,44715262.0
2019-10-14 06:00:00,0.0024759,0.00275,0.0024598,0.002535,1137503471.0
2019-10-14 12:00:00,0.0025347,0.0025399,0.0024771,0.0025145,65884243.0
2019-10-14 18:00:00,0.0025145,0.00258,0.0024961,0.0025415,33510640.0
2019-10-15 00:00:00,0.0025482,0.0025523,0.0025144,0.0025411,23768510.0
2019-10-15 06:00:00,0.0025411,0.0025521,0.002528,0.002545,42354594.0
2019-10-15 12:00:00,0.00255,0.00258,0.002471,0.0024933,44839223.0
2019-10-15 18:00:00,0.0024907,0.0025085,0.0024652,0.0024964,31308549.0
2019-10-16 00:00:00,0.0024957,0.0025317,0.0024859,0.002531,18463188.0
2019-10-16 06:00:00,0.0025267,0.0025843,0.002499,0.0025399,47804352.0
2019-10-16 12:00:00,0.002534,0.0025904,0.0024851,0.0025556,65567040.0
2019-10-16 18:00:00,0.0025527,0.0026228,0.0025464,0.0026162,139209326.0
2019-10-17 00:00:00,0.0026117,0.00274,0.0025778,0.0026699,153803025.0
2019-10-17 06:00:00,0.0026701,0.0027553,0.0026701,0.0027333,112604452.0
2019-10-17 12:00:00,0.002727,0.002974,0.0026999,0.0028369,321300314.0
2019-10-17 18:00:00,0.0028355,0.0028369,0.00273,0.0027405,85548496.0
2019-10-18 00:00:00,0.002735,0.0028665,0.0026795,0.0027048,76688598.0
2019-10-18 06:00:00,0.0027,0.002782,0.0026311,0.00274,107998001.0
2019-10-18 12:00:00,0.0027468,0.002796,0.002696,0.002696,55940139.0
2019-10-18 18:00:00,0.0027078,0.0027111,0.00268,0.0026952,21474817.0
2019-10-19 00:00:00,0.0026944,0.0027105,0.0026467,0.0027028,21896939.0
2019-10-19 06:00:00,0.0027028,0.0027872,0.0026977,0.00277,28239279.0
2019-10-19 12:00:00,0.0027703,0.0027949,0.0027,0.0027098,46257215.0
2019-10-19 18:00:00,0.0027035,0.0027311,0.0026824,0.0027176,7041645.0
2019-10-20 00:00:00,0.0027179,0.0027575,0.0027099,0.0027151,20318124.0
2019-10-20 06:00:00,0.0027118,0.0027319,0.0026407,0.0026538,27286390.0
2019-10-20 12:00:00,0.0026499,0.0027255,0.0026458,0.0027231,27060649.0
2019-10-20 18:00:00,0.0027256,0.0027279,0.0026736,0.0027151,38640317.0
2019-10-21 00:00:00,0.0027079,0.0027166,0.0026615,0.0026722,20805214.0
2019-10-21 06:00:00,0.0026749,0.0026989,0.0025938,0.0025938,117445808.0
2019-10-21 12:00:00,0.002597,0.002665,0.0025758,0.0026202,82015461.0
2019-10-21 18:00:00,0.0026127,0.00295,0.002594,0.0026879,67019290.0
2019-10-22 00:00:00,0.0026884,0.0027297,0.002681,0.0026882,17560863.0
2019-10-22 06:00:00,0.0026945,0.002705,0.0026244,0.0026388,145511905.0
2019-10-22 12:00:00,0.0026386,0.002646,0.0026037,0.0026166,51905749.0
2019-10-22 18:00:00,0.0026105,0.0027,0.0025085,0.0025311,733388166.0
2019-10-23 00:00:00,0.0025386,0.002565,0.00251,0.0025173,26631679.0
2019-10-23 06:00:00,0.002515,0.0025414,0.00248,0.0025133,64987195.0
2019-10-23 12:00:00,0.0025132,0.0025338,0.0021,0.0024432,251830576.0
2019-10-23 18:00:00,0.0024433,0.0025198,0.0023964,0.0024746,56515470.0
2019-10-24 00:00:00,0.0024805,0.0025288,0.0024,0.0024893,61277575.0
2019-10-24 06:00:00,0.0024999,0.0024999,0.0024141,0.0024683,40289497.0
2019-10-24 12:00:00,0.0024743,0.00255,0.0024743,0.002522,36351811.0
2019-10-24 18:00:00,0.0025172,0.0025394,0.0024972,0.0025183,38317489.0
2019-10-25 00:00:00,0.0025183,0.0025207,0.0024652,0.0024712,17781179.0
2019-10-25 06:00:00,0.002473,0.0025889,0.002473,0.00257,26771737.0
2019-10-25 12:00:00,0.00257,0.0027799,0.0025251,0.002637,199298936.0
2019-10-25 18:00:00,0.0026366,0.0026929,0.0026,0.0026694,86354274.0
2019-10-26 00:00:00,0.0026694,0.002898,0.0026472,0.0027266,211082371.0
2019-10-26 06:00:00,0.0027265,0.002731,0.0025577,0.002638,58313508.0
2019-10-26 12:00:00,0.0026386,0.0026744,0.0025739,0.0025924,31859140.0
2019-10-26 18:00:00,0.002591,0.0026304,0.0025587,0.0025925,26537532.0
2019-10-27 00:00:00,0.0026061,0.0027452,0.00256,0.002584,13067924.0
2019-10-27 06:00:00,0.0025899,0.0026998,0.0025726,0.0025859,33103737.0
2019-10-27 12:00:00,0.0025858,0.0029542,0.0025701,0.0027318,102071731.0
2019-10-27 18:00:00,0.0027368,0.0027425,0.002619,0.00264,55423392.0
2019-10-28 00:00:00,0.00264,0.002725,0.0026373,0.0026975,59675074.0
2019-10-28 06:00:00,0.0026982,0.00275,0.0026234,0.0026815,41846234.0
2019-10-28 12:00:00,0.0026773,0.0026816,0.002626,0.0026285,25579740.0
2019-10-28 18:00:00,0.0026376,0.00273,0.002625,0.0026265,52546353.0
2019-10-29 00:00:00,0.0026379,0.002689,0.0026214,0.0026821,17276882.0
2019-10-29 06:00:00,0.0026783,0.0026952,0.00266,0.0026641,53279660.0
2019-10-29 12:00:00,0.0026638,0.0026949,0.0026386,0.0026516,35883410.0
2019-10-29 18:00:00,0.0026551,0.0026699,0.002615,0.002625,30219565.0
2019-10-30 00:00:00,0.002625,0.002662,0.0025801,0.0025801,101486419.0
2019-10-30 06:00:00,0.0025838,0.0026281,0.0025585,0.002578,31191787.0
2019-10-30 12:00:00,0.0025738,0.0026058,0.0025584,0.0026006,14599292.0
2019-10-30 18:00:00,0.0026005,0.0026649,0.002578,0.0025936,54817986.0
2019-10-31 00:00:00,0.0025891,0.0026112,0.0025802,0.0025983,17122843.0
2019-10-31 06:00:00,0.0025977,0.0026048,0.0025549,0.0025847,32980562.0
2019-10-31 12:00:00,0.0025823,0.0026314,0.0025794,0.0026067,27185441.0
2019-10-31 18:00:00,0.0026013,0.0026357,0.0025473,0.0025844,16004389.0
2019-11-01 00:00:00,0.0025811,0.0025843,0.0025522,0.0025745,6797305.0
2019-11-01 06:00:00,0.0025741,0.0025972,0.0025596,0.0025849,9646818.0
2019-11-01 12:00:00,0.002573,0.002596,0.0025525,0.0025848,13287407.0
2019-11-01 18:00:00,0.0025757,0.002675,0.0025631,0.0025932,18576646.0
2019-11-02 00:00:00,0.0025994,0.0026114,0.0025772,0.0025906,10328706.0
2019-11-02 06:00:00,0.0025919,0.0025919,0.0025463,0.0025712,81381407.0
2019-11-02 12:00:00,0.0025762,0.0025949,0.0025602,0.0025852,20277622.0
2019-11-02 18:00:00,0.0025896,0.0026,0.00257,0.0025773,24212013.0
2019-11-03 00:00:00,0.0025966,0.0026009,0.002565,0.002576,11991452.0
2019-11-03 06:00:00,0.0025758,0.0025939,0.0025516,0.0025753,15147730.0
2019-11-03 12:00:00,0.0025751,0.0025903,0.0025427,0.0025549,39856732.0
2019-11-03 18:00:00,0.0025549,0.0026369,0.0025434,0.0025861,27352995.0
2019-11-04 00:00:00,0.0025803,0.0025843,0.00255,0.0025587,14372652.0
2019-11-04 06:00:00,0.0025587,0.00258,0.002538,0.0025727,20326251.0
2019-11-04 12:00:00,0.0025727,0.0025904,0.002551,0.002578,28414765.0
2019-11-04 18:00:00,0.0025745,0.0026,0.0025658,0.0025751,26017787.0
2019-11-05 00:00:00,0.0025751,0.0026045,0.0025633,0.0025849,32419611.0
2019-11-05 06:00:00,0.0025829,0.0025889,0.0025501,0.0025776,14744192.0
2019-11-05 12:00:00,0.0025785,0.002596,0.002573,0.0025949,20051245.0
2019-11-05 18:00:00,0.0025959,0.002596,0.002568,0.0025927,22681567.0
2019-11-06 00:00:00,0.0025881,0.0025948,0.00257,0.0025844,9377657.0
2019-11-06 06:00:00,0.0025944,0.00261,0.0025844,0.0026018,17069936.0
2019-11-06 12:00:00,0.0025969,0.002606,0.0025806,0.002593,28860215.0
2019-11-06 18:00:00,0.0025815,0.0025952,0.00255,0.0025952,23217998.0
2019-11-07 00:00:00,0.0025942,0.002601,0.0025694,0.0025702,28004573.0
2019-11-07 06:00:00,0.0025719,0.0026583,0.0025697,0.00264,93501075.0
2019-11-07 12:00:00,0.002638,0.0027449,0.0026185,0.0026702,211201520.0
2019-11-07 18:00:00,0.0026663,0.002708,0.00262,0.0026982,56872174.0
2019-11-08 00:00:00,0.002704,0.0027096,0.0026657,0.0026743,19282134.0
2019-11-08 06:00:00,0.002668,0.002681,0.0025918,0.0026294,36608357.0
2019-11-08 12:00:00,0.0026275,0.0026425,0.002535,0.0026149,50312667.0
2019-11-08 18:00:00,0.0026199,0.0026575,0.0026165,0.0026381,34140306.0
2019-11-09 00:00:00,0.0026442,0.0026575,0.0026333,0.0026449,40149014.0
2019-11-09 06:00:00,0.0026459,0.0027099,0.00263,0.0026651,60618034.0
2019-11-09 12:00:00,0.0026748,0.0027351,0.0026425,0.002663,97511128.0
2019-11-09 18:00:00,0.0026639,0.00272,0.0026079,0.0027126,157100066.0
2019-11-10 00:00:00,0.0027078,0.0027424,0.0026647,0.0026821,77386791.0
2019-11-10 06:00:00,0.0026821,0.0027597,0.0026751,0.0027597,66535707.0
2019-11-10 12:00:00,0.0027455,0.0027849,0.0027096,0.00275,113158248.0
2019-11-10 18:00:00,0.0027548,0.00277,0.0027155,0.0027565,48123068.0
2019-11-11 00:00:00,0.0027653,0.0027687,0.00271,0.002728,22805392.0
2019-11-11 06:00:00,0.0027222,0.0027268,0.002646,0.0026622,39655850.0
2019-11-11 12:00:00,0.0026659,0.0027016,0.0026494,0.0026755,37739399.0
2019-11-11 18:00:00,0.0026755,0.0027149,0.0026626,0.002705,45429301.0
2019-11-12 00:00:00,0.0027042,0.0027244,0.0027026,0.002721,34368938.0
2019-11-12 06:00:00,0.002721,0.0027233,0.002682,0.0026889,32828337.0
2019-11-12 12:00:00,0.0026877,0.0027043,0.0026456,0.0026949,27390182.0
2019-11-12 18:00:00,0.0026949,0.0027098,0.0026701,0.0027078,22212355.0
2019-11-13 00:00:00,0.0027078,0.0027078,0.0026396,0.0026746,18269155.0
2019-11-13 06:00:00,0.0026709,0.0026899,0.0026441,0.0026532,59076213.0
2019-11-13 12:00:00,0.0026526,0.00269,0.0026316,0.002685,51121788.0
2019-11-13 18:00:00,0.0026848,0.00269,0.0026601,0.0026821,12049666.0
2019-11-14 00:00:00,0.0026751,0.0026787,0.0026309,0.002649,13499713.0
2019-11-14 06:00:00,0.002645,0.0026526,0.0025991,0.0026099,24511417.0
2019-11-14 12:00:00,0.0026099,0.00266,0.0026049,0.0026535,18554718.0
2019-11-14 18:00:00,0.0026543,0.0026862,0.0026408,0.002662,42878800.0
2019-11-15 00:00:00,0.002665,0.002677,0.0025909,0.002611,37226557.0
2019-11-15 06:00:00,0.002611,0.0026783,0.002611,0.0026519,23861592.0
2019-11-15 12:00:00,0.0026546,0.002676,0.0025767,0.00261,62195232.0
2019-11-15 18:00:00,0.0026049,0.00271,0.0026001,0.002658,73213283.0
2019-11-16 00:00:00,0.0026504,0.0026748,0.0026382,0.0026524,13972348.0
2019-11-16 06:00:00,0.0026474,0.0026699,0.0026216,0.0026244,68390477.0
2019-11-16 12:00:00,0.0026281,0.0026469,0.0026178,0.0026283,53146095.0
2019-11-16 18:00:00,0.0026275,0.0027,0.0026164,0.0026606,48956793.0
2019-11-17 00:00:00,0.0026517,0.0026619,0.0026226,0.0026269,19630974.0
2019-11-17 06:00:00,0.002627,0.0026483,0.002609,0.002633,27373019.0
2019-11-17 12:00:00,0.0026323,0.0026405,0.0026204,0.0026334,11749975.0
2019-11-17 18:00:00,0.0026288,0.00265,0.0025893,0.0026258,23014478.0
2019-11-18 00:00:00,0.0026159,0.0026263,0.0026066,0.0026097,2147979.0
2019-11-18 06:00:00,0.0026133,0.0026162,0.0025967,0.0025997,6231090.0
2019-11-18 12:00:00,0.0025997,0.002607,0.002562,0.0025718,24077449.0
2019-11-18 18:00:00,0.0025683,0.0026299,0.0025002,0.0025395,39747461.0
2019-11-19 00:00:00,0.0025351,0.0025381,0.0025048,0.0025157,10667286.0
2019-11-19 06:00:00,0.0025162,0.0025365,0.0024915,0.0025124,23463637.0
2019-11-19 12:00:00,0.0025098,0.002525,0.0024883,0.0025088,19696660.0
2019-11-19 18:00:00,0.0025064,0.0025293,0.002495,0.0025165,7040213.0
2019-11-20 00:00:00,0.0025206,0.0025386,0.0025104,0.0025385,12236037.0
2019-11-20 06:00:00,0.0025351,0.0025418,0.0025203,0.0025297,7789125.0
2019-11-20 12:00:00,0.0025349,0.002556,0.0025236,0.0025482,11841705.0
2019-11-20 18:00:00,0.0025543,0.00259,0.0025065,0.0025225,19459253.0
2019-11-21 00:00:00,0.0025209,0.0025302,0.0025019,0.0025082,15305842.0
2019-11-21 06:00:00,0.0025123,0.0025125,0.0023954,0.0024078,35051352.0
2019-11-21 12:00:00,0.0024068,0.0024458,0.0023,0.0023799,34999608.0
2019-11-21 18:00:00,0.0023706,0.0024368,0.002349,0.0024063,54487857.0
2019-11-22 00:00:00,0.0024059,0.0024426,0.0023676,0.0023787,5840652.0
2019-11-22 06:00:00,0.002378,0.0024249,0.0022201,0.0022714,70589661.0
2019-11-22 12:00:00,0.0022795,0.0024154,0.0021733,0.002287,47886478.0
2019-11-22 18:00:00,0.0022838,0.0024051,0.0022836,0.0023524,41209990.0
2019-11-23 00:00:00,0.0023528,0.002355,0.0023083,0.002331,6203004.0
2019-11-23 06:00:00,0.0023222,0.0023304,0.0022612,0.0023257,49466015.0
2019-11-23 12:00:00,0.0023265,0.0024,0.0023229,0.002345,54558395.0
2019-11-23 18:00:00,0.0023457,0.0024,0.0023265,0.0023994,62264453.0
2019-11-24 00:00:00,0.0023892,0.0023892,0.0023256,0.0023345,18090128.0
2019-11-24 06:00:00,0.0023349,0.0023699,0.002325,0.0023449,16697177.0
2019-11-24 12:00:00,0.002349,0.002349,0.00224,0.0022837,49951769.0
2019-11-24 18:00:00,0.0022819,0.0023197,0.0022323,0.002233,31934726.0
2019-11-25 00:00:00,0.0022368,0.0022375,0.002081,0.002115,36559800.0
2019-11-25 06:00:00,0.0021204,0.0022919,0.002098,0.0022374,60425059.0
2019-11-25 12:00:00,0.0022378,0.0023206,0.002231,0.0022509,38336674.0
2019-11-25 18:00:00,0.0022512,0.0023011,0.0022344,0.0022539,15379279.0
2019-11-26 00:00:00,0.0022474,0.002286,0.0022462,0.002286,7160484.0
2019-11-26 06:00:00,0.002286,0.0023128,0.0022267,0.0022629,15528330.0
2019-11-26 12:00:00,0.0022639,0.0022653,0.0022282,0.0022415,11524289.0
2019-11-26 18:00:00,0.002245,0.002276,0.002229,0.0022663,12445402.0
2019-11-27 00:00:00,0.0022663,0.0022788,0.0022303,0.0022309,15149695.0
2019-11-27 06:00:00,0.0022305,0.0022868,0.0021866,0.0022765,20113464.0
2019-11-27 12:00:00,0.0022776,0.00236,0.00225,0.0023292,51666384.0
2019-11-27 18:00:00,0.0023292,0.0023447,0.0023049,0.0023208,11358217.0
2019-11-28 00:00:00,0.0023153,0.00236,0.002289,0.00231,24641696.0
2019-11-28 06:00:00,0.0023123,0.0023394,0.0022842,0.0022976,27021402.0
2019-11-28 12:00:00,0.0023052,0.002333,0.0022816,0.0023301,22193586.0
2019-11-28 18:00:00,0.002333,0.002338,0.0022614,0.002272,24572765.0
2019-11-29 00:00:00,0.0022735,0.0023281,0.0022722,0.0023,12237546.0
2019-11-29 06:00:00,0.0023,0.0023333,0.0022903,0.0023082,25424934.0
2019-11-29 12:00:00,0.0023,0.0023733,0.00229,0.0023383,40841539.0
2019-11-29 18:00:00,0.0023394,0.00236,0.0023243,0.0023593,19934905.0
2019-11-30 00:00:00,0.0023593,0.00236,0.00232,0.0023537,12844509.0
2019-11-30 06:00:00,0.0023565,0.0023607,0.0023307,0.002342,17153953.0
2019-11-30 12:00:00,0.0023419,0.0023493,0.0022733,0.0022733,17402061.0
2019-11-30 18:00:00,0.0022766,0.0023254,0.0022711,0.0022918,11922901.0
2019-12-01 00:00:00,0.002292,0.0023041,0.0022323,0.0022567,16013689.0
2019-12-01 06:00:00,0.0022567,0.0022765,0.002236,0.00226,10285934.0
2019-12-01 12:00:00,0.00227,0.0022908,0.0022404,0.0022433,22383745.0
2019-12-01 18:00:00,0.0022572,0.0022875,0.0022403,0.0022648,23185197.0
2019-12-02 00:00:00,0.0022708,0.0022708,0.0022367,0.0022425,9649951.0
2019-12-02 06:00:00,0.002241,0.0022694,0.0022099,0.0022457,14031882.0
2019-12-02 12:00:00,0.0022366,0.0022455,0.0021663,0.0021888,101025348.0
2019-12-02 18:00:00,0.0021886,0.0022499,0.0021588,0.0022194,39039224.0
2019-12-03 00:00:00,0.0022209,0.0022366,0.0021656,0.0021826,94607969.0
2019-12-03 06:00:00,0.0021763,0.0021946,0.0021504,0.002165,38701870.0
2019-12-03 12:00:00,0.002165,0.0022138,0.0021591,0.0021971,34418413.0
2019-12-03 18:00:00,0.0021919,0.0022093,0.002169,0.0021782,21631961.0
2019-12-04 00:00:00,0.0021731,0.002192,0.0021123,0.0021421,106257843.0
2019-12-04 06:00:00,0.0021333,0.002161,0.0021241,0.0021456,45169474.0
2019-12-04 12:00:00,0.0021458,0.002245,0.0021446,0.0021871,62450620.0
2019-12-04 18:00:00,0.0021843,0.00222,0.0021128,0.0021682,45433777.0
2019-12-05 00:00:00,0.0021717,0.0021833,0.0021437,0.0021699,16734726.0
2019-12-05 06:00:00,0.0021759,0.002183,0.0021469,0.0021751,14422057.0
2019-12-05 12:00:00,0.00218,0.002193,0.0021554,0.0021818,21702104.0
2019-12-05 18:00:00,0.0021815,0.0022199,0.0021406,0.0021755,22391710.0
2019-12-06 00:00:00,0.0021705,0.002183,0.0021466,0.0021511,8707266.0
2019-12-06 06:00:00,0.0021511,0.0021603,0.0021191,0.0021325,50492884.0
2019-12-06 12:00:00,0.00213,0.002175,0.0021001,0.0021597,40241413.0
2019-12-06 18:00:00,0.0021552,0.0022416,0.0021233,0.0021944,33481650.0
2019-12-07 00:00:00,0.0021894,0.00223,0.0021799,0.0022002,14824564.0
2019-12-07 06:00:00,0.0022,0.0022,0.0021601,0.0021757,18970570.0
2019-12-07 12:00:00,0.0021794,0.0022504,0.0021794,0.002195,14715523.0
2019-12-07 18:00:00,0.0022052,0.0022504,0.0021835,0.002184,13224514.0
2019-12-08 00:00:00,0.0021834,0.0022268,0.00215,0.0021659,22237705.0
2019-12-08 06:00:00,0.0021659,0.0022499,0.0021524,0.0021827,12301526.0
2019-12-08 12:00:00,0.0021889,0.0022033,0.0021818,0.0021915,10308956.0
2019-12-08 18:00:00,0.0021915,0.0022178,0.0021833,0.0021971,11945128.0
2019-12-09 00:00:00,0.0021968,0.0022026,0.00217,0.00218,11892292.0
2019-12-09 06:00:00,0.0021883,0.0021957,0.0021632,0.0021751,12876128.0
2019-12-09 12:00:00,0.0021745,0.0022182,0.0021717,0.0021791,20287390.0
2019-12-09 18:00:00,0.002179,0.002189,0.0021624,0.0021699,11437345.0
2019-12-10 00:00:00,0.0021635,0.002215,0.0021245,0.0021443,40466811.0
2019-12-10 06:00:00,0.0021441,0.0021876,0.0021328,0.002184,33451546.0
2019-12-10 12:00:00,0.0021916,0.0021918,0.00215,0.00215,21007509.0
2019-12-10 18:00:00,0.00215,0.0021679,0.0020903,0.0021368,21261125.0
2019-12-11 00:00:00,0.0021402,0.002173,0.0021216,0.0021268,11159352.0
2019-12-11 06:00:00,0.0021268,0.0021695,0.0021222,0.0021423,24957192.0
2019-12-11 12:00:00,0.002149,0.002174,0.0021079,0.0021388,35109030.0
2019-12-11 18:00:00,0.0021388,0.0021699,0.0021191,0.0021379,15228487.0
2019-12-12 00:00:00,0.0021515,0.0021515,0.0021166,0.0021213,9381058.0
2019-12-12 06:00:00,0.0021302,0.0021688,0.002119,0.0021451,18744656.0
2019-12-12 12:00:00,0.0021484,0.0021589,0.0021223,0.0021422,17641224.0
2019-12-12 18:00:00,0.0021401,0.002168,0.002125,0.0021344,9954124.0
2019-12-13 00:00:00,0.0021348,0.0021627,0.0021223,0.002137,25663275.0
2019-12-13 06:00:00,0.0021371,0.0021593,0.0021216,0.0021346,25025770.0
2019-12-13 12:00:00,0.0021337,0.0022245,0.0021337,0.0021463,28358883.0
2019-12-13 18:00:00,0.0021476,0.0021501,0.0021051,0.0021321,26185261.0
2019-12-14 00:00:00,0.0021274,0.0021571,0.0021179,0.0021567,11676483.0
2019-12-14 06:00:00,0.0021567,0.0021567,0.002128,0.0021347,17059937.0
2019-12-14 12:00:00,0.0021346,0.0022933,0.0020962,0.00211,37336266.0
2019-12-14 18:00:00,0.0021122,0.0021445,0.002048,0.0021127,31272911.0
2019-12-15 00:00:00,0.0021127,0.0021127,0.0020938,0.0021043,10267127.0
2019-12-15 06:00:00,0.0020966,0.0021894,0.0020945,0.0021316,23897734.0
2019-12-15 12:00:00,0.002135,0.0022,0.0021188,0.0021418,14144159.0
2019-12-15 18:00:00,0.00214,0.002146,0.0021227,0.0021363,12881710.0
2019-12-16 00:00:00,0.0021363,0.0021429,0.0021174,0.0021304,14369854.0
2019-12-16 06:00:00,0.0021297,0.0021358,0.0021186,0.0021323,15693310.0
2019-12-16 12:00:00,0.0021311,0.0021544,0.0021045,0.00214,22666297.0
2019-12-16 18:00:00,0.00214,0.002177,0.0020705,0.002087,47084914.0
2019-12-17 00:00:00,0.0020835,0.0020897,0.0020632,0.0020887,11065776.0
2019-12-17 06:00:00,0.0020886,0.0021318,0.0020601,0.0020756,39977850.0
2019-12-17 12:00:00,0.0020753,0.002077,0.0019793,0.0020009,75259047.0
2019-12-17 18:00:00,0.0020013,0.00204,0.0019349,0.0019772,83470268.0
2019-12-18 00:00:00,0.0019772,0.0019981,0.0019497,0.0019618,24101166.0
2019-12-18 06:00:00,0.0019636,0.0020003,0.0019406,0.0019544,51597346.0
2019-12-18 12:00:00,0.0019471,0.0019981,0.0019,0.0019641,294567322.0
2019-12-18 18:00:00,0.0019579,0.0020868,0.0019535,0.0020483,74176434.0
2019-12-19 00:00:00,0.0020541,0.00218,0.0019819,0.0020213,38804624.0
2019-12-19 06:00:00,0.0020158,0.0020297,0.0019969,0.0020149,19023107.0
2019-12-19 12:00:00,0.0020157,0.0020335,0.0019971,0.0020147,19329549.0
2019-12-19 18:00:00,0.0020142,0.00207,0.0019925,0.0020205,14747800.0
2019-12-20 00:00:00,0.0020241,0.0020245,0.0019937,0.0019965,10165072.0
2019-12-20 06:00:00,0.0019957,0.002065,0.0019933,0.0020249,20682662.0
2019-12-20 12:00:00,0.002025,0.0020464,0.0020101,0.0020396,16320016.0
2019-12-20 18:00:00,0.0020398,0.0020628,0.0020234,0.0020273,11805095.0
2019-12-21 00:00:00,0.0020275,0.0020411,0.002019,0.002019,18776082.0
2019-12-21 06:00:00,0.0020269,0.0020499,0.0020091,0.002023,25111129.0
2019-12-21 12:00:00,0.0020201,0.0020676,0.00202,0.002052,27650055.0
2019-12-21 18:00:00,0.0020539,0.0020539,0.0020327,0.00204,11533641.0
2019-12-22 00:00:00,0.00204,0.0020454,0.0020204,0.0020297,9171753.0
2019-12-22 06:00:00,0.0020253,0.00205,0.00202,0.0020371,14773496.0
2019-12-22 12:00:00,0.0020367,0.0020654,0.0020363,0.002057,18844164.0
2019-12-22 18:00:00,0.0020571,0.0020859,0.0020531,0.0020808,54728462.0
2019-12-23 00:00:00,0.0020848,0.0021261,0.0020435,0.002082,46128208.0
2019-12-23 06:00:00,0.0020834,0.002089,0.0020557,0.0020628,19073904.0
2019-12-23 12:00:00,0.002074,0.0020814,0.0020331,0.002048,69931444.0
2019-12-23 18:00:00,0.0020442,0.002061,0.0020276,0.002051,52232816.0
2019-12-24 00:00:00,0.002047,0.00205,0.00203,0.0020443,15710956.0
2019-12-24 06:00:00,0.0020443,0.0020546,0.0020198,0.0020374,16283532.0
2019-12-24 12:00:00,0.0020374,0.00205,0.0020183,0.0020183,14423858.0
2019-12-24 18:00:00,0.0020183,0.0020298,0.002002,0.0020184,14624075.0
2019-12-25 00:00:00,0.002017,0.0020203,0.0020005,0.0020151,19899223.0
2019-12-25 06:00:00,0.002015,0.0020299,0.0019983,0.0020082,30466741.0
2019-12-25 12:00:00,0.002005,0.0020179,0.0019938,0.0020006,32652357.0
2019-12-25 18:00:00,0.0020014,0.0020591,0.0019973,0.00204,25833117.0
2019-12-26 00:00:00,0.0020331,0.0020492,0.0020266,0.00203,14278468.0
2019-12-26 06:00:00,0.0020266,0.0020545,0.0020155,0.0020253,16156386.0
2019-12-26 12:00:00,0.0020268,0.0020499,0.002021,0.002044,18867346.0
2019-12-26 18:00:00,0.002047,0.0020526,0.0020013,0.0020245,32529306.0
2019-12-27 00:00:00,0.0020172,0.0020399,0.0020011,0.0020123,40614169.0
2019-12-27 06:00:00,0.0020123,0.0020169,0.0019953,0.0019953,18776679.0
2019-12-27 12:00:00,0.001998,0.0020329,0.0019901,0.0020002,26887418.0
2019-12-27 18:00:00,0.002005,0.0020426,0.0020025,0.0020277,58968100.0
2019-12-28 00:00:00,0.0020277,0.0020624,0.0020277,0.0020538,15164413.0
2019-12-28 06:00:00,0.0020597,0.0020597,0.0020279,0.0020325,10125184.0
2019-12-28 12:00:00,0.0020377,0.0020532,0.0020288,0.0020512,14058095.0
2019-12-28 18:00:00,0.0020417,0.0020593,0.0020387,0.0020458,9053312.0
2019-12-29 00:00:00,0.0020458,0.0020533,0.0020259,0.002034,13396689.0
2019-12-29 06:00:00,0.0020371,0.0020609,0.0020263,0.0020275,9746046.0
2019-12-29 12:00:00,0.0020301,0.002059,0.0020287,0.0020478,15686886.0
2019-12-29 18:00:00,0.0020476,0.0020547,0.0020289,0.0020329,11699058.0
2019-12-30 00:00:00,0.0020391,0.002045,0.0020202,0.0020363,18241480.0
2019-12-30 06:00:00,0.0020325,0.0020585,0.0020235,0.0020293,22185409.0
2019-12-30 12:00:00,0.0020269,0.00204,0.002016,0.0020217,16186857.0
2019-12-30 18:00:00,0.0020205,0.0020365,0.0020123,0.0020264,20136173.0
2019-12-31 00:00:00,0.002019,0.0020299,0.0020123,0.0020189,5930469.0
2019-12-31 06:00:00,0.0020202,0.0020289,0.0020112,0.0020224,18336375.0
2019-12-31 12:00:00,0.0020226,0.0020286,0.0019862,0.0020046,77761463.0
2019-12-31 18:00:00,0.0020046,0.002028,0.0019967,0.0020135,29055002.0
2020-01-01 00:00:00,0.0020136,0.0020359,0.0020064,0.0020143,11180533.0
2020-01-01 06:00:00,0.0020143,0.0020159,0.0020001,0.002012,4505932.0
2020-01-01 12:00:00,0.00201,0.0020348,0.0020071,0.0020291,9889457.0
2020-01-01 18:00:00,0.00203,0.002039,0.0020224,0.0020245,5886946.0
2020-01-02 00:00:00,0.0020245,0.00204,0.002001,0.0020281,56817411.0
2020-01-02 06:00:00,0.002028,0.00204,0.002003,0.0020195,18682859.0
2020-01-02 12:00:00,0.0020111,0.002022,0.0019485,0.001975,65586758.0
2020-01-02 18:00:00,0.001975,0.0020205,0.0019675,0.0019951,50800281.0
2020-01-03 00:00:00,0.0019986,0.0020358,0.0019675,0.0020174,34800757.0
2020-01-03 06:00:00,0.0020172,0.0020254,0.002,0.0020211,36315088.0
2020-01-03 12:00:00,0.002019,0.0020359,0.0020068,0.0020199,27265847.0
2020-01-03 18:00:00,0.0020199,0.0020275,0.0020138,0.0020236,10624022.0
2020-01-04 00:00:00,0.0020185,0.00208,0.0020185,0.0020476,39167230.0
2020-01-04 06:00:00,0.0020476,0.0021035,0.002015,0.0020553,42358446.0
2020-01-04 12:00:00,0.0020553,0.002064,0.0020415,0.0020572,22375867.0
2020-01-04 18:00:00,0.0020577,0.0020737,0.0020416,0.0020579,19567066.0
2020-01-05 00:00:00,0.0020589,0.0020762,0.0020361,0.0020703,20014354.0
2020-01-05 06:00:00,0.0020709,0.0020833,0.0020605,0.0020649,14872602.0
2020-01-05 12:00:00,0.0020652,0.0020922,0.0020652,0.0020825,14660088.0
2020-01-05 18:00:00,0.0020856,0.0020867,0.0020501,0.0020696,16890103.0
2020-01-06 00:00:00,0.0020722,0.0021164,0.0020692,0.0020962,15682160.0
2020-01-06 06:00:00,0.0020962,0.0021197,0.0020864,0.0021032,24942346.0
2020-01-06 12:00:00,0.0021065,0.0021293,0.0021006,0.0021086,36450083.0
2020-01-06 18:00:00,0.0021132,0.0021345,0.0020915,0.0021344,31432450.0
2020-01-07 00:00:00,0.0021333,0.0021625,0.0021271,0.0021271,17602529.0
2020-01-07 06:00:00,0.002135,0.0021621,0.0021224,0.0021506,14577457.0
2020-01-07 12:00:00,0.00215,0.00217,0.0021089,0.0021591,43173749.0
2020-01-07 18:00:00,0.0021591,0.0021847,0.0020777,0.002175,46116472.0
2020-01-08 00:00:00,0.0021687,0.00222,0.0021643,0.0021915,68775097.0
2020-01-08 06:00:00,0.0021912,0.0022044,0.0021711,0.0021852,22143418.0
2020-01-08 12:00:00,0.0021841,0.0022263,0.002107,0.0021197,90126445.0
2020-01-08 18:00:00,0.0021197,0.0021297,0.0020701,0.0020886,24746676.0
2020-01-09 00:00:00,0.0020934,0.002095,0.0020642,0.0020795,21962144.0
2020-01-09 06:00:00,0.0020846,0.0021268,0.002078,0.0021189,17741266.0
2020-01-09 12:00:00,0.0021188,0.00215,0.0021134,0.0021313,26023952.0
2020-01-09 18:00:00,0.0021313,0.0021633,0.0021106,0.0021282,14787718.0
2020-01-10 00:00:00,0.0021323,0.0021422,0.0021169,0.0021169,20048847.0
2020-01-10 06:00:00,0.002117,0.0021753,0.0020983,0.0021495,102655322.0
2020-01-10 12:00:00,0.00215,0.002183,0.002143,0.0021692,61774124.0
2020-01-10 18:00:00,0.0021742,0.0022024,0.0021678,0.0021973,37727314.0
2020-01-11 00:00:00,0.0022007,0.002225,0.0021872,0.0021872,35575885.0
2020-01-11 06:00:00,0.00219,0.0022017,0.0021708,0.0021794,21187412.0
2020-01-11 12:00:00,0.0021794,0.0022074,0.0021738,0.002201,17789362.0
2020-01-11 18:00:00,0.002201,0.0022188,0.0021651,0.0021754,19671284.0
2020-01-12 00:00:00,0.0021671,0.0021926,0.002155,0.0021925,15990228.0
2020-01-12 06:00:00,0.0021916,0.0022048,0.002183,0.0022,15331031.0
2020-01-12 12:00:00,0.0021998,0.0022133,0.0021925,0.0021971,8604267.0
2020-01-12 18:00:00,0.002197,0.0022131,0.0021958,0.0021963,9849644.0
2020-01-13 00:00:00,0.0022026,0.0022027,0.0021798,0.0021838,12997465.0
2020-01-13 06:00:00,0.0021864,0.0022049,0.002181,0.0021995,9205636.0
2020-01-13 12:00:00,0.0021998,0.0022039,0.0021702,0.0021801,17223094.0
2020-01-13 18:00:00,0.0021794,0.0021862,0.0021652,0.0021704,27241860.0
2020-01-14 00:00:00,0.0021656,0.002219,0.0021653,0.0022,68328740.0
2020-01-14 06:00:00,0.0022018,0.0022239,0.0021935,0.0022239,30380693.0
2020-01-14 12:00:00,0.0022238,0.0023439,0.002206,0.002337,99440895.0
2020-01-14 18:00:00,0.0023443,0.0023955,0.0022848,0.0023581,99459880.0
2020-01-15 00:00:00,0.0023493,0.0024913,0.0023204,0.00233,96794356.0
2020-01-15 06:00:00,0.00233,0.002426,0.002329,0.002411,46807361.0
2020-01-15 12:00:00,0.0024059,0.0024872,0.002401,0.0024364,51638670.0
2020-01-15 18:00:00,0.0024364,0.0024458,0.0023507,0.0023669,67664667.0
2020-01-16 00:00:00,0.002376,0.0023768,0.0022871,0.0023335,34867177.0
2020-01-16 06:00:00,0.0023372,0.0023438,0.0023086,0.0023356,16649662.0
2020-01-16 12:00:00,0.0023318,0.0023483,0.002312,0.0023267,24510647.0
2020-01-16 18:00:00,0.0023306,0.0023372,0.0023112,0.0023276,22556503.0
2020-01-17 00:00:00,0.0023343,0.0023809,0.0023159,0.0023743,32646705.0
2020-01-17 06:00:00,0.0023743,0.00241,0.002354,0.0024021,76518372.0
2020-01-17 12:00:00,0.0024034,0.0024104,0.0023384,0.0023834,56691639.0
2020-01-17 18:00:00,0.0023834,0.0025035,0.0023814,0.0024868,114531934.0
2020-01-18 00:00:00,0.0024855,0.0025102,0.0024609,0.0024863,60061856.0
2020-01-18 06:00:00,0.002483,0.0024836,0.0024441,0.0024749,35128875.0
2020-01-18 12:00:00,0.002475,0.0025068,0.0024515,0.0025,58002975.0
2020-01-18 18:00:00,0.0025,0.0025225,0.0024941,0.0025115,38185001.0
2020-01-19 00:00:00,0.0025137,0.0025833,0.0025115,0.0025602,46253034.0
2020-01-19 06:00:00,0.0025611,0.002572,0.0023929,0.0024167,60064486.0
2020-01-19 12:00:00,0.0024172,0.0024176,0.002345,0.0023759,29460163.0
2020-01-19 18:00:00,0.0023761,0.0024,0.0023269,0.0023982,25234502.0
2020-01-20 00:00:00,0.0023999,0.0024029,0.0023604,0.002373,15238059.0
2020-01-20 06:00:00,0.0023749,0.002427,0.0023687,0.0023815,20440910.0
2020-01-20 12:00:00,0.0023761,0.002401,0.0023468,0.0023987,26057788.0
2020-01-20 18:00:00,0.0023895,0.0024,0.0023625,0.002376,33389937.0
2020-01-21 00:00:00,0.002376,0.0023922,0.0023545,0.0023826,10352700.0
2020-01-21 06:00:00,0.0023829,0.0023927,0.0023652,0.0023825,16378527.0
2020-01-21 12:00:00,0.002382,0.0023952,0.00236,0.002363,52948079.0
2020-01-21 18:00:00,0.00237,0.00238,0.0023206,0.0023673,50982269.0
2020-01-22 00:00:00,0.0023583,0.0023759,0.002339,0.0023624,26578811.0
2020-01-22 06:00:00,0.0023551,0.0023904,0.0023431,0.0023473,27136839.0
2020-01-22 12:00:00,0.0023446,0.0023589,0.0023404,0.00235,9246922.0
2020-01-22 18:00:00,0.00235,0.0023589,0.0023353,0.0023434,9241509.0
2020-01-23 00:00:00,0.002343,0.0023478,0.0023026,0.0023189,18816161.0
2020-01-23 06:00:00,0.0023124,0.002336,0.0022642,0.0022774,43568685.0
2020-01-23 12:00:00,0.0022694,0.0022859,0.0022525,0.0022527,22399259.0
2020-01-23 18:00:00,0.0022525,0.0022643,0.002225,0.0022514,35403421.0
2020-01-24 00:00:00,0.002255,0.0022658,0.0021968,0.0022342,16629457.0
2020-01-24 06:00:00,0.0022335,0.0022644,0.002216,0.0022644,20153748.0
2020-01-24 12:00:00,0.0022659,0.0022885,0.0022513,0.0022722,25031197.0
2020-01-24 18:00:00,0.002283,0.0022885,0.0022582,0.0022698,11099027.0
2020-01-25 00:00:00,0.0022706,0.0022706,0.0022301,0.0022466,39036463.0
2020-01-25 06:00:00,0.0022368,0.0022587,0.002229,0.0022423,15909219.0
2020-01-25 12:00:00,0.0022423,0.0022568,0.0022265,0.0022388,13486793.0
2020-01-25 18:00:00,0.002243,0.0022708,0.0022335,0.002251,5795477.0
2020-01-26 00:00:00,0.0022497,0.0022682,0.0022364,0.00226,5744614.0
2020-01-26 06:00:00,0.0022586,0.0022772,0.0022503,0.0022724,17565226.0
2020-01-26 12:00:00,0.0022699,0.0023091,0.0022553,0.0022989,31997443.0
2020-01-26 18:00:00,0.002299,0.002299,0.0022833,0.0022854,7480393.0
2020-01-27 00:00:00,0.002291,0.002305,0.0022836,0.0022842,15280866.0
2020-01-27 06:00:00,0.0022836,0.0023414,0.002256,0.0023363,28072210.0
2020-01-27 12:00:00,0.0023338,0.0024271,0.0023282,0.0023633,108589995.0
2020-01-27 18:00:00,0.0023628,0.0024123,0.0023593,0.0023594,38040882.0
2020-01-28 00:00:00,0.0023594,0.0024149,0.0023593,0.0023886,31371806.0
2020-01-28 06:00:00,0.0023881,0.0024208,0.0023753,0.0024051,23224193.0
2020-01-28 12:00:00,0.0024051,0.002406,0.00235,0.0023692,43154192.0
2020-01-28 18:00:00,0.0023594,0.0024437,0.0023531,0.0024412,35246144.0
2020-01-29 00:00:00,0.0024427,0.0024477,0.0024082,0.0024352,23026917.0
2020-01-29 06:00:00,0.00243,0.0024475,0.002412,0.002418,45783315.0
2020-01-29 12:00:00,0.0024151,0.0024175,0.0023864,0.0024023,22621056.0
2020-01-29 18:00:00,0.0024094,0.0024176,0.002371,0.0023865,21754231.0
2020-01-30 00:00:00,0.0023865,0.0023894,0.0023644,0.0023757,17591961.0
2020-01-30 06:00:00,0.0023818,0.0024012,0.002371,0.002387,12718001.0
2020-01-30 12:00:00,0.002387,0.0024051,0.0023544,0.0024009,28329067.0
2020-01-30 18:00:00,0.0024009,0.0024243,0.0023896,0.002414,19655075.0
2020-01-31 00:00:00,0.0024164,0.002445,0.0023938,0.0024099,16921940.0
2020-01-31 06:00:00,0.0024028,0.0024199,0.0023897,0.0024052,28783129.0
2020-01-31 12:00:00,0.0024048,0.00242,0.002362,0.002376,33374086.0
2020-01-31 18:00:00,0.002376,0.00242,0.00237,0.0023776,27376488.0
2020-02-01 00:00:00,0.0023776,0.002417,0.002373,0.002398,18362937.0
2020-02-01 06:00:00,0.0023932,0.002417,0.0023812,0.0023868,19332342.0
2020-02-01 12:00:00,0.0023868,0.0024078,0.00238,0.0023979,16594755.0
2020-02-01 18:00:00,0.0023959,0.002417,0.0023902,0.002417,15490745.0
2020-02-02 00:00:00,0.0024118,0.0024297,0.0023985,0.0024206,39802130.0
2020-02-02 06:00:00,0.002421,0.0024748,0.0024126,0.0024722,35676487.0
2020-02-02 12:00:00,0.0024648,0.0025018,0.00245,0.0024767,41074457.0
2020-02-02 18:00:00,0.002477,0.0024864,0.0024398,0.0024406,23661713.0
2020-02-03 00:00:00,0.0024397,0.0024999,0.0024271,0.0024462,31032894.0
2020-02-03 06:00:00,0.00245,0.0024622,0.0024152,0.0024363,23958757.0
2020-02-03 12:00:00,0.0024334,0.0024546,0.0024228,0.0024349,50401221.0
2020-02-03 18:00:00,0.0024272,0.0024306,0.0024133,0.0024156,41788521.0
2020-02-04 00:00:00,0.0024167,0.0024309,0.0024023,0.0024174,15586659.0
2020-02-04 06:00:00,0.0024182,0.0024598,0.002398,0.0024576,46977923.0
2020-02-04 12:00:00,0.0024521,0.0024698,0.0024035,0.0024576,61626234.0
2020-02-04 18:00:00,0.0024613,0.0025178,0.0024331,0.0025169,119132533.0
2020-02-05 00:00:00,0.0025169,0.0026101,0.0024999,0.002599,168087108.0
2020-02-05 06:00:00,0.002599,0.0026044,0.0025363,0.002576,99439981.0
2020-02-05 12:00:00,0.002576,0.002615,0.002547,0.0026063,92728160.0
2020-02-05 18:00:00,0.0026126,0.0026334,0.0024723,0.0025826,96482495.0
2020-02-06 00:00:00,0.0025823,0.002625,0.0025696,0.002625,33845751.0
2020-02-06 06:00:00,0.0026244,0.0026667,0.0026149,0.0026351,59086597.0
2020-02-06 12:00:00,0.002632,0.0026742,0.0026165,0.0026516,97457715.0
2020-02-06 18:00:00,0.0026589,0.0026896,0.002622,0.0026654,54920791.0
2020-02-07 00:00:00,0.0026642,0.0026891,0.00265,0.0026723,56725168.0
2020-02-07 06:00:00,0.0026694,0.0027482,0.0026582,0.0027155,78129923.0
2020-02-07 12:00:00,0.0027156,0.0027756,0.0027048,0.0027588,82877468.0
2020-02-07 18:00:00,0.0027588,0.0028,0.00275,0.0027888,49236514.0
2020-02-08 00:00:00,0.0027997,0.0028321,0.0027214,0.00283,106977952.0
2020-02-08 06:00:00,0.0028307,0.003023,0.0028271,0.00296,295344456.0
2020-02-08 12:00:00,0.00296,0.0032674,0.00296,0.0030809,539044712.0
2020-02-08 18:00:00,0.0030817,0.0032,0.0030517,0.003171,181587048.0
2020-02-09 00:00:00,0.0031745,0.00489,0.0031595,0.0034561,520555864.0
2020-02-09 06:00:00,0.0034561,0.0035,0.0033019,0.0034115,319574875.0
2020-02-09 12:00:00,0.0034106,0.0034122,0.003078,0.0032571,292023429.0
2020-02-09 18:00:00,0.0032526,0.0032526,0.0031212,0.0032235,175307080.0
2020-02-10 00:00:00,0.0032155,0.0032819,0.0030039,0.0030118,157754722.0
2020-02-10 06:00:00,0.003002,0.0030978,0.0029513,0.002964,245877641.0
2020-02-10 12:00:00,0.0029695,0.0030597,0.0028417,0.0029803,306790912.0
2020-02-10 18:00:00,0.0029801,0.003,0.0029042,0.0029663,100357789.0
2020-02-11 00:00:00,0.0029618,0.00298,0.0028388,0.0028774,164043959.0
2020-02-11 06:00:00,0.0028672,0.00295,0.0028472,0.0029471,94168216.0
2020-02-11 12:00:00,0.0029459,0.0030938,0.0029429,0.0030668,179805632.0
2020-02-11 18:00:00,0.0030668,0.0030946,0.00298,0.00303,146807057.0
2020-02-12 00:00:00,0.00303,0.0031568,0.003,0.0031241,182373115.0
2020-02-12 06:00:00,0.0031214,0.0031409,0.0030495,0.0031151,153734074.0
2020-02-12 12:00:00,0.0031151,0.0031525,0.0030619,0.003083,151346693.0
2020-02-12 18:00:00,0.0030847,0.0031057,0.0030452,0.0030589,133768952.0
2020-02-13 00:00:00,0.0030599,0.0031868,0.0030506,0.0031868,118429301.0
2020-02-13 06:00:00,0.0031875,0.00321,0.0029443,0.0029949,250841214.0
2020-02-13 12:00:00,0.0029949,0.0031097,0.002974,0.0029947,141852360.0
2020-02-13 18:00:00,0.0030045,0.0030675,0.0029771,0.0030132,59029971.0
2020-02-14 00:00:00,0.0030098,0.0030653,0.0029756,0.003026,51570481.0
2020-02-14 06:00:00,0.003026,0.00307,0.0029811,0.0030474,79661044.0
2020-02-14 12:00:00,0.0030474,0.0031374,0.0030404,0.0031152,93229217.0
2020-02-14 18:00:00,0.0031209,0.0031383,0.00309,0.0031067,81054837.0
2020-02-15 00:00:00,0.0031099,0.0031769,0.0030817,0.0030839,51217845.0
2020-02-15 06:00:00,0.0030839,0.0031266,0.0030666,0.0030976,47453725.0
2020-02-15 12:00:00,0.0030908,0.0031039,0.00284,0.002849,151253167.0
2020-02-15 18:00:00,0.0028497,0.0029686,0.0028437,0.0029031,70447272.0
2020-02-16 00:00:00,0.0028981,0.0029621,0.0028761,0.0028823,69357482.0
2020-02-16 06:00:00,0.0028914,0.0029362,0.0028723,0.002881,65377880.0
2020-02-16 12:00:00,0.002881,0.0028879,0.0026023,0.0026468,221306705.0
2020-02-16 18:00:00,0.0026342,0.002754,0.0026129,0.0027522,61804196.0
2020-02-17 00:00:00,0.0027475,0.0027561,0.00262,0.0026358,58972907.0
2020-02-17 06:00:00,0.0026357,0.0026844,0.002579,0.0025877,84076525.0
2020-02-17 12:00:00,0.0025993,0.0026912,0.0025241,0.002673,102886286.0
2020-02-17 18:00:00,0.00268,0.0027,0.0026357,0.0026999,27852079.0
2020-02-18 00:00:00,0.0026819,0.0027932,0.0026538,0.002779,60018087.0
2020-02-18 06:00:00,0.0027932,0.0028217,0.0027273,0.0027578,95869068.0
2020-02-18 12:00:00,0.0027578,0.002803,0.002701,0.0027787,111214350.0
2020-02-18 18:00:00,0.0027881,0.0028656,0.00278,0.0028286,76920169.0
2020-02-19 00:00:00,0.0028349,0.0028615,0.0027974,0.0028023,39940468.0
2020-02-19 06:00:00,0.0028024,0.0028299,0.002781,0.002813,28222560.0
2020-02-19 12:00:00,0.0028132,0.0028236,0.0028014,0.0028023,5323577.0
2020-02-19 18:00:00,0.002809,0.0028237,0.0025623,0.0026085,82520957.0
2020-02-20 00:00:00,0.002603,0.0026575,0.0026013,0.0026129,36926144.0
2020-02-20 06:00:00,0.002621,0.0026384,0.0025771,0.0025922,80741616.0
2020-02-20 12:00:00,0.002615,0.0026273,0.0025415,0.0025631,71251573.0
2020-02-20 18:00:00,0.0025611,0.0029909,0.002556,0.002653,79157290.0
2020-02-21 00:00:00,0.00265,0.002682,0.0026212,0.0026415,33163675.0
2020-02-21 06:00:00,0.0026441,0.0026884,0.00262,0.0026757,28660840.0
2020-02-21 12:00:00,0.0026771,0.002712,0.0026544,0.0026577,31278989.0
2020-02-21 18:00:00,0.002662,0.00267,0.0025891,0.0026481,60010409.0
2020-02-22 00:00:00,0.0026469,0.0026533,0.0026273,0.0026273,8454191.0
2020-02-22 06:00:00,0.0026273,0.0026288,0.0025901,0.0026101,28649781.0
2020-02-22 12:00:00,0.0026101,0.0026411,0.0025719,0.002591,55329216.0
2020-02-22 18:00:00,0.0025833,0.0026076,0.0025815,0.0025887,15299878.0
2020-02-23 00:00:00,0.0025905,0.0026679,0.0025905,0.00265,13712479.0
2020-02-23 06:00:00,0.0026507,0.0026762,0.0026368,0.0026416,30919502.0
2020-02-23 12:00:00,0.0026416,0.0026673,0.0026335,0.0026567,21062127.0
2020-02-23 18:00:00,0.0026556,0.00268,0.0026412,0.0026772,19464081.0
2020-02-24 00:00:00,0.0026744,0.0026822,0.0025841,0.0026004,24140826.0
2020-02-24 06:00:00,0.002608,0.0026457,0.0025777,0.0026345,14613732.0
2020-02-24 12:00:00,0.0026345,0.0026412,0.0025734,0.0025877,43326764.0
2020-02-24 18:00:00,0.0025772,0.0026083,0.0025436,0.0025769,41690530.0
2020-02-25 00:00:00,0.0025831,0.0025831,0.00255,0.0025591,20452477.0
2020-02-25 06:00:00,0.0025558,0.0025635,0.0024591,0.0025476,48848109.0
2020-02-25 12:00:00,0.002551,0.0025563,0.0023977,0.00244,154923791.0
2020-02-25 18:00:00,0.0024415,0.0025106,0.0024375,0.0024734,32394921.0
2020-02-26 00:00:00,0.0024733,0.0024864,0.0023763,0.0024112,53257292.0
2020-02-26 06:00:00,0.0024154,0.0024177,0.0023413,0.002369,89712772.0
2020-02-26 12:00:00,0.0023749,0.0024242,0.0021862,0.0022683,108056738.0
2020-02-26 18:00:00,0.0022602,0.0023651,0.0022588,0.0023439,54689891.0
2020-02-27 00:00:00,0.0023406,0.0023556,0.0023,0.0023516,23375230.0
2020-02-27 06:00:00,0.0023526,0.0023857,0.0023,0.0023265,52888750.0
2020-02-27 12:00:00,0.002332,0.0024164,0.0023284,0.0023969,58635937.0
2020-02-27 18:00:00,0.002391,0.0023999,0.0023,0.0023255,29277251.0
2020-02-28 00:00:00,0.0023255,0.0023695,0.0023255,0.0023349,19259600.0
2020-02-28 06:00:00,0.002326,0.0023264,0.00224,0.0022597,21703275.0
2020-02-28 12:00:00,0.0022561,0.0022988,0.0022161,0.0022512,19891776.0
2020-02-28 18:00:00,0.002246,0.00237,0.0022271,0.0022823,38221436.0
2020-02-29 00:00:00,0.0022823,0.0023197,0.0022806,0.002297,14253595.0
2020-02-29 06:00:00,0.0022967,0.0023119,0.0022804,0.0022876,15628750.0
2020-02-29 12:00:00,0.0022955,0.0023089,0.00225,0.0022812,26851066.0
2020-02-29 18:00:00,0.0022795,0.0022805,0.0022112,0.0022153,27665807.0
2020-03-01 00:00:00,0.0022202,0.002279,0.0022004,0.0022455,26144661.0
2020-03-01 06:00:00,0.0022593,0.0022781,0.0022285,0.0022781,24272262.0
2020-03-01 12:00:00,0.0022717,0.00231,0.0022102,0.00225,40541697.0
2020-03-01 18:00:00,0.0022489,0.002286,0.0022106,0.0022794,25851714.0
2020-03-02 00:00:00,0.0022688,0.0022783,0.0022205,0.0022637,22713133.0
2020-03-02 06:00:00,0.0022631,0.0023467,0.0022596,0.0023055,27107294.0
2020-03-02 12:00:00,0.0023114,0.002367,0.0023047,0.002366,28071054.0
2020-03-02 18:00:00,0.002366,0.0023792,0.0023286,0.0023471,18557763.0
2020-03-03 00:00:00,0.002358,0.002358,0.0023177,0.0023253,6424121.0
2020-03-03 06:00:00,0.0023311,0.002489,0.0023082,0.0024812,101047582.0
2020-03-03 12:00:00,0.0024734,0.0025,0.0024036,0.002444,99614349.0
2020-03-03 18:00:00,0.0024439,0.0025355,0.0024208,0.0024985,68995066.0
2020-03-04 00:00:00,0.0025031,0.0025033,0.0024102,0.0024634,72771179.0
2020-03-04 06:00:00,0.0024646,0.0024699,0.0024079,0.00242,57026121.0
2020-03-04 12:00:00,0.0024245,0.0024327,0.00237,0.002425,45083148.0
2020-03-04 18:00:00,0.002425,0.002437,0.0023895,0.0024187,26707379.0
2020-03-05 00:00:00,0.0024251,0.0024975,0.0024222,0.002455,21717190.0
2020-03-05 06:00:00,0.0024614,0.002512,0.0024392,0.0024968,50941909.0
2020-03-05 12:00:00,0.0025013,0.00253,0.0024812,0.0024957,29460462.0
2020-03-05 18:00:00,0.0025027,0.0025061,0.0024771,0.0024771,20099788.0
2020-03-06 00:00:00,0.0024773,0.0024859,0.0024543,0.0024821,6736071.0
2020-03-06 06:00:00,0.0024828,0.0024999,0.0024704,0.0024883,24569345.0
2020-03-06 12:00:00,0.0024924,0.0024971,0.0024374,0.0024616,19345160.0
2020-03-06 18:00:00,0.0024616,0.0024863,0.0024547,0.0024862,12652528.0
2020-03-07 00:00:00,0.0024862,0.002494,0.002441,0.0024462,27850068.0
2020-03-07 06:00:00,0.0024539,0.0024582,0.0024388,0.002443,17220343.0
2020-03-07 12:00:00,0.0024457,0.0024698,0.0024029,0.0024233,48800149.0
2020-03-07 18:00:00,0.0024178,0.0024239,0.0023922,0.0024066,18460464.0
2020-03-08 00:00:00,0.0024029,0.0024039,0.0023482,0.002349,17567919.0
2020-03-08 06:00:00,0.0023467,0.0023639,0.0023311,0.0023505,21456189.0
2020-03-08 12:00:00,0.0023456,0.0023538,0.0022,0.0022275,79626072.0
2020-03-08 18:00:00,0.0022277,0.0022542,0.00215,0.0021671,62430478.0
2020-03-09 00:00:00,0.0021714,0.0022167,0.00208,0.0021449,77234049.0
2020-03-09 06:00:00,0.002145,0.002214,0.0021209,0.0021586,57916190.0
2020-03-09 12:00:00,0.00216,0.0022046,0.00212,0.0021543,69229899.0
2020-03-09 18:00:00,0.0021642,0.0022269,0.002153,0.0022203,25400709.0
2020-03-10 00:00:00,0.0022261,0.0022299,0.002162,0.0021914,42554547.0
2020-03-10 06:00:00,0.0021886,0.0022562,0.00218,0.0022468,36166783.0
2020-03-10 12:00:00,0.0022496,0.0022641,0.0021533,0.002186,77323611.0
2020-03-10 18:00:00,0.0021834,0.002227,0.0021706,0.0022053,69734586.0
2020-03-11 00:00:00,0.0022021,0.0022181,0.0021817,0.0021817,17657770.0
2020-03-11 06:00:00,0.0021804,0.002218,0.0021653,0.0021803,25562172.0
2020-03-11 12:00:00,0.0021768,0.0021895,0.0021104,0.0021233,37459723.0
2020-03-11 18:00:00,0.002122,0.0021811,0.0020911,0.0021716,47380507.0
2020-03-12 00:00:00,0.0021759,0.0021805,0.002084,0.0020983,42046197.0
2020-03-12 06:00:00,0.002098,0.002098,0.00149,0.0016612,245235850.0
2020-03-12 12:00:00,0.00167,0.001885,0.0015965,0.0018611,260070952.0
2020-03-12 18:00:00,0.0018587,0.0019041,0.0014003,0.0015996,223456997.0
2020-03-13 00:00:00,0.0014971,0.0016489,0.0011345,0.0014963,165065370.0
2020-03-13 06:00:00,0.0014897,0.0016734,0.0014741,0.0016229,72206348.0
2020-03-13 12:00:00,0.0016111,0.0017957,0.0015446,0.0016301,89148714.0
2020-03-13 18:00:00,0.0016156,0.0017884,0.0015091,0.001746,46227516.0
2020-03-14 00:00:00,0.0017226,0.0017771,0.0017016,0.001738,35344422.0
2020-03-14 06:00:00,0.0017367,0.001775,0.0016813,0.0017482,31524277.0
2020-03-14 12:00:00,0.001745,0.0017494,0.0016597,0.0017034,103931841.0
2020-03-14 18:00:00,0.0017101,0.00173,0.001633,0.0016632,53429807.0
2020-03-15 00:00:00,0.0016603,0.0016973,0.0016449,0.0016873,21450328.0
2020-03-15 06:00:00,0.0016873,0.0017494,0.00167,0.0017336,54393277.0
2020-03-15 12:00:00,0.0017336,0.0017663,0.0016739,0.0017019,51975095.0
2020-03-15 18:00:00,0.0016927,0.0018329,0.0016295,0.0016932,55454220.0
2020-03-16 00:00:00,0.0016903,0.0017,0.0016123,0.0016251,44483328.0
2020-03-16 06:00:00,0.0016191,0.0016239,0.0013478,0.0014912,102451498.0
2020-03-16 12:00:00,0.0014909,0.001635,0.0014663,0.0015979,59855564.0
2020-03-16 18:00:00,0.0016082,0.00162,0.0015321,0.0015817,26020159.0
2020-03-17 00:00:00,0.0015927,0.0016737,0.001546,0.0016406,26321343.0
2020-03-17 06:00:00,0.0016405,0.0016754,0.0016009,0.0016347,23275794.0
2020-03-17 12:00:00,0.0016262,0.0016873,0.00157,0.0016352,37420061.0
2020-03-17 18:00:00,0.00163,0.0016554,0.001605,0.0016219,33252455.0
2020-03-18 00:00:00,0.0016219,0.0016428,0.00161,0.0016116,14390118.0
2020-03-18 06:00:00,0.001611,0.0016183,0.0015452,0.0015784,52971299.0
2020-03-18 12:00:00,0.001575,0.0016267,0.0015442,0.001575,44220735.0
2020-03-18 18:00:00,0.001575,0.001616,0.0015731,0.0016002,41612553.0
2020-03-19 00:00:00,0.0016002,0.00162,0.001565,0.0015933,27734369.0
2020-03-19 06:00:00,0.0015999,0.0016822,0.001595,0.0016692,58307002.0
2020-03-19 12:00:00,0.00167,0.0018395,0.0016627,0.00182,184975230.0
2020-03-19 18:00:00,0.00182,0.0018228,0.0017536,0.00177,44660699.0
2020-03-20 00:00:00,0.00176,0.0017955,0.0017219,0.0017615,36030594.0
2020-03-20 06:00:00,0.0017615,0.0019361,0.0017559,0.001885,140420300.0
2020-03-20 12:00:00,0.0018815,0.001886,0.0018103,0.0018201,44314262.0
2020-03-20 18:00:00,0.0018202,0.001829,0.0016412,0.0017802,80641442.0
2020-03-21 00:00:00,0.0017758,0.0018337,0.0017431,0.0017568,25175545.0
2020-03-21 06:00:00,0.0017463,0.001785,0.0016964,0.0017387,32035158.0
2020-03-21 12:00:00,0.001746,0.0017957,0.0017396,0.0017515,35502770.0
2020-03-21 18:00:00,0.0017515,0.0018533,0.0017497,0.0017849,28235103.0
2020-03-22 00:00:00,0.0017897,0.0018447,0.0017671,0.0018379,24137340.0
2020-03-22 06:00:00,0.0018381,0.0018439,0.0017678,0.0017801,34267796.0
2020-03-22 12:00:00,0.0017797,0.0017873,0.0017244,0.0017437,64537015.0
2020-03-22 18:00:00,0.0017541,0.0017967,0.0017155,0.0017264,33085476.0
2020-03-23 00:00:00,0.0017222,0.0017646,0.0017039,0.00172,15680255.0
2020-03-23 06:00:00,0.0017236,0.0017311,0.0016843,0.0016989,26255401.0
2020-03-23 12:00:00,0.001697,0.0018576,0.0016917,0.0017785,103587059.0
2020-03-23 18:00:00,0.001781,0.0018257,0.0017718,0.0018192,34785745.0
2020-03-24 00:00:00,0.001826,0.0018678,0.0018047,0.0018149,77189290.0
2020-03-24 06:00:00,0.0018149,0.001916,0.0018147,0.0018913,133743797.0
2020-03-24 12:00:00,0.0018843,0.0018946,0.0018196,0.0018665,43433699.0
2020-03-24 18:00:00,0.0018559,0.001895,0.0018333,0.0018641,28770327.0
2020-03-25 00:00:00,0.0018511,0.0018686,0.0018143,0.0018491,16596344.0
2020-03-25 06:00:00,0.0018464,0.0018947,0.0017944,0.0018096,101390458.0
2020-03-25 12:00:00,0.0018058,0.0018537,0.00179,0.00183,34189211.0
2020-03-25 18:00:00,0.00183,0.0018443,0.0018125,0.0018296,18648511.0
2020-03-26 00:00:00,0.0018296,0.0018599,0.001814,0.0018227,46294882.0
2020-03-26 06:00:00,0.0018233,0.0018447,0.0018159,0.001834,18163778.0
2020-03-26 12:00:00,0.0018294,0.0018469,0.0018111,0.0018409,33848379.0
2020-03-26 18:00:00,0.0018398,0.0018673,0.0018352,0.0018519,52853334.0
2020-03-27 00:00:00,0.001847,0.00187,0.0018263,0.0018379,32891870.0
2020-03-27 06:00:00,0.001839,0.0018558,0.001821,0.0018375,25101675.0
2020-03-27 12:00:00,0.001834,0.0018572,0.0018,0.0018388,74822207.0
2020-03-27 18:00:00,0.0018337,0.001857,0.0017408,0.0017766,62995517.0
2020-03-28 00:00:00,0.0017754,0.0017754,0.0016981,0.0017301,174379921.0
2020-03-28 06:00:00,0.0017414,0.0017751,0.0017155,0.0017628,51575008.0
2020-03-28 12:00:00,0.0017597,0.001809,0.0017299,0.0017371,67330434.0
2020-03-28 18:00:00,0.0017374,0.0018057,0.0017374,0.001783,21646966.0
2020-03-29 00:00:00,0.001793,0.0018001,0.00177,0.0017851,30268191.0
2020-03-29 06:00:00,0.0017792,0.0017842,0.0017279,0.0017693,72786256.0
2020-03-29 12:00:00,0.0017654,0.0017751,0.0017534,0.0017617,20991722.0
2020-03-29 18:00:00,0.0017558,0.0017636,0.0017018,0.0017099,32008094.0
2020-03-30 00:00:00,0.0017202,0.0017787,0.001709,0.0017621,17656724.0
2020-03-30 06:00:00,0.0017621,0.0018113,0.0017481,0.0018071,19048266.0
2020-03-30 12:00:00,0.0018037,0.0018114,0.00178,0.0018072,23435435.0
2020-03-30 18:00:00,0.0018057,0.0019,0.001769,0.0017957,56059457.0
2020-03-31 00:00:00,0.0017994,0.0018286,0.001792,0.0018013,9233729.0
2020-03-31 06:00:00,0.0018018,0.0018223,0.0017953,0.001805,13858691.0
2020-03-31 12:00:00,0.0018052,0.0018216,0.001795,0.0018083,16820008.0
2020-03-31 18:00:00,0.0018088,0.0018221,0.0017993,0.0018041,27874273.0
2020-04-01 00:00:00,0.0018,0.0018274,0.00178,0.0017888,53967436.0
2020-04-01 06:00:00,0.00179,0.0018002,0.0017782,0.0017858,15867539.0
2020-04-01 12:00:00,0.0017876,0.0017949,0.00177,0.0017752,24076123.0
2020-04-01 18:00:00,0.0017719,0.0018743,0.0017659,0.0018631,58123376.0
2020-04-02 00:00:00,0.0018637,0.0018896,0.0018405,0.0018496,26616653.0
2020-04-02 06:00:00,0.001851,0.0018787,0.0018444,0.0018655,23333380.0
2020-04-02 12:00:00,0.0018688,0.00195,0.0018432,0.0019266,66943522.0
2020-04-02 18:00:00,0.0019224,0.0019225,0.0018538,0.0018777,29855747.0
2020-04-03 00:00:00,0.0018701,0.0018766,0.0018538,0.0018662,12524893.0
2020-04-03 06:00:00,0.0018632,0.0019048,0.0018562,0.0018899,45905078.0
2020-04-03 12:00:00,0.0018965,0.0018965,0.0018205,0.001836,30096790.0
2020-04-03 18:00:00,0.0018363,0.0018489,0.0018315,0.0018467,9090997.0
2020-04-04 00:00:00,0.0018467,0.0018597,0.0018387,0.0018552,7944264.0
2020-04-04 06:00:00,0.0018506,0.00189,0.0018429,0.00185,29672610.0
2020-04-04 12:00:00,0.001849,0.001875,0.001828,0.001864,33584683.0
2020-04-04 18:00:00,0.001864,0.0019085,0.00185,0.0018697,21163148.0
2020-04-05 00:00:00,0.0018745,0.0018817,0.0018528,0.0018683,14048769.0
2020-04-05 06:00:00,0.0018672,0.00187,0.0018532,0.0018586,14988166.0
2020-04-05 12:00:00,0.0018586,0.0018677,0.0018381,0.0018551,17989686.0
2020-04-05 18:00:00,0.0018597,0.0018611,0.0018448,0.00185,8318375.0
2020-04-06 00:00:00,0.0018469,0.0018901,0.0018443,0.0018901,17044498.0
2020-04-06 06:00:00,0.0018872,0.0019299,0.0018798,0.0019175,57982818.0
2020-04-06 12:00:00,0.0019175,0.0019758,0.0018893,0.0019757,96243027.0
2020-04-06 18:00:00,0.0019756,0.0019901,0.0019415,0.0019896,39281796.0
2020-04-07 00:00:00,0.0019894,0.0020209,0.0019603,0.0019872,38794044.0
2020-04-07 06:00:00,0.00198,0.0020197,0.0019735,0.0020061,45256850.0
2020-04-07 12:00:00,0.00201,0.0020201,0.0019643,0.0019918,55480850.0
2020-04-07 18:00:00,0.0019938,0.00201,0.0019501,0.0019943,63429477.0
2020-04-08 00:00:00,0.0019966,0.0020426,0.001967,0.0020387,37562438.0
2020-04-08 06:00:00,0.0020411,0.0020411,0.00199,0.0020025,23701451.0
2020-04-08 12:00:00,0.0020025,0.002016,0.0019845,0.002,11931721.0
2020-04-08 18:00:00,0.0020084,0.0020107,0.0019902,0.0020038,17189297.0
2020-04-09 00:00:00,0.0020037,0.0020149,0.0019974,0.0020034,14672725.0
2020-04-09 06:00:00,0.0020061,0.0020142,0.0019884,0.0019992,28355912.0
2020-04-09 12:00:00,0.0019927,0.0020384,0.0019852,0.0020081,26727566.0
2020-04-09 18:00:00,0.0020082,0.0020454,0.0019925,0.0020151,19337809.0
2020-04-10 00:00:00,0.0020226,0.0020356,0.0019201,0.0019406,59062409.0
2020-04-10 06:00:00,0.0019389,0.0019495,0.0019,0.0019123,42780279.0
2020-04-10 12:00:00,0.0019097,0.0019357,0.001873,0.0019206,42025683.0
2020-04-10 18:00:00,0.0019171,0.00201,0.0019171,0.001965,69120876.0
2020-04-11 00:00:00,0.0019654,0.00201,0.0019529,0.0019796,23109770.0
2020-04-11 06:00:00,0.00198,0.0019847,0.0019526,0.0019742,18747993.0
2020-04-11 12:00:00,0.0019758,0.0019758,0.0019416,0.001942,15640392.0
2020-04-11 18:00:00,0.0019402,0.0019769,0.0019349,0.0019645,19234682.0
2020-04-12 00:00:00,0.001968,0.0019777,0.0019392,0.0019571,9394046.0
2020-04-12 06:00:00,0.0019597,0.0019719,0.0019482,0.0019719,12278822.0
2020-04-12 12:00:00,0.0019719,0.002012,0.0019555,0.0019937,65657033.0
2020-04-12 18:00:00,0.0019886,0.0020077,0.0019645,0.0019673,27298006.0
2020-04-13 00:00:00,0.0019641,0.0019744,0.0018598,0.0018991,117870300.0
2020-04-13 06:00:00,0.0018991,0.0019544,0.0018991,0.00195,22858521.0
2020-04-13 12:00:00,0.0019408,0.00195,0.0018955,0.0019226,31693823.0
2020-04-13 18:00:00,0.0019255,0.001976,0.0019188,0.0019533,12829640.0
2020-04-14 00:00:00,0.0019533,0.00197,0.0019443,0.0019589,9506848.0
2020-04-14 06:00:00,0.001959,0.001959,0.0019315,0.0019367,12249637.0
2020-04-14 12:00:00,0.0019399,0.0019747,0.0019338,0.0019542,24505503.0
2020-04-14 18:00:00,0.0019598,0.001977,0.0019457,0.0019656,21139923.0
2020-04-15 00:00:00,0.0019646,0.0019731,0.0019482,0.0019588,10217295.0
2020-04-15 06:00:00,0.0019639,0.0019646,0.001936,0.0019398,16071393.0
2020-04-15 12:00:00,0.001938,0.0019397,0.0019047,0.0019328,46201693.0
2020-04-15 18:00:00,0.0019378,0.001949,0.00189,0.0019061,71244853.0
2020-04-16 00:00:00,0.001903,0.0019211,0.0018722,0.0019131,16978466.0
2020-04-16 06:00:00,0.0019125,0.00201,0.0019091,0.0019769,52238705.0
2020-04-16 12:00:00,0.0019769,0.00203,0.001957,0.0019728,38146695.0
2020-04-16 18:00:00,0.0019673,0.0020168,0.0019672,0.001995,43699840.0
2020-04-17 00:00:00,0.0020002,0.002003,0.0019753,0.0019818,19507387.0
2020-04-17 06:00:00,0.0019774,0.0019991,0.001974,0.0019978,14600678.0
2020-04-17 12:00:00,0.001995,0.002,0.0019776,0.001995,12333015.0
2020-04-17 18:00:00,0.0019898,0.0020047,0.001983,0.001983,8960890.0
2020-04-18 00:00:00,0.0019886,0.0020035,0.00198,0.0020001,9279571.0
2020-04-18 06:00:00,0.0020015,0.002004,0.0019864,0.0020002,12006860.0
2020-04-18 12:00:00,0.0020001,0.00204,0.001983,0.002034,39018649.0
2020-04-18 18:00:00,0.00203,0.0020962,0.00203,0.0020445,32470687.0
2020-04-19 00:00:00,0.0020463,0.0020597,0.0020207,0.0020252,13059094.0
2020-04-19 06:00:00,0.0020256,0.0020722,0.0020135,0.0020292,14191182.0
2020-04-19 12:00:00,0.0020299,0.0020324,0.0019977,0.0020145,23699352.0
2020-04-19 18:00:00,0.0020145,0.002052,0.002006,0.0020313,19500910.0
2020-04-20 00:00:00,0.0020311,0.0020499,0.0020231,0.0020265,7456477.0
2020-04-20 06:00:00,0.0020268,0.0020341,0.0019806,0.0019806,21474929.0
2020-04-20 12:00:00,0.0019806,0.0020291,0.0019541,0.0019673,78918115.0
2020-04-20 18:00:00,0.0019603,0.0019907,0.0019354,0.0019787,73026594.0
2020-04-21 00:00:00,0.0019688,0.0019883,0.0019687,0.0019806,3114428.0
2020-04-21 06:00:00,0.0019811,0.002,0.0019415,0.0019537,22981719.0
2020-04-21 12:00:00,0.001953,0.001974,0.00193,0.0019506,50325795.0
2020-04-21 18:00:00,0.001963,0.0019734,0.0019445,0.00195,9309037.0
2020-04-22 00:00:00,0.0019497,0.0019893,0.0019425,0.0019827,17680465.0
2020-04-22 06:00:00,0.0019811,0.00205,0.00197,0.0019856,19541464.0
2020-04-22 12:00:00,0.0019886,0.002017,0.001983,0.0020101,20466170.0
2020-04-22 18:00:00,0.002001,0.0020106,0.0019898,0.0019957,14893098.0
2020-04-23 00:00:00,0.002,0.0020174,0.0019888,0.0020003,19286379.0
2020-04-23 06:00:00,0.0019985,0.0020199,0.0019886,0.0020129,15942518.0
2020-04-23 12:00:00,0.0020129,0.0021612,0.0020063,0.0021123,83689031.0
2020-04-23 18:00:00,0.0021152,0.0021208,0.0020367,0.0020512,124197999.0
2020-04-24 00:00:00,0.0020449,0.0020776,0.0020449,0.0020665,11579987.0
2020-04-24 06:00:00,0.002067,0.0020905,0.002055,0.0020665,18635237.0
2020-04-24 12:00:00,0.0020703,0.0020899,0.0020431,0.002085,17700955.0
2020-04-24 18:00:00,0.0020899,0.0021075,0.0020812,0.0020832,27350183.0
2020-04-25 00:00:00,0.002083,0.0020883,0.0020682,0.0020883,5175107.0
2020-04-25 06:00:00,0.0020883,0.002105,0.0020866,0.0020944,20683772.0
2020-04-25 12:00:00,0.0020985,0.0021533,0.0020906,0.0021114,107158496.0
2020-04-25 18:00:00,0.002109,0.0021406,0.002085,0.0021245,40103176.0
2020-04-26 00:00:00,0.0021303,0.0021849,0.0021283,0.0021645,89993980.0
2020-04-26 06:00:00,0.0021634,0.0023,0.0021512,0.0022701,112334011.0
2020-04-26 12:00:00,0.0022886,0.0023,0.0021913,0.002249,106803332.0
2020-04-26 18:00:00,0.0022422,0.0024479,0.0022394,0.0024076,495454988.0
2020-04-27 00:00:00,0.0024032,0.0024137,0.00237,0.00237,120061608.0
2020-04-27 06:00:00,0.00237,0.0023915,0.002293,0.0023747,150019970.0
2020-04-27 12:00:00,0.0023704,0.0023944,0.0022821,0.0023676,110623755.0
2020-04-27 18:00:00,0.002362,0.0023918,0.0023269,0.0023456,94629690.0
2020-04-28 00:00:00,0.0023459,0.0023565,0.0023,0.0023452,55503997.0
2020-04-28 06:00:00,0.0023452,0.002353,0.0023251,0.00235,43509607.0
2020-04-28 12:00:00,0.0023528,0.0023529,0.0023148,0.0023432,35428171.0
2020-04-28 18:00:00,0.0023432,0.0023491,0.0023148,0.002327,33818624.0
2020-04-29 00:00:00,0.0023178,0.002358,0.0023066,0.0023527,27553278.0
2020-04-29 06:00:00,0.0023555,0.0023838,0.002339,0.0023742,82549585.0
2020-04-29 12:00:00,0.0023794,0.002542,0.0023613,0.0024831,162331624.0
2020-04-29 18:00:00,0.0024831,0.0025309,0.0024522,0.0024912,82387381.0
2020-04-30 00:00:00,0.0024912,0.0026364,0.0024839,0.0026241,110676816.0
2020-04-30 06:00:00,0.0026246,0.0026904,0.0024211,0.0025255,180277541.0
2020-04-30 12:00:00,0.002525,0.0025476,0.0023585,0.0023916,207037864.0
2020-04-30 18:00:00,0.0024015,0.0025072,0.0023994,0.002433,53833349.0
2020-05-01 00:00:00,0.0024225,0.0024994,0.0024176,0.0024945,30208881.0
2020-05-01 06:00:00,0.0024851,0.0025466,0.0024589,0.002522,41031159.0
2020-05-01 12:00:00,0.0025285,0.0025375,0.0024324,0.0024732,58516716.0
2020-05-01 18:00:00,0.0024659,0.002512,0.002447,0.0024749,90473195.0
2020-05-02 00:00:00,0.0024782,0.002484,0.0024501,0.0024717,37718892.0
2020-05-02 06:00:00,0.0024714,0.0024791,0.0024505,0.0024703,19127969.0
2020-05-02 12:00:00,0.00247,0.0025118,0.0024674,0.0025038,23267588.0
2020-05-02 18:00:00,0.0025042,0.0025574,0.0024622,0.002542,68443672.0
2020-05-03 00:00:00,0.0025393,0.00258,0.0025318,0.0025572,21691888.0
2020-05-03 06:00:00,0.0025469,0.00256,0.002516,0.0025451,19401953.0
2020-05-03 12:00:00,0.0025356,0.0025451,0.00246,0.0024887,51257353.0
2020-05-03 18:00:00,0.002493,0.0025549,0.0024775,0.0025001,75238931.0
2020-05-04 00:00:00,0.0025011,0.0025094,0.0023375,0.0023672,50187784.0
2020-05-04 06:00:00,0.0023633,0.0024217,0.0023578,0.0023952,33568225.0
2020-05-04 12:00:00,0.0023941,0.0024799,0.0023915,0.00245,42656878.0
2020-05-04 18:00:00,0.0024481,0.0025005,0.0024481,0.0024605,25102451.0
2020-05-05 00:00:00,0.0024717,0.0025183,0.0024512,0.0024977,14012749.0
2020-05-05 06:00:00,0.0024977,0.0025096,0.0024266,0.0024481,25667576.0
2020-05-05 12:00:00,0.0024481,0.0024741,0.0024282,0.0024543,26245635.0
2020-05-05 18:00:00,0.0024548,0.0024998,0.0024537,0.0024738,17410344.0
2020-05-06 00:00:00,0.0024776,0.0024931,0.0024572,0.00248,21139478.0
2020-05-06 06:00:00,0.0024835,0.002524,0.0024692,0.0025162,45443517.0
2020-05-06 12:00:00,0.0025162,0.0025335,0.0024881,0.0025101,43306099.0
2020-05-06 18:00:00,0.0025098,0.0025623,0.0024615,0.0024801,71038400.0
2020-05-07 00:00:00,0.00248,0.0025465,0.002459,0.002525,50826751.0
2020-05-07 06:00:00,0.0025224,0.0025596,0.0025015,0.0025102,35198191.0
2020-05-07 12:00:00,0.0025203,0.0026729,0.0025063,0.0026536,148802509.0
2020-05-07 18:00:00,0.0026559,0.0026975,0.0025644,0.0026627,131655652.0
2020-05-08 00:00:00,0.0026632,0.0026711,0.0026151,0.0026226,31061970.0
2020-05-08 06:00:00,0.002619,0.002626,0.0025869,0.0026046,35966433.0
2020-05-08 12:00:00,0.0026044,0.0026351,0.00257,0.0026331,101491378.0
2020-05-08 18:00:00,0.0026349,0.0026894,0.0025968,0.0026052,90866791.0
2020-05-09 00:00:00,0.0026157,0.0026453,0.0025845,0.0026366,47699960.0
2020-05-09 06:00:00,0.002625,0.0026414,0.00251,0.0025735,73867205.0
2020-05-09 12:00:00,0.0025735,0.002611,0.0025672,0.002599,50531968.0
2020-05-09 18:00:00,0.0026025,0.0026364,0.0025846,0.0026075,44444341.0
2020-05-10 00:00:00,0.0025986,0.0025986,0.0022425,0.0024515,171117975.0
2020-05-10 06:00:00,0.0024515,0.0025298,0.0024317,0.0024541,65451221.0
2020-05-10 12:00:00,0.002447,0.0025045,0.0023257,0.0023993,49953035.0
2020-05-10 18:00:00,0.0024011,0.0025149,0.0023836,0.0024602,34692862.0
2020-05-11 00:00:00,0.0024432,0.0024756,0.00243,0.0024454,13341427.0
2020-05-11 06:00:00,0.0024422,0.0025099,0.0024,0.0024891,36008968.0
2020-05-11 12:00:00,0.002495,0.0025373,0.00234,0.0023799,69430729.0
2020-05-11 18:00:00,0.002364,0.00245,0.0022957,0.0024125,74147628.0
2020-05-12 00:00:00,0.0024045,0.0024796,0.0023993,0.0024786,44535420.0
2020-05-12 06:00:00,0.0024727,0.0024897,0.0024401,0.0024868,16343026.0
2020-05-12 12:00:00,0.0024804,0.0025132,0.0024552,0.0024774,26675147.0
2020-05-12 18:00:00,0.0024857,0.0025013,0.0024326,0.0024606,19759007.0
2020-05-13 00:00:00,0.0024605,0.0025066,0.0024605,0.0024729,18014835.0
2020-05-13 06:00:00,0.0024762,0.0024869,0.0024433,0.0024787,28022391.0
2020-05-13 12:00:00,0.0024852,0.0024989,0.0024694,0.002485,42732547.0
2020-05-13 18:00:00,0.002485,0.0025425,0.0024636,0.0025245,79271850.0
2020-05-14 00:00:00,0.0025191,0.00255,0.0025,0.0025474,26380528.0
2020-05-14 06:00:00,0.0025485,0.00265,0.002539,0.0025724,85236785.0
2020-05-14 12:00:00,0.002573,0.0026145,0.0025202,0.0025398,98609667.0
2020-05-14 18:00:00,0.0025357,0.002594,0.0025277,0.0025813,105227857.0
2020-05-15 00:00:00,0.0025727,0.0025828,0.0025,0.002519,22487441.0
2020-05-15 06:00:00,0.0025249,0.0025506,0.0025069,0.00255,29076223.0
2020-05-15 12:00:00,0.00255,0.0025515,0.0025,0.0025082,44746461.0
2020-05-15 18:00:00,0.0025082,0.0025394,0.00246,0.0024888,30228010.0
2020-05-16 00:00:00,0.0025005,0.0025319,0.0024728,0.0025169,20864773.0
2020-05-16 06:00:00,0.002515,0.0025212,0.0024983,0.0025035,14758271.0
2020-05-16 12:00:00,0.0025112,0.0025345,0.0024894,0.0024895,29914921.0
2020-05-16 18:00:00,0.0024894,0.0025161,0.00248,0.0025098,16949897.0
2020-05-17 00:00:00,0.0025084,0.0025318,0.002503,0.0025138,7663191.0
2020-05-17 06:00:00,0.0025077,0.0025305,0.0025069,0.0025273,8085603.0
2020-05-17 12:00:00,0.0025304,0.00258,0.002502,0.0025424,76118217.0
2020-05-17 18:00:00,0.0025349,0.0025511,0.0025237,0.0025331,11830252.0
2020-05-18 00:00:00,0.002525,0.0025899,0.002525,0.0025677,27074635.0
2020-05-18 06:00:00,0.0025677,0.002576,0.002509,0.0025396,18812226.0
2020-05-18 12:00:00,0.002536,0.0025399,0.0024987,0.0025124,25816772.0
2020-05-18 18:00:00,0.0025099,0.0025545,0.0025099,0.0025379,21823420.0
2020-05-19 00:00:00,0.00254,0.002543,0.0024903,0.0025116,23025785.0
2020-05-19 06:00:00,0.0025146,0.0025775,0.0025071,0.0025361,24358387.0
2020-05-19 12:00:00,0.0025411,0.0025411,0.0025155,0.0025312,13653118.0
2020-05-19 18:00:00,0.0025249,0.0025499,0.0025134,0.0025487,29109599.0
2020-05-20 00:00:00,0.0025394,0.0025499,0.0025203,0.0025436,10761650.0
2020-05-20 06:00:00,0.0025354,0.0025621,0.0025241,0.0025366,15127217.0
2020-05-20 12:00:00,0.0025366,0.002566,0.0024588,0.0024988,113505407.0
2020-05-20 18:00:00,0.0025028,0.0025187,0.0024801,0.0025002,13023451.0
2020-05-21 00:00:00,0.0025012,0.0025194,0.002477,0.0024908,32483599.0
2020-05-21 06:00:00,0.0024909,0.0025348,0.0024576,0.0025157,60661003.0
2020-05-21 12:00:00,0.0025226,0.0025514,0.0024272,0.0024474,83838294.0
2020-05-21 18:00:00,0.00245,0.0025439,0.0024215,0.0024774,28068374.0
2020-05-22 00:00:00,0.002477,0.0025261,0.0024627,0.0024869,11354565.0
2020-05-22 06:00:00,0.0024883,0.0025361,0.0024861,0.002525,26635399.0
2020-05-22 12:00:00,0.002525,0.00255,0.0025,0.0025376,52338024.0
2020-05-22 18:00:00,0.0025358,0.0025414,0.0025106,0.0025175,16765996.0
2020-05-23 00:00:00,0.0025199,0.002545,0.002508,0.0025198,18419111.0
2020-05-23 06:00:00,0.0025151,0.0025312,0.0024936,0.0025079,19127591.0
2020-05-23 12:00:00,0.0025024,0.0025631,0.0024937,0.0025447,103293143.0
2020-05-23 18:00:00,0.0025508,0.0025515,0.0025266,0.0025271,19190681.0
2020-05-24 00:00:00,0.0025356,0.002552,0.002521,0.0025299,33300625.0
2020-05-24 06:00:00,0.0025334,0.002563,0.0024955,0.0025073,49193592.0
2020-05-24 12:00:00,0.00251,0.002534,0.0024542,0.00249,34145771.0
2020-05-24 18:00:00,0.0024882,0.0025298,0.002435,0.0024461,43859211.0
2020-05-25 00:00:00,0.0024379,0.0025238,0.00242,0.0025012,42640040.0
2020-05-25 06:00:00,0.0024989,0.0025161,0.0024601,0.0024865,81075402.0
2020-05-25 12:00:00,0.0024862,0.002524,0.0024737,0.0025193,77993066.0
2020-05-25 18:00:00,0.002519,0.002548,0.0025036,0.0025324,78780744.0
2020-05-26 00:00:00,0.0025251,0.0025329,0.0024929,0.0025187,35934470.0
2020-05-26 06:00:00,0.0025187,0.0025317,0.00249,0.0025072,45166023.0
2020-05-26 12:00:00,0.0025072,0.0025301,0.0024571,0.0024811,67526893.0
2020-05-26 18:00:00,0.002481,0.0024956,0.0024701,0.0024781,38309317.0
2020-05-27 00:00:00,0.002478,0.0024927,0.0024499,0.0024802,45541997.0
2020-05-27 06:00:00,0.002477,0.00251,0.00246,0.0025069,45490302.0
2020-05-27 12:00:00,0.002505,0.0025186,0.002472,0.0025039,68835391.0
2020-05-27 18:00:00,0.0024988,0.0025092,0.0024703,0.0024998,16309669.0
2020-05-28 00:00:00,0.0024998,0.00254,0.0024943,0.0025194,53143317.0
2020-05-28 06:00:00,0.0025148,0.0025195,0.0024816,0.0025063,28412752.0
2020-05-28 12:00:00,0.0025075,0.0025599,0.0025075,0.0025406,80877478.0
2020-05-28 18:00:00,0.0025449,0.002545,0.0024916,0.002523,93883694.0
2020-05-29 00:00:00,0.0025265,0.0025427,0.0025011,0.0025344,38048992.0
2020-05-29 06:00:00,0.0025274,0.002549,0.0024995,0.00252,33194296.0
2020-05-29 12:00:00,0.00252,0.0025292,0.002501,0.0025049,37335985.0
2020-05-29 18:00:00,0.0025014,0.0025533,0.0025003,0.0025303,34042890.0
2020-05-30 00:00:00,0.0025302,0.0025719,0.002526,0.0025591,47094495.0
2020-05-30 06:00:00,0.0025592,0.0025876,0.00255,0.002587,55108577.0
2020-05-30 12:00:00,0.0025867,0.0026039,0.002571,0.0025852,53266135.0
2020-05-30 18:00:00,0.0025853,0.0026299,0.002571,0.002618,62030755.0
2020-05-31 00:00:00,0.0026181,0.0026822,0.0025701,0.0025814,50603193.0
2020-05-31 06:00:00,0.0025813,0.0026023,0.00256,0.0025945,37862176.0
2020-05-31 12:00:00,0.0025961,0.0026117,0.00257,0.002583,46630038.0
2020-05-31 18:00:00,0.0025842,0.002594,0.002543,0.0025599,29620404.0
2020-06-01 00:00:00,0.0025492,0.0026,0.0025414,0.0025834,27661948.0
2020-06-01 06:00:00,0.0025781,0.0025944,0.00256,0.0025699,58226961.0
2020-06-01 12:00:00,0.0025632,0.002589,0.0025611,0.0025826,32691959.0
2020-06-01 18:00:00,0.0025866,0.0027,0.0024997,0.0026452,173233083.0
2020-06-02 00:00:00,0.0026565,0.0026647,0.0026172,0.0026267,70016376.0
2020-06-02 06:00:00,0.0026252,0.00265,0.0026127,0.0026407,55654076.0
2020-06-02 12:00:00,0.0026407,0.0026626,0.0024696,0.0025513,157353938.0
2020-06-02 18:00:00,0.0025513,0.0025693,0.0024775,0.0025666,42956724.0
2020-06-03 00:00:00,0.002561,0.002567,0.0025353,0.0025549,20731466.0
2020-06-03 06:00:00,0.00256,0.0025657,0.002549,0.0025612,20655741.0
2020-06-03 12:00:00,0.0025612,0.0025657,0.0025177,0.0025592,41422230.0
2020-06-03 18:00:00,0.0025592,0.002596,0.0025586,0.0025867,47292101.0
2020-06-04 00:00:00,0.0025805,0.0025866,0.0025656,0.0025851,33136529.0
2020-06-04 06:00:00,0.0025779,0.0026459,0.0025755,0.0026306,162965895.0
2020-06-04 12:00:00,0.002633,0.0026668,0.0026232,0.0026551,78752290.0
2020-06-04 18:00:00,0.0026538,0.0026679,0.0025978,0.002623,51338723.0
2020-06-05 00:00:00,0.002623,0.0026288,0.0026099,0.0026169,9548685.0
2020-06-05 06:00:00,0.0026169,0.0026214,0.00258,0.0025802,50284516.0
2020-06-05 12:00:00,0.0025866,0.0026057,0.00258,0.0025919,32551344.0
2020-06-05 18:00:00,0.0025926,0.0025978,0.002581,0.0025907,21687352.0
2020-06-06 00:00:00,0.0025834,0.0025948,0.00256,0.00259,17898680.0
2020-06-06 06:00:00,0.0025831,0.0025999,0.0025802,0.002594,21469974.0
2020-06-06 12:00:00,0.0025929,0.0025968,0.0025507,0.0025633,47671973.0
2020-06-06 18:00:00,0.0025628,0.0025926,0.0025628,0.0025926,14509169.0
2020-06-07 00:00:00,0.0025899,0.0025899,0.0025697,0.0025752,20648870.0
2020-06-07 06:00:00,0.002575,0.00258,0.002566,0.0025686,23212927.0
2020-06-07 12:00:00,0.0025686,0.0025775,0.00255,0.0025607,48820688.0
2020-06-07 18:00:00,0.0025687,0.0026135,0.0025604,0.0025987,40229131.0
2020-06-08 00:00:00,0.0025912,0.0026038,0.0025758,0.0025926,13127779.0
2020-06-08 06:00:00,0.002596,0.0026021,0.0025757,0.0025779,44358460.0
2020-06-08 12:00:00,0.0025779,0.0025886,0.0025511,0.0025648,42875375.0
2020-06-08 18:00:00,0.0025701,0.0025845,0.0025505,0.0025786,21628251.0
2020-06-09 00:00:00,0.0025848,0.0025888,0.00249,0.0025459,40154336.0
2020-06-09 06:00:00,0.002546,0.0025715,0.0025422,0.0025713,31483899.0
2020-06-09 12:00:00,0.0025704,0.0025745,0.0025482,0.0025581,30455576.0
2020-06-09 18:00:00,0.0025536,0.0025672,0.0025436,0.0025586,14844608.0
2020-06-10 00:00:00,0.0025586,0.00257,0.0025505,0.0025575,10330543.0
2020-06-10 06:00:00,0.00256,0.00256,0.0025416,0.0025516,24058635.0
2020-06-10 12:00:00,0.0025567,0.0025683,0.0025409,0.0025568,22775499.0
2020-06-10 18:00:00,0.002565,0.0025953,0.0025523,0.0025761,55963551.0
2020-06-11 00:00:00,0.00258,0.0025938,0.0025643,0.0025744,20879730.0
2020-06-11 06:00:00,0.0025788,0.00259,0.0025575,0.0025575,16697718.0
2020-06-11 12:00:00,0.002562,0.002562,0.0023801,0.0024815,97362337.0
2020-06-11 18:00:00,0.0024724,0.0024775,0.0024307,0.0024463,34084189.0
2020-06-12 00:00:00,0.0024463,0.0024935,0.0024351,0.0024846,11840703.0
2020-06-12 06:00:00,0.0024905,0.0025,0.0024797,0.0024935,16899692.0
2020-06-12 12:00:00,0.0024955,0.0025054,0.002447,0.0024643,36799678.0
2020-06-12 18:00:00,0.0024703,0.002525,0.0024617,0.0025,67747363.0
2020-06-13 00:00:00,0.002514,0.0025198,0.0024869,0.0024876,11878275.0
2020-06-13 06:00:00,0.0024876,0.0025153,0.0024876,0.0024919,21011203.0
2020-06-13 12:00:00,0.0024975,0.0025338,0.00249,0.0025249,24874072.0
2020-06-13 18:00:00,0.0025249,0.0025336,0.0024961,0.0025241,35868194.0
2020-06-14 00:00:00,0.0025135,0.0025319,0.002509,0.0025103,12232265.0
2020-06-14 06:00:00,0.0025179,0.0025253,0.0024933,0.0025048,22275380.0
2020-06-14 12:00:00,0.0025054,0.0025091,0.0024878,0.0025086,22489627.0
2020-06-14 18:00:00,0.0025071,0.00251,0.002482,0.0024972,8661018.0
2020-06-15 00:00:00,0.0024886,0.0024941,0.0024024,0.0024054,51314555.0
2020-06-15 06:00:00,0.0024127,0.0024366,0.0023963,0.0024251,40687151.0
2020-06-15 12:00:00,0.0024246,0.002466,0.0023966,0.0024491,39168804.0
2020-06-15 18:00:00,0.0024491,0.0024923,0.0024491,0.0024743,15888242.0
2020-06-16 00:00:00,0.0024701,0.0024999,0.0024569,0.0024842,10119086.0
2020-06-16 06:00:00,0.002491,0.0024975,0.002467,0.0024725,26504551.0
2020-06-16 12:00:00,0.0024708,0.0024855,0.0024087,0.0024754,165543758.0
2020-06-16 18:00:00,0.0024727,0.0024957,0.0024724,0.0024855,17328972.0
2020-06-17 00:00:00,0.0024856,0.0024897,0.0024631,0.002466,19980180.0
2020-06-17 06:00:00,0.0024659,0.0024915,0.0024445,0.0024802,42322253.0
2020-06-17 12:00:00,0.0024761,0.0025024,0.00245,0.002465,54737789.0
2020-06-17 18:00:00,0.0024684,0.0024806,0.0024503,0.0024806,19051459.0
2020-06-18 00:00:00,0.0024788,0.0024848,0.00247,0.0024781,6920471.0
2020-06-18 06:00:00,0.002475,0.0024919,0.0024674,0.0024674,17738017.0
2020-06-18 12:00:00,0.0024675,0.002481,0.0024611,0.0024749,16608593.0
2020-06-18 18:00:00,0.0024749,0.002475,0.0024322,0.0024575,17870901.0
2020-06-19 00:00:00,0.002457,0.002457,0.0024256,0.0024395,17803390.0
2020-06-19 06:00:00,0.0024349,0.002468,0.0024293,0.002439,27989614.0
2020-06-19 12:00:00,0.0024397,0.0024627,0.002438,0.0024455,18140119.0
2020-06-19 18:00:00,0.002443,0.0024499,0.00243,0.0024399,20633468.0
2020-06-20 00:00:00,0.0024399,0.0024502,0.0024304,0.002435,9625513.0
2020-06-20 06:00:00,0.0024351,0.0024516,0.0023921,0.0024326,29647233.0
2020-06-20 12:00:00,0.0024264,0.0024452,0.0024239,0.0024364,11057256.0
2020-06-20 18:00:00,0.0024342,0.00245,0.002428,0.0024419,8936070.0
2020-06-21 00:00:00,0.0024466,0.0024512,0.002433,0.0024441,17081962.0
2020-06-21 06:00:00,0.0024413,0.0024658,0.0024389,0.0024501,22550624.0
2020-06-21 12:00:00,0.0024515,0.0024565,0.0024411,0.0024472,12719114.0
2020-06-21 18:00:00,0.0024472,0.0024649,0.0024277,0.0024295,32203477.0
2020-06-22 00:00:00,0.0024357,0.0024651,0.002432,0.0024589,18734679.0
2020-06-22 06:00:00,0.0024589,0.0024651,0.00245,0.0024635,29598678.0
2020-06-22 12:00:00,0.0024622,0.0025001,0.0024568,0.0024993,32840620.0
2020-06-22 18:00:00,0.0024994,0.0024994,0.0024607,0.0024731,37096173.0
2020-06-23 00:00:00,0.0024828,0.0024876,0.0024645,0.00247,11535135.0
2020-06-23 06:00:00,0.00247,0.0024909,0.0024615,0.0024868,39498467.0
2020-06-23 12:00:00,0.002482,0.00249,0.0024633,0.002483,30418035.0
2020-06-23 18:00:00,0.002483,0.0024874,0.0024615,0.0024686,15234796.0
2020-06-24 00:00:00,0.0024775,0.0024867,0.0024684,0.0024808,11167335.0
2020-06-24 06:00:00,0.00248,0.0024861,0.002415,0.0024225,40681005.0
2020-06-24 12:00:00,0.0024281,0.0024367,0.0023772,0.0024176,57510672.0
2020-06-24 18:00:00,0.0024176,0.0024294,0.002402,0.0024193,15473534.0
2020-06-25 00:00:00,0.0024247,0.0024255,0.0023864,0.0024211,21736727.0
2020-06-25 06:00:00,0.0024223,0.0024288,0.0023914,0.0024019,27311919.0
2020-06-25 12:00:00,0.0024012,0.0024069,0.002378,0.002402,18622871.0
2020-06-25 18:00:00,0.0024069,0.0024159,0.0023963,0.0024081,5831382.0
2020-06-26 00:00:00,0.0024111,0.002417,0.0023883,0.0023883,5198325.0
2020-06-26 06:00:00,0.0023897,0.0023919,0.0023517,0.0023756,31403947.0
2020-06-26 12:00:00,0.0023788,0.0023822,0.0023465,0.0023622,24001127.0
2020-06-26 18:00:00,0.0023613,0.0023657,0.00235,0.0023593,9062578.0
2020-06-27 00:00:00,0.0023515,0.0023633,0.0023381,0.002359,4686324.0
2020-06-27 06:00:00,0.002359,0.0023635,0.0023376,0.002357,14547812.0
2020-06-27 12:00:00,0.0023566,0.0023566,0.0023352,0.0023388,12449807.0
2020-06-27 18:00:00,0.0023362,0.0023434,0.00227,0.0023045,63183747.0
2020-06-28 00:00:00,0.0023041,0.0023041,0.0022784,0.0023003,8875110.0
2020-06-28 06:00:00,0.0022926,0.0023114,0.002285,0.0023013,23591483.0
2020-06-28 12:00:00,0.0022995,0.002335,0.0022912,0.002335,30933024.0
2020-06-28 18:00:00,0.0023355,0.0023459,0.0023022,0.0023142,52995044.0
2020-06-29 00:00:00,0.0023194,0.0023249,0.0022908,0.0023207,9360495.0
2020-06-29 06:00:00,0.0023207,0.002322,0.0022964,0.0023172,12907004.0
2020-06-29 12:00:00,0.0023132,0.00233,0.0022943,0.0023059,42768204.0
2020-06-29 18:00:00,0.0023152,0.00233,0.002297,0.0023077,20349396.0
2020-06-30 00:00:00,0.002303,0.0023117,0.0022821,0.0022845,14042360.0
2020-06-30 06:00:00,0.0022845,0.0023257,0.0022845,0.0023216,20784257.0
2020-06-30 12:00:00,0.0023115,0.0023247,0.0022917,0.0023103,15049748.0
2020-06-30 18:00:00,0.0023161,0.002321,0.0023037,0.0023185,8453860.0
2020-07-01 00:00:00,0.0023101,0.0023196,0.0023045,0.0023101,8032969.0
2020-07-01 06:00:00,0.00231,0.0023165,0.0023,0.0023085,46984736.0
2020-07-01 12:00:00,0.0023085,0.0023709,0.0023084,0.0023467,36836317.0
2020-07-01 18:00:00,0.0023476,0.0023476,0.0023067,0.0023203,28822056.0
2020-07-02 00:00:00,0.0023251,0.0023389,0.0023125,0.0023209,11979449.0
2020-07-02 06:00:00,0.0023262,0.0023426,0.0023203,0.0023334,15181634.0
2020-07-02 12:00:00,0.0023365,0.0023474,0.0022839,0.0023048,37278381.0
2020-07-02 18:00:00,0.0023032,0.0023498,0.0022954,0.002322,33546847.0
2020-07-03 00:00:00,0.0023172,0.0023209,0.0023,0.0023097,4082558.0
2020-07-03 06:00:00,0.0023122,0.0023262,0.0022882,0.0023029,25673523.0
2020-07-03 12:00:00,0.0023095,0.0023337,0.0023001,0.002312,20201148.0
2020-07-03 18:00:00,0.002312,0.0023345,0.0022989,0.0023139,26430650.0
2020-07-04 00:00:00,0.0023155,0.0023193,0.002302,0.0023098,10301175.0
2020-07-04 06:00:00,0.0023098,0.0023186,0.002304,0.002314,9853731.0
2020-07-04 12:00:00,0.002314,0.0023312,0.0022993,0.0023154,30435781.0
2020-07-04 18:00:00,0.002316,0.0023247,0.0023006,0.0023012,9778088.0
2020-07-05 00:00:00,0.0023033,0.002319,0.002301,0.0023061,12861233.0
2020-07-05 06:00:00,0.0023043,0.0023074,0.0022886,0.002291,26644783.0
2020-07-05 12:00:00,0.002291,0.0023067,0.0022838,0.002293,31891655.0
2020-07-05 18:00:00,0.002293,0.0023048,0.0022787,0.0023029,17308799.0
2020-07-06 00:00:00,0.0022988,0.0023088,0.002293,0.0023057,8835906.0
2020-07-06 06:00:00,0.0023057,0.0023604,0.0023057,0.0023598,47823894.0
2020-07-06 12:00:00,0.0023597,0.0025258,0.002349,0.0025165,164350475.0
2020-07-06 18:00:00,0.0025138,0.002622,0.0024728,0.0026193,240284632.0
2020-07-07 00:00:00,0.0026191,0.0028531,0.0025999,0.0028531,987121802.0
2020-07-07 06:00:00,0.0028522,0.0029,0.0026821,0.0027002,968755698.0
2020-07-07 12:00:00,0.0027046,0.0028909,0.0026869,0.0027667,716887851.0
2020-07-07 18:00:00,0.0027705,0.0032953,0.0027542,0.003136,1292623198.0
2020-07-08 00:00:00,0.003136,0.0055999,0.00291,0.0042275,8510370715.0
2020-07-08 06:00:00,0.0042323,0.00441,0.00386,0.0039159,2876046893.0
2020-07-08 12:00:00,0.0039159,0.0040849,0.0034801,0.0039868,3774020733.0
2020-07-08 18:00:00,0.0039867,0.0054,0.0039799,0.0047657,8496569738.0
2020-07-09 00:00:00,0.0047626,0.0050594,0.00405,0.0042997,3056179949.0
2020-07-09 06:00:00,0.0042997,0.0048777,0.0042284,0.0046787,2373827892.0
2020-07-09 12:00:00,0.004679,0.0048158,0.00435,0.0045955,1826166111.0
2020-07-09 18:00:00,0.0045956,0.0047668,0.0042479,0.0043214,1389202015.0
2020-07-10 00:00:00,0.0043225,0.0043334,0.003954,0.0040009,1572196673.0
2020-07-10 06:00:00,0.0040021,0.0041086,0.0036478,0.0037608,2340058715.0
2020-07-10 12:00:00,0.0037586,0.0039762,0.003672,0.0036986,1297829899.0
2020-07-10 18:00:00,0.003692,0.0037166,0.0034001,0.0035313,2326699466.0
2020-07-11 00:00:00,0.0035313,0.0037,0.0034555,0.0036123,746993347.0
2020-07-11 06:00:00,0.0036138,0.0037629,0.0035328,0.0035557,869530638.0
2020-07-11 12:00:00,0.0035587,0.0036899,0.003558,0.0036265,446222937.0
2020-07-11 18:00:00,0.003626,0.0039634,0.0036209,0.0038041,1598614280.0
2020-07-12 00:00:00,0.0038109,0.0038501,0.003715,0.0038252,417120476.0
2020-07-12 06:00:00,0.0038221,0.0038367,0.003668,0.0037093,390489771.0
2020-07-12 12:00:00,0.0037155,0.0037434,0.0035799,0.0036645,430325139.0
2020-07-12 18:00:00,0.0036631,0.0036851,0.0036,0.0036358,308320248.0
2020-07-13 00:00:00,0.0036357,0.0036408,0.0034258,0.0035538,634274863.0
2020-07-13 06:00:00,0.0035443,0.0035657,0.0034572,0.0035201,372488170.0
2020-07-13 12:00:00,0.0035255,0.0035335,0.003185,0.0032692,1653646952.0
2020-07-13 18:00:00,0.0032664,0.0032715,0.0029767,0.0031677,1346754551.0
2020-07-14 00:00:00,0.0031587,0.0031836,0.0030302,0.0030965,294693118.0
2020-07-14 06:00:00,0.0030935,0.0032232,0.0030935,0.0031682,472459505.0
2020-07-14 12:00:00,0.0031682,0.0033,0.0031201,0.0032547,630757655.0
2020-07-14 18:00:00,0.0032663,0.00339,0.003246,0.0032888,918891744.0
2020-07-15 00:00:00,0.0032911,0.0032911,0.00317,0.0031919,368596553.0
2020-07-15 06:00:00,0.0031941,0.003218,0.0031255,0.0031807,277901909.0
2020-07-15 12:00:00,0.0031761,0.0031935,0.00307,0.0031048,504378284.0
2020-07-15 18:00:00,0.0031055,0.00314,0.003056,0.0030868,235433306.0
2020-07-16 00:00:00,0.0030954,0.003096,0.003015,0.003058,391174813.0
2020-07-16 06:00:00,0.0030557,0.0030617,0.0028525,0.0029583,839124422.0
2020-07-16 12:00:00,0.0029569,0.0029894,0.0028721,0.0029245,548136342.0
2020-07-16 18:00:00,0.0029245,0.0030245,0.0029079,0.0029808,291762179.0
2020-07-17 00:00:00,0.0029808,0.00309,0.0029169,0.0029503,736479838.0
2020-07-17 06:00:00,0.0029503,0.0030539,0.0029416,0.00303,339031377.0
2020-07-17 12:00:00,0.00303,0.00306,0.0029735,0.003029,433047163.0
2020-07-17 18:00:00,0.003021,0.00309,0.0030137,0.0030528,376823852.0
2020-07-18 00:00:00,0.0030528,0.00368,0.003013,0.0034023,4769707590.0
2020-07-18 06:00:00,0.0034036,0.0035075,0.0033552,0.0034179,1211841658.0
2020-07-18 12:00:00,0.0034179,0.0036222,0.0033747,0.0035146,1378267968.0
2020-07-18 18:00:00,0.0035173,0.0035943,0.0034413,0.003449,972959634.0
2020-07-19 00:00:00,0.0034488,0.0037789,0.0034361,0.00353,1908297547.0
2020-07-19 06:00:00,0.0035349,0.0035511,0.0033602,0.0033896,672936235.0
2020-07-19 12:00:00,0.0033901,0.0034469,0.0033104,0.0033928,775832201.0
2020-07-19 18:00:00,0.0033994,0.0034328,0.0033602,0.0033811,302520620.0
2020-07-20 00:00:00,0.0033811,0.0034315,0.0033319,0.003356,314275957.0
2020-07-20 06:00:00,0.003357,0.003365,0.0032511,0.003273,383439849.0
2020-07-20 12:00:00,0.003273,0.003278,0.0031561,0.0032269,606673676.0
2020-07-20 18:00:00,0.0032221,0.003244,0.00314,0.0032201,332226407.0
2020-07-21 00:00:00,0.0032192,0.0033148,0.0031837,0.0032396,289634079.0
2020-07-21 06:00:00,0.0032406,0.0032932,0.0031773,0.0032475,401018064.0
2020-07-21 12:00:00,0.003248,0.0033659,0.0031377,0.0032639,292124714.0
2020-07-21 18:00:00,0.0032639,0.003304,0.0032221,0.0032979,206072099.0
2020-07-22 00:00:00,0.0032978,0.0032978,0.0032181,0.00323,160682083.0
2020-07-22 06:00:00,0.00323,0.0032614,0.00321,0.0032281,114574803.0
2020-07-22 12:00:00,0.003224,0.00326,0.0032089,0.00324,137531122.0
2020-07-22 18:00:00,0.0032407,0.003305,0.0032325,0.0032868,178923743.0
2020-07-23 00:00:00,0.0032917,0.003337,0.0032598,0.0032712,210982656.0
2020-07-23 06:00:00,0.0032709,0.0033185,0.0032654,0.0032997,139639625.0
2020-07-23 12:00:00,0.0032997,0.0033353,0.0032727,0.00329,297345652.0
2020-07-23 18:00:00,0.0032859,0.00333,0.003269,0.0032997,144940130.0
2020-07-24 00:00:00,0.0033035,0.0033114,0.0032,0.0032208,216529837.0
2020-07-24 06:00:00,0.0032254,0.0032269,0.0031465,0.0031877,263421381.0
2020-07-24 12:00:00,0.0031871,0.0032398,0.0031712,0.0032182,165747017.0
2020-07-24 18:00:00,0.0032182,0.00327,0.0031974,0.0032113,178860745.0
2020-07-25 00:00:00,0.0032173,0.0032635,0.0031953,0.0032308,158169392.0
2020-07-25 06:00:00,0.0032364,0.0032463,0.0032097,0.0032141,108418480.0
2020-07-25 12:00:00,0.0032141,0.0032356,0.0031923,0.0032211,123507463.0
2020-07-25 18:00:00,0.0032212,0.0033433,0.0031761,0.0032475,477492798.0
2020-07-26 00:00:00,0.003249,0.003264,0.0032071,0.00325,108586663.0
2020-07-26 06:00:00,0.0032491,0.0032898,0.0031871,0.0032157,391981555.0
2020-07-26 12:00:00,0.0032157,0.0032349,0.0031728,0.0032249,277866719.0
2020-07-26 18:00:00,0.0032196,0.003257,0.003201,0.0032323,109722988.0
2020-07-27 00:00:00,0.0032374,0.0032441,0.00315,0.0031796,296389248.0
2020-07-27 06:00:00,0.0031826,0.0032,0.0031553,0.0031661,137322285.0
2020-07-27 12:00:00,0.0031641,0.0031726,0.0030019,0.0031274,520813167.0
2020-07-27 18:00:00,0.0031275,0.0032306,0.0031033,0.0031694,385367981.0
2020-07-28 00:00:00,0.00317,0.0031908,0.0031339,0.0031612,146668937.0
2020-07-28 06:00:00,0.003165,0.0031891,0.0031238,0.0031493,171530489.0
2020-07-28 12:00:00,0.0031522,0.003185,0.0031327,0.0031653,177197889.0
2020-07-28 18:00:00,0.003169,0.003225,0.0031515,0.003188,154533437.0
2020-07-29 00:00:00,0.0031886,0.0033,0.0031885,0.0032345,213779270.0
2020-07-29 06:00:00,0.0032344,0.0032578,0.0031758,0.0032305,140349267.0
2020-07-29 12:00:00,0.0032283,0.0032622,0.003177,0.003177,136392851.0
2020-07-29 18:00:00,0.0031837,0.003231,0.0031542,0.0031663,184862441.0
2020-07-30 00:00:00,0.0031707,0.0031894,0.0031334,0.0031659,57674333.0
2020-07-30 06:00:00,0.0031659,0.0031937,0.0031596,0.0031778,161835687.0
2020-07-30 12:00:00,0.0031778,0.0032055,0.003162,0.003198,103081329.0
2020-07-30 18:00:00,0.0031962,0.00325,0.0031895,0.0032281,200734516.0
2020-07-31 00:00:00,0.0032304,0.003239,0.0031713,0.0032088,121157021.0
2020-07-31 06:00:00,0.0032083,0.0032342,0.003185,0.0032106,126637414.0
2020-07-31 12:00:00,0.0032106,0.0032229,0.0031866,0.0032146,202375413.0
2020-07-31 18:00:00,0.0032146,0.0032412,0.0031868,0.003224,182149354.0
2020-08-01 00:00:00,0.0032204,0.0032866,0.0032001,0.0032551,165433989.0
2020-08-01 06:00:00,0.003255,0.0039,0.0032437,0.003685,2365716143.0
2020-08-01 12:00:00,0.003692,0.0037475,0.0035645,0.003652,1197785737.0
2020-08-01 18:00:00,0.003652,0.0037969,0.0036,0.0037144,569788503.0
2020-08-02 00:00:00,0.0037096,0.0037754,0.0031,0.0034054,1261037916.0
2020-08-02 06:00:00,0.0034079,0.0034612,0.0032347,0.0032929,433196710.0
2020-08-02 12:00:00,0.0032866,0.0034,0.0032601,0.0033498,428523122.0
2020-08-02 18:00:00,0.0033558,0.0033955,0.003311,0.0033312,214589270.0
2020-08-03 00:00:00,0.0033351,0.0034468,0.0032995,0.0034029,312573491.0
2020-08-03 06:00:00,0.0034027,0.003435,0.0033635,0.0033899,162776393.0
2020-08-03 12:00:00,0.003386,0.0034433,0.0033604,0.0033973,243238500.0
2020-08-03 18:00:00,0.0033973,0.003421,0.0033661,0.0033818,141212076.0
2020-08-04 00:00:00,0.0033828,0.0034576,0.0033608,0.0033846,232101471.0
2020-08-04 06:00:00,0.0033855,0.0035396,0.003365,0.00345,494086181.0
2020-08-04 12:00:00,0.00345,0.0034994,0.0033825,0.0034899,235168485.0
2020-08-04 18:00:00,0.0034904,0.0035746,0.0034334,0.0035458,286084654.0
2020-08-05 00:00:00,0.0035459,0.0035871,0.0035032,0.0035163,252527674.0
2020-08-05 06:00:00,0.0035199,0.0035402,0.0035,0.0035292,253608132.0
2020-08-05 12:00:00,0.003529,0.0035578,0.0034774,0.003517,365081109.0
2020-08-05 18:00:00,0.0035184,0.0035415,0.003449,0.0035028,228100842.0
2020-08-06 00:00:00,0.0035024,0.0035211,0.00345,0.0034726,137131324.0
2020-08-06 06:00:00,0.0034727,0.003543,0.0034697,0.0034974,216129440.0
2020-08-06 12:00:00,0.0034912,0.00365,0.0034902,0.003595,385055839.0
2020-08-06 18:00:00,0.0035923,0.0036058,0.0035175,0.00356,170629539.0
2020-08-07 00:00:00,0.0035602,0.003617,0.0035444,0.0035994,139587760.0
2020-08-07 06:00:00,0.0035917,0.0036,0.0035359,0.0035476,125274093.0
2020-08-07 12:00:00,0.0035511,0.003584,0.003317,0.0034213,391086673.0
2020-08-07 18:00:00,0.0034212,0.00355,0.0033812,0.003496,230127518.0
2020-08-08 00:00:00,0.0034961,0.0035164,0.003445,0.003505,86524508.0
2020-08-08 06:00:00,0.003505,0.0035249,0.0034542,0.003513,154142102.0
2020-08-08 12:00:00,0.0035159,0.0035242,0.0033981,0.0034713,216454092.0
2020-08-08 18:00:00,0.0034713,0.0035238,0.0034584,0.0035134,167848358.0
2020-08-09 00:00:00,0.0035179,0.00353,0.0034612,0.0034691,110043364.0
2020-08-09 06:00:00,0.0034708,0.003505,0.0034556,0.0034952,136846253.0
2020-08-09 12:00:00,0.0034951,0.0034951,0.0034103,0.0034468,229833047.0
2020-08-09 18:00:00,0.0034389,0.00348,0.0034331,0.0034664,110719429.0
2020-08-10 00:00:00,0.0034677,0.00352,0.003446,0.0034783,199855042.0
2020-08-10 06:00:00,0.0034729,0.00351,0.0034089,0.003455,188938847.0
2020-08-10 12:00:00,0.003455,0.0035559,0.0034513,0.0035248,329125574.0
2020-08-10 18:00:00,0.0035224,0.0035261,0.00346,0.0034952,108620888.0
2020-08-11 00:00:00,0.0034947,0.0035778,0.00349,0.0035559,274599342.0
2020-08-11 06:00:00,0.0035555,0.0035592,0.00341,0.0034631,319047416.0
2020-08-11 12:00:00,0.0034608,0.0034677,0.003326,0.003407,379263768.0
2020-08-11 18:00:00,0.003407,0.0034332,0.0033168,0.0033906,243075623.0
2020-08-12 00:00:00,0.0033873,0.0033957,0.0033333,0.0033728,174203035.0
2020-08-12 06:00:00,0.0033664,0.00349,0.0033165,0.0034605,277360162.0
2020-08-12 12:00:00,0.0034606,0.0034965,0.00344,0.0034706,245594463.0
2020-08-12 18:00:00,0.0034747,0.003485,0.0034333,0.0034606,131903032.0
2020-08-13 00:00:00,0.0034599,0.0035089,0.00343,0.0034421,217537207.0
2020-08-13 06:00:00,0.0034416,0.0034702,0.003335,0.0034473,287920841.0
2020-08-13 12:00:00,0.0034473,0.0035208,0.003389,0.0034967,343601771.0
2020-08-13 18:00:00,0.0034979,0.0035101,0.00342,0.0034877,292364870.0
2020-08-14 00:00:00,0.0034877,0.0034949,0.0034334,0.00345,203751961.0
2020-08-14 06:00:00,0.00345,0.003515,0.003445,0.003509,251244880.0
2020-08-14 12:00:00,0.0035035,0.0035098,0.00346,0.0035002,140838708.0
2020-08-14 18:00:00,0.0035027,0.00359,0.0034796,0.0035731,256278740.0
2020-08-15 00:00:00,0.0035736,0.0036243,0.0034617,0.0034977,246094786.0
2020-08-15 06:00:00,0.0035,0.0035524,0.0034851,0.003538,228188359.0
2020-08-15 12:00:00,0.0035376,0.0036191,0.0035203,0.003574,360252574.0
2020-08-15 18:00:00,0.003574,0.0035923,0.003524,0.0035328,231030159.0
2020-08-16 00:00:00,0.0035319,0.0035583,0.0035,0.003526,157386553.0
2020-08-16 06:00:00,0.0035211,0.0035437,0.0034569,0.003464,202265639.0
2020-08-16 12:00:00,0.0034605,0.003534,0.0034382,0.0035022,191517003.0
2020-08-16 18:00:00,0.0035083,0.0035474,0.0034837,0.0035302,205114124.0
2020-08-17 00:00:00,0.003526,0.0035383,0.0034941,0.0035077,150541921.0
2020-08-17 06:00:00,0.0035003,0.0037238,0.0034927,0.0036318,849913756.0
2020-08-17 12:00:00,0.0036311,0.0036451,0.0035518,0.0036173,449624991.0
2020-08-17 18:00:00,0.0036186,0.003658,0.0035733,0.0035877,146468772.0
2020-08-18 00:00:00,0.0035821,0.0037165,0.0035795,0.0036038,313481977.0
2020-08-18 06:00:00,0.0036027,0.0036277,0.0035149,0.0035261,274067460.0
2020-08-18 12:00:00,0.0035261,0.0035571,0.0034297,0.0035121,431838632.0
2020-08-18 18:00:00,0.0035154,0.003574,0.0034737,0.003476,102962556.0
2020-08-19 00:00:00,0.0034795,0.0035374,0.0033437,0.0033966,252576805.0
2020-08-19 06:00:00,0.0033915,0.0034703,0.0033599,0.0034279,188598620.0
2020-08-19 12:00:00,0.0034263,0.00346,0.00335,0.0033996,197275461.0
2020-08-19 18:00:00,0.0033996,0.0034648,0.0033341,0.0034196,226624882.0
2020-08-20 00:00:00,0.0034197,0.0034527,0.0033711,0.0034154,125511344.0
2020-08-20 06:00:00,0.003412,0.0034571,0.0033952,0.0034551,108421510.0
2020-08-20 12:00:00,0.0034538,0.0035043,0.0034202,0.0034661,135153533.0
2020-08-20 18:00:00,0.0034661,0.0034763,0.0034228,0.0034399,114097935.0
2020-08-21 00:00:00,0.0034386,0.0035651,0.0034054,0.0034886,278359799.0
2020-08-21 06:00:00,0.003493,0.003552,0.0034642,0.003465,407370100.0
2020-08-21 12:00:00,0.0034653,0.0034696,0.0033622,0.0034194,224540860.0
2020-08-21 18:00:00,0.0034184,0.0034385,0.0033633,0.0033776,172064424.0
2020-08-22 00:00:00,0.0033808,0.0034162,0.0033201,0.0034084,173453889.0
2020-08-22 06:00:00,0.0034144,0.0034226,0.0033493,0.0033551,244665241.0
2020-08-22 12:00:00,0.0033606,0.0034479,0.0033601,0.0034303,134663195.0
2020-08-22 18:00:00,0.0034348,0.0034605,0.003398,0.0034331,111118964.0
2020-08-23 00:00:00,0.003431,0.0034422,0.0033607,0.003373,168728662.0
2020-08-23 06:00:00,0.00337,0.0034377,0.0033685,0.0033886,109749005.0
2020-08-23 12:00:00,0.0033917,0.0034562,0.0033917,0.0034113,107017136.0
2020-08-23 18:00:00,0.0034142,0.0034515,0.00339,0.0033955,63858465.0
2020-08-24 00:00:00,0.0033977,0.0034689,0.0033715,0.0033753,267480486.0
2020-08-24 06:00:00,0.0033754,0.003451,0.0033751,0.0034335,130799848.0
2020-08-24 12:00:00,0.0034336,0.0034404,0.0033899,0.0034035,165796211.0
2020-08-24 18:00:00,0.0034027,0.0034271,0.003377,0.0034116,133162887.0
2020-08-25 00:00:00,0.003407,0.0034261,0.0033864,0.0033983,121640228.0
2020-08-25 06:00:00,0.0033942,0.0033978,0.0033325,0.0033701,213954474.0
2020-08-25 12:00:00,0.003367,0.003367,0.0032213,0.0032409,314923404.0
2020-08-25 18:00:00,0.0032416,0.0033259,0.0032092,0.0032907,153834680.0
2020-08-26 00:00:00,0.0032896,0.0033037,0.003235,0.0032885,92381952.0
2020-08-26 06:00:00,0.0032927,0.0033134,0.003255,0.0032843,83409550.0
2020-08-26 12:00:00,0.0032827,0.0033399,0.0032323,0.0033383,195670685.0
2020-08-26 18:00:00,0.0033337,0.0033461,0.0032806,0.0032939,201632700.0
2020-08-27 00:00:00,0.0032916,0.0033078,0.0032727,0.0032842,57215933.0
2020-08-27 06:00:00,0.0032833,0.0033,0.0032086,0.0032137,134409952.0
2020-08-27 12:00:00,0.0032137,0.0032788,0.0031427,0.0031858,356859775.0
2020-08-27 18:00:00,0.0031825,0.0032456,0.0031539,0.0031997,263393681.0
2020-08-28 00:00:00,0.0032017,0.0032196,0.0031678,0.0032154,92145090.0
2020-08-28 06:00:00,0.0032123,0.0032456,0.0032052,0.0032409,79787774.0
2020-08-28 12:00:00,0.003241,0.0032686,0.0032141,0.003242,154934951.0
2020-08-28 18:00:00,0.0032421,0.0032687,0.0032185,0.0032637,87780405.0
2020-08-29 00:00:00,0.0032636,0.00327,0.0032285,0.0032583,107538298.0
2020-08-29 06:00:00,0.003255,0.0032973,0.0032525,0.0032631,102285120.0
2020-08-29 12:00:00,0.0032631,0.0032818,0.0032494,0.003273,139574091.0
2020-08-29 18:00:00,0.0032705,0.0032949,0.00327,0.0032749,93684142.0
2020-08-30 00:00:00,0.0032751,0.003348,0.0032671,0.0032989,114708944.0
2020-08-30 06:00:00,0.0032989,0.0033165,0.00327,0.0032942,93653095.0
2020-08-30 12:00:00,0.0032942,0.0033194,0.003261,0.0032821,132192690.0
2020-08-30 18:00:00,0.0032822,0.0033267,0.0032668,0.0032981,116064570.0
2020-08-31 00:00:00,0.0032981,0.0033054,0.0032705,0.0032744,94176930.0
2020-08-31 06:00:00,0.0032777,0.0032821,0.0032456,0.003273,200152296.0
2020-08-31 12:00:00,0.003273,0.0032883,0.0032249,0.003232,294680107.0
2020-08-31 18:00:00,0.0032286,0.003234,0.0031841,0.0032073,203387697.0
2020-09-01 00:00:00,0.0032061,0.0032531,0.0031519,0.0032458,168691332.0
2020-09-01 06:00:00,0.003251,0.0032784,0.0032191,0.0032278,165536384.0
2020-09-01 12:00:00,0.0032286,0.0032624,0.0031916,0.0032356,202017018.0
2020-09-01 18:00:00,0.0032311,0.0032768,0.0032136,0.0032411,192747361.0
2020-09-02 00:00:00,0.0032398,0.0032626,0.0032031,0.0032101,102375165.0
2020-09-02 06:00:00,0.0032146,0.0032191,0.0030101,0.0031073,300107748.0
2020-09-02 12:00:00,0.0031048,0.0031109,0.0030474,0.0030738,257771771.0
2020-09-02 18:00:00,0.0030706,0.0031421,0.0030536,0.0031161,97884886.0
2020-09-03 00:00:00,0.0031185,0.0031265,0.0030316,0.0030401,160711995.0
2020-09-03 06:00:00,0.0030401,0.0030979,0.0030101,0.0030201,211950700.0
2020-09-03 12:00:00,0.0030193,0.003033,0.0028601,0.0029152,615688479.0
2020-09-03 18:00:00,0.0029151,0.0029431,0.0027,0.0027692,214173018.0
2020-09-04 00:00:00,0.0027704,0.002817,0.0027268,0.0027726,238864572.0
2020-09-04 06:00:00,0.0027722,0.00285,0.0027006,0.0028486,363641001.0
2020-09-04 12:00:00,0.0028485,0.002883,0.0027131,0.0028346,285717174.0
2020-09-04 18:00:00,0.0028321,0.0029632,0.0027898,0.0028797,240558517.0
2020-09-05 00:00:00,0.0028789,0.002925,0.0028651,0.0028967,231955912.0
2020-09-05 06:00:00,0.0028966,0.0029269,0.0027665,0.0028042,272482967.0
2020-09-05 12:00:00,0.0027974,0.0028491,0.0027337,0.0027643,343043692.0
2020-09-05 18:00:00,0.00277,0.0028071,0.0026786,0.002764,211261261.0
2020-09-06 00:00:00,0.0027505,0.0027752,0.0026875,0.0027217,269608032.0
2020-09-06 06:00:00,0.0027217,0.0027931,0.0026956,0.0027854,538970656.0
2020-09-06 12:00:00,0.0027833,0.0027942,0.0027089,0.0027608,264721075.0
2020-09-06 18:00:00,0.0027614,0.0028068,0.0027334,0.0027859,92134509.0
2020-09-07 00:00:00,0.0027814,0.0028028,0.0027392,0.0027392,113240670.0
2020-09-07 06:00:00,0.0027399,0.0027846,0.0027039,0.0027252,261490372.0
2020-09-07 12:00:00,0.0027235,0.0028323,0.002688,0.0027803,424598420.0
2020-09-07 18:00:00,0.0027844,0.0028373,0.0027421,0.0028151,131206572.0
2020-09-08 00:00:00,0.0028188,0.0028386,0.0027469,0.0027559,118933543.0
2020-09-08 06:00:00,0.0027538,0.0028176,0.0027018,0.0027244,175767657.0
2020-09-08 12:00:00,0.0027223,0.002765,0.0027059,0.0027491,113591094.0
2020-09-08 18:00:00,0.0027512,0.0027762,0.0026742,0.002747,194552871.0
2020-09-09 00:00:00,0.0027455,0.0027627,0.0026863,0.002721,160382055.0
2020-09-09 06:00:00,0.002725,0.0027668,0.0027118,0.002747,135900068.0
2020-09-09 12:00:00,0.0027486,0.002805,0.0027484,0.0027799,174585970.0
2020-09-09 18:00:00,0.0027799,0.0027995,0.0027614,0.002779,133033312.0
2020-09-10 00:00:00,0.0027779,0.0028447,0.0027778,0.0027928,137668890.0
2020-09-10 06:00:00,0.002789,0.0027995,0.0027522,0.0027758,103280948.0
2020-09-10 12:00:00,0.002779,0.002848,0.002773,0.0027995,234476013.0
2020-09-10 18:00:00,0.0027972,0.0028132,0.002778,0.0028077,113628770.0
2020-09-11 00:00:00,0.002806,0.00282,0.0027364,0.0027702,204151257.0
2020-09-11 06:00:00,0.0027741,0.0027937,0.0027516,0.0027638,186681896.0
2020-09-11 12:00:00,0.0027637,0.0028106,0.0027564,0.0027772,138851292.0
2020-09-11 18:00:00,0.0027797,0.0028037,0.0027695,0.0027956,103827243.0
2020-09-12 00:00:00,0.0027952,0.0027994,0.002765,0.0027877,92719583.0
2020-09-12 06:00:00,0.0027877,0.0027934,0.0027658,0.0027912,106161882.0
2020-09-12 12:00:00,0.0027882,0.0027899,0.00276,0.0027892,133527015.0
2020-09-12 18:00:00,0.0027859,0.0028321,0.0027851,0.0028141,205663844.0
2020-09-13 00:00:00,0.002814,0.0028199,0.0027624,0.0028101,166089947.0
2020-09-13 06:00:00,0.0028083,0.0028159,0.002775,0.0027819,200557593.0
2020-09-13 12:00:00,0.0027802,0.0027976,0.0027403,0.0027733,256742406.0
2020-09-13 18:00:00,0.0027741,0.0027855,0.0027547,0.002783,113542847.0
2020-09-14 00:00:00,0.0027836,0.002793,0.0027334,0.0027654,173556170.0
2020-09-14 06:00:00,0.0027655,0.0027795,0.0027385,0.0027708,194208376.0
2020-09-14 12:00:00,0.0027726,0.0028143,0.0027629,0.00279,166537732.0
2020-09-14 18:00:00,0.0027925,0.0028141,0.0027708,0.0027851,87766925.0
2020-09-15 00:00:00,0.0027876,0.00283,0.0027762,0.0028046,111617028.0
2020-09-15 06:00:00,0.0028046,0.0028699,0.0027751,0.0028442,262852323.0
2020-09-15 12:00:00,0.0028433,0.0028508,0.0027809,0.002815,248289630.0
2020-09-15 18:00:00,0.0028123,0.0028497,0.0027956,0.0028278,215187950.0
2020-09-16 00:00:00,0.002827,0.0028439,0.00278,0.0028224,113350973.0
2020-09-16 06:00:00,0.002828,0.00285,0.0028143,0.0028372,111567788.0
2020-09-16 12:00:00,0.0028385,0.00285,0.0027842,0.0028219,304135655.0
2020-09-16 18:00:00,0.002822,0.0028273,0.0027859,0.0028053,189713934.0
2020-09-17 00:00:00,0.0028079,0.0028577,0.0027924,0.0028139,184365431.0
2020-09-17 06:00:00,0.0028141,0.002818,0.0027679,0.0028113,195765968.0
2020-09-17 12:00:00,0.002807,0.002807,0.0027625,0.0027885,185345945.0
2020-09-17 18:00:00,0.0027918,0.0028138,0.0027892,0.0028078,142945240.0
2020-09-18 00:00:00,0.0028047,0.0028115,0.0027905,0.0028088,148942116.0
2020-09-18 06:00:00,0.0028054,0.002815,0.0027905,0.0027918,130075410.0
2020-09-18 12:00:00,0.0027955,0.0028016,0.0027468,0.0027569,197320318.0
2020-09-18 18:00:00,0.0027569,0.0027994,0.0027505,0.0027892,120503215.0
2020-09-19 00:00:00,0.0027876,0.0028008,0.0027713,0.0027788,190247782.0
2020-09-19 06:00:00,0.0027776,0.0028096,0.0027748,0.0027974,208573345.0
2020-09-19 12:00:00,0.0028029,0.0028099,0.0027774,0.0027857,242402550.0
2020-09-19 18:00:00,0.0027823,0.002803,0.0027635,0.0027901,255110020.0
2020-09-20 00:00:00,0.0027918,0.0028009,0.00277,0.0027827,207690749.0
2020-09-20 06:00:00,0.0027827,0.0028003,0.0027753,0.0027852,144079916.0
2020-09-20 12:00:00,0.0027877,0.002788,0.0027234,0.0027588,303594105.0
2020-09-20 18:00:00,0.0027547,0.002787,0.0027452,0.0027729,237866636.0
2020-09-21 00:00:00,0.0027732,0.0028035,0.0027647,0.0027896,221911941.0
2020-09-21 06:00:00,0.0027918,0.0027929,0.0026738,0.002706,420868613.0
2020-09-21 12:00:00,0.0027055,0.002707,0.0025688,0.0026166,426316793.0
2020-09-21 18:00:00,0.0026189,0.0026627,0.0025972,0.0025972,304915290.0
2020-09-22 00:00:00,0.0025946,0.0026424,0.0025861,0.0026109,188681393.0
2020-09-22 06:00:00,0.0026146,0.0026369,0.0025802,0.0026206,211058271.0
2020-09-22 12:00:00,0.0026167,0.0026588,0.0026058,0.0026472,145864621.0
2020-09-22 18:00:00,0.0026485,0.0026534,0.0026113,0.0026432,150068515.0
2020-09-23 00:00:00,0.002641,0.0026493,0.0026121,0.0026146,85247666.0
2020-09-23 06:00:00,0.0026146,0.0026266,0.0025976,0.0026203,67053712.0
2020-09-23 12:00:00,0.0026205,0.002644,0.0026068,0.002619,99013639.0
2020-09-23 18:00:00,0.0026185,0.0026197,0.0025364,0.0025444,247798138.0
2020-09-24 00:00:00,0.0025403,0.0026,0.0025277,0.0025789,90591863.0
2020-09-24 06:00:00,0.0025797,0.0026246,0.002575,0.0026171,84689769.0
2020-09-24 12:00:00,0.0026206,0.0026612,0.0025827,0.0026166,132183887.0
2020-09-24 18:00:00,0.0026167,0.0026413,0.0026074,0.0026297,81302795.0
2020-09-25 00:00:00,0.0026297,0.0027192,0.0026146,0.0026623,236862825.0
2020-09-25 06:00:00,0.0026642,0.002686,0.00263,0.002674,139236582.0
2020-09-25 12:00:00,0.0026737,0.0026945,0.0026473,0.0026739,63956474.0
2020-09-25 18:00:00,0.0026739,0.0027044,0.0026661,0.0027015,73306516.0
2020-09-26 00:00:00,0.0027044,0.002761,0.0026863,0.0027299,135326411.0
2020-09-26 06:00:00,0.0027298,0.0027463,0.002687,0.0027066,68913169.0
2020-09-26 12:00:00,0.0027052,0.0027222,0.0026724,0.0027105,64537763.0
2020-09-26 18:00:00,0.002716,0.0027189,0.0026828,0.0026972,42392054.0
2020-09-27 00:00:00,0.0026973,0.0027351,0.0026973,0.0027229,53178795.0
2020-09-27 06:00:00,0.0027227,0.0027229,0.0026581,0.0026807,89023385.0
2020-09-27 12:00:00,0.0026796,0.0027119,0.0026736,0.0027033,53762055.0
2020-09-27 18:00:00,0.0027032,0.0027141,0.0026913,0.0026954,40056422.0
2020-09-28 00:00:00,0.0026989,0.002744,0.0026983,0.0027117,89068425.0
2020-09-28 06:00:00,0.0027117,0.002716,0.0026793,0.0026955,49582862.0
2020-09-28 12:00:00,0.0027002,0.0027135,0.0026822,0.002689,127337864.0
2020-09-28 18:00:00,0.002689,0.002698,0.0026183,0.0026504,94138697.0
2020-09-29 00:00:00,0.0026474,0.0026934,0.0026327,0.002668,153921114.0
2020-09-29 06:00:00,0.0026678,0.0027049,0.002661,0.0026886,127835488.0
2020-09-29 12:00:00,0.0026898,0.0026952,0.0026307,0.0026541,94030382.0
2020-09-29 18:00:00,0.0026539,0.00269,0.0026517,0.0026727,36343711.0
2020-09-30 00:00:00,0.0026726,0.0026767,0.0026344,0.0026445,74363959.0
2020-09-30 06:00:00,0.0026396,0.0026614,0.0026255,0.0026262,48488417.0
2020-09-30 12:00:00,0.0026263,0.0026624,0.0026158,0.0026497,163865470.0
2020-09-30 18:00:00,0.0026496,0.0026567,0.0026158,0.002635,61139793.0
2020-10-01 00:00:00,0.0026361,0.0026623,0.0026361,0.0026542,105178060.0
2020-10-01 06:00:00,0.0026543,0.002682,0.0026448,0.0026697,127667281.0
2020-10-01 12:00:00,0.0026695,0.002675,0.0025575,0.0026081,243700089.0
2020-10-01 18:00:00,0.0026062,0.0026496,0.0026034,0.0026246,170592739.0
2020-10-02 00:00:00,0.0026272,0.0026273,0.00254,0.0025606,136593750.0
2020-10-02 06:00:00,0.0025569,0.0025811,0.0025307,0.0025636,177476793.0
2020-10-02 12:00:00,0.0025607,0.0026085,0.00256,0.0025891,421963091.0
2020-10-02 18:00:00,0.0025932,0.0026128,0.0025558,0.0025902,315868911.0
2020-10-03 00:00:00,0.0025902,0.0026084,0.0025737,0.002608,111979602.0
2020-10-03 06:00:00,0.0026054,0.002637,0.0025989,0.0026021,125857327.0
2020-10-03 12:00:00,0.0026022,0.0026198,0.0025933,0.0026042,52446796.0
2020-10-03 18:00:00,0.002607,0.0026119,0.002585,0.0025955,54497088.0
2020-10-04 00:00:00,0.0025964,0.0026176,0.0025893,0.0026013,47594373.0
2020-10-04 06:00:00,0.0026013,0.00262,0.002594,0.0026122,56066180.0
2020-10-04 12:00:00,0.0026153,0.00268,0.0026122,0.0026418,176424116.0
2020-10-04 18:00:00,0.0026385,0.0026532,0.0026256,0.002633,82579580.0
2020-10-05 00:00:00,0.0026328,0.0026577,0.0026221,0.0026327,83532841.0
2020-10-05 06:00:00,0.0026323,0.0026427,0.0026071,0.0026295,91380044.0
2020-10-05 12:00:00,0.0026294,0.0026496,0.0026011,0.0026011,74456474.0
2020-10-05 18:00:00,0.0026059,0.0026215,0.0025983,0.0026182,44454244.0
2020-10-06 00:00:00,0.00262,0.0026235,0.002602,0.0026055,43566515.0
2020-10-06 06:00:00,0.0026096,0.0026171,0.0025801,0.0026096,66058417.0
2020-10-06 12:00:00,0.0026065,0.0026285,0.0025817,0.0025956,188724888.0
2020-10-06 18:00:00,0.0025936,0.0026129,0.0025687,0.002597,236842045.0
2020-10-07 00:00:00,0.0025969,0.0026111,0.002556,0.0025949,267878932.0
2020-10-07 06:00:00,0.0025939,0.0026071,0.0025647,0.0025859,235323096.0
2020-10-07 12:00:00,0.0025852,0.0026085,0.002576,0.0025864,152188938.0
2020-10-07 18:00:00,0.002587,0.0026015,0.0025846,0.0025895,93351920.0
2020-10-08 00:00:00,0.0025881,0.002595,0.00257,0.0025784,69055130.0
2020-10-08 06:00:00,0.0025781,0.0025966,0.002541,0.0025736,219581825.0
2020-10-08 12:00:00,0.0025736,0.00263,0.0025651,0.0026151,243224381.0
2020-10-08 18:00:00,0.0026164,0.0026233,0.002595,0.0026098,80925059.0
2020-10-09 00:00:00,0.0026097,0.0026394,0.0025891,0.0026239,76668413.0
2020-10-09 06:00:00,0.0026231,0.0026504,0.0026097,0.0026301,93740115.0
2020-10-09 12:00:00,0.0026333,0.0026699,0.0026287,0.0026568,214585137.0
2020-10-09 18:00:00,0.0026566,0.0026701,0.0026261,0.0026556,112907950.0
2020-10-10 00:00:00,0.002657,0.0027291,0.002655,0.0026747,200217818.0
2020-10-10 06:00:00,0.0026713,0.0027005,0.0026536,0.0026745,123957731.0
2020-10-10 12:00:00,0.002671,0.002688,0.002661,0.0026759,53332772.0
2020-10-10 18:00:00,0.0026754,0.0026966,0.0026472,0.0026621,68107541.0
2020-10-11 00:00:00,0.0026583,0.002684,0.0026499,0.002672,43384616.0
2020-10-11 06:00:00,0.0026693,0.0027065,0.0026693,0.0026809,61175472.0
2020-10-11 12:00:00,0.0026809,0.002691,0.002664,0.0026852,56946502.0
2020-10-11 18:00:00,0.0026854,0.0026854,0.0026567,0.0026701,89534905.0
2020-10-12 00:00:00,0.0026711,0.0026817,0.0026642,0.0026731,31847542.0
2020-10-12 06:00:00,0.002673,0.0026731,0.0026251,0.0026475,86315185.0
2020-10-12 12:00:00,0.0026456,0.002691,0.0026442,0.0026735,104347040.0
2020-10-12 18:00:00,0.002676,0.0027069,0.0026551,0.002667,199123516.0
2020-10-13 00:00:00,0.0026669,0.0026745,0.0026403,0.002663,73906136.0
2020-10-13 06:00:00,0.0026631,0.0026684,0.0026344,0.0026559,79349115.0
2020-10-13 12:00:00,0.0026543,0.0026608,0.0026332,0.0026345,73363484.0
2020-10-13 18:00:00,0.0026362,0.002652,0.0026285,0.0026385,56747888.0
2020-10-14 00:00:00,0.0026353,0.0026494,0.0026264,0.0026346,25176330.0
2020-10-14 06:00:00,0.0026343,0.002643,0.0026197,0.0026284,35944061.0
2020-10-14 12:00:00,0.0026253,0.0026609,0.0026173,0.0026344,111800628.0
2020-10-14 18:00:00,0.002634,0.0026515,0.0026277,0.002639,43760778.0
2020-10-15 00:00:00,0.002639,0.0026391,0.0026222,0.002634,19514475.0
2020-10-15 06:00:00,0.002634,0.0026374,0.0025648,0.0025788,166425531.0
2020-10-15 12:00:00,0.0025786,0.0026049,0.002571,0.002596,79223061.0
2020-10-15 18:00:00,0.0025964,0.0026128,0.00259,0.0025953,46280881.0
2020-10-16 00:00:00,0.0025953,0.0026116,0.0025539,0.0025727,91373247.0
2020-10-16 06:00:00,0.002573,0.0025897,0.0025511,0.0025765,113141796.0
2020-10-16 12:00:00,0.0025767,0.0025854,0.0025606,0.002573,77521252.0
2020-10-16 18:00:00,0.0025731,0.0026243,0.0025612,0.002604,163918723.0
2020-10-17 00:00:00,0.0026029,0.0026091,0.0025752,0.0025831,39922454.0
2020-10-17 06:00:00,0.0025866,0.0025921,0.0025804,0.0025882,28493991.0
2020-10-17 12:00:00,0.002588,0.0025979,0.0025733,0.0025833,49159006.0
2020-10-17 18:00:00,0.0025815,0.0025879,0.0025774,0.0025834,25077751.0
2020-10-18 00:00:00,0.0025842,0.0025923,0.0025812,0.0025915,19876435.0
2020-10-18 06:00:00,0.0025879,0.0026055,0.0025846,0.002596,30142557.0
2020-10-18 12:00:00,0.002596,0.002604,0.0025878,0.0025932,42506874.0
2020-10-18 18:00:00,0.0025933,0.0025969,0.00258,0.0025874,67260009.0
2020-10-19 00:00:00,0.0025884,0.0025948,0.002569,0.0025908,49609352.0
2020-10-19 06:00:00,0.0025907,0.0026,0.0025751,0.0025883,93795982.0
2020-10-19 12:00:00,0.0025892,0.002622,0.002587,0.0025961,240982506.0
2020-10-19 18:00:00,0.0025974,0.0026031,0.00258,0.0025921,93002569.0
2020-10-20 00:00:00,0.002592,0.0026,0.0025792,0.0025897,64840255.0
2020-10-20 06:00:00,0.0025885,0.0026252,0.0025819,0.002584,184428740.0
2020-10-20 12:00:00,0.0025854,0.0026132,0.0025818,0.0025973,106411470.0
2020-10-20 18:00:00,0.0025987,0.00261,0.00259,0.0025944,61532312.0
2020-10-21 00:00:00,0.0025956,0.0026281,0.002593,0.0026097,82622732.0
2020-10-21 06:00:00,0.0026097,0.00262,0.002601,0.002615,84662243.0
2020-10-21 12:00:00,0.0026153,0.00266,0.0026015,0.0026372,158386993.0
2020-10-21 18:00:00,0.0026373,0.0026559,0.0026173,0.002623,110576098.0
2020-10-22 00:00:00,0.002623,0.0026789,0.0026159,0.0026515,120753103.0
2020-10-22 06:00:00,0.0026526,0.0026832,0.002641,0.0026649,57780385.0
2020-10-22 12:00:00,0.0026631,0.002693,0.002655,0.002668,61183251.0
2020-10-22 18:00:00,0.0026647,0.002676,0.0026365,0.002646,83342309.0
2020-10-23 00:00:00,0.0026453,0.0026785,0.0026387,0.0026661,47719093.0
2020-10-23 06:00:00,0.0026644,0.002679,0.0026466,0.002677,53626878.0
2020-10-23 12:00:00,0.0026766,0.0026889,0.0026225,0.0026399,90547702.0
2020-10-23 18:00:00,0.0026362,0.0026589,0.0026361,0.0026423,50670320.0
2020-10-24 00:00:00,0.0026423,0.002643,0.0026171,0.0026334,50597613.0
2020-10-24 06:00:00,0.0026311,0.0026336,0.00261,0.0026254,50987598.0
2020-10-24 12:00:00,0.0026262,0.002642,0.0026182,0.0026358,64876790.0
2020-10-24 18:00:00,0.0026382,0.002647,0.0026311,0.0026365,45978871.0
2020-10-25 00:00:00,0.0026354,0.002671,0.0026183,0.0026186,98666874.0
2020-10-25 06:00:00,0.0026184,0.002637,0.002617,0.002624,43136969.0
2020-10-25 12:00:00,0.0026239,0.0026749,0.0026203,0.0026506,125024236.0
2020-10-25 18:00:00,0.0026506,0.0026658,0.0026407,0.0026528,30226038.0
2020-10-26 00:00:00,0.0026529,0.0029115,0.002632,0.0028511,665463115.0
2020-10-26 06:00:00,0.0028511,0.0028734,0.0027817,0.0028173,389890995.0
2020-10-26 12:00:00,0.0028227,0.0028531,0.0026431,0.0026568,575861886.0
2020-10-26 18:00:00,0.0026546,0.0026965,0.002638,0.002665,247536409.0
2020-10-27 00:00:00,0.0026658,0.0027076,0.0026503,0.0026813,107989793.0
2020-10-27 06:00:00,0.0026816,0.002694,0.002615,0.0026785,212887758.0
2020-10-27 12:00:00,0.0026786,0.0027,0.0026665,0.0026705,164616532.0
2020-10-27 18:00:00,0.002671,0.002691,0.002651,0.0026702,92493115.0
2020-10-28 00:00:00,0.0026719,0.0026907,0.00266,0.0026786,66262310.0
2020-10-28 06:00:00,0.0026786,0.0026871,0.0026098,0.002621,134868458.0
2020-10-28 12:00:00,0.002618,0.002642,0.0025628,0.002585,195373314.0
2020-10-28 18:00:00,0.002585,0.0025944,0.0025676,0.0025801,41451498.0
2020-10-29 00:00:00,0.00258,0.0026117,0.0025745,0.002604,31643216.0
2020-10-29 06:00:00,0.0026017,0.002608,0.0025621,0.0025621,54223258.0
2020-10-29 12:00:00,0.0025623,0.0025968,0.0025061,0.0025862,164549443.0
2020-10-29 18:00:00,0.0025823,0.0025947,0.0025692,0.0025733,39180612.0
2020-10-30 00:00:00,0.0025726,0.0025984,0.0025275,0.002528,99795042.0
2020-10-30 06:00:00,0.0025314,0.0025839,0.002501,0.0025676,179732912.0
2020-10-30 12:00:00,0.002566,0.0025999,0.0025471,0.0025872,129764268.0
2020-10-30 18:00:00,0.00259,0.0026002,0.00258,0.0025833,31502177.0
2020-10-31 00:00:00,0.0025833,0.0026004,0.00255,0.0025582,97507185.0
2020-10-31 06:00:00,0.0025577,0.0025935,0.002552,0.0025689,76353126.0
2020-10-31 12:00:00,0.002566,0.0025897,0.0025602,0.0025689,39860458.0
2020-10-31 18:00:00,0.0025682,0.0025751,0.002561,0.0025666,46430164.0
2020-11-01 00:00:00,0.0025676,0.0025751,0.0025521,0.0025658,33282168.0
2020-11-01 06:00:00,0.002567,0.002575,0.002559,0.002571,33220753.0
2020-11-01 12:00:00,0.002573,0.002581,0.002563,0.0025717,29681629.0
2020-11-01 18:00:00,0.0025717,0.002586,0.0025668,0.0025745,36450860.0
2020-11-02 00:00:00,0.0025765,0.0025887,0.002565,0.0025672,42650025.0
2020-11-02 06:00:00,0.0025653,0.002575,0.0025248,0.0025307,95006864.0
2020-11-02 12:00:00,0.0025367,0.0025429,0.0025065,0.0025184,118301215.0
2020-11-02 18:00:00,0.0025151,0.0025292,0.0025093,0.0025162,35784871.0
2020-11-03 00:00:00,0.0025164,0.0025249,0.0024519,0.0025,138371194.0
2020-11-03 06:00:00,0.0025005,0.002515,0.0024917,0.0025066,49420754.0
2020-11-03 12:00:00,0.0025066,0.0025206,0.00249,0.0024964,90053964.0
2020-11-03 18:00:00,0.0024982,0.002531,0.0024933,0.0025141,54799079.0
2020-11-04 00:00:00,0.0025189,0.0025258,0.0024923,0.0025149,42343936.0
2020-11-04 06:00:00,0.0025111,0.0025295,0.002486,0.0025183,73844981.0
2020-11-04 12:00:00,0.002515,0.002565,0.002506,0.002542,120423657.0
2020-11-04 18:00:00,0.0025391,0.002565,0.002527,0.002546,42789717.0
2020-11-05 00:00:00,0.0025467,0.0025875,0.0025467,0.0025696,63885274.0
2020-11-05 06:00:00,0.002569,0.0026027,0.002556,0.0025935,76195390.0
2020-11-05 12:00:00,0.0025929,0.0026521,0.002582,0.002628,106035893.0
2020-11-05 18:00:00,0.0026286,0.0026769,0.0026158,0.0026347,94991297.0
2020-11-06 00:00:00,0.002635,0.002703,0.0026298,0.0026825,167467278.0
2020-11-06 06:00:00,0.0026803,0.0028116,0.002677,0.002807,339308683.0
2020-11-06 12:00:00,0.002805,0.0028201,0.002757,0.0027778,271753179.0
2020-11-06 18:00:00,0.0027777,0.0027879,0.0027212,0.002757,143491642.0
2020-11-07 00:00:00,0.0027578,0.002828,0.0027559,0.0028007,140044673.0
2020-11-07 06:00:00,0.0028036,0.0028424,0.0027661,0.0028014,126011468.0
2020-11-07 12:00:00,0.0027981,0.002822,0.00266,0.0026811,272310187.0
2020-11-07 18:00:00,0.0026798,0.0026936,0.002592,0.00267,209993705.0
2020-11-08 00:00:00,0.0026724,0.0027159,0.0026513,0.0027051,35441951.0
2020-11-08 06:00:00,0.0027082,0.0027377,0.002679,0.0027211,81277043.0
2020-11-08 12:00:00,0.0027247,0.002739,0.0027048,0.002734,89706005.0
2020-11-08 18:00:00,0.0027329,0.0027349,0.0026927,0.002707,37788599.0
2020-11-09 00:00:00,0.002707,0.002736,0.0026974,0.0027275,30708673.0
2020-11-09 06:00:00,0.0027241,0.0028095,0.0027,0.002783,119112920.0
2020-11-09 12:00:00,0.0027821,0.0027821,0.0026649,0.0027033,172587209.0
2020-11-09 18:00:00,0.002697,0.0027069,0.002657,0.002672,115688471.0
2020-11-10 00:00:00,0.0026671,0.002691,0.0026536,0.0026843,36751540.0
2020-11-10 06:00:00,0.0026835,0.002798,0.0026566,0.0027594,240247424.0
2020-11-10 12:00:00,0.0027552,0.0029198,0.0027363,0.0027929,409069327.0
2020-11-10 18:00:00,0.0027874,0.0028334,0.002751,0.002761,121023113.0
2020-11-11 00:00:00,0.0027601,0.00295,0.0027554,0.0027992,240387737.0
2020-11-11 06:00:00,0.0028001,0.002825,0.0027747,0.0028121,106927394.0
2020-11-11 12:00:00,0.0028144,0.0028466,0.0028097,0.0028259,129713115.0
2020-11-11 18:00:00,0.0028259,0.0028289,0.0027419,0.002758,83477017.0
2020-11-12 00:00:00,0.00276,0.002786,0.0027253,0.0027719,46744721.0
2020-11-12 06:00:00,0.0027668,0.002786,0.0027372,0.0027621,54210691.0
2020-11-12 12:00:00,0.0027666,0.0027832,0.0027416,0.0027478,54329968.0
2020-11-12 18:00:00,0.0027443,0.002802,0.002743,0.0027788,54491796.0
2020-11-13 00:00:00,0.0027791,0.0028175,0.00277,0.0027879,47405158.0
2020-11-13 06:00:00,0.0027841,0.0028248,0.0027666,0.0028003,69322606.0
2020-11-13 12:00:00,0.0028032,0.0028483,0.0028002,0.0028154,163839166.0
2020-11-13 18:00:00,0.0028161,0.0028454,0.0028042,0.0028114,92722473.0
2020-11-14 00:00:00,0.0028156,0.0028239,0.0027579,0.0027709,111545792.0
2020-11-14 06:00:00,0.0027708,0.0027829,0.002708,0.0027472,89371961.0
2020-11-14 12:00:00,0.002748,0.0027772,0.0027286,0.0027692,59753283.0
2020-11-14 18:00:00,0.0027737,0.0027828,0.0027561,0.0027689,47331666.0
2020-11-15 00:00:00,0.0027731,0.0027918,0.0027642,0.0027837,37193738.0
2020-11-15 06:00:00,0.0027839,0.0028285,0.0027679,0.0027867,105101567.0
2020-11-15 12:00:00,0.00278,0.0028,0.0027441,0.0027601,92875783.0
2020-11-15 18:00:00,0.0027562,0.0027952,0.0027221,0.0027718,88721462.0
2020-11-16 00:00:00,0.0027715,0.0027971,0.0027522,0.0027919,41504974.0
2020-11-16 06:00:00,0.00279,0.0028418,0.00277,0.0028326,188925857.0
2020-11-16 12:00:00,0.0028328,0.0030452,0.0028306,0.0029089,904564809.0
2020-11-16 18:00:00,0.0029088,0.002914,0.0028555,0.00289,210731047.0
2020-11-17 00:00:00,0.0028936,0.0029536,0.0028832,0.002923,78622682.0
2020-11-17 06:00:00,0.0029229,0.0029551,0.0028851,0.002897,165879483.0
2020-11-17 12:00:00,0.0029023,0.0029631,0.0028901,0.002923,428896016.0
2020-11-17 18:00:00,0.002925,0.0030094,0.0029001,0.0029398,247489142.0
2020-11-18 00:00:00,0.0029385,0.003021,0.00281,0.0028581,304068005.0
2020-11-18 06:00:00,0.0028626,0.0029317,0.0028322,0.002915,301103852.0
2020-11-18 12:00:00,0.0029141,0.0029734,0.0028446,0.0029122,266618409.0
2020-11-18 18:00:00,0.0029066,0.0029264,0.00289,0.0029085,143878361.0
2020-11-19 00:00:00,0.002909,0.0029466,0.0028837,0.0029209,123225548.0
2020-11-19 06:00:00,0.0029209,0.002926,0.0028549,0.0029063,124261840.0
2020-11-19 12:00:00,0.0029065,0.0029689,0.0028951,0.002935,173246257.0
2020-11-19 18:00:00,0.002935,0.002942,0.0028708,0.0029068,146575040.0
2020-11-20 00:00:00,0.0029096,0.0029294,0.0029009,0.002927,54939063.0
2020-11-20 06:00:00,0.0029267,0.0029704,0.0029005,0.0029461,193005188.0
2020-11-20 12:00:00,0.0029462,0.0030225,0.002935,0.0030203,342052168.0
2020-11-20 18:00:00,0.0030203,0.0030245,0.002959,0.002987,290387526.0
2020-11-21 00:00:00,0.0029872,0.003324,0.0029796,0.0031832,809694393.0
2020-11-21 06:00:00,0.0031806,0.0033639,0.0031607,0.0033051,650507879.0
2020-11-21 12:00:00,0.0033039,0.0036062,0.003271,0.0034517,1313419895.0
2020-11-21 18:00:00,0.0034564,0.0035611,0.0033888,0.0035132,514873878.0
2020-11-22 00:00:00,0.0035091,0.00369,0.003269,0.0032871,747794844.0
2020-11-22 06:00:00,0.0032916,0.0033714,0.0031507,0.0032029,551985925.0
2020-11-22 12:00:00,0.0032001,0.0034322,0.0031783,0.0034091,448829614.0
2020-11-22 18:00:00,0.0034099,0.0035092,0.0033045,0.0033415,373328330.0
2020-11-23 00:00:00,0.0033416,0.0033922,0.0032201,0.0033581,432950637.0
2020-11-23 06:00:00,0.0033549,0.0034929,0.0032961,0.0034518,416172771.0
2020-11-23 12:00:00,0.0034492,0.0034549,0.0033152,0.003406,317506757.0
2020-11-23 18:00:00,0.0034045,0.0037,0.0033148,0.0036845,814744764.0
2020-11-24 00:00:00,0.0036894,0.0042526,0.0035622,0.0041067,1980094551.0
2020-11-24 06:00:00,0.004104,0.0041971,0.0035,0.0037579,2004800414.0
2020-11-24 12:00:00,0.0037576,0.0042,0.00363,0.0040462,1220955029.0
2020-11-24 18:00:00,0.0040461,0.0042925,0.0038798,0.0042592,687373311.0
2020-11-25 00:00:00,0.0042589,0.0042978,0.0038244,0.0039787,776310922.0
2020-11-25 06:00:00,0.0039788,0.004099,0.0039569,0.0040509,577258566.0
2020-11-25 12:00:00,0.0040509,0.00415,0.0039418,0.0040397,690826360.0
2020-11-25 18:00:00,0.0040398,0.004121,0.003581,0.0037081,784182446.0
2020-11-26 00:00:00,0.0037139,0.0037979,0.0031035,0.0033468,1080902708.0
2020-11-26 06:00:00,0.0033463,0.003404,0.0029395,0.0032378,1072480353.0
2020-11-26 12:00:00,0.0032357,0.0033416,0.0029764,0.0030436,600523908.0
2020-11-26 18:00:00,0.003036,0.0033336,0.00295,0.0032492,494450786.0
2020-11-27 00:00:00,0.003256,0.0033656,0.0032007,0.0033171,232612028.0
2020-11-27 06:00:00,0.003324,0.0033483,0.00313,0.0031542,328748219.0
2020-11-27 12:00:00,0.003154,0.0032307,0.0030763,0.003127,235169866.0
2020-11-27 18:00:00,0.003127,0.00328,0.0031258,0.0032752,222674031.0
2020-11-28 00:00:00,0.0032752,0.003313,0.003236,0.0032753,95740667.0
2020-11-28 06:00:00,0.0032754,0.0033603,0.0032512,0.0033548,117142109.0
2020-11-28 12:00:00,0.0033539,0.0034841,0.0033443,0.0034231,376036458.0
2020-11-28 18:00:00,0.0034221,0.0034349,0.0033558,0.0033945,126413872.0
2020-11-29 00:00:00,0.0033946,0.0034139,0.00335,0.0033828,92339133.0
2020-11-29 06:00:00,0.0033853,0.0035384,0.0033646,0.0034926,229655088.0
2020-11-29 12:00:00,0.0034917,0.0035054,0.003375,0.00341,134175351.0
2020-11-29 18:00:00,0.0034121,0.0034696,0.0033991,0.0034365,120892882.0
2020-11-30 00:00:00,0.0034427,0.0035955,0.0034427,0.003524,217085953.0
2020-11-30 06:00:00,0.0035187,0.0035615,0.0034001,0.0034825,132546883.0
2020-11-30 12:00:00,0.0034879,0.0035945,0.0034133,0.0035398,332955467.0
2020-11-30 18:00:00,0.0035445,0.003575,0.0034814,0.003561,164951001.0
2020-12-01 00:00:00,0.0035597,0.003575,0.0034236,0.0035042,218701992.0
2020-12-01 06:00:00,0.0034982,0.00358,0.0034199,0.0034946,264865550.0
2020-12-01 12:00:00,0.0034932,0.00351,0.0032276,0.0033639,455482151.0
2020-12-01 18:00:00,0.0033611,0.003411,0.0033099,0.0033211,94633606.0
2020-12-02 00:00:00,0.003324,0.0034261,0.0032642,0.0033696,204422379.0
2020-12-02 06:00:00,0.0033631,0.0034423,0.0033574,0.0033964,126866945.0
2020-12-02 12:00:00,0.0033949,0.0034115,0.0033045,0.003359,150512895.0
2020-12-02 18:00:00,0.003359,0.0033906,0.0033351,0.0033624,109698818.0
2020-12-03 00:00:00,0.003365,0.0034293,0.003345,0.003357,128652300.0
2020-12-03 06:00:00,0.003358,0.0035481,0.003349,0.0035001,190014149.0
2020-12-03 12:00:00,0.0035001,0.0035393,0.0033749,0.0034128,252071875.0
2020-12-03 18:00:00,0.0034112,0.003449,0.003403,0.003429,91946892.0
2020-12-04 00:00:00,0.003423,0.0034335,0.00336,0.0034091,82501103.0
2020-12-04 06:00:00,0.0034091,0.0034484,0.0032727,0.0032782,171598513.0
2020-12-04 12:00:00,0.0032859,0.0033907,0.0032705,0.0033656,199703488.0
2020-12-04 18:00:00,0.0033728,0.003377,0.0032752,0.003283,118366135.0
2020-12-05 00:00:00,0.0032821,0.003364,0.00325,0.0033546,82570695.0
2020-12-05 06:00:00,0.0033547,0.0034,0.0033389,0.0033658,86689547.0
2020-12-05 12:00:00,0.0033661,0.0034153,0.00335,0.003405,114457787.0
2020-12-05 18:00:00,0.0033994,0.0034147,0.00337,0.0033917,85706869.0
2020-12-06 00:00:00,0.003392,0.0034199,0.00337,0.003391,74319684.0
2020-12-06 06:00:00,0.0033871,0.0034424,0.0033545,0.0033925,70542408.0
2020-12-06 12:00:00,0.0033972,0.0034161,0.0033461,0.003406,89586415.0
2020-12-06 18:00:00,0.0034041,0.0034118,0.003371,0.0033857,51281047.0
2020-12-07 00:00:00,0.0033881,0.0033949,0.0033556,0.0033818,64658220.0
2020-12-07 06:00:00,0.0033818,0.003388,0.0033601,0.0033701,69176933.0
2020-12-07 12:00:00,0.0033701,0.0033985,0.0033531,0.00336,86821267.0
2020-12-07 18:00:00,0.00336,0.00336,0.0033,0.003336,91949367.0
2020-12-08 00:00:00,0.003336,0.0033607,0.0033118,0.0033591,80135160.0
2020-12-08 06:00:00,0.0033607,0.0033624,0.003201,0.0032366,249915797.0
2020-12-08 12:00:00,0.003239,0.003283,0.003219,0.0032612,67944693.0
2020-12-08 18:00:00,0.0032593,0.0032593,0.0031105,0.0031723,123547831.0
2020-12-09 00:00:00,0.0031725,0.003175,0.003075,0.0030894,103472429.0
2020-12-09 06:00:00,0.0030896,0.0031597,0.0030037,0.0031411,195460491.0
2020-12-09 12:00:00,0.003143,0.0031849,0.00311,0.0031346,79046543.0
2020-12-09 18:00:00,0.0031387,0.0031851,0.0030979,0.0031562,63130485.0
2020-12-10 00:00:00,0.0031563,0.003171,0.0031228,0.0031354,52465025.0
2020-12-10 06:00:00,0.0031355,0.0031671,0.0031024,0.0031099,51585521.0
2020-12-10 12:00:00,0.0031135,0.0031351,0.003059,0.0031025,59167296.0
2020-12-10 18:00:00,0.0031025,0.0031261,0.0030965,0.0031043,105133812.0
2020-12-11 00:00:00,0.0031091,0.0031171,0.00305,0.0030888,101331583.0
2020-12-11 06:00:00,0.0030859,0.0030899,0.0029985,0.003,73812500.0
2020-12-11 12:00:00,0.0029998,0.0030919,0.0029969,0.003064,87659153.0
2020-12-11 18:00:00,0.0030673,0.0031,0.0030536,0.0030732,65655542.0
2020-12-12 00:00:00,0.0030732,0.0031725,0.0030732,0.003156,64961893.0
2020-12-12 06:00:00,0.0031558,0.0031809,0.0031536,0.0031777,75359318.0
2020-12-12 12:00:00,0.0031777,0.0031787,0.0030964,0.0031621,142871311.0
2020-12-12 18:00:00,0.0031617,0.00319,0.0031592,0.0031609,51333550.0
2020-12-13 00:00:00,0.0031631,0.0031718,0.0031479,0.0031636,20443037.0
2020-12-13 06:00:00,0.0031646,0.0032294,0.0031575,0.0032037,88153817.0
2020-12-13 12:00:00,0.0032044,0.003262,0.0031959,0.0032535,153681609.0
2020-12-13 18:00:00,0.0032555,0.0032776,0.0032321,0.00326,112122887.0
2020-12-14 00:00:00,0.0032604,0.0032888,0.00324,0.0032574,55473571.0
2020-12-14 06:00:00,0.0032584,0.0032748,0.0032205,0.0032324,55688414.0
2020-12-14 12:00:00,0.0032338,0.0032418,0.003191,0.0032256,80499303.0
2020-12-14 18:00:00,0.0032274,0.0032526,0.0032014,0.003226,105685997.0
2020-12-15 00:00:00,0.003225,0.0032516,0.0031611,0.0031788,98058617.0
2020-12-15 06:00:00,0.0031788,0.0032123,0.0031701,0.0031942,70535692.0
2020-12-15 12:00:00,0.003196,0.0032318,0.0031941,0.003221,45914237.0
2020-12-15 18:00:00,0.0032214,0.0032302,0.0031923,0.0032078,59355280.0
2020-12-16 00:00:00,0.0032073,0.003222,0.00318,0.0031923,45854002.0
2020-12-16 06:00:00,0.0031924,0.0032624,0.0031924,0.0032511,52719157.0
2020-12-16 12:00:00,0.0032506,0.0033392,0.003225,0.0033203,205820539.0
2020-12-16 18:00:00,0.0033206,0.0034448,0.0033055,0.0034183,243392396.0
2020-12-17 00:00:00,0.0034179,0.0034756,0.003404,0.0034567,210413260.0
2020-12-17 06:00:00,0.0034523,0.0035635,0.0034136,0.0035261,378807970.0
2020-12-17 12:00:00,0.0035234,0.0041458,0.0035177,0.0039145,1876990554.0
2020-12-17 18:00:00,0.0039145,0.0040322,0.0036826,0.003722,955376415.0
2020-12-18 00:00:00,0.0037182,0.0038232,0.0035975,0.0038122,314474142.0
2020-12-18 06:00:00,0.0038122,0.0039,0.0036835,0.0037422,309192835.0
2020-12-18 12:00:00,0.0037407,0.0039976,0.003696,0.0038091,591728131.0
2020-12-18 18:00:00,0.003809,0.0038694,0.003753,0.0038675,194401526.0
2020-12-19 00:00:00,0.0038646,0.00399,0.0037981,0.003917,262670549.0
2020-12-19 06:00:00,0.0039163,0.0040379,0.0038723,0.0039007,309972933.0
2020-12-19 12:00:00,0.0038973,0.0040288,0.0037952,0.0039717,490364858.0
2020-12-19 18:00:00,0.0039717,0.0040001,0.0038564,0.0039291,323289164.0
2020-12-20 00:00:00,0.0039264,0.0039316,0.0038,0.0038877,188375095.0
2020-12-20 06:00:00,0.003885,0.0047496,0.0038734,0.0043923,4594985197.0
2020-12-20 12:00:00,0.0043923,0.0046351,0.0041947,0.0044925,3111330053.0
2020-12-20 18:00:00,0.0044919,0.0047,0.00438,0.0046381,2112705552.0
2020-12-21 00:00:00,0.0046405,0.005474,0.0046116,0.00496,3643761273.0
2020-12-21 06:00:00,0.0049639,0.0055,0.0045795,0.0046658,4006067795.0
2020-12-21 12:00:00,0.0046694,0.0046759,0.004255,0.0045665,978548304.0
2020-12-21 18:00:00,0.0045665,0.0051917,0.0045578,0.0047784,1735524006.0
2020-12-22 00:00:00,0.0047747,0.0048479,0.00459,0.0046182,590239409.0
2020-12-22 06:00:00,0.004624,0.0046777,0.00433,0.0046399,966730462.0
2020-12-22 12:00:00,0.0046341,0.0047809,0.00455,0.0045713,717877879.0
2020-12-22 18:00:00,0.0045752,0.0045889,0.0044092,0.0045159,405003774.0
2020-12-23 00:00:00,0.0045168,0.0048,0.0043805,0.0044539,617909585.0
2020-12-23 06:00:00,0.0044539,0.0045185,0.00408,0.0041677,831157845.0
2020-12-23 12:00:00,0.0041629,0.0043717,0.0040006,0.0040975,498829862.0
2020-12-23 18:00:00,0.004095,0.0041155,0.003623,0.0037449,726352165.0
2020-12-24 00:00:00,0.0037561,0.0039342,0.0036599,0.0039081,453977012.0
2020-12-24 06:00:00,0.0039089,0.0040354,0.0037921,0.0040138,251689462.0
2020-12-24 12:00:00,0.0040138,0.0044333,0.004,0.0043239,595028143.0
2020-12-24 18:00:00,0.004326,0.0045999,0.0043142,0.0045731,677872130.0
2020-12-25 00:00:00,0.0045753,0.004598,0.004445,0.00446,268468814.0
2020-12-25 06:00:00,0.0044601,0.0045722,0.004433,0.004548,446288602.0
2020-12-25 12:00:00,0.0045488,0.0046125,0.0043661,0.0045585,649468048.0
2020-12-25 18:00:00,0.0045585,0.004643,0.0044563,0.0045549,300639152.0
2020-12-26 00:00:00,0.0045607,0.0046879,0.0044402,0.004513,463797320.0
2020-12-26 06:00:00,0.0045157,0.0045556,0.0043963,0.0044675,444894915.0
2020-12-26 12:00:00,0.0044626,0.004625,0.0044063,0.0045072,484308807.0
2020-12-26 18:00:00,0.0045137,0.0045803,0.00445,0.0045131,308025405.0
2020-12-27 00:00:00,0.004513,0.00472,0.0044919,0.0045975,429828197.0
2020-12-27 06:00:00,0.004598,0.0046689,0.004423,0.0044742,317557087.0
2020-12-27 12:00:00,0.004474,0.0048231,0.0044,0.0046437,844051978.0
2020-12-27 18:00:00,0.0046436,0.004658,0.0044335,0.004547,251812513.0
2020-12-28 00:00:00,0.0045472,0.00469,0.004508,0.0046105,184190072.0
2020-12-28 06:00:00,0.0046105,0.0047308,0.0045695,0.0046999,295416027.0
2020-12-28 12:00:00,0.0046975,0.0047355,0.004543,0.004631,312558561.0
2020-12-28 18:00:00,0.004622,0.004655,0.0045,0.0046015,282435371.0
2020-12-29 00:00:00,0.0046015,0.0046295,0.0043246,0.0044418,382698993.0
2020-12-29 06:00:00,0.0044399,0.0045335,0.004375,0.0044701,178379210.0
2020-12-29 12:00:00,0.0044756,0.00455,0.0042412,0.0043856,346412613.0
2020-12-29 18:00:00,0.00438,0.0045012,0.0043383,0.0045012,164265049.0
2020-12-30 00:00:00,0.0044901,0.0046019,0.0044542,0.0045066,234048728.0
2020-12-30 06:00:00,0.0045066,0.0045982,0.0044165,0.0045418,285347996.0
2020-12-30 12:00:00,0.0045382,0.0046816,0.0044797,0.0046077,343469482.0
2020-12-30 18:00:00,0.0046077,0.00474,0.00457,0.0046251,256121545.0
2020-12-31 00:00:00,0.0046251,0.0047577,0.004537,0.0045985,403606866.0
2020-12-31 06:00:00,0.004598,0.0047593,0.0045959,0.0046648,181863509.0
2020-12-31 12:00:00,0.004665,0.00468,0.00452,0.0046247,206733668.0
2020-12-31 18:00:00,0.0046207,0.0047336,0.0046201,0.0046709,137792017.0
2021-01-01 00:00:00,0.0046716,0.005,0.004601,0.0049419,450303697.0
2021-01-01 06:00:00,0.0049417,0.0049699,0.0047724,0.0048942,233330667.0
2021-01-01 12:00:00,0.0048911,0.0050844,0.0048632,0.0049828,443508905.0
2021-01-01 18:00:00,0.0049828,0.005697,0.00493,0.00568,1892574694.0
2021-01-02 00:00:00,0.0056783,0.007977,0.005524,0.0072017,7405867690.0
2021-01-02 06:00:00,0.0072,0.0074167,0.0064886,0.0072641,4888099758.0
2021-01-02 12:00:00,0.0072766,0.0101,0.00672,0.0099805,11812860968.0
2021-01-02 18:00:00,0.0099803,0.013988,0.0084666,0.0105264,22226518839.0
2021-01-03 00:00:00,0.0105245,0.0125209,0.0092693,0.0120575,7333110849.0
2021-01-03 06:00:00,0.0120699,0.01333,0.0110676,0.0131251,7087876204.0
2021-01-03 12:00:00,0.0131248,0.01405,0.010136,0.0109876,10046780421.0
2021-01-03 18:00:00,0.0109695,0.0111988,0.009344,0.0098209,5181041442.0
2021-01-04 00:00:00,0.0098188,0.0115198,0.0096472,0.0100671,3459407178.0
2021-01-04 06:00:00,0.0100675,0.0104499,0.0076,0.0088666,4871590309.0
2021-01-04 12:00:00,0.0088666,0.0105,0.0086135,0.0092269,4314638454.0
2021-01-04 18:00:00,0.0092629,0.0099217,0.009262,0.0097613,1682393500.0
2021-01-05 00:00:00,0.0097721,0.0102822,0.0089716,0.0090613,1582353142.0
2021-01-05 06:00:00,0.0090654,0.0099334,0.0088501,0.0099142,1320669846.0
2021-01-05 12:00:00,0.009919,0.009985,0.00915,0.00968,1156223400.0
2021-01-05 18:00:00,0.0096822,0.0102822,0.0093638,0.00997,1367889284.0
2021-01-06 00:00:00,0.0099771,0.011,0.0096229,0.010438,2226575948.0
2021-01-06 06:00:00,0.010433,0.0107819,0.00997,0.010277,1339652535.0
2021-01-06 12:00:00,0.0102756,0.0104823,0.009865,0.0104823,1389304737.0
2021-01-06 18:00:00,0.010485,0.0106,0.0095521,0.01042,1153361286.0
2021-01-07 00:00:00,0.0104187,0.0105735,0.009945,0.0100532,973128365.0
2021-01-07 06:00:00,0.0100541,0.0101249,0.009827,0.009998,640771606.0
2021-01-07 12:00:00,0.0099991,0.0104686,0.0099338,0.0100392,841725178.0
2021-01-07 18:00:00,0.0100392,0.0100799,0.0087999,0.0097439,1068372865.0
2021-01-08 00:00:00,0.0097517,0.0098764,0.0088047,0.0093246,750935334.0
2021-01-08 06:00:00,0.0093145,0.0099,0.0091052,0.0096354,549000626.0
2021-01-08 12:00:00,0.0096295,0.00965,0.00912,0.0094163,647077605.0
2021-01-08 18:00:00,0.009416,0.010318,0.0090514,0.00974,1024753032.0
2021-01-09 00:00:00,0.0097475,0.010318,0.0096973,0.0098809,970411755.0
2021-01-09 06:00:00,0.0098621,0.01079,0.0096486,0.0101637,1205855254.0
2021-01-09 12:00:00,0.010175,0.0106233,0.0098,0.0100438,826854716.0
2021-01-09 18:00:00,0.0100439,0.0106094,0.009985,0.0101789,703286535.0
2021-01-10 00:00:00,0.010189,0.0104599,0.010131,0.0103132,532991519.0
2021-01-10 06:00:00,0.0103132,0.0109155,0.0097595,0.00985,1228188355.0
2021-01-10 12:00:00,0.00985,0.0103,0.0096,0.0098633,680268157.0
2021-01-10 18:00:00,0.009874,0.010039,0.0089534,0.00982,671957941.0
2021-01-11 00:00:00,0.0098162,0.0098455,0.0084936,0.0088874,891705942.0
2021-01-11 06:00:00,0.0088747,0.0093791,0.0080024,0.0088738,1230430751.0
2021-01-11 12:00:00,0.0088923,0.0092045,0.0067094,0.007848,2461176404.0
2021-01-11 18:00:00,0.0078361,0.0089194,0.0072398,0.0088326,1257596295.0
2021-01-12 00:00:00,0.0088104,0.0088406,0.0081843,0.0088017,624229837.0
2021-01-12 06:00:00,0.0088255,0.0091394,0.0082886,0.0084568,608721431.0
2021-01-12 12:00:00,0.0084552,0.0087093,0.0078217,0.0083623,732949020.0
2021-01-12 18:00:00,0.0083631,0.0084252,0.00786,0.0080807,560192527.0
2021-01-13 00:00:00,0.0080806,0.0081,0.00777,0.0079,517178804.0
2021-01-13 06:00:00,0.0079,0.0083619,0.0079,0.008147,397169688.0
2021-01-13 12:00:00,0.008147,0.008247,0.00805,0.0081394,345327924.0
2021-01-13 18:00:00,0.0081399,0.0087,0.008086,0.0086738,558680630.0
2021-01-14 00:00:00,0.008679,0.00881,0.0083105,0.0083952,351845964.0
2021-01-14 06:00:00,0.0083952,0.0087,0.00838,0.0085119,382582103.0
2021-01-14 12:00:00,0.0085001,0.0101,0.0085,0.0091653,2062578085.0
2021-01-14 18:00:00,0.009165,0.0097953,0.0089553,0.0093907,1203184091.0
2021-01-15 00:00:00,0.0093931,0.0097,0.009229,0.0092363,684428864.0
2021-01-15 06:00:00,0.0092325,0.0098443,0.0091768,0.0094733,727024065.0
2021-01-15 12:00:00,0.0094904,0.0095164,0.0083123,0.0091471,1299538863.0
2021-01-15 18:00:00,0.0091358,0.009407,0.0088844,0.0093525,525594265.0
2021-01-16 00:00:00,0.0093568,0.0094999,0.009082,0.0092497,362501420.0
2021-01-16 06:00:00,0.0092489,0.0095675,0.0092101,0.0093788,313790346.0
2021-01-16 12:00:00,0.0093777,0.0094297,0.009118,0.00928,563646163.0
2021-01-16 18:00:00,0.0092692,0.0093399,0.0090727,0.0092374,400158277.0
2021-01-17 00:00:00,0.0092374,0.0093852,0.0090048,0.0090712,343293631.0
2021-01-17 06:00:00,0.0090818,0.0091761,0.008779,0.0090879,423064422.0
2021-01-17 12:00:00,0.0090914,0.009285,0.0089027,0.009194,302883022.0
2021-01-17 18:00:00,0.0091949,0.0093957,0.0090495,0.0090987,369136507.0
2021-01-18 00:00:00,0.0090987,0.00917,0.008935,0.0090891,288455626.0
2021-01-18 06:00:00,0.009085,0.00932,0.0089852,0.0091127,360103311.0
2021-01-18 12:00:00,0.0091193,0.0092645,0.0090011,0.0090796,331671773.0
2021-01-18 18:00:00,0.0090831,0.0092225,0.0090555,0.0091782,175924031.0
2021-01-19 00:00:00,0.0091782,0.0092882,0.0090621,0.0092444,224956664.0
2021-01-19 06:00:00,0.0092424,0.0096757,0.0092087,0.0093746,760981189.0
2021-01-19 12:00:00,0.0093746,0.0094195,0.00896,0.0091427,502295435.0
2021-01-19 18:00:00,0.0091343,0.0092383,0.0090001,0.0090428,261207133.0
2021-01-20 00:00:00,0.0090428,0.009144,0.0087899,0.0090327,295211798.0
2021-01-20 06:00:00,0.009032,0.0091432,0.008618,0.008686,351516601.0
2021-01-20 12:00:00,0.0086936,0.008995,0.0085,0.0088985,336352241.0
2021-01-20 18:00:00,0.0088985,0.0091,0.00888,0.0090487,178973474.0
2021-01-21 00:00:00,0.0090589,0.0091,0.0087439,0.0088988,110739242.0
2021-01-21 06:00:00,0.0088939,0.0089815,0.00834,0.008489,416599291.0
2021-01-21 12:00:00,0.0084836,0.008655,0.0082222,0.0084116,378859975.0
2021-01-21 18:00:00,0.0084114,0.0086209,0.0080301,0.0081581,352783740.0
2021-01-22 00:00:00,0.0081581,0.0084596,0.0075639,0.0084206,472688224.0
2021-01-22 06:00:00,0.0084249,0.0084869,0.0080814,0.0083925,210327385.0
2021-01-22 12:00:00,0.0084063,0.0087708,0.008406,0.0086238,235626629.0
2021-01-22 18:00:00,0.0086467,0.0087116,0.0084226,0.0085075,234051727.0
2021-01-23 00:00:00,0.0085092,0.0087697,0.00835,0.008755,138924413.0
2021-01-23 06:00:00,0.0087688,0.0088324,0.0084109,0.0084617,206600666.0
2021-01-23 12:00:00,0.0084514,0.0086429,0.0083623,0.0086424,189262527.0
2021-01-23 18:00:00,0.00864,0.0087674,0.0085081,0.0085779,183924558.0
2021-01-24 00:00:00,0.0085822,0.0087631,0.0085,0.0086833,114368643.0
2021-01-24 06:00:00,0.0086879,0.0089672,0.0085982,0.0088863,206929735.0
2021-01-24 12:00:00,0.0088863,0.008951,0.0085211,0.0087569,355338414.0
2021-01-24 18:00:00,0.0087499,0.0087508,0.0085125,0.0087135,224866471.0
2021-01-25 00:00:00,0.0087206,0.0088259,0.0086536,0.0087777,142495958.0
2021-01-25 06:00:00,0.0087729,0.00882,0.0085555,0.0086502,196070151.0
2021-01-25 12:00:00,0.0086567,0.0089172,0.0084864,0.0085436,403424556.0
2021-01-25 18:00:00,0.0085464,0.008588,0.0081795,0.0083509,256153456.0
2021-01-26 00:00:00,0.0083341,0.0084615,0.0081432,0.0083478,191655369.0
2021-01-26 06:00:00,0.0083389,0.0083856,0.008155,0.0083139,147654413.0
2021-01-26 12:00:00,0.0083089,0.0083328,0.0079523,0.0082737,240703819.0
2021-01-26 18:00:00,0.0082738,0.00832,0.0080514,0.0082472,139475434.0
2021-01-27 00:00:00,0.0082472,0.0082482,0.00798,0.0080287,98969360.0
2021-01-27 06:00:00,0.0080276,0.0081321,0.0078013,0.0078169,154337549.0
2021-01-27 12:00:00,0.0078154,0.00787,0.007257,0.0075247,510831368.0
2021-01-27 18:00:00,0.007525,0.0075959,0.0073243,0.0074124,357266970.0
2021-01-28 00:00:00,0.0074104,0.0145,0.007288,0.012464,10268821948.0
2021-01-28 06:00:00,0.0124545,0.0132797,0.01021,0.0126687,14638219021.0
2021-01-28 12:00:00,0.0126687,0.028,0.0113,0.0190068,42950682760.0
2021-01-28 18:00:00,0.0190069,0.0374849,0.0190068,0.0364995,35132071374.0
2021-01-29 00:00:00,0.036442,0.0875,0.0313,0.0695662,41259804512.0
2021-01-29 06:00:00,0.0695889,0.0738,0.0352,0.0499009,29508825850.0
2021-01-29 12:00:00,0.0499529,0.0695,0.0405001,0.0451,22711917585.0
2021-01-29 18:00:00,0.0451,0.0598888,0.0388888,0.0459059,15593145284.0
2021-01-30 00:00:00,0.0459059,0.0508804,0.0281004,0.0318444,15258530429.0
2021-01-30 06:00:00,0.031845,0.0382,0.0288052,0.0327464,12272410301.0
2021-01-30 12:00:00,0.0327351,0.0352,0.0252255,0.0285728,11421975369.0
2021-01-30 18:00:00,0.0285285,0.03482,0.0222001,0.02826,15606472470.0
2021-01-31 00:00:00,0.0282428,0.0313515,0.0267661,0.0289343,6445395551.0
2021-01-31 06:00:00,0.0289343,0.0298,0.0273399,0.0285198,3943588793.0
2021-01-31 12:00:00,0.0285276,0.0348,0.027011,0.0341937,9549565430.0
2021-01-31 18:00:00,0.0341232,0.0494843,0.0314256,0.037,24639247955.0
2021-02-01 00:00:00,0.0369623,0.041986,0.0341003,0.0406851,7277459087.0
2021-02-01 06:00:00,0.0406847,0.042,0.0365,0.0393001,5988224274.0
2021-02-01 12:00:00,0.0393001,0.0438268,0.03777,0.0389101,6473136057.0
2021-02-01 18:00:00,0.0389,0.0389156,0.0328615,0.0348173,4129618204.0
2021-02-02 00:00:00,0.0348233,0.0352666,0.02877,0.0335022,4118990907.0
2021-02-02 06:00:00,0.0335068,0.035294,0.0325201,0.0332653,2210046016.0
2021-02-02 12:00:00,0.0332455,0.0338958,0.0301561,0.0315028,2985970018.0
2021-02-02 18:00:00,0.0315212,0.0324596,0.03016,0.0313489,2235241811.0
2021-02-03 00:00:00,0.0313489,0.034,0.031238,0.0324363,2062417635.0
2021-02-03 06:00:00,0.0324519,0.0330374,0.0318008,0.032184,978744983.0
2021-02-03 12:00:00,0.0321683,0.033,0.0307918,0.0321256,2108114988.0
2021-02-03 18:00:00,0.0321,0.0397836,0.0318265,0.0372597,7811509616.0
2021-02-04 00:00:00,0.0372327,0.0433872,0.0358367,0.0394809,5642424314.0
2021-02-04 06:00:00,0.0394809,0.0598,0.0394648,0.053986,23737277035.0
2021-02-04 12:00:00,0.053959,0.0539999,0.0414729,0.047698,13280197659.0
2021-02-04 18:00:00,0.0476648,0.0566666,0.0464151,0.0529081,6135743511.0
2021-02-05 00:00:00,0.0528149,0.05434,0.0431516,0.0465643,8500577956.0
2021-02-05 06:00:00,0.0465226,0.0473,0.0432651,0.0458599,3080136720.0
2021-02-05 12:00:00,0.0458693,0.04789,0.0445202,0.0452671,3140634397.0
2021-02-05 18:00:00,0.0452874,0.04748,0.0445907,0.0467193,1838730099.0
2021-02-06 00:00:00,0.0467527,0.0513005,0.0444191,0.0492629,4310921114.0
2021-02-06 06:00:00,0.0492629,0.050884,0.0478518,0.04888,2943638972.0
2021-02-06 12:00:00,0.0488921,0.0515,0.048537,0.0506,2655980106.0
2021-02-06 18:00:00,0.0506335,0.0588683,0.0496007,0.0576559,7341945652.0
2021-02-07 00:00:00,0.0576579,0.06565,0.0531446,0.0563561,9804163001.0
2021-02-07 06:00:00,0.0563532,0.063,0.0563263,0.0605405,5320125205.0
2021-02-07 12:00:00,0.06054,0.072,0.0592457,0.069925,8656650448.0
2021-02-07 18:00:00,0.0699999,0.087297,0.0681501,0.0779247,15056907644.0
2021-02-08 00:00:00,0.0779851,0.0781721,0.0622214,0.0708246,10082572387.0
2021-02-08 06:00:00,0.0708246,0.0777777,0.067507,0.0750233,4877515519.0
2021-02-08 12:00:00,0.0750461,0.0853555,0.07,0.078758,7466047343.0
2021-02-08 18:00:00,0.0787199,0.0819,0.07562,0.0787,3960884098.0
2021-02-09 00:00:00,0.0787384,0.0838001,0.0777108,0.0813792,2707267828.0
2021-02-09 06:00:00,0.0813479,0.08139,0.0767,0.07955,2593740997.0
2021-02-09 12:00:00,0.0795563,0.0809,0.063,0.0703788,6210437460.0
2021-02-09 18:00:00,0.070376,0.0748,0.0673999,0.0700121,3091252696.0
2021-02-10 00:00:00,0.0700122,0.0746,0.069,0.0739774,2226542993.0
2021-02-10 06:00:00,0.0739762,0.0765615,0.0708517,0.072,2627618528.0
2021-02-10 12:00:00,0.072,0.0816496,0.066,0.0737162,7205384031.0
2021-02-10 18:00:00,0.0737162,0.0748752,0.0716027,0.0725527,2096766878.0
2021-02-11 00:00:00,0.0725523,0.07335,0.0710008,0.072683,606440213.0
2021-02-11 06:00:00,0.0726833,0.0755622,0.0710383,0.0728141,1830135208.0
2021-02-11 12:00:00,0.0728,0.073525,0.07,0.0705217,2134735586.0
2021-02-11 18:00:00,0.0705361,0.0711,0.068,0.069583,1755842984.0
2021-02-12 00:00:00,0.0695853,0.0699178,0.0608,0.0673,2691087559.0
2021-02-12 06:00:00,0.067306,0.0685019,0.064551,0.0677495,1502369779.0
2021-02-12 12:00:00,0.0677495,0.069311,0.0662463,0.0678942,1338521706.0
2021-02-12 18:00:00,0.0678901,0.07298,0.067383,0.0697675,1985753555.0
2021-02-13 00:00:00,0.069778,0.071709,0.068414,0.0691977,951620751.0
2021-02-13 06:00:00,0.0691966,0.0701605,0.0658575,0.0674742,1153197671.0
2021-02-13 12:00:00,0.0674494,0.06985,0.066865,0.0677233,843603258.0
2021-02-13 18:00:00,0.0677147,0.0686045,0.0656,0.0662405,896027669.0
2021-02-14 00:00:00,0.0662372,0.0664663,0.06275,0.0648,1083829599.0
2021-02-14 06:00:00,0.0648,0.066049,0.0631632,0.0636482,981164918.0
2021-02-14 12:00:00,0.0636666,0.0638,0.055558,0.059,3822760568.0
2021-02-14 18:00:00,0.059,0.065,0.056789,0.0626783,2341403177.0
2021-02-15 00:00:00,0.0626878,0.063999,0.0474935,0.052753,4074719612.0
2021-02-15 06:00:00,0.052753,0.061,0.0525511,0.0592673,2383237557.0
2021-02-15 12:00:00,0.059267,0.0642,0.057848,0.0589818,3241598700.0
2021-02-15 18:00:00,0.0589852,0.061,0.0545233,0.0565,1621445623.0
2021-02-16 00:00:00,0.0564643,0.0598452,0.054526,0.0578553,1593741004.0
2021-02-16 06:00:00,0.0578533,0.059076,0.0566955,0.057,1024170322.0
2021-02-16 12:00:00,0.0570206,0.0583676,0.05439,0.0549968,1913189807.0
2021-02-16 18:00:00,0.055013,0.055013,0.0506003,0.053476,2111976377.0
2021-02-17 00:00:00,0.0535231,0.055109,0.051008,0.052819,1254448692.0
2021-02-17 06:00:00,0.052819,0.0541,0.0521608,0.0522785,1145193117.0
2021-02-17 12:00:00,0.0522854,0.0534449,0.0508905,0.0527698,1686591207.0
2021-02-17 18:00:00,0.0527597,0.0528949,0.0478,0.0495187,2081898215.0
2021-02-18 00:00:00,0.0494987,0.05375,0.0489,0.0524137,2062281347.0
2021-02-18 06:00:00,0.0524045,0.052493,0.0501554,0.051465,1298006662.0
2021-02-18 12:00:00,0.0514852,0.0645617,0.050601,0.0596631,4520974090.0
2021-02-18 18:00:00,0.0596911,0.0621833,0.05581,0.0587991,5152835905.0
2021-02-19 00:00:00,0.0587991,0.059719,0.0550112,0.0560273,2253266627.0
2021-02-19 06:00:00,0.0560257,0.0575472,0.05491,0.0570971,1587043811.0
2021-02-19 12:00:00,0.0570992,0.0570992,0.0536581,0.0549258,1338612430.0
2021-02-19 18:00:00,0.0549258,0.0569978,0.0542,0.055033,1226642120.0
2021-02-20 00:00:00,0.055033,0.0553865,0.053,0.0541471,1049571647.0
2021-02-20 06:00:00,0.0541564,0.0607,0.054031,0.0563383,2793075933.0
2021-02-20 12:00:00,0.0562951,0.05796,0.054,0.0561479,1774240059.0
2021-02-20 18:00:00,0.056157,0.0581852,0.051,0.0541708,1742121642.0
2021-02-21 00:00:00,0.0541567,0.0568055,0.05325,0.0551457,974858246.0
2021-02-21 06:00:00,0.0551593,0.0559003,0.0544171,0.0549997,939011740.0
2021-02-21 12:00:00,0.0549999,0.0558,0.0542285,0.0549702,890769562.0
2021-02-21 18:00:00,0.0549702,0.06,0.0538931,0.0560183,2743736947.0
2021-02-22 00:00:00,0.0559921,0.0588392,0.0544444,0.0562555,1844925969.0
2021-02-22 06:00:00,0.0562355,0.0608037,0.05486,0.0557591,3045363265.0
2021-02-22 12:00:00,0.0557591,0.0561022,0.0461003,0.0517841,2842755980.0
2021-02-22 18:00:00,0.051784,0.0544,0.051,0.0535557,687453709.0
2021-02-23 00:00:00,0.0536093,0.0538776,0.049252,0.0506732,1245606260.0
2021-02-23 06:00:00,0.0506487,0.0518946,0.0413332,0.0442907,2300199296.0
2021-02-23 12:00:00,0.0442709,0.048192,0.042585,0.0455525,1692664166.0
2021-02-23 18:00:00,0.0455427,0.0478963,0.043,0.0476562,720404650.0
2021-02-24 00:00:00,0.047692,0.05102,0.0459034,0.0503879,1005359419.0
2021-02-24 06:00:00,0.0503889,0.0575,0.0503778,0.053251,3172645034.0
2021-02-24 12:00:00,0.0532506,0.060586,0.0523847,0.0573521,5677718531.0
2021-02-24 18:00:00,0.0573137,0.0576,0.05297,0.0567911,1316630536.0
2021-02-25 00:00:00,0.0567907,0.0581,0.0548826,0.056658,1172305923.0
2021-02-25 06:00:00,0.0566412,0.0567631,0.0532026,0.055397,1193035314.0
2021-02-25 12:00:00,0.0553973,0.0563499,0.05152,0.0522352,1433474216.0
2021-02-25 18:00:00,0.0522018,0.0534375,0.0495002,0.0499138,1114231922.0
2021-02-26 00:00:00,0.0499157,0.0517499,0.0489,0.0494475,936972424.0
2021-02-26 06:00:00,0.0493937,0.0514019,0.0484,0.0504108,859743196.0
2021-02-26 12:00:00,0.0504122,0.0526032,0.0496044,0.0515688,724631878.0
2021-02-26 18:00:00,0.0515608,0.051891,0.0495,0.0504768,626576287.0
2021-02-27 00:00:00,0.0504727,0.0521,0.0502871,0.0513756,558949815.0
2021-02-27 06:00:00,0.0513602,0.0515234,0.04955,0.050003,658856956.0
2021-02-27 12:00:00,0.0500173,0.0515,0.0495649,0.0501363,653787247.0
2021-02-27 18:00:00,0.0501363,0.05075,0.0491,0.0500725,397283359.0
2021-02-28 00:00:00,0.0500705,0.0502426,0.0464599,0.0479282,784321508.0
2021-02-28 06:00:00,0.0479283,0.0485111,0.0467618,0.0483239,425671443.0
2021-02-28 12:00:00,0.0483623,0.0484896,0.0446561,0.045875,659779684.0
2021-02-28 18:00:00,0.045876,0.0496991,0.0458155,0.0481582,515050821.0
2021-03-01 00:00:00,0.0481447,0.0494502,0.0480037,0.0484145,285453738.0
2021-03-01 06:00:00,0.0484308,0.0506854,0.0478589,0.0502391,607321995.0
2021-03-01 12:00:00,0.050238,0.0504997,0.0490258,0.049069,590491794.0
2021-03-01 18:00:00,0.049069,0.052505,0.0488535,0.0505933,1269312925.0
2021-03-02 00:00:00,0.0505754,0.05249,0.0505198,0.0515001,794660797.0
2021-03-02 06:00:00,0.0515243,0.0516616,0.05,0.0510154,506921190.0
2021-03-02 12:00:00,0.0510221,0.0518217,0.0491004,0.0500613,617523472.0
2021-03-02 18:00:00,0.0500618,0.050824,0.0492321,0.050364,459258687.0
2021-03-03 00:00:00,0.0504021,0.0509004,0.0499556,0.050638,239295483.0
2021-03-03 06:00:00,0.0506172,0.0519969,0.0506018,0.0515251,570675337.0
2021-03-03 12:00:00,0.051525,0.0521972,0.0500869,0.0509981,663214604.0
2021-03-03 18:00:00,0.0510006,0.0512834,0.0501302,0.0504146,367900602.0
2021-03-04 00:00:00,0.0504337,0.0511539,0.04969,0.0502908,391150790.0
2021-03-04 06:00:00,0.0503066,0.0507135,0.0496144,0.0499219,394341279.0
2021-03-04 12:00:00,0.0499219,0.0505239,0.04932,0.0494,485546410.0
2021-03-04 18:00:00,0.049392,0.0509976,0.04765,0.0499865,672493592.0
2021-03-05 00:00:00,0.0499866,0.0500499,0.0480213,0.0492646,417247494.0
2021-03-05 06:00:00,0.0492645,0.0495893,0.0484526,0.049365,245079964.0
2021-03-05 12:00:00,0.0494078,0.051079,0.0479661,0.0494148,724508507.0
2021-03-05 18:00:00,0.0494173,0.0504,0.0491951,0.0495285,328126788.0
2021-03-06 00:00:00,0.0495247,0.0525801,0.0495247,0.0515014,1050460261.0
2021-03-06 06:00:00,0.0515039,0.052,0.05,0.0508166,681042639.0
2021-03-06 12:00:00,0.0508343,0.0509488,0.049084,0.0507179,537511311.0
2021-03-06 18:00:00,0.0507278,0.0519454,0.0506,0.0509588,480250499.0
2021-03-07 00:00:00,0.0509242,0.05195,0.0507017,0.0512104,351870904.0
2021-03-07 06:00:00,0.0512101,0.0518499,0.0509913,0.0513985,322979844.0
2021-03-07 12:00:00,0.0513985,0.05174,0.0504286,0.0514357,386000464.0
2021-03-07 18:00:00,0.0514554,0.0524716,0.0507187,0.0519871,433711449.0
2021-03-08 00:00:00,0.0519481,0.056,0.0515505,0.0559978,1839876284.0
2021-03-08 06:00:00,0.0559978,0.06002,0.0540602,0.0557987,2715287434.0
2021-03-08 12:00:00,0.0557549,0.0578507,0.0546422,0.0563689,1324103845.0
2021-03-08 18:00:00,0.0563689,0.063075,0.0562052,0.0629738,1693704624.0
2021-03-09 00:00:00,0.0629582,0.0630025,0.0582968,0.0591859,1678110207.0
2021-03-09 06:00:00,0.0591965,0.059478,0.0567196,0.0570499,1242006710.0
2021-03-09 12:00:00,0.0570499,0.0582052,0.056,0.0568815,959926926.0
2021-03-09 18:00:00,0.0568839,0.0587769,0.056645,0.0579117,532516219.0
2021-03-10 00:00:00,0.0579432,0.0587592,0.0545,0.0563454,954103718.0
2021-03-10 06:00:00,0.0563517,0.0570482,0.0559555,0.0562244,403248388.0
2021-03-10 12:00:00,0.0562437,0.0575,0.0555943,0.0560993,544720821.0
2021-03-10 18:00:00,0.0561038,0.056875,0.0545598,0.0558692,488673891.0
2021-03-11 00:00:00,0.0558831,0.056198,0.0548514,0.0550838,320380549.0
2021-03-11 06:00:00,0.0550712,0.0557789,0.0542647,0.0552871,370342968.0
2021-03-11 12:00:00,0.0553006,0.05698,0.05477,0.0553349,572324175.0
2021-03-11 18:00:00,0.0553535,0.0565,0.0551294,0.0559286,384135082.0
2021-03-12 00:00:00,0.0559117,0.057,0.0552572,0.0562186,429808704.0
2021-03-12 06:00:00,0.0561868,0.056426,0.0549002,0.0555143,411019153.0
2021-03-12 12:00:00,0.0554986,0.05587,0.054051,0.0552,550486053.0
2021-03-12 18:00:00,0.0552191,0.0559322,0.0544012,0.0552731,430611329.0
2021-03-13 00:00:00,0.0552769,0.0558028,0.0546635,0.0554242,377879446.0
2021-03-13 06:00:00,0.0554242,0.057,0.05533,0.057,539930450.0
2021-03-13 12:00:00,0.057,0.0582145,0.0561882,0.058186,665856307.0
2021-03-13 18:00:00,0.0582003,0.063,0.0576769,0.0627892,2076510386.0
2021-03-14 00:00:00,0.0627887,0.0636789,0.0589124,0.0618962,2538344695.0
2021-03-14 06:00:00,0.0618962,0.0628443,0.0589743,0.0607227,1234263376.0
2021-03-14 12:00:00,0.0607314,0.0618011,0.058441,0.0588346,836950860.0
2021-03-14 18:00:00,0.058805,0.0601105,0.05817,0.058221,505635145.0
2021-03-15 00:00:00,0.058221,0.0597745,0.058,0.0580001,420643458.0
2021-03-15 06:00:00,0.0580002,0.0581978,0.055,0.0566813,992283354.0
2021-03-15 12:00:00,0.0566813,0.0572388,0.05548,0.0562008,482039592.0
2021-03-15 18:00:00,0.0562093,0.0583599,0.0560132,0.0569691,514456244.0
2021-03-16 00:00:00,0.0570152,0.0575632,0.0552668,0.0563799,567311493.0
2021-03-16 06:00:00,0.056387,0.0582924,0.0558705,0.0572218,514213609.0
2021-03-16 12:00:00,0.0572253,0.0591427,0.057,0.0575321,538776061.0
2021-03-16 18:00:00,0.0575279,0.0589147,0.0573035,0.0586507,383272996.0
2021-03-17 00:00:00,0.0586389,0.0589584,0.0576438,0.0580681,260177117.0
2021-03-17 06:00:00,0.0580681,0.0583333,0.057,0.0572023,275643487.0
2021-03-17 12:00:00,0.0572067,0.057688,0.0565314,0.0575763,316402219.0
2021-03-17 18:00:00,0.0575763,0.05865,0.0575763,0.057892,309923947.0
2021-03-18 00:00:00,0.0578925,0.0592896,0.0576722,0.058371,407727495.0
2021-03-18 06:00:00,0.0584,0.05846,0.0574766,0.0577678,262594372.0
2021-03-18 12:00:00,0.057795,0.0584722,0.0573284,0.0580451,394089962.0
2021-03-18 18:00:00,0.058053,0.0583272,0.0568896,0.0573485,273687129.0
2021-03-19 00:00:00,0.0573629,0.0577663,0.0563741,0.0577015,323007507.0
2021-03-19 06:00:00,0.0577251,0.0599,0.0575003,0.058555,748714674.0
2021-03-19 12:00:00,0.058565,0.0588,0.0578076,0.0585099,342498684.0
2021-03-19 18:00:00,0.0584886,0.0592,0.0581303,0.0582472,277467983.0
2021-03-20 00:00:00,0.0582624,0.0588977,0.05797,0.0586331,278898493.0
2021-03-20 06:00:00,0.0586435,0.060625,0.0583443,0.0594745,823386441.0
2021-03-20 12:00:00,0.0594831,0.0599513,0.058896,0.0593693,374643180.0
2021-03-20 18:00:00,0.0593693,0.06057,0.0586333,0.0588186,462901132.0
2021-03-21 00:00:00,0.0588396,0.0595555,0.0576031,0.0580897,349320442.0
2021-03-21 06:00:00,0.058077,0.058307,0.0567,0.0571144,294589012.0
2021-03-21 12:00:00,0.0571358,0.0580499,0.0569209,0.0575625,262046701.0
2021-03-21 18:00:00,0.0575625,0.0582902,0.0573397,0.0574781,298307810.0
2021-03-22 00:00:00,0.0574888,0.0579412,0.0568421,0.0576927,227399006.0
2021-03-22 06:00:00,0.0576927,0.0579777,0.0570002,0.057723,237250559.0
2021-03-22 12:00:00,0.0577229,0.0577387,0.0567,0.0570985,289748596.0
2021-03-22 18:00:00,0.0570905,0.057183,0.0544234,0.054888,516368815.0
2021-03-23 00:00:00,0.0548901,0.0561052,0.0542573,0.0546337,299104743.0
2021-03-23 06:00:00,0.0546209,0.0550022,0.0525963,0.0542804,499079842.0
2021-03-23 12:00:00,0.0543086,0.0556805,0.0542835,0.0547383,277408288.0
2021-03-23 18:00:00,0.0547382,0.0548929,0.05307,0.0533532,362351856.0
2021-03-24 00:00:00,0.0534234,0.0542743,0.0527405,0.0541706,294174092.0
2021-03-24 06:00:00,0.0541706,0.0567995,0.05387,0.0561775,456082849.0
2021-03-24 12:00:00,0.0561851,0.0567124,0.0543985,0.0547253,423032337.0
2021-03-24 18:00:00,0.0547171,0.0549904,0.05075,0.0514996,493108843.0
2021-03-25 00:00:00,0.0514996,0.05225,0.050001,0.0519884,628849447.0
2021-03-25 06:00:00,0.0519957,0.0524498,0.050658,0.0513925,346958133.0
2021-03-25 12:00:00,0.0513925,0.0516317,0.0495798,0.05084,455667789.0
2021-03-25 18:00:00,0.05084,0.0524484,0.050499,0.051266,233922324.0
2021-03-26 00:00:00,0.051266,0.052792,0.051232,0.0526811,203949890.0
2021-03-26 06:00:00,0.0526811,0.053,0.052097,0.0526198,188160594.0
2021-03-26 12:00:00,0.0526449,0.053292,0.0524875,0.0530825,272462629.0
2021-03-26 18:00:00,0.053094,0.054038,0.052521,0.053931,209224414.0
2021-03-27 00:00:00,0.0539203,0.0548447,0.0534606,0.0543113,231663476.0
2021-03-27 06:00:00,0.0543415,0.05545,0.053386,0.0542123,516573249.0
2021-03-27 12:00:00,0.054212,0.0552352,0.0536501,0.054655,277554983.0
2021-03-27 18:00:00,0.054636,0.0549489,0.0541565,0.054436,150573513.0
2021-03-28 00:00:00,0.054422,0.0549,0.0539433,0.0546,136680097.0
2021-03-28 06:00:00,0.0545968,0.0547389,0.0539104,0.0539897,157789233.0
2021-03-28 12:00:00,0.0539897,0.0542209,0.0533831,0.0539877,234548667.0
2021-03-28 18:00:00,0.0539877,0.0540076,0.0529496,0.0536656,146364130.0
2021-03-29 00:00:00,0.0536634,0.0538395,0.053202,0.0533035,163395177.0
2021-03-29 06:00:00,0.0533034,0.0547123,0.053277,0.0542446,276835944.0
2021-03-29 12:00:00,0.0542519,0.0545809,0.0536257,0.05431,339427485.0
2021-03-29 18:00:00,0.0542976,0.05435,0.05383,0.054124,197728799.0
2021-03-30 00:00:00,0.054124,0.0544504,0.0537264,0.054224,212960218.0
2021-03-30 06:00:00,0.054226,0.0549751,0.0540167,0.054825,268903712.0
2021-03-30 12:00:00,0.054825,0.0556267,0.053328,0.0541864,743495256.0
2021-03-30 18:00:00,0.0541792,0.0544797,0.053929,0.0540003,173948405.0
2021-03-31 00:00:00,0.0540014,0.0545,0.0535,0.0540032,231014776.0
2021-03-31 06:00:00,0.0540032,0.0543739,0.0513424,0.0532219,362061378.0
2021-03-31 12:00:00,0.0532218,0.0539,0.052861,0.053378,186011590.0
2021-03-31 18:00:00,0.0533675,0.053911,0.0523827,0.0537699,306076405.0
2021-04-01 00:00:00,0.0537835,0.05425,0.0534999,0.0540299,201663024.0
2021-04-01 06:00:00,0.0540299,0.07135,0.0536502,0.0668588,6923588847.0
2021-04-01 12:00:00,0.0668588,0.0670599,0.05821,0.0590721,6193243873.0
2021-04-01 18:00:00,0.0590753,0.0622,0.056999,0.062151,1923526034.0
2021-04-02 00:00:00,0.0621509,0.062905,0.0586273,0.0588772,1071620030.0
2021-04-02 06:00:00,0.0588776,0.0608,0.058004,0.059233,1219301506.0
2021-04-02 12:00:00,0.0592214,0.05956,0.0581699,0.0582984,639011465.0
2021-04-02 18:00:00,0.0583107,0.0585516,0.0572,0.0575849,485533915.0
2021-04-03 00:00:00,0.0575887,0.0595516,0.0574391,0.0594355,540132100.0
2021-04-03 06:00:00,0.0594353,0.0594986,0.058126,0.0583635,537296117.0
2021-04-03 12:00:00,0.0583947,0.059063,0.057021,0.0571639,549606684.0
2021-04-03 18:00:00,0.0571636,0.0577883,0.0555,0.0555113,439327838.0
2021-04-04 00:00:00,0.0555,0.0570896,0.0550864,0.0568323,428796252.0
2021-04-04 06:00:00,0.0568164,0.0573808,0.0562932,0.0565483,299016125.0
2021-04-04 12:00:00,0.0565458,0.0582181,0.0561885,0.0574843,549085222.0
2021-04-04 18:00:00,0.0574816,0.057935,0.05686,0.0573943,286901094.0
2021-04-05 00:00:00,0.0573806,0.0592851,0.0565158,0.056827,700026641.0
2021-04-05 06:00:00,0.0568619,0.058307,0.0562315,0.0583069,485353350.0
2021-04-05 12:00:00,0.0583069,0.0584703,0.057,0.0577176,529740552.0
2021-04-05 18:00:00,0.0577177,0.0607069,0.0576911,0.0599992,923748389.0
2021-04-06 00:00:00,0.0599779,0.0609834,0.0585974,0.059068,643391446.0
2021-04-06 06:00:00,0.0590518,0.0607331,0.0579904,0.0590901,707034058.0
2021-04-06 12:00:00,0.0591129,0.066,0.0589575,0.061058,2189394451.0
2021-04-06 18:00:00,0.0610604,0.0646897,0.060331,0.0644047,1222328784.0
2021-04-07 00:00:00,0.0644047,0.06744,0.0625029,0.0642021,2051621028.0
2021-04-07 06:00:00,0.0642021,0.0648202,0.058,0.0585703,1391715869.0
2021-04-07 12:00:00,0.058558,0.0615451,0.0571267,0.0587749,1015435856.0
2021-04-07 18:00:00,0.0587789,0.0603549,0.058222,0.0587769,381279100.0
2021-04-08 00:00:00,0.058777,0.062324,0.0586319,0.06123,596650286.0
2021-04-08 06:00:00,0.06123,0.0617159,0.0602627,0.0605631,420311416.0
2021-04-08 12:00:00,0.060548,0.0618408,0.0604704,0.0609209,386455941.0
2021-04-08 18:00:00,0.0608965,0.0619377,0.0603922,0.0617838,342154063.0
2021-04-09 00:00:00,0.0617837,0.0623757,0.0609738,0.0609931,270171888.0
2021-04-09 06:00:00,0.0609811,0.0642733,0.0604712,0.0622074,1176938589.0
2021-04-09 12:00:00,0.0622074,0.0623316,0.0606582,0.0617307,439023642.0
2021-04-09 18:00:00,0.0617329,0.0622863,0.0608564,0.0615878,263468905.0
2021-04-10 00:00:00,0.0616103,0.063,0.0609445,0.0620855,381043184.0
2021-04-10 06:00:00,0.0620999,0.0657518,0.0619037,0.063819,1158522985.0
2021-04-10 12:00:00,0.0638098,0.0646,0.062,0.063859,687602293.0
2021-04-10 18:00:00,0.0638577,0.0644378,0.0624815,0.0637167,553341646.0
2021-04-11 00:00:00,0.0637167,0.0687014,0.0633959,0.0653185,2044316505.0
2021-04-11 06:00:00,0.0653233,0.08,0.0651078,0.0744592,5875025688.0
2021-04-11 12:00:00,0.07451,0.07649,0.0701,0.0734679,4924955949.0
2021-04-11 18:00:00,0.073467,0.078887,0.0730503,0.07433,2123633004.0
2021-04-12 00:00:00,0.0743335,0.0754791,0.0715747,0.071877,1231573881.0
2021-04-12 06:00:00,0.0718564,0.0739887,0.0685,0.0708293,1529190855.0
2021-04-12 12:00:00,0.0708293,0.0724416,0.0688,0.0712247,954815106.0
2021-04-12 18:00:00,0.0712198,0.0719374,0.0698841,0.0707343,584776384.0
2021-04-13 00:00:00,0.0707001,0.0775936,0.0706409,0.0731507,1664655701.0
2021-04-13 06:00:00,0.0731399,0.0797619,0.071912,0.077468,2091719699.0
2021-04-13 12:00:00,0.077466,0.096079,0.0755074,0.0910322,6674865406.0
2021-04-13 18:00:00,0.0909926,0.0962255,0.0860446,0.094402,3174599471.0
2021-04-14 00:00:00,0.0944011,0.125,0.092118,0.122,9623887317.0
2021-04-14 06:00:00,0.1220662,0.1453955,0.1187804,0.1431663,12781232876.0
2021-04-14 12:00:00,0.1431978,0.145,0.1191,0.1268064,7465488998.0
2021-04-14 18:00:00,0.1269258,0.131,0.106,0.1214329,6810380533.0
2021-04-15 00:00:00,0.1214319,0.1444,0.1197878,0.1358689,5305590395.0
2021-04-15 06:00:00,0.1357691,0.138719,0.1242,0.1288967,3334054901.0
2021-04-15 12:00:00,0.1288955,0.1416,0.128206,0.1384408,2751257622.0
2021-04-15 18:00:00,0.1384857,0.1918922,0.1376217,0.1823599,13225068302.0
2021-04-16 00:00:00,0.1825003,0.2988275,0.1791,0.2648034,19268225007.0
2021-04-16 06:00:00,0.2647396,0.33,0.2354007,0.3046235,10467715662.0
2021-04-16 12:00:00,0.3045409,0.45,0.2904629,0.3577932,19819295626.0
2021-04-16 18:00:00,0.3576999,0.4,0.3019303,0.3654434,7955309061.0
2021-04-17 00:00:00,0.3653855,0.38125,0.2551,0.3141,7258551578.0
2021-04-17 06:00:00,0.3141,0.3321889,0.2601,0.2708908,4660123359.0
2021-04-17 12:00:00,0.2708908,0.28666,0.231,0.2651138,7471727944.0
2021-04-17 18:00:00,0.2651182,0.335,0.2612,0.2822532,5466655050.0
2021-04-18 00:00:00,0.2824945,0.3095,0.2397,0.2725512,3689505044.0
2021-04-18 06:00:00,0.2727099,0.331,0.27,0.285472,4839765531.0
2021-04-18 12:00:00,0.285472,0.326,0.284025,0.3119598,4301603811.0
2021-04-18 18:00:00,0.3119017,0.351,0.3089082,0.3223299,5548992491.0
2021-04-19 00:00:00,0.3225953,0.3439,0.308,0.3312383,2343528059.0
2021-04-19 06:00:00,0.3312141,0.435546,0.3306367,0.3997155,8593841611.0
2021-04-19 12:00:00,0.4000288,0.4129783,0.3388,0.3901575,6189811899.0
2021-04-19 18:00:00,0.3903067,0.4233331,0.382,0.408903,3746212571.0
2021-04-20 00:00:00,0.4088997,0.4246216,0.3429171,0.4076903,3408842667.0
2021-04-20 06:00:00,0.4079363,0.421,0.3768473,0.3965898,4065382318.0
2021-04-20 12:00:00,0.3968675,0.39845,0.309153,0.3516267,6192871942.0
2021-04-20 18:00:00,0.3514653,0.3532092,0.27,0.3173205,7302045761.0
2021-04-21 00:00:00,0.3173205,0.347661,0.3009563,0.3334803,2906687172.0
2021-04-21 06:00:00,0.3333848,0.3416,0.2962472,0.3045478,2183905479.0
2021-04-21 12:00:00,0.3045478,0.3198,0.2960052,0.3090738,2345064085.0
2021-04-21 18:00:00,0.3090737,0.33281,0.303114,0.3058251,2024738659.0
2021-04-22 00:00:00,0.3058074,0.309,0.2701522,0.2819612,2456552741.0
2021-04-22 06:00:00,0.2819612,0.29273,0.257,0.2636788,2542247387.0
2021-04-22 12:00:00,0.2636967,0.3093988,0.2628,0.2996101,3671903827.0
2021-04-22 18:00:00,0.2996101,0.2998971,0.253,0.2606615,2528417879.0
2021-04-23 00:00:00,0.2606616,0.2695,0.1597278,0.2074789,7900765415.0
2021-04-23 06:00:00,0.2074749,0.2497653,0.1979434,0.2421151,4870362241.0
2021-04-23 12:00:00,0.2421795,0.246,0.2126939,0.2324296,2748783520.0
2021-04-23 18:00:00,0.2324268,0.25,0.2242148,0.2498155,1650091846.0
2021-04-24 00:00:00,0.2499997,0.2580669,0.2278,0.2547,2332420203.0
2021-04-24 06:00:00,0.2547501,0.28999,0.2486332,0.2638581,4819834560.0
2021-04-24 12:00:00,0.2639213,0.2800301,0.2608649,0.2733015,2240767322.0
2021-04-24 18:00:00,0.2733014,0.281,0.2659,0.27,1233220025.0
2021-04-25 00:00:00,0.2700802,0.289296,0.2650565,0.2765449,1291923991.0
2021-04-25 06:00:00,0.2765186,0.27875,0.26767,0.27146,569229415.7
2021-04-25 12:00:00,0.27147,0.27642,0.256129,0.25926,1333529607.2
2021-04-25 18:00:00,0.25923,0.26169,0.224,0.25159,2531324339.5
2021-04-26 00:00:00,0.25159,0.27356,0.247,0.26427,1484885277.8
2021-04-26 06:00:00,0.26449,0.27035,0.25917,0.26712,976471361.5
2021-04-26 12:00:00,0.26712,0.28077,0.26163,0.26665,1444475440.4
2021-04-26 18:00:00,0.26665,0.275,0.259,0.27161,975546948.9
2021-04-27 00:00:00,0.27161,0.272,0.2644,0.26953,721796567.4
2021-04-27 06:00:00,0.26954,0.27994,0.26875,0.27749,1194388585.3
2021-04-27 12:00:00,0.27749,0.2789,0.265,0.27084,946175804.0
2021-04-27 18:00:00,0.27082,0.275,0.26653,0.27232,504851982.7
2021-04-28 00:00:00,0.27227,0.27399,0.26035,0.26312,577668873.7
2021-04-28 06:00:00,0.26312,0.348,0.25511,0.31933,8179423186.6
2021-04-28 12:00:00,0.31928,0.32785,0.29365,0.3082,3055989516.5
2021-04-28 18:00:00,0.3082,0.327,0.30028,0.32311,1604962798.3
2021-04-29 00:00:00,0.32321,0.32604,0.30968,0.31381,1295908706.8
2021-04-29 06:00:00,0.3138,0.317,0.30271,0.30629,1045396144.1
2021-04-29 12:00:00,0.30638,0.31999,0.2955,0.3012,1255053468.5
2021-04-29 18:00:00,0.30118,0.30982,0.29759,0.30479,552971011.4
2021-04-30 00:00:00,0.30479,0.317,0.30213,0.311,615036757.8
2021-04-30 06:00:00,0.31099,0.31904,0.309,0.31176,734961766.2
2021-04-30 12:00:00,0.31175,0.32244,0.31021,0.31968,828526714.0
2021-04-30 18:00:00,0.31971,0.34,0.31824,0.33746,1864111773.8
2021-05-01 00:00:00,0.33746,0.37456,0.32756,0.35654,2204853243.4
2021-05-01 06:00:00,0.35654,0.36878,0.34436,0.3583,1578878107.1
2021-05-01 12:00:00,0.35828,0.37313,0.353,0.37076,1224325853.0
2021-05-01 18:00:00,0.37077,0.3975,0.36312,0.39087,2054283188.7
2021-05-02 00:00:00,0.39086,0.39999,0.362,0.38096,2058037510.9
2021-05-02 06:00:00,0.38084,0.38499,0.3636,0.38039,1173761255.7
2021-05-02 12:00:00,0.3804,0.39,0.37458,0.385,958307333.3
2021-05-02 18:00:00,0.38496,0.3945,0.37213,0.37397,902657930.2
2021-05-03 00:00:00,0.37459,0.387,0.37386,0.37998,597842504.7
2021-05-03 06:00:00,0.37998,0.39343,0.37985,0.38482,783963774.4
2021-05-03 12:00:00,0.38481,0.41835,0.38479,0.41012,2418341866.0
2021-05-03 18:00:00,0.4101,0.4479,0.407,0.44142,2627866708.8
2021-05-04 00:00:00,0.44142,0.45199,0.3979,0.438,2736133215.5
2021-05-04 06:00:00,0.438,0.49861,0.432,0.49733,4263112358.5
2021-05-04 12:00:00,0.49739,0.61186,0.493,0.56863,11072112008.4
2021-05-04 18:00:00,0.56876,0.57767,0.518,0.53854,3211200339.5
2021-05-05 00:00:00,0.53854,0.69392,0.53449,0.68761,5824215288.4
2021-05-05 06:00:00,0.68765,0.69663,0.6155,0.65913,4230442717.5
2021-05-05 12:00:00,0.65914,0.67687,0.51668,0.63867,6112457928.4
2021-05-05 18:00:00,0.63876,0.67421,0.57,0.654,2909779241.4
2021-05-06 00:00:00,0.654,0.665,0.59166,0.61554,2138555287.4
2021-05-06 06:00:00,0.61554,0.62234,0.57329,0.61463,1997598612.9
2021-05-06 12:00:00,0.61464,0.61586,0.575,0.57896,1928160312.7
2021-05-06 18:00:00,0.57883,0.61412,0.54,0.58106,2482117835.7
2021-05-07 00:00:00,0.58099,0.6,0.51717,0.57706,3123969639.1
2021-05-07 06:00:00,0.57706,0.648,0.57562,0.62492,2409709037.7
2021-05-07 12:00:00,0.62491,0.62491,0.58922,0.61506,1511919791.5
2021-05-07 18:00:00,0.61506,0.733,0.61499,0.68982,5540670153.0
2021-05-08 00:00:00,0.68982,0.73995,0.66707,0.71782,2729373261.2
2021-05-08 06:00:00,0.71789,0.72567,0.68558,0.71315,1740949778.5
2021-05-08 12:00:00,0.71315,0.73,0.6,0.66106,4489760201.1
2021-05-08 18:00:00,0.66111,0.6975,0.613,0.63708,2427872380.0
2021-05-09 00:00:00,0.63708,0.70009,0.47,0.56438,7959889690.2
2021-05-09 06:00:00,0.56438,0.57371,0.45333,0.46092,6346136523.4
2021-05-09 12:00:00,0.46085,0.54399,0.416,0.53717,7160783279.0
2021-05-09 18:00:00,0.53714,0.597,0.527,0.57063,4605259403.4
2021-05-10 00:00:00,0.57082,0.5726,0.51456,0.52572,1955060508.5
2021-05-10 06:00:00,0.52574,0.557,0.49094,0.50854,2265071895.4
2021-05-10 12:00:00,0.5085,0.52,0.475,0.48445,2287917220.7
2021-05-10 18:00:00,0.48444,0.4918,0.41844,0.45074,3169305009.8
2021-05-11 00:00:00,0.4505,0.49428,0.4429,0.475,1708981868.5
2021-05-11 06:00:00,0.4751,0.5485,0.45982,0.49069,3343567620.5
2021-05-11 12:00:00,0.49067,0.513,0.47662,0.49721,1698603248.3
2021-05-11 18:00:00,0.49748,0.51992,0.49105,0.49326,802424532.9
2021-05-12 00:00:00,0.49353,0.50637,0.4804,0.50084,879181992.7
2021-05-12 06:00:00,0.50082,0.522,0.4886,0.49854,1138045134.0
2021-05-12 12:00:00,0.4985,0.4985,0.44805,0.46179,1233299212.1
2021-05-12 18:00:00,0.46187,0.47424,0.38203,0.3916,2121534960.8
2021-05-13 00:00:00,0.39142,0.45584,0.3516,0.44119,2595801202.5
2021-05-13 06:00:00,0.44127,0.45,0.378,0.40187,2298135992.1
2021-05-13 12:00:00,0.40172,0.43874,0.38,0.39636,1986150795.9
2021-05-13 18:00:00,0.39636,0.52,0.375,0.48945,3569299303.4
2021-05-14 00:00:00,0.48927,0.53061,0.46412,0.52645,2772255922.4
2021-05-14 06:00:00,0.52641,0.57,0.51175,0.53188,3291201429.5
2021-05-14 12:00:00,0.53188,0.56661,0.52401,0.559,2131780419.5
2021-05-14 18:00:00,0.55912,0.59,0.53017,0.55971,2428058565.6
2021-05-15 00:00:00,0.5599,0.56405,0.52059,0.53654,1234542566.2
2021-05-15 06:00:00,0.53654,0.53764,0.49552,0.51924,1484742198.2
2021-05-15 12:00:00,0.51922,0.53377,0.49009,0.50384,1472116830.5
2021-05-15 18:00:00,0.50388,0.5325,0.491,0.50855,1041350718.6
2021-05-16 00:00:00,0.50838,0.5489,0.505,0.52917,1321720859.1
2021-05-16 06:00:00,0.52923,0.54129,0.522,0.52396,759796130.3
2021-05-16 12:00:00,0.52396,0.53373,0.50177,0.52417,1209226341.5
2021-05-16 18:00:00,0.52417,0.52484,0.45,0.5137,2086378322.4
2021-05-17 00:00:00,0.51371,0.5162,0.45555,0.48551,1454770713.3
2021-05-17 06:00:00,0.48561,0.51599,0.48348,0.50374,1081034238.4
2021-05-17 12:00:00,0.50378,0.51231,0.46924,0.47775,1073515516.3
2021-05-17 18:00:00,0.47764,0.50114,0.47451,0.4875,659673609.1
2021-05-18 00:00:00,0.48745,0.50318,0.481,0.49708,691400317.9
2021-05-18 06:00:00,0.49701,0.51536,0.4888,0.50669,782078960.8
2021-05-18 12:00:00,0.50659,0.50894,0.46783,0.47969,1133983902.0
2021-05-18 18:00:00,0.47968,0.48299,0.472,0.47574,432295478.5
2021-05-19 00:00:00,0.47574,0.4794,0.382,0.40971,2210865495.3
2021-05-19 06:00:00,0.40972,0.43008,0.33,0.3784,1879499636.8
2021-05-19 12:00:00,0.37846,0.42641,0.21111,0.38101,5571954561.6
2021-05-19 18:00:00,0.38119,0.38399,0.31522,0.32945,1827587960.7
2021-05-20 00:00:00,0.32972,0.36577,0.29402,0.36451,2223680083.1
2021-05-20 06:00:00,0.36436,0.42499,0.34807,0.39993,2661188910.1
2021-05-20 12:00:00,0.39983,0.435,0.371,0.41154,2698305431.5
2021-05-20 18:00:00,0.41154,0.41467,0.39156,0.39758,946296164.9
2021-05-21 00:00:00,0.39747,0.41198,0.38136,0.38924,806059736.3
2021-05-21 06:00:00,0.38923,0.39853,0.37924,0.39228,751280008.9
2021-05-21 12:00:00,0.39228,0.39475,0.33511,0.36068,2240390260.6
2021-05-21 18:00:00,0.36072,0.3614,0.31357,0.35778,1445524327.7
2021-05-22 00:00:00,0.35778,0.36,0.31672,0.33353,1199850522.0
2021-05-22 06:00:00,0.33355,0.35876,0.3216,0.35045,956767107.6
2021-05-22 12:00:00,0.3503,0.35699,0.33201,0.33476,787106816.2
2021-05-22 18:00:00,0.33476,0.364,0.33332,0.34199,849421196.9
2021-05-23 00:00:00,0.34199,0.35094,0.33577,0.34043,493171775.8
2021-05-23 06:00:00,0.34039,0.34306,0.3055,0.31601,1155584919.5
2021-05-23 12:00:00,0.31617,0.32234,0.24782,0.28822,2847307908.9
2021-05-23 18:00:00,0.2884,0.31996,0.28,0.30633,1138209807.1
2021-05-24 00:00:00,0.30623,0.321,0.29511,0.30991,867274818.3
2021-05-24 06:00:00,0.30991,0.3375,0.30525,0.33059,1147222250.5
2021-05-24 12:00:00,0.33058,0.346,0.31901,0.33056,1037408016.1
2021-05-24 18:00:00,0.33051,0.375,0.32737,0.36589,1802720401.2
2021-05-25 00:00:00,0.36589,0.38,0.33508,0.35167,1264669937.6
2021-05-25 06:00:00,0.35162,0.38,0.32141,0.32753,1191112558.2
2021-05-25 12:00:00,0.32741,0.34864,0.325,0.34328,775039313.2
2021-05-25 18:00:00,0.34328,0.3528,0.33241,0.34598,478498016.9
2021-05-26 00:00:00,0.34597,0.359,0.33852,0.35409,651046834.4
2021-05-26 06:00:00,0.35409,0.36671,0.34882,0.35522,751365515.3
2021-05-26 12:00:00,0.35512,0.3578,0.33632,0.34633,589104134.4
2021-05-26 18:00:00,0.34647,0.3545,0.33948,0.35284,394167669.6
2021-05-27 00:00:00,0.35291,0.35309,0.327,0.33777,572643971.8
2021-05-27 06:00:00,0.33777,0.34713,0.33401,0.34486,360121423.0
2021-05-27 12:00:00,0.34486,0.347,0.33121,0.33208,461344070.3
2021-05-27 18:00:00,0.33208,0.34023,0.32818,0.33403,400048671.5
2021-05-28 00:00:00,0.33404,0.34754,0.32021,0.32278,640194469.8
2021-05-28 06:00:00,0.32277,0.32634,0.30052,0.3045,898979442.9
2021-05-28 12:00:00,0.30445,0.32326,0.30268,0.31425,621837949.3
2021-05-28 18:00:00,0.31411,0.32022,0.30242,0.31123,459372824.8
2021-05-29 00:00:00,0.31122,0.31794,0.30887,0.31425,335043699.8
2021-05-29 06:00:00,0.31426,0.3163,0.2969,0.30524,454721585.7
2021-05-29 12:00:00,0.30523,0.30546,0.28,0.28806,809397732.3
2021-05-29 18:00:00,0.28805,0.30733,0.2858,0.3028,417518025.6
2021-05-30 00:00:00,0.30273,0.305,0.28653,0.3046,456690752.0
2021-05-30 06:00:00,0.30467,0.31079,0.30121,0.30936,384420802.6
2021-05-30 12:00:00,0.30936,0.31,0.29507,0.30465,377670890.6
2021-05-30 18:00:00,0.30464,0.31,0.30059,0.30179,296071774.4
2021-05-31 00:00:00,0.30179,0.30564,0.29386,0.29605,366462844.2
2021-05-31 06:00:00,0.29598,0.31878,0.29587,0.3122,546120384.0
2021-05-31 12:00:00,0.31221,0.31751,0.30529,0.3124,442372387.6
2021-05-31 18:00:00,0.3124,0.32991,0.3107,0.32557,542949641.6
2021-06-01 00:00:00,0.32558,0.346,0.324,0.338,656802953.3
2021-06-01 06:00:00,0.33803,0.33803,0.31713,0.32649,517303804.6
2021-06-01 12:00:00,0.32649,0.32656,0.31121,0.31969,531635560.9
2021-06-01 18:00:00,0.31969,0.38476,0.31826,0.37006,2783109408.6
2021-06-02 00:00:00,0.37007,0.38072,0.3511,0.3726,1395886617.0
2021-06-02 06:00:00,0.3726,0.44834,0.37046,0.42944,3355746248.5
2021-06-02 12:00:00,0.42943,0.44082,0.39177,0.40347,2333129832.2
2021-06-02 18:00:00,0.40347,0.43763,0.39749,0.42338,1267065379.8
2021-06-03 00:00:00,0.42344,0.442,0.40801,0.43258,1110971502.1
2021-06-03 06:00:00,0.43264,0.434,0.40101,0.41175,1352198296.5
2021-06-03 12:00:00,0.41179,0.421,0.38729,0.39053,1473827438.5
2021-06-03 18:00:00,0.39073,0.40883,0.37722,0.40078,1133744603.6
2021-06-04 00:00:00,0.40078,0.40249,0.36902,0.37564,1163726518.0
2021-06-04 06:00:00,0.37557,0.3814,0.35555,0.36118,1133549582.8
2021-06-04 12:00:00,0.36118,0.37946,0.35,0.37699,852317889.2
2021-06-04 18:00:00,0.37698,0.39653,0.3711,0.37628,886260554.9
2021-06-05 00:00:00,0.37628,0.39,0.37045,0.38362,464307255.2
2021-06-05 06:00:00,0.38362,0.395,0.36344,0.36687,837558645.4
2021-06-05 12:00:00,0.36684,0.38344,0.36267,0.37312,682771132.3
2021-06-05 18:00:00,0.37311,0.37896,0.35974,0.3713,412274124.2
2021-06-06 00:00:00,0.3713,0.37572,0.36843,0.37483,260007901.2
2021-06-06 06:00:00,0.37483,0.37703,0.36657,0.37144,330737263.3
2021-06-06 12:00:00,0.37142,0.37443,0.36634,0.37097,341609400.8
2021-06-06 18:00:00,0.37097,0.37326,0.36763,0.37143,262268190.7
2021-06-07 00:00:00,0.37143,0.37999,0.36907,0.37423,336339311.5
2021-06-07 06:00:00,0.37422,0.37472,0.36912,0.37135,301244282.7
2021-06-07 12:00:00,0.37135,0.37368,0.35218,0.36032,583063607.7
2021-06-07 18:00:00,0.36032,0.36205,0.3275,0.33146,843564341.5
2021-06-08 00:00:00,0.3315,0.34183,0.31584,0.32401,772987833.9
2021-06-08 06:00:00,0.32401,0.3377,0.31687,0.33219,553716614.3
2021-06-08 12:00:00,0.33219,0.3329,0.29526,0.32074,1084036270.8
2021-06-08 18:00:00,0.32074,0.335,0.31851,0.32586,498062933.9
2021-06-09 00:00:00,0.32592,0.32835,0.31227,0.32132,412680706.4
2021-06-09 06:00:00,0.3213,0.33053,0.32038,0.32865,415940861.7
2021-06-09 12:00:00,0.32872,0.3548,0.32077,0.34348,816274906.5
2021-06-09 18:00:00,0.34356,0.34988,0.33164,0.34318,423263584.4
2021-06-10 00:00:00,0.34323,0.34515,0.33268,0.33548,321264954.9
2021-06-10 06:00:00,0.33548,0.343,0.328,0.33542,447582692.8
2021-06-10 12:00:00,0.33542,0.3395,0.32403,0.3265,360678587.2
2021-06-10 18:00:00,0.3265,0.33083,0.3225,0.32606,219263611.6
2021-06-11 00:00:00,0.32613,0.328,0.31831,0.32369,266657557.4
2021-06-11 06:00:00,0.3237,0.3257,0.32091,0.32322,236242511.7
2021-06-11 12:00:00,0.32322,0.32412,0.31069,0.31569,275864256.0
2021-06-11 18:00:00,0.31575,0.3338,0.31283,0.3187,425372698.3
2021-06-12 00:00:00,0.31874,0.31887,0.3,0.30393,448524268.0
2021-06-12 06:00:00,0.30393,0.311,0.3016,0.30852,277766111.6
2021-06-12 12:00:00,0.3085,0.31871,0.3076,0.31405,327913634.6
2021-06-12 18:00:00,0.31405,0.31932,0.31136,0.31216,163264345.9
2021-06-13 00:00:00,0.31221,0.31537,0.30763,0.3088,173932520.9
2021-06-13 06:00:00,0.3088,0.31272,0.30808,0.31062,181801741.5
2021-06-13 12:00:00,0.31062,0.31835,0.30744,0.3179,235139548.9
2021-06-13 18:00:00,0.3179,0.33,0.31701,0.32394,451722228.5
2021-06-14 00:00:00,0.32392,0.3275,0.32007,0.32542,271657888.3
2021-06-14 06:00:00,0.32542,0.3265,0.32071,0.32108,244163749.3
2021-06-14 12:00:00,0.32108,0.33777,0.32,0.32826,560498591.1
2021-06-14 18:00:00,0.32819,0.32854,0.32075,0.32767,234029693.2
2021-06-15 00:00:00,0.32769,0.33069,0.323,0.32736,206250077.3
2021-06-15 06:00:00,0.32741,0.32993,0.32312,0.32458,204952339.2
2021-06-15 12:00:00,0.32458,0.32632,0.31642,0.32497,349364039.6
2021-06-15 18:00:00,0.32496,0.32915,0.317,0.32028,255032056.0
2021-06-16 00:00:00,0.32025,0.32146,0.3134,0.31764,221930224.7
2021-06-16 06:00:00,0.31764,0.31995,0.30916,0.31059,218361068.4
2021-06-16 12:00:00,0.31059,0.31364,0.30505,0.3118,260045169.8
2021-06-16 18:00:00,0.31178,0.31541,0.30626,0.30775,188098418.0
2021-06-17 00:00:00,0.30774,0.31413,0.30737,0.31077,122480864.3
2021-06-17 06:00:00,0.31076,0.31366,0.30923,0.30956,126437004.4
2021-06-17 12:00:00,0.30955,0.31007,0.30267,0.30345,259135860.5
2021-06-17 18:00:00,0.30345,0.30754,0.3026,0.30619,172647501.0
2021-06-18 00:00:00,0.30619,0.30766,0.3,0.30311,287861587.7
2021-06-18 06:00:00,0.3031,0.30425,0.29823,0.29994,201388004.9
2021-06-18 12:00:00,0.29994,0.30068,0.2848,0.28816,456503970.4
2021-06-18 18:00:00,0.28816,0.29895,0.28,0.29328,368946627.7
2021-06-19 00:00:00,0.29321,0.29791,0.28567,0.29275,174999899.7
2021-06-19 06:00:00,0.29276,0.29605,0.28846,0.29562,146006694.8
2021-06-19 12:00:00,0.29561,0.29756,0.28864,0.28941,186533815.1
2021-06-19 18:00:00,0.28941,0.29249,0.28558,0.28567,117305591.8
2021-06-20 00:00:00,0.28563,0.28741,0.28,0.28469,152976120.4
2021-06-20 06:00:00,0.28469,0.28498,0.25835,0.26184,533322014.2
2021-06-20 12:00:00,0.26181,0.27747,0.2551,0.27183,519968794.8
2021-06-20 18:00:00,0.27181,0.28988,0.27124,0.28054,322338100.1
2021-06-21 00:00:00,0.28054,0.28138,0.26,0.26741,421700053.1
2021-06-21 06:00:00,0.26741,0.26964,0.21223,0.23464,1701073884.4
2021-06-21 12:00:00,0.23454,0.23735,0.19862,0.20614,2356264925.4
2021-06-21 18:00:00,0.20611,0.21473,0.1649,0.17873,2544667889.7
2021-06-22 00:00:00,0.17873,0.2174,0.16559,0.19739,2340822238.5
2021-06-22 06:00:00,0.1974,0.20716,0.17939,0.18297,1755414400.1
2021-06-22 12:00:00,0.18297,0.20472,0.16322,0.19376,2812147590.1
2021-06-22 18:00:00,0.19368,0.19939,0.18563,0.19072,611699383.1
2021-06-23 00:00:00,0.19075,0.22169,0.18046,0.21779,1685704066.7
2021-06-23 06:00:00,0.21774,0.224,0.21134,0.21945,1001441912.4
2021-06-23 12:00:00,0.21938,0.2485,0.21828,0.23215,2141205962.3
2021-06-23 18:00:00,0.23218,0.23804,0.21535,0.23468,1011162098.6
2021-06-24 00:00:00,0.23475,0.24343,0.222,0.23353,1012197360.5
2021-06-24 06:00:00,0.23358,0.24304,0.22923,0.24243,756329084.9
2021-06-24 12:00:00,0.24251,0.24746,0.23606,0.24561,756082707.8
2021-06-24 18:00:00,0.2456,0.26953,0.24411,0.26377,1055389798.0
2021-06-25 00:00:00,0.26374,0.28959,0.26319,0.27013,1522057066.6
2021-06-25 06:00:00,0.27022,0.27653,0.24629,0.25166,1583980131.8
2021-06-25 12:00:00,0.25168,0.26618,0.2295,0.23214,1761256676.3
2021-06-25 18:00:00,0.23218,0.25547,0.22886,0.23745,1074898580.8
2021-06-26 00:00:00,0.23748,0.2554,0.2345,0.25141,691069020.3
2021-06-26 06:00:00,0.25143,0.2545,0.23057,0.24458,1115854136.8
2021-06-26 12:00:00,0.24458,0.24508,0.2334,0.24091,560671951.2
2021-06-26 18:00:00,0.24091,0.24648,0.23425,0.24583,285593847.3
2021-06-27 00:00:00,0.24583,0.25344,0.24357,0.24652,571084562.5
2021-06-27 06:00:00,0.24648,0.24921,0.24002,0.24356,434621068.8
2021-06-27 12:00:00,0.24357,0.25021,0.24025,0.24616,403061468.3
2021-06-27 18:00:00,0.24611,0.26753,0.24088,0.2645,559792280.0
2021-06-28 00:00:00,0.26462,0.26735,0.25221,0.2559,515396450.3
2021-06-28 06:00:00,0.25593,0.26301,0.2505,0.2533,487691245.7
2021-06-28 12:00:00,0.2533,0.26179,0.25147,0.25576,458623885.9
2021-06-28 18:00:00,0.25581,0.26158,0.25381,0.25707,272792842.9
2021-06-29 00:00:00,0.25709,0.25964,0.25248,0.25555,318553629.8
2021-06-29 06:00:00,0.25563,0.26975,0.25428,0.2681,603605222.2
2021-06-29 12:00:00,0.2681,0.27573,0.2616,0.26772,738110253.8
2021-06-29 18:00:00,0.26773,0.26889,0.262,0.26349,267103262.3
2021-06-30 00:00:00,0.26349,0.26391,0.24642,0.24985,495042521.9
2021-06-30 06:00:00,0.24992,0.25589,0.2481,0.25149,353455686.1
2021-06-30 12:00:00,0.25152,0.25224,0.23778,0.24877,455447898.9
2021-06-30 18:00:00,0.24874,0.25512,0.24732,0.25391,306129542.1
2021-07-01 00:00:00,0.2539,0.25403,0.2423,0.24702,275601488.9
2021-07-01 06:00:00,0.24702,0.2614,0.23817,0.25486,1376397062.2
2021-07-01 12:00:00,0.2548,0.25488,0.24444,0.24804,361233976.7
2021-07-01 18:00:00,0.24803,0.24923,0.24021,0.24381,239825989.1
2021-07-02 00:00:00,0.2438,0.24735,0.24003,0.24131,287090159.1
2021-07-02 06:00:00,0.24132,0.24448,0.23839,0.24039,314946541.6
2021-07-02 12:00:00,0.24039,0.24916,0.239,0.24279,357743195.1
2021-07-02 18:00:00,0.24277,0.2456,0.24106,0.24505,122067485.8
2021-07-03 00:00:00,0.24498,0.24599,0.242,0.24439,113088748.9
2021-07-03 06:00:00,0.24438,0.25039,0.2432,0.2471,294088538.7
2021-07-03 12:00:00,0.24711,0.2494,0.24633,0.24847,179928116.5
2021-07-03 18:00:00,0.2485,0.24896,0.24315,0.24636,172145666.0
2021-07-04 00:00:00,0.24634,0.24856,0.24324,0.24804,138407906.8
2021-07-04 06:00:00,0.24805,0.253,0.24748,0.249,302876447.1
2021-07-04 12:00:00,0.249,0.24971,0.24663,0.24934,176957419.6
2021-07-04 18:00:00,0.24935,0.251,0.24503,0.24643,204802401.2
2021-07-05 00:00:00,0.24636,0.249,0.23986,0.24204,278231488.1
2021-07-05 06:00:00,0.24206,0.2444,0.22547,0.22792,346760474.1
2021-07-05 12:00:00,0.22796,0.23473,0.22558,0.23234,338180741.8
2021-07-05 18:00:00,0.23233,0.23692,0.23074,0.2311,218412156.3
2021-07-06 00:00:00,0.23117,0.2423,0.23079,0.24008,249045636.3
2021-07-06 06:00:00,0.24008,0.24132,0.23203,0.23472,310307519.0
2021-07-06 12:00:00,0.2347,0.23724,0.2294,0.23157,268445399.3
2021-07-06 18:00:00,0.23164,0.23595,0.22931,0.23417,153569845.9
2021-07-07 00:00:00,0.23418,0.23862,0.23176,0.23571,200691516.5
2021-07-07 06:00:00,0.23571,0.23683,0.23303,0.23451,195698436.6
2021-07-07 12:00:00,0.23451,0.2361,0.22852,0.23159,289091043.3
2021-07-07 18:00:00,0.23163,0.23227,0.22084,0.22386,266648900.2
2021-07-08 00:00:00,0.22386,0.22481,0.21222,0.21519,436516250.4
2021-07-08 06:00:00,0.21532,0.2198,0.21026,0.21424,390360685.1
2021-07-08 12:00:00,0.21424,0.2179,0.20641,0.21395,417611951.5
2021-07-08 18:00:00,0.21393,0.21462,0.20148,0.2069,242572443.1
2021-07-09 00:00:00,0.20708,0.20892,0.19521,0.20641,439711325.8
2021-07-09 06:00:00,0.20642,0.22986,0.20195,0.21733,1173445010.0
2021-07-09 12:00:00,0.21733,0.2261,0.21402,0.22053,457643863.5
2021-07-09 18:00:00,0.22053,0.22396,0.21749,0.21963,220327704.2
2021-07-10 00:00:00,0.21966,0.22812,0.21506,0.21772,351237266.4
2021-07-10 06:00:00,0.2177,0.21994,0.2135,0.21592,185678784.6
2021-07-10 12:00:00,0.21594,0.21845,0.21,0.21111,224803491.1
2021-07-10 18:00:00,0.21115,0.21677,0.2097,0.21375,157763352.4
2021-07-11 00:00:00,0.21376,0.21544,0.21061,0.21283,122963849.6
2021-07-11 06:00:00,0.21284,0.21393,0.21068,0.21351,124465944.7
2021-07-11 12:00:00,0.2135,0.21917,0.21237,0.21591,191957650.9
2021-07-11 18:00:00,0.21592,0.2185,0.21431,0.21597,111875731.2
2021-07-12 00:00:00,0.21597,0.21899,0.2145,0.21816,147683376.0
2021-07-12 06:00:00,0.21816,0.219,0.21191,0.21215,172834659.5
2021-07-12 12:00:00,0.21216,0.21443,0.20545,0.2063,271918921.5
2021-07-12 18:00:00,0.2063,0.21303,0.20394,0.20775,213004384.2
2021-07-13 00:00:00,0.20776,0.20893,0.20054,0.20084,274799646.0
2021-07-13 06:00:00,0.2009,0.20625,0.20082,0.20321,162783357.2
2021-07-13 12:00:00,0.20321,0.20444,0.19837,0.20253,302633104.3
2021-07-13 18:00:00,0.20252,0.20257,0.19749,0.19997,176005162.4
2021-07-14 00:00:00,0.19995,0.20028,0.18725,0.1891,427139003.2
2021-07-14 06:00:00,0.18909,0.19915,0.18877,0.19644,290071104.6
2021-07-14 12:00:00,0.19646,0.20479,0.19518,0.19998,342558369.6
2021-07-14 18:00:00,0.19998,0.20086,0.19496,0.19761,188178601.0
2021-07-15 00:00:00,0.19759,0.20089,0.19229,0.19314,175961385.6
2021-07-15 06:00:00,0.19314,0.1945,0.18917,0.19028,235777009.9
2021-07-15 12:00:00,0.19026,0.19269,0.18051,0.18191,355587395.5
2021-07-15 18:00:00,0.1819,0.18867,0.18147,0.18534,199471302.3
2021-07-16 00:00:00,0.18534,0.18833,0.1815,0.18417,182396703.8
2021-07-16 06:00:00,0.18417,0.18464,0.17463,0.17525,354185135.3
2021-07-16 12:00:00,0.17529,0.18331,0.17512,0.17953,339935884.6
2021-07-16 18:00:00,0.17954,0.17966,0.17118,0.17202,309115950.5
2021-07-17 00:00:00,0.17203,0.1755,0.16884,0.17352,325505973.1
2021-07-17 06:00:00,0.17354,0.17771,0.17004,0.17138,260855329.0
2021-07-17 12:00:00,0.1713,0.18203,0.17113,0.18075,449748495.6
2021-07-17 18:00:00,0.1808,0.2053,0.17938,0.18734,1536610969.2
2021-07-18 00:00:00,0.18738,0.19605,0.184,0.19063,468367337.1
2021-07-18 06:00:00,0.19064,0.19179,0.18598,0.19144,282808272.2
2021-07-18 12:00:00,0.19142,0.1916,0.1807,0.18446,383533066.4
2021-07-18 18:00:00,0.18444,0.1867,0.18019,0.18157,210185425.9
2021-07-19 00:00:00,0.18156,0.18429,0.17694,0.18001,251865006.1
2021-07-19 06:00:00,0.17999,0.18055,0.17535,0.17552,218770041.8
2021-07-19 12:00:00,0.17557,0.17643,0.17025,0.17409,427868993.1
2021-07-19 18:00:00,0.17409,0.17636,0.17203,0.17362,181449350.4
2021-07-20 00:00:00,0.17362,0.1758,0.161,0.16457,585000470.7
2021-07-20 06:00:00,0.16455,0.16787,0.15988,0.16504,345537995.0
2021-07-20 12:00:00,0.16503,0.17997,0.16236,0.16977,633954177.0
2021-07-20 18:00:00,0.16978,0.17718,0.16736,0.17047,300549314.5
2021-07-21 00:00:00,0.17048,0.18338,0.16836,0.18019,518446524.8
2021-07-21 06:00:00,0.18022,0.19144,0.17668,0.19046,660098600.8
2021-07-21 12:00:00,0.19045,0.21442,0.18818,0.20229,1741380705.5
2021-07-21 18:00:00,0.20228,0.21099,0.18448,0.19046,1586053553.1
2021-07-22 00:00:00,0.19045,0.19646,0.18632,0.18906,451747854.8
2021-07-22 06:00:00,0.18903,0.19528,0.18789,0.19007,364885730.6
2021-07-22 12:00:00,0.19007,0.19524,0.18675,0.19282,396925081.4
2021-07-22 18:00:00,0.19281,0.19331,0.1894,0.19123,180363500.7
2021-07-23 00:00:00,0.19119,0.19977,0.18961,0.19637,415781411.4
2021-07-23 06:00:00,0.19638,0.19669,0.18909,0.1908,294082444.7
2021-07-23 12:00:00,0.19079,0.19326,0.18292,0.18542,337451349.0
2021-07-23 18:00:00,0.18543,0.195,0.18474,0.19489,305011487.3
2021-07-24 00:00:00,0.1949,0.19538,0.19117,0.19343,302503823.2
2021-07-24 06:00:00,0.19344,0.19916,0.192,0.1958,436774084.6
2021-07-24 12:00:00,0.19579,0.2045,0.1935,0.19925,493776161.7
2021-07-24 18:00:00,0.19926,0.20099,0.1923,0.19688,394561636.7
2021-07-25 00:00:00,0.19689,0.20041,0.19105,0.19689,429281259.2
2021-07-25 06:00:00,0.19689,0.20076,0.19518,0.19597,273741784.5
2021-07-25 12:00:00,0.19597,0.19597,0.19186,0.1949,241979526.5
2021-07-25 18:00:00,0.1949,0.19811,0.19304,0.19793,177433598.4
2021-07-26 00:00:00,0.19788,0.23,0.19679,0.226,1810365991.4
2021-07-26 06:00:00,0.22601,0.23314,0.21618,0.22245,1074985091.8
2021-07-26 12:00:00,0.22248,0.22379,0.21479,0.2201,682911531.7
2021-07-26 18:00:00,0.22009,0.2282,0.20031,0.20362,978192896.9
2021-07-27 00:00:00,0.20363,0.20511,0.19506,0.20074,618221214.5
2021-07-27 06:00:00,0.20074,0.20629,0.19851,0.20629,438064672.1
2021-07-27 12:00:00,0.2063,0.2095,0.19711,0.19964,626547279.1
2021-07-27 18:00:00,0.19964,0.20719,0.19751,0.20585,347326498.7
2021-07-28 00:00:00,0.20586,0.20899,0.20194,0.20615,406170868.3
2021-07-28 06:00:00,0.20615,0.21386,0.20209,0.21047,596852517.0
2021-07-28 12:00:00,0.21047,0.2107,0.20181,0.20247,439146421.8
2021-07-28 18:00:00,0.20242,0.20847,0.20161,0.20574,256514611.5
2021-07-29 00:00:00,0.20571,0.20626,0.20187,0.20543,248966441.2
2021-07-29 06:00:00,0.20542,0.20632,0.20282,0.20378,212361163.1
2021-07-29 12:00:00,0.20378,0.20499,0.20189,0.2033,213627199.0
2021-07-29 18:00:00,0.20331,0.20664,0.2003,0.20502,200752917.5
2021-07-30 00:00:00,0.20503,0.21065,0.20403,0.20682,340052055.1
2021-07-30 06:00:00,0.20682,0.20697,0.19587,0.1995,366200609.6
2021-07-30 12:00:00,0.19952,0.2038,0.19901,0.20275,170342800.0
2021-07-30 18:00:00,0.20275,0.20895,0.20125,0.20873,383896551.6
2021-07-31 00:00:00,0.20872,0.2145,0.205,0.20662,467395243.1
2021-07-31 06:00:00,0.20661,0.21,0.20476,0.20713,257630586.0
2021-07-31 12:00:00,0.20708,0.20998,0.205,0.20667,242026490.6
2021-07-31 18:00:00,0.20666,0.21015,0.20651,0.20765,210430120.0
2021-08-01 00:00:00,0.20764,0.21799,0.206,0.21328,556911855.4
2021-08-01 06:00:00,0.21331,0.2141,0.20875,0.21108,324526221.5
2021-08-01 12:00:00,0.21107,0.2126,0.20631,0.2086,311870202.3
2021-08-01 18:00:00,0.2086,0.2125,0.20082,0.20424,357329451.0
2021-08-02 00:00:00,0.2042,0.2061,0.20206,0.2054,229839673.0
2021-08-02 06:00:00,0.20539,0.20998,0.204,0.20532,259076137.4
2021-08-02 12:00:00,0.20532,0.20659,0.2028,0.2048,237215613.1
2021-08-02 18:00:00,0.20482,0.20521,0.2018,0.20327,170269657.8
2021-08-03 00:00:00,0.20325,0.2051,0.19578,0.19741,347662926.7
2021-08-03 06:00:00,0.1974,0.19946,0.19678,0.19768,183945534.3
2021-08-03 12:00:00,0.19768,0.19913,0.1931,0.19488,285689882.4
2021-08-03 18:00:00,0.19488,0.19783,0.19339,0.19626,159804891.7
2021-08-04 00:00:00,0.19626,0.1998,0.195,0.19635,176580430.1
2021-08-04 06:00:00,0.19636,0.19727,0.19416,0.19668,127116890.1
2021-08-04 12:00:00,0.19667,0.20326,0.19659,0.20058,373219698.2
2021-08-04 18:00:00,0.20058,0.20318,0.1997,0.20153,196343999.0
2021-08-05 00:00:00,0.20152,0.20258,0.19918,0.20012,141347893.4
2021-08-05 06:00:00,0.20012,0.20012,0.195,0.19604,216178120.9
2021-08-05 12:00:00,0.19604,0.20138,0.1943,0.20109,363622430.3
2021-08-05 18:00:00,0.2011,0.20228,0.19915,0.20095,225558856.0
2021-08-06 00:00:00,0.20094,0.2016,0.19841,0.20125,163728075.9
2021-08-06 06:00:00,0.20124,0.20265,0.1985,0.19945,246205168.8
2021-08-06 12:00:00,0.19944,0.20691,0.19877,0.20607,474252789.0
2021-08-06 18:00:00,0.20606,0.212,0.20418,0.20482,379234256.7
2021-08-07 00:00:00,0.20482,0.21699,0.20358,0.21527,525553596.3
2021-08-07 06:00:00,0.21526,0.23142,0.21129,0.22752,1130022694.4
2021-08-07 12:00:00,0.22751,0.24642,0.21785,0.24337,2220389722.9
2021-08-07 18:00:00,0.24338,0.2628,0.23901,0.26189,1282372802.6
2021-08-08 00:00:00,0.26184,0.28377,0.2515,0.26783,2252942363.3
2021-08-08 06:00:00,0.26782,0.27354,0.25529,0.25814,1255169853.6
2021-08-08 12:00:00,0.25814,0.26751,0.2395,0.24302,1404363795.0
2021-08-08 18:00:00,0.24303,0.24703,0.235,0.23996,878682591.6
2021-08-09 00:00:00,0.23996,0.24337,0.23048,0.23789,720418068.2
2021-08-09 06:00:00,0.2379,0.26297,0.234,0.26099,1210134952.2
2021-08-09 12:00:00,0.26103,0.26159,0.24986,0.25523,770060317.7
2021-08-09 18:00:00,0.25524,0.26666,0.245,0.25609,1002251920.5
2021-08-10 00:00:00,0.2561,0.26317,0.24925,0.25399,471609774.1
2021-08-10 06:00:00,0.25398,0.26056,0.24801,0.25092,648828349.8
2021-08-10 12:00:00,0.25093,0.25926,0.24513,0.24886,739125110.5
2021-08-10 18:00:00,0.24886,0.26321,0.248,0.25732,728513385.2
2021-08-11 00:00:00,0.25734,0.27173,0.25626,0.26923,751860602.5
2021-08-11 06:00:00,0.26923,0.27384,0.26321,0.26586,847736461.1
2021-08-11 12:00:00,0.26585,0.28295,0.26428,0.28028,1228446768.7
2021-08-11 18:00:00,0.28027,0.28277,0.2596,0.26445,884717272.4
2021-08-12 00:00:00,0.26448,0.2949,0.26242,0.27355,1531953276.9
2021-08-12 06:00:00,0.27355,0.27763,0.26488,0.26651,890721345.1
2021-08-12 12:00:00,0.26651,0.27,0.25165,0.25917,1000026188.0
2021-08-12 18:00:00,0.25912,0.26967,0.25495,0.26401,500586619.8
2021-08-13 00:00:00,0.26405,0.2709,0.26121,0.26774,215688615.1
2021-08-13 06:00:00,0.26774,0.283,0.26774,0.27503,819265945.6
2021-08-13 12:00:00,0.27504,0.28085,0.26984,0.27533,554502501.5
2021-08-13 18:00:00,0.27533,0.28756,0.27131,0.28667,552963179.1
2021-08-14 00:00:00,0.2867,0.29595,0.28503,0.28878,617639081.6
2021-08-14 06:00:00,0.28876,0.29864,0.2757,0.2832,1130250710.2
2021-08-14 12:00:00,0.28323,0.2948,0.27815,0.28681,854392748.8
2021-08-14 18:00:00,0.28681,0.29583,0.2811,0.29402,529508104.8
2021-08-15 00:00:00,0.29399,0.31397,0.28833,0.30238,1243324291.8
2021-08-15 06:00:00,0.30239,0.30648,0.2862,0.29945,911832410.9
2021-08-15 12:00:00,0.29943,0.3107,0.29178,0.30638,903860465.7
2021-08-15 18:00:00,0.30649,0.3495,0.30575,0.33984,1905798956.6
2021-08-16 00:00:00,0.33996,0.3445,0.32959,0.337,943815101.4
2021-08-16 06:00:00,0.33701,0.3517,0.33175,0.34893,902565635.5
2021-08-16 12:00:00,0.34895,0.3506,0.31963,0.33619,1356919468.8
2021-08-16 18:00:00,0.33618,0.3383,0.31001,0.31956,927398901.1
2021-08-17 00:00:00,0.31946,0.34021,0.30562,0.32789,1008908489.9
2021-08-17 06:00:00,0.32791,0.33999,0.318,0.33255,825811641.4
2021-08-17 12:00:00,0.33251,0.335,0.31333,0.32021,762143627.9
2021-08-17 18:00:00,0.32021,0.3243,0.29452,0.29933,923370847.3
2021-08-18 00:00:00,0.2993,0.30484,0.2775,0.30467,1073212353.5
2021-08-18 06:00:00,0.30472,0.30477,0.28356,0.28587,721552344.8
2021-08-18 12:00:00,0.28586,0.325,0.28353,0.32032,1438436321.6
2021-08-18 18:00:00,0.32035,0.32296,0.293,0.3032,856356647.3
2021-08-19 00:00:00,0.30321,0.31257,0.29355,0.30047,709378606.4
2021-08-19 06:00:00,0.30044,0.30476,0.29547,0.29667,465062287.2
2021-08-19 12:00:00,0.29659,0.30856,0.295,0.30291,568815214.1
2021-08-19 18:00:00,0.3029,0.31943,0.30229,0.31778,643360134.8
2021-08-20 00:00:00,0.31777,0.3269,0.31373,0.31727,551264896.9
2021-08-20 06:00:00,0.31727,0.32339,0.31521,0.31733,478094732.5
2021-08-20 12:00:00,0.31733,0.3364,0.31717,0.32499,823549549.5
2021-08-20 18:00:00,0.32497,0.32913,0.31806,0.32733,324608783.4
2021-08-21 00:00:00,0.32733,0.32764,0.31967,0.32619,343693275.6
2021-08-21 06:00:00,0.32619,0.3295,0.31313,0.31939,634909181.3
2021-08-21 12:00:00,0.31935,0.33,0.31854,0.32359,516987734.0
2021-08-21 18:00:00,0.32358,0.32377,0.3154,0.31662,256375506.3
2021-08-22 00:00:00,0.31666,0.31997,0.31118,0.31622,308914894.2
2021-08-22 06:00:00,0.31623,0.32159,0.31603,0.31908,287074505.0
2021-08-22 12:00:00,0.31908,0.3196,0.30555,0.31,481039872.4
2021-08-22 18:00:00,0.31,0.31633,0.305,0.31467,324089372.2
2021-08-23 00:00:00,0.31467,0.32578,0.3128,0.31989,598209813.4
2021-08-23 06:00:00,0.31988,0.328,0.31724,0.32432,515983199.0
2021-08-23 12:00:00,0.32436,0.32622,0.31334,0.31658,484480087.7
2021-08-23 18:00:00,0.31658,0.32181,0.3131,0.31783,243481114.3
2021-08-24 00:00:00,0.31775,0.31968,0.3109,0.31478,328561311.8
2021-08-24 06:00:00,0.31476,0.31727,0.30789,0.31277,303913426.0
2021-08-24 12:00:00,0.31276,0.31292,0.27433,0.28917,1338789989.8
2021-08-24 18:00:00,0.28916,0.30008,0.2879,0.28864,365115926.2
2021-08-25 00:00:00,0.28862,0.29571,0.28801,0.29555,328511849.0
2021-08-25 06:00:00,0.29555,0.29789,0.27948,0.28634,484471733.3
2021-08-25 12:00:00,0.28634,0.29533,0.2798,0.2928,556964995.3
2021-08-25 18:00:00,0.29281,0.29409,0.28674,0.29255,288793571.2
2021-08-26 00:00:00,0.29254,0.29645,0.278,0.27955,401783178.9
2021-08-26 06:00:00,0.27952,0.28075,0.27,0.274,331045005.5
2021-08-26 12:00:00,0.2741,0.2794,0.2641,0.2704,430358070.7
2021-08-26 18:00:00,0.2704,0.2751,0.2658,0.2684,238018577.0
2021-08-27 00:00:00,0.2684,0.2751,0.265,0.2709,302298741.0
2021-08-27 06:00:00,0.2709,0.2814,0.269,0.2774,295735168.9
2021-08-27 12:00:00,0.2774,0.288,0.2741,0.2839,432119591.0
2021-08-27 18:00:00,0.2838,0.2951,0.282,0.2944,314914250.8
2021-08-28 00:00:00,0.2944,0.2995,0.2875,0.2894,289452509.1
2021-08-28 06:00:00,0.2894,0.2911,0.2842,0.2853,174799540.0
2021-08-28 12:00:00,0.2853,0.2902,0.2833,0.2855,216114723.0
2021-08-28 18:00:00,0.2855,0.2875,0.283,0.286,132875613.0
2021-08-29 00:00:00,0.286,0.2918,0.2772,0.2817,274089035.0
2021-08-29 06:00:00,0.2816,0.2834,0.2778,0.2781,153025961.0
2021-08-29 12:00:00,0.2781,0.2813,0.2764,0.2809,166676893.0
2021-08-29 18:00:00,0.2809,0.2851,0.2794,0.2809,165039538.0
2021-08-30 00:00:00,0.2809,0.2905,0.2777,0.2812,344100402.0
2021-08-30 06:00:00,0.2812,0.2832,0.275,0.2778,202912558.0
2021-08-30 12:00:00,0.2778,0.279,0.2711,0.2786,224004189.0
2021-08-30 18:00:00,0.2786,0.2816,0.2698,0.272,223906758.0
2021-08-31 00:00:00,0.2719,0.2756,0.2696,0.2728,133515968.0
2021-08-31 06:00:00,0.2728,0.2802,0.2696,0.2794,268967801.0
2021-08-31 12:00:00,0.2795,0.286,0.2743,0.277,426407392.0
2021-08-31 18:00:00,0.277,0.2813,0.2729,0.2781,165500441.0
2021-09-01 00:00:00,0.2782,0.2799,0.2728,0.2796,160059415.0
2021-09-01 06:00:00,0.2795,0.283,0.277,0.283,220255706.0
2021-09-01 12:00:00,0.2829,0.2911,0.2788,0.2857,365919421.0
2021-09-01 18:00:00,0.2858,0.295,0.2858,0.2943,331410673.0
2021-09-02 00:00:00,0.2944,0.31,0.2917,0.2998,735363871.7
2021-09-02 06:00:00,0.2998,0.3084,0.2984,0.3074,418793565.0
2021-09-02 12:00:00,0.3074,0.3095,0.2933,0.2976,498065467.0
2021-09-02 18:00:00,0.2976,0.3009,0.2942,0.2947,207656801.0
2021-09-03 00:00:00,0.2946,0.2988,0.287,0.294,310827540.0
2021-09-03 06:00:00,0.2941,0.3011,0.2909,0.2984,301276454.0
2021-09-03 12:00:00,0.2984,0.3047,0.2962,0.2977,426978312.0
2021-09-03 18:00:00,0.2977,0.2995,0.2912,0.2961,209712828.0
2021-09-04 00:00:00,0.2961,0.2979,0.2929,0.2951,166049676.0
2021-09-04 06:00:00,0.295,0.3016,0.2941,0.2963,238486356.0
2021-09-04 12:00:00,0.2962,0.3087,0.2953,0.3003,571847142.0
2021-09-04 18:00:00,0.3004,0.3025,0.296,0.2992,194003417.0
2021-09-05 00:00:00,0.2993,0.305,0.2967,0.2984,218185347.0
2021-09-05 06:00:00,0.2985,0.3031,0.296,0.3011,191239118.0
2021-09-05 12:00:00,0.3012,0.308,0.3002,0.3061,396528159.0
2021-09-05 18:00:00,0.3061,0.3155,0.3045,0.3143,467148559.7
2021-09-06 00:00:00,0.3144,0.316,0.3093,0.3115,242018365.7
2021-09-06 06:00:00,0.3116,0.3199,0.3065,0.3084,474625219.4
2021-09-06 12:00:00,0.3084,0.3101,0.2997,0.3066,390948677.0
2021-09-06 18:00:00,0.3065,0.3119,0.3042,0.309,220149021.0
2021-09-07 00:00:00,0.3091,0.3114,0.3037,0.3055,204812337.0
2021-09-07 06:00:00,0.3056,0.3065,0.2791,0.285,850270506.0
2021-09-07 12:00:00,0.285,0.288,0.2145,0.2488,2326888129.1
2021-09-07 18:00:00,0.2489,0.257,0.2403,0.2552,761638622.0
2021-09-08 00:00:00,0.2553,0.2633,0.2505,0.2522,425949170.0
2021-09-08 06:00:00,0.2523,0.2542,0.2332,0.2472,764835813.0
2021-09-08 12:00:00,0.2473,0.2635,0.2438,0.2557,528118826.0
2021-09-08 18:00:00,0.2556,0.26,0.2491,0.2567,317821969.0
2021-09-09 00:00:00,0.2566,0.2597,0.249,0.257,258351483.0
2021-09-09 06:00:00,0.257,0.2593,0.2523,0.2542,248816484.0
2021-09-09 12:00:00,0.2543,0.2587,0.2486,0.255,305144734.0
2021-09-09 18:00:00,0.255,0.2557,0.2504,0.2525,160595989.0
2021-09-10 00:00:00,0.2525,0.262,0.2511,0.2561,216431634.0
2021-09-10 06:00:00,0.2561,0.2561,0.2423,0.249,282234539.0
2021-09-10 12:00:00,0.2489,0.2506,0.2361,0.2452,376120823.0
2021-09-10 18:00:00,0.2451,0.2457,0.2353,0.2397,165184877.0
2021-09-11 00:00:00,0.2398,0.2443,0.2381,0.2414,126968283.0
2021-09-11 06:00:00,0.2414,0.2465,0.2376,0.2446,149537314.0
2021-09-11 12:00:00,0.2447,0.2479,0.2433,0.2448,180859947.0
2021-09-11 18:00:00,0.2448,0.2456,0.2392,0.241,117595790.0
2021-09-12 00:00:00,0.241,0.2437,0.2387,0.2423,106430068.0
2021-09-12 06:00:00,0.2422,0.248,0.2402,0.2476,157161751.0
2021-09-12 12:00:00,0.2476,0.248,0.244,0.2461,118524437.0
2021-09-12 18:00:00,0.2462,0.2551,0.2391,0.2502,442323247.0
2021-09-13 00:00:00,0.2504,0.2523,0.2374,0.2397,323051884.0
2021-09-13 06:00:00,0.2397,0.2405,0.2314,0.237,271548157.0
2021-09-13 12:00:00,0.2371,0.2452,0.2281,0.2343,500985864.0
2021-09-13 18:00:00,0.2342,0.2394,0.2338,0.2358,98916606.0
2021-09-14 00:00:00,0.2359,0.2386,0.2335,0.2354,106194209.0
2021-09-14 06:00:00,0.2354,0.2392,0.2349,0.237,143195204.0
2021-09-14 12:00:00,0.2369,0.2417,0.235,0.2397,230004317.0
2021-09-14 18:00:00,0.2398,0.2409,0.2369,0.2406,121383611.0
2021-09-15 00:00:00,0.2406,0.242,0.2388,0.2405,106620927.0
2021-09-15 06:00:00,0.2404,0.243,0.2391,0.2417,139400138.0
2021-09-15 12:00:00,0.2418,0.248,0.2405,0.2456,233002669.0
2021-09-15 18:00:00,0.2455,0.2484,0.2447,0.2476,145708150.0
2021-09-16 00:00:00,0.2477,0.2479,0.2412,0.2453,225064363.0
2021-09-16 06:00:00,0.2454,0.2472,0.2419,0.2436,134088339.0
2021-09-16 12:00:00,0.2436,0.245,0.2358,0.2392,224803802.0
2021-09-16 18:00:00,0.2391,0.2438,0.2329,0.2418,183129213.0
2021-09-17 00:00:00,0.2419,0.2599,0.2387,0.2567,561219464.0
2021-09-17 06:00:00,0.2566,0.2592,0.2393,0.2405,554857538.0
2021-09-17 12:00:00,0.2405,0.2449,0.2373,0.2409,241198928.0
2021-09-17 18:00:00,0.2409,0.243,0.2375,0.2401,175071305.0
2021-09-18 00:00:00,0.2401,0.2449,0.2379,0.2445,122142810.0
2021-09-18 06:00:00,0.2446,0.2474,0.2421,0.2426,182950689.0
2021-09-18 12:00:00,0.2427,0.2437,0.2403,0.2416,128492470.0
2021-09-18 18:00:00,0.2415,0.242,0.2384,0.2413,98422999.0
2021-09-19 00:00:00,0.2414,0.2414,0.2384,0.2408,94035591.0
2021-09-19 06:00:00,0.2409,0.2415,0.2332,0.2347,131583542.0
2021-09-19 12:00:00,0.2347,0.2389,0.2338,0.2364,131215254.0
2021-09-19 18:00:00,0.2365,0.2385,0.2307,0.2331,129438650.0
2021-09-20 00:00:00,0.2331,0.2335,0.2185,0.2235,379203034.0
2021-09-20 06:00:00,0.2235,0.2242,0.2041,0.2075,510213291.8
2021-09-20 12:00:00,0.2075,0.216,0.1988,0.2149,613116244.1
2021-09-20 18:00:00,0.2149,0.2157,0.205,0.2086,339685682.0
2021-09-21 00:00:00,0.2086,0.212,0.1989,0.2067,381609948.0
2021-09-21 06:00:00,0.2068,0.2137,0.2067,0.2126,156726299.0
2021-09-21 12:00:00,0.2125,0.2185,0.2052,0.2063,382388171.0
2021-09-21 18:00:00,0.2063,0.2118,0.1976,0.2009,554748219.8
2021-09-22 00:00:00,0.2008,0.2138,0.1999,0.209,489453034.0
2021-09-22 06:00:00,0.209,0.2145,0.2062,0.2082,261012692.0
2021-09-22 12:00:00,0.2082,0.2286,0.2071,0.2199,421076922.7
2021-09-22 18:00:00,0.2199,0.2304,0.2184,0.2245,334174511.0
2021-09-23 00:00:00,0.2244,0.2262,0.2198,0.2236,211424816.0
2021-09-23 06:00:00,0.2236,0.2273,0.2175,0.219,252281025.0
2021-09-23 12:00:00,0.2191,0.2251,0.218,0.2238,231411390.0
2021-09-23 18:00:00,0.2238,0.2264,0.2212,0.2246,114017553.0
2021-09-24 00:00:00,0.2245,0.2291,0.2184,0.2202,217447232.0
2021-09-24 06:00:00,0.2201,0.2235,0.1965,0.2037,767665918.9
2021-09-24 12:00:00,0.2037,0.2099,0.2005,0.2073,300086379.0
2021-09-24 18:00:00,0.2073,0.2146,0.2067,0.2091,161132614.0
2021-09-25 00:00:00,0.2092,0.2126,0.2072,0.209,141921717.0
2021-09-25 06:00:00,0.2089,0.2112,0.2043,0.2079,174134514.0
2021-09-25 12:00:00,0.2079,0.214,0.2048,0.2087,228465855.0
2021-09-25 18:00:00,0.2087,0.2105,0.206,0.2083,103586248.0
2021-09-26 00:00:00,0.2084,0.2089,0.2024,0.2044,148159539.0
2021-09-26 06:00:00,0.2043,0.2062,0.194,0.2043,426737796.7
2021-09-26 12:00:00,0.2043,0.2088,0.2043,0.2063,98698310.0
2021-09-26 18:00:00,0.2063,0.2088,0.2028,0.205,104429225.0
2021-09-27 00:00:00,0.205,0.2093,0.2032,0.2076,111385458.0
2021-09-27 06:00:00,0.2076,0.2087,0.2041,0.2064,117199444.0
2021-09-27 12:00:00,0.2063,0.2065,0.2007,0.2016,132671986.0
2021-09-27 18:00:00,0.2016,0.2041,0.1996,0.1997,86015504.0
2021-09-28 00:00:00,0.1998,0.2023,0.1984,0.2014,95465699.0
2021-09-28 06:00:00,0.2014,0.2027,0.1989,0.2016,127198232.0
2021-09-28 12:00:00,0.2016,0.2027,0.1965,0.1984,161012607.0
2021-09-28 18:00:00,0.1983,0.2006,0.196,0.1965,94333588.0
2021-09-29 00:00:00,0.1966,0.2009,0.1946,0.1999,141583383.0
2021-09-29 06:00:00,0.1998,0.2023,0.1991,0.2016,91513612.0
2021-09-29 12:00:00,0.2016,0.2043,0.1973,0.1975,179377699.0
2021-09-29 18:00:00,0.1974,0.1988,0.1949,0.1987,95723187.0
2021-09-30 00:00:00,0.1987,0.2047,0.1976,0.2026,153090398.0
2021-09-30 06:00:00,0.2026,0.2036,0.1995,0.2002,113319135.0
2021-09-30 12:00:00,0.2002,0.203,0.1997,0.2028,130973546.0
2021-09-30 18:00:00,0.2028,0.206,0.2016,0.2042,127962494.0
2021-10-01 00:00:00,0.2043,0.2052,0.2018,0.2033,99582882.0
2021-10-01 06:00:00,0.2032,0.2172,0.2026,0.217,386391088.0
2021-10-01 12:00:00,0.217,0.2194,0.2114,0.2177,301736880.0
2021-10-01 18:00:00,0.2176,0.2253,0.2159,0.2226,241692170.0
2021-10-02 00:00:00,0.2227,0.2233,0.2159,0.2174,160374845.0
2021-10-02 06:00:00,0.2175,0.2188,0.2151,0.2175,121817697.0
2021-10-02 12:00:00,0.2176,0.225,0.2165,0.2238,277233358.0
2021-10-02 18:00:00,0.2238,0.225,0.2167,0.2185,167553660.0
2021-10-03 00:00:00,0.2186,0.2203,0.2155,0.22,120731065.0
2021-10-03 06:00:00,0.2199,0.2221,0.2165,0.2214,132188577.0
2021-10-03 12:00:00,0.2213,0.2245,0.2193,0.2234,211123549.0
2021-10-03 18:00:00,0.2234,0.2266,0.2182,0.2218,233953450.0
2021-10-04 00:00:00,0.2218,0.2269,0.2119,0.2165,378266388.0
2021-10-04 06:00:00,0.2166,0.217,0.2124,0.2151,169485911.0
2021-10-04 12:00:00,0.2151,0.2365,0.214,0.2294,1338151668.0
2021-10-04 18:00:00,0.2294,0.249,0.2261,0.2414,1395314373.0
2021-10-05 00:00:00,0.2415,0.249,0.2371,0.2379,520684495.0
2021-10-05 06:00:00,0.2379,0.2416,0.2325,0.2393,470836751.0
2021-10-05 12:00:00,0.2393,0.268,0.2371,0.2557,2153608658.0
2021-10-05 18:00:00,0.2556,0.2626,0.25,0.2516,651023837.0
2021-10-06 00:00:00,0.2517,0.2627,0.2465,0.2617,937315020.0
2021-10-06 06:00:00,0.2617,0.2719,0.2422,0.2469,1442232948.0
2021-10-06 12:00:00,0.2468,0.2622,0.2453,0.2535,883829918.0
2021-10-06 18:00:00,0.2534,0.2557,0.2466,0.2541,418131304.0
2021-10-07 00:00:00,0.2542,0.2544,0.2357,0.2445,696289801.0
2021-10-07 06:00:00,0.2444,0.2525,0.2422,0.2512,477990968.0
2021-10-07 12:00:00,0.2513,0.257,0.2396,0.242,745518424.0
2021-10-07 18:00:00,0.2421,0.2468,0.2409,0.2428,222594292.0
2021-10-08 00:00:00,0.2429,0.2477,0.2414,0.2449,178939545.0
2021-10-08 06:00:00,0.2449,0.2549,0.243,0.2475,466476117.0
2021-10-08 12:00:00,0.2475,0.2515,0.2425,0.2462,465662250.0
2021-10-08 18:00:00,0.2462,0.2509,0.2419,0.2441,270744214.0
2021-10-09 00:00:00,0.2442,0.2465,0.2407,0.2446,179897493.0
2021-10-09 06:00:00,0.2446,0.2499,0.2435,0.2468,358731600.0
2021-10-09 12:00:00,0.2468,0.2527,0.2458,0.2486,366502146.0
2021-10-09 18:00:00,0.2486,0.2493,0.2446,0.2467,168454313.0
2021-10-10 00:00:00,0.2467,0.2472,0.2422,0.2467,192739666.0
2021-10-10 06:00:00,0.2466,0.2487,0.2434,0.2451,194773489.0
2021-10-10 12:00:00,0.2451,0.2453,0.2369,0.2409,261900576.0
2021-10-10 18:00:00,0.2409,0.2426,0.226,0.2288,328235229.0
2021-10-11 00:00:00,0.2287,0.2376,0.2257,0.2349,219161532.0
2021-10-11 06:00:00,0.235,0.2394,0.231,0.2331,296028342.0
2021-10-11 12:00:00,0.2331,0.2372,0.231,0.232,335182699.0
2021-10-11 18:00:00,0.232,0.2322,0.2249,0.2312,222338484.0
2021-10-12 00:00:00,0.2312,0.2318,0.222,0.2262,229671400.0
2021-10-12 06:00:00,0.2262,0.228,0.2182,0.2229,263821776.0
2021-10-12 12:00:00,0.2229,0.2257,0.216,0.2217,342989743.0
2021-10-12 18:00:00,0.2217,0.2275,0.2195,0.2261,193987160.0
2021-10-13 00:00:00,0.226,0.2314,0.2209,0.2211,262274735.0
2021-10-13 06:00:00,0.221,0.2247,0.2203,0.2242,257411441.0
2021-10-13 12:00:00,0.2243,0.2295,0.2211,0.2276,263932810.0
2021-10-13 18:00:00,0.2276,0.2342,0.2275,0.2326,260761799.0
2021-10-14 00:00:00,0.2325,0.2403,0.2323,0.2359,377132024.0
2021-10-14 06:00:00,0.2359,0.239,0.2344,0.2379,256949234.0
2021-10-14 12:00:00,0.2379,0.2385,0.2315,0.235,263129463.0
2021-10-14 18:00:00,0.235,0.2357,0.2311,0.2325,200838961.0
2021-10-15 00:00:00,0.2325,0.2356,0.227,0.235,349008703.0
2021-10-15 06:00:00,0.235,0.2352,0.2239,0.2283,325899939.0
2021-10-15 12:00:00,0.2282,0.2348,0.2272,0.233,331751182.0
2021-10-15 18:00:00,0.2329,0.2436,0.2329,0.234,450880891.0
2021-10-16 00:00:00,0.2341,0.2459,0.2337,0.2385,452674872.0
2021-10-16 06:00:00,0.2385,0.2431,0.2365,0.2411,254969846.0
2021-10-16 12:00:00,0.2411,0.2446,0.2353,0.2383,378027685.0
2021-10-16 18:00:00,0.2383,0.2387,0.235,0.2372,138472030.0
2021-10-17 00:00:00,0.2373,0.2386,0.2338,0.2359,152185203.0
2021-10-17 06:00:00,0.2359,0.2412,0.2354,0.2393,178690631.0
2021-10-17 12:00:00,0.2393,0.2402,0.235,0.2366,187250550.0
2021-10-17 18:00:00,0.2367,0.2421,0.2252,0.2378,692282851.0
2021-10-18 00:00:00,0.2377,0.2433,0.237,0.2399,293045722.0
2021-10-18 06:00:00,0.2399,0.273,0.2392,0.2587,2745934042.0
2021-10-18 12:00:00,0.2587,0.2607,0.2501,0.2532,1285558653.0
2021-10-18 18:00:00,0.2532,0.2559,0.2438,0.2474,584686550.0
2021-10-19 00:00:00,0.2474,0.255,0.2431,0.2505,460494066.0
2021-10-19 06:00:00,0.2504,0.2508,0.2447,0.2468,314943161.0
2021-10-19 12:00:00,0.2469,0.2478,0.2401,0.2439,353145237.0
2021-10-19 18:00:00,0.2438,0.2469,0.2399,0.2454,286876854.0
2021-10-20 00:00:00,0.2454,0.2465,0.2421,0.245,170617304.0
2021-10-20 06:00:00,0.245,0.2461,0.2433,0.244,161661703.0
2021-10-20 12:00:00,0.244,0.2571,0.2439,0.2534,740703042.0
2021-10-20 18:00:00,0.2534,0.262,0.2521,0.2548,565586800.0
2021-10-21 00:00:00,0.2548,0.2584,0.2488,0.2532,358072557.0
2021-10-21 06:00:00,0.2532,0.2575,0.2474,0.2504,490686208.0
2021-10-21 12:00:00,0.2504,0.2535,0.2403,0.2434,517790532.0
2021-10-21 18:00:00,0.2435,0.2464,0.2382,0.2424,207124418.0
2021-10-22 00:00:00,0.2425,0.2469,0.2421,0.2459,215791476.0
2021-10-22 06:00:00,0.2459,0.2491,0.2451,0.2472,167689209.0
2021-10-22 12:00:00,0.2472,0.2472,0.2352,0.2378,457811872.0
2021-10-22 18:00:00,0.2378,0.2549,0.2373,0.2446,711951080.0
2021-10-23 00:00:00,0.2446,0.248,0.2416,0.2456,211821154.0
2021-10-23 06:00:00,0.2455,0.2504,0.24,0.2459,298689330.0
2021-10-23 12:00:00,0.246,0.254,0.2445,0.2503,458742753.0
2021-10-23 18:00:00,0.2503,0.2518,0.245,0.2511,289419411.0
2021-10-24 00:00:00,0.2511,0.2518,0.2477,0.2494,230738373.0
2021-10-24 06:00:00,0.2493,0.2709,0.2457,0.264,1136661085.0
2021-10-24 12:00:00,0.2641,0.2677,0.2498,0.257,1464923477.0
2021-10-24 18:00:00,0.2569,0.2832,0.2552,0.2756,2055599911.0
2021-10-25 00:00:00,0.2757,0.2805,0.2671,0.2688,1059877268.0
2021-10-25 06:00:00,0.2687,0.2716,0.2601,0.2619,741591968.0
2021-10-25 12:00:00,0.2618,0.2684,0.2613,0.2633,604871292.0
2021-10-25 18:00:00,0.2634,0.268,0.2585,0.2651,533351650.0
2021-10-26 00:00:00,0.2651,0.2675,0.2618,0.2633,314180868.0
2021-10-26 06:00:00,0.2633,0.2743,0.2631,0.272,701868412.0
2021-10-26 12:00:00,0.2721,0.2733,0.263,0.2675,547669270.0
2021-10-26 18:00:00,0.2675,0.2675,0.252,0.2559,568443823.0
2021-10-27 00:00:00,0.2558,0.2636,0.2541,0.2607,434886899.0
2021-10-27 06:00:00,0.2606,0.2614,0.2169,0.237,1721201577.0
2021-10-27 12:00:00,0.2369,0.26,0.2344,0.2472,1836430875.0
2021-10-27 18:00:00,0.2472,0.2536,0.234,0.2379,1230912975.0
2021-10-28 00:00:00,0.2379,0.2736,0.2324,0.2733,1612301111.0
2021-10-28 06:00:00,0.2734,0.3361,0.2664,0.2962,9082467065.2
2021-10-28 12:00:00,0.2963,0.34,0.2929,0.3269,4340433031.8
2021-10-28 18:00:00,0.3269,0.327,0.29,0.2997,2284908223.0
2021-10-29 00:00:00,0.2997,0.307,0.2842,0.2899,1536482103.0
2021-10-29 06:00:00,0.2899,0.3003,0.2752,0.2845,1434271280.0
2021-10-29 12:00:00,0.2846,0.293,0.2786,0.2885,1205795036.0
2021-10-29 18:00:00,0.2885,0.2979,0.2839,0.2882,800636455.0
2021-10-30 00:00:00,0.2882,0.295,0.2828,0.2948,629326102.0
2021-10-30 06:00:00,0.2948,0.2949,0.2806,0.2848,777702698.0
2021-10-30 12:00:00,0.2848,0.2886,0.2666,0.27,1157894153.0
2021-10-30 18:00:00,0.27,0.2773,0.258,0.269,876078348.0
2021-10-31 00:00:00,0.269,0.2745,0.2608,0.2704,746151285.0
2021-10-31 06:00:00,0.2703,0.2706,0.2578,0.2604,542995458.0
2021-10-31 12:00:00,0.2604,0.2643,0.252,0.2605,782692892.0
2021-10-31 18:00:00,0.2605,0.2852,0.2575,0.28,1785514931.0
2021-11-01 00:00:00,0.28,0.2866,0.2631,0.2674,894581291.0
2021-11-01 06:00:00,0.2674,0.2814,0.2662,0.2734,716682822.0
2021-11-01 12:00:00,0.2734,0.2764,0.2689,0.2699,540738339.0
2021-11-01 18:00:00,0.2699,0.2734,0.2668,0.2716,345091515.0
2021-11-02 00:00:00,0.2716,0.2767,0.2666,0.2759,364111245.0
2021-11-02 06:00:00,0.2758,0.281,0.2701,0.2724,700273172.0
2021-11-02 12:00:00,0.2725,0.2741,0.2708,0.2724,331837233.0
2021-11-02 18:00:00,0.2724,0.2803,0.2713,0.2739,516271644.0
2021-11-03 00:00:00,0.2739,0.276,0.2697,0.2732,338436763.0
2021-11-03 06:00:00,0.2732,0.2776,0.2705,0.2735,406852963.0
2021-11-03 12:00:00,0.2735,0.2736,0.262,0.2679,526857494.0
2021-11-03 18:00:00,0.268,0.2724,0.2662,0.2689,335350946.0
2021-11-04 00:00:00,0.2689,0.2709,0.2659,0.267,206989430.0
2021-11-04 06:00:00,0.267,0.2682,0.261,0.2622,335564063.0
2021-11-04 12:00:00,0.2621,0.2647,0.2539,0.2568,590873397.0
2021-11-04 18:00:00,0.2569,0.265,0.2557,0.263,313530780.0
2021-11-05 00:00:00,0.263,0.2631,0.2578,0.2611,176590213.0
2021-11-05 06:00:00,0.2612,0.2709,0.2547,0.2603,479403797.0
2021-11-05 12:00:00,0.2603,0.264,0.2564,0.2611,413927708.0
2021-11-05 18:00:00,0.2612,0.2626,0.257,0.2609,212454734.0
2021-11-06 00:00:00,0.2608,0.2676,0.2596,0.2632,273069185.0
2021-11-06 06:00:00,0.2632,0.2635,0.25,0.255,397108446.0
2021-11-06 12:00:00,0.255,0.259,0.2522,0.2577,233058441.0
2021-11-06 18:00:00,0.2578,0.2636,0.2574,0.2618,232621653.0
2021-11-07 00:00:00,0.2618,0.2638,0.26,0.2605,146667039.0
2021-11-07 06:00:00,0.2606,0.2677,0.2584,0.2628,257907254.0
2021-11-07 12:00:00,0.2628,0.2698,0.2613,0.2666,328557677.0
2021-11-07 18:00:00,0.2665,0.2677,0.2636,0.2664,179015005.0
2021-11-08 00:00:00,0.2664,0.2753,0.2644,0.2747,504780844.0
2021-11-08 06:00:00,0.2747,0.2973,0.2708,0.2836,1745457471.0
2021-11-08 12:00:00,0.2836,0.2844,0.2749,0.279,661573250.0
2021-11-08 18:00:00,0.2791,0.285,0.2764,0.2819,508862924.0
2021-11-09 00:00:00,0.282,0.2905,0.2789,0.2852,576965985.0
2021-11-09 06:00:00,0.2852,0.2866,0.2708,0.2761,521384604.0
2021-11-09 12:00:00,0.2761,0.2795,0.2715,0.2753,539928111.0
2021-11-09 18:00:00,0.2754,0.2764,0.2725,0.2736,216614782.0
2021-11-10 00:00:00,0.2737,0.2762,0.2661,0.2701,329560069.0
2021-11-10 06:00:00,0.27,0.2756,0.2699,0.2719,223955359.0
2021-11-10 12:00:00,0.2719,0.2775,0.2686,0.2708,641611139.0
2021-11-10 18:00:00,0.2708,0.2709,0.235,0.2553,1405146310.0
2021-11-11 00:00:00,0.2553,0.264,0.2529,0.2602,394171774.0
2021-11-11 06:00:00,0.2602,0.2636,0.2582,0.2606,230102845.0
2021-11-11 12:00:00,0.2606,0.2716,0.2561,0.2618,555973515.0
2021-11-11 18:00:00,0.2618,0.2644,0.2603,0.2605,176293661.0
2021-11-12 00:00:00,0.2604,0.2686,0.2588,0.2611,252502796.0
2021-11-12 06:00:00,0.2612,0.2626,0.2531,0.2548,407710374.0
2021-11-12 12:00:00,0.2548,0.2575,0.2484,0.2563,417320317.0
2021-11-12 18:00:00,0.2564,0.2606,0.2547,0.2593,149600968.0
2021-11-13 00:00:00,0.2594,0.2607,0.2542,0.2551,121508921.0
2021-11-13 06:00:00,0.2552,0.2607,0.2551,0.2576,207602107.0
2021-11-13 12:00:00,0.2575,0.2617,0.2557,0.2609,241669972.0
2021-11-13 18:00:00,0.261,0.2624,0.2584,0.2613,160128452.0
2021-11-14 00:00:00,0.2612,0.2633,0.2604,0.261,156703218.0
2021-11-14 06:00:00,0.261,0.2719,0.2599,0.2639,532252698.0
2021-11-14 12:00:00,0.2638,0.2655,0.2597,0.262,288156246.0
2021-11-14 18:00:00,0.2621,0.263,0.2608,0.2628,132195864.0
2021-11-15 00:00:00,0.2628,0.2654,0.2617,0.2635,151139083.0
2021-11-15 06:00:00,0.2635,0.2641,0.2606,0.262,167415779.0
2021-11-15 12:00:00,0.2621,0.2639,0.257,0.2581,314645995.0
2021-11-15 18:00:00,0.258,0.2592,0.2553,0.2566,151463131.0
2021-11-16 00:00:00,0.2567,0.2567,0.2427,0.2475,567738939.0
2021-11-16 06:00:00,0.2475,0.2485,0.2225,0.24,889588849.0
2021-11-16 12:00:00,0.24,0.2453,0.2367,0.2398,249846788.0
2021-11-16 18:00:00,0.2398,0.2416,0.2316,0.2365,224131574.0
2021-11-17 00:00:00,0.2364,0.239,0.2293,0.235,391490393.0
2021-11-17 06:00:00,0.235,0.2397,0.2324,0.2395,295169143.0
2021-11-17 12:00:00,0.2395,0.2413,0.2341,0.2377,215553204.0
2021-11-17 18:00:00,0.2377,0.2382,0.2348,0.2374,114324377.0
2021-11-18 00:00:00,0.2373,0.2413,0.2338,0.2345,211174019.0
2021-11-18 06:00:00,0.2344,0.235,0.2283,0.2302,252199527.0
2021-11-18 12:00:00,0.2303,0.2326,0.215,0.2237,705879428.0
2021-11-18 18:00:00,0.2237,0.2282,0.2191,0.2208,254806851.0
2021-11-19 00:00:00,0.2209,0.2246,0.2155,0.2226,352532072.0
2021-11-19 06:00:00,0.2226,0.2279,0.2204,0.2257,212522899.0
2021-11-19 12:00:00,0.2257,0.2369,0.2252,0.2334,328587863.0
2021-11-19 18:00:00,0.2334,0.2341,0.2307,0.2329,117614148.0
2021-11-20 00:00:00,0.2328,0.2357,0.2312,0.2315,128616607.0
2021-11-20 06:00:00,0.2315,0.2342,0.2312,0.2329,112529964.0
2021-11-20 12:00:00,0.233,0.2342,0.2249,0.2265,229802168.0
2021-11-20 18:00:00,0.2265,0.2351,0.226,0.233,167444511.0
2021-11-21 00:00:00,0.233,0.2334,0.2274,0.2303,129343131.0
2021-11-21 06:00:00,0.2302,0.2305,0.2269,0.2286,144709117.0
2021-11-21 12:00:00,0.2286,0.2313,0.2264,0.2288,178888187.0
2021-11-21 18:00:00,0.2288,0.2297,0.225,0.2255,131557634.0
2021-11-22 00:00:00,0.2256,0.2261,0.2194,0.2222,183922270.0
2021-11-22 06:00:00,0.2222,0.2242,0.2211,0.2224,110723677.0
2021-11-22 12:00:00,0.2224,0.2273,0.22,0.2215,205391093.0
2021-11-22 18:00:00,0.2215,0.2216,0.2163,0.2195,215392175.0
2021-11-23 00:00:00,0.2194,0.2234,0.2176,0.2211,127292365.0
2021-11-23 06:00:00,0.2211,0.2369,0.2132,0.2222,891663947.0
2021-11-23 12:00:00,0.2223,0.2348,0.2212,0.2277,455134465.0
2021-11-23 18:00:00,0.2276,0.2285,0.2242,0.2266,174185854.0
2021-11-24 00:00:00,0.2267,0.2304,0.2211,0.2227,231820758.0
2021-11-24 06:00:00,0.2228,0.2232,0.2163,0.2189,310816341.0
2021-11-24 12:00:00,0.219,0.2194,0.2106,0.2156,446805961.0
2021-11-24 18:00:00,0.2156,0.218,0.2142,0.217,161546935.0
2021-11-25 00:00:00,0.217,0.2209,0.2138,0.2161,253636427.0
2021-11-25 06:00:00,0.2161,0.2198,0.2142,0.2191,232908021.0
2021-11-25 12:00:00,0.219,0.2289,0.2188,0.2245,387954492.0
2021-11-25 18:00:00,0.2244,0.2255,0.2202,0.2209,222917008.0
2021-11-26 00:00:00,0.221,0.2217,0.2151,0.2172,201104693.0
2021-11-26 06:00:00,0.2172,0.2177,0.186,0.197,1490321421.3
2021-11-26 12:00:00,0.1969,0.2059,0.1956,0.2035,401533029.0
2021-11-26 18:00:00,0.2035,0.2066,0.2002,0.2016,212071513.0
2021-11-27 00:00:00,0.2016,0.21,0.2005,0.2052,304584468.0
2021-11-27 06:00:00,0.2051,0.2086,0.2045,0.2063,230406944.0
2021-11-27 12:00:00,0.2062,0.2092,0.2052,0.2074,189901827.0
2021-11-27 18:00:00,0.2073,0.2099,0.2019,0.2049,183959584.0
2021-11-28 00:00:00,0.2049,0.205,0.1964,0.2003,299809697.0
2021-11-28 06:00:00,0.2003,0.2022,0.1985,0.2003,121581292.0
2021-11-28 12:00:00,0.2004,0.2008,0.1941,0.1954,158542125.0
2021-11-28 18:00:00,0.1955,0.2074,0.1907,0.2073,278968143.0
2021-11-29 00:00:00,0.2072,0.2085,0.2043,0.2053,212921833.0
2021-11-29 06:00:00,0.2053,0.2078,0.2025,0.2037,200714756.0
2021-11-29 12:00:00,0.2038,0.227,0.2032,0.2158,1240617751.0
2021-11-29 18:00:00,0.2158,0.2189,0.2136,0.215,203183529.0
2021-11-30 00:00:00,0.2149,0.2275,0.2147,0.2168,576346855.0
2021-11-30 06:00:00,0.2168,0.2239,0.2127,0.2212,369221001.0
2021-11-30 12:00:00,0.2212,0.2248,0.2125,0.2158,545470149.0
2021-11-30 18:00:00,0.2158,0.2188,0.2139,0.2147,126657215.0
2021-12-01 00:00:00,0.2147,0.2189,0.2124,0.2136,191619538.0
2021-12-01 06:00:00,0.2136,0.2169,0.2112,0.2134,210115360.0
2021-12-01 12:00:00,0.2134,0.2164,0.2129,0.2132,186265103.0
2021-12-01 18:00:00,0.2132,0.2136,0.2058,0.2093,215902282.0
2021-12-02 00:00:00,0.2093,0.2094,0.2011,0.2057,174227425.0
2021-12-02 06:00:00,0.2057,0.2233,0.2049,0.2153,989218523.0
2021-12-02 12:00:00,0.2153,0.217,0.2075,0.2098,362870560.0
2021-12-02 18:00:00,0.2098,0.2128,0.207,0.2095,163578567.0
2021-12-03 00:00:00,0.2095,0.2115,0.206,0.2091,118000601.0
2021-12-03 06:00:00,0.2091,0.211,0.2083,0.2091,157835088.0
2021-12-03 12:00:00,0.2091,0.2122,0.1989,0.2022,337077728.0
2021-12-03 18:00:00,0.2022,0.2034,0.1902,0.1999,399054620.0
2021-12-04 00:00:00,0.1998,0.2004,0.131,0.1614,2120689493.2
2021-12-04 06:00:00,0.1614,0.1699,0.1543,0.159,2023131107.0
2021-12-04 12:00:00,0.159,0.1776,0.1589,0.1751,837400740.0
2021-12-04 18:00:00,0.1752,0.1821,0.1681,0.1781,322628108.0
2021-12-05 00:00:00,0.1781,0.1812,0.1713,0.1785,358662456.0
2021-12-05 06:00:00,0.1785,0.1786,0.1726,0.1743,250393380.0
2021-12-05 12:00:00,0.1743,0.1762,0.1617,0.1707,574834520.0
2021-12-05 18:00:00,0.1707,0.1723,0.1661,0.1712,197499244.0
2021-12-06 00:00:00,0.1712,0.1726,0.1647,0.1676,274939744.0
2021-12-06 06:00:00,0.1676,0.1696,0.1591,0.1659,552364826.0
2021-12-06 12:00:00,0.1658,0.1772,0.1636,0.1729,544561563.0
2021-12-06 18:00:00,0.1729,0.1804,0.1716,0.1776,290104237.0
2021-12-07 00:00:00,0.1775,0.1839,0.177,0.1783,341426404.0
2021-12-07 06:00:00,0.1783,0.1817,0.1781,0.1812,250909577.0
2021-12-07 12:00:00,0.1813,0.1836,0.1752,0.1796,305951751.0
2021-12-07 18:00:00,0.1796,0.1803,0.1746,0.1762,170860516.0
2021-12-08 00:00:00,0.1762,0.1805,0.1729,0.1778,211565051.0
2021-12-08 06:00:00,0.1779,0.1821,0.1722,0.1743,339105997.0
2021-12-08 12:00:00,0.1744,0.1806,0.172,0.1788,207367998.0
2021-12-08 18:00:00,0.1789,0.1806,0.1772,0.179,112028064.0
2021-12-09 00:00:00,0.1791,0.1819,0.1756,0.1768,162153333.0
2021-12-09 06:00:00,0.1768,0.1799,0.1742,0.1777,258298211.0
2021-12-09 12:00:00,0.1777,0.1833,0.1705,0.1731,330355142.0
2021-12-09 18:00:00,0.1731,0.174,0.1685,0.1691,223388619.0
2021-12-10 00:00:00,0.1691,0.1731,0.169,0.17,144903609.0
2021-12-10 06:00:00,0.17,0.1708,0.1654,0.1704,165065069.0
2021-12-10 12:00:00,0.1704,0.1748,0.1644,0.1692,261097168.0
2021-12-10 18:00:00,0.1692,0.1703,0.1632,0.1641,172915469.0
2021-12-11 00:00:00,0.1641,0.1674,0.1612,0.1661,270030073.0
2021-12-11 06:00:00,0.1662,0.1694,0.1653,0.1675,145489228.0
2021-12-11 12:00:00,0.1676,0.17,0.1671,0.1684,142542383.0
2021-12-11 18:00:00,0.1685,0.1693,0.1662,0.1689,96731085.0
2021-12-12 00:00:00,0.1689,0.1697,0.1667,0.1672,84052004.0
2021-12-12 06:00:00,0.1672,0.1686,0.1656,0.1674,89465602.0
2021-12-12 12:00:00,0.1674,0.1724,0.1668,0.1713,189047889.0
2021-12-12 18:00:00,0.1713,0.1738,0.1694,0.1697,137346937.0
2021-12-13 00:00:00,0.1696,0.1704,0.1632,0.1661,158391674.0
2021-12-13 06:00:00,0.1661,0.1662,0.1624,0.165,118435388.0
2021-12-13 12:00:00,0.1649,0.1657,0.1561,0.1596,392793162.0
2021-12-13 18:00:00,0.1595,0.16,0.1514,0.1573,302796637.0
2021-12-14 00:00:00,0.1574,0.1608,0.1558,0.1568,194310177.0
2021-12-14 06:00:00,0.1569,0.2204,0.1549,0.2113,3429289253.0
2021-12-14 12:00:00,0.2113,0.2149,0.1862,0.1868,2781868660.0
2021-12-14 18:00:00,0.1868,0.1919,0.1784,0.1909,932976481.0
2021-12-15 00:00:00,0.1909,0.1912,0.1765,0.1791,583506261.0
2021-12-15 06:00:00,0.1791,0.1836,0.178,0.1792,351963940.0
2021-12-15 12:00:00,0.1792,0.1802,0.1703,0.1747,542462413.0
2021-12-15 18:00:00,0.1748,0.1864,0.1741,0.1808,699411298.0
2021-12-16 00:00:00,0.1808,0.1832,0.1784,0.1786,243656762.0
2021-12-16 06:00:00,0.1787,0.1853,0.1786,0.1827,294496614.0
2021-12-16 12:00:00,0.1826,0.1827,0.1765,0.1767,332568445.0
2021-12-16 18:00:00,0.1766,0.1784,0.1723,0.1732,207063249.0
2021-12-17 00:00:00,0.1732,0.1766,0.1724,0.1755,121592929.0
2021-12-17 06:00:00,0.1755,0.1762,0.1689,0.1697,223349726.0
2021-12-17 12:00:00,0.1697,0.1731,0.1614,0.1693,526831541.0
2021-12-17 18:00:00,0.1693,0.1709,0.1667,0.1685,162097136.0
2021-12-18 00:00:00,0.1684,0.1735,0.1659,0.1714,178795565.0
2021-12-18 06:00:00,0.1715,0.1757,0.1702,0.1728,174763758.0
2021-12-18 12:00:00,0.1728,0.1737,0.1708,0.1714,141694853.0
2021-12-18 18:00:00,0.1713,0.1731,0.171,0.1723,99008789.0
2021-12-19 00:00:00,0.1723,0.1746,0.1701,0.1726,119536909.0
2021-12-19 06:00:00,0.1726,0.1739,0.1705,0.1711,107456189.0
2021-12-19 12:00:00,0.171,0.1737,0.1703,0.1717,142892241.0
2021-12-19 18:00:00,0.1717,0.1719,0.1691,0.1694,109263952.0
2021-12-20 00:00:00,0.1695,0.1708,0.1665,0.1668,161766930.0
2021-12-20 06:00:00,0.1668,0.1672,0.1611,0.1642,250955185.0
2021-12-20 12:00:00,0.1642,0.1646,0.161,0.1634,197603404.0
2021-12-20 18:00:00,0.1634,0.1699,0.1633,0.1671,213073354.0
2021-12-21 00:00:00,0.1671,0.1717,0.1657,0.1707,154379357.0
2021-12-21 06:00:00,0.1708,0.1717,0.1689,0.1704,135909413.0
2021-12-21 12:00:00,0.1705,0.1724,0.1679,0.1696,136438449.0
2021-12-21 18:00:00,0.1695,0.1717,0.1685,0.1707,87506668.0
2021-12-22 00:00:00,0.1708,0.1737,0.1697,0.1723,111314261.0
2021-12-22 06:00:00,0.1723,0.174,0.1714,0.1733,138544899.0
2021-12-22 12:00:00,0.1733,0.1799,0.1711,0.1745,456837388.0
2021-12-22 18:00:00,0.1745,0.1774,0.1722,0.173,178994683.0
2021-12-23 00:00:00,0.173,0.1756,0.1712,0.1742,127276704.0
2021-12-23 06:00:00,0.1743,0.1813,0.1739,0.1756,325365779.0
2021-12-23 12:00:00,0.1756,0.1828,0.175,0.1816,259612799.0
2021-12-23 18:00:00,0.1815,0.1851,0.1807,0.185,315203224.0
2021-12-24 00:00:00,0.1851,0.1853,0.1803,0.1813,199229364.0
2021-12-24 06:00:00,0.1812,0.1856,0.1791,0.1835,178217139.0
2021-12-24 12:00:00,0.1835,0.1955,0.182,0.1923,546384216.0
2021-12-24 18:00:00,0.1923,0.1953,0.1841,0.1862,322078671.0
2021-12-25 00:00:00,0.1862,0.1948,0.1847,0.1922,230583185.0
2021-12-25 06:00:00,0.1923,0.1924,0.1875,0.1889,215667788.0
2021-12-25 12:00:00,0.1888,0.1915,0.1863,0.1889,191440943.0
2021-12-25 18:00:00,0.1889,0.1957,0.1885,0.1908,245997047.0
2021-12-26 00:00:00,0.1908,0.1919,0.1849,0.1867,166693794.0
2021-12-26 06:00:00,0.1867,0.1895,0.1861,0.1875,112707964.0
2021-12-26 12:00:00,0.1874,0.1904,0.187,0.1898,125488732.0
2021-12-26 18:00:00,0.1898,0.1925,0.1884,0.1898,132263030.0
2021-12-27 00:00:00,0.1898,0.1911,0.1885,0.1897,97199887.0
2021-12-27 06:00:00,0.1898,0.1916,0.1887,0.1913,100463055.0
2021-12-27 12:00:00,0.1912,0.1928,0.1897,0.1921,201112260.0
2021-12-27 18:00:00,0.1921,0.1926,0.1863,0.1879,214338441.0
2021-12-28 00:00:00,0.1879,0.188,0.1775,0.1809,355059512.0
2021-12-28 06:00:00,0.1809,0.1822,0.1794,0.1816,146126694.0
2021-12-28 12:00:00,0.1817,0.1824,0.1716,0.175,330004848.0
2021-12-28 18:00:00,0.175,0.1769,0.1728,0.1739,148590866.0
2021-12-29 00:00:00,0.1738,0.1773,0.1736,0.1751,81866867.0
2021-12-29 06:00:00,0.1751,0.1771,0.1717,0.1729,191215087.0
2021-12-29 12:00:00,0.173,0.1738,0.1673,0.1711,249810385.0
2021-12-29 18:00:00,0.1711,0.1749,0.1661,0.168,193113026.0
2021-12-30 00:00:00,0.168,0.1706,0.1651,0.1703,152116103.0
2021-12-30 06:00:00,0.1703,0.1754,0.1696,0.175,154835866.0
2021-12-30 12:00:00,0.1749,0.1758,0.1718,0.1732,124004780.0
2021-12-30 18:00:00,0.1731,0.1737,0.1702,0.1711,93318421.0
2021-12-31 00:00:00,0.171,0.1729,0.1697,0.1712,85890038.0
2021-12-31 06:00:00,0.1712,0.1758,0.1706,0.1734,190259076.0
2021-12-31 12:00:00,0.1735,0.1743,0.1701,0.1712,126018405.0
2021-12-31 18:00:00,0.1711,0.1714,0.1661,0.1703,170537582.0
2022-01-01 00:00:00,0.1703,0.173,0.1697,0.1717,85571569.0
2022-01-01 06:00:00,0.1717,0.1722,0.1702,0.1705,65119487.0
2022-01-01 12:00:00,0.1705,0.1737,0.1704,0.1731,73762556.0
2022-01-01 18:00:00,0.1732,0.1733,0.1719,0.1732,73050465.0
2022-01-02 00:00:00,0.1731,0.1733,0.1705,0.1717,58723530.0
2022-01-02 06:00:00,0.1717,0.1739,0.1713,0.1731,71158830.0
2022-01-02 12:00:00,0.1731,0.1763,0.1723,0.1742,113113520.0
2022-01-02 18:00:00,0.1742,0.175,0.1722,0.1745,69960006.0
2022-01-03 00:00:00,0.1745,0.1745,0.1708,0.1722,98359138.0
2022-01-03 06:00:00,0.1721,0.1734,0.1711,0.1732,68517406.0
2022-01-03 12:00:00,0.1732,0.1733,0.1682,0.1703,176909946.0
2022-01-03 18:00:00,0.1703,0.1709,0.1674,0.1703,117198861.0
2022-01-04 00:00:00,0.1703,0.1707,0.1679,0.1702,79702710.0
2022-01-04 06:00:00,0.1701,0.1719,0.1697,0.1716,87518439.0
2022-01-04 12:00:00,0.1715,0.1726,0.1698,0.1702,178535955.0
2022-01-04 18:00:00,0.1703,0.1707,0.1665,0.1684,150682104.0
2022-01-05 00:00:00,0.1685,0.1705,0.1677,0.1697,71072553.0
2022-01-05 06:00:00,0.1698,0.171,0.1683,0.1691,104991373.0
2022-01-05 12:00:00,0.1692,0.1705,0.1674,0.1674,113467531.0
2022-01-05 18:00:00,0.1674,0.1683,0.1472,0.159,795100801.0
2022-01-06 00:00:00,0.1591,0.1601,0.1539,0.1563,244295431.0
2022-01-06 06:00:00,0.1562,0.1582,0.1545,0.1563,178520960.0
2022-01-06 12:00:00,0.1562,0.1596,0.1551,0.1594,157262943.0
2022-01-06 18:00:00,0.1593,0.1621,0.1593,0.1599,125687837.0
2022-01-07 00:00:00,0.16,0.1604,0.1491,0.1541,343606481.0
2022-01-07 06:00:00,0.1542,0.1582,0.1512,0.1561,197506245.0
2022-01-07 12:00:00,0.156,0.1571,0.1489,0.1552,438246544.0
2022-01-07 18:00:00,0.1552,0.1557,0.1527,0.155,100331336.0
2022-01-08 00:00:00,0.1551,0.1575,0.1548,0.1569,94171911.0
2022-01-08 06:00:00,0.1569,0.1579,0.1558,0.1562,73623559.0
2022-01-08 12:00:00,0.1563,0.1567,0.1488,0.149,164569834.0
2022-01-08 18:00:00,0.1491,0.1548,0.1451,0.1509,249873069.0
2022-01-09 00:00:00,0.1509,0.1531,0.1498,0.1517,99158975.0
2022-01-09 06:00:00,0.1518,0.1524,0.149,0.1512,67894576.0
2022-01-09 12:00:00,0.1513,0.153,0.1486,0.1525,116009571.0
2022-01-09 18:00:00,0.1525,0.1539,0.1501,0.1505,98107421.0
2022-01-10 00:00:00,0.1505,0.1522,0.1502,0.1516,59857898.0
2022-01-10 06:00:00,0.1515,0.152,0.1484,0.1489,89649547.0
2022-01-10 12:00:00,0.1488,0.1494,0.1368,0.1418,564373013.0
2022-01-10 18:00:00,0.1418,0.1443,0.141,0.1431,131167420.0
2022-01-11 00:00:00,0.143,0.146,0.1417,0.1443,106089945.0
2022-01-11 06:00:00,0.1442,0.167,0.1429,0.1599,653269714.0
2022-01-11 12:00:00,0.1599,0.1607,0.148,0.1514,800006540.0
2022-01-11 18:00:00,0.1514,0.1538,0.1507,0.1538,132352166.0
2022-01-12 00:00:00,0.1538,0.1553,0.1517,0.153,128287750.0
2022-01-12 06:00:00,0.153,0.1585,0.1511,0.1551,199720843.0
2022-01-12 12:00:00,0.1551,0.1629,0.1547,0.1608,380952256.0
2022-01-12 18:00:00,0.1609,0.1636,0.1582,0.1628,202049736.0
2022-01-13 00:00:00,0.1627,0.1755,0.1613,0.175,516474407.0
2022-01-13 06:00:00,0.175,0.1762,0.1691,0.1709,399659684.0
2022-01-13 12:00:00,0.1709,0.174,0.1618,0.1628,500090800.0
2022-01-13 18:00:00,0.1629,0.1781,0.1614,0.1717,700746601.0
2022-01-14 00:00:00,0.1716,0.1955,0.1703,0.1899,1433431257.0
2022-01-14 06:00:00,0.1899,0.2148,0.1849,0.1885,2332638154.0
2022-01-14 12:00:00,0.1885,0.197,0.1852,0.1868,1037054895.0
2022-01-14 18:00:00,0.1868,0.1919,0.1806,0.1832,603548283.0
2022-01-15 00:00:00,0.1832,0.1942,0.1815,0.1897,611207070.0
2022-01-15 06:00:00,0.1897,0.1948,0.1873,0.1903,461870816.0
2022-01-15 12:00:00,0.1902,0.1914,0.1851,0.1884,389704590.0
2022-01-15 18:00:00,0.1884,0.1885,0.183,0.1845,171160835.0
2022-01-16 00:00:00,0.1845,0.1847,0.1785,0.1804,284530112.0
2022-01-16 06:00:00,0.1803,0.1844,0.1769,0.1786,269589046.0
2022-01-16 12:00:00,0.1786,0.1797,0.1752,0.1766,331100704.0
2022-01-16 18:00:00,0.1766,0.179,0.1734,0.1766,183874690.0
2022-01-17 00:00:00,0.1766,0.1784,0.1688,0.1708,297786076.0
2022-01-17 06:00:00,0.1709,0.1718,0.1685,0.169,170400815.0
2022-01-17 12:00:00,0.1689,0.1712,0.1656,0.1682,260300403.0
2022-01-17 18:00:00,0.1682,0.1747,0.1656,0.1708,362996103.0
2022-01-18 00:00:00,0.1708,0.1743,0.1673,0.1684,207089389.0
2022-01-18 06:00:00,0.1685,0.1724,0.1635,0.1651,362552468.0
2022-01-18 12:00:00,0.165,0.1655,0.1616,0.1623,239041385.0
2022-01-18 18:00:00,0.1623,0.1668,0.1618,0.1651,136427210.0
2022-01-19 00:00:00,0.1651,0.1696,0.164,0.1661,212111115.0
2022-01-19 06:00:00,0.1662,0.1679,0.1589,0.1646,352421630.0
2022-01-19 12:00:00,0.1647,0.1678,0.1626,0.1643,195126240.0
2022-01-19 18:00:00,0.1642,0.1645,0.1611,0.1615,107475569.0
2022-01-20 00:00:00,0.1616,0.1663,0.1616,0.1639,91807189.0
2022-01-20 06:00:00,0.1639,0.1651,0.1636,0.1648,74806337.0
2022-01-20 12:00:00,0.1647,0.1693,0.1636,0.1655,198288646.0
2022-01-20 18:00:00,0.1654,0.1665,0.1536,0.1553,398628343.0
2022-01-21 00:00:00,0.1553,0.1576,0.1484,0.1525,394230664.0
2022-01-21 06:00:00,0.1525,0.1548,0.1508,0.1536,164185985.0
2022-01-21 12:00:00,0.1535,0.154,0.147,0.1512,378944253.0
2022-01-21 18:00:00,0.1513,0.1529,0.1399,0.1419,566497149.0
2022-01-22 00:00:00,0.142,0.1453,0.1341,0.1354,382356683.0
2022-01-22 06:00:00,0.1354,0.1383,0.12,0.1284,1050241613.6
2022-01-22 12:00:00,0.1284,0.1358,0.1251,0.1269,481667993.0
2022-01-22 18:00:00,0.1269,0.1351,0.1256,0.1332,327279972.0
2022-01-23 00:00:00,0.1333,0.142,0.132,0.1389,324135363.0
2022-01-23 06:00:00,0.1389,0.1428,0.1375,0.1385,297764380.0
2022-01-23 12:00:00,0.1386,0.1447,0.1347,0.1392,329637714.0
2022-01-23 18:00:00,0.1393,0.1437,0.1347,0.1418,245304167.0
2022-01-24 00:00:00,0.1417,0.1418,0.1352,0.1368,177552638.0
2022-01-24 06:00:00,0.1368,0.1377,0.1267,0.1293,545920282.0
2022-01-24 12:00:00,0.1293,0.1336,0.1256,0.1327,607000946.0
2022-01-24 18:00:00,0.1327,0.1398,0.1317,0.1373,277246588.0
2022-01-25 00:00:00,0.1373,0.141,0.1333,0.1339,155206992.0
2022-01-25 06:00:00,0.1338,0.1377,0.1325,0.1357,131052242.0
2022-01-25 12:00:00,0.1357,0.1506,0.1348,0.1423,731556438.0
2022-01-25 18:00:00,0.1423,0.148,0.1401,0.1427,298321000.0
2022-01-26 00:00:00,0.1427,0.1472,0.1413,0.1455,171431233.0
2022-01-26 06:00:00,0.1455,0.1516,0.1426,0.1509,297143042.0
2022-01-26 12:00:00,0.1509,0.1526,0.1474,0.1485,261531715.0
2022-01-26 18:00:00,0.1485,0.1534,0.1409,0.1431,594567864.0
2022-01-27 00:00:00,0.1431,0.1447,0.1383,0.14,198931392.0
2022-01-27 06:00:00,0.14,0.1434,0.1391,0.1427,128521252.0
2022-01-27 12:00:00,0.1427,0.1459,0.1406,0.1413,164562295.0
2022-01-27 18:00:00,0.1413,0.1415,0.1362,0.1414,185875086.0
2022-01-28 00:00:00,0.1415,0.1426,0.139,0.1413,117680194.0
2022-01-28 06:00:00,0.1412,0.1423,0.1379,0.1389,109919100.0
2022-01-28 12:00:00,0.1388,0.1419,0.1377,0.1395,136344902.0
2022-01-28 18:00:00,0.1396,0.1421,0.1387,0.1414,100286867.0
2022-01-29 00:00:00,0.1415,0.1429,0.1411,0.142,53476141.0
2022-01-29 06:00:00,0.1419,0.1437,0.1417,0.1426,65192039.0
2022-01-29 12:00:00,0.1425,0.144,0.1403,0.1418,121805182.0
2022-01-29 18:00:00,0.1418,0.1442,0.1416,0.143,98644510.0
2022-01-30 00:00:00,0.1429,0.1433,0.1412,0.1428,78638874.0
2022-01-30 06:00:00,0.1428,0.1438,0.142,0.143,69276978.0
2022-01-30 12:00:00,0.1429,0.1433,0.1396,0.1412,92345237.0
2022-01-30 18:00:00,0.1412,0.1415,0.138,0.1391,101361540.0
2022-01-31 00:00:00,0.1392,0.1393,0.1363,0.1369,86894556.0
2022-01-31 06:00:00,0.1369,0.139,0.1363,0.1386,60011834.0
2022-01-31 12:00:00,0.1386,0.1421,0.1375,0.1415,139159251.0
2022-01-31 18:00:00,0.1415,0.1426,0.1404,0.1415,79041385.0
2022-02-01 00:00:00,0.1416,0.1439,0.1408,0.1423,75922367.0
2022-02-01 06:00:00,0.1423,0.1444,0.1412,0.1424,97912864.0
2022-02-01 12:00:00,0.1423,0.1437,0.1413,0.1428,120055707.0
2022-02-01 18:00:00,0.1428,0.1436,0.1416,0.1423,80549074.0
2022-02-02 00:00:00,0.1423,0.1432,0.1418,0.1428,60550797.0
2022-02-02 06:00:00,0.1427,0.1466,0.1419,0.1443,117249725.0
2022-02-02 12:00:00,0.1442,0.1452,0.1383,0.1401,176625182.0
2022-02-02 18:00:00,0.14,0.1409,0.135,0.137,137324306.0
2022-02-03 00:00:00,0.1369,0.1389,0.1366,0.1387,60311167.0
2022-02-03 06:00:00,0.1387,0.1387,0.1347,0.136,148173557.0
2022-02-03 12:00:00,0.136,0.1382,0.1346,0.137,105708385.0
2022-02-03 18:00:00,0.137,0.1382,0.1351,0.1379,70103964.0
2022-02-04 00:00:00,0.138,0.1396,0.1369,0.1391,77115874.0
2022-02-04 06:00:00,0.1392,0.1411,0.1391,0.1393,93627259.0
2022-02-04 12:00:00,0.1394,0.1445,0.1377,0.1437,256927855.0
2022-02-04 18:00:00,0.1437,0.1481,0.1427,0.1478,134634658.0
2022-02-05 00:00:00,0.1479,0.1504,0.1466,0.1499,138170607.0
2022-02-05 06:00:00,0.1499,0.1505,0.1478,0.1493,134832565.0
2022-02-05 12:00:00,0.1493,0.1507,0.1447,0.1476,184251678.0
2022-02-05 18:00:00,0.1476,0.1483,0.1466,0.1469,69440185.0
2022-02-06 00:00:00,0.1468,0.1493,0.1463,0.148,70389754.0
2022-02-06 06:00:00,0.1479,0.1482,0.1467,0.147,60149515.0
2022-02-06 12:00:00,0.147,0.1488,0.1445,0.147,117354079.0
2022-02-06 18:00:00,0.147,0.1559,0.1462,0.1539,458090894.0
2022-02-07 00:00:00,0.154,0.161,0.1513,0.1577,416164676.0
2022-02-07 06:00:00,0.1578,0.1579,0.1547,0.1573,167146238.0
2022-02-07 12:00:00,0.1573,0.1679,0.1559,0.1668,662824244.0
2022-02-07 18:00:00,0.1668,0.1731,0.1632,0.1653,564712698.0
2022-02-08 00:00:00,0.1653,0.1683,0.1607,0.1677,304581729.0
2022-02-08 06:00:00,0.1678,0.1711,0.1571,0.1596,475644298.0
2022-02-08 12:00:00,0.1595,0.1596,0.1529,0.1547,322631316.0
2022-02-08 18:00:00,0.1547,0.1595,0.1533,0.1581,170177608.0
2022-02-09 00:00:00,0.1582,0.1602,0.1542,0.1561,160963128.0
2022-02-09 06:00:00,0.156,0.1587,0.1551,0.1578,152955290.0
2022-02-09 12:00:00,0.1577,0.1624,0.1573,0.1591,246645455.0
2022-02-09 18:00:00,0.1591,0.161,0.1585,0.1594,131278245.0
2022-02-10 00:00:00,0.1594,0.1607,0.1563,0.1577,110304041.0
2022-02-10 06:00:00,0.1576,0.1605,0.1558,0.1592,181120597.0
2022-02-10 12:00:00,0.1593,0.1598,0.15,0.1567,490310296.0
2022-02-10 18:00:00,0.1568,0.1569,0.151,0.1514,140237071.0
2022-02-11 00:00:00,0.1515,0.1528,0.1488,0.1507,172069906.0
2022-02-11 06:00:00,0.1508,0.1532,0.1506,0.1523,93271924.0
2022-02-11 12:00:00,0.1523,0.1543,0.1513,0.1517,124845745.0
2022-02-11 18:00:00,0.1517,0.1521,0.1419,0.1446,316335428.0
2022-02-12 00:00:00,0.1446,0.1463,0.1435,0.1446,82315604.0
2022-02-12 06:00:00,0.1446,0.1447,0.1402,0.1431,212302572.0
2022-02-12 12:00:00,0.1431,0.1466,0.1409,0.146,143313882.0
2022-02-12 18:00:00,0.146,0.1475,0.1416,0.1444,135740288.0
2022-02-13 00:00:00,0.1443,0.1455,0.1437,0.1446,53460758.0
2022-02-13 06:00:00,0.1446,0.1561,0.1443,0.1512,414726606.0
2022-02-13 12:00:00,0.1511,0.158,0.1505,0.1561,574944200.0
2022-02-13 18:00:00,0.1561,0.1562,0.1472,0.148,543213750.0
2022-02-14 00:00:00,0.1481,0.1506,0.1435,0.1441,390559183.0
2022-02-14 06:00:00,0.1441,0.1468,0.1427,0.1442,200818452.0
2022-02-14 12:00:00,0.1442,0.1476,0.1434,0.1463,176218278.0
2022-02-14 18:00:00,0.1463,0.1468,0.143,0.1457,133887907.0
2022-02-15 00:00:00,0.1458,0.1495,0.1448,0.148,166965354.0
2022-02-15 06:00:00,0.1481,0.1514,0.1479,0.15,186711882.0
2022-02-15 12:00:00,0.15,0.1515,0.1485,0.1493,154239081.0
2022-02-15 18:00:00,0.1493,0.1524,0.1488,0.1517,92326899.0
2022-02-16 00:00:00,0.1517,0.1517,0.1477,0.1494,122855226.0
2022-02-16 06:00:00,0.1494,0.1507,0.1482,0.1494,82165841.0
2022-02-16 12:00:00,0.1494,0.1495,0.1462,0.1475,135302223.0
2022-02-16 18:00:00,0.1474,0.1503,0.147,0.1487,92155001.0
2022-02-17 00:00:00,0.1487,0.15,0.1463,0.147,90078203.0
2022-02-17 06:00:00,0.147,0.1498,0.1461,0.1473,120200973.0
2022-02-17 12:00:00,0.1473,0.148,0.1426,0.143,221526033.0
2022-02-17 18:00:00,0.143,0.1434,0.1368,0.1383,308398203.0
2022-02-18 00:00:00,0.1383,0.1414,0.1377,0.141,122613697.0
2022-02-18 06:00:00,0.1411,0.1422,0.1394,0.1398,98634338.0
2022-02-18 12:00:00,0.1397,0.1414,0.136,0.1381,302900760.0
2022-02-18 18:00:00,0.1381,0.1397,0.137,0.1386,95734109.0
2022-02-19 00:00:00,0.1386,0.1429,0.1384,0.1414,125429893.0
2022-02-19 06:00:00,0.1414,0.1465,0.1393,0.1409,312771219.0
2022-02-19 12:00:00,0.1408,0.1429,0.1397,0.142,173833913.0
2022-02-19 18:00:00,0.142,0.142,0.1395,0.1409,65577279.0
2022-02-20 00:00:00,0.1409,0.1411,0.137,0.1373,122236141.0
2022-02-20 06:00:00,0.1374,0.1378,0.135,0.1371,203703932.0
2022-02-20 12:00:00,0.1372,0.1383,0.1353,0.1372,115456006.0
2022-02-20 18:00:00,0.1371,0.1385,0.136,0.1366,67179936.0
2022-02-21 00:00:00,0.1367,0.1404,0.1358,0.1397,129176838.0
2022-02-21 06:00:00,0.1396,0.1419,0.1339,0.1351,232895378.0
2022-02-21 12:00:00,0.135,0.139,0.1337,0.1364,265274698.0
2022-02-21 18:00:00,0.1365,0.1368,0.1271,0.1282,376578452.0
2022-02-22 00:00:00,0.1283,0.13,0.1238,0.1258,302382007.0
2022-02-22 06:00:00,0.1257,0.1303,0.1257,0.1293,140735236.0
2022-02-22 12:00:00,0.1293,0.1314,0.1282,0.1293,160398587.0
2022-02-22 18:00:00,0.1293,0.1318,0.1289,0.1313,107533218.0
2022-02-23 00:00:00,0.1313,0.132,0.1299,0.1315,113234840.0
2022-02-23 06:00:00,0.1315,0.1351,0.1313,0.134,145913515.0
2022-02-23 12:00:00,0.134,0.1356,0.1308,0.1313,175756938.0
2022-02-23 18:00:00,0.1312,0.1319,0.1272,0.1273,174041339.0
2022-02-24 00:00:00,0.1273,0.1277,0.1065,0.1119,985725702.9
2022-02-24 06:00:00,0.1119,0.1151,0.1088,0.1119,582968799.0
2022-02-24 12:00:00,0.1118,0.1209,0.1103,0.1173,479264326.0
2022-02-24 18:00:00,0.1173,0.1268,0.1172,0.1241,409606352.0
2022-02-25 00:00:00,0.1241,0.125,0.1211,0.1222,187570816.0
2022-02-25 06:00:00,0.1222,0.1241,0.1205,0.1238,181603697.0
2022-02-25 12:00:00,0.1239,0.1277,0.1234,0.1249,252440623.0
2022-02-25 18:00:00,0.1249,0.1284,0.1231,0.1276,177894622.0
2022-02-26 00:00:00,0.1276,0.1306,0.1266,0.127,206070582.0
2022-02-26 06:00:00,0.127,0.1286,0.1257,0.1266,113709798.0
2022-02-26 12:00:00,0.1265,0.1281,0.1258,0.1277,102232058.0
2022-02-26 18:00:00,0.1277,0.129,0.1258,0.1276,109211511.0
2022-02-27 00:00:00,0.1276,0.1283,0.1237,0.1248,137771401.0
2022-02-27 06:00:00,0.1248,0.1276,0.1247,0.1273,103227093.0
2022-02-27 12:00:00,0.1274,0.1284,0.1239,0.1265,178916558.0
2022-02-27 18:00:00,0.1265,0.1267,0.1209,0.1229,215496649.0
2022-02-28 00:00:00,0.123,0.1243,0.1213,0.123,99383356.0
2022-02-28 06:00:00,0.1231,0.125,0.1215,0.1239,145880272.0
2022-02-28 12:00:00,0.124,0.1297,0.1228,0.1283,280664407.0
2022-02-28 18:00:00,0.1284,0.1349,0.1276,0.1335,208858312.0
2022-03-01 00:00:00,0.1334,0.1345,0.1312,0.1321,188266643.0
2022-03-01 06:00:00,0.1321,0.1334,0.1297,0.1319,181711294.0
2022-03-01 12:00:00,0.132,0.139,0.1318,0.133,449284231.0
2022-03-01 18:00:00,0.1331,0.1344,0.1322,0.134,105960122.0
2022-03-02 00:00:00,0.134,0.1356,0.132,0.1349,129498606.0
2022-03-02 06:00:00,0.1349,0.1373,0.1325,0.1347,192428507.0
2022-03-02 12:00:00,0.1347,0.1356,0.1306,0.1321,262757399.0
2022-03-02 18:00:00,0.1321,0.1344,0.1315,0.133,87826940.0
2022-03-03 00:00:00,0.133,0.1338,0.1311,0.1324,112272926.0
2022-03-03 06:00:00,0.1324,0.1327,0.1305,0.1322,105546589.0
2022-03-03 12:00:00,0.1321,0.1339,0.1271,0.1289,219991315.0
2022-03-03 18:00:00,0.1289,0.1302,0.1279,0.1297,85685361.0
2022-03-04 00:00:00,0.1297,0.1302,0.1248,0.1257,155428269.0
2022-03-04 06:00:00,0.1257,0.1286,0.1253,0.128,157611471.0
2022-03-04 12:00:00,0.1279,0.1286,0.1254,0.1267,177887775.0
2022-03-04 18:00:00,0.1267,0.1269,0.12,0.1226,169382474.0
2022-03-05 00:00:00,0.1226,0.1231,0.1209,0.1226,107403297.0
2022-03-05 06:00:00,0.1226,0.1241,0.1224,0.1237,65783970.0
2022-03-05 12:00:00,0.1238,0.1256,0.1224,0.1251,100265577.0
2022-03-05 18:00:00,0.1251,0.1254,0.1243,0.125,50471884.0
2022-03-06 00:00:00,0.1249,0.1256,0.1221,0.1245,85080129.0
2022-03-06 06:00:00,0.1244,0.125,0.1214,0.1224,92466047.0
2022-03-06 12:00:00,0.1224,0.1241,0.121,0.1222,97761934.0
2022-03-06 18:00:00,0.1222,0.1228,0.1193,0.1207,111371260.0
2022-03-07 00:00:00,0.1207,0.121,0.1181,0.1193,124644892.0
2022-03-07 06:00:00,0.1194,0.1204,0.1186,0.1201,74890193.0
2022-03-07 12:00:00,0.1201,0.1226,0.1197,0.1199,129827077.0
2022-03-07 18:00:00,0.1199,0.1199,0.1132,0.1167,182185181.0
2022-03-08 00:00:00,0.1168,0.1199,0.1163,0.1182,117323416.0
2022-03-08 06:00:00,0.1182,0.12,0.1174,0.1192,117771826.0
2022-03-08 12:00:00,0.1192,0.1197,0.1152,0.1176,210055763.0
2022-03-08 18:00:00,0.1177,0.1195,0.1157,0.117,100284461.0
2022-03-09 00:00:00,0.117,0.1223,0.1164,0.121,159393994.0
2022-03-09 06:00:00,0.121,0.1245,0.1209,0.1228,152066224.0
2022-03-09 12:00:00,0.1229,0.1236,0.121,0.1229,150028704.0
2022-03-09 18:00:00,0.1228,0.1229,0.1198,0.1215,76828467.0
2022-03-10 00:00:00,0.1215,0.1219,0.1153,0.1161,180510571.0
2022-03-10 06:00:00,0.1161,0.1169,0.1153,0.1167,100001189.0
2022-03-10 12:00:00,0.1166,0.1184,0.1145,0.1157,211254644.0
2022-03-10 18:00:00,0.1157,0.1174,0.1154,0.1169,66729390.0
2022-03-11 00:00:00,0.1169,0.1169,0.1145,0.1163,92793340.0
2022-03-11 06:00:00,0.1163,0.1184,0.1155,0.1177,112290908.0
2022-03-11 12:00:00,0.1177,0.1186,0.1146,0.1153,115402909.0
2022-03-11 18:00:00,0.1153,0.1166,0.1137,0.1155,87070567.0
2022-03-12 00:00:00,0.1154,0.1173,0.1153,0.1169,58064890.0
2022-03-12 06:00:00,0.1169,0.1171,0.1155,0.1161,47540614.0
2022-03-12 12:00:00,0.116,0.1167,0.1153,0.1158,61509262.0
2022-03-12 18:00:00,0.1158,0.1162,0.1146,0.1147,47574609.0
2022-03-13 00:00:00,0.1147,0.1164,0.1141,0.1159,80885087.0
2022-03-13 06:00:00,0.1158,0.1161,0.1145,0.1149,50770339.0
2022-03-13 12:00:00,0.1149,0.1153,0.1106,0.1145,151911488.0
2022-03-13 18:00:00,0.1145,0.1148,0.1099,0.1114,118373101.0
2022-03-14 00:00:00,0.1114,0.122,0.1102,0.1139,538388168.0
2022-03-14 06:00:00,0.1139,0.1167,0.1135,0.1149,135432926.0
2022-03-14 12:00:00,0.1149,0.1152,0.1116,0.1126,165992272.0
2022-03-14 18:00:00,0.1125,0.1146,0.1114,0.1139,108911170.0
2022-03-15 00:00:00,0.1139,0.1143,0.1118,0.1123,108909974.0
2022-03-15 06:00:00,0.1124,0.1129,0.1101,0.1116,95122184.0
2022-03-15 12:00:00,0.1116,0.113,0.1108,0.1129,125319640.0
2022-03-15 18:00:00,0.113,0.1141,0.1121,0.1126,87687981.0
2022-03-16 00:00:00,0.1126,0.1161,0.1121,0.1129,174903649.0
2022-03-16 06:00:00,0.1128,0.115,0.1128,0.114,96120210.0
2022-03-16 12:00:00,0.1141,0.116,0.1132,0.1142,108099707.0
2022-03-16 18:00:00,0.1141,0.1171,0.1123,0.1171,168898802.0
2022-03-17 00:00:00,0.117,0.1194,0.1161,0.1175,161612947.0
2022-03-17 06:00:00,0.1175,0.1179,0.1158,0.1168,108961134.0
2022-03-17 12:00:00,0.1168,0.118,0.1162,0.1168,111865521.0
2022-03-17 18:00:00,0.1168,0.1173,0.116,0.1163,61669317.0
2022-03-18 00:00:00,0.1164,0.1168,0.1146,0.1158,99775105.0
2022-03-18 06:00:00,0.1157,0.1162,0.1142,0.1147,91154821.0
2022-03-18 12:00:00,0.1147,0.1178,0.1145,0.1174,131531763.0
2022-03-18 18:00:00,0.1175,0.1196,0.1172,0.1191,109194078.0
2022-03-19 00:00:00,0.1192,0.1205,0.1183,0.1191,113768814.0
2022-03-19 06:00:00,0.1191,0.1225,0.1188,0.1217,186423829.0
2022-03-19 12:00:00,0.1218,0.1251,0.1213,0.1232,267413440.0
2022-03-19 18:00:00,0.1232,0.1243,0.1216,0.1236,111105329.0
2022-03-20 00:00:00,0.1235,0.1241,0.1217,0.1225,86857271.0
2022-03-20 06:00:00,0.1226,0.123,0.1201,0.1204,93419888.0
2022-03-20 12:00:00,0.1204,0.1206,0.1174,0.1178,181896897.0
2022-03-20 18:00:00,0.1179,0.1198,0.1176,0.1191,63539369.0
2022-03-21 00:00:00,0.1191,0.1209,0.1176,0.1208,96249982.0
2022-03-21 06:00:00,0.1208,0.1217,0.1197,0.1206,69447287.0
2022-03-21 12:00:00,0.1206,0.1208,0.1181,0.1195,163043103.0
2022-03-21 18:00:00,0.1195,0.1199,0.1186,0.1192,74956131.0
2022-03-22 00:00:00,0.1193,0.1239,0.1186,0.1231,183788369.0
2022-03-22 06:00:00,0.1231,0.1245,0.1216,0.1239,178255052.0
2022-03-22 12:00:00,0.1239,0.1257,0.1226,0.1232,194695946.0
2022-03-22 18:00:00,0.1233,0.1236,0.122,0.1224,83956451.0
2022-03-23 00:00:00,0.1224,0.1233,0.121,0.1219,117922974.0
2022-03-23 06:00:00,0.1218,0.1226,0.1215,0.1224,85106914.0
2022-03-23 12:00:00,0.1225,0.1314,0.1217,0.128,654959160.0
2022-03-23 18:00:00,0.128,0.13,0.1268,0.1298,278690712.0
2022-03-24 00:00:00,0.1299,0.1384,0.1277,0.1365,829706577.0
2022-03-24 06:00:00,0.1364,0.1413,0.1351,0.138,616007887.0
2022-03-24 12:00:00,0.138,0.1387,0.1326,0.1355,528218160.0
2022-03-24 18:00:00,0.1355,0.1387,0.1348,0.1368,194670743.0
2022-03-25 00:00:00,0.1368,0.1375,0.1345,0.1357,218162763.0
2022-03-25 06:00:00,0.1356,0.1363,0.1319,0.1358,272328121.0
2022-03-25 12:00:00,0.1358,0.1377,0.1274,0.1298,530843254.0
2022-03-25 18:00:00,0.1298,0.1318,0.1298,0.1308,170615010.0
2022-03-26 00:00:00,0.1308,0.1331,0.1289,0.1326,165175040.0
2022-03-26 06:00:00,0.1327,0.1345,0.1322,0.1328,177063769.0
2022-03-26 12:00:00,0.1328,0.1345,0.1314,0.1334,213211131.0
2022-03-26 18:00:00,0.1333,0.1369,0.1332,0.136,224878969.0
2022-03-27 00:00:00,0.1361,0.1432,0.1354,0.1401,519971204.0
2022-03-27 06:00:00,0.1402,0.1428,0.1386,0.1395,326999234.0
2022-03-27 12:00:00,0.1395,0.1438,0.1361,0.141,597951021.0
2022-03-27 18:00:00,0.1409,0.1456,0.1385,0.1448,419888783.0
2022-03-28 00:00:00,0.1447,0.1507,0.1431,0.1503,568457768.0
2022-03-28 06:00:00,0.1504,0.1512,0.1477,0.1492,377062006.0
2022-03-28 12:00:00,0.1492,0.1537,0.148,0.1509,556992222.0
2022-03-28 18:00:00,0.1509,0.1522,0.1406,0.1425,403207598.0
2022-03-29 00:00:00,0.1424,0.1472,0.142,0.1467,268295269.0
2022-03-29 06:00:00,0.1467,0.1478,0.1449,0.1476,214776628.0
2022-03-29 12:00:00,0.1475,0.1489,0.1404,0.1449,499831270.0
2022-03-29 18:00:00,0.1449,0.1461,0.1419,0.1444,190315532.0
2022-03-30 00:00:00,0.1444,0.1444,0.1379,0.1431,302752170.0
2022-03-30 06:00:00,0.1431,0.1456,0.1423,0.1436,254871491.0
2022-03-30 12:00:00,0.1437,0.1446,0.1403,0.1444,359584069.0
2022-03-30 18:00:00,0.1444,0.1447,0.1414,0.1432,213806518.0
2022-03-31 00:00:00,0.1431,0.146,0.1424,0.1452,207297251.0
2022-03-31 06:00:00,0.1453,0.148,0.1444,0.1453,264475408.0
2022-03-31 12:00:00,0.1453,0.1463,0.1374,0.1392,795546196.0
2022-03-31 18:00:00,0.1392,0.1397,0.1359,0.1381,197680550.0
2022-04-01 00:00:00,0.1381,0.1395,0.132,0.1346,392156305.0
2022-04-01 06:00:00,0.1346,0.1371,0.1341,0.1363,154209627.0
2022-04-01 12:00:00,0.1364,0.1414,0.1349,0.141,307215443.0
2022-04-01 18:00:00,0.141,0.143,0.1397,0.1413,176674838.0
2022-04-02 00:00:00,0.1414,0.1441,0.1404,0.1435,201283767.0
2022-04-02 06:00:00,0.1436,0.144,0.1428,0.1431,125105129.0
2022-04-02 12:00:00,0.1431,0.1445,0.1393,0.141,305580124.0
2022-04-02 18:00:00,0.141,0.1412,0.1378,0.1387,173027447.0
2022-04-03 00:00:00,0.1387,0.141,0.1362,0.1407,176150555.0
2022-04-03 06:00:00,0.1407,0.1421,0.1395,0.1405,137481812.0
2022-04-03 12:00:00,0.1404,0.1496,0.1402,0.1456,653714049.0
2022-04-03 18:00:00,0.1456,0.1489,0.1448,0.1466,261942153.0
2022-04-04 00:00:00,0.1465,0.1468,0.1427,0.1452,368379069.0
2022-04-04 06:00:00,0.1451,0.1567,0.1413,0.155,1026466912.0
2022-04-04 12:00:00,0.1549,0.1552,0.1412,0.1436,981101140.0
2022-04-04 18:00:00,0.1437,0.1508,0.1423,0.1485,327111839.0
2022-04-05 00:00:00,0.1485,0.1551,0.1471,0.154,598157636.0
2022-04-05 06:00:00,0.154,0.1556,0.1495,0.1519,602438014.0
2022-04-05 12:00:00,0.1519,0.1796,0.1515,0.1698,3614599126.0
2022-04-05 18:00:00,0.1697,0.1747,0.1621,0.1727,1639146023.0
2022-04-06 00:00:00,0.1727,0.1748,0.1581,0.1619,1757803121.0
2022-04-06 06:00:00,0.1618,0.1665,0.1512,0.1534,1284503105.0
2022-04-06 12:00:00,0.1534,0.1549,0.1445,0.1481,1356304544.0
2022-04-06 18:00:00,0.1481,0.1502,0.141,0.1433,723104015.0
2022-04-07 00:00:00,0.1432,0.1459,0.14,0.1441,533914862.0
2022-04-07 06:00:00,0.1441,0.1483,0.1434,0.1472,572594232.0
2022-04-07 12:00:00,0.1471,0.1475,0.1407,0.144,577075737.0
2022-04-07 18:00:00,0.1441,0.1468,0.1426,0.1459,217739109.0
2022-04-08 00:00:00,0.1459,0.1524,0.1451,0.1519,602532003.0
2022-04-08 06:00:00,0.1519,0.1534,0.1445,0.1452,572909136.0
2022-04-08 12:00:00,0.1453,0.1502,0.1431,0.1453,651974826.0
2022-04-08 18:00:00,0.1452,0.1469,0.1404,0.1424,391724157.0
2022-04-09 00:00:00,0.1423,0.1435,0.1405,0.1431,198436356.0
2022-04-09 06:00:00,0.1431,0.1439,0.1415,0.143,144293961.0
2022-04-09 12:00:00,0.143,0.1445,0.1423,0.1438,172733814.0
2022-04-09 18:00:00,0.1439,0.1446,0.1425,0.1442,83242863.0
2022-04-10 00:00:00,0.1442,0.154,0.1435,0.1474,686897108.0
2022-04-10 06:00:00,0.1474,0.1506,0.147,0.1496,323679077.0
2022-04-10 12:00:00,0.1496,0.1578,0.1485,0.1551,1012114930.0
2022-04-10 18:00:00,0.1551,0.1577,0.1472,0.1482,630690434.0
2022-04-11 00:00:00,0.1482,0.1515,0.1447,0.1473,498994460.0
2022-04-11 06:00:00,0.1473,0.1474,0.1387,0.1405,658763598.0
2022-04-11 12:00:00,0.1405,0.1427,0.1388,0.1405,447986922.0
2022-04-11 18:00:00,0.1405,0.1411,0.1329,0.1341,472199559.0
2022-04-12 00:00:00,0.134,0.1395,0.1332,0.1392,246527828.0
2022-04-12 06:00:00,0.1392,0.1427,0.1376,0.142,286542709.0
2022-04-12 12:00:00,0.142,0.1446,0.1367,0.1376,578306121.0
2022-04-12 18:00:00,0.1375,0.1385,0.1346,0.138,321591407.0
2022-04-13 00:00:00,0.138,0.1435,0.1371,0.1413,315422315.0
2022-04-13 06:00:00,0.1413,0.1415,0.1372,0.1377,202752215.0
2022-04-13 12:00:00,0.1377,0.141,0.1362,0.1396,325133373.0
2022-04-13 18:00:00,0.1395,0.1416,0.1392,0.1399,139579415.0
2022-04-14 00:00:00,0.14,0.1424,0.1396,0.1409,158336148.0
2022-04-14 06:00:00,0.1409,0.1478,0.1368,0.1451,938349452.0
2022-04-14 12:00:00,0.1452,0.146,0.1386,0.1423,749243478.0
2022-04-14 18:00:00,0.1423,0.1451,0.1393,0.1441,372169172.0
2022-04-15 00:00:00,0.1442,0.1474,0.1418,0.1459,296164118.0
2022-04-15 06:00:00,0.1459,0.1498,0.1436,0.1478,542008958.0
2022-04-15 12:00:00,0.1479,0.1483,0.1445,0.1461,436787774.0
2022-04-15 18:00:00,0.1462,0.147,0.1439,0.1458,139113716.0
2022-04-16 00:00:00,0.1458,0.148,0.1456,0.1461,168990098.0
2022-04-16 06:00:00,0.146,0.1461,0.1427,0.1439,195076214.0
2022-04-16 12:00:00,0.144,0.1449,0.1414,0.1423,255889548.0
2022-04-16 18:00:00,0.1422,0.1446,0.1418,0.1435,127246116.0
2022-04-17 00:00:00,0.1435,0.1445,0.1422,0.1445,107132604.0
2022-04-17 06:00:00,0.1445,0.1446,0.1434,0.1439,86394796.0
2022-04-17 12:00:00,0.1438,0.145,0.1412,0.1415,147630678.0
2022-04-17 18:00:00,0.1415,0.145,0.1383,0.1392,352038637.0
2022-04-18 00:00:00,0.1392,0.1405,0.1327,0.1348,447906146.0
2022-04-18 06:00:00,0.1348,0.1363,0.1337,0.1352,227508510.0
2022-04-18 12:00:00,0.1352,0.1383,0.1342,0.1381,321168283.0
2022-04-18 18:00:00,0.1381,0.1405,0.1377,0.1402,222624396.0
2022-04-19 00:00:00,0.1401,0.1415,0.1392,0.1398,146794139.0
2022-04-19 06:00:00,0.1398,0.141,0.1391,0.1397,150256044.0
2022-04-19 12:00:00,0.1397,0.1446,0.1397,0.1421,392011469.0
2022-04-19 18:00:00,0.1421,0.1429,0.1412,0.1425,122324785.0
2022-04-20 00:00:00,0.1425,0.1468,0.1405,0.1458,420803736.0
2022-04-20 06:00:00,0.1458,0.1464,0.1441,0.1457,312279024.0
2022-04-20 12:00:00,0.1457,0.1461,0.1405,0.1415,399207070.0
2022-04-20 18:00:00,0.1415,0.1424,0.1389,0.1407,254832161.0
2022-04-21 00:00:00,0.1407,0.142,0.1386,0.1392,193923742.0
2022-04-21 06:00:00,0.1392,0.1419,0.1389,0.1409,196011789.0
2022-04-21 12:00:00,0.141,0.143,0.1388,0.1392,229497627.0
2022-04-21 18:00:00,0.1392,0.1402,0.134,0.1362,254287113.0
2022-04-22 00:00:00,0.1362,0.1373,0.1357,0.1369,129632785.0
2022-04-22 06:00:00,0.137,0.1382,0.1354,0.1371,174404515.0
2022-04-22 12:00:00,0.1371,0.1375,0.1346,0.1355,193926509.0
2022-04-22 18:00:00,0.1355,0.1369,0.1352,0.1363,74211928.0
2022-04-23 00:00:00,0.1363,0.1368,0.1333,0.1343,115118503.0
2022-04-23 06:00:00,0.1343,0.1357,0.1341,0.1353,72373229.0
2022-04-23 12:00:00,0.1353,0.136,0.1345,0.1354,70548592.0
2022-04-23 18:00:00,0.1354,0.1358,0.1331,0.1339,79650825.0
2022-04-24 00:00:00,0.1338,0.1348,0.1333,0.134,99082263.0
2022-04-24 06:00:00,0.134,0.1348,0.1324,0.1328,80881975.0
2022-04-24 12:00:00,0.1328,0.1336,0.1309,0.1316,259314090.0
2022-04-24 18:00:00,0.1317,0.1328,0.1316,0.1317,82486459.0
2022-04-25 00:00:00,0.1318,0.132,0.1247,0.1272,317940479.0
2022-04-25 06:00:00,0.1273,0.14,0.1224,0.1396,1121708267.0
2022-04-25 12:00:00,0.1396,0.1528,0.1372,0.1506,2476357052.0
2022-04-25 18:00:00,0.1507,0.1711,0.15,0.1581,3771207064.0
2022-04-26 00:00:00,0.1582,0.1629,0.1489,0.1605,1640453564.0
2022-04-26 06:00:00,0.1604,0.1668,0.1563,0.1594,1853901687.0
2022-04-26 12:00:00,0.1594,0.1613,0.1414,0.1416,2456094330.0
2022-04-26 18:00:00,0.1416,0.1427,0.1354,0.1376,1043442422.0
2022-04-27 00:00:00,0.1376,0.1422,0.135,0.1406,617632068.0
2022-04-27 06:00:00,0.1406,0.1456,0.1375,0.1397,740946993.0
2022-04-27 12:00:00,0.1397,0.1435,0.1365,0.1401,770174052.0
2022-04-27 18:00:00,0.1401,0.1412,0.1376,0.14,266562159.0
2022-04-28 00:00:00,0.1399,0.1433,0.1383,0.1394,407831613.0
2022-04-28 06:00:00,0.1394,0.1413,0.139,0.1402,306648279.0
2022-04-28 12:00:00,0.1402,0.1407,0.1352,0.1392,593266862.0
2022-04-28 18:00:00,0.1392,0.1394,0.1356,0.1375,199897727.0
2022-04-29 00:00:00,0.1375,0.1451,0.1359,0.1422,686800731.0
2022-04-29 06:00:00,0.1422,0.1423,0.1354,0.138,457853173.0
2022-04-29 12:00:00,0.1381,0.1414,0.1363,0.1376,418320169.0
2022-04-29 18:00:00,0.1376,0.1378,0.1331,0.1349,439988012.0
2022-04-30 00:00:00,0.135,0.1368,0.1346,0.1366,161339870.0
2022-04-30 06:00:00,0.1365,0.1366,0.1345,0.1348,147167670.0
2022-04-30 12:00:00,0.1348,0.1353,0.1309,0.1311,342849943.0
2022-04-30 18:00:00,0.1312,0.1329,0.1238,0.1274,605175551.0
2022-05-01 00:00:00,0.1273,0.1366,0.126,0.1316,511861135.0
2022-05-01 06:00:00,0.1316,0.1333,0.1302,0.1309,254049611.0
2022-05-01 12:00:00,0.131,0.1346,0.1304,0.1329,259582274.0
2022-05-01 18:00:00,0.1328,0.1335,0.1295,0.1327,182727018.0
2022-05-02 00:00:00,0.1327,0.134,0.1313,0.1335,143859506.0
2022-05-02 06:00:00,0.1335,0.1337,0.1297,0.13,187642056.0
2022-05-02 12:00:00,0.1299,0.1321,0.1276,0.1283,310407464.0
2022-05-02 18:00:00,0.1284,0.1323,0.1276,0.1308,149212177.0
2022-05-03 00:00:00,0.1308,0.132,0.1303,0.1309,117572742.0
2022-05-03 06:00:00,0.1309,0.1315,0.1296,0.1312,120179143.0
2022-05-03 12:00:00,0.1312,0.1313,0.1285,0.1293,163874520.0
2022-05-03 18:00:00,0.1293,0.13,0.1264,0.1295,201357522.0
2022-05-04 00:00:00,0.1294,0.1307,0.129,0.1292,127829590.0
2022-05-04 06:00:00,0.1292,0.1338,0.1292,0.1325,279569696.0
2022-05-04 12:00:00,0.1325,0.1326,0.1295,0.1308,239777560.0
2022-05-04 18:00:00,0.1308,0.1363,0.1302,0.1359,352748611.0
2022-05-05 00:00:00,0.136,0.1378,0.1342,0.1344,215479282.0
2022-05-05 06:00:00,0.1344,0.1358,0.1335,0.1345,176025602.0
2022-05-05 12:00:00,0.1345,0.1375,0.125,0.1282,957523188.0
2022-05-05 18:00:00,0.1281,0.1301,0.126,0.1282,314701135.0
2022-05-06 00:00:00,0.1281,0.1296,0.1268,0.1292,143375259.0
2022-05-06 06:00:00,0.1292,0.1293,0.1252,0.1264,281911038.0
2022-05-06 12:00:00,0.1264,0.1283,0.1234,0.1263,354339710.0
2022-05-06 18:00:00,0.1263,0.1299,0.1258,0.1278,139593392.0
2022-05-07 00:00:00,0.1277,0.1289,0.1261,0.128,210456975.0
2022-05-07 06:00:00,0.128,0.1287,0.1266,0.128,150841488.0
2022-05-07 12:00:00,0.1279,0.1324,0.1275,0.13,286258815.0
2022-05-07 18:00:00,0.1299,0.1307,0.1245,0.1275,265876325.0
2022-05-08 00:00:00,0.1274,0.1283,0.1242,0.1248,297031224.0
2022-05-08 06:00:00,0.1249,0.1265,0.1247,0.126,111818517.0
2022-05-08 12:00:00,0.126,0.1265,0.1226,0.1246,250735838.0
2022-05-08 18:00:00,0.1246,0.1261,0.1237,0.1241,110701878.0
2022-05-09 00:00:00,0.1241,0.1253,0.1209,0.1216,233341760.0
2022-05-09 06:00:00,0.1216,0.1219,0.1145,0.1176,480790185.0
2022-05-09 12:00:00,0.1176,0.1197,0.105,0.1097,801059909.8
2022-05-09 18:00:00,0.1097,0.1114,0.1001,0.1019,587579153.5
2022-05-10 00:00:00,0.1018,0.115,0.0992,0.1135,897515519.5
2022-05-10 06:00:00,0.1135,0.1169,0.1121,0.1155,335711981.0
2022-05-10 12:00:00,0.1155,0.1184,0.1097,0.1135,416039859.0
2022-05-10 18:00:00,0.1136,0.1136,0.1051,0.108,280729961.0
2022-05-11 00:00:00,0.108,0.1109,0.1059,0.1079,398803361.0
2022-05-11 06:00:00,0.1078,0.109,0.1003,0.101,809043825.0
2022-05-11 12:00:00,0.1011,0.1038,0.0711,0.0871,2729003242.9
2022-05-11 18:00:00,0.0872,0.0884,0.0781,0.0853,761757139.0
2022-05-12 00:00:00,0.0852,0.0899,0.0696,0.073,1235050988.0
2022-05-12 06:00:00,0.0731,0.0808,0.0689,0.0777,1246075661.0
2022-05-12 12:00:00,0.0776,0.0883,0.0749,0.0837,1006077889.0
2022-05-12 18:00:00,0.0838,0.0879,0.078,0.0826,612485763.0
2022-05-13 00:00:00,0.0826,0.0953,0.082,0.0925,915660051.0
2022-05-13 06:00:00,0.0925,0.0964,0.0868,0.0931,742631813.0
2022-05-13 12:00:00,0.0932,0.0944,0.0881,0.0884,655044045.0
2022-05-13 18:00:00,0.0884,0.0919,0.0873,0.0881,258010797.0
2022-05-14 00:00:00,0.0881,0.092,0.088,0.0902,288997132.0
2022-05-14 06:00:00,0.0902,0.0916,0.0857,0.0872,400180615.0
2022-05-14 12:00:00,0.0872,0.0882,0.0836,0.0881,381304973.0
2022-05-14 18:00:00,0.0881,0.0901,0.0865,0.0894,141880354.0
2022-05-15 00:00:00,0.0895,0.0906,0.0864,0.0878,173718294.0
2022-05-15 06:00:00,0.0877,0.0902,0.0869,0.0899,295444413.0
2022-05-15 12:00:00,0.0899,0.0907,0.0877,0.0895,161195704.0
2022-05-15 18:00:00,0.0895,0.0933,0.0891,0.0932,168669659.0
2022-05-16 00:00:00,0.0932,0.0932,0.0891,0.0896,181462915.0
2022-05-16 06:00:00,0.0896,0.0896,0.0859,0.0878,197621601.0
2022-05-16 12:00:00,0.0877,0.0887,0.0858,0.0876,174329765.0
2022-05-16 18:00:00,0.0876,0.0889,0.0869,0.088,121431889.0
2022-05-17 00:00:00,0.088,0.0903,0.0879,0.0901,160308506.0
2022-05-17 06:00:00,0.0901,0.0909,0.0888,0.0893,112679483.0
2022-05-17 12:00:00,0.0893,0.0914,0.0882,0.0888,195493073.0
2022-05-17 18:00:00,0.0888,0.0908,0.0869,0.0903,164098420.0
2022-05-18 00:00:00,0.0903,0.091,0.0884,0.0894,95595200.0
2022-05-18 06:00:00,0.0895,0.0896,0.0881,0.0886,86946303.0
2022-05-18 12:00:00,0.0886,0.0889,0.0841,0.0852,267705148.0
2022-05-18 18:00:00,0.0851,0.0861,0.0831,0.0833,101757292.0
2022-05-19 00:00:00,0.0834,0.085,0.0814,0.084,160494581.0
2022-05-19 06:00:00,0.084,0.0855,0.0825,0.0852,125906723.0
2022-05-19 12:00:00,0.0852,0.0876,0.0845,0.0868,188791916.0
2022-05-19 18:00:00,0.0868,0.0874,0.0854,0.0866,62460802.0
2022-05-20 00:00:00,0.0866,0.088,0.0859,0.0869,103484945.0
2022-05-20 06:00:00,0.087,0.0874,0.0853,0.0871,119165352.0
2022-05-20 12:00:00,0.0872,0.0873,0.0825,0.0834,186871120.0
2022-05-20 18:00:00,0.0834,0.0847,0.0827,0.084,85120808.0
2022-05-21 00:00:00,0.084,0.0844,0.0824,0.084,63910364.0
2022-05-21 06:00:00,0.084,0.0847,0.0836,0.084,35411461.0
2022-05-21 12:00:00,0.084,0.0855,0.0836,0.0845,59115453.0
2022-05-21 18:00:00,0.0845,0.0853,0.0839,0.0845,41735949.0
2022-05-22 00:00:00,0.0844,0.085,0.0838,0.0841,31874338.0
2022-05-22 06:00:00,0.0841,0.0867,0.0841,0.0854,72221869.0
2022-05-22 12:00:00,0.0854,0.0865,0.0845,0.0851,70843823.0
2022-05-22 18:00:00,0.0852,0.0865,0.0848,0.0859,37100130.0
2022-05-23 00:00:00,0.0859,0.0864,0.0852,0.0859,54631454.0
2022-05-23 06:00:00,0.086,0.0884,0.0858,0.0876,112899178.0
2022-05-23 12:00:00,0.0876,0.0884,0.0857,0.0866,156100427.0
2022-05-23 18:00:00,0.0866,0.0867,0.0821,0.0833,167488566.0
2022-05-24 00:00:00,0.0833,0.0844,0.0829,0.0838,55001235.0
2022-05-24 06:00:00,0.0838,0.0842,0.0825,0.0836,79551960.0
2022-05-24 12:00:00,0.0837,0.0839,0.0801,0.0826,158038364.0
2022-05-24 18:00:00,0.0826,0.0839,0.0822,0.0837,67124619.0
2022-05-25 00:00:00,0.0837,0.0845,0.0825,0.0832,81632544.0
2022-05-25 06:00:00,0.0831,0.0835,0.0821,0.0825,87254577.0
2022-05-25 12:00:00,0.0824,0.0836,0.0822,0.083,149223606.0
2022-05-25 18:00:00,0.0829,0.0838,0.0823,0.083,99036863.0
2022-05-26 00:00:00,0.0829,0.0837,0.0801,0.0806,88281420.0
2022-05-26 06:00:00,0.0807,0.081,0.0766,0.0779,225249031.0
2022-05-26 12:00:00,0.0778,0.0806,0.075,0.08,287321252.0
2022-05-26 18:00:00,0.08,0.083,0.0777,0.0779,262910142.0
2022-05-27 00:00:00,0.0779,0.0789,0.076,0.077,207046723.0
2022-05-27 06:00:00,0.077,0.0784,0.0761,0.0777,129019006.0
2022-05-27 12:00:00,0.0777,0.09,0.0773,0.0804,1372569874.0
2022-05-27 18:00:00,0.0804,0.0827,0.0786,0.0816,246810033.0
2022-05-28 00:00:00,0.0815,0.0834,0.0808,0.0829,187113117.0
2022-05-28 06:00:00,0.0828,0.0831,0.0808,0.0812,178877503.0
2022-05-28 12:00:00,0.0812,0.0827,0.0809,0.0816,121888423.0
2022-05-28 18:00:00,0.0815,0.0823,0.0811,0.0818,51290718.0
2022-05-29 00:00:00,0.0818,0.0822,0.0798,0.0811,87452959.0
2022-05-29 06:00:00,0.081,0.0826,0.0807,0.0823,91588536.0
2022-05-29 12:00:00,0.0823,0.0833,0.0818,0.082,118115534.0
2022-05-29 18:00:00,0.082,0.0831,0.0815,0.0827,71441171.0
2022-05-30 00:00:00,0.0827,0.0851,0.0821,0.08501,150963861.0
2022-05-30 06:00:00,0.08501,0.0865,0.0847,0.08526,361389535.0
2022-05-30 12:00:00,0.08525,0.08577,0.08391,0.0853,283073490.0
2022-05-30 18:00:00,0.08534,0.08857,0.08483,0.088,414938896.0
2022-05-31 00:00:00,0.088,0.0885,0.08652,0.08654,302908274.0
2022-05-31 06:00:00,0.08653,0.0869,0.08536,0.08626,216767357.0
2022-05-31 12:00:00,0.08627,0.08715,0.08308,0.08589,475008550.0
2022-05-31 18:00:00,0.08589,0.08712,0.08561,0.08591,386291038.0
2022-06-01 00:00:00,0.0859,0.08708,0.08522,0.08579,413526867.0
2022-06-01 06:00:00,0.08579,0.08952,0.08529,0.08679,414966218.0
2022-06-01 12:00:00,0.0868,0.08782,0.08197,0.08252,886610851.0
2022-06-01 18:00:00,0.08253,0.08262,0.07872,0.08105,396810489.0
2022-06-02 00:00:00,0.08106,0.08115,0.08001,0.08102,292025069.0
2022-06-02 06:00:00,0.08102,0.08226,0.08082,0.08214,173850697.0
2022-06-02 12:00:00,0.08213,0.08267,0.08018,0.08201,334320930.0
2022-06-02 18:00:00,0.08201,0.08313,0.08166,0.08277,150738543.0
2022-06-03 00:00:00,0.08279,0.08296,0.08209,0.08262,127287350.0
2022-06-03 06:00:00,0.08263,0.08271,0.07983,0.08075,213447125.0
2022-06-03 12:00:00,0.08075,0.08158,0.07936,0.08018,274453596.0
2022-06-03 18:00:00,0.08017,0.08119,0.07976,0.08029,104516087.0
2022-06-04 00:00:00,0.08033,0.08167,0.07932,0.08164,180128552.0
2022-06-04 06:00:00,0.08164,0.08252,0.08112,0.0813,134223474.0
2022-06-04 12:00:00,0.08127,0.0819,0.0806,0.08137,112778841.0
2022-06-04 18:00:00,0.08136,0.08222,0.08124,0.08187,81727266.0
2022-06-05 00:00:00,0.08188,0.08202,0.0806,0.08127,78282731.0
2022-06-05 06:00:00,0.08126,0.08199,0.08101,0.0816,74078739.0
2022-06-05 12:00:00,0.0816,0.08225,0.08127,0.08189,131613355.0
2022-06-05 18:00:00,0.08189,0.08213,0.08095,0.08107,88343689.0
2022-06-06 00:00:00,0.08108,0.08372,0.08089,0.08251,225812819.0
2022-06-06 06:00:00,0.08252,0.08473,0.08252,0.08364,192374572.0
2022-06-06 12:00:00,0.08367,0.08429,0.0816,0.08218,299254031.0
2022-06-06 18:00:00,0.08219,0.08265,0.0814,0.0825,92623443.0
2022-06-07 00:00:00,0.0825,0.08258,0.07769,0.07935,272257708.0
2022-06-07 06:00:00,0.07935,0.08029,0.0792,0.07959,81841981.0
2022-06-07 12:00:00,0.0796,0.08052,0.07924,0.08005,112097951.0
2022-06-07 18:00:00,0.08005,0.08207,0.07966,0.08039,267736455.0
2022-06-08 00:00:00,0.08039,0.0816,0.07885,0.08036,210705103.0
2022-06-08 06:00:00,0.08036,0.08054,0.07966,0.07997,99096529.0
2022-06-08 12:00:00,0.07997,0.08086,0.07933,0.08003,143580579.0
2022-06-08 18:00:00,0.08003,0.0801,0.0788,0.07927,83375458.0
2022-06-09 00:00:00,0.07927,0.0804,0.07893,0.08014,64183248.0
2022-06-09 06:00:00,0.08014,0.08105,0.0798,0.07989,76793800.0
2022-06-09 12:00:00,0.07989,0.08023,0.07934,0.07978,114080974.0
2022-06-09 18:00:00,0.07978,0.07982,0.07894,0.07937,67747474.0
2022-06-10 00:00:00,0.07937,0.07974,0.0778,0.07936,103854121.0
2022-06-10 06:00:00,0.07937,0.07957,0.07829,0.07894,67767049.0
2022-06-10 12:00:00,0.07893,0.07921,0.07423,0.07504,321956337.0
2022-06-10 18:00:00,0.07504,0.07603,0.07468,0.07539,90977064.0
2022-06-11 00:00:00,0.07538,0.07647,0.0752,0.07602,56169818.0
2022-06-11 06:00:00,0.07603,0.07649,0.07201,0.07243,158316526.0
2022-06-11 12:00:00,0.07243,0.07286,0.06793,0.06988,426766162.0
2022-06-11 18:00:00,0.06988,0.07132,0.06926,0.06993,109612880.0
2022-06-12 00:00:00,0.06994,0.07037,0.06428,0.06485,400062293.4
2022-06-12 06:00:00,0.06482,0.06689,0.06473,0.066,199462748.0
2022-06-12 12:00:00,0.06601,0.06955,0.06344,0.06797,471308087.3
2022-06-12 18:00:00,0.06797,0.06818,0.06351,0.06353,268543941.0
2022-06-13 00:00:00,0.06352,0.06627,0.05816,0.05821,982309292.3
2022-06-13 06:00:00,0.05821,0.05906,0.05268,0.05423,1011423548.9
2022-06-13 12:00:00,0.05424,0.05688,0.05234,0.05532,842601728.0
2022-06-13 18:00:00,0.05531,0.05747,0.0528,0.0542,386148097.0
2022-06-14 00:00:00,0.05418,0.05842,0.04978,0.05783,1168619230.0
2022-06-14 06:00:00,0.05784,0.05816,0.05495,0.05554,500529526.0
2022-06-14 12:00:00,0.05555,0.05744,0.05455,0.05512,370875398.0
2022-06-14 18:00:00,0.05511,0.05593,0.05292,0.05555,252528052.0
2022-06-15 00:00:00,0.05556,0.05643,0.05117,0.05215,474287288.0
2022-06-15 06:00:00,0.05212,0.05378,0.05041,0.0535,584406662.0
2022-06-15 12:00:00,0.05351,0.05537,0.05259,0.0546,421722338.0
2022-06-15 18:00:00,0.05463,0.06394,0.05178,0.06285,860547202.0
2022-06-16 00:00:00,0.06285,0.06285,0.05916,0.05922,330692181.0
2022-06-16 06:00:00,0.05924,0.05949,0.05522,0.05595,302921127.0
2022-06-16 12:00:00,0.05595,0.05945,0.05505,0.05791,725390902.0
2022-06-16 18:00:00,0.05789,0.05803,0.05421,0.05523,276500702.0
2022-06-17 00:00:00,0.05523,0.05734,0.05463,0.05679,196406214.0
2022-06-17 06:00:00,0.05678,0.05814,0.05627,0.05742,182639972.0
2022-06-17 12:00:00,0.05742,0.05766,0.05588,0.05645,200914628.0
2022-06-17 18:00:00,0.05646,0.05762,0.05612,0.05689,114705073.0
2022-06-18 00:00:00,0.0569,0.05787,0.05596,0.05673,146414542.0
2022-06-18 06:00:00,0.05673,0.05703,0.05165,0.05419,548641287.0
2022-06-18 12:00:00,0.05419,0.05529,0.05167,0.05214,267702024.0
2022-06-18 18:00:00,0.05215,0.05418,0.04914,0.0529,515272146.0
2022-06-19 00:00:00,0.05289,0.05375,0.05116,0.05157,262059815.0
2022-06-19 06:00:00,0.05157,0.05977,0.05127,0.05749,1257881577.0
2022-06-19 12:00:00,0.05749,0.05933,0.05648,0.05727,345546362.0
2022-06-19 18:00:00,0.05726,0.0629,0.05724,0.06047,474429924.0
2022-06-20 00:00:00,0.06046,0.0607,0.05744,0.05837,252776147.0
2022-06-20 06:00:00,0.05837,0.06152,0.05753,0.06081,292379174.0
2022-06-20 12:00:00,0.06081,0.06108,0.05897,0.05901,251165662.0
2022-06-20 18:00:00,0.059,0.0606,0.05824,0.06002,166926531.0
2022-06-21 00:00:00,0.06002,0.062,0.05896,0.06143,261467410.0
2022-06-21 06:00:00,0.06145,0.06732,0.06069,0.06362,726367063.0
2022-06-21 12:00:00,0.06361,0.06993,0.06343,0.06618,830759284.0
2022-06-21 18:00:00,0.06618,0.06842,0.06451,0.06581,402840587.0
2022-06-22 00:00:00,0.06583,0.06583,0.06259,0.06357,368785233.0
2022-06-22 06:00:00,0.06356,0.06409,0.06105,0.06306,332091455.0
2022-06-22 12:00:00,0.06308,0.06482,0.06109,0.0626,383166623.0
2022-06-22 18:00:00,0.06261,0.06306,0.06113,0.0617,161156275.0
2022-06-23 00:00:00,0.06172,0.06399,0.06155,0.06353,189800322.0
2022-06-23 06:00:00,0.06352,0.06476,0.06344,0.06376,202360278.0
2022-06-23 12:00:00,0.06376,0.06451,0.06205,0.06226,233074378.0
2022-06-23 18:00:00,0.06225,0.0645,0.06188,0.06398,201559097.0
2022-06-24 00:00:00,0.06398,0.06645,0.06391,0.06456,241564735.0
2022-06-24 06:00:00,0.06456,0.06686,0.06433,0.06618,187857779.0
2022-06-24 12:00:00,0.06618,0.06854,0.06516,0.06586,320678026.0
2022-06-24 18:00:00,0.06585,0.0683,0.06576,0.06694,147706411.0
2022-06-25 00:00:00,0.06694,0.06822,0.06623,0.06731,197837168.0
2022-06-25 06:00:00,0.06731,0.06934,0.06699,0.06764,194492757.0
2022-06-25 12:00:00,0.06762,0.06795,0.0651,0.0665,188970198.0
2022-06-25 18:00:00,0.0665,0.0689,0.06627,0.06852,186498368.0
2022-06-26 00:00:00,0.06852,0.06885,0.06719,0.06812,133086568.0
2022-06-26 06:00:00,0.06812,0.07349,0.06764,0.07329,563811261.0
2022-06-26 12:00:00,0.07327,0.0754,0.07155,0.07367,605435593.0
2022-06-26 18:00:00,0.07367,0.07759,0.07227,0.07296,460209983.0
2022-06-27 00:00:00,0.07297,0.07746,0.07291,0.07662,573693130.0
2022-06-27 06:00:00,0.07662,0.0788,0.07618,0.07652,479254426.0
2022-06-27 12:00:00,0.07651,0.07665,0.0706,0.0721,501987706.0
2022-06-27 18:00:00,0.07208,0.07318,0.0705,0.07216,268352574.0
2022-06-28 00:00:00,0.07218,0.07291,0.0688,0.07045,249362907.0
2022-06-28 06:00:00,0.07047,0.0734,0.07047,0.07164,250786491.0
2022-06-28 12:00:00,0.07164,0.07241,0.06814,0.06856,361911765.0
2022-06-28 18:00:00,0.06854,0.0686,0.0654,0.0661,272800420.0
2022-06-29 00:00:00,0.0661,0.06758,0.06511,0.06561,187983039.0
2022-06-29 06:00:00,0.06561,0.06692,0.06409,0.06617,255195771.0
2022-06-29 12:00:00,0.06618,0.06938,0.06539,0.06932,347823296.0
2022-06-29 18:00:00,0.06933,0.07159,0.06836,0.06956,321312962.0
2022-06-30 00:00:00,0.06958,0.06973,0.06648,0.06673,218056504.0
2022-06-30 06:00:00,0.06671,0.06693,0.06244,0.0631,303889114.0
2022-06-30 12:00:00,0.06309,0.06611,0.06227,0.06519,274517722.0
2022-06-30 18:00:00,0.0652,0.06671,0.06265,0.06644,260542652.0
2022-07-01 00:00:00,0.06642,0.06846,0.06417,0.06488,312751938.0
2022-07-01 06:00:00,0.06484,0.06686,0.06386,0.06482,213762364.0
2022-07-01 12:00:00,0.06481,0.06693,0.06435,0.06641,198960969.0
2022-07-01 18:00:00,0.06642,0.06765,0.06578,0.06644,147274651.0
2022-07-02 00:00:00,0.06645,0.06788,0.0655,0.06656,248467783.0
2022-07-02 06:00:00,0.06655,0.06761,0.06614,0.06716,151727245.0
2022-07-02 12:00:00,0.06717,0.068,0.06635,0.06682,129719066.0
2022-07-02 18:00:00,0.06682,0.06739,0.06632,0.06667,89057087.0
2022-07-03 00:00:00,0.06667,0.06732,0.0651,0.06594,143584976.0
2022-07-03 06:00:00,0.06595,0.06638,0.06502,0.06557,90998818.0
2022-07-03 12:00:00,0.06557,0.06604,0.06482,0.06589,85986409.0
2022-07-03 18:00:00,0.0659,0.0675,0.06576,0.06721,117325753.0
2022-07-04 00:00:00,0.06721,0.06929,0.06609,0.06634,215660294.0
2022-07-04 06:00:00,0.06634,0.0682,0.06566,0.06803,134953195.0
2022-07-04 12:00:00,0.06804,0.0692,0.06725,0.06827,184249042.0
2022-07-04 18:00:00,0.06827,0.06981,0.0678,0.06938,112558555.0
2022-07-05 00:00:00,0.06937,0.07002,0.06855,0.06955,141886569.0
2022-07-05 06:00:00,0.06955,0.06978,0.06613,0.06634,169666166.0
2022-07-05 12:00:00,0.06634,0.06704,0.0655,0.06688,149834589.0
2022-07-05 18:00:00,0.06689,0.06914,0.06662,0.06716,172646422.0
2022-07-06 00:00:00,0.06716,0.06808,0.06616,0.06758,147755322.0
2022-07-06 06:00:00,0.0676,0.06809,0.06693,0.06746,101841502.0
2022-07-06 12:00:00,0.06747,0.06907,0.0667,0.06807,225757656.0
2022-07-06 18:00:00,0.06803,0.0693,0.06763,0.06844,168491075.0
2022-07-07 00:00:00,0.06843,0.06951,0.06786,0.06802,138934116.0
2022-07-07 06:00:00,0.06803,0.06979,0.06795,0.06938,156577145.0
2022-07-07 12:00:00,0.06937,0.07091,0.06889,0.07009,237699033.0
2022-07-07 18:00:00,0.0701,0.07122,0.07004,0.07055,165501100.0
2022-07-08 00:00:00,0.07056,0.0735,0.07006,0.07063,212641104.0
2022-07-08 06:00:00,0.07064,0.07093,0.0688,0.06924,199148007.0
2022-07-08 12:00:00,0.06924,0.07033,0.06823,0.06976,209080540.0
2022-07-08 18:00:00,0.06977,0.07064,0.06858,0.06906,146764745.0
2022-07-09 00:00:00,0.06906,0.06983,0.06881,0.06947,116012004.0
2022-07-09 06:00:00,0.06947,0.07013,0.06899,0.06905,81528358.0
2022-07-09 12:00:00,0.06903,0.07018,0.06888,0.06994,96496562.0
2022-07-09 18:00:00,0.06993,0.07019,0.06925,0.06947,62518253.0
2022-07-10 00:00:00,0.06947,0.0695,0.0676,0.06847,134445470.0
2022-07-10 06:00:00,0.06847,0.06851,0.06762,0.06801,57553601.0
2022-07-10 12:00:00,0.06802,0.06825,0.06626,0.06676,196866895.0
2022-07-10 18:00:00,0.06677,0.06776,0.06652,0.06728,111479344.0
2022-07-11 00:00:00,0.06728,0.06729,0.06526,0.06536,132214330.0
2022-07-11 06:00:00,0.06536,0.06547,0.06437,0.06446,146056615.0
2022-07-11 12:00:00,0.06446,0.06512,0.06313,0.06444,166020175.0
2022-07-11 18:00:00,0.0644,0.06458,0.06119,0.06175,123449137.0
2022-07-12 00:00:00,0.06175,0.06316,0.06134,0.06255,110808000.0
2022-07-12 06:00:00,0.06255,0.06255,0.06037,0.06129,155263226.0
2022-07-12 12:00:00,0.06129,0.06209,0.06112,0.0617,114241377.0
2022-07-12 18:00:00,0.06171,0.06173,0.05972,0.05982,110386043.0
2022-07-13 00:00:00,0.05981,0.06114,0.05912,0.06075,136970908.0
2022-07-13 06:00:00,0.06074,0.06182,0.06056,0.06162,113838769.0
2022-07-13 12:00:00,0.06162,0.06235,0.05754,0.06041,384841955.0
2022-07-13 18:00:00,0.06041,0.06216,0.06003,0.06194,129971512.0
2022-07-14 00:00:00,0.06194,0.0622,0.0607,0.06083,116016280.0
2022-07-14 06:00:00,0.06083,0.06085,0.05946,0.05987,110844401.0
2022-07-14 12:00:00,0.05987,0.06245,0.05957,0.06233,234355161.0
2022-07-14 18:00:00,0.06233,0.06282,0.06176,0.06246,158154718.0
2022-07-15 00:00:00,0.06247,0.06334,0.06162,0.06262,145415277.0
2022-07-15 06:00:00,0.06262,0.06443,0.06213,0.0632,209471005.0
2022-07-15 12:00:00,0.06318,0.06395,0.06224,0.06259,176309772.0
2022-07-15 18:00:00,0.06258,0.06418,0.06246,0.06294,120068660.0
2022-07-16 00:00:00,0.06293,0.06309,0.06207,0.06211,65863546.0
2022-07-16 06:00:00,0.06211,0.06238,0.06176,0.06211,66612006.0
2022-07-16 12:00:00,0.06209,0.06484,0.06199,0.0641,193111376.0
2022-07-16 18:00:00,0.06411,0.06465,0.06356,0.06439,124955176.0
2022-07-17 00:00:00,0.06437,0.06488,0.06365,0.06448,72063047.0
2022-07-17 06:00:00,0.06449,0.06552,0.06396,0.06421,124833804.0
2022-07-17 12:00:00,0.06421,0.06488,0.0632,0.06375,134800525.0
2022-07-17 18:00:00,0.06375,0.06452,0.06289,0.06306,81567167.0
2022-07-18 00:00:00,0.06306,0.06598,0.06299,0.06594,195720953.0
2022-07-18 06:00:00,0.06593,0.06745,0.06556,0.06649,307789932.0
2022-07-18 12:00:00,0.06649,0.06897,0.06572,0.06663,431962400.0
2022-07-18 18:00:00,0.06662,0.06798,0.0652,0.06756,217658151.0
2022-07-19 00:00:00,0.06755,0.06867,0.06539,0.06653,267087949.0
2022-07-19 06:00:00,0.06651,0.06731,0.06548,0.06679,154642005.0
2022-07-19 12:00:00,0.0668,0.06965,0.0668,0.06913,393787324.0
2022-07-19 18:00:00,0.06908,0.07025,0.0683,0.06901,233836298.0
2022-07-20 00:00:00,0.06902,0.07164,0.0677,0.07151,270800679.0
2022-07-20 06:00:00,0.0715,0.07695,0.07116,0.07336,785022598.0
2022-07-20 12:00:00,0.07336,0.07461,0.07001,0.07008,367007131.0
2022-07-20 18:00:00,0.07009,0.07387,0.06769,0.07014,456337225.0
2022-07-21 00:00:00,0.07012,0.07091,0.06691,0.06858,268984322.0
2022-07-21 06:00:00,0.0686,0.06933,0.06778,0.06839,178716914.0
2022-07-21 12:00:00,0.06839,0.06992,0.06717,0.06899,234452689.0
2022-07-21 18:00:00,0.06899,0.07049,0.06895,0.06998,149371304.0
2022-07-22 00:00:00,0.06997,0.07093,0.06892,0.07012,139469850.0
2022-07-22 06:00:00,0.07013,0.07141,0.06966,0.07107,153239293.0
2022-07-22 12:00:00,0.07107,0.0714,0.06778,0.06816,249111096.0
2022-07-22 18:00:00,0.06816,0.06878,0.0667,0.06743,156418826.0
2022-07-23 00:00:00,0.06743,0.06927,0.06689,0.06893,115512543.0
2022-07-23 06:00:00,0.06893,0.0695,0.0663,0.0664,162059775.0
2022-07-23 12:00:00,0.06643,0.06763,0.06616,0.06647,162189237.0
2022-07-23 18:00:00,0.06649,0.06826,0.06594,0.06804,135068806.0
2022-07-24 00:00:00,0.06802,0.0689,0.0676,0.0686,109558596.0
2022-07-24 06:00:00,0.0686,0.06893,0.06777,0.06846,99102507.0
2022-07-24 12:00:00,0.06846,0.06875,0.06766,0.06829,92538074.0
2022-07-24 18:00:00,0.06829,0.06891,0.06721,0.06755,120982712.0
2022-07-25 00:00:00,0.06755,0.06799,0.064,0.06517,298650388.0
2022-07-25 06:00:00,0.06518,0.06565,0.06478,0.06521,93246711.0
2022-07-25 12:00:00,0.06522,0.0653,0.06419,0.06476,110908680.0
2022-07-25 18:00:00,0.06475,0.06504,0.06175,0.06193,196488684.0
2022-07-26 00:00:00,0.06194,0.06224,0.06116,0.06188,192392947.0
2022-07-26 06:00:00,0.06189,0.06195,0.06111,0.06162,108532098.0
2022-07-26 12:00:00,0.06164,0.06199,0.06011,0.06076,170209853.0
2022-07-26 18:00:00,0.06077,0.06267,0.06025,0.06252,126935221.0
2022-07-27 00:00:00,0.06253,0.06294,0.06178,0.06285,95058275.0
2022-07-27 06:00:00,0.06285,0.06324,0.06198,0.06212,87479072.0
2022-07-27 12:00:00,0.06213,0.06373,0.06197,0.06284,134144011.0
2022-07-27 18:00:00,0.06287,0.06722,0.06287,0.06721,405453843.0
2022-07-28 00:00:00,0.06722,0.0674,0.06583,0.06682,171047924.0
2022-07-28 06:00:00,0.06684,0.06728,0.06558,0.06687,160180214.0
2022-07-28 12:00:00,0.06688,0.06985,0.06518,0.06976,386301523.0
2022-07-28 18:00:00,0.06976,0.07089,0.06863,0.06909,230424662.0
2022-07-29 00:00:00,0.06912,0.07203,0.0683,0.07152,273005380.0
2022-07-29 06:00:00,0.07152,0.07244,0.06843,0.06887,249441224.0
2022-07-29 12:00:00,0.06886,0.07004,0.06723,0.06829,321266504.0
2022-07-29 18:00:00,0.0683,0.07038,0.06815,0.06877,162418618.0
2022-07-30 00:00:00,0.06879,0.07013,0.06788,0.06896,205707959.0
2022-07-30 06:00:00,0.06895,0.07454,0.06873,0.07159,516857287.0
2022-07-30 12:00:00,0.07159,0.07303,0.07061,0.07242,367888829.0
2022-07-30 18:00:00,0.07242,0.07268,0.0685,0.06965,215079067.0
2022-07-31 00:00:00,0.06966,0.07159,0.06895,0.07023,171806327.0
2022-07-31 06:00:00,0.07026,0.07129,0.06909,0.07057,156958381.0
2022-07-31 12:00:00,0.07057,0.07136,0.06966,0.07098,167375062.0
2022-07-31 18:00:00,0.07099,0.07225,0.06771,0.06807,293827263.0
2022-08-01 00:00:00,0.06809,0.07128,0.0679,0.06953,218787722.0
2022-08-01 06:00:00,0.06953,0.06968,0.06764,0.06854,141439275.0
2022-08-01 12:00:00,0.06856,0.06967,0.06682,0.06763,280201476.0
2022-08-01 18:00:00,0.06763,0.06884,0.06723,0.06845,130081306.0
2022-08-02 00:00:00,0.06845,0.06913,0.06546,0.0661,173461688.0
2022-08-02 06:00:00,0.06611,0.06692,0.06553,0.06663,101981235.0
2022-08-02 12:00:00,0.06662,0.06846,0.0658,0.06764,201262763.0
2022-08-02 18:00:00,0.06763,0.06796,0.06635,0.06652,95081103.0
2022-08-03 00:00:00,0.06652,0.06714,0.06509,0.06711,126140417.0
2022-08-03 06:00:00,0.0671,0.06812,0.06691,0.06788,110037839.0
2022-08-03 12:00:00,0.06788,0.06842,0.06744,0.06782,128885037.0
2022-08-03 18:00:00,0.06781,0.06814,0.06568,0.06621,110438013.0
2022-08-04 00:00:00,0.06621,0.06755,0.06608,0.06731,96759016.0
2022-08-04 06:00:00,0.0673,0.06754,0.06621,0.06646,84310101.0
2022-08-04 12:00:00,0.06646,0.06737,0.06574,0.06631,128035233.0
2022-08-04 18:00:00,0.06632,0.06767,0.06582,0.06725,108849249.0
2022-08-05 00:00:00,0.06725,0.06854,0.06717,0.06832,129035114.0
2022-08-05 06:00:00,0.06833,0.07019,0.06826,0.07014,207949534.0
2022-08-05 12:00:00,0.07012,0.07028,0.06806,0.06861,227705079.0
2022-08-05 18:00:00,0.0686,0.06996,0.06839,0.06981,90654075.0
2022-08-06 00:00:00,0.06981,0.07133,0.06904,0.06993,257032271.0
2022-08-06 06:00:00,0.06994,0.07021,0.06939,0.06966,79369130.0
2022-08-06 12:00:00,0.06967,0.07022,0.06872,0.06923,103628598.0
2022-08-06 18:00:00,0.06923,0.06946,0.0684,0.06863,75245102.0
2022-08-07 00:00:00,0.06863,0.06903,0.06735,0.06851,109053237.0
2022-08-07 06:00:00,0.0685,0.06895,0.06813,0.06892,54151129.0
2022-08-07 12:00:00,0.06892,0.06987,0.0688,0.06966,92152955.0
2022-08-07 18:00:00,0.06967,0.07,0.06858,0.06897,79086151.0
2022-08-08 00:00:00,0.06896,0.07042,0.06881,0.07027,118255242.0
2022-08-08 06:00:00,0.07026,0.07152,0.07025,0.07116,189812105.0
2022-08-08 12:00:00,0.07114,0.07258,0.06945,0.07024,341884037.0
2022-08-08 18:00:00,0.07024,0.07081,0.06902,0.07011,142022492.0
2022-08-09 00:00:00,0.07009,0.07171,0.06962,0.07137,146607745.0
2022-08-09 06:00:00,0.07137,0.075,0.06954,0.0698,733457555.0
2022-08-09 12:00:00,0.06981,0.07061,0.06743,0.06891,325940568.0
2022-08-09 18:00:00,0.06891,0.0696,0.0684,0.06904,113165867.0
2022-08-10 00:00:00,0.06902,0.06908,0.06649,0.06799,203542778.0
2022-08-10 06:00:00,0.068,0.06879,0.0675,0.06865,97592633.0
2022-08-10 12:00:00,0.06865,0.07146,0.0683,0.0707,419277346.0
2022-08-10 18:00:00,0.0707,0.07147,0.06974,0.07126,144120240.0
2022-08-11 00:00:00,0.07126,0.07248,0.07105,0.07212,251105982.0
2022-08-11 06:00:00,0.07212,0.07245,0.07091,0.07175,240013703.0
2022-08-11 12:00:00,0.07174,0.0755,0.07121,0.07167,598955051.0
2022-08-11 18:00:00,0.07167,0.0717,0.07042,0.07084,154577975.0
2022-08-12 00:00:00,0.07085,0.07149,0.06987,0.07109,118384829.0
2022-08-12 06:00:00,0.07108,0.07236,0.06966,0.07006,180512498.0
2022-08-12 12:00:00,0.07006,0.07122,0.07003,0.07115,110835196.0
2022-08-12 18:00:00,0.07116,0.07275,0.071,0.0723,148988133.0
2022-08-13 00:00:00,0.07232,0.07485,0.0718,0.07473,281039662.0
2022-08-13 06:00:00,0.07472,0.07517,0.07239,0.07292,239943300.0
2022-08-13 12:00:00,0.07292,0.07462,0.07255,0.07399,174462537.0
2022-08-13 18:00:00,0.074,0.07408,0.07258,0.07293,118750857.0
2022-08-14 00:00:00,0.07292,0.07782,0.07262,0.07712,545087355.0
2022-08-14 06:00:00,0.07711,0.08046,0.07643,0.07794,807255658.0
2022-08-14 12:00:00,0.07793,0.08494,0.07678,0.07884,1268686482.0
2022-08-14 18:00:00,0.07883,0.08253,0.07821,0.08168,548255164.0
2022-08-15 00:00:00,0.08168,0.08203,0.07868,0.07921,491352128.0
2022-08-15 06:00:00,0.07921,0.07924,0.07489,0.0757,592059859.0
2022-08-15 12:00:00,0.07569,0.07859,0.07467,0.07777,380085990.0
2022-08-15 18:00:00,0.07777,0.07857,0.07519,0.07662,296601337.0
2022-08-16 00:00:00,0.07663,0.0805,0.07615,0.07897,539276177.0
2022-08-16 06:00:00,0.07897,0.089,0.07886,0.08571,1622201968.0
2022-08-16 12:00:00,0.08571,0.08962,0.08335,0.08522,1292180876.0
2022-08-16 18:00:00,0.0852,0.08791,0.08381,0.08677,557727740.0
2022-08-17 00:00:00,0.08677,0.08806,0.08445,0.08693,536768712.0
2022-08-17 06:00:00,0.08693,0.08897,0.0832,0.08393,560215945.0
2022-08-17 12:00:00,0.08393,0.08419,0.08057,0.08297,583701890.0
2022-08-17 18:00:00,0.08297,0.08361,0.07933,0.08021,375539794.0
2022-08-18 00:00:00,0.08021,0.0815,0.07954,0.081,249763337.0
2022-08-18 06:00:00,0.08099,0.08229,0.08029,0.08074,273513331.0
2022-08-18 12:00:00,0.08074,0.08185,0.07757,0.0776,343730010.0
2022-08-18 18:00:00,0.07759,0.0785,0.07347,0.07474,432539685.0
2022-08-19 00:00:00,0.07474,0.07529,0.07211,0.07429,620710099.0
2022-08-19 06:00:00,0.07431,0.07438,0.0676,0.06889,925967245.0
2022-08-19 12:00:00,0.06889,0.07135,0.0679,0.07007,443620105.0
2022-08-19 18:00:00,0.07007,0.07016,0.06702,0.06776,389179596.0
2022-08-20 00:00:00,0.06777,0.07041,0.06771,0.06971,385387562.0
2022-08-20 06:00:00,0.06971,0.07118,0.06971,0.06993,268004251.0
2022-08-20 12:00:00,0.06992,0.07048,0.06818,0.06866,227981128.0
2022-08-20 18:00:00,0.06864,0.07035,0.06764,0.06933,377521659.0
2022-08-21 00:00:00,0.06934,0.0701,0.0683,0.06878,219909855.0
2022-08-21 06:00:00,0.06876,0.07,0.06739,0.0697,359676422.0
2022-08-21 12:00:00,0.0697,0.07021,0.0686,0.06913,199051055.0
2022-08-21 18:00:00,0.06914,0.0708,0.0682,0.06932,234926547.0
2022-08-22 00:00:00,0.06933,0.06942,0.06785,0.06849,183039046.0
2022-08-22 06:00:00,0.06849,0.06849,0.06518,0.0667,372259813.0
2022-08-22 12:00:00,0.0667,0.06768,0.06574,0.06697,184772118.0
2022-08-22 18:00:00,0.06697,0.06846,0.066,0.0684,144386856.0
2022-08-23 00:00:00,0.06841,0.069,0.06699,0.06701,137032836.0
2022-08-23 06:00:00,0.067,0.0688,0.06687,0.06866,147107609.0
2022-08-23 12:00:00,0.06866,0.06923,0.0679,0.06796,122551648.0
2022-08-23 18:00:00,0.06795,0.06913,0.06785,0.06884,91630095.0
2022-08-24 00:00:00,0.06884,0.0692,0.06703,0.06783,146114513.0
2022-08-24 06:00:00,0.06782,0.06814,0.06705,0.06803,120482594.0
2022-08-24 12:00:00,0.06804,0.06967,0.06766,0.06911,142609318.0
2022-08-24 18:00:00,0.06911,0.0696,0.0676,0.06791,127416702.0
2022-08-25 00:00:00,0.06791,0.06886,0.0678,0.06847,114687347.0
2022-08-25 06:00:00,0.06847,0.07185,0.06847,0.07098,386282682.0
2022-08-25 12:00:00,0.07097,0.07106,0.06761,0.06853,311544956.0
2022-08-25 18:00:00,0.06853,0.06943,0.06815,0.06898,91753451.0
2022-08-26 00:00:00,0.06898,0.06937,0.06737,0.06782,142842788.0
2022-08-26 06:00:00,0.06782,0.06943,0.06655,0.06741,198034473.0
2022-08-26 12:00:00,0.06741,0.06957,0.06487,0.06533,553379301.0
2022-08-26 18:00:00,0.06534,0.06591,0.06273,0.06351,325889814.0
2022-08-27 00:00:00,0.06351,0.06412,0.06225,0.06309,252669685.0
2022-08-27 06:00:00,0.06309,0.06408,0.06294,0.06378,180204648.0
2022-08-27 12:00:00,0.06379,0.06401,0.06234,0.06291,178566783.0
2022-08-27 18:00:00,0.06291,0.06375,0.06251,0.06351,102164659.0
2022-08-28 00:00:00,0.06353,0.06417,0.06302,0.06364,104467892.0
2022-08-28 06:00:00,0.06364,0.0643,0.06342,0.06389,150137034.0
2022-08-28 12:00:00,0.06391,0.06427,0.06296,0.06384,122412534.0
2022-08-28 18:00:00,0.06384,0.06432,0.06129,0.06178,156464248.0
2022-08-29 00:00:00,0.06177,0.06214,0.06088,0.06136,175270828.0
2022-08-29 06:00:00,0.06135,0.06199,0.06125,0.06185,91059406.0
2022-08-29 12:00:00,0.06184,0.06409,0.0618,0.0633,247617661.0
2022-08-29 18:00:00,0.0633,0.06405,0.0628,0.06384,85252476.0
2022-08-30 00:00:00,0.06383,0.06448,0.06315,0.06395,118263878.0
2022-08-30 06:00:00,0.06395,0.0643,0.06355,0.0639,105720637.0
2022-08-30 12:00:00,0.06391,0.06408,0.06007,0.06073,251551035.0
2022-08-30 18:00:00,0.06072,0.06223,0.06065,0.06154,135499216.0
2022-08-31 00:00:00,0.06155,0.06346,0.06152,0.06309,154142654.0
2022-08-31 06:00:00,0.06309,0.06339,0.0621,0.06292,129569781.0
2022-08-31 12:00:00,0.06293,0.06327,0.06106,0.0614,159670965.0
2022-08-31 18:00:00,0.0614,0.06243,0.06072,0.06135,107573935.0
2022-09-01 00:00:00,0.06134,0.06186,0.06028,0.06088,127098138.0
2022-09-01 06:00:00,0.06086,0.06161,0.05988,0.06147,143867633.0
2022-09-01 12:00:00,0.06147,0.06196,0.06014,0.06156,202807650.0
2022-09-01 18:00:00,0.06155,0.06263,0.0614,0.06239,93247319.0
2022-09-02 00:00:00,0.06238,0.06288,0.06176,0.06218,69136058.0
2022-09-02 06:00:00,0.06218,0.06223,0.0611,0.06161,80871167.0
2022-09-02 12:00:00,0.0616,0.0628,0.06112,0.06138,178005257.0
2022-09-02 18:00:00,0.06137,0.06175,0.06068,0.06165,108718762.0
2022-09-03 00:00:00,0.06164,0.06403,0.06125,0.06291,158910113.0
2022-09-03 06:00:00,0.0629,0.06295,0.06112,0.0619,120783153.0
2022-09-03 12:00:00,0.0619,0.06309,0.06187,0.06263,148447381.0
2022-09-03 18:00:00,0.06263,0.06275,0.0615,0.06271,78334221.0
2022-09-04 00:00:00,0.06272,0.06308,0.0623,0.06251,71991558.0
2022-09-04 06:00:00,0.06252,0.06391,0.06187,0.06333,179870909.0
2022-09-04 12:00:00,0.06333,0.06367,0.0626,0.06334,97262216.0
2022-09-04 18:00:00,0.06332,0.0634,0.06261,0.06323,76930009.0
2022-09-05 00:00:00,0.06323,0.06374,0.06204,0.06228,83782620.0
2022-09-05 06:00:00,0.06227,0.06242,0.06092,0.06171,144398705.0
2022-09-05 12:00:00,0.0617,0.06248,0.06145,0.06217,94895543.0
2022-09-05 18:00:00,0.06216,0.06309,0.06176,0.06275,71336133.0
2022-09-06 00:00:00,0.06275,0.06531,0.06244,0.0634,314645738.0
2022-09-06 06:00:00,0.0634,0.06382,0.06278,0.06328,86749519.0
2022-09-06 12:00:00,0.06328,0.06365,0.059,0.05978,377544492.0
2022-09-06 18:00:00,0.05977,0.05982,0.058,0.05889,251755072.0
2022-09-07 00:00:00,0.05888,0.05902,0.05737,0.05884,178841113.0
2022-09-07 06:00:00,0.05885,0.05953,0.05875,0.05939,97288604.0
2022-09-07 12:00:00,0.05939,0.06087,0.05911,0.06079,153922514.0
2022-09-07 18:00:00,0.06081,0.06155,0.06038,0.06097,142729673.0
2022-09-08 00:00:00,0.06098,0.06133,0.06068,0.06094,72815666.0
2022-09-08 06:00:00,0.06094,0.06119,0.06012,0.06074,110270604.0
2022-09-08 12:00:00,0.06074,0.06116,0.05965,0.06031,211420898.0
2022-09-08 18:00:00,0.06031,0.06142,0.0601,0.06096,80372150.0
2022-09-09 00:00:00,0.06099,0.06329,0.0609,0.06301,222337044.0
2022-09-09 06:00:00,0.06301,0.06489,0.06272,0.06377,337660184.0
2022-09-09 12:00:00,0.06378,0.06464,0.06264,0.06285,297714122.0
2022-09-09 18:00:00,0.06285,0.06446,0.0626,0.06385,184935027.0
2022-09-10 00:00:00,0.06386,0.06494,0.06315,0.06431,252759849.0
2022-09-10 06:00:00,0.06432,0.06495,0.06318,0.06395,194015899.0
2022-09-10 12:00:00,0.06395,0.06457,0.06345,0.06417,210317855.0
2022-09-10 18:00:00,0.06417,0.06557,0.06371,0.06466,203451159.0
2022-09-11 00:00:00,0.06467,0.06531,0.06396,0.06408,131624068.0
2022-09-11 06:00:00,0.06407,0.06421,0.06284,0.06392,167058516.0
2022-09-11 12:00:00,0.06392,0.0647,0.06356,0.06417,265316450.0
2022-09-11 18:00:00,0.06417,0.06424,0.06261,0.06369,148922317.0
2022-09-12 00:00:00,0.06369,0.06455,0.06261,0.06323,165091945.0
2022-09-12 06:00:00,0.06323,0.06475,0.06305,0.06472,175180269.0
2022-09-12 12:00:00,0.06474,0.06545,0.0628,0.06385,240220379.0
2022-09-12 18:00:00,0.06385,0.06421,0.06343,0.06393,95738168.0
2022-09-13 00:00:00,0.06395,0.06399,0.06271,0.06347,177136183.0
2022-09-13 06:00:00,0.06346,0.06404,0.0633,0.06388,152065953.0
2022-09-13 12:00:00,0.06389,0.06419,0.06008,0.06064,419386528.0
2022-09-13 18:00:00,0.06063,0.06193,0.05921,0.05964,280140037.0
2022-09-14 00:00:00,0.05965,0.06086,0.05914,0.06065,116093229.0
2022-09-14 06:00:00,0.06067,0.0615,0.05958,0.06067,259334384.0
2022-09-14 12:00:00,0.06068,0.0614,0.06011,0.06096,183953125.0
2022-09-14 18:00:00,0.06095,0.06147,0.06001,0.06115,129811411.0
2022-09-15 00:00:00,0.06114,0.06121,0.05961,0.06055,130440816.0
2022-09-15 06:00:00,0.06055,0.06115,0.05961,0.0605,168510424.0
2022-09-15 12:00:00,0.06051,0.06083,0.05857,0.05939,277499291.0
2022-09-15 18:00:00,0.05939,0.0597,0.05847,0.0586,98300761.0
2022-09-16 00:00:00,0.05862,0.0598,0.05807,0.05948,133024347.0
2022-09-16 06:00:00,0.05948,0.06011,0.0589,0.06002,110852885.0
2022-09-16 12:00:00,0.06002,0.06004,0.05877,0.05928,141300172.0
2022-09-16 18:00:00,0.05929,0.0605,0.0591,0.06046,96215718.0
2022-09-17 00:00:00,0.06045,0.06093,0.06024,0.06034,61753443.0
2022-09-17 06:00:00,0.06033,0.0609,0.0602,0.06071,77907528.0
2022-09-17 12:00:00,0.06071,0.06241,0.06059,0.06229,188270788.0
2022-09-17 18:00:00,0.06229,0.06237,0.06134,0.0622,112671415.0
2022-09-18 00:00:00,0.0622,0.06225,0.06124,0.06159,127330962.0
2022-09-18 06:00:00,0.06159,0.06169,0.0603,0.06078,88151598.0
2022-09-18 12:00:00,0.06078,0.06103,0.05953,0.05972,133993839.0
2022-09-18 18:00:00,0.05972,0.05996,0.05628,0.05743,251293081.0
2022-09-19 00:00:00,0.05744,0.0582,0.0562,0.05657,250885861.0
2022-09-19 06:00:00,0.05659,0.05696,0.05588,0.05688,141502480.0
2022-09-19 12:00:00,0.05689,0.05814,0.05676,0.05732,138288609.0
2022-09-19 18:00:00,0.05732,0.05881,0.05726,0.05853,93873143.0
2022-09-20 00:00:00,0.05852,0.05881,0.05791,0.05849,81968168.0
2022-09-20 06:00:00,0.05849,0.05907,0.05796,0.0583,89099970.0
2022-09-20 12:00:00,0.0583,0.06064,0.05759,0.05847,251962056.0
2022-09-20 18:00:00,0.05846,0.05924,0.05801,0.05839,95144567.0
2022-09-21 00:00:00,0.0584,0.05974,0.05823,0.05892,85198491.0
2022-09-21 06:00:00,0.05892,0.05916,0.05772,0.05893,105188265.0
2022-09-21 12:00:00,0.05892,0.05957,0.05808,0.05948,101623379.0
2022-09-21 18:00:00,0.0595,0.06091,0.05606,0.05715,510974481.0
2022-09-22 00:00:00,0.05715,0.05777,0.05682,0.05772,90815016.0
2022-09-22 06:00:00,0.05772,0.05949,0.05762,0.05929,121247902.0
2022-09-22 12:00:00,0.0593,0.05954,0.05853,0.05916,143425714.0
2022-09-22 18:00:00,0.05916,0.06007,0.05879,0.05958,129550963.0
2022-09-23 00:00:00,0.05959,0.06265,0.05946,0.06174,301896966.0
2022-09-23 06:00:00,0.06174,0.06201,0.05974,0.06019,213830995.0
2022-09-23 12:00:00,0.06018,0.062,0.05912,0.06175,304019771.0
2022-09-23 18:00:00,0.06173,0.06431,0.06114,0.06337,576419701.0
2022-09-24 00:00:00,0.06337,0.06831,0.06285,0.0659,1247806693.0
2022-09-24 06:00:00,0.06589,0.06684,0.0647,0.06563,517709772.0
2022-09-24 12:00:00,0.06562,0.0667,0.06503,0.0653,549993692.0
2022-09-24 18:00:00,0.0653,0.0653,0.06239,0.0631,278960066.0
2022-09-25 00:00:00,0.0631,0.0637,0.06246,0.06282,191507175.0
2022-09-25 06:00:00,0.06282,0.06334,0.06238,0.06293,111968145.0
2022-09-25 12:00:00,0.06293,0.06388,0.06121,0.06211,300190295.0
2022-09-25 18:00:00,0.06211,0.06229,0.06004,0.06117,169708064.0
2022-09-26 00:00:00,0.06117,0.06188,0.06055,0.06094,146960953.0
2022-09-26 06:00:00,0.06093,0.06176,0.05972,0.06045,238524462.0
2022-09-26 12:00:00,0.06045,0.06145,0.06022,0.06066,114291466.0
2022-09-26 18:00:00,0.06065,0.06141,0.06031,0.06113,86791811.0
2022-09-27 00:00:00,0.06112,0.06281,0.06098,0.06241,149630373.0
2022-09-27 06:00:00,0.0624,0.06307,0.06185,0.06234,122301329.0
2022-09-27 12:00:00,0.06233,0.06296,0.0599,0.06014,217427363.0
2022-09-27 18:00:00,0.06014,0.06074,0.05973,0.06048,90818096.0
2022-09-28 00:00:00,0.0605,0.06096,0.05848,0.05954,172805039.0
2022-09-28 06:00:00,0.05955,0.05992,0.05904,0.05988,122871842.0
2022-09-28 12:00:00,0.05989,0.06113,0.05989,0.06047,140513798.0
2022-09-28 18:00:00,0.06046,0.0611,0.06036,0.06051,64933128.0
2022-09-29 00:00:00,0.06051,0.06108,0.06027,0.06062,82991955.0
2022-09-29 06:00:00,0.06062,0.06062,0.0599,0.06038,99943810.0
2022-09-29 12:00:00,0.06038,0.06042,0.05927,0.05985,128232196.0
2022-09-29 18:00:00,0.05985,0.06087,0.05968,0.06086,87936922.0
2022-09-30 00:00:00,0.06088,0.06098,0.06025,0.06063,80435743.0
2022-09-30 06:00:00,0.06063,0.06105,0.0601,0.06033,99958760.0
2022-09-30 12:00:00,0.06032,0.06173,0.05954,0.06051,233415043.0
2022-09-30 18:00:00,0.0605,0.06228,0.0601,0.06167,271574128.0
2022-10-01 00:00:00,0.06168,0.06316,0.06104,0.06123,292001752.0
2022-10-01 06:00:00,0.06123,0.0621,0.06093,0.06156,162111538.0
2022-10-01 12:00:00,0.06157,0.06181,0.06026,0.06043,193078601.0
2022-10-01 18:00:00,0.06042,0.06082,0.06025,0.06059,69486289.0
2022-10-02 00:00:00,0.0606,0.06096,0.06052,0.06077,33187662.0
2022-10-02 06:00:00,0.06077,0.06088,0.05927,0.05993,104920451.0
2022-10-02 12:00:00,0.05993,0.06013,0.05962,0.05994,91543945.0
2022-10-02 18:00:00,0.05994,0.06036,0.0588,0.05927,108221334.0
2022-10-03 00:00:00,0.05926,0.05994,0.05879,0.05967,73801889.0
2022-10-03 06:00:00,0.05968,0.06027,0.05941,0.06016,75684758.0
2022-10-03 12:00:00,0.06017,0.06051,0.0595,0.06027,105244514.0
2022-10-03 18:00:00,0.06027,0.06058,0.05977,0.06034,62677793.0
2022-10-04 00:00:00,0.06033,0.06051,0.05994,0.06005,49137664.0
2022-10-04 06:00:00,0.06005,0.06097,0.06004,0.06066,98243319.0
2022-10-04 12:00:00,0.06066,0.066,0.06047,0.06401,1278352364.0
2022-10-04 18:00:00,0.064,0.06645,0.06349,0.06584,550784384.0
2022-10-05 00:00:00,0.06584,0.06687,0.06463,0.065,363116262.0
2022-10-05 06:00:00,0.065,0.0654,0.0639,0.06431,291711537.0
2022-10-05 12:00:00,0.06431,0.06549,0.06262,0.06464,425008481.0
2022-10-05 18:00:00,0.06465,0.06542,0.06406,0.06478,179350093.0
2022-10-06 00:00:00,0.06479,0.06686,0.06468,0.06575,239955413.0
2022-10-06 06:00:00,0.06574,0.06576,0.06473,0.06544,130838418.0
2022-10-06 12:00:00,0.06544,0.06567,0.0637,0.06395,164383786.0
2022-10-06 18:00:00,0.06395,0.06415,0.06279,0.06345,150761909.0
2022-10-07 00:00:00,0.06345,0.06383,0.06311,0.06341,91187845.0
2022-10-07 06:00:00,0.06342,0.06353,0.06289,0.0633,68425568.0
2022-10-07 12:00:00,0.0633,0.0635,0.06124,0.06162,266789133.0
2022-10-07 18:00:00,0.06162,0.06249,0.06158,0.06235,74478004.0
2022-10-08 00:00:00,0.06237,0.06268,0.06205,0.06233,64677294.0
2022-10-08 06:00:00,0.06232,0.06246,0.06206,0.06225,39237451.0
2022-10-08 12:00:00,0.06224,0.06243,0.06194,0.06236,51171717.0
2022-10-08 18:00:00,0.06235,0.06254,0.06118,0.06165,75787910.0
2022-10-09 00:00:00,0.06164,0.06182,0.06116,0.06155,62678961.0
2022-10-09 06:00:00,0.06155,0.06214,0.0615,0.06209,60690326.0
2022-10-09 12:00:00,0.06209,0.06227,0.06183,0.06209,45051322.0
2022-10-09 18:00:00,0.06209,0.0624,0.06173,0.06212,58548325.0
2022-10-10 00:00:00,0.0621,0.0625,0.06193,0.06213,52276354.0
2022-10-10 06:00:00,0.06213,0.06216,0.06,0.06096,157769836.0
2022-10-10 12:00:00,0.06095,0.06114,0.06004,0.06071,79103338.0
2022-10-10 18:00:00,0.06072,0.06073,0.0592,0.05938,97633046.0
2022-10-11 00:00:00,0.05938,0.05938,0.0575,0.0591,202272672.0
2022-10-11 06:00:00,0.0591,0.06004,0.05893,0.05987,80393712.0
2022-10-11 12:00:00,0.05988,0.06087,0.05934,0.06027,100355939.0
2022-10-11 18:00:00,0.06027,0.06099,0.05973,0.06025,95039912.0
2022-10-12 00:00:00,0.06025,0.06099,0.05984,0.0603,78830220.0
2022-10-12 06:00:00,0.0603,0.06069,0.0601,0.0601,50578471.0
2022-10-12 12:00:00,0.06011,0.06023,0.05927,0.0595,86688774.0
2022-10-12 18:00:00,0.05949,0.06027,0.0593,0.05981,36110672.0
2022-10-13 00:00:00,0.05979,0.05995,0.05825,0.05892,70015878.0
2022-10-13 06:00:00,0.05893,0.05895,0.05509,0.05687,251277129.0
2022-10-13 12:00:00,0.05687,0.06007,0.05539,0.05935,322941317.0
2022-10-13 18:00:00,0.05935,0.06024,0.05901,0.05965,117631689.0
2022-10-14 00:00:00,0.05964,0.06103,0.05947,0.06051,92775557.0
2022-10-14 06:00:00,0.0605,0.06051,0.05986,0.06002,75403687.0
2022-10-14 12:00:00,0.06002,0.06088,0.05857,0.05917,114012885.0
2022-10-14 18:00:00,0.05916,0.05917,0.05809,0.05866,45340681.0
2022-10-15 00:00:00,0.05865,0.05908,0.0585,0.05871,43519999.0
2022-10-15 06:00:00,0.05871,0.05897,0.05797,0.05887,57109398.0
2022-10-15 12:00:00,0.05886,0.05978,0.05845,0.05864,107119081.0
2022-10-15 18:00:00,0.05864,0.05903,0.05839,0.05857,41586690.0
2022-10-16 00:00:00,0.05857,0.05941,0.05853,0.05904,35737270.0
2022-10-16 06:00:00,0.05904,0.0593,0.05879,0.05904,31190038.0
2022-10-16 12:00:00,0.05905,0.05905,0.05856,0.05869,35966712.0
2022-10-16 18:00:00,0.05869,0.05946,0.05847,0.05891,57587233.0
2022-10-17 00:00:00,0.0589,0.05912,0.05854,0.05907,34845799.0
2022-10-17 06:00:00,0.05908,0.05986,0.05889,0.05958,54330026.0
2022-10-17 12:00:00,0.05957,0.06006,0.05934,0.05969,69300655.0
2022-10-17 18:00:00,0.05969,0.06017,0.05933,0.05998,36261390.0
2022-10-18 00:00:00,0.05997,0.0603,0.05924,0.05975,57826046.0
2022-10-18 06:00:00,0.05976,0.06007,0.05905,0.05931,63420731.0
2022-10-18 12:00:00,0.05932,0.06116,0.05854,0.0602,136868368.0
2022-10-18 18:00:00,0.06018,0.06021,0.05863,0.05976,93331138.0
2022-10-19 00:00:00,0.05975,0.06019,0.05939,0.05959,78784355.0
2022-10-19 06:00:00,0.05958,0.05982,0.05884,0.05907,56491959.0
2022-10-19 12:00:00,0.05907,0.05939,0.05856,0.05915,69528323.0
2022-10-19 18:00:00,0.05915,0.0608,0.05821,0.05868,253913866.0
2022-10-20 00:00:00,0.05868,0.06,0.05823,0.05984,76314950.0
2022-10-20 06:00:00,0.05985,0.06013,0.05947,0.05984,80168839.0
2022-10-20 12:00:00,0.05984,0.06037,0.0595,0.05983,86703000.0
2022-10-20 18:00:00,0.05983,0.0603,0.05893,0.05942,97345844.0
2022-10-21 00:00:00,0.05942,0.05951,0.0586,0.05885,56843746.0
2022-10-21 06:00:00,0.05886,0.05902,0.05742,0.05788,85943510.0
2022-10-21 12:00:00,0.05788,0.05923,0.05709,0.05901,101620386.0
2022-10-21 18:00:00,0.05902,0.05949,0.05883,0.05933,42970328.0
2022-10-22 00:00:00,0.05933,0.0599,0.0591,0.05919,53154733.0
2022-10-22 06:00:00,0.05918,0.05956,0.05911,0.05942,49989949.0
2022-10-22 12:00:00,0.05941,0.05981,0.05928,0.05948,59264652.0
2022-10-22 18:00:00,0.05948,0.05988,0.05928,0.05968,36449039.0
2022-10-23 00:00:00,0.05969,0.05986,0.0593,0.05937,47093970.0
2022-10-23 06:00:00,0.05937,0.05962,0.05882,0.05895,41124473.0
2022-10-23 12:00:00,0.05894,0.05981,0.05865,0.05976,55423752.0
2022-10-23 18:00:00,0.05977,0.0605,0.05959,0.06038,105921459.0
2022-10-24 00:00:00,0.06038,0.06092,0.0594,0.05943,100577937.0
2022-10-24 06:00:00,0.05943,0.05988,0.05914,0.05978,71013070.0
2022-10-24 12:00:00,0.05978,0.05986,0.05866,0.05903,93595625.0
2022-10-24 18:00:00,0.05904,0.05983,0.05901,0.05945,79090266.0
2022-10-25 00:00:00,0.05944,0.06089,0.05913,0.06005,121336242.0
2022-10-25 06:00:00,0.06005,0.06032,0.05943,0.06,99629576.0
2022-10-25 12:00:00,0.06001,0.06426,0.05972,0.0638,473081349.0
2022-10-25 18:00:00,0.0638,0.06428,0.06212,0.06305,330533717.0
2022-10-26 00:00:00,0.06304,0.06699,0.0626,0.06606,543559759.0
2022-10-26 06:00:00,0.06607,0.069,0.06541,0.06757,615918961.0
2022-10-26 12:00:00,0.06757,0.07087,0.06615,0.06931,828503245.0
2022-10-26 18:00:00,0.06931,0.07361,0.06893,0.07265,905803415.0
2022-10-27 00:00:00,0.07265,0.08048,0.07172,0.08018,1329255412.0
2022-10-27 06:00:00,0.08018,0.0815,0.07471,0.07572,1290960383.0
2022-10-27 12:00:00,0.07571,0.07881,0.07492,0.07729,968850014.0
2022-10-27 18:00:00,0.07729,0.08552,0.07624,0.07689,1674929479.0
2022-10-28 00:00:00,0.07686,0.07755,0.0725,0.07497,1189137415.0
2022-10-28 06:00:00,0.07497,0.0833,0.07286,0.08168,2128744642.0
2022-10-28 12:00:00,0.08168,0.08849,0.0804,0.08536,2123190256.0
2022-10-28 18:00:00,0.08537,0.08785,0.08246,0.08387,855939080.0
2022-10-29 00:00:00,0.08387,0.0882,0.08285,0.08509,1013492441.0
2022-10-29 06:00:00,0.08511,0.10954,0.08411,0.1022,3748729723.0
2022-10-29 12:00:00,0.10219,0.1515,0.1014,0.13685,6674284354.0
2022-10-29 18:00:00,0.13689,0.1377,0.116,0.12176,3872308100.0
2022-10-30 00:00:00,0.12176,0.1435,0.11383,0.1398,2778095427.0
2022-10-30 06:00:00,0.13983,0.14151,0.12089,0.1291,2612150993.0
2022-10-30 12:00:00,0.12911,0.132,0.11122,0.1161,2650437202.0
2022-10-30 18:00:00,0.1161,0.11983,0.1133,0.11773,1115273335.0
2022-10-31 00:00:00,0.11774,0.12615,0.11657,0.12095,1629711808.0
2022-10-31 06:00:00,0.12094,0.12666,0.11373,0.12232,1951641558.0
2022-10-31 12:00:00,0.12231,0.1318,0.1154,0.12742,2607356724.0
2022-10-31 18:00:00,0.12742,0.131,0.12186,0.12686,1228118661.0
2022-11-01 00:00:00,0.12685,0.14839,0.12448,0.14595,2758463885.0
2022-11-01 06:00:00,0.14593,0.15893,0.1404,0.14216,3747170866.0
2022-11-01 12:00:00,0.14216,0.14363,0.13315,0.13927,2401093915.0
2022-11-01 18:00:00,0.13928,0.1445,0.13686,0.14211,1044829684.0
2022-11-02 00:00:00,0.14211,0.148,0.1352,0.1409,1803222933.0
2022-11-02 06:00:00,0.14092,0.1411,0.128,0.13163,1454506123.0
2022-11-02 12:00:00,0.13163,0.13392,0.12705,0.13136,1079741711.0
2022-11-02 18:00:00,0.1313,0.13888,0.122,0.12765,2101073451.0
2022-11-03 00:00:00,0.12766,0.13699,0.12638,0.133,958713709.0
2022-11-03 06:00:00,0.133,0.13612,0.12796,0.12986,1060420066.0
2022-11-03 12:00:00,0.12985,0.132,0.12666,0.12801,956739667.0
2022-11-03 18:00:00,0.128,0.13,0.12,0.12262,838795134.0
2022-11-04 00:00:00,0.12262,0.1231,0.11552,0.12014,1374866119.0
2022-11-04 06:00:00,0.12014,0.12441,0.11798,0.11912,1045873618.0
2022-11-04 12:00:00,0.11911,0.12915,0.11695,0.1233,1516566821.0
2022-11-04 18:00:00,0.1233,0.12842,0.12248,0.12613,554098815.0
2022-11-05 00:00:00,0.12612,0.136,0.1227,0.13017,1010869272.0
2022-11-05 06:00:00,0.13017,0.1322,0.12633,0.1285,674068663.0
2022-11-05 12:00:00,0.12849,0.12941,0.125,0.12791,545751241.0
2022-11-05 18:00:00,0.12792,0.12815,0.12013,0.12445,345222665.0
2022-11-06 00:00:00,0.12444,0.1258,0.12185,0.1241,376180857.0
2022-11-06 06:00:00,0.1241,0.125,0.1225,0.12328,248889757.0
2022-11-06 12:00:00,0.12328,0.1277,0.12163,0.12334,409797084.0
2022-11-06 18:00:00,0.12335,0.12345,0.11183,0.11477,793221537.0
2022-11-07 00:00:00,0.11477,0.11908,0.11413,0.11736,414339283.0
2022-11-07 06:00:00,0.11736,0.11765,0.11119,0.1165,470326408.0
2022-11-07 12:00:00,0.1165,0.11893,0.11402,0.11498,439479612.0
2022-11-07 18:00:00,0.11498,0.11814,0.10717,0.11123,636439359.0
2022-11-08 00:00:00,0.11124,0.11267,0.09607,0.10003,1599570793.0
2022-11-08 06:00:00,0.10003,0.1036,0.099,0.10097,808895941.0
2022-11-08 12:00:00,0.10098,0.113,0.09607,0.09955,1900669522.0
2022-11-08 18:00:00,0.09954,0.10228,0.0777,0.08827,2560691239.0
2022-11-09 00:00:00,0.08827,0.09001,0.08156,0.08776,1172552897.0
2022-11-09 06:00:00,0.08776,0.0893,0.079,0.08666,1363591441.0
2022-11-09 12:00:00,0.08668,0.09219,0.08083,0.08295,1577042274.0
2022-11-09 18:00:00,0.08299,0.0847,0.07053,0.0745,1665148121.0
2022-11-10 00:00:00,0.07452,0.08318,0.07306,0.0827,1308820024.0
2022-11-10 06:00:00,0.0827,0.08557,0.0797,0.08131,1177026334.0
2022-11-10 12:00:00,0.08133,0.09461,0.0812,0.08648,1795006435.0
2022-11-10 18:00:00,0.08652,0.09253,0.0863,0.08978,642090326.0
2022-11-11 00:00:00,0.08976,0.09355,0.0825,0.08743,804971774.0
2022-11-11 06:00:00,0.08743,0.08933,0.08612,0.08784,457553518.0
2022-11-11 12:00:00,0.08783,0.08973,0.08001,0.0833,1026217489.0
2022-11-11 18:00:00,0.08331,0.0858,0.08125,0.08509,308386883.0
2022-11-12 00:00:00,0.08511,0.08535,0.07845,0.07929,399153670.0
2022-11-12 06:00:00,0.07929,0.0952,0.0789,0.09378,2036017207.0
2022-11-12 12:00:00,0.09378,0.09471,0.0882,0.08991,935710118.0
2022-11-12 18:00:00,0.08991,0.09241,0.0861,0.08815,500334598.0
2022-11-13 00:00:00,0.08814,0.09157,0.08678,0.08958,492994398.0
2022-11-13 06:00:00,0.08955,0.08955,0.08456,0.08739,705486807.0
2022-11-13 12:00:00,0.08738,0.08896,0.08542,0.08624,573820414.0
2022-11-13 18:00:00,0.08623,0.08663,0.08269,0.08495,421181337.0
2022-11-14 00:00:00,0.08496,0.08569,0.07917,0.08097,621791774.0
2022-11-14 06:00:00,0.08097,0.08924,0.08063,0.08745,884521475.0
2022-11-14 12:00:00,0.08744,0.0915,0.08346,0.08505,719173283.0
2022-11-14 18:00:00,0.08507,0.08686,0.0836,0.08595,300197271.0
2022-11-15 00:00:00,0.08594,0.08783,0.0847,0.08618,303056299.0
2022-11-15 06:00:00,0.08613,0.08844,0.08611,0.08699,370652465.0
2022-11-15 12:00:00,0.08699,0.0895,0.08648,0.08799,437854584.0
2022-11-15 18:00:00,0.08798,0.08809,0.085,0.08706,207192767.0
2022-11-16 00:00:00,0.08705,0.08849,0.08608,0.08841,220510060.0
2022-11-16 06:00:00,0.08842,0.09121,0.08616,0.08656,746507341.0
2022-11-16 12:00:00,0.08658,0.08684,0.08338,0.08517,490591812.0
2022-11-16 18:00:00,0.08516,0.08586,0.08426,0.08548,163922991.0
2022-11-17 00:00:00,0.08549,0.08729,0.08375,0.08536,265274846.0
2022-11-17 06:00:00,0.08536,0.08615,0.08413,0.08511,230775322.0
2022-11-17 12:00:00,0.08511,0.08607,0.08233,0.08468,467576954.0
2022-11-17 18:00:00,0.08467,0.08553,0.08416,0.08467,169868320.0
2022-11-18 00:00:00,0.08467,0.08679,0.08451,0.08572,277902120.0
2022-11-18 06:00:00,0.08572,0.08584,0.08477,0.08535,159102107.0
2022-11-18 12:00:00,0.08534,0.08587,0.08375,0.08394,221620187.0
2022-11-18 18:00:00,0.08394,0.0848,0.08363,0.08474,159963178.0
2022-11-19 00:00:00,0.08474,0.0849,0.08329,0.0836,142244712.0
2022-11-19 06:00:00,0.0836,0.08435,0.08303,0.08432,135498472.0
2022-11-19 12:00:00,0.08432,0.08441,0.08361,0.08394,110112922.0
2022-11-19 18:00:00,0.08394,0.085,0.08385,0.08455,101841516.0
2022-11-20 00:00:00,0.08455,0.08584,0.08433,0.08552,170169880.0
2022-11-20 06:00:00,0.08552,0.08563,0.08068,0.08178,296645701.0
2022-11-20 12:00:00,0.08178,0.08233,0.08027,0.08057,204809966.0
2022-11-20 18:00:00,0.08057,0.081,0.07633,0.07703,496752241.0
2022-11-21 00:00:00,0.07705,0.07738,0.07368,0.07713,608268441.0
2022-11-21 06:00:00,0.07712,0.07723,0.07506,0.0758,321743600.0
2022-11-21 12:00:00,0.0758,0.07738,0.0746,0.07468,377897346.0
2022-11-21 18:00:00,0.07467,0.07528,0.07131,0.07466,561935128.0
2022-11-22 00:00:00,0.07466,0.07678,0.07433,0.07502,386342253.0
2022-11-22 06:00:00,0.07503,0.0753,0.07307,0.07441,365257614.0
2022-11-22 12:00:00,0.07439,0.0797,0.07412,0.07699,525710792.0
2022-11-22 18:00:00,0.07699,0.07886,0.07671,0.07876,170792886.0
2022-11-23 00:00:00,0.07877,0.08354,0.07779,0.08112,426089784.0
2022-11-23 06:00:00,0.08112,0.08249,0.08109,0.0819,304427761.0
2022-11-23 12:00:00,0.08189,0.08193,0.07914,0.07991,297065605.0
2022-11-23 18:00:00,0.07992,0.08214,0.07983,0.08197,231212347.0
2022-11-24 00:00:00,0.08197,0.08434,0.08082,0.08222,299746125.0
2022-11-24 06:00:00,0.08223,0.083,0.08013,0.081,203916779.0
2022-11-24 12:00:00,0.08101,0.08183,0.08071,0.08099,145652701.0
2022-11-24 18:00:00,0.08098,0.08163,0.08084,0.08146,89917915.0
2022-11-25 00:00:00,0.08146,0.08333,0.08053,0.08107,319936318.0
2022-11-25 06:00:00,0.08108,0.09191,0.08094,0.08785,1080722693.0
2022-11-25 12:00:00,0.08785,0.09047,0.08601,0.08957,693158227.0
2022-11-25 18:00:00,0.08957,0.0909,0.08818,0.0895,403514013.0
2022-11-26 00:00:00,0.0895,0.09558,0.08898,0.09294,785311221.0
2022-11-26 06:00:00,0.09293,0.09342,0.09073,0.09215,343660530.0
2022-11-26 12:00:00,0.09215,0.09478,0.09033,0.09122,513707608.0
2022-11-26 18:00:00,0.09122,0.09168,0.08712,0.08893,271802443.0
2022-11-27 00:00:00,0.08892,0.09529,0.0888,0.0941,601147375.0
2022-11-27 06:00:00,0.0941,0.108,0.09359,0.10472,1856659212.0
2022-11-27 12:00:00,0.10472,0.10628,0.10109,0.1035,988522224.0
2022-11-27 18:00:00,0.1035,0.1063,0.09756,0.09868,827356860.0
2022-11-28 00:00:00,0.0987,0.09975,0.09181,0.09343,1237333760.0
2022-11-28 06:00:00,0.09345,0.09658,0.09274,0.09432,735377695.0
2022-11-28 12:00:00,0.09431,0.09781,0.09056,0.09601,943206086.0
2022-11-28 18:00:00,0.09602,0.09646,0.09375,0.09513,424736619.0
2022-11-29 00:00:00,0.09512,0.10516,0.0936,0.10324,1063207079.0
2022-11-29 06:00:00,0.10325,0.10524,0.10108,0.1039,706783391.0
2022-11-29 12:00:00,0.10391,0.10448,0.09911,0.10056,770015714.0
2022-11-29 18:00:00,0.10055,0.10306,0.10022,0.10146,369783441.0
2022-11-30 00:00:00,0.10146,0.11,0.10075,0.10649,1088092250.0
2022-11-30 06:00:00,0.1065,0.10726,0.1041,0.10506,360787644.0
2022-11-30 12:00:00,0.10506,0.10619,0.10107,0.10159,511684256.0
2022-11-30 18:00:00,0.10159,0.10959,0.09937,0.10677,830587779.0
2022-12-01 00:00:00,0.10676,0.10777,0.10249,0.10314,601425252.0
2022-12-01 06:00:00,0.10313,0.10418,0.10202,0.10405,390457830.0
2022-12-01 12:00:00,0.10405,0.1058,0.10025,0.10209,658037845.0
2022-12-01 18:00:00,0.10209,0.10256,0.1006,0.10175,277689546.0
2022-12-02 00:00:00,0.10175,0.1036,0.09665,0.09896,502925072.0
2022-12-02 06:00:00,0.09897,0.10035,0.09836,0.09975,269553405.0
2022-12-02 12:00:00,0.09976,0.10059,0.09685,0.09864,519403211.0
2022-12-02 18:00:00,0.09864,0.10248,0.09838,0.1021,269024063.0
2022-12-03 00:00:00,0.1021,0.10319,0.1006,0.10134,260038696.0
2022-12-03 06:00:00,0.10135,0.10143,0.09808,0.09943,340477296.0
2022-12-03 12:00:00,0.09943,0.10271,0.09906,0.10153,473944329.0
2022-12-03 18:00:00,0.10153,0.10227,0.09907,0.0997,282174762.0
2022-12-04 00:00:00,0.0997,0.10497,0.09954,0.1036,507203247.0
2022-12-04 06:00:00,0.10359,0.10575,0.10219,0.10323,506208605.0
2022-12-04 12:00:00,0.10323,0.10422,0.10204,0.10344,303935843.0
2022-12-04 18:00:00,0.10344,0.1049,0.10327,0.10406,292618218.0
2022-12-05 00:00:00,0.10405,0.10549,0.10368,0.10453,333496370.0
2022-12-05 06:00:00,0.10454,0.11192,0.10348,0.10669,944312149.0
2022-12-05 12:00:00,0.1067,0.10672,0.102,0.10282,485924750.0
2022-12-05 18:00:00,0.10281,0.1032,0.09922,0.10149,343170404.0
2022-12-06 00:00:00,0.10149,0.10276,0.09999,0.10028,273918643.0
2022-12-06 06:00:00,0.10028,0.10142,0.09934,0.10058,254117980.0
2022-12-06 12:00:00,0.10058,0.10153,0.09802,0.09915,375961201.0
2022-12-06 18:00:00,0.09914,0.10053,0.09806,0.10019,241272997.0
2022-12-07 00:00:00,0.1002,0.1012,0.09947,0.10044,207549840.0
2022-12-07 06:00:00,0.10044,0.10051,0.09269,0.09578,679244881.0
2022-12-07 12:00:00,0.09577,0.09677,0.09522,0.09556,310376629.0
2022-12-07 18:00:00,0.09555,0.09597,0.09409,0.09575,207708880.0
2022-12-08 00:00:00,0.09575,0.09782,0.09511,0.09592,263803485.0
2022-12-08 06:00:00,0.09593,0.0976,0.09459,0.09614,308179108.0
2022-12-08 12:00:00,0.09614,0.09742,0.09562,0.09677,225307653.0
2022-12-08 18:00:00,0.09676,0.09918,0.09659,0.09847,234284274.0
2022-12-09 00:00:00,0.09847,0.09945,0.09779,0.09842,183721292.0
2022-12-09 06:00:00,0.09841,0.09877,0.09786,0.09818,182500544.0
2022-12-09 12:00:00,0.09819,0.09879,0.0957,0.09669,394372473.0
2022-12-09 18:00:00,0.0967,0.0969,0.09561,0.0967,195593133.0
2022-12-10 00:00:00,0.0967,0.0973,0.09636,0.09681,119227243.0
2022-12-10 06:00:00,0.0968,0.09709,0.09603,0.09696,117874319.0
2022-12-10 12:00:00,0.09696,0.09743,0.09658,0.09675,103744395.0
2022-12-10 18:00:00,0.09673,0.09738,0.09608,0.09632,88188773.0
2022-12-11 00:00:00,0.09632,0.09715,0.09628,0.09695,73173873.0
2022-12-11 06:00:00,0.09695,0.09715,0.09669,0.09691,66933804.0
2022-12-11 12:00:00,0.09692,0.09693,0.09563,0.09633,98422757.0
2022-12-11 18:00:00,0.09634,0.09693,0.09161,0.09266,388948907.0
2022-12-12 00:00:00,0.09266,0.093,0.08471,0.08789,910543840.0
2022-12-12 06:00:00,0.08788,0.08946,0.08677,0.08908,487535040.0
2022-12-12 12:00:00,0.08907,0.08961,0.08778,0.08831,297468863.0
2022-12-12 18:00:00,0.08832,0.09044,0.08789,0.09029,244592184.0
2022-12-13 00:00:00,0.09029,0.09183,0.08913,0.08964,258110142.0
2022-12-13 06:00:00,0.08964,0.09033,0.08691,0.08981,388355989.0
2022-12-13 12:00:00,0.08982,0.09555,0.08882,0.0893,835695342.0
2022-12-13 18:00:00,0.08931,0.09141,0.0892,0.09105,216229136.0
2022-12-14 00:00:00,0.09105,0.092,0.09058,0.09103,154333347.0
2022-12-14 06:00:00,0.09103,0.09145,0.09019,0.09096,154724233.0
2022-12-14 12:00:00,0.09097,0.09247,0.09028,0.09106,270219810.0
2022-12-14 18:00:00,0.09106,0.09244,0.087,0.08824,668409756.0
2022-12-15 00:00:00,0.08825,0.0888,0.08611,0.08781,242590011.0
2022-12-15 06:00:00,0.08781,0.08803,0.08699,0.08797,136723071.0
2022-12-15 12:00:00,0.08796,0.08798,0.08557,0.08597,227057805.0
2022-12-15 18:00:00,0.08598,0.08628,0.08402,0.08485,292809453.0
2022-12-16 00:00:00,0.08483,0.08664,0.08458,0.08614,117609800.0
2022-12-16 06:00:00,0.08614,0.08682,0.08117,0.08299,467935201.0
2022-12-16 12:00:00,0.08299,0.08299,0.07965,0.08063,472559653.0
2022-12-16 18:00:00,0.08062,0.08183,0.07391,0.07569,697098673.0
2022-12-17 00:00:00,0.07569,0.07774,0.07552,0.0773,513632901.0
2022-12-17 06:00:00,0.07729,0.07839,0.07697,0.07721,327096639.0
2022-12-17 12:00:00,0.07721,0.07836,0.07665,0.07712,258404238.0
2022-12-17 18:00:00,0.07711,0.07949,0.07671,0.07919,238031200.0
2022-12-18 00:00:00,0.07918,0.08005,0.0782,0.07941,184209950.0
2022-12-18 06:00:00,0.07942,0.07951,0.07765,0.07812,137777655.0
2022-12-18 12:00:00,0.07812,0.07858,0.07759,0.07817,89504009.0
2022-12-18 18:00:00,0.07818,0.07985,0.07799,0.07847,219408705.0
2022-12-19 00:00:00,0.07846,0.07951,0.07665,0.07737,238259292.0
2022-12-19 06:00:00,0.07737,0.07825,0.0769,0.07731,182477041.0
2022-12-19 12:00:00,0.0773,0.07775,0.07405,0.0751,399790320.0
2022-12-19 18:00:00,0.07509,0.07521,0.06997,0.07133,709172145.0
2022-12-20 00:00:00,0.07133,0.07547,0.07101,0.07473,455312775.0
2022-12-20 06:00:00,0.07472,0.07508,0.07374,0.07441,187439525.0
2022-12-20 12:00:00,0.07441,0.07566,0.07316,0.07378,327154629.0
2022-12-20 18:00:00,0.07379,0.0752,0.07352,0.07483,157262042.0
2022-12-21 00:00:00,0.07483,0.07502,0.07131,0.07243,380906729.0
2022-12-21 06:00:00,0.07243,0.07369,0.07221,0.07352,220354366.0
2022-12-21 12:00:00,0.07351,0.07395,0.07255,0.07311,208890443.0
2022-12-21 18:00:00,0.07311,0.07378,0.07268,0.07374,102657524.0
2022-12-22 00:00:00,0.07369,0.0743,0.07334,0.07354,130524983.0
2022-12-22 06:00:00,0.07354,0.07698,0.07327,0.07621,370754154.0
2022-12-22 12:00:00,0.0762,0.07783,0.07408,0.07468,671197660.0
2022-12-22 18:00:00,0.07468,0.0775,0.07458,0.07685,312916141.0
2022-12-23 00:00:00,0.07687,0.07904,0.0766,0.07828,327096939.0
2022-12-23 06:00:00,0.07828,0.07871,0.07725,0.07759,229894378.0
2022-12-23 12:00:00,0.07759,0.07852,0.07616,0.07727,356144798.0
2022-12-23 18:00:00,0.07728,0.07767,0.07657,0.07721,109827133.0
2022-12-24 00:00:00,0.07721,0.07757,0.07679,0.07695,80864983.0
2022-12-24 06:00:00,0.07695,0.07751,0.07661,0.07722,94803750.0
2022-12-24 12:00:00,0.07722,0.07796,0.077,0.07768,92228948.0
2022-12-24 18:00:00,0.07768,0.07814,0.07733,0.07752,92408836.0
2022-12-25 00:00:00,0.07751,0.07765,0.07662,0.07716,103897713.0
2022-12-25 06:00:00,0.07716,0.0772,0.0762,0.07646,138168858.0
2022-12-25 12:00:00,0.07645,0.07667,0.0732,0.07405,516336671.0
2022-12-25 18:00:00,0.07406,0.07644,0.07404,0.07598,399033056.0
2022-12-26 00:00:00,0.07599,0.07664,0.07537,0.076,147642663.0
2022-12-26 06:00:00,0.07601,0.07605,0.07508,0.0758,136316044.0
2022-12-26 12:00:00,0.07581,0.076,0.07532,0.07563,125490943.0
2022-12-26 18:00:00,0.07563,0.07595,0.07421,0.07568,238840223.0
2022-12-27 00:00:00,0.07569,0.07616,0.07481,0.07486,141475685.0
2022-12-27 06:00:00,0.07486,0.07529,0.07443,0.07501,151402747.0
2022-12-27 12:00:00,0.07501,0.07505,0.07307,0.07346,251377434.0
2022-12-27 18:00:00,0.07346,0.0738,0.07256,0.07372,162594674.0
2022-12-28 00:00:00,0.07372,0.07391,0.06921,0.07048,623703271.0
2022-12-28 06:00:00,0.07048,0.07149,0.07016,0.07121,277211995.0
2022-12-28 12:00:00,0.07122,0.07269,0.07072,0.07122,375411831.0
2022-12-28 18:00:00,0.07122,0.07148,0.06965,0.0704,223839840.0
2022-12-29 00:00:00,0.07039,0.07092,0.06971,0.07066,179500076.0
2022-12-29 06:00:00,0.07066,0.07118,0.07015,0.07081,140397100.0
2022-12-29 12:00:00,0.07081,0.07142,0.07053,0.07096,145933313.0
2022-12-29 18:00:00,0.07095,0.07162,0.06925,0.07094,306314824.0
2022-12-30 00:00:00,0.07093,0.07145,0.06978,0.06998,164501681.0
2022-12-30 06:00:00,0.06997,0.07012,0.06676,0.06772,440696191.0
2022-12-30 12:00:00,0.06772,0.06858,0.06581,0.06815,445611378.0
2022-12-30 18:00:00,0.06817,0.06878,0.06757,0.0684,145714345.0
2022-12-31 00:00:00,0.0684,0.06877,0.06796,0.06814,107222740.0
2022-12-31 06:00:00,0.06815,0.07078,0.06807,0.07031,282031748.0
2022-12-31 12:00:00,0.0703,0.07137,0.06973,0.07016,265306728.0
2022-12-31 18:00:00,0.07016,0.07083,0.06987,0.07025,77422492.0
2023-01-01 00:00:00,0.07024,0.07038,0.06906,0.06936,126356308.0
2023-01-01 06:00:00,0.06935,0.06991,0.06906,0.06965,92139144.0
2023-01-01 12:00:00,0.06965,0.07017,0.06943,0.06982,85739682.0
2023-01-01 18:00:00,0.06983,0.07087,0.06983,0.07024,142173026.0
2023-01-02 00:00:00,0.07023,0.07033,0.06906,0.07023,193774178.0
2023-01-02 06:00:00,0.07023,0.07374,0.07008,0.07181,519621665.0
2023-01-02 12:00:00,0.07182,0.07291,0.07161,0.07202,241334670.0
2023-01-02 18:00:00,0.07202,0.07271,0.07085,0.0714,160445772.0
2023-01-03 00:00:00,0.07138,0.07203,0.07113,0.07189,163087375.0
2023-01-03 06:00:00,0.07188,0.07231,0.0713,0.07144,119451935.0
2023-01-03 12:00:00,0.07145,0.07189,0.06943,0.06987,314467627.0
2023-01-03 18:00:00,0.06987,0.07057,0.0696,0.07049,135699406.0
2023-01-04 00:00:00,0.07049,0.07302,0.07019,0.07233,296210141.0
2023-01-04 06:00:00,0.07233,0.073,0.07183,0.072,151389542.0
2023-01-04 12:00:00,0.072,0.07314,0.07156,0.07256,179733220.0
2023-01-04 18:00:00,0.07255,0.07362,0.07161,0.07311,163217714.0
2023-01-05 00:00:00,0.0731,0.07508,0.07258,0.07488,384573737.0
2023-01-05 06:00:00,0.07487,0.07529,0.07257,0.0735,362584115.0
2023-01-05 12:00:00,0.07349,0.07353,0.07191,0.07205,279248712.0
2023-01-05 18:00:00,0.07204,0.07283,0.07035,0.07152,175121763.0
2023-01-06 00:00:00,0.07151,0.07222,0.07069,0.0711,185150197.0
2023-01-06 06:00:00,0.0711,0.07114,0.0695,0.07052,253769773.0
2023-01-06 12:00:00,0.07052,0.07184,0.07005,0.07153,282623675.0
2023-01-06 18:00:00,0.07153,0.07281,0.07153,0.07241,184970905.0
2023-01-07 00:00:00,0.07242,0.07305,0.07213,0.07234,109606768.0
2023-01-07 06:00:00,0.07234,0.07275,0.07187,0.07197,125927572.0
2023-01-07 12:00:00,0.07196,0.07252,0.07167,0.07195,133138505.0
2023-01-07 18:00:00,0.07195,0.0724,0.07192,0.07219,69902467.0
2023-01-08 00:00:00,0.07219,0.07238,0.07121,0.07192,123676133.0
2023-01-08 06:00:00,0.07192,0.0721,0.07162,0.0717,89087079.0
2023-01-08 12:00:00,0.07167,0.07269,0.07151,0.07184,166893407.0
2023-01-08 18:00:00,0.07183,0.07399,0.07165,0.07363,320085821.0
2023-01-09 00:00:00,0.07362,0.07619,0.07293,0.07519,562298672.0
2023-01-09 06:00:00,0.07519,0.07888,0.07449,0.07786,557136485.0
2023-01-09 12:00:00,0.07786,0.07963,0.07622,0.07861,905694721.0
2023-01-09 18:00:00,0.07862,0.0787,0.075,0.07566,414417877.0
2023-01-10 00:00:00,0.07565,0.07739,0.07372,0.07609,395275189.0
2023-01-10 06:00:00,0.0761,0.0776,0.07546,0.07702,408598014.0
2023-01-10 12:00:00,0.07702,0.07702,0.0755,0.07625,416316646.0
2023-01-10 18:00:00,0.07625,0.0779,0.07615,0.07782,247442572.0
2023-01-11 00:00:00,0.07782,0.07838,0.07592,0.07667,285963322.0
2023-01-11 06:00:00,0.07664,0.07727,0.07651,0.07679,150702445.0
2023-01-11 12:00:00,0.07679,0.07681,0.07468,0.07543,317241230.0
2023-01-11 18:00:00,0.07545,0.07856,0.0754,0.07814,367146235.0
2023-01-12 00:00:00,0.07816,0.08127,0.07773,0.0788,603986856.0
2023-01-12 06:00:00,0.07881,0.07927,0.07779,0.07849,240328303.0
2023-01-12 12:00:00,0.07848,0.08015,0.07514,0.07996,710307102.0
2023-01-12 18:00:00,0.07996,0.08077,0.07923,0.08025,414283022.0
2023-01-13 00:00:00,0.08025,0.0816,0.07916,0.08014,285291061.0
2023-01-13 06:00:00,0.08015,0.08104,0.07956,0.0798,315778581.0
2023-01-13 12:00:00,0.0798,0.08053,0.07854,0.0803,320434081.0
2023-01-13 18:00:00,0.0803,0.0852,0.07994,0.0845,507681692.0
2023-01-14 00:00:00,0.08449,0.09011,0.08413,0.08814,1021613723.0
2023-01-14 06:00:00,0.08816,0.09267,0.0825,0.08613,904032777.0
2023-01-14 12:00:00,0.08613,0.08822,0.08499,0.08623,443044919.0
2023-01-14 18:00:00,0.0862,0.08782,0.08564,0.08729,176380605.0
2023-01-15 00:00:00,0.08729,0.08794,0.08397,0.08504,353090765.0
2023-01-15 06:00:00,0.08505,0.08512,0.08281,0.08439,246397131.0
2023-01-15 12:00:00,0.0844,0.08655,0.08396,0.08539,301148368.0
2023-01-15 18:00:00,0.08538,0.0868,0.08416,0.08608,238251807.0
2023-01-16 00:00:00,0.08607,0.08833,0.0852,0.08735,416828272.0
2023-01-16 06:00:00,0.08734,0.08756,0.08313,0.08394,316273727.0
2023-01-16 12:00:00,0.08394,0.08496,0.08155,0.08395,349234176.0
2023-01-16 18:00:00,0.08394,0.08507,0.08334,0.08368,205598314.0
2023-01-17 00:00:00,0.08369,0.08424,0.08194,0.08404,183941935.0
2023-01-17 06:00:00,0.08405,0.08457,0.08365,0.08441,129045818.0
2023-01-17 12:00:00,0.08442,0.08505,0.08289,0.08347,289093565.0
2023-01-17 18:00:00,0.08347,0.08439,0.08265,0.08285,154261592.0
2023-01-18 00:00:00,0.08286,0.08844,0.08274,0.08825,612248513.0
2023-01-18 06:00:00,0.08825,0.08922,0.08537,0.08653,415577437.0
2023-01-18 12:00:00,0.08653,0.08976,0.0778,0.08202,1089887530.0
2023-01-18 18:00:00,0.08203,0.08309,0.07962,0.08,375929251.0
2023-01-19 00:00:00,0.08,0.0816,0.07971,0.08104,173387739.0
2023-01-19 06:00:00,0.08105,0.08152,0.08029,0.0807,163925514.0
2023-01-19 12:00:00,0.08069,0.08159,0.07996,0.08065,232076337.0
2023-01-19 18:00:00,0.08064,0.08218,0.08051,0.08161,121892450.0
2023-01-20 00:00:00,0.08159,0.08196,0.0807,0.08089,179166796.0
2023-01-20 06:00:00,0.08088,0.08113,0.0806,0.08096,87873088.0
2023-01-20 12:00:00,0.08095,0.08289,0.08079,0.08255,205965874.0
2023-01-20 18:00:00,0.08256,0.087,0.08242,0.08617,445634954.0
2023-01-21 00:00:00,0.08616,0.08686,0.08526,0.08608,236252366.0
2023-01-21 06:00:00,0.08608,0.08913,0.08462,0.08686,751940915.0
2023-01-21 12:00:00,0.08686,0.08787,0.08533,0.08696,410906146.0
2023-01-21 18:00:00,0.08693,0.08793,0.0837,0.08467,234028986.0
2023-01-22 00:00:00,0.08468,0.08578,0.08432,0.08558,159706092.0
2023-01-22 06:00:00,0.08557,0.08638,0.08511,0.08567,146895095.0
2023-01-22 12:00:00,0.08568,0.09343,0.08512,0.09193,870400865.0
2023-01-22 18:00:00,0.09195,0.09304,0.08596,0.08824,561501694.0
2023-01-23 00:00:00,0.08822,0.09151,0.08785,0.0899,373436739.0
2023-01-23 06:00:00,0.0899,0.09043,0.08847,0.08988,294520080.0
2023-01-23 12:00:00,0.08988,0.08992,0.08621,0.08862,560622584.0
2023-01-23 18:00:00,0.08862,0.08926,0.08701,0.08851,205707010.0
2023-01-24 00:00:00,0.08851,0.0908,0.08791,0.08986,273175957.0
2023-01-24 06:00:00,0.08986,0.09017,0.08835,0.08884,224662022.0
2023-01-24 12:00:00,0.08885,0.08933,0.08692,0.0879,245963245.0
2023-01-24 18:00:00,0.08791,0.08874,0.0821,0.08392,381272478.0
2023-01-25 00:00:00,0.08392,0.08451,0.08165,0.08428,262172846.0
2023-01-25 06:00:00,0.08428,0.08513,0.08344,0.08368,157887969.0
2023-01-25 12:00:00,0.08366,0.08515,0.08272,0.08447,249148830.0
2023-01-25 18:00:00,0.08446,0.08818,0.08405,0.08654,382728887.0
2023-01-26 00:00:00,0.08655,0.0874,0.08602,0.08726,169196643.0
2023-01-26 06:00:00,0.08727,0.08744,0.08503,0.08578,198239142.0
2023-01-26 12:00:00,0.08577,0.08771,0.08451,0.08556,296198989.0
2023-01-26 18:00:00,0.08557,0.08663,0.08533,0.08633,134642737.0
2023-01-27 00:00:00,0.08634,0.08677,0.08352,0.08553,210417550.0
2023-01-27 06:00:00,0.08553,0.08592,0.085,0.08543,118377075.0
2023-01-27 12:00:00,0.08542,0.08708,0.08452,0.08686,219593960.0
2023-01-27 18:00:00,0.08685,0.088,0.08638,0.08723,205620169.0
2023-01-28 00:00:00,0.08723,0.09381,0.08718,0.09229,589757547.0
2023-01-28 06:00:00,0.0923,0.09251,0.08869,0.08942,372118498.0
2023-01-28 12:00:00,0.08942,0.08942,0.08671,0.08817,322258420.0
2023-01-28 18:00:00,0.08816,0.08823,0.08677,0.08773,119072878.0
2023-01-29 00:00:00,0.08773,0.08975,0.08725,0.08881,170902070.0
2023-01-29 06:00:00,0.08882,0.091,0.08812,0.08986,280564425.0
2023-01-29 12:00:00,0.08985,0.09044,0.0885,0.08943,289629002.0
2023-01-29 18:00:00,0.08944,0.09102,0.0893,0.09009,299571727.0
2023-01-30 00:00:00,0.09009,0.09088,0.0887,0.08914,182054978.0
2023-01-30 06:00:00,0.08913,0.08917,0.08488,0.08574,519153118.0
2023-01-30 12:00:00,0.08573,0.09286,0.0855,0.08777,823047670.0
2023-01-30 18:00:00,0.08775,0.08897,0.0845,0.08837,448359864.0
2023-01-31 00:00:00,0.08833,0.09486,0.08822,0.09176,1186714467.0
2023-01-31 06:00:00,0.09176,0.09564,0.09107,0.09211,706083498.0
2023-01-31 12:00:00,0.09212,0.09649,0.09144,0.09549,868661775.0
2023-01-31 18:00:00,0.09548,0.09867,0.09327,0.09612,663408822.0
2023-02-01 00:00:00,0.09613,0.09717,0.09152,0.09257,775521519.0
2023-02-01 06:00:00,0.09256,0.09299,0.09075,0.09202,340003114.0
2023-02-01 12:00:00,0.09203,0.09214,0.08822,0.08906,582511022.0
2023-02-01 18:00:00,0.08906,0.09496,0.08812,0.09403,820353135.0
2023-02-02 00:00:00,0.09403,0.09594,0.09372,0.09384,422405984.0
2023-02-02 06:00:00,0.09385,0.09438,0.09281,0.094,239706718.0
2023-02-02 12:00:00,0.094,0.09428,0.09099,0.09348,624374147.0
2023-02-02 18:00:00,0.09349,0.0945,0.09006,0.09099,340851294.0
2023-02-03 00:00:00,0.09099,0.09244,0.09025,0.09219,199533735.0
2023-02-03 06:00:00,0.09218,0.09244,0.09082,0.09229,170562871.0
2023-02-03 12:00:00,0.0923,0.09312,0.0906,0.09218,399719691.0
2023-02-03 18:00:00,0.09218,0.09334,0.09122,0.09293,381854627.0
2023-02-04 00:00:00,0.09293,0.09528,0.0925,0.09331,448933472.0
2023-02-04 06:00:00,0.09331,0.09464,0.09259,0.09421,220873033.0
2023-02-04 12:00:00,0.09422,0.09922,0.09327,0.09888,833635871.0
2023-02-04 18:00:00,0.09888,0.0998,0.095,0.09567,831108258.0
2023-02-05 00:00:00,0.09567,0.09609,0.09281,0.09529,360822795.0
2023-02-05 06:00:00,0.0953,0.097,0.09478,0.09506,367309731.0
2023-02-05 12:00:00,0.09507,0.09526,0.09053,0.09165,634843908.0
2023-02-05 18:00:00,0.09164,0.09254,0.09042,0.09203,239947816.0
2023-02-06 00:00:00,0.09203,0.09293,0.09052,0.0917,207968917.0
2023-02-06 06:00:00,0.09171,0.09329,0.09132,0.09232,195460305.0
2023-02-06 12:00:00,0.09233,0.09276,0.09096,0.09216,211443591.0
2023-02-06 18:00:00,0.09215,0.09254,0.0885,0.08955,355095871.0
2023-02-07 00:00:00,0.08956,0.09104,0.0894,0.0909,141761428.0
2023-02-07 06:00:00,0.0909,0.09177,0.09033,0.0914,155231978.0
2023-02-07 12:00:00,0.09139,0.0922,0.09021,0.09208,278505411.0
2023-02-07 18:00:00,0.0921,0.09274,0.08958,0.09253,270735385.0
2023-02-08 00:00:00,0.09252,0.09339,0.0919,0.09208,171865298.0
2023-02-08 06:00:00,0.09207,0.0924,0.09133,0.09212,120268955.0
2023-02-08 12:00:00,0.09211,0.09246,0.08842,0.09031,398505657.0
2023-02-08 18:00:00,0.09031,0.09052,0.089,0.09018,126809934.0
2023-02-09 00:00:00,0.09017,0.09093,0.08483,0.08776,488468061.0
2023-02-09 06:00:00,0.08776,0.08865,0.0876,0.08818,127504973.0
2023-02-09 12:00:00,0.08818,0.08909,0.08586,0.0864,248099980.0
2023-02-09 18:00:00,0.0864,0.08682,0.07878,0.08144,809066011.0
2023-02-10 00:00:00,0.08144,0.0823,0.08076,0.08165,236207189.0
2023-02-10 06:00:00,0.08164,0.083,0.08138,0.08161,294863257.0
2023-02-10 12:00:00,0.08161,0.08267,0.08061,0.08141,210306232.0
2023-02-10 18:00:00,0.08142,0.08305,0.07922,0.08089,313462517.0
2023-02-11 00:00:00,0.08087,0.08234,0.08063,0.08158,115334651.0
2023-02-11 06:00:00,0.08159,0.0818,0.08117,0.08136,76034568.0
2023-02-11 12:00:00,0.08137,0.08235,0.08136,0.08162,125621504.0
2023-02-11 18:00:00,0.08162,0.08259,0.08117,0.08225,92866952.0
2023-02-12 00:00:00,0.08226,0.08228,0.08161,0.08179,57825365.0
2023-02-12 06:00:00,0.08179,0.08582,0.0817,0.08453,465829738.0
2023-02-12 12:00:00,0.08453,0.08474,0.08316,0.08421,190793818.0
2023-02-12 18:00:00,0.08421,0.08482,0.08115,0.08215,217824756.0
2023-02-13 00:00:00,0.08217,0.08648,0.08031,0.08426,662275785.0
2023-02-13 06:00:00,0.08426,0.08429,0.0795,0.08097,584784944.0
2023-02-13 12:00:00,0.08098,0.08198,0.07936,0.08015,324060049.0
2023-02-13 18:00:00,0.08015,0.08237,0.0801,0.08209,171472936.0
2023-02-14 00:00:00,0.08209,0.08229,0.08114,0.08159,92967091.0
2023-02-14 06:00:00,0.08158,0.08217,0.08109,0.08161,105567817.0
2023-02-14 12:00:00,0.08161,0.08367,0.08002,0.08284,445189259.0
2023-02-14 18:00:00,0.08284,0.08371,0.08284,0.0836,142041047.0
2023-02-15 00:00:00,0.0836,0.08783,0.08265,0.08655,807760470.0
2023-02-15 06:00:00,0.08654,0.0873,0.08555,0.08648,350544676.0
2023-02-15 12:00:00,0.08649,0.0873,0.08559,0.08633,344830162.0
2023-02-15 18:00:00,0.08633,0.08961,0.08615,0.08928,403605177.0
2023-02-16 00:00:00,0.08927,0.091,0.08885,0.09022,369891868.0
2023-02-16 06:00:00,0.09021,0.09023,0.08817,0.08857,317631957.0
2023-02-16 12:00:00,0.08857,0.09199,0.08655,0.08993,590162546.0
2023-02-16 18:00:00,0.08993,0.09037,0.08468,0.08489,452604531.0
2023-02-17 00:00:00,0.08489,0.08666,0.0843,0.08583,217129141.0
2023-02-17 06:00:00,0.08584,0.08682,0.0858,0.08656,123079369.0
2023-02-17 12:00:00,0.08656,0.08778,0.08604,0.08726,260512897.0
2023-02-17 18:00:00,0.08727,0.08851,0.0865,0.08771,177498624.0
2023-02-18 00:00:00,0.08771,0.0886,0.08769,0.08821,118234350.0
2023-02-18 06:00:00,0.08819,0.0884,0.08675,0.08712,146777227.0
2023-02-18 12:00:00,0.08711,0.09049,0.08702,0.08885,317661906.0
2023-02-18 18:00:00,0.08886,0.08972,0.08747,0.08882,158514445.0
2023-02-19 00:00:00,0.08882,0.08932,0.08823,0.08886,125190914.0
2023-02-19 06:00:00,0.08887,0.08904,0.08797,0.08873,151869768.0
2023-02-19 12:00:00,0.08872,0.09,0.08642,0.08676,471722365.0
2023-02-19 18:00:00,0.08676,0.0874,0.08559,0.08697,185066093.0
2023-02-20 00:00:00,0.08698,0.08792,0.08513,0.08784,193725914.0
2023-02-20 06:00:00,0.08785,0.08875,0.08745,0.08852,226890555.0
2023-02-20 12:00:00,0.08853,0.08867,0.08723,0.08796,248755772.0
2023-02-20 18:00:00,0.08795,0.08837,0.08764,0.08829,105394884.0
2023-02-21 00:00:00,0.08829,0.08884,0.08752,0.08789,172938298.0
2023-02-21 06:00:00,0.08789,0.08865,0.08595,0.08631,274526299.0
2023-02-21 12:00:00,0.0863,0.08677,0.08531,0.08645,316446075.0
2023-02-21 18:00:00,0.08646,0.0869,0.08429,0.08546,220288566.0
2023-02-22 00:00:00,0.08546,0.08578,0.08315,0.08451,240550689.0
2023-02-22 06:00:00,0.0845,0.08882,0.08286,0.08593,965139263.0
2023-02-22 12:00:00,0.08592,0.08632,0.08288,0.08398,373975377.0
2023-02-22 18:00:00,0.08398,0.08556,0.08364,0.0855,175039184.0
2023-02-23 00:00:00,0.0855,0.08642,0.08511,0.0858,187912247.0
2023-02-23 06:00:00,0.0858,0.08589,0.0837,0.08427,196402959.0
2023-02-23 12:00:00,0.08426,0.08533,0.08392,0.08417,209236240.0
2023-02-23 18:00:00,0.08418,0.08473,0.0835,0.08425,114682748.0
2023-02-24 00:00:00,0.08424,0.08499,0.08398,0.08403,109211343.0
2023-02-24 06:00:00,0.08404,0.0849,0.0837,0.08428,121085961.0
2023-02-24 12:00:00,0.08427,0.08464,0.07965,0.08056,507840763.0
2023-02-24 18:00:00,0.08055,0.0814,0.07922,0.08092,267938255.0
2023-02-25 00:00:00,0.08091,0.08216,0.08084,0.08109,116592366.0
2023-02-25 06:00:00,0.08108,0.0817,0.08069,0.08118,112912540.0
2023-02-25 12:00:00,0.08118,0.08158,0.0803,0.08135,143708937.0
2023-02-25 18:00:00,0.08134,0.08137,0.07836,0.08075,298267250.0
2023-02-26 00:00:00,0.08075,0.0814,0.08041,0.08111,90240667.0
2023-02-26 06:00:00,0.08112,0.08158,0.08087,0.0814,75618054.0
2023-02-26 12:00:00,0.0814,0.08161,0.08101,0.08146,75052795.0
2023-02-26 18:00:00,0.08146,0.08264,0.0814,0.08216,134239398.0
2023-02-27 00:00:00,0.08217,0.08225,0.08121,0.08132,100548016.0
2023-02-27 06:00:00,0.08131,0.0815,0.08067,0.08111,96690520.0
2023-02-27 12:00:00,0.08112,0.08231,0.08051,0.08069,200560128.0
2023-02-27 18:00:00,0.08068,0.08139,0.07992,0.08136,137419321.0
2023-02-28 00:00:00,0.08136,0.08299,0.08126,0.08208,206372133.0
2023-02-28 06:00:00,0.08208,0.08249,0.08092,0.08156,153489378.0
2023-02-28 12:00:00,0.08156,0.0822,0.08135,0.08192,132149412.0
2023-02-28 18:00:00,0.08192,0.08312,0.0799,0.08085,290945277.0
2023-03-01 00:00:00,0.08085,0.08245,0.08023,0.08205,108235154.0
2023-03-01 06:00:00,0.08206,0.08284,0.08184,0.08222,132854971.0
2023-03-01 12:00:00,0.08222,0.08236,0.08144,0.08183,111224078.0
2023-03-01 18:00:00,0.08183,0.08216,0.08106,0.08193,97366239.0
2023-03-02 00:00:00,0.08193,0.08226,0.08062,0.08071,103871180.0
2023-03-02 06:00:00,0.08072,0.08096,0.08043,0.08069,76812982.0
2023-03-02 12:00:00,0.08068,0.08079,0.07959,0.08016,140054612.0
2023-03-02 18:00:00,0.08015,0.08088,0.08007,0.08056,75841342.0
2023-03-03 00:00:00,0.08057,0.08062,0.0732,0.07537,982002115.0
2023-03-03 06:00:00,0.07538,0.07607,0.0753,0.07592,129443071.0
2023-03-03 12:00:00,0.07592,0.07662,0.07543,0.07657,170524401.0
2023-03-03 18:00:00,0.07658,0.07689,0.07575,0.07684,109648893.0
2023-03-04 00:00:00,0.07684,0.07727,0.07604,0.07624,88646458.0
2023-03-04 06:00:00,0.07625,0.0766,0.07606,0.07635,56062625.0
2023-03-04 12:00:00,0.07634,0.0764,0.07559,0.07566,80635550.0
2023-03-04 18:00:00,0.07566,0.07569,0.07255,0.07462,421229152.0
2023-03-05 00:00:00,0.07462,0.07612,0.07429,0.07553,171992923.0
2023-03-05 06:00:00,0.07553,0.07577,0.07502,0.0755,79825727.0
2023-03-05 12:00:00,0.0755,0.07561,0.0751,0.07513,92231302.0
2023-03-05 18:00:00,0.07513,0.07586,0.07435,0.07474,129197477.0
2023-03-06 00:00:00,0.07475,0.07501,0.07336,0.07385,205955360.0
2023-03-06 06:00:00,0.07386,0.07426,0.07354,0.07366,149191481.0
2023-03-06 12:00:00,0.07367,0.07497,0.07316,0.07467,141885856.0
2023-03-06 18:00:00,0.07468,0.07515,0.07427,0.07479,104257808.0
2023-03-07 00:00:00,0.0748,0.07597,0.07446,0.0756,165264798.0
2023-03-07 06:00:00,0.07561,0.07562,0.07378,0.07396,147733473.0
2023-03-07 12:00:00,0.07395,0.07432,0.07234,0.07407,259734681.0
2023-03-07 18:00:00,0.07407,0.0742,0.07262,0.07407,143018923.0
2023-03-08 00:00:00,0.07407,0.07432,0.0725,0.07278,111476689.0
2023-03-08 06:00:00,0.07278,0.07386,0.07242,0.07364,112311944.0
2023-03-08 12:00:00,0.07365,0.07385,0.0721,0.0729,229171195.0
2023-03-08 18:00:00,0.07291,0.07302,0.07,0.07112,257470283.0
2023-03-09 00:00:00,0.07112,0.07214,0.07096,0.07189,149495944.0
2023-03-09 06:00:00,0.07188,0.07215,0.0711,0.07176,134508025.0
2023-03-09 12:00:00,0.07177,0.0723,0.07104,0.07139,131623708.0
2023-03-09 18:00:00,0.0714,0.07142,0.06393,0.06595,1098411008.0
2023-03-10 00:00:00,0.06597,0.06618,0.06447,0.06604,327392791.0
2023-03-10 06:00:00,0.06604,0.06612,0.06253,0.06405,480818460.0
2023-03-10 12:00:00,0.06406,0.06587,0.06377,0.06477,345079408.0
2023-03-10 18:00:00,0.06478,0.06595,0.06466,0.06572,167611175.0
2023-03-11 00:00:00,0.06572,0.06821,0.06559,0.06637,319752892.0
2023-03-11 06:00:00,0.06637,0.06647,0.06324,0.06468,404857077.0
2023-03-11 12:00:00,0.06468,0.06524,0.06364,0.06503,208856288.0
2023-03-11 18:00:00,0.06503,0.06628,0.0649,0.06604,162887828.0
2023-03-12 00:00:00,0.06604,0.06646,0.06538,0.06586,148344726.0
2023-03-12 06:00:00,0.06586,0.06628,0.0656,0.06602,115536807.0
2023-03-12 12:00:00,0.06602,0.06725,0.06516,0.06717,193327088.0
2023-03-12 18:00:00,0.06717,0.07082,0.06673,0.07051,492982357.0
2023-03-13 00:00:00,0.07051,0.07152,0.06971,0.07046,338498042.0
2023-03-13 06:00:00,0.07046,0.0708,0.06814,0.06883,218968838.0
2023-03-13 12:00:00,0.06883,0.07353,0.06818,0.07238,550550796.0
2023-03-13 18:00:00,0.07237,0.07346,0.07207,0.07279,177124684.0
2023-03-14 00:00:00,0.07279,0.0732,0.07182,0.0724,178988247.0
2023-03-14 06:00:00,0.0724,0.07271,0.07108,0.07218,162102252.0
2023-03-14 12:00:00,0.07217,0.07762,0.07147,0.07673,789382554.0
2023-03-14 18:00:00,0.07672,0.07684,0.0728,0.07456,377137117.0
2023-03-15 00:00:00,0.07455,0.07589,0.07366,0.07522,168401266.0
2023-03-15 06:00:00,0.07519,0.07537,0.07206,0.07335,237846889.0
2023-03-15 12:00:00,0.07336,0.07422,0.06735,0.0685,650554497.0
2023-03-15 18:00:00,0.06851,0.06978,0.06794,0.06963,269909486.0
2023-03-16 00:00:00,0.06964,0.0707,0.06868,0.07018,187950254.0
2023-03-16 06:00:00,0.07019,0.07106,0.0697,0.07086,182936885.0
2023-03-16 12:00:00,0.07085,0.07114,0.06913,0.07029,216205726.0
2023-03-16 18:00:00,0.07029,0.07407,0.06962,0.07256,255066531.0
2023-03-17 00:00:00,0.07256,0.07416,0.07143,0.07332,261077166.0
2023-03-17 06:00:00,0.07333,0.07576,0.0732,0.0755,403655321.0
2023-03-17 12:00:00,0.07551,0.07554,0.07274,0.07452,279813950.0
2023-03-17 18:00:00,0.07453,0.07724,0.07385,0.07642,290428401.0
2023-03-18 00:00:00,0.07642,0.0789,0.07552,0.07747,404663404.0
2023-03-18 06:00:00,0.07746,0.07822,0.07603,0.07792,267183037.0
2023-03-18 12:00:00,0.07792,0.07808,0.07234,0.07455,488195429.0
2023-03-18 18:00:00,0.07454,0.07523,0.07245,0.07295,223546876.0
2023-03-19 00:00:00,0.07296,0.07506,0.07295,0.07459,142805111.0
2023-03-19 06:00:00,0.07459,0.0748,0.0733,0.07451,169748897.0
2023-03-19 12:00:00,0.0745,0.07639,0.07391,0.07544,263614284.0
2023-03-19 18:00:00,0.07544,0.07652,0.07406,0.0745,242222487.0
2023-03-20 00:00:00,0.07451,0.07557,0.07256,0.07378,270473515.0
2023-03-20 06:00:00,0.07376,0.07518,0.07326,0.07363,262107189.0
2023-03-20 12:00:00,0.07364,0.07393,0.07162,0.07165,296087042.0
2023-03-20 18:00:00,0.07165,0.07229,0.07035,0.07137,250735125.0
2023-03-21 00:00:00,0.07136,0.07235,0.07109,0.07152,152702197.0
2023-03-21 06:00:00,0.07152,0.07238,0.07031,0.07226,190428461.0
2023-03-21 12:00:00,0.07226,0.07784,0.07209,0.07527,656507868.0
2023-03-21 18:00:00,0.07527,0.07788,0.07393,0.0766,545016504.0
2023-03-22 00:00:00,0.07661,0.07672,0.07477,0.07609,279754850.0
2023-03-22 06:00:00,0.07609,0.07628,0.07441,0.07463,328071740.0
2023-03-22 12:00:00,0.07463,0.0781,0.07433,0.07571,604529252.0
2023-03-22 18:00:00,0.07569,0.07698,0.07137,0.07385,700563977.0
2023-03-23 00:00:00,0.07385,0.07478,0.07294,0.07465,204755396.0
2023-03-23 06:00:00,0.07465,0.07842,0.07419,0.07759,691359087.0
2023-03-23 12:00:00,0.07758,0.07922,0.0757,0.07729,610729900.0
2023-03-23 18:00:00,0.07729,0.07791,0.07609,0.07736,263212239.0
2023-03-24 00:00:00,0.07736,0.07749,0.07615,0.07647,131610510.0
2023-03-24 06:00:00,0.07647,0.07677,0.0745,0.0752,235283504.0
2023-03-24 12:00:00,0.07519,0.07527,0.07295,0.07339,239576917.0
2023-03-24 18:00:00,0.07339,0.07579,0.0733,0.07453,230100421.0
2023-03-25 00:00:00,0.07453,0.07597,0.07421,0.07488,160728115.0
2023-03-25 06:00:00,0.07488,0.07515,0.07405,0.07482,117096723.0
2023-03-25 12:00:00,0.07482,0.07557,0.07435,0.07448,114497901.0
2023-03-25 18:00:00,0.07447,0.07466,0.07244,0.07402,266270956.0
2023-03-26 00:00:00,0.07401,0.07497,0.0737,0.07459,86246848.0
2023-03-26 06:00:00,0.07458,0.075,0.0742,0.07489,83928268.0
2023-03-26 12:00:00,0.0749,0.07558,0.07382,0.07447,166104281.0
2023-03-26 18:00:00,0.07447,0.07471,0.07334,0.07436,144172562.0
2023-03-27 00:00:00,0.07436,0.07458,0.073,0.07323,128667959.0
2023-03-27 06:00:00,0.07323,0.07401,0.07291,0.07394,108756851.0
2023-03-27 12:00:00,0.07393,0.07639,0.07124,0.07202,753383156.0
2023-03-27 18:00:00,0.07203,0.07301,0.07184,0.07287,136619362.0
2023-03-28 00:00:00,0.07289,0.07327,0.07188,0.07265,169964378.0
2023-03-28 06:00:00,0.07265,0.07302,0.07165,0.07279,129420385.0
2023-03-28 12:00:00,0.0728,0.07301,0.07204,0.07235,132981813.0
2023-03-28 18:00:00,0.07234,0.07404,0.07215,0.07381,211992327.0
2023-03-29 00:00:00,0.07381,0.07564,0.07351,0.07504,178258930.0
2023-03-29 06:00:00,0.07503,0.07692,0.07486,0.076,367901800.0
2023-03-29 12:00:00,0.076,0.07634,0.07494,0.07568,279794018.0
2023-03-29 18:00:00,0.07568,0.07623,0.07512,0.07557,178382980.0
2023-03-30 00:00:00,0.07557,0.07685,0.074,0.07532,304675160.0
2023-03-30 06:00:00,0.07533,0.07568,0.07441,0.07515,166033562.0
2023-03-30 12:00:00,0.07515,0.07519,0.07327,0.07365,248367996.0
2023-03-30 18:00:00,0.07365,0.07482,0.07356,0.07422,108484345.0
2023-03-31 00:00:00,0.07421,0.07512,0.074,0.07439,105297308.0
2023-03-31 06:00:00,0.07439,0.07476,0.0734,0.07455,116187952.0
2023-03-31 12:00:00,0.07455,0.07655,0.07453,0.07591,291024709.0
2023-03-31 18:00:00,0.07591,0.07789,0.07563,0.07695,325993047.0
2023-04-01 00:00:00,0.07695,0.07895,0.07659,0.07746,316674022.0
2023-04-01 06:00:00,0.07746,0.07752,0.07605,0.07627,197567586.0
2023-04-01 12:00:00,0.07626,0.07878,0.07586,0.07849,285269671.0
2023-04-01 18:00:00,0.07849,0.085,0.07814,0.08181,1055371142.0
2023-04-02 00:00:00,0.08181,0.08559,0.08173,0.08445,770963735.0
2023-04-02 06:00:00,0.08445,0.08469,0.08196,0.08213,467231583.0
2023-04-02 12:00:00,0.08213,0.08216,0.07797,0.08002,651209801.0
2023-04-02 18:00:00,0.08001,0.08025,0.07724,0.07903,309767164.0
2023-04-03 00:00:00,0.07903,0.07924,0.076,0.07796,347964479.0
2023-04-03 06:00:00,0.07795,0.07932,0.07774,0.07816,241237321.0
2023-04-03 12:00:00,0.07815,0.0946,0.07628,0.09398,1546539286.0
2023-04-03 18:00:00,0.09397,0.105,0.0889,0.096,6682791198.0
2023-04-04 00:00:00,0.09601,0.09971,0.09219,0.09718,2168785497.0
2023-04-04 06:00:00,0.09718,0.1035,0.09672,0.10015,2451510678.0
2023-04-04 12:00:00,0.10016,0.10194,0.09453,0.09594,1752875186.0
2023-04-04 18:00:00,0.09594,0.0992,0.09354,0.09512,953850418.0
2023-04-05 00:00:00,0.0951,0.09882,0.09272,0.0974,983410390.0
2023-04-05 06:00:00,0.0974,0.09917,0.09594,0.09779,767351390.0
2023-04-05 12:00:00,0.09779,0.09858,0.09256,0.09336,984608770.0
2023-04-05 18:00:00,0.09337,0.09412,0.09055,0.09267,605616023.0
2023-04-06 00:00:00,0.09268,0.09275,0.0897,0.09164,576669108.0
2023-04-06 06:00:00,0.09164,0.09275,0.0875,0.08932,747292212.0
2023-04-06 12:00:00,0.08932,0.09079,0.08728,0.08958,609607115.0
2023-04-06 18:00:00,0.08958,0.09255,0.08415,0.08541,1344544845.0
2023-04-07 00:00:00,0.08541,0.0862,0.08275,0.08366,675119932.0
2023-04-07 06:00:00,0.08366,0.08378,0.0815,0.08198,769861055.0
2023-04-07 12:00:00,0.08198,0.0832,0.08113,0.08216,513948678.0
2023-04-07 18:00:00,0.08216,0.08288,0.08154,0.08222,269281516.0
2023-04-08 00:00:00,0.08222,0.08383,0.08181,0.08376,404732664.0
2023-04-08 06:00:00,0.08376,0.08377,0.08268,0.08312,218254984.0
2023-04-08 12:00:00,0.08311,0.08349,0.08203,0.08228,214622297.0
2023-04-08 18:00:00,0.08227,0.08264,0.08035,0.08134,380907964.0
2023-04-09 00:00:00,0.08135,0.08247,0.08133,0.08197,164440839.0
2023-04-09 06:00:00,0.08196,0.082,0.08107,0.08178,192349837.0
2023-04-09 12:00:00,0.08178,0.08393,0.08136,0.08274,362347728.0
2023-04-09 18:00:00,0.08275,0.08386,0.0827,0.08318,203309351.0
2023-04-10 00:00:00,0.08318,0.08379,0.08227,0.08313,205223475.0
2023-04-10 06:00:00,0.08313,0.0832,0.08255,0.0829,135108825.0
2023-04-10 12:00:00,0.08292,0.08448,0.08225,0.08403,306791576.0
2023-04-10 18:00:00,0.08402,0.08541,0.08347,0.08473,301635736.0
2023-04-11 00:00:00,0.08474,0.08519,0.08411,0.08429,280349901.0
2023-04-11 06:00:00,0.0843,0.08607,0.08424,0.08534,324050176.0
2023-04-11 12:00:00,0.08533,0.0855,0.08401,0.08458,222465797.0
2023-04-11 18:00:00,0.08459,0.0853,0.08359,0.08408,174757553.0
2023-04-12 00:00:00,0.08409,0.08443,0.08036,0.08149,574228876.0
2023-04-12 06:00:00,0.08148,0.08257,0.08143,0.08203,250286046.0
2023-04-12 12:00:00,0.08204,0.0851,0.0816,0.08292,574339215.0
2023-04-12 18:00:00,0.08293,0.08477,0.08201,0.08346,335031190.0
2023-04-13 00:00:00,0.08346,0.08356,0.08285,0.08338,130856892.0
2023-04-13 06:00:00,0.08338,0.08886,0.08279,0.08646,992282783.0
2023-04-13 12:00:00,0.08646,0.08817,0.08636,0.08799,490978194.0
2023-04-13 18:00:00,0.08799,0.08799,0.08645,0.08729,210466737.0
2023-04-14 00:00:00,0.08729,0.09125,0.08717,0.09074,614914357.0
2023-04-14 06:00:00,0.09073,0.09138,0.08923,0.09014,417531664.0
2023-04-14 12:00:00,0.09015,0.09026,0.08527,0.08843,870501171.0
2023-04-14 18:00:00,0.08844,0.08908,0.0878,0.08866,226933614.0
2023-04-15 00:00:00,0.08866,0.08941,0.08714,0.08918,235308365.0
2023-04-15 06:00:00,0.08918,0.09057,0.08865,0.08975,235985002.0
2023-04-15 12:00:00,0.08976,0.09007,0.0882,0.08899,232547098.0
2023-04-15 18:00:00,0.08899,0.08975,0.08781,0.08888,169275948.0
2023-04-16 00:00:00,0.08889,0.09096,0.0875,0.09054,315605304.0
2023-04-16 06:00:00,0.09055,0.09087,0.08828,0.08877,288684098.0
2023-04-16 12:00:00,0.08877,0.09051,0.08833,0.08967,241302915.0
2023-04-16 18:00:00,0.08966,0.09183,0.08945,0.09043,359007351.0
2023-04-17 00:00:00,0.09043,0.09068,0.08807,0.08959,333008520.0
2023-04-17 06:00:00,0.08959,0.09488,0.08913,0.0932,1277717216.0
2023-04-17 12:00:00,0.0932,0.09459,0.08956,0.0912,1030418952.0
2023-04-17 18:00:00,0.0912,0.09245,0.09087,0.09137,299952599.0
2023-04-18 00:00:00,0.09137,0.09372,0.08974,0.09267,430033950.0
2023-04-18 06:00:00,0.09267,0.09374,0.0921,0.09354,321478642.0
2023-04-18 12:00:00,0.09354,0.095,0.09135,0.09179,632204131.0
2023-04-18 18:00:00,0.09181,0.0942,0.09168,0.09411,287102833.0
2023-04-19 00:00:00,0.09412,0.09413,0.09257,0.0936,176823529.0
2023-04-19 06:00:00,0.0936,0.09366,0.0842,0.08848,983269841.0
2023-04-19 12:00:00,0.08848,0.09209,0.08771,0.08817,971384374.0
2023-04-19 18:00:00,0.08818,0.08991,0.08569,0.08788,626218716.0
2023-04-20 00:00:00,0.08787,0.09202,0.08767,0.09158,973808808.0
2023-04-20 06:00:00,0.09159,0.09265,0.09012,0.09073,815053553.0
2023-04-20 12:00:00,0.09072,0.0935,0.08308,0.08334,2194638064.0
2023-04-20 18:00:00,0.08334,0.08449,0.08251,0.08389,588588071.0
2023-04-21 00:00:00,0.0839,0.08467,0.08318,0.08381,363764689.0
2023-04-21 06:00:00,0.08381,0.0847,0.08318,0.08363,420875829.0
2023-04-21 12:00:00,0.08363,0.08458,0.08133,0.08169,435427350.0
2023-04-21 18:00:00,0.08168,0.08233,0.0762,0.07842,988464735.0
2023-04-22 00:00:00,0.07842,0.07936,0.07817,0.07936,187478789.0
2023-04-22 06:00:00,0.07935,0.07935,0.07865,0.07901,172808474.0
2023-04-22 12:00:00,0.07901,0.08101,0.07895,0.0805,300419867.0
2023-04-22 18:00:00,0.0805,0.08051,0.07978,0.08028,147035669.0
2023-04-23 00:00:00,0.08029,0.0805,0.07908,0.08031,165070565.0
2023-04-23 06:00:00,0.08033,0.08083,0.07984,0.08027,114131078.0
2023-04-23 12:00:00,0.08026,0.08048,0.07856,0.07863,181886178.0
2023-04-23 18:00:00,0.07862,0.07912,0.07651,0.07878,315039516.0
2023-04-24 00:00:00,0.07876,0.08,0.07826,0.07903,199982602.0
2023-04-24 06:00:00,0.07903,0.07931,0.07812,0.07929,193301103.0
2023-04-24 12:00:00,0.0793,0.07982,0.07715,0.07857,285798433.0
2023-04-24 18:00:00,0.07857,0.07914,0.07808,0.07873,156526555.0
2023-04-25 00:00:00,0.07875,0.07904,0.07816,0.07895,125827962.0
2023-04-25 06:00:00,0.07895,0.079,0.078,0.07873,160618406.0
2023-04-25 12:00:00,0.07874,0.07903,0.07752,0.07858,165696187.0
2023-04-25 18:00:00,0.07858,0.07996,0.07812,0.07976,197626261.0
2023-04-26 00:00:00,0.07976,0.0804,0.07957,0.08028,165882934.0
2023-04-26 06:00:00,0.08028,0.08212,0.07983,0.08164,288068909.0
2023-04-26 12:00:00,0.08163,0.08358,0.08163,0.08221,454316238.0
2023-04-26 18:00:00,0.08221,0.08238,0.0748,0.07859,973400299.0
2023-04-27 00:00:00,0.07859,0.08048,0.07837,0.08,313236671.0
2023-04-27 06:00:00,0.08001,0.08006,0.07866,0.07959,243374126.0
2023-04-27 12:00:00,0.07959,0.08066,0.07883,0.08035,260873827.0
2023-04-27 18:00:00,0.08035,0.081,0.0796,0.08014,212582713.0
2023-04-28 00:00:00,0.08013,0.08059,0.07984,0.08037,89102832.0
2023-04-28 06:00:00,0.08037,0.08074,0.07973,0.07994,119754862.0
2023-04-28 12:00:00,0.07993,0.08038,0.07892,0.08014,180848868.0
2023-04-28 18:00:00,0.08014,0.08049,0.0799,0.08033,100604296.0
2023-04-29 00:00:00,0.08033,0.0812,0.08019,0.08086,115017725.0
2023-04-29 06:00:00,0.08086,0.08112,0.0805,0.08111,115032947.0
2023-04-29 12:00:00,0.08112,0.08191,0.08049,0.0811,170224458.0
2023-04-29 18:00:00,0.08111,0.08197,0.08107,0.08157,190419308.0
2023-04-30 00:00:00,0.08157,0.08158,0.08069,0.08156,98004523.0
2023-04-30 06:00:00,0.08156,0.0816,0.08073,0.08088,120547319.0
2023-04-30 12:00:00,0.08087,0.08174,0.08069,0.08094,158623050.0
2023-04-30 18:00:00,0.08095,0.08111,0.07923,0.07951,208246344.0
2023-05-01 00:00:00,0.0795,0.08003,0.07766,0.07889,261559818.0
2023-05-01 06:00:00,0.07888,0.07929,0.07866,0.07883,73786768.0
2023-05-01 12:00:00,0.07884,0.07907,0.0779,0.0785,167843582.0
2023-05-01 18:00:00,0.07851,0.07892,0.07733,0.07882,184325620.0
2023-05-02 00:00:00,0.07882,0.07905,0.07818,0.07848,84219279.0
2023-05-02 06:00:00,0.07848,0.07885,0.07808,0.07832,88099201.0
2023-05-02 12:00:00,0.07833,0.07899,0.07754,0.07871,163543090.0
2023-05-02 18:00:00,0.07872,0.0791,0.07853,0.07876,93432694.0
2023-05-03 00:00:00,0.07876,0.07878,0.07806,0.07825,96186559.0
2023-05-03 06:00:00,0.07825,0.0786,0.07766,0.07772,99372869.0
2023-05-03 12:00:00,0.07771,0.07828,0.07711,0.07791,178320506.0
2023-05-03 18:00:00,0.07791,0.08072,0.07766,0.07962,292967385.0
2023-05-04 00:00:00,0.07961,0.0797,0.07915,0.07944,95312982.0
2023-05-04 06:00:00,0.07944,0.07956,0.07892,0.07896,94434231.0
2023-05-04 12:00:00,0.07895,0.07913,0.07794,0.07826,172501352.0
2023-05-04 18:00:00,0.07826,0.07962,0.07811,0.07838,159377568.0
2023-05-05 00:00:00,0.07837,0.07923,0.07813,0.07865,98021710.0
2023-05-05 06:00:00,0.07865,0.0789,0.07846,0.07861,70036472.0
2023-05-05 12:00:00,0.07861,0.07949,0.07705,0.07924,299808008.0
2023-05-05 18:00:00,0.07923,0.08147,0.07885,0.08017,283694401.0
2023-05-06 00:00:00,0.08017,0.08049,0.07878,0.07891,141180667.0
2023-05-06 06:00:00,0.07891,0.07916,0.07762,0.07809,222721801.0
2023-05-06 12:00:00,0.0781,0.0781,0.07566,0.07688,373076015.0
2023-05-06 18:00:00,0.07688,0.07752,0.0765,0.07672,129183434.0
2023-05-07 00:00:00,0.07672,0.07718,0.07646,0.07685,117280319.0
2023-05-07 06:00:00,0.07685,0.07712,0.07675,0.07687,74124507.0
2023-05-07 12:00:00,0.07688,0.07756,0.0767,0.07709,140724716.0
2023-05-07 18:00:00,0.07709,0.07749,0.07617,0.07652,108156711.0
2023-05-08 00:00:00,0.07652,0.07711,0.07332,0.07501,259122637.0
2023-05-08 06:00:00,0.07501,0.07511,0.07378,0.07499,156256076.0
2023-05-08 12:00:00,0.07499,0.0751,0.0713,0.07134,241727744.0
2023-05-08 18:00:00,0.07133,0.07244,0.06982,0.07239,429733597.0
2023-05-09 00:00:00,0.07239,0.07289,0.07206,0.07278,142588828.0
2023-05-09 06:00:00,0.07277,0.07302,0.07208,0.07297,144361582.0
2023-05-09 12:00:00,0.07297,0.07333,0.0723,0.07278,211630441.0
2023-05-09 18:00:00,0.07278,0.07317,0.07249,0.0731,82755649.0
2023-05-10 00:00:00,0.0731,0.07353,0.07298,0.07315,74957963.0
2023-05-10 06:00:00,0.07315,0.07328,0.07248,0.07289,106162346.0
2023-05-10 12:00:00,0.07288,0.0747,0.07033,0.07206,434248011.0
2023-05-10 18:00:00,0.07205,0.07389,0.07168,0.07312,214789122.0
2023-05-11 00:00:00,0.07312,0.07317,0.07226,0.07278,77676769.0
2023-05-11 06:00:00,0.07279,0.07281,0.07129,0.0719,116174277.0
2023-05-11 12:00:00,0.07189,0.07246,0.06908,0.06996,356952437.0
2023-05-11 18:00:00,0.06995,0.07295,0.06922,0.07193,235767798.0
2023-05-12 00:00:00,0.07193,0.07203,0.07015,0.07058,184221942.0
2023-05-12 06:00:00,0.07057,0.07275,0.06933,0.07171,338425571.0
2023-05-12 12:00:00,0.07171,0.0721,0.07086,0.07129,175675642.0
2023-05-12 18:00:00,0.07128,0.07263,0.06969,0.07235,279070634.0
2023-05-13 00:00:00,0.07235,0.0724,0.07171,0.0718,97077296.0
2023-05-13 06:00:00,0.07179,0.0722,0.07177,0.07188,77722746.0
2023-05-13 12:00:00,0.07188,0.07204,0.0713,0.0718,95023232.0
2023-05-13 18:00:00,0.07181,0.07222,0.07144,0.07167,61566859.0
2023-05-14 00:00:00,0.07168,0.07212,0.07111,0.07193,55005091.0
2023-05-14 06:00:00,0.07192,0.07225,0.07188,0.07193,50027095.0
2023-05-14 12:00:00,0.07194,0.07265,0.07183,0.07196,76475186.0
2023-05-14 18:00:00,0.07196,0.07207,0.07131,0.07196,58399959.0
2023-05-15 00:00:00,0.07195,0.07368,0.07084,0.07296,213745334.0
2023-05-15 06:00:00,0.07295,0.0733,0.07243,0.07247,105498155.0
2023-05-15 12:00:00,0.07248,0.07287,0.07207,0.07264,116082897.0
2023-05-15 18:00:00,0.07264,0.07272,0.07174,0.07191,66111163.0
2023-05-16 00:00:00,0.0719,0.07227,0.07087,0.07175,106728735.0
2023-05-16 06:00:00,0.07175,0.07236,0.07158,0.072,75780153.0
2023-05-16 12:00:00,0.07199,0.07238,0.0715,0.07226,94726202.0
2023-05-16 18:00:00,0.07225,0.07325,0.07177,0.07275,79609315.0
2023-05-17 00:00:00,0.07276,0.07357,0.07239,0.07266,111069469.0
2023-05-17 06:00:00,0.07265,0.07455,0.07228,0.07266,223064220.0
2023-05-17 12:00:00,0.07265,0.07474,0.07258,0.07435,256217185.0
2023-05-17 18:00:00,0.07435,0.07547,0.0743,0.07483,172990508.0
2023-05-18 00:00:00,0.07484,0.07492,0.07404,0.0742,123983230.0
2023-05-18 06:00:00,0.07421,0.07467,0.07363,0.07455,146038257.0
2023-05-18 12:00:00,0.07454,0.0746,0.07212,0.07261,249207306.0
2023-05-18 18:00:00,0.0726,0.07492,0.07161,0.07344,273186878.0
2023-05-19 00:00:00,0.07344,0.07398,0.073,0.0737,86479018.0
2023-05-19 06:00:00,0.07369,0.07385,0.0733,0.07337,79518714.0
2023-05-19 12:00:00,0.07338,0.07406,0.07311,0.07379,109064474.0
2023-05-19 18:00:00,0.07378,0.07383,0.07326,0.0735,60930387.0
2023-05-20 00:00:00,0.07351,0.07354,0.07306,0.07331,41334646.0
2023-05-20 06:00:00,0.0733,0.07348,0.07316,0.07322,32875315.0
2023-05-20 12:00:00,0.07322,0.07389,0.07314,0.07383,64524175.0
2023-05-20 18:00:00,0.07383,0.07387,0.07312,0.07361,64349221.0
2023-05-21 00:00:00,0.07362,0.074,0.07362,0.07381,47346733.0
2023-05-21 06:00:00,0.07381,0.07384,0.07306,0.07318,48987308.0
2023-05-21 12:00:00,0.07318,0.0734,0.072,0.07225,132959438.0
2023-05-21 18:00:00,0.07225,0.07238,0.07198,0.07212,84331009.0
2023-05-22 00:00:00,0.07212,0.0724,0.07071,0.07154,114495588.0
2023-05-22 06:00:00,0.07154,0.07402,0.07153,0.0732,184646111.0
2023-05-22 12:00:00,0.07321,0.07337,0.07246,0.07298,113555218.0
2023-05-22 18:00:00,0.07298,0.07323,0.0728,0.07291,48816272.0
2023-05-23 00:00:00,0.07292,0.07396,0.07273,0.07342,86468637.0
2023-05-23 06:00:00,0.07343,0.07357,0.07292,0.07311,81968950.0
2023-05-23 12:00:00,0.0731,0.07311,0.07255,0.07277,104478122.0
2023-05-23 18:00:00,0.07278,0.07289,0.07241,0.07289,62049818.0
2023-05-24 00:00:00,0.07288,0.07289,0.07109,0.07131,176419213.0
2023-05-24 06:00:00,0.07131,0.07138,0.07087,0.071,138068498.0
2023-05-24 12:00:00,0.071,0.07125,0.06931,0.07059,250089677.0
2023-05-24 18:00:00,0.07059,0.07115,0.07032,0.07064,65582398.0
2023-05-25 00:00:00,0.07065,0.0708,0.06856,0.07055,186118204.0
2023-05-25 06:00:00,0.07056,0.07077,0.07019,0.07055,86329762.0
2023-05-25 12:00:00,0.07054,0.07116,0.06989,0.07025,126463526.0
2023-05-25 18:00:00,0.07026,0.07113,0.07022,0.07088,87151199.0
2023-05-26 00:00:00,0.07087,0.07105,0.07042,0.07049,75479977.0
2023-05-26 06:00:00,0.07049,0.07095,0.07037,0.07086,62840112.0
2023-05-26 12:00:00,0.07087,0.07137,0.0703,0.07058,199432493.0
2023-05-26 18:00:00,0.07058,0.07119,0.07041,0.07097,70440250.0
2023-05-27 00:00:00,0.07097,0.07188,0.07082,0.07137,68845879.0
2023-05-27 06:00:00,0.07138,0.07156,0.07126,0.0713,46198339.0
2023-05-27 12:00:00,0.07131,0.07153,0.0707,0.07136,68569870.0
2023-05-27 18:00:00,0.07137,0.07344,0.0713,0.07255,185482489.0
2023-05-28 00:00:00,0.07255,0.07333,0.07238,0.0727,110052224.0
2023-05-28 06:00:00,0.0727,0.07281,0.07186,0.07247,126153877.0
2023-05-28 12:00:00,0.07247,0.07285,0.07211,0.07278,72272287.0
2023-05-28 18:00:00,0.07277,0.07396,0.07267,0.07352,126463998.0
2023-05-29 00:00:00,0.07353,0.074,0.07288,0.07331,110555496.0
2023-05-29 06:00:00,0.07332,0.07339,0.07291,0.07328,59574717.0
2023-05-29 12:00:00,0.07327,0.07352,0.07261,0.07327,93775267.0
2023-05-29 18:00:00,0.07327,0.07337,0.0728,0.07313,46382287.0
2023-05-30 00:00:00,0.07313,0.07335,0.07198,0.07255,124644515.0
2023-05-30 06:00:00,0.07256,0.07346,0.07237,0.07327,123563433.0
2023-05-30 12:00:00,0.07328,0.0733,0.07211,0.07241,145305995.0
2023-05-30 18:00:00,0.0724,0.0726,0.07218,0.07231,71878893.0
2023-05-31 00:00:00,0.07231,0.07268,0.07111,0.07146,164915568.0
2023-05-31 06:00:00,0.07145,0.07178,0.07122,0.07133,77990743.0
2023-05-31 12:00:00,0.07132,0.07155,0.07051,0.07152,92698568.0
2023-05-31 18:00:00,0.07151,0.07171,0.07121,0.07165,41595913.0
2023-06-01 00:00:00,0.07165,0.07198,0.07071,0.07178,108055152.0
2023-06-01 06:00:00,0.07177,0.07187,0.07135,0.07183,57190558.0
2023-06-01 12:00:00,0.07182,0.07209,0.07141,0.07197,103704240.0
2023-06-01 18:00:00,0.07196,0.07219,0.07126,0.07142,68472552.0
2023-06-02 00:00:00,0.07143,0.07224,0.0709,0.07209,93833390.0
2023-06-02 06:00:00,0.0721,0.07232,0.07197,0.07213,54808301.0
2023-06-02 12:00:00,0.07213,0.07224,0.07155,0.07217,111944590.0
2023-06-02 18:00:00,0.07216,0.07331,0.07208,0.07256,125806431.0
2023-06-03 00:00:00,0.07257,0.07269,0.07217,0.07246,47038782.0
2023-06-03 06:00:00,0.07248,0.0726,0.07235,0.07252,42042522.0
2023-06-03 12:00:00,0.07253,0.07298,0.07248,0.0726,69826435.0
2023-06-03 18:00:00,0.0726,0.07274,0.07219,0.0727,55015075.0
2023-06-04 00:00:00,0.07271,0.07291,0.07242,0.07264,58656438.0
2023-06-04 06:00:00,0.07264,0.07309,0.07258,0.07287,55505346.0
2023-06-04 12:00:00,0.07287,0.073,0.0726,0.07265,63500195.0
2023-06-04 18:00:00,0.07265,0.07334,0.07232,0.07249,95622721.0
2023-06-05 00:00:00,0.07249,0.07269,0.07131,0.0717,135401798.0
2023-06-05 06:00:00,0.07171,0.07187,0.07154,0.07181,58192378.0
2023-06-05 12:00:00,0.07181,0.07182,0.06311,0.06646,808762751.0
2023-06-05 18:00:00,0.06646,0.06689,0.0652,0.0664,390933677.0
2023-06-06 00:00:00,0.0664,0.06679,0.06611,0.06659,155686395.0
2023-06-06 06:00:00,0.06659,0.06689,0.06637,0.06677,160582745.0
2023-06-06 12:00:00,0.06676,0.06993,0.06585,0.06979,441664602.0
2023-06-06 18:00:00,0.06979,0.07199,0.06975,0.07025,412331861.0
2023-06-07 00:00:00,0.07025,0.07032,0.06923,0.06985,113745442.0
2023-06-07 06:00:00,0.06985,0.06995,0.06754,0.06824,204251346.0
2023-06-07 12:00:00,0.06824,0.06827,0.06672,0.06776,271821349.0
2023-06-07 18:00:00,0.06775,0.06784,0.06668,0.06728,98015682.0
2023-06-08 00:00:00,0.06728,0.06814,0.06698,0.06764,87611019.0
2023-06-08 06:00:00,0.06764,0.06811,0.06717,0.06799,99983324.0
2023-06-08 12:00:00,0.068,0.0685,0.06737,0.06774,128422679.0
2023-06-08 18:00:00,0.06774,0.06816,0.06768,0.06796,50917397.0
2023-06-09 00:00:00,0.06796,0.06811,0.06729,0.0678,71377888.0
2023-06-09 06:00:00,0.0678,0.06811,0.06755,0.06797,68452798.0
2023-06-09 12:00:00,0.06797,0.07119,0.06796,0.06885,409064657.0
2023-06-09 18:00:00,0.06886,0.0697,0.06825,0.06947,115633390.0
2023-06-10 00:00:00,0.06947,0.07196,0.053,0.06052,1423088825.0
2023-06-10 06:00:00,0.06052,0.06079,0.05881,0.05992,669102682.0
2023-06-10 12:00:00,0.05992,0.06253,0.05866,0.06217,490730853.0
2023-06-10 18:00:00,0.06217,0.06233,0.06008,0.06175,198788743.0
2023-06-11 00:00:00,0.06175,0.06289,0.06109,0.062,213363274.0
2023-06-11 06:00:00,0.06201,0.06232,0.06151,0.06202,125473085.0
2023-06-11 12:00:00,0.06203,0.06233,0.06116,0.06203,132733517.0
2023-06-11 18:00:00,0.06204,0.06256,0.06092,0.06151,108892442.0
2023-06-12 00:00:00,0.06152,0.06157,0.05975,0.0606,147500172.0
2023-06-12 06:00:00,0.0606,0.0617,0.0604,0.0613,139155689.0
2023-06-12 12:00:00,0.06129,0.06164,0.06051,0.06131,125425482.0
2023-06-12 18:00:00,0.0613,0.06165,0.06104,0.06143,73169680.0
2023-06-13 00:00:00,0.06144,0.06218,0.06118,0.06191,100322860.0
2023-06-13 06:00:00,0.0619,0.06228,0.06168,0.06205,84293862.0
2023-06-13 12:00:00,0.06205,0.06284,0.06006,0.06113,215134708.0
2023-06-13 18:00:00,0.06113,0.06175,0.0611,0.06175,69808695.0
2023-06-14 00:00:00,0.06174,0.06219,0.06161,0.06165,58553872.0
2023-06-14 06:00:00,0.06166,0.06206,0.06161,0.06197,53882317.0
2023-06-14 12:00:00,0.06197,0.0621,0.06164,0.06196,83948249.0
2023-06-14 18:00:00,0.06196,0.06209,0.05811,0.06038,446315966.0
2023-06-15 00:00:00,0.06038,0.0604,0.05977,0.06012,78205621.0
2023-06-15 06:00:00,0.06013,0.06174,0.05975,0.06109,211876511.0
2023-06-15 12:00:00,0.06109,0.06173,0.06046,0.06107,155004090.0
2023-06-15 18:00:00,0.06108,0.062,0.06093,0.06153,89323390.0
2023-06-16 00:00:00,0.06154,0.06214,0.06114,0.06192,82416259.0
2023-06-16 06:00:00,0.06191,0.062,0.06091,0.06139,110221496.0
2023-06-16 12:00:00,0.06139,0.06212,0.06069,0.06208,182990591.0
2023-06-16 18:00:00,0.06208,0.06282,0.06172,0.06219,125553078.0
2023-06-17 00:00:00,0.06219,0.06297,0.06166,0.06284,129249877.0
2023-06-17 06:00:00,0.06284,0.0629,0.06227,0.06245,100160302.0
2023-06-17 12:00:00,0.06244,0.06254,0.06186,0.0621,90746880.0
2023-06-17 18:00:00,0.06209,0.0624,0.06204,0.0622,38358617.0
2023-06-18 00:00:00,0.0622,0.06224,0.0612,0.06183,100498313.0
2023-06-18 06:00:00,0.06184,0.06265,0.06153,0.06219,105730411.0
2023-06-18 12:00:00,0.06218,0.06399,0.06193,0.063,228284568.0
2023-06-18 18:00:00,0.06301,0.06307,0.06107,0.06212,181635228.0
2023-06-19 00:00:00,0.06212,0.06216,0.06165,0.06213,51715061.0
2023-06-19 06:00:00,0.06212,0.06218,0.06175,0.06196,54778529.0
2023-06-19 12:00:00,0.06197,0.06224,0.06151,0.06223,104199790.0
2023-06-19 18:00:00,0.06224,0.06285,0.06164,0.06245,103006093.0
2023-06-20 00:00:00,0.06244,0.06282,0.06208,0.06214,61184616.0
2023-06-20 06:00:00,0.06214,0.06219,0.06176,0.06203,57846629.0
2023-06-20 12:00:00,0.06202,0.06239,0.06074,0.0621,158692301.0
2023-06-20 18:00:00,0.0621,0.06314,0.0621,0.06313,160697060.0
2023-06-21 00:00:00,0.06314,0.06445,0.06284,0.06442,191078776.0
2023-06-21 06:00:00,0.06442,0.0649,0.06378,0.06413,181914395.0
2023-06-21 12:00:00,0.06414,0.06624,0.06356,0.06557,375703508.0
2023-06-21 18:00:00,0.06556,0.06677,0.06502,0.06561,199785309.0
2023-06-22 00:00:00,0.06562,0.06938,0.06557,0.06796,332309066.0
2023-06-22 06:00:00,0.06796,0.06856,0.06502,0.06582,306539808.0
2023-06-22 12:00:00,0.06582,0.06706,0.06515,0.06659,232799930.0
2023-06-22 18:00:00,0.06659,0.06662,0.06542,0.06555,126574066.0
2023-06-23 00:00:00,0.06556,0.06663,0.06555,0.06662,75297449.0
2023-06-23 06:00:00,0.06663,0.06677,0.06585,0.06625,105753070.0
2023-06-23 12:00:00,0.06625,0.07013,0.06525,0.06927,402862936.0
2023-06-23 18:00:00,0.06927,0.0699,0.06754,0.06823,196413625.0
2023-06-24 00:00:00,0.06823,0.06843,0.06684,0.0683,233040861.0
2023-06-24 06:00:00,0.0683,0.06832,0.06734,0.06787,115274332.0
2023-06-24 12:00:00,0.06787,0.06813,0.06505,0.06644,228653488.0
2023-06-24 18:00:00,0.06643,0.06683,0.066,0.06669,61970500.0
2023-06-25 00:00:00,0.06669,0.068,0.06641,0.06766,101469264.0
2023-06-25 06:00:00,0.06766,0.06799,0.06722,0.06774,88967081.0
2023-06-25 12:00:00,0.06773,0.06786,0.06635,0.06691,115010128.0
2023-06-25 18:00:00,0.0669,0.06723,0.06645,0.06672,73333374.0
2023-06-26 00:00:00,0.06672,0.06681,0.06521,0.06572,180315280.0
2023-06-26 06:00:00,0.06573,0.06641,0.06546,0.06593,117922725.0
2023-06-26 12:00:00,0.06594,0.06665,0.06408,0.06459,256216952.0
2023-06-26 18:00:00,0.0646,0.0651,0.06319,0.06474,155920052.0
2023-06-27 00:00:00,0.06474,0.06565,0.06441,0.06504,108695863.0
2023-06-27 06:00:00,0.06504,0.06577,0.06471,0.06546,149156565.0
2023-06-27 12:00:00,0.06545,0.06579,0.06433,0.06555,157270805.0
2023-06-27 18:00:00,0.06555,0.06571,0.06533,0.06556,61974644.0
2023-06-28 00:00:00,0.06557,0.06562,0.06453,0.06513,87864128.0
2023-06-28 06:00:00,0.06513,0.06596,0.06365,0.0644,186319179.0
2023-06-28 12:00:00,0.06442,0.06464,0.06341,0.0636,124072494.0
2023-06-28 18:00:00,0.06361,0.0638,0.06013,0.06257,301769789.0
2023-06-29 00:00:00,0.06257,0.06307,0.06241,0.06271,114480742.0
2023-06-29 06:00:00,0.06271,0.06397,0.06257,0.06392,115346979.0
2023-06-29 12:00:00,0.06392,0.0641,0.0629,0.06304,150827829.0
2023-06-29 18:00:00,0.06305,0.06363,0.06277,0.06342,69720839.0
2023-06-30 00:00:00,0.06342,0.06593,0.06286,0.06482,224574613.0
2023-06-30 06:00:00,0.06482,0.06698,0.0647,0.0663,240384909.0
2023-06-30 12:00:00,0.06631,0.06676,0.06101,0.06601,480273269.0
2023-06-30 18:00:00,0.06601,0.06685,0.06517,0.06646,168994118.0
2023-07-01 00:00:00,0.06646,0.0728,0.06641,0.0683,918681755.0
2023-07-01 06:00:00,0.0683,0.06857,0.06702,0.06767,201005098.0
2023-07-01 12:00:00,0.06767,0.06884,0.06753,0.06818,247204737.0
2023-07-01 18:00:00,0.06817,0.06878,0.06792,0.06851,113986797.0
2023-07-02 00:00:00,0.06851,0.06857,0.06652,0.0671,291212432.0
2023-07-02 06:00:00,0.0671,0.0675,0.06695,0.06733,132060202.0
2023-07-02 12:00:00,0.06734,0.0692,0.066,0.06847,321758556.0
2023-07-02 18:00:00,0.06847,0.06908,0.06762,0.06801,200194596.0
2023-07-03 00:00:00,0.06801,0.06866,0.06746,0.0681,133198827.0
2023-07-03 06:00:00,0.06811,0.06835,0.06757,0.06795,143587065.0
2023-07-03 12:00:00,0.06793,0.06851,0.06721,0.06822,176184439.0
2023-07-03 18:00:00,0.06822,0.06878,0.06775,0.06845,113660588.0
2023-07-04 00:00:00,0.06845,0.06978,0.06774,0.06843,210512821.0
2023-07-04 06:00:00,0.06842,0.06873,0.06764,0.06838,127558634.0
2023-07-04 12:00:00,0.06839,0.07186,0.06824,0.06998,552996836.0
2023-07-04 18:00:00,0.06998,0.07002,0.06798,0.0689,160809902.0
2023-07-05 00:00:00,0.06891,0.06936,0.06841,0.06897,101924408.0
2023-07-05 06:00:00,0.06897,0.06897,0.066,0.06648,206802302.0
2023-07-05 12:00:00,0.06648,0.06715,0.06558,0.06677,218984432.0
2023-07-05 18:00:00,0.06678,0.06718,0.0666,0.06701,64652101.0
2023-07-06 00:00:00,0.06697,0.06753,0.066,0.06751,117748334.0
2023-07-06 06:00:00,0.06752,0.06858,0.06644,0.06695,197724542.0
2023-07-06 12:00:00,0.06695,0.06707,0.06466,0.06594,212253978.0
2023-07-06 18:00:00,0.06595,0.06639,0.06474,0.06485,92588442.0
2023-07-07 00:00:00,0.06484,0.06571,0.0641,0.06547,106635409.0
2023-07-07 06:00:00,0.06547,0.06568,0.06499,0.06522,91785572.0
2023-07-07 12:00:00,0.06521,0.06587,0.06486,0.06556,138420273.0
2023-07-07 18:00:00,0.06556,0.06561,0.06487,0.0654,73183011.0
2023-07-08 00:00:00,0.0654,0.06563,0.06474,0.06516,77883141.0
2023-07-08 06:00:00,0.06515,0.06562,0.06492,0.06535,56077282.0
2023-07-08 12:00:00,0.06535,0.06562,0.06514,0.06533,45910719.0
2023-07-08 18:00:00,0.06533,0.06608,0.06493,0.06573,98803646.0
2023-07-09 00:00:00,0.06573,0.06636,0.06562,0.06602,90401979.0
2023-07-09 06:00:00,0.06604,0.06604,0.06546,0.06595,58218267.0
2023-07-09 12:00:00,0.06595,0.06617,0.0651,0.06574,81700035.0
2023-07-09 18:00:00,0.06575,0.06576,0.06513,0.06536,48760208.0
2023-07-10 00:00:00,0.06537,0.06542,0.06326,0.06437,183451333.0
2023-07-10 06:00:00,0.06437,0.06487,0.06385,0.06471,112590255.0
2023-07-10 12:00:00,0.0647,0.06498,0.06447,0.06464,91909127.0
2023-07-10 18:00:00,0.06463,0.06656,0.06459,0.06523,228412652.0
2023-07-11 00:00:00,0.06523,0.06541,0.06454,0.06523,76115878.0
2023-07-11 06:00:00,0.06523,0.06551,0.06474,0.0649,75483211.0
2023-07-11 12:00:00,0.0649,0.06513,0.06447,0.06474,95838788.0
2023-07-11 18:00:00,0.06473,0.06534,0.06437,0.06528,65576505.0
2023-07-12 00:00:00,0.06529,0.06554,0.06512,0.0654,41569279.0
2023-07-12 06:00:00,0.0654,0.06558,0.0652,0.06538,45188842.0
2023-07-12 12:00:00,0.06537,0.0657,0.06451,0.06487,116440476.0
2023-07-12 18:00:00,0.06487,0.06545,0.06365,0.06503,109205530.0
2023-07-13 00:00:00,0.06504,0.06515,0.06455,0.06482,56287252.0
2023-07-13 06:00:00,0.06481,0.06547,0.06476,0.06537,87735152.0
2023-07-13 12:00:00,0.06537,0.0706,0.06506,0.06955,694770257.0
2023-07-13 18:00:00,0.06954,0.07168,0.06865,0.07042,733561137.0
2023-07-14 00:00:00,0.07042,0.07227,0.07027,0.07092,368731080.0
2023-07-14 06:00:00,0.07092,0.07116,0.06943,0.07016,217190234.0
2023-07-14 12:00:00,0.07016,0.07311,0.06946,0.06968,526048719.0
2023-07-14 18:00:00,0.06968,0.07014,0.06612,0.06849,389960467.0
2023-07-15 00:00:00,0.06848,0.06944,0.06769,0.06913,232228918.0
2023-07-15 06:00:00,0.06913,0.07522,0.06912,0.07398,1249240414.0
2023-07-15 12:00:00,0.07398,0.0742,0.07153,0.07231,633525738.0
2023-07-15 18:00:00,0.07231,0.07319,0.07112,0.07197,218417708.0
2023-07-16 00:00:00,0.07196,0.07221,0.06932,0.07075,318100708.0
2023-07-16 06:00:00,0.07075,0.07139,0.07033,0.07117,191786736.0
2023-07-16 12:00:00,0.07117,0.07168,0.07075,0.07097,201725771.0
2023-07-16 18:00:00,0.07098,0.0711,0.06891,0.06952,219053680.0
2023-07-17 00:00:00,0.06951,0.07325,0.06906,0.0719,295132869.0
2023-07-17 06:00:00,0.07188,0.07188,0.06752,0.06938,416274547.0
2023-07-17 12:00:00,0.06937,0.07028,0.0678,0.06859,255080764.0
2023-07-17 18:00:00,0.06858,0.07005,0.06785,0.06982,136594973.0
2023-07-18 00:00:00,0.06982,0.07032,0.06946,0.06969,92303336.0
2023-07-18 06:00:00,0.06969,0.06982,0.06764,0.06801,207516285.0
2023-07-18 12:00:00,0.068,0.06876,0.06703,0.06816,198540758.0
2023-07-18 18:00:00,0.06816,0.06867,0.06767,0.06866,90540046.0
2023-07-19 00:00:00,0.06867,0.06983,0.06844,0.06967,100256860.0
2023-07-19 06:00:00,0.06965,0.06971,0.06823,0.06924,142895085.0
2023-07-19 12:00:00,0.06925,0.07235,0.06835,0.06979,469694603.0
2023-07-19 18:00:00,0.06979,0.07107,0.06956,0.07003,228232485.0
2023-07-20 00:00:00,0.07004,0.07101,0.06971,0.07086,136539510.0
2023-07-20 06:00:00,0.07084,0.0739,0.07023,0.07231,719923069.0
2023-07-20 12:00:00,0.07231,0.07289,0.06984,0.07028,399460068.0
2023-07-20 18:00:00,0.07029,0.07064,0.06926,0.07062,138625441.0
2023-07-21 00:00:00,0.07061,0.07284,0.07026,0.07247,289047102.0
2023-07-21 06:00:00,0.07244,0.07259,0.07106,0.07208,278139728.0
2023-07-21 12:00:00,0.07207,0.07688,0.07207,0.07353,905074117.0
2023-07-21 18:00:00,0.07352,0.07385,0.07222,0.07322,242062105.0
2023-07-22 00:00:00,0.07322,0.0733,0.07184,0.07224,199500933.0
2023-07-22 06:00:00,0.07224,0.07292,0.07017,0.07159,318098303.0
2023-07-22 12:00:00,0.0716,0.07186,0.07104,0.07123,130769112.0
2023-07-22 18:00:00,0.07123,0.07142,0.06963,0.07047,168828112.0
2023-07-23 00:00:00,0.07047,0.07226,0.06997,0.0718,156227661.0
2023-07-23 06:00:00,0.07179,0.07277,0.07142,0.07188,186892027.0
2023-07-23 12:00:00,0.07187,0.07281,0.07174,0.07274,147232574.0
2023-07-23 18:00:00,0.07274,0.07295,0.07107,0.0718,145808004.0
2023-07-24 00:00:00,0.07179,0.07201,0.07018,0.07129,163254697.0
2023-07-24 06:00:00,0.07129,0.0779,0.07122,0.07615,1816159812.0
2023-07-24 12:00:00,0.07614,0.07783,0.07322,0.0743,1413874493.0
2023-07-24 18:00:00,0.07431,0.07538,0.07367,0.0742,341506176.0
2023-07-25 00:00:00,0.0742,0.07846,0.07361,0.07741,872705172.0
2023-07-25 06:00:00,0.0774,0.07846,0.07564,0.0777,748234155.0
2023-07-25 12:00:00,0.07769,0.08266,0.0763,0.08152,1397391241.0
2023-07-25 18:00:00,0.08152,0.0838,0.08065,0.08185,955772678.0
2023-07-26 00:00:00,0.08185,0.08229,0.07915,0.08028,584891945.0
2023-07-26 06:00:00,0.08029,0.08132,0.07817,0.07882,579508330.0
2023-07-26 12:00:00,0.07882,0.07952,0.07708,0.07771,552592157.0
2023-07-26 18:00:00,0.07771,0.07989,0.07647,0.07793,704424269.0
2023-07-27 00:00:00,0.07794,0.079,0.07667,0.07857,307553646.0
2023-07-27 06:00:00,0.07858,0.07988,0.07818,0.07959,378749331.0
2023-07-27 12:00:00,0.07959,0.07996,0.07803,0.07815,405587486.0
2023-07-27 18:00:00,0.07816,0.07816,0.07666,0.07761,298766957.0
2023-07-28 00:00:00,0.07761,0.07791,0.07586,0.07638,231852685.0
2023-07-28 06:00:00,0.07639,0.07689,0.07608,0.07653,199408235.0
2023-07-28 12:00:00,0.07653,0.07779,0.07648,0.07693,283787820.0
2023-07-28 18:00:00,0.07693,0.07779,0.07673,0.07717,130415918.0
2023-07-29 00:00:00,0.07717,0.07849,0.07683,0.07796,194173084.0
2023-07-29 06:00:00,0.07796,0.07813,0.0772,0.07784,161729738.0
2023-07-29 12:00:00,0.07784,0.0789,0.07757,0.07871,199874250.0
2023-07-29 18:00:00,0.07871,0.08243,0.07843,0.08023,633435413.0
2023-07-30 00:00:00,0.08024,0.08057,0.07965,0.08046,184024546.0
2023-07-30 06:00:00,0.08047,0.08047,0.07966,0.08008,211045747.0
2023-07-30 12:00:00,0.08007,0.08028,0.0786,0.07975,262296179.0
2023-07-30 18:00:00,0.07975,0.07983,0.07622,0.07802,401168680.0
2023-07-31 00:00:00,0.07802,0.07905,0.07781,0.07847,138866344.0
2023-07-31 06:00:00,0.07848,0.0798,0.07846,0.07962,147148516.0
2023-07-31 12:00:00,0.07962,0.07973,0.07765,0.07844,266378506.0
2023-07-31 18:00:00,0.07845,0.07846,0.07672,0.07786,292840264.0
2023-08-01 00:00:00,0.07786,0.07828,0.07517,0.07639,319710966.0
2023-08-01 06:00:00,0.07638,0.07723,0.07628,0.07669,162081219.0
2023-08-01 12:00:00,0.07669,0.07733,0.07551,0.07693,205897068.0
2023-08-01 18:00:00,0.07693,0.07819,0.07693,0.07815,185422715.0
2023-08-02 00:00:00,0.07815,0.07833,0.07708,0.0771,123880178.0
2023-08-02 06:00:00,0.07711,0.07729,0.07638,0.07708,112466656.0
2023-08-02 12:00:00,0.07707,0.07707,0.07386,0.07477,361781168.0
2023-08-02 18:00:00,0.07476,0.07513,0.07369,0.07422,206014708.0
2023-08-03 00:00:00,0.07422,0.07501,0.07403,0.07484,101812456.0
2023-08-03 06:00:00,0.07484,0.07486,0.07253,0.07368,229784957.0
2023-08-03 12:00:00,0.07368,0.07498,0.07321,0.07419,221188466.0
2023-08-03 18:00:00,0.07418,0.07484,0.07295,0.07358,141002179.0
2023-08-04 00:00:00,0.07358,0.07445,0.07344,0.07429,113475873.0
2023-08-04 06:00:00,0.07428,0.07472,0.07383,0.07402,116546051.0
2023-08-04 12:00:00,0.07402,0.07492,0.07388,0.07455,148429979.0
2023-08-04 18:00:00,0.07455,0.07455,0.0725,0.07347,232437779.0
2023-08-05 00:00:00,0.07346,0.07556,0.07292,0.07556,238724822.0
2023-08-05 06:00:00,0.07556,0.07649,0.0752,0.07586,293662145.0
2023-08-05 12:00:00,0.07586,0.07708,0.07502,0.07591,388326738.0
2023-08-05 18:00:00,0.0759,0.07638,0.07556,0.07571,142266488.0
2023-08-06 00:00:00,0.07572,0.07649,0.07536,0.0757,143812927.0
2023-08-06 06:00:00,0.0757,0.07587,0.07445,0.07518,164417158.0
2023-08-06 12:00:00,0.07519,0.07533,0.07407,0.07501,169957114.0
2023-08-06 18:00:00,0.07501,0.07597,0.07417,0.07427,189037974.0
2023-08-07 00:00:00,0.07427,0.07573,0.07405,0.07486,128385202.0
2023-08-07 06:00:00,0.07485,0.07497,0.07428,0.07453,121348915.0
2023-08-07 12:00:00,0.07452,0.07464,0.0717,0.07288,328865995.0
2023-08-07 18:00:00,0.07289,0.07373,0.07278,0.07354,107424053.0
2023-08-08 00:00:00,0.07354,0.07411,0.07321,0.07391,93915165.0
2023-08-08 06:00:00,0.07392,0.07404,0.07328,0.07403,86537828.0
2023-08-08 12:00:00,0.07404,0.07547,0.07367,0.07517,246770866.0
2023-08-08 18:00:00,0.07517,0.07548,0.07453,0.07496,146350612.0
2023-08-09 00:00:00,0.07497,0.07538,0.07457,0.07499,69549024.0
2023-08-09 06:00:00,0.07499,0.07586,0.07477,0.07542,136504907.0
2023-08-09 12:00:00,0.07543,0.07622,0.07461,0.07494,190527361.0
2023-08-09 18:00:00,0.07495,0.07547,0.07419,0.07541,98255292.0
2023-08-10 00:00:00,0.07542,0.07647,0.07527,0.07571,142670363.0
2023-08-10 06:00:00,0.07571,0.07589,0.07514,0.07516,121319945.0
2023-08-10 12:00:00,0.07517,0.07695,0.07515,0.0761,271024309.0
2023-08-10 18:00:00,0.0761,0.07616,0.07553,0.07588,79517793.0
2023-08-11 00:00:00,0.07587,0.07611,0.07531,0.07574,65660036.0
2023-08-11 06:00:00,0.07574,0.07598,0.07522,0.07577,70775502.0
2023-08-11 12:00:00,0.07578,0.07603,0.07484,0.07526,112037606.0
2023-08-11 18:00:00,0.07525,0.07582,0.0752,0.07574,55314635.0
2023-08-12 00:00:00,0.07574,0.07666,0.07561,0.07594,137474802.0
2023-08-12 06:00:00,0.07594,0.07745,0.07582,0.07692,213118814.0
2023-08-12 12:00:00,0.07692,0.07714,0.07642,0.0768,129985080.0
2023-08-12 18:00:00,0.0768,0.07728,0.0765,0.0767,107481948.0
2023-08-13 00:00:00,0.0767,0.07689,0.07607,0.07623,91113276.0
2023-08-13 06:00:00,0.07623,0.0765,0.07591,0.07602,78633451.0
2023-08-13 12:00:00,0.07602,0.07621,0.07549,0.0759,110777400.0
2023-08-13 18:00:00,0.0759,0.07609,0.0743,0.07479,188003892.0
2023-08-14 00:00:00,0.07479,0.07528,0.07387,0.07524,126457853.0
2023-08-14 06:00:00,0.07525,0.07529,0.07486,0.07494,95183424.0
2023-08-14 12:00:00,0.07494,0.07521,0.07431,0.07435,144457100.0
2023-08-14 18:00:00,0.07435,0.07711,0.07365,0.07469,413534272.0
2023-08-15 00:00:00,0.0747,0.07499,0.07418,0.07428,77716020.0
2023-08-15 06:00:00,0.07429,0.07466,0.07396,0.07403,82313483.0
2023-08-15 12:00:00,0.07402,0.07421,0.07331,0.07368,169658027.0
2023-08-15 18:00:00,0.07367,0.07371,0.06831,0.07093,677101764.0
2023-08-16 00:00:00,0.07092,0.07125,0.07071,0.07083,139323849.0
2023-08-16 06:00:00,0.07083,0.07098,0.06983,0.0701,172801043.0
2023-08-16 12:00:00,0.0701,0.07011,0.06864,0.06937,316128053.0
2023-08-16 18:00:00,0.06936,0.06973,0.06602,0.06717,548620458.0
2023-08-17 00:00:00,0.06718,0.06843,0.06584,0.06829,204096447.0
2023-08-17 06:00:00,0.06828,0.0683,0.06681,0.06716,195167675.0
2023-08-17 12:00:00,0.06717,0.0675,0.06456,0.06578,462002263.0
2023-08-17 18:00:00,0.06577,0.06624,0.0556,0.06102,1086732158.0
2023-08-18 00:00:00,0.06102,0.06182,0.05988,0.06175,405795035.0
2023-08-18 06:00:00,0.06175,0.06368,0.06172,0.06299,285776752.0
2023-08-18 12:00:00,0.06299,0.06347,0.06195,0.06287,371669462.0
2023-08-18 18:00:00,0.06288,0.06385,0.06269,0.06326,221456206.0
2023-08-19 00:00:00,0.06326,0.06397,0.0631,0.06343,149862547.0
2023-08-19 06:00:00,0.06343,0.06391,0.06315,0.06335,86534626.0
2023-08-19 12:00:00,0.06336,0.0645,0.06322,0.06389,124359828.0
2023-08-19 18:00:00,0.06391,0.06394,0.06313,0.06379,66517790.0
2023-08-20 00:00:00,0.06379,0.06432,0.06371,0.06396,65998173.0
2023-08-20 06:00:00,0.06395,0.06473,0.06384,0.06422,87756509.0
2023-08-20 12:00:00,0.06421,0.0643,0.06338,0.06386,93787641.0
2023-08-20 18:00:00,0.06385,0.06427,0.06364,0.06384,54544048.0
2023-08-21 00:00:00,0.06384,0.06411,0.06327,0.06366,88818638.0
2023-08-21 06:00:00,0.06366,0.06369,0.06202,0.06284,168002766.0
2023-08-21 12:00:00,0.06285,0.06305,0.06035,0.06191,256762686.0
2023-08-21 18:00:00,0.06191,0.06296,0.06188,0.06252,63804794.0
2023-08-22 00:00:00,0.06253,0.06287,0.06242,0.06272,62671981.0
2023-08-22 06:00:00,0.06272,0.06327,0.06272,0.06293,111485671.0
2023-08-22 12:00:00,0.06292,0.06327,0.06077,0.06119,243394570.0
2023-08-22 18:00:00,0.06118,0.06299,0.06023,0.06259,197534307.0
2023-08-23 00:00:00,0.06258,0.06305,0.06246,0.06276,64969440.0
2023-08-23 06:00:00,0.06276,0.06546,0.06276,0.06336,271917414.0
2023-08-23 12:00:00,0.06336,0.06465,0.06279,0.06405,218589424.0
2023-08-23 18:00:00,0.06406,0.06454,0.06323,0.06379,108246548.0
2023-08-24 00:00:00,0.06379,0.06404,0.06361,0.06382,55312993.0
2023-08-24 06:00:00,0.06382,0.06395,0.06333,0.06343,84422539.0
2023-08-24 12:00:00,0.06342,0.06354,0.06227,0.06285,172133583.0
2023-08-24 18:00:00,0.06286,0.06321,0.06183,0.06308,74401834.0
2023-08-25 00:00:00,0.06308,0.06308,0.06169,0.06235,105273580.0
2023-08-25 06:00:00,0.06236,0.06245,0.06208,0.06234,73870032.0
2023-08-25 12:00:00,0.06234,0.0629,0.06178,0.06239,158948607.0
2023-08-25 18:00:00,0.06237,0.06315,0.06235,0.06312,50344370.0
2023-08-26 00:00:00,0.06312,0.06338,0.0629,0.0631,35691287.0
2023-08-26 06:00:00,0.06311,0.06337,0.06281,0.06292,43362526.0
2023-08-26 12:00:00,0.06291,0.06303,0.06262,0.06281,29085204.0
2023-08-26 18:00:00,0.0628,0.06302,0.06273,0.06289,25329989.0
2023-08-27 00:00:00,0.06289,0.0632,0.06269,0.0631,20413031.0
2023-08-27 06:00:00,0.06311,0.06379,0.06303,0.06315,73786304.0
2023-08-27 12:00:00,0.06314,0.06352,0.0628,0.06289,59557459.0
2023-08-27 18:00:00,0.06288,0.06323,0.06275,0.06318,42163898.0
2023-08-28 00:00:00,0.06317,0.06318,0.06186,0.06243,114566439.0
2023-08-28 06:00:00,0.06242,0.06259,0.06195,0.06245,72419336.0
2023-08-28 12:00:00,0.06246,0.06357,0.06244,0.06324,90957481.0
2023-08-28 18:00:00,0.06324,0.0637,0.0627,0.06345,69191625.0
2023-08-29 00:00:00,0.06345,0.06389,0.06308,0.06326,56492209.0
2023-08-29 06:00:00,0.06326,0.0633,0.0624,0.06261,98928564.0
2023-08-29 12:00:00,0.06261,0.06858,0.06251,0.0668,841615971.0
2023-08-29 18:00:00,0.06681,0.06734,0.06606,0.0664,208177304.0
2023-08-30 00:00:00,0.0664,0.06647,0.06515,0.06575,175635550.0
2023-08-30 06:00:00,0.06574,0.06579,0.06513,0.06524,139912292.0
2023-08-30 12:00:00,0.06523,0.06596,0.06434,0.06537,260077186.0
2023-08-30 18:00:00,0.06536,0.06591,0.06516,0.06588,77191266.0
2023-08-31 00:00:00,0.06588,0.06594,0.06525,0.06594,105483238.0
2023-08-31 06:00:00,0.06593,0.06701,0.06567,0.06671,266694303.0
2023-08-31 12:00:00,0.06671,0.06676,0.06281,0.06407,395996913.0
2023-08-31 18:00:00,0.06407,0.06433,0.0628,0.06376,219080969.0
2023-09-01 00:00:00,0.06379,0.06413,0.06366,0.06371,97947720.0
2023-09-01 06:00:00,0.06371,0.06403,0.06335,0.06399,120292349.0
2023-09-01 12:00:00,0.064,0.06426,0.0623,0.06271,236291153.0
2023-09-01 18:00:00,0.06272,0.06405,0.0627,0.06388,140303099.0
2023-09-02 00:00:00,0.06386,0.06403,0.06354,0.06366,58138081.0
2023-09-02 06:00:00,0.06366,0.06384,0.06305,0.06344,87415449.0
2023-09-02 12:00:00,0.06344,0.06497,0.06305,0.06318,232328536.0
2023-09-02 18:00:00,0.06318,0.06358,0.0626,0.06348,67592408.0
2023-09-03 00:00:00,0.06348,0.06371,0.0633,0.06366,44195360.0
2023-09-03 06:00:00,0.06365,0.06377,0.06324,0.06334,46468577.0
2023-09-03 12:00:00,0.06334,0.06355,0.06276,0.06308,74798446.0
2023-09-03 18:00:00,0.06307,0.06348,0.06288,0.06317,56374018.0
2023-09-04 00:00:00,0.06317,0.06385,0.06304,0.06308,107913742.0
2023-09-04 06:00:00,0.06308,0.0634,0.06305,0.06316,96517194.0
2023-09-04 12:00:00,0.06315,0.06348,0.06256,0.06323,114692677.0
2023-09-04 18:00:00,0.06324,0.0633,0.06209,0.06326,95105982.0
2023-09-05 00:00:00,0.06326,0.06397,0.06288,0.06379,165101543.0
2023-09-05 06:00:00,0.06379,0.06443,0.0634,0.06407,233810768.0
2023-09-05 12:00:00,0.06407,0.06431,0.06357,0.06391,156823107.0
2023-09-05 18:00:00,0.06392,0.06413,0.06365,0.06402,57470649.0
2023-09-06 00:00:00,0.06403,0.06464,0.06377,0.06382,175726254.0
2023-09-06 06:00:00,0.06382,0.06412,0.06378,0.06384,120897803.0
2023-09-06 12:00:00,0.06384,0.06413,0.06248,0.06372,265382933.0
2023-09-06 18:00:00,0.06373,0.06402,0.06313,0.06365,76460844.0
2023-09-07 00:00:00,0.06364,0.06384,0.06349,0.0635,88983805.0
2023-09-07 06:00:00,0.06349,0.06357,0.06284,0.06293,152291889.0
2023-09-07 12:00:00,0.06293,0.06355,0.06279,0.06334,77163564.0
2023-09-07 18:00:00,0.06334,0.06382,0.06295,0.06365,99994284.0
2023-09-08 00:00:00,0.06366,0.06402,0.06346,0.06354,75772242.0
2023-09-08 06:00:00,0.06355,0.06374,0.06237,0.06288,155188976.0
2023-09-08 12:00:00,0.06288,0.06313,0.06278,0.06306,71281698.0
2023-09-08 18:00:00,0.06306,0.06381,0.06286,0.06371,62218405.0
2023-09-09 00:00:00,0.0637,0.06391,0.06319,0.06333,74723118.0
2023-09-09 06:00:00,0.06333,0.0637,0.06333,0.06366,42505357.0
2023-09-09 12:00:00,0.06367,0.06371,0.06327,0.0635,54201238.0
2023-09-09 18:00:00,0.06349,0.06356,0.06334,0.06339,25223883.0
2023-09-10 00:00:00,0.06338,0.0634,0.05938,0.06187,293719312.0
2023-09-10 06:00:00,0.06188,0.06234,0.06171,0.06175,82038713.0
2023-09-10 12:00:00,0.06175,0.06201,0.06055,0.06094,245483287.0
2023-09-10 18:00:00,0.06093,0.06178,0.06054,0.0613,120661694.0
2023-09-11 00:00:00,0.0613,0.06151,0.06063,0.0615,135327037.0
2023-09-11 06:00:00,0.06151,0.06199,0.05953,0.0602,281592749.0
2023-09-11 12:00:00,0.06019,0.06067,0.05961,0.06034,241070096.0
2023-09-11 18:00:00,0.06033,0.06062,0.05919,0.06049,157375052.0
2023-09-12 00:00:00,0.06047,0.06218,0.06043,0.06121,164079499.0
2023-09-12 06:00:00,0.06121,0.06247,0.0608,0.06181,220049894.0
2023-09-12 12:00:00,0.06182,0.06221,0.06079,0.06098,153250427.0
2023-09-12 18:00:00,0.06098,0.06168,0.06085,0.0609,52805005.0
2023-09-13 00:00:00,0.0609,0.06127,0.0605,0.06068,97983969.0
2023-09-13 06:00:00,0.06067,0.06181,0.06055,0.06129,164673486.0
2023-09-13 12:00:00,0.06129,0.0615,0.06083,0.06091,183692299.0
2023-09-13 18:00:00,0.06091,0.06135,0.06082,0.06126,55925005.0
2023-09-14 00:00:00,0.06125,0.06195,0.06111,0.06111,126565724.0
2023-09-14 06:00:00,0.06111,0.06165,0.06108,0.06155,88578083.0
2023-09-14 12:00:00,0.06156,0.06221,0.06136,0.06213,179462535.0
2023-09-14 18:00:00,0.06214,0.06255,0.06195,0.06208,80906202.0
2023-09-15 00:00:00,0.06207,0.06244,0.06176,0.06207,54387894.0
2023-09-15 06:00:00,0.06207,0.06214,0.06163,0.06168,52004861.0
2023-09-15 12:00:00,0.06168,0.06212,0.06138,0.06185,85087081.0
2023-09-15 18:00:00,0.06186,0.06296,0.06177,0.0625,114067101.0
2023-09-16 00:00:00,0.0625,0.06297,0.0622,0.06235,84767630.0
2023-09-16 06:00:00,0.06235,0.0625,0.06201,0.06234,67833931.0
2023-09-16 12:00:00,0.06235,0.0624,0.06195,0.06223,48733041.0
2023-09-16 18:00:00,0.06223,0.06228,0.06176,0.06214,53946169.0
2023-09-17 00:00:00,0.06213,0.06233,0.06124,0.06228,86639638.0
2023-09-17 06:00:00,0.06228,0.06254,0.06211,0.06224,78285651.0
2023-09-17 12:00:00,0.06225,0.06238,0.06149,0.06152,74194125.0
2023-09-17 18:00:00,0.06151,0.06178,0.06097,0.06147,144199283.0
2023-09-18 00:00:00,0.06146,0.0619,0.06096,0.0617,162014366.0
2023-09-18 06:00:00,0.06172,0.06266,0.06167,0.06244,122853211.0
2023-09-18 12:00:00,0.06244,0.06281,0.06152,0.06167,134100926.0
2023-09-18 18:00:00,0.06169,0.06219,0.06151,0.06198,59011002.0
2023-09-19 00:00:00,0.06196,0.06254,0.06189,0.06228,123110559.0
2023-09-19 06:00:00,0.06228,0.063,0.06216,0.06257,111033698.0
2023-09-19 12:00:00,0.06258,0.06323,0.06239,0.06268,150000087.0
2023-09-19 18:00:00,0.0627,0.06284,0.06237,0.06268,44436892.0
2023-09-20 00:00:00,0.06269,0.06303,0.06219,0.06227,72847814.0
2023-09-20 06:00:00,0.06226,0.06248,0.06184,0.06211,81359418.0
2023-09-20 12:00:00,0.06211,0.06248,0.06187,0.06237,60926725.0
2023-09-20 18:00:00,0.06237,0.06285,0.06144,0.06262,135992517.0
2023-09-21 00:00:00,0.06263,0.06348,0.06233,0.06282,133586624.0
2023-09-21 06:00:00,0.06282,0.06282,0.06124,0.06171,182957164.0
2023-09-21 12:00:00,0.06171,0.06179,0.06103,0.06154,97029660.0
2023-09-21 18:00:00,0.06154,0.06161,0.06118,0.06131,48160431.0
2023-09-22 00:00:00,0.0613,0.06175,0.06058,0.06168,84369022.0
2023-09-22 06:00:00,0.06169,0.06187,0.06148,0.06164,47805880.0
2023-09-22 12:00:00,0.06165,0.06182,0.0612,0.06144,80067021.0
2023-09-22 18:00:00,0.06144,0.06163,0.06123,0.06152,30899781.0
2023-09-23 00:00:00,0.06153,0.06177,0.0614,0.0616,28373450.0
2023-09-23 06:00:00,0.06159,0.06169,0.06149,0.06159,25538264.0
2023-09-23 12:00:00,0.0616,0.06199,0.06127,0.06163,88012647.0
2023-09-23 18:00:00,0.06163,0.06171,0.06128,0.06152,29466429.0
2023-09-24 00:00:00,0.06152,0.06163,0.06128,0.06159,26984590.0
2023-09-24 06:00:00,0.06159,0.06165,0.06142,0.0615,25478382.0
2023-09-24 12:00:00,0.06151,0.06173,0.06142,0.06166,32823946.0
2023-09-24 18:00:00,0.06167,0.06175,0.06028,0.06069,102381633.0
2023-09-25 00:00:00,0.06068,0.0611,0.06009,0.06076,59662049.0
2023-09-25 06:00:00,0.06077,0.06095,0.06042,0.0606,48240208.0
2023-09-25 12:00:00,0.0606,0.06124,0.06047,0.06104,54301309.0
2023-09-25 18:00:00,0.06106,0.06111,0.06078,0.06094,23109644.0
2023-09-26 00:00:00,0.06095,0.06114,0.06083,0.06096,27415135.0
2023-09-26 06:00:00,0.06097,0.06101,0.06061,0.06081,32989642.0
2023-09-26 12:00:00,0.06081,0.06087,0.06017,0.06028,67065128.0
2023-09-26 18:00:00,0.06028,0.06105,0.05933,0.06062,120333491.0
2023-09-27 00:00:00,0.06062,0.06086,0.06054,0.0606,44629691.0
2023-09-27 06:00:00,0.0606,0.06142,0.06044,0.06131,113519633.0
2023-09-27 12:00:00,0.06131,0.06136,0.06029,0.06053,116084817.0
2023-09-27 18:00:00,0.06052,0.06062,0.06016,0.06053,48155609.0
2023-09-28 00:00:00,0.06052,0.06089,0.06038,0.06065,49403753.0
2023-09-28 06:00:00,0.06065,0.06128,0.06058,0.06095,71321946.0
2023-09-28 12:00:00,0.06096,0.06168,0.06083,0.0615,149852841.0
2023-09-28 18:00:00,0.0615,0.06162,0.06105,0.0615,59514382.0
2023-09-29 00:00:00,0.06151,0.06185,0.06131,0.06184,65173627.0
2023-09-29 06:00:00,0.06184,0.06216,0.06157,0.06164,112110905.0
2023-09-29 12:00:00,0.06163,0.06249,0.06146,0.06174,151968455.0
2023-09-29 18:00:00,0.06173,0.06236,0.06163,0.06213,58845732.0
2023-09-30 00:00:00,0.06213,0.06229,0.06181,0.06188,37316179.0
2023-09-30 06:00:00,0.06189,0.06199,0.06173,0.06176,39542182.0
2023-09-30 12:00:00,0.06177,0.06264,0.06176,0.06225,157152026.0
2023-09-30 18:00:00,0.06226,0.06276,0.06201,0.06207,119982140.0
2023-10-01 00:00:00,0.06207,0.06224,0.06194,0.0622,45492394.0
2023-10-01 06:00:00,0.0622,0.06286,0.06212,0.06274,98200703.0
2023-10-01 12:00:00,0.06273,0.06286,0.06187,0.06193,109133593.0
2023-10-01 18:00:00,0.06193,0.06358,0.06169,0.06319,173858385.0
2023-10-02 00:00:00,0.0632,0.06369,0.06289,0.06312,136159844.0
2023-10-02 06:00:00,0.06312,0.0642,0.0631,0.06361,139694943.0
2023-10-02 12:00:00,0.06361,0.06388,0.06238,0.06269,145651999.0
2023-10-02 18:00:00,0.06268,0.06284,0.06093,0.062,205195368.0
2023-10-03 00:00:00,0.06201,0.06232,0.06183,0.06212,52238152.0
2023-10-03 06:00:00,0.06212,0.06226,0.06168,0.06179,65176193.0
2023-10-03 12:00:00,0.06178,0.06201,0.06123,0.06147,94657294.0
2023-10-03 18:00:00,0.06148,0.06155,0.06107,0.06137,73148946.0
2023-10-04 00:00:00,0.06138,0.06138,0.06001,0.06098,180801102.0
2023-10-04 06:00:00,0.06098,0.06125,0.06088,0.06106,41860821.0
2023-10-04 12:00:00,0.06106,0.06122,0.06064,0.061,60834944.0
2023-10-04 18:00:00,0.061,0.06159,0.06093,0.06147,52034423.0
2023-10-05 00:00:00,0.06146,0.06165,0.06105,0.06107,42971056.0
2023-10-05 06:00:00,0.06107,0.06119,0.06084,0.061,66672940.0
2023-10-05 12:00:00,0.061,0.06137,0.06059,0.06105,101525418.0
2023-10-05 18:00:00,0.06105,0.0612,0.06084,0.06086,41732519.0
2023-10-06 00:00:00,0.06087,0.0612,0.06087,0.06098,41602908.0
2023-10-06 06:00:00,0.06098,0.06128,0.06093,0.06112,70693725.0
2023-10-06 12:00:00,0.06112,0.06139,0.06071,0.06131,103730176.0
2023-10-06 18:00:00,0.06131,0.06162,0.06125,0.06137,83757560.0
2023-10-07 00:00:00,0.06136,0.06166,0.06133,0.06146,101716142.0
2023-10-07 06:00:00,0.06146,0.06152,0.06131,0.06136,51221496.0
2023-10-07 12:00:00,0.06136,0.06143,0.06116,0.06119,85555473.0
2023-10-07 18:00:00,0.06118,0.06152,0.06105,0.06143,40681610.0
2023-10-08 00:00:00,0.06143,0.0616,0.06111,0.06129,66190591.0
2023-10-08 06:00:00,0.06129,0.06134,0.06065,0.06095,68552442.0
2023-10-08 12:00:00,0.06095,0.06129,0.06093,0.06108,34953875.0
2023-10-08 18:00:00,0.06109,0.06113,0.06077,0.06096,32524158.0
2023-10-09 00:00:00,0.06095,0.061,0.06061,0.06062,43868687.0
2023-10-09 06:00:00,0.06062,0.06069,0.05678,0.05873,422326209.0
2023-10-09 12:00:00,0.05873,0.05912,0.05774,0.05869,271485826.0
2023-10-09 18:00:00,0.0587,0.059,0.05863,0.05873,68763311.0
2023-10-10 00:00:00,0.05872,0.05916,0.05846,0.05903,67521942.0
2023-10-10 06:00:00,0.05903,0.05923,0.05865,0.05866,58984728.0
2023-10-10 12:00:00,0.05867,0.05904,0.05853,0.05871,75845484.0
2023-10-10 18:00:00,0.05871,0.05916,0.05855,0.05913,51687886.0
2023-10-11 00:00:00,0.05914,0.05948,0.05802,0.05899,120703379.0
2023-10-11 06:00:00,0.059,0.0591,0.05864,0.05889,57900144.0
2023-10-11 12:00:00,0.05889,0.05897,0.05764,0.05794,138112299.0
2023-10-11 18:00:00,0.05794,0.05855,0.0578,0.05851,39749115.0
2023-10-12 00:00:00,0.05851,0.05852,0.05798,0.05837,58249149.0
2023-10-12 06:00:00,0.05837,0.0585,0.05724,0.05808,83169420.0
2023-10-12 12:00:00,0.05808,0.05816,0.05722,0.05766,72899443.0
2023-10-12 18:00:00,0.05766,0.05796,0.05761,0.05788,27295413.0
2023-10-13 00:00:00,0.05789,0.05813,0.05783,0.05787,36714857.0
2023-10-13 06:00:00,0.05787,0.0591,0.05777,0.05847,115324376.0
2023-10-13 12:00:00,0.05847,0.0588,0.05808,0.05818,114813502.0
2023-10-13 18:00:00,0.05818,0.05888,0.05803,0.05839,73748562.0
2023-10-14 00:00:00,0.05839,0.05876,0.05836,0.0585,29179204.0
2023-10-14 06:00:00,0.0585,0.05888,0.05833,0.05886,42251016.0
2023-10-14 12:00:00,0.05885,0.05969,0.05879,0.05927,113583639.0
2023-10-14 18:00:00,0.05927,0.05998,0.05927,0.05984,73471444.0
2023-10-15 00:00:00,0.05984,0.05986,0.05936,0.05937,56604680.0
2023-10-15 06:00:00,0.05936,0.05946,0.05918,0.0592,30918237.0
2023-10-15 12:00:00,0.0592,0.05952,0.05901,0.0595,53716114.0
2023-10-15 18:00:00,0.0595,0.0597,0.05921,0.05931,46512396.0
2023-10-16 00:00:00,0.0593,0.0603,0.05923,0.0601,107978977.0
2023-10-16 06:00:00,0.0601,0.06099,0.05967,0.05984,191160797.0
2023-10-16 12:00:00,0.05985,0.06176,0.05909,0.05984,337299281.0
2023-10-16 18:00:00,0.05985,0.06027,0.05975,0.06,49497305.0
2023-10-17 00:00:00,0.06,0.06016,0.05976,0.05985,45779257.0
2023-10-17 06:00:00,0.05985,0.06011,0.05962,0.05988,62225908.0
2023-10-17 12:00:00,0.05988,0.05994,0.05812,0.05888,173916021.0
2023-10-17 18:00:00,0.05888,0.05911,0.05855,0.05904,46583231.0
2023-10-18 00:00:00,0.05903,0.05936,0.05866,0.05916,68231658.0
2023-10-18 06:00:00,0.05916,0.05927,0.05873,0.05876,56475611.0
2023-10-18 12:00:00,0.05876,0.05881,0.05835,0.0585,64380579.0
2023-10-18 18:00:00,0.05851,0.05898,0.05827,0.05858,70804575.0
2023-10-19 00:00:00,0.05859,0.05872,0.05738,0.05822,98142336.0
2023-10-19 06:00:00,0.05821,0.05831,0.05801,0.05824,35970706.0
2023-10-19 12:00:00,0.05825,0.05875,0.05814,0.05854,59408630.0
2023-10-19 18:00:00,0.05853,0.05899,0.05848,0.05887,75125080.0
2023-10-20 00:00:00,0.05887,0.05965,0.05862,0.05942,84303623.0
2023-10-20 06:00:00,0.05941,0.06049,0.05926,0.05976,132467699.0
2023-10-20 12:00:00,0.05977,0.06009,0.05951,0.06006,103256885.0
2023-10-20 18:00:00,0.06007,0.06026,0.05989,0.0599,60235101.0
2023-10-21 00:00:00,0.0599,0.06,0.05942,0.05993,45304239.0
2023-10-21 06:00:00,0.05994,0.06067,0.05994,0.06043,83989862.0
2023-10-21 12:00:00,0.06044,0.0614,0.06033,0.06129,187503665.0
2023-10-21 18:00:00,0.06129,0.06147,0.06079,0.06119,103179266.0
2023-10-22 00:00:00,0.06119,0.06172,0.06104,0.06156,96447869.0
2023-10-22 06:00:00,0.06156,0.06167,0.05979,0.06066,175144964.0
2023-10-22 12:00:00,0.06067,0.06111,0.06051,0.0611,71805663.0
2023-10-22 18:00:00,0.0611,0.06173,0.06068,0.0617,88139170.0
2023-10-23 00:00:00,0.06169,0.06315,0.06131,0.06279,293826337.0
2023-10-23 06:00:00,0.06278,0.06543,0.06229,0.06489,542860726.0
2023-10-23 12:00:00,0.06488,0.0655,0.06316,0.06393,449897608.0
2023-10-23 18:00:00,0.06394,0.0679,0.06343,0.06742,522929422.0
2023-10-24 00:00:00,0.06742,0.06942,0.06591,0.06701,742602680.0
2023-10-24 06:00:00,0.06701,0.06792,0.0659,0.06791,299841469.0
2023-10-24 12:00:00,0.0679,0.07012,0.06418,0.06588,657456914.0
2023-10-24 18:00:00,0.06589,0.06713,0.06504,0.0666,194060339.0
2023-10-25 00:00:00,0.0666,0.06723,0.06562,0.06569,176496153.0
2023-10-25 06:00:00,0.0657,0.06648,0.0646,0.06551,204170292.0
2023-10-25 12:00:00,0.06551,0.06962,0.06551,0.06697,542666610.0
2023-10-25 18:00:00,0.06697,0.06978,0.06694,0.06832,549696927.0
2023-10-26 00:00:00,0.06832,0.07292,0.06782,0.07055,797924183.0
2023-10-26 06:00:00,0.07055,0.07476,0.07,0.07395,1032738297.0
2023-10-26 12:00:00,0.07394,0.07516,0.0693,0.07121,936930361.0
2023-10-26 18:00:00,0.07121,0.07242,0.07095,0.07185,306872389.0
2023-10-27 00:00:00,0.07184,0.07243,0.07027,0.0707,287648702.0
2023-10-27 06:00:00,0.0707,0.0716,0.07001,0.07155,190020348.0
2023-10-27 12:00:00,0.07154,0.07186,0.06716,0.06841,467906649.0
2023-10-27 18:00:00,0.06841,0.06892,0.06734,0.06776,311049047.0
2023-10-28 00:00:00,0.06776,0.06895,0.0675,0.06866,188966639.0
2023-10-28 06:00:00,0.06866,0.06982,0.06843,0.06911,233114447.0
2023-10-28 12:00:00,0.0691,0.06929,0.06826,0.06882,134859745.0
2023-10-28 18:00:00,0.06883,0.06949,0.06834,0.069,86703574.0
2023-10-29 00:00:00,0.069,0.06913,0.06722,0.06828,112483798.0
2023-10-29 06:00:00,0.06829,0.06912,0.06821,0.06892,118486423.0
2023-10-29 12:00:00,0.06893,0.06979,0.06874,0.0694,148907294.0
2023-10-29 18:00:00,0.06941,0.0702,0.06908,0.06935,105388497.0
2023-10-30 00:00:00,0.06936,0.06952,0.06836,0.06853,118896543.0
2023-10-30 06:00:00,0.06853,0.06967,0.06812,0.06953,190074277.0
2023-10-30 12:00:00,0.06953,0.0704,0.06771,0.06873,322442471.0
2023-10-30 18:00:00,0.06874,0.06976,0.06871,0.06959,108235771.0
2023-10-31 00:00:00,0.06958,0.07,0.0688,0.06923,171677301.0
2023-10-31 06:00:00,0.06923,0.07036,0.0679,0.07021,264953734.0
2023-10-31 12:00:00,0.07022,0.07085,0.06578,0.06774,632880482.0
2023-10-31 18:00:00,0.06775,0.06867,0.06757,0.06827,211703975.0
2023-11-01 00:00:00,0.06827,0.06852,0.06655,0.06666,201949232.0
2023-11-01 06:00:00,0.06665,0.06721,0.06611,0.06678,276449545.0
2023-11-01 12:00:00,0.06678,0.06798,0.06548,0.06677,393260124.0
2023-11-01 18:00:00,0.06677,0.06967,0.06662,0.06894,451070337.0
2023-11-02 00:00:00,0.06893,0.07,0.06839,0.06859,328654995.0
2023-11-02 06:00:00,0.06858,0.07089,0.06855,0.06943,473458093.0
2023-11-02 12:00:00,0.06943,0.0696,0.0666,0.06813,612570426.0
2023-11-02 18:00:00,0.06813,0.06837,0.06745,0.0679,182514461.0
2023-11-03 00:00:00,0.0679,0.06807,0.06621,0.06752,204350308.0
2023-11-03 06:00:00,0.06752,0.06773,0.06658,0.0671,209846216.0
2023-11-03 12:00:00,0.06711,0.06788,0.06696,0.06735,257983375.0
2023-11-03 18:00:00,0.06735,0.06823,0.06719,0.06807,121592514.0
2023-11-04 00:00:00,0.06808,0.06878,0.06793,0.0687,127056731.0
2023-11-04 06:00:00,0.06869,0.06907,0.06846,0.06867,207639278.0
2023-11-04 12:00:00,0.06867,0.06875,0.0679,0.06844,123226509.0
2023-11-04 18:00:00,0.06844,0.06927,0.06819,0.06908,86226306.0
2023-11-05 00:00:00,0.06908,0.07003,0.0688,0.06975,212462576.0
2023-11-05 06:00:00,0.06976,0.07113,0.06907,0.07061,317317730.0
2023-11-05 12:00:00,0.07062,0.07175,0.06916,0.07086,496054894.0
2023-11-05 18:00:00,0.07086,0.07154,0.06975,0.07108,340951120.0
2023-11-06 00:00:00,0.07108,0.07317,0.07025,0.07075,351133209.0
2023-11-06 06:00:00,0.07076,0.07289,0.07056,0.07261,234436635.0
2023-11-06 12:00:00,0.0726,0.075,0.07211,0.0746,657617311.0
2023-11-06 18:00:00,0.07461,0.07653,0.07451,0.07637,648108400.0
2023-11-07 00:00:00,0.07637,0.07648,0.07346,0.0748,641481089.0
2023-11-07 06:00:00,0.07479,0.07589,0.07278,0.07352,647327652.0
2023-11-07 12:00:00,0.07352,0.07399,0.0715,0.07317,698564007.0
2023-11-07 18:00:00,0.07315,0.07448,0.0729,0.07338,439340753.0
2023-11-08 00:00:00,0.07338,0.07417,0.07277,0.07341,189671085.0
2023-11-08 06:00:00,0.07341,0.075,0.07305,0.07441,285721440.0
2023-11-08 12:00:00,0.07442,0.0772,0.07336,0.07533,568987969.0
2023-11-08 18:00:00,0.07532,0.07593,0.07468,0.07534,350306712.0
2023-11-09 00:00:00,0.07535,0.07688,0.07484,0.07624,337615081.0
2023-11-09 06:00:00,0.07623,0.07709,0.07508,0.07579,439292939.0
2023-11-09 12:00:00,0.07579,0.07791,0.06779,0.07199,1433900765.0
2023-11-09 18:00:00,0.07199,0.07362,0.07027,0.07357,547989106.0
2023-11-10 00:00:00,0.07357,0.07467,0.07313,0.07454,389472459.0
2023-11-10 06:00:00,0.07453,0.07498,0.07315,0.07458,467445295.0
2023-11-10 12:00:00,0.07458,0.0746,0.07241,0.07406,535754271.0
2023-11-10 18:00:00,0.07406,0.07559,0.07373,0.07539,362114136.0
2023-11-11 00:00:00,0.07539,0.07887,0.07445,0.07887,1122074918.0
2023-11-11 06:00:00,0.07886,0.08177,0.07745,0.07981,1168430495.0
2023-11-11 12:00:00,0.07981,0.08189,0.07853,0.07935,1051848099.0
2023-11-11 18:00:00,0.07935,0.0805,0.077,0.07849,598096083.0
2023-11-12 00:00:00,0.0785,0.07888,0.07503,0.07814,813805010.0
2023-11-12 06:00:00,0.07814,0.08038,0.07789,0.07911,567836927.0
2023-11-12 12:00:00,0.07911,0.07921,0.07707,0.07743,484613776.0
2023-11-12 18:00:00,0.07744,0.07871,0.07685,0.07795,321314250.0
2023-11-13 00:00:00,0.07795,0.07954,0.076,0.07692,693207243.0
2023-11-13 06:00:00,0.07693,0.07871,0.07616,0.07713,552778958.0
2023-11-13 12:00:00,0.07713,0.07811,0.07516,0.07592,813066262.0
2023-11-13 18:00:00,0.07592,0.07719,0.07341,0.07456,636932253.0
2023-11-14 00:00:00,0.07456,0.07526,0.07242,0.07524,393206398.0
2023-11-14 06:00:00,0.07524,0.07555,0.07258,0.07335,452145427.0
2023-11-14 12:00:00,0.07335,0.07549,0.07268,0.07284,744809435.0
2023-11-14 18:00:00,0.07286,0.07305,0.0688,0.07244,623502849.0
2023-11-15 00:00:00,0.07244,0.07332,0.07227,0.07323,232510544.0
2023-11-15 06:00:00,0.07322,0.07486,0.07293,0.07466,305878336.0
2023-11-15 12:00:00,0.07465,0.07486,0.07353,0.074,282166980.0
2023-11-15 18:00:00,0.074,0.07654,0.07378,0.07623,421817467.0
2023-11-16 00:00:00,0.07623,0.07734,0.07593,0.0768,337532068.0
2023-11-16 06:00:00,0.0768,0.084,0.07637,0.08094,1640216512.0
2023-11-16 12:00:00,0.08094,0.0811,0.07597,0.07849,1176690285.0
2023-11-16 18:00:00,0.07849,0.082,0.07639,0.07947,1469849962.0
2023-11-17 00:00:00,0.07946,0.08268,0.07907,0.08209,978944422.0
2023-11-17 06:00:00,0.08209,0.0876,0.08143,0.08386,1982215442.0
2023-11-17 12:00:00,0.08386,0.08485,0.07925,0.08334,1898220642.0
2023-11-17 18:00:00,0.08335,0.08656,0.0821,0.08641,856239557.0
2023-11-18 00:00:00,0.08642,0.08663,0.08219,0.083,1009477449.0
2023-11-18 06:00:00,0.08299,0.08518,0.08045,0.08476,787433811.0
2023-11-18 12:00:00,0.08475,0.08592,0.079,0.07995,1596343436.0
2023-11-18 18:00:00,0.07995,0.08169,0.0794,0.08028,422858904.0
2023-11-19 00:00:00,0.08027,0.08027,0.07734,0.07822,573740359.0
2023-11-19 06:00:00,0.07823,0.0798,0.07762,0.07817,389131593.0
2023-11-19 12:00:00,0.07816,0.07884,0.07756,0.07848,326023694.0
2023-11-19 18:00:00,0.07849,0.08066,0.07848,0.08046,447703433.0
2023-11-20 00:00:00,0.08045,0.0806,0.07957,0.08031,283469612.0
2023-11-20 06:00:00,0.0803,0.08167,0.08,0.08165,380123304.0
2023-11-20 12:00:00,0.08166,0.08219,0.07876,0.08084,663432579.0
2023-11-20 18:00:00,0.08084,0.08115,0.07666,0.07768,567796132.0
2023-11-21 00:00:00,0.07768,0.07875,0.07615,0.07687,470602897.0
2023-11-21 06:00:00,0.07687,0.07753,0.07601,0.07687,361577840.0
2023-11-21 12:00:00,0.07686,0.07722,0.0731,0.07433,1030851793.0
2023-11-21 18:00:00,0.07432,0.07573,0.07063,0.07176,944202391.0
2023-11-22 00:00:00,0.07175,0.07468,0.07153,0.07414,340288936.0
2023-11-22 06:00:00,0.07414,0.07474,0.07406,0.07428,176922921.0
2023-11-22 12:00:00,0.07428,0.07522,0.07385,0.07512,268667834.0
2023-11-22 18:00:00,0.07512,0.0766,0.07505,0.07575,333608731.0
2023-11-23 00:00:00,0.07576,0.07632,0.0753,0.07592,156016690.0
2023-11-23 06:00:00,0.07592,0.07638,0.0754,0.07579,178142832.0
2023-11-23 12:00:00,0.07578,0.07596,0.07494,0.07579,166691625.0
2023-11-23 18:00:00,0.0758,0.07638,0.07559,0.0762,112808703.0
2023-11-24 00:00:00,0.07621,0.07738,0.07605,0.07706,199870549.0
2023-11-24 06:00:00,0.07706,0.07838,0.07697,0.07739,272125089.0
2023-11-24 12:00:00,0.07739,0.07819,0.07693,0.07769,223120032.0
2023-11-24 18:00:00,0.07768,0.07866,0.07717,0.07818,188535282.0
2023-11-25 00:00:00,0.07818,0.07916,0.07775,0.07858,258192688.0
2023-11-25 06:00:00,0.07857,0.07902,0.07753,0.07794,141133911.0
2023-11-25 12:00:00,0.07793,0.07908,0.0778,0.079,135101607.0
2023-11-25 18:00:00,0.079,0.07913,0.07826,0.07894,117294129.0
2023-11-26 00:00:00,0.07894,0.07899,0.0781,0.07853,118234137.0
2023-11-26 06:00:00,0.07853,0.07857,0.07766,0.07773,115477670.0
2023-11-26 12:00:00,0.07773,0.078,0.0755,0.07655,293939607.0
2023-11-26 18:00:00,0.07654,0.07891,0.07639,0.07868,258273492.0
2023-11-27 00:00:00,0.07867,0.08099,0.07766,0.08063,578223540.0
2023-11-27 06:00:00,0.08063,0.0817,0.07829,0.07927,819346736.0
2023-11-27 12:00:00,0.07928,0.07947,0.077,0.0781,458514232.0
2023-11-27 18:00:00,0.0781,0.07884,0.0768,0.07884,283375687.0
2023-11-28 00:00:00,0.07883,0.0793,0.07671,0.07684,296251176.0
2023-11-28 06:00:00,0.07685,0.07817,0.07673,0.07805,235670805.0
2023-11-28 12:00:00,0.07805,0.0809,0.07755,0.08083,877581305.0
2023-11-28 18:00:00,0.08084,0.08121,0.07993,0.08083,300637985.0
2023-11-29 00:00:00,0.08083,0.08133,0.08029,0.08087,242484307.0
2023-11-29 06:00:00,0.08085,0.08139,0.07959,0.08138,277397038.0
2023-11-29 12:00:00,0.08139,0.08317,0.07973,0.08099,773577057.0
2023-11-29 18:00:00,0.081,0.08146,0.08033,0.08047,225007296.0
2023-11-30 00:00:00,0.08045,0.08195,0.08039,0.08128,258314796.0
2023-11-30 06:00:00,0.0813,0.08288,0.08111,0.08179,320280585.0
2023-11-30 12:00:00,0.0818,0.08393,0.08139,0.08374,577744912.0
2023-11-30 18:00:00,0.08373,0.08443,0.08271,0.08343,318223426.0
2023-12-01 00:00:00,0.08344,0.08457,0.0823,0.08405,295748463.0
2023-12-01 06:00:00,0.08406,0.0851,0.0837,0.08382,357829363.0
2023-12-01 12:00:00,0.08383,0.08386,0.08259,0.08312,280447353.0
2023-12-01 18:00:00,0.08311,0.08415,0.08307,0.08385,141561868.0
2023-12-02 00:00:00,0.08384,0.08445,0.08356,0.08442,183638498.0
2023-12-02 06:00:00,0.08442,0.08448,0.08363,0.08386,165451055.0
2023-12-02 12:00:00,0.08387,0.08458,0.08327,0.08418,204390506.0
2023-12-02 18:00:00,0.08418,0.08663,0.08414,0.08617,493744620.0
2023-12-03 00:00:00,0.08617,0.08738,0.08521,0.08538,282466552.0
2023-12-03 06:00:00,0.08538,0.0856,0.08448,0.0848,265106177.0
2023-12-03 12:00:00,0.0848,0.085,0.0836,0.08399,245197733.0
2023-12-03 18:00:00,0.08398,0.08637,0.08392,0.08571,440261389.0
2023-12-04 00:00:00,0.08571,0.091,0.08519,0.08999,778630668.0
2023-12-04 06:00:00,0.08999,0.09102,0.085,0.08752,1121401178.0
2023-12-04 12:00:00,0.08753,0.08941,0.0862,0.08864,520390540.0
2023-12-04 18:00:00,0.08865,0.0926,0.08822,0.09188,513347569.0
2023-12-05 00:00:00,0.09188,0.0925,0.08915,0.09012,418560106.0
2023-12-05 06:00:00,0.09011,0.09031,0.08746,0.08867,467447215.0
2023-12-05 12:00:00,0.08867,0.09237,0.0886,0.09168,673462076.0
2023-12-05 18:00:00,0.09168,0.0958,0.09127,0.09435,984716719.0
2023-12-06 00:00:00,0.09436,0.09967,0.09338,0.09962,1016952723.0
2023-12-06 06:00:00,0.09962,0.10645,0.09712,0.10004,2365469578.0
2023-12-06 12:00:00,0.10003,0.10458,0.09885,0.09894,1183234577.0
2023-12-06 18:00:00,0.09895,0.09996,0.0943,0.09493,712844577.0
2023-12-07 00:00:00,0.09493,0.09828,0.09466,0.09748,610276231.0
2023-12-07 06:00:00,0.09748,0.098,0.09296,0.09449,884545292.0
2023-12-07 12:00:00,0.09448,0.0972,0.0938,0.09653,652479128.0
2023-12-07 18:00:00,0.09652,0.09656,0.09269,0.09593,695304269.0
2023-12-08 00:00:00,0.09594,0.09749,0.09556,0.0972,391230060.0
2023-12-08 06:00:00,0.09719,0.09817,0.09601,0.09784,569463662.0
2023-12-08 12:00:00,0.09783,0.09896,0.09703,0.09836,547090381.0
2023-12-08 18:00:00,0.09837,0.10385,0.09817,0.10164,739230896.0
2023-12-09 00:00:00,0.10165,0.10362,0.1008,0.10272,490168159.0
2023-12-09 06:00:00,0.10272,0.1051,0.1005,0.10183,814637495.0
2023-12-09 12:00:00,0.10183,0.10254,0.09855,0.09875,789259970.0
2023-12-09 18:00:00,0.09876,0.1008,0.0975,0.09846,306713089.0
2023-12-10 00:00:00,0.09846,0.101,0.09846,0.10059,252816770.0
2023-12-10 06:00:00,0.1006,0.10181,0.09665,0.09836,456797776.0
2023-12-10 12:00:00,0.09837,0.10114,0.09828,0.1004,304866656.0
2023-12-10 18:00:00,0.10041,0.10275,0.10035,0.10186,322920560.0
2023-12-11 00:00:00,0.10186,0.1073,0.09244,0.09888,1728317470.0
2023-12-11 06:00:00,0.09887,0.09937,0.0959,0.09885,760511500.0
2023-12-11 12:00:00,0.09885,0.09893,0.09336,0.09365,803374706.0
2023-12-11 18:00:00,0.09364,0.09509,0.09106,0.09413,634248336.0
2023-12-12 00:00:00,0.09412,0.09802,0.09403,0.09554,556078062.0
2023-12-12 06:00:00,0.09554,0.09753,0.09462,0.09529,440008876.0
2023-12-12 12:00:00,0.09529,0.09682,0.09125,0.09128,615065792.0
2023-12-12 18:00:00,0.09127,0.09411,0.09122,0.09381,392439248.0
2023-12-13 00:00:00,0.09381,0.09448,0.09011,0.09206,528951323.0
2023-12-13 06:00:00,0.09206,0.09318,0.0898,0.09214,327352355.0
2023-12-13 12:00:00,0.09215,0.09364,0.09186,0.09301,376672744.0
2023-12-13 18:00:00,0.093,0.09759,0.09277,0.09642,421732471.0
2023-12-14 00:00:00,0.09643,0.09699,0.09507,0.09662,330892862.0
2023-12-14 06:00:00,0.09663,0.09783,0.09588,0.09777,323119720.0
2023-12-14 12:00:00,0.09777,0.09878,0.09327,0.098,524170620.0
2023-12-14 18:00:00,0.09802,0.09863,0.09651,0.0983,227638466.0
2023-12-15 00:00:00,0.0983,0.09879,0.09616,0.09618,302863318.0
2023-12-15 06:00:00,0.09619,0.09706,0.09559,0.09599,282118550.0
2023-12-15 12:00:00,0.09601,0.09615,0.09316,0.09421,480377775.0
2023-12-15 18:00:00,0.09421,0.09536,0.09232,0.09303,248209124.0
2023-12-16 00:00:00,0.09302,0.09421,0.09152,0.09421,257124974.0
2023-12-16 06:00:00,0.09422,0.0946,0.09344,0.09458,157600412.0
2023-12-16 12:00:00,0.09459,0.09527,0.0938,0.09506,198648327.0
2023-12-16 18:00:00,0.09505,0.09728,0.09354,0.09713,402851499.0
2023-12-17 00:00:00,0.09713,0.09784,0.09428,0.09487,271416619.0
2023-12-17 06:00:00,0.09488,0.09553,0.09334,0.09528,244557848.0
2023-12-17 12:00:00,0.09528,0.0966,0.09317,0.09536,271055038.0
2023-12-17 18:00:00,0.09536,0.09579,0.09238,0.09295,199462208.0
2023-12-18 00:00:00,0.09295,0.09378,0.09094,0.09166,291174973.0
2023-12-18 06:00:00,0.09165,0.09223,0.08638,0.08836,718931163.0
2023-12-18 12:00:00,0.08836,0.09026,0.08727,0.08966,279835595.0
2023-12-18 18:00:00,0.08966,0.09235,0.08946,0.09213,189173071.0
2023-12-19 00:00:00,0.09212,0.0935,0.09173,0.0928,253431241.0
2023-12-19 06:00:00,0.0928,0.09344,0.0921,0.09222,182614060.0
2023-12-19 12:00:00,0.09223,0.09239,0.08933,0.08943,291050217.0
2023-12-19 18:00:00,0.08944,0.09129,0.08926,0.09023,157141990.0
2023-12-20 00:00:00,0.09023,0.09165,0.08963,0.09071,238276996.0
2023-12-20 06:00:00,0.0907,0.09111,0.08942,0.09057,336843034.0
2023-12-20 12:00:00,0.09055,0.09334,0.0901,0.09244,408553573.0
2023-12-20 18:00:00,0.09243,0.09329,0.08993,0.0915,240005045.0
2023-12-21 00:00:00,0.09151,0.0918,0.09063,0.09102,200195543.0
2023-12-21 06:00:00,0.09102,0.09283,0.0908,0.0924,242248545.0
2023-12-21 12:00:00,0.0924,0.0929,0.09066,0.0914,229909928.0
2023-12-21 18:00:00,0.09141,0.098,0.09138,0.09499,1054604182.0
2023-12-22 00:00:00,0.095,0.09559,0.09314,0.09367,425754139.0
2023-12-22 06:00:00,0.09365,0.09416,0.09195,0.09328,339982792.0
2023-12-22 12:00:00,0.09328,0.09425,0.09235,0.09405,238411118.0
2023-12-22 18:00:00,0.09404,0.09529,0.09332,0.09499,254268417.0
2023-12-23 00:00:00,0.09498,0.095,0.09204,0.09319,225684385.0
2023-12-23 06:00:00,0.09319,0.09326,0.0923,0.09271,124189850.0
2023-12-23 12:00:00,0.09271,0.09346,0.0926,0.09285,158435447.0
2023-12-23 18:00:00,0.09287,0.09388,0.09267,0.09346,141400593.0
2023-12-24 00:00:00,0.09346,0.09455,0.09205,0.09307,212451480.0
2023-12-24 06:00:00,0.09307,0.09492,0.09233,0.09435,375913087.0
2023-12-24 12:00:00,0.09435,0.0948,0.09332,0.09351,220494360.0
2023-12-24 18:00:00,0.0935,0.09425,0.09026,0.09171,269266529.0
2023-12-25 00:00:00,0.09172,0.09298,0.09124,0.09268,162052652.0
2023-12-25 06:00:00,0.09268,0.0933,0.09243,0.09307,156621378.0
2023-12-25 12:00:00,0.09307,0.09444,0.0928,0.09411,239042902.0
2023-12-25 18:00:00,0.09411,0.09544,0.0932,0.09435,236605770.0
2023-12-26 00:00:00,0.09436,0.09445,0.0913,0.09238,214183738.0
2023-12-26 06:00:00,0.09238,0.09287,0.0915,0.09279,221290447.0
2023-12-26 12:00:00,0.09279,0.09331,0.087,0.08984,395654058.0
2023-12-26 18:00:00,0.08985,0.09168,0.08929,0.09135,214134848.0
2023-12-27 00:00:00,0.09135,0.09149,0.08956,0.09086,139248510.0
2023-12-27 06:00:00,0.09086,0.09269,0.09065,0.09233,195276343.0
2023-12-27 12:00:00,0.09232,0.09385,0.09185,0.09349,223341843.0
2023-12-27 18:00:00,0.09349,0.09386,0.0927,0.09365,140037617.0
2023-12-28 00:00:00,0.09365,0.09493,0.0934,0.09382,301795071.0
2023-12-28 06:00:00,0.09382,0.09395,0.09289,0.0934,199860185.0
2023-12-28 12:00:00,0.0934,0.09357,0.09107,0.09176,304625352.0
2023-12-28 18:00:00,0.09176,0.09219,0.09111,0.09174,89724944.0
2023-12-29 00:00:00,0.09174,0.09242,0.0902,0.09238,169858179.0
2023-12-29 06:00:00,0.09239,0.09294,0.09108,0.09261,131280608.0
2023-12-29 12:00:00,0.09261,0.093,0.09,0.09044,231778431.0
2023-12-29 18:00:00,0.09044,0.09138,0.08843,0.09097,143451472.0
2023-12-30 00:00:00,0.09096,0.0914,0.08998,0.09053,95395734.0
2023-12-30 06:00:00,0.09053,0.09098,0.0892,0.08991,102655780.0
2023-12-30 12:00:00,0.0899,0.09109,0.08963,0.09102,84904512.0
2023-12-30 18:00:00,0.09102,0.09102,0.08971,0.09,65479494.0
2023-12-31 00:00:00,0.09,0.0905,0.08924,0.09,85240711.0
2023-12-31 06:00:00,0.09,0.09089,0.09,0.09042,76430731.0
2023-12-31 12:00:00,0.09042,0.09075,0.08983,0.09074,83907074.0
2023-12-31 18:00:00,0.09074,0.09079,0.08808,0.08955,139849112.0
2024-01-01 00:00:00,0.08956,0.09028,0.08847,0.089,128360372.0
2024-01-01 06:00:00,0.08901,0.09015,0.08889,0.08995,74604940.0
2024-01-01 12:00:00,0.08997,0.09136,0.08997,0.09119,164531628.0
2024-01-01 18:00:00,0.0912,0.09207,0.0912,0.09199,139064048.0
2024-01-02 00:00:00,0.092,0.09342,0.0918,0.09282,222204999.0
2024-01-02 06:00:00,0.09283,0.09438,0.09245,0.09291,299302278.0
2024-01-02 12:00:00,0.09292,0.09309,0.09075,0.09162,240796170.0
2024-01-02 18:00:00,0.09164,0.09184,0.09035,0.0911,119631489.0
2024-01-03 00:00:00,0.09109,0.09194,0.091,0.09152,113480404.0
2024-01-03 06:00:00,0.09153,0.09213,0.08888,0.08955,210615442.0
2024-01-03 12:00:00,0.08956,0.08958,0.075,0.08233,1337726363.0
2024-01-03 18:00:00,0.08232,0.0829,0.0805,0.08201,297928192.0
2024-01-04 00:00:00,0.082,0.0828,0.08093,0.08225,296545875.0
2024-01-04 06:00:00,0.08224,0.08305,0.08147,0.08262,273830061.0
2024-01-04 12:00:00,0.08262,0.08461,0.08226,0.084,394899330.0
2024-01-04 18:00:00,0.084,0.08467,0.08355,0.08401,179636347.0
2024-01-05 00:00:00,0.08401,0.08483,0.08046,0.08312,373972219.0
2024-01-05 06:00:00,0.08311,0.08403,0.08201,0.08218,218926454.0
2024-01-05 12:00:00,0.08219,0.08277,0.08051,0.08178,367905463.0
2024-01-05 18:00:00,0.08178,0.08282,0.08125,0.08267,149109911.0
2024-01-06 00:00:00,0.08267,0.08268,0.07934,0.08006,228660866.0
2024-01-06 06:00:00,0.08008,0.08071,0.07833,0.08064,356137772.0
2024-01-06 12:00:00,0.08064,0.0819,0.0801,0.08156,205480830.0
2024-01-06 18:00:00,0.08156,0.08163,0.07975,0.08058,189192226.0
2024-01-07 00:00:00,0.08058,0.08146,0.08034,0.0809,154680383.0
2024-01-07 06:00:00,0.0809,0.08148,0.07948,0.08005,248150042.0
2024-01-07 12:00:00,0.08005,0.08074,0.079,0.07979,234817888.0
2024-01-07 18:00:00,0.07979,0.0802,0.07701,0.07824,290084794.0
2024-01-08 00:00:00,0.07822,0.07897,0.07412,0.07729,672339899.0
2024-01-08 06:00:00,0.07729,0.07865,0.07684,0.07831,223796419.0
2024-01-08 12:00:00,0.07833,0.07999,0.07796,0.07997,245605821.0
2024-01-08 18:00:00,0.07997,0.08177,0.07989,0.0813,250333622.0
2024-01-09 00:00:00,0.0813,0.08162,0.0794,0.08065,281052781.0
2024-01-09 06:00:00,0.08064,0.0808,0.07836,0.07901,232754844.0
2024-01-09 12:00:00,0.079,0.08399,0.07642,0.08039,1017654627.0
2024-01-09 18:00:00,0.08039,0.08227,0.07681,0.07923,674091147.0
2024-01-10 00:00:00,0.07922,0.08084,0.07883,0.07911,209732512.0
2024-01-10 06:00:00,0.07913,0.07968,0.07788,0.07912,180561366.0
2024-01-10 12:00:00,0.07911,0.07937,0.07579,0.0786,301262393.0
2024-01-10 18:00:00,0.07861,0.08501,0.0771,0.08307,548476162.0
2024-01-11 00:00:00,0.08307,0.08468,0.08224,0.08322,376839251.0
2024-01-11 06:00:00,0.08322,0.08616,0.08197,0.08599,282434649.0
2024-01-11 12:00:00,0.08598,0.088,0.08295,0.08475,715023858.0
2024-01-11 18:00:00,0.08475,0.08566,0.08384,0.08456,146143812.0
2024-01-12 00:00:00,0.08456,0.08492,0.08317,0.0847,168351976.0
2024-01-12 06:00:00,0.08468,0.085,0.08327,0.08463,171581148.0
2024-01-12 12:00:00,0.08463,0.08544,0.07953,0.08138,511282680.0
2024-01-12 18:00:00,0.08137,0.08193,0.0778,0.08007,265958093.0
2024-01-13 00:00:00,0.08007,0.08081,0.07861,0.08077,116990369.0
2024-01-13 06:00:00,0.08077,0.08107,0.0795,0.0802,118317768.0
2024-01-13 12:00:00,0.0802,0.08138,0.0799,0.08081,128527233.0
2024-01-13 18:00:00,0.0808,0.08123,0.08055,0.08092,87278681.0
2024-01-14 00:00:00,0.08094,0.08109,0.08026,0.08081,94390302.0
2024-01-14 06:00:00,0.08081,0.08396,0.08078,0.08301,429893816.0
2024-01-14 12:00:00,0.08302,0.08311,0.08123,0.08179,180649729.0
2024-01-14 18:00:00,0.08179,0.08197,0.07964,0.08003,218399312.0
2024-01-15 00:00:00,0.08002,0.08161,0.07998,0.08134,92075353.0
2024-01-15 06:00:00,0.08134,0.08178,0.08053,0.08157,101587011.0
2024-01-15 12:00:00,0.08157,0.08167,0.07987,0.08087,134856236.0
2024-01-15 18:00:00,0.08088,0.08178,0.08,0.08108,95071179.0
2024-01-16 00:00:00,0.08108,0.08172,0.08048,0.0805,81493738.0
2024-01-16 06:00:00,0.08051,0.08258,0.08024,0.08161,189430928.0
2024-01-16 12:00:00,0.0816,0.08223,0.07986,0.08117,212323334.0
2024-01-16 18:00:00,0.08118,0.08184,0.08094,0.08134,99201257.0
2024-01-17 00:00:00,0.08134,0.0816,0.08069,0.08076,96576113.0
2024-01-17 06:00:00,0.08076,0.08115,0.08021,0.08062,122259023.0
2024-01-17 12:00:00,0.08064,0.08087,0.07935,0.08018,180347625.0
2024-01-17 18:00:00,0.08018,0.08062,0.07971,0.08059,79517850.0
2024-01-18 00:00:00,0.0806,0.08079,0.08006,0.08062,93662679.0
2024-01-18 06:00:00,0.08062,0.08081,0.07976,0.08017,111036611.0
2024-01-18 12:00:00,0.08017,0.08025,0.07792,0.07845,225365865.0
2024-01-18 18:00:00,0.07845,0.0786,0.0769,0.07808,191271989.0
2024-01-19 00:00:00,0.07808,0.07829,0.07641,0.07788,164807907.0
2024-01-19 06:00:00,0.07788,0.07852,0.07785,0.07822,90583268.0
2024-01-19 12:00:00,0.07822,0.07863,0.07484,0.07713,385262027.0
2024-01-19 18:00:00,0.07713,0.07884,0.07674,0.07857,126055551.0
2024-01-20 00:00:00,0.07856,0.07901,0.07821,0.07826,103472583.0
2024-01-20 06:00:00,0.07827,0.07956,0.07826,0.07925,164606019.0
2024-01-20 12:00:00,0.07924,0.08017,0.07897,0.08008,131732742.0
2024-01-20 18:00:00,0.08009,0.09058,0.07947,0.08777,1255266000.0
2024-01-21 00:00:00,0.08777,0.09046,0.08557,0.08603,1154298614.0
2024-01-21 06:00:00,0.08604,0.08729,0.08468,0.08692,437810238.0
2024-01-21 12:00:00,0.08692,0.08888,0.08569,0.08687,491057140.0
2024-01-21 18:00:00,0.08687,0.08687,0.08473,0.08546,211634973.0
2024-01-22 00:00:00,0.08547,0.08559,0.08222,0.08367,429331364.0
2024-01-22 06:00:00,0.08367,0.08415,0.08146,0.08336,312097937.0
2024-01-22 12:00:00,0.08336,0.08488,0.08299,0.08434,452162701.0
2024-01-22 18:00:00,0.08435,0.08445,0.08012,0.08057,398256687.0
2024-01-23 00:00:00,0.08057,0.08189,0.08044,0.08113,183009976.0
2024-01-23 06:00:00,0.08113,0.08115,0.076,0.07731,578933452.0
2024-01-23 12:00:00,0.07732,0.07786,0.07603,0.07747,326891423.0
2024-01-23 18:00:00,0.07747,0.07827,0.07637,0.07821,196881301.0
2024-01-24 00:00:00,0.07821,0.0791,0.07754,0.07892,184308550.0
2024-01-24 06:00:00,0.07893,0.08066,0.07844,0.08011,232232685.0
2024-01-24 12:00:00,0.0801,0.08038,0.07852,0.07906,165946392.0
2024-01-24 18:00:00,0.07905,0.07928,0.07805,0.07904,105899426.0
2024-01-25 00:00:00,0.07905,0.07925,0.07737,0.07752,139510738.0
2024-01-25 06:00:00,0.07752,0.07885,0.07736,0.07823,157099977.0
2024-01-25 12:00:00,0.07824,0.07852,0.07711,0.07767,121713218.0
2024-01-25 18:00:00,0.07766,0.07833,0.07756,0.07795,69603662.0
2024-01-26 00:00:00,0.07795,0.0785,0.07753,0.07825,65651488.0
2024-01-26 06:00:00,0.07825,0.07963,0.07773,0.07952,100716071.0
2024-01-26 12:00:00,0.07952,0.08035,0.07887,0.07999,162120965.0
2024-01-26 18:00:00,0.07999,0.08033,0.07963,0.07985,109865769.0
2024-01-27 00:00:00,0.07985,0.08028,0.07926,0.07939,73712028.0
2024-01-27 06:00:00,0.07939,0.07989,0.07902,0.07966,71660779.0
2024-01-27 12:00:00,0.07967,0.07993,0.07943,0.07945,57113888.0
2024-01-27 18:00:00,0.07946,0.0807,0.07944,0.08014,127741201.0
2024-01-28 00:00:00,0.08014,0.08149,0.07984,0.0807,120489053.0
2024-01-28 06:00:00,0.0807,0.08097,0.07999,0.08013,101718532.0
2024-01-28 12:00:00,0.08014,0.08021,0.07916,0.07945,89934253.0
2024-01-28 18:00:00,0.07945,0.07946,0.07818,0.07882,93801009.0
2024-01-29 00:00:00,0.07883,0.07936,0.07842,0.0789,60563607.0
2024-01-29 06:00:00,0.07891,0.08239,0.07816,0.08062,455995676.0
2024-01-29 12:00:00,0.08063,0.08306,0.08003,0.08179,556809077.0
2024-01-29 18:00:00,0.08179,0.08276,0.08117,0.08135,186275302.0
2024-01-30 00:00:00,0.08137,0.08215,0.08089,0.08129,109487970.0
2024-01-30 06:00:00,0.08128,0.08182,0.08094,0.08176,122632015.0
2024-01-30 12:00:00,0.08175,0.08219,0.08042,0.08137,226928668.0
2024-01-30 18:00:00,0.08136,0.0816,0.07939,0.07972,150332519.0
2024-01-31 00:00:00,0.07971,0.08028,0.07901,0.08004,98723107.0
2024-01-31 06:00:00,0.08004,0.08012,0.07832,0.07905,127303650.0
2024-01-31 12:00:00,0.07904,0.08005,0.07818,0.07995,125467508.0
2024-01-31 18:00:00,0.07994,0.08009,0.078,0.07875,141435950.0
2024-02-01 00:00:00,0.07874,0.07935,0.07728,0.079,119529837.0
2024-02-01 06:00:00,0.079,0.07929,0.07852,0.07858,79407531.0
2024-02-01 12:00:00,0.07858,0.07954,0.07841,0.07953,128793732.0
2024-02-01 18:00:00,0.07953,0.07986,0.07904,0.07937,95429980.0
2024-02-02 00:00:00,0.07937,0.07996,0.07917,0.07984,75985223.0
2024-02-02 06:00:00,0.07984,0.07995,0.07941,0.0795,100231053.0
2024-02-02 12:00:00,0.07951,0.07966,0.07858,0.07909,106122117.0
2024-02-02 18:00:00,0.07909,0.07937,0.07873,0.07928,55820001.0
2024-02-03 00:00:00,0.07928,0.07951,0.07908,0.07941,31605458.0
2024-02-03 06:00:00,0.07941,0.07941,0.07878,0.07903,44527682.0
2024-02-03 12:00:00,0.07903,0.07941,0.07853,0.07936,55939805.0
2024-02-03 18:00:00,0.07937,0.07946,0.0786,0.07874,49637054.0
2024-02-04 00:00:00,0.07874,0.07905,0.07837,0.07862,39366155.0
2024-02-04 06:00:00,0.07861,0.07912,0.07843,0.07907,60390955.0
2024-02-04 12:00:00,0.07907,0.07998,0.07876,0.07959,76888298.0
2024-02-04 18:00:00,0.0796,0.07972,0.07775,0.07831,86521026.0
2024-02-05 00:00:00,0.07831,0.07858,0.07735,0.07812,85494344.0
2024-02-05 06:00:00,0.07811,0.08031,0.07808,0.07965,128848127.0
2024-02-05 12:00:00,0.07966,0.08013,0.0784,0.07873,129847929.0
2024-02-05 18:00:00,0.07874,0.07906,0.0776,0.07835,87992268.0
2024-02-06 00:00:00,0.07835,0.07866,0.07812,0.07826,44427954.0
2024-02-06 06:00:00,0.07826,0.07874,0.07785,0.0781,77661243.0
2024-02-06 12:00:00,0.0781,0.07899,0.07773,0.07881,101835937.0
2024-02-06 18:00:00,0.0788,0.07923,0.07841,0.07849,70678551.0
2024-02-07 00:00:00,0.07848,0.07896,0.07816,0.07853,52809225.0
2024-02-07 06:00:00,0.07853,0.07875,0.07825,0.07849,46850830.0
2024-02-07 12:00:00,0.07849,0.07981,0.07841,0.07951,133530299.0
2024-02-07 18:00:00,0.07952,0.08032,0.07951,0.08013,155882038.0
2024-02-08 00:00:00,0.08013,0.08047,0.07988,0.08007,90564749.0
2024-02-08 06:00:00,0.08006,0.08034,0.07935,0.07988,110869520.0
2024-02-08 12:00:00,0.07987,0.08087,0.07965,0.08005,147488426.0
2024-02-08 18:00:00,0.08005,0.08055,0.07956,0.07987,98872409.0
2024-02-09 00:00:00,0.07986,0.08088,0.07986,0.0807,96338817.0
2024-02-09 06:00:00,0.0807,0.08213,0.08041,0.08191,208589858.0
2024-02-09 12:00:00,0.0819,0.08222,0.0807,0.08139,209727404.0
2024-02-09 18:00:00,0.08138,0.082,0.08108,0.08155,150345768.0
2024-02-10 00:00:00,0.08154,0.08214,0.08135,0.08153,75210655.0
2024-02-10 06:00:00,0.08152,0.08154,0.0803,0.08079,103259987.0
2024-02-10 12:00:00,0.08078,0.08126,0.0806,0.08089,79461091.0
2024-02-10 18:00:00,0.08089,0.0818,0.08086,0.08142,109843191.0
2024-02-11 00:00:00,0.08141,0.08236,0.08125,0.08203,92434380.0
2024-02-11 06:00:00,0.08203,0.08358,0.08203,0.08255,256497611.0
2024-02-11 12:00:00,0.08255,0.08255,0.08146,0.08194,170237464.0
2024-02-11 18:00:00,0.08195,0.08212,0.08075,0.08123,120484472.0
2024-02-12 00:00:00,0.08123,0.08156,0.07994,0.08021,173481984.0
2024-02-12 06:00:00,0.0802,0.0805,0.07946,0.07982,120827404.0
2024-02-12 12:00:00,0.07981,0.08257,0.0796,0.08212,298718871.0
2024-02-12 18:00:00,0.08213,0.08287,0.08149,0.08223,204278301.0
2024-02-13 00:00:00,0.08223,0.08297,0.08156,0.08222,143037710.0
2024-02-13 06:00:00,0.08221,0.08297,0.082,0.08242,182057186.0
2024-02-13 12:00:00,0.08242,0.08264,0.07968,0.0809,350722573.0
2024-02-13 18:00:00,0.08089,0.0815,0.08078,0.08105,62212114.0
2024-02-14 00:00:00,0.08105,0.0816,0.08047,0.08153,85447456.0
2024-02-14 06:00:00,0.08153,0.08337,0.08137,0.08294,259635718.0
2024-02-14 12:00:00,0.08293,0.08669,0.08233,0.08512,719936810.0
2024-02-14 18:00:00,0.08513,0.087,0.08432,0.0855,432044373.0
2024-02-15 00:00:00,0.08549,0.08824,0.08548,0.08574,492287213.0
2024-02-15 06:00:00,0.08574,0.08612,0.08508,0.08579,280644779.0
2024-02-15 12:00:00,0.08578,0.08695,0.08392,0.08447,498957751.0
2024-02-15 18:00:00,0.08446,0.08563,0.08441,0.08528,156110387.0
2024-02-16 00:00:00,0.08527,0.08669,0.08495,0.08655,130543804.0
2024-02-16 06:00:00,0.08655,0.08669,0.08459,0.0863,203355143.0
2024-02-16 12:00:00,0.08629,0.08799,0.08392,0.08525,368677069.0
2024-02-16 18:00:00,0.08526,0.0861,0.08465,0.08591,104640726.0
2024-02-17 00:00:00,0.08591,0.08606,0.08427,0.08478,145069160.0
2024-02-17 06:00:00,0.08479,0.08532,0.08389,0.08453,164433050.0
2024-02-17 12:00:00,0.08454,0.08467,0.08192,0.08323,256046490.0
2024-02-17 18:00:00,0.08322,0.08417,0.0829,0.08356,82209281.0
2024-02-18 00:00:00,0.08355,0.08408,0.08282,0.08397,91085951.0
2024-02-18 06:00:00,0.08396,0.08436,0.08317,0.08401,125439446.0
2024-02-18 12:00:00,0.08401,0.08496,0.08312,0.0849,150544079.0
2024-02-18 18:00:00,0.0849,0.08572,0.08449,0.08517,159373792.0
2024-02-19 00:00:00,0.08516,0.08635,0.08502,0.08612,177735901.0
2024-02-19 06:00:00,0.08612,0.0869,0.08574,0.0866,260986427.0
2024-02-19 12:00:00,0.0866,0.08871,0.08523,0.08855,489634663.0
2024-02-19 18:00:00,0.08855,0.09084,0.08765,0.08942,495698071.0
2024-02-20 00:00:00,0.08942,0.09155,0.08771,0.08861,501078534.0
2024-02-20 06:00:00,0.08861,0.08865,0.08542,0.08739,426597104.0
2024-02-20 12:00:00,0.08739,0.08809,0.0826,0.0843,628491549.0
2024-02-20 18:00:00,0.08429,0.08648,0.08414,0.08615,188123770.0
2024-02-21 00:00:00,0.08615,0.08627,0.0848,0.08494,115184143.0
2024-02-21 06:00:00,0.08494,0.08509,0.08234,0.08316,291321765.0
2024-02-21 12:00:00,0.08317,0.08405,0.0824,0.08276,224066949.0
2024-02-21 18:00:00,0.08277,0.08472,0.08196,0.08457,127298277.0
2024-02-22 00:00:00,0.08457,0.08458,0.08302,0.08405,108175816.0
2024-02-22 06:00:00,0.08406,0.08548,0.08406,0.08475,196163195.0
2024-02-22 12:00:00,0.08475,0.08511,0.08347,0.08482,209318664.0
2024-02-22 18:00:00,0.08482,0.08551,0.08392,0.0841,131676674.0
2024-02-23 00:00:00,0.08409,0.08471,0.08322,0.08407,100682785.0
2024-02-23 06:00:00,0.08405,0.08432,0.08285,0.08384,163322977.0
2024-02-23 12:00:00,0.08384,0.0853,0.08285,0.0851,371671983.0
2024-02-23 18:00:00,0.08511,0.08553,0.08356,0.08451,156008422.0
2024-02-24 00:00:00,0.08451,0.08529,0.08386,0.08485,184627361.0
2024-02-24 06:00:00,0.08486,0.0854,0.08462,0.08534,150496358.0
2024-02-24 12:00:00,0.08535,0.08637,0.08505,0.0861,223480601.0
2024-02-24 18:00:00,0.0861,0.08636,0.08547,0.08615,99317660.0
2024-02-25 00:00:00,0.08616,0.08643,0.08521,0.08611,106484899.0
2024-02-25 06:00:00,0.08612,0.08678,0.08583,0.08615,106689715.0
2024-02-25 12:00:00,0.08614,0.08682,0.08583,0.08622,167850345.0
2024-02-25 18:00:00,0.08623,0.08675,0.08593,0.08612,112031887.0
2024-02-26 00:00:00,0.08613,0.08613,0.08501,0.08581,102462339.0
2024-02-26 06:00:00,0.08581,0.08613,0.08415,0.08458,177616008.0
2024-02-26 12:00:00,0.08457,0.08739,0.08418,0.08733,306923478.0
2024-02-26 18:00:00,0.08734,0.09,0.08681,0.08923,501384154.0
2024-02-27 00:00:00,0.08923,0.09109,0.08844,0.09074,508023163.0
2024-02-27 06:00:00,0.09073,0.09648,0.09051,0.0943,1078778412.0
2024-02-27 12:00:00,0.09428,0.09855,0.09401,0.09578,1575622055.0
2024-02-27 18:00:00,0.09579,0.10066,0.09525,0.09758,1310622286.0
2024-02-28 00:00:00,0.09759,0.09831,0.09417,0.09532,602059783.0
2024-02-28 06:00:00,0.09531,0.10077,0.09462,0.09729,1156986904.0
2024-02-28 12:00:00,0.09729,0.12333,0.09719,0.10949,3626993813.0
2024-02-28 18:00:00,0.10951,0.11978,0.10158,0.11585,2874863346.0
2024-02-29 00:00:00,0.11585,0.13074,0.11132,0.12789,2788225459.0
2024-02-29 06:00:00,0.1279,0.135,0.12412,0.12901,2271373768.0
2024-02-29 12:00:00,0.129,0.13497,0.12475,0.12618,2260521028.0
2024-02-29 18:00:00,0.12618,0.12807,0.11422,0.11732,1505469147.0
2024-03-01 00:00:00,0.11732,0.12201,0.11704,0.12025,880504140.0
2024-03-01 06:00:00,0.12025,0.12367,0.11792,0.12145,965748208.0
2024-03-01 12:00:00,0.12144,0.13344,0.12115,0.13182,2235722221.0
2024-03-01 18:00:00,0.13182,0.14561,0.13091,0.13934,2613224861.0
2024-03-02 00:00:00,0.13934,0.15,0.13801,0.14232,1749236975.0
2024-03-02 06:00:00,0.14232,0.151,0.14002,0.14138,1709755192.0
2024-03-02 12:00:00,0.14138,0.14393,0.13579,0.13908,1027414371.0
2024-03-02 18:00:00,0.13908,0.1445,0.13899,0.14196,729501350.0
2024-03-03 00:00:00,0.14195,0.14386,0.13798,0.14003,912893344.0
2024-03-03 06:00:00,0.14005,0.14278,0.12356,0.1414,1808888491.0
2024-03-03 12:00:00,0.1414,0.14337,0.13732,0.14029,1195996181.0
2024-03-03 18:00:00,0.1403,0.15629,0.13971,0.15347,2195967830.0
2024-03-04 00:00:00,0.15346,0.16057,0.14424,0.15941,1692668903.0
2024-03-04 06:00:00,0.15938,0.17189,0.15906,0.16261,1981985143.0
2024-03-04 12:00:00,0.16262,0.18518,0.158,0.17369,2775448179.0
2024-03-04 18:00:00,0.17371,0.18455,0.16671,0.18196,1659620503.0
2024-03-05 00:00:00,0.18197,0.20637,0.16825,0.18165,3542731949.0
2024-03-05 06:00:00,0.18165,0.18693,0.1746,0.18092,1469631293.0
2024-03-05 12:00:00,0.18092,0.192,0.15305,0.16492,3428171139.0
2024-03-05 18:00:00,0.16489,0.16539,0.126,0.15304,4089959517.0
2024-03-06 00:00:00,0.15304,0.16823,0.1461,0.1669,1982859757.0
2024-03-06 06:00:00,0.1669,0.17981,0.16361,0.16819,1584053811.0
2024-03-06 12:00:00,0.1682,0.16988,0.15573,0.16114,1383352605.0
2024-03-06 18:00:00,0.16111,0.16317,0.15489,0.15784,675180706.0
2024-03-07 00:00:00,0.15784,0.1623,0.14637,0.14814,1118119523.0
2024-03-07 06:00:00,0.14815,0.15676,0.14736,0.15322,1004064898.0
2024-03-07 12:00:00,0.15323,0.16032,0.14821,0.1554,1300695766.0
2024-03-07 18:00:00,0.1554,0.15965,0.15324,0.15764,715476164.0
2024-03-08 00:00:00,0.15762,0.1687,0.155,0.16258,1193125132.0
2024-03-08 06:00:00,0.16259,0.17373,0.16142,0.16888,965743665.0
2024-03-08 12:00:00,0.16888,0.176,0.1575,0.16941,1955707486.0
2024-03-08 18:00:00,0.16938,0.1728,0.16371,0.16457,727726192.0
2024-03-09 00:00:00,0.16456,0.17216,0.16385,0.17097,671555712.0
2024-03-09 06:00:00,0.17096,0.17136,0.16288,0.16616,600574191.0
2024-03-09 12:00:00,0.16617,0.18485,0.165,0.18201,1456472813.0
2024-03-09 18:00:00,0.18201,0.18486,0.1745,0.17875,1174690508.0
2024-03-10 00:00:00,0.17875,0.17965,0.17371,0.17756,643119272.0
2024-03-10 06:00:00,0.17758,0.17804,0.17124,0.17308,561685705.0
2024-03-10 12:00:00,0.17308,0.17448,0.16656,0.17284,699685062.0
2024-03-10 18:00:00,0.17283,0.17443,0.16526,0.16997,407388256.0
2024-03-11 00:00:00,0.16998,0.17002,0.15986,0.16772,602805255.0
2024-03-11 06:00:00,0.16773,0.17948,0.16631,0.17518,953158071.0
2024-03-11 12:00:00,0.17517,0.17768,0.17149,0.17366,736840393.0
2024-03-11 18:00:00,0.17366,0.18315,0.1733,0.182,728711910.0
2024-03-12 00:00:00,0.182,0.1835,0.17251,0.17423,565863321.0
2024-03-12 06:00:00,0.17423,0.17424,0.16757,0.1707,512950247.0
2024-03-12 12:00:00,0.17069,0.17307,0.155,0.16546,1075317079.0
2024-03-12 18:00:00,0.16545,0.1685,0.16327,0.16816,605938337.0
2024-03-13 00:00:00,0.16817,0.17348,0.16673,0.17216,612862726.0
2024-03-13 06:00:00,0.17217,0.17444,0.16933,0.17028,547823907.0
2024-03-13 12:00:00,0.17029,0.17132,0.16481,0.16783,566227321.0
2024-03-13 18:00:00,0.16783,0.17085,0.16747,0.16897,278432404.0
2024-03-14 00:00:00,0.16895,0.19289,0.16522,0.1849,2566487415.0
2024-03-14 06:00:00,0.1849,0.19032,0.17923,0.18307,1729126588.0
2024-03-14 12:00:00,0.18304,0.18933,0.16964,0.17745,2012225786.0
2024-03-14 18:00:00,0.17744,0.1795,0.165,0.17719,1110137646.0
2024-03-15 00:00:00,0.1772,0.18142,0.16,0.16343,1369249444.0
2024-03-15 06:00:00,0.16342,0.17009,0.151,0.16053,1413937183.0
2024-03-15 12:00:00,0.16052,0.16562,0.15933,0.16222,746573436.0
2024-03-15 18:00:00,0.16224,0.168,0.1573,0.16357,687704548.0
2024-03-16 00:00:00,0.16358,0.16524,0.15788,0.16019,484593984.0
2024-03-16 06:00:00,0.16018,0.16341,0.15653,0.15808,428881860.0
2024-03-16 12:00:00,0.15808,0.15827,0.14701,0.14803,1027469662.0
2024-03-16 18:00:00,0.14803,0.14916,0.138,0.14253,1225247186.0
2024-03-17 00:00:00,0.14253,0.14772,0.14035,0.14417,616828945.0
2024-03-17 06:00:00,0.14418,0.15186,0.1366,0.14871,856340048.0
2024-03-17 12:00:00,0.14871,0.15936,0.14582,0.15668,874904693.0
2024-03-17 18:00:00,0.15669,0.157,0.1524,0.15428,498312321.0
2024-03-18 00:00:00,0.15428,0.15432,0.14833,0.15253,481944788.0
2024-03-18 06:00:00,0.15253,0.15257,0.14499,0.1482,507693648.0
2024-03-18 12:00:00,0.14819,0.14918,0.14,0.14209,775012046.0
2024-03-18 18:00:00,0.1421,0.14534,0.14116,0.14353,351370402.0
2024-03-19 00:00:00,0.14352,0.14517,0.13084,0.13288,1179236667.0
2024-03-19 06:00:00,0.13288,0.13344,0.1252,0.13048,1524650798.0
2024-03-19 12:00:00,0.13047,0.13583,0.12854,0.1342,1230974494.0
2024-03-19 18:00:00,0.13419,0.13643,0.12649,0.12881,774416537.0
2024-03-20 00:00:00,0.12879,0.13174,0.12253,0.12458,1121194465.0
2024-03-20 06:00:00,0.12456,0.136,0.12407,0.13441,1001330271.0
2024-03-20 12:00:00,0.1344,0.13616,0.12678,0.13333,863346563.0
2024-03-20 18:00:00,0.13333,0.15327,0.13333,0.15209,1803076701.0
2024-03-21 00:00:00,0.15209,0.15369,0.14649,0.14978,893025136.0
2024-03-21 06:00:00,0.14978,0.1578,0.14958,0.1515,659701001.0
2024-03-21 12:00:00,0.1515,0.15998,0.15136,0.15198,1096177045.0
2024-03-21 18:00:00,0.15198,0.15687,0.14832,0.15537,826851317.0
2024-03-22 00:00:00,0.15536,0.15932,0.1515,0.15706,836540398.0
2024-03-22 06:00:00,0.15705,0.165,0.155,0.15591,1192023778.0
2024-03-22 12:00:00,0.1559,0.15685,0.14528,0.15156,1192533097.0
2024-03-22 18:00:00,0.15158,0.15324,0.14819,0.15292,423254160.0
2024-03-23 00:00:00,0.15294,0.1649,0.15164,0.16115,1117892388.0
2024-03-23 06:00:00,0.16116,0.165,0.16004,0.16358,667784565.0
2024-03-23 12:00:00,0.16357,0.175,0.16303,0.17286,1117998939.0
2024-03-23 18:00:00,0.17287,0.1741,0.16112,0.1619,541868605.0
2024-03-24 00:00:00,0.16191,0.17203,0.16097,0.17131,912822636.0
2024-03-24 06:00:00,0.17134,0.17499,0.16961,0.1721,668622273.0
2024-03-24 12:00:00,0.1721,0.17719,0.16911,0.17056,802974699.0
2024-03-24 18:00:00,0.17054,0.18,0.17,0.17651,622761485.0
2024-03-25 00:00:00,0.17651,0.1775,0.17114,0.17337,571409708.0
2024-03-25 06:00:00,0.17336,0.17395,0.17,0.17056,388529935.0
2024-03-25 12:00:00,0.17055,0.18726,0.17028,0.18146,1346374627.0
2024-03-25 18:00:00,0.18146,0.18204,0.1747,0.17526,554521318.0
2024-03-26 00:00:00,0.17526,0.18054,0.1748,0.1796,468964773.0
2024-03-26 06:00:00,0.1796,0.18707,0.17792,0.18376,880056191.0
2024-03-26 12:00:00,0.18375,0.1861,0.174,0.17831,1065152132.0
2024-03-26 18:00:00,0.17831,0.18434,0.17523,0.1823,528778177.0
2024-03-27 00:00:00,0.18231,0.1895,0.18094,0.1893,835965488.0
2024-03-27 06:00:00,0.1893,0.18972,0.17951,0.1866,811336223.0
2024-03-27 12:00:00,0.18658,0.1915,0.1787,0.18556,1781798104.0
2024-03-27 18:00:00,0.18555,0.19185,0.18121,0.19047,936026791.0
2024-03-28 00:00:00,0.19048,0.20639,0.1892,0.19692,1899050038.0
2024-03-28 06:00:00,0.19691,0.22,0.19592,0.21713,1747857400.0
2024-03-28 12:00:00,0.21715,0.22562,0.21245,0.22019,1800917238.0
2024-03-28 18:00:00,0.22016,0.22888,0.21592,0.22001,1133785347.0
2024-03-29 00:00:00,0.22002,0.22494,0.2101,0.21442,1080291690.0
2024-03-29 06:00:00,0.21441,0.21764,0.20825,0.21363,769907676.0
2024-03-29 12:00:00,0.21363,0.2185,0.20636,0.21605,1193842418.0
2024-03-29 18:00:00,0.21604,0.21613,0.20898,0.213,471413440.0
2024-03-30 00:00:00,0.213,0.21692,0.21071,0.21185,686395571.0
2024-03-30 06:00:00,0.21183,0.21226,0.20525,0.21084,513325539.0
2024-03-30 12:00:00,0.21085,0.21097,0.19611,0.20036,900982569.0
2024-03-30 18:00:00,0.20036,0.20211,0.1982,0.19912,421295295.0
2024-03-31 00:00:00,0.19913,0.20643,0.19908,0.20622,537390991.0
2024-03-31 06:00:00,0.2062,0.20834,0.20511,0.20684,382284468.0
2024-03-31 12:00:00,0.20683,0.21411,0.20579,0.21323,598262777.0
2024-03-31 18:00:00,0.2132,0.2243,0.21232,0.22,807562264.0
2024-04-01 00:00:00,0.22,0.22003,0.19746,0.20184,768771206.0
2024-04-01 06:00:00,0.20183,0.20868,0.20004,0.20555,989240510.0
2024-04-01 12:00:00,0.20554,0.21137,0.19709,0.20309,1157071362.0
2024-04-01 18:00:00,0.2031,0.20707,0.20025,0.20503,541071085.0
2024-04-02 00:00:00,0.20502,0.20517,0.185,0.18915,1189605005.0
2024-04-02 06:00:00,0.18915,0.19167,0.18,0.18439,1025682678.0
2024-04-02 12:00:00,0.18438,0.1907,0.18018,0.18531,1147367498.0
2024-04-02 18:00:00,0.1853,0.18928,0.1809,0.18248,611762365.0
2024-04-03 00:00:00,0.18249,0.18719,0.171,0.18419,1201406489.0
2024-04-03 06:00:00,0.18417,0.1875,0.18118,0.18327,682208366.0
2024-04-03 12:00:00,0.1833,0.18469,0.17506,0.17713,958943064.0
2024-04-03 18:00:00,0.17714,0.17766,0.17002,0.17522,706871314.0
2024-04-04 00:00:00,0.17521,0.18051,0.17189,0.17532,544719595.0
2024-04-04 06:00:00,0.17531,0.18252,0.1752,0.18173,448900729.0
2024-04-04 12:00:00,0.18173,0.18837,0.18089,0.18713,735757979.0
2024-04-04 18:00:00,0.18713,0.18813,0.1756,0.17998,614604873.0
2024-04-05 00:00:00,0.17997,0.18076,0.17128,0.17323,530110414.0
2024-04-05 06:00:00,0.17323,0.17642,0.16854,0.16907,531616798.0
2024-04-05 12:00:00,0.16908,0.17725,0.16733,0.1744,686375442.0
2024-04-05 18:00:00,0.17441,0.17988,0.17389,0.1772,335496492.0
2024-04-06 00:00:00,0.17719,0.18258,0.1764,0.18208,516273585.0
2024-04-06 06:00:00,0.18208,0.18601,0.18118,0.18262,597677519.0
2024-04-06 12:00:00,0.1826,0.18489,0.18007,0.18344,416015076.0
2024-04-06 18:00:00,0.18343,0.18785,0.18201,0.18577,335350927.0
2024-04-07 00:00:00,0.18576,0.19861,0.18544,0.197,1036833284.0
2024-04-07 06:00:00,0.19699,0.19846,0.19274,0.19827,744592043.0
2024-04-07 12:00:00,0.19828,0.2052,0.19631,0.19979,901633642.0
2024-04-07 18:00:00,0.19979,0.20037,0.19576,0.19887,342460031.0
2024-04-08 00:00:00,0.19887,0.20246,0.19551,0.2009,414848378.0
2024-04-08 06:00:00,0.20093,0.21,0.20011,0.20688,737507016.0
2024-04-08 12:00:00,0.20688,0.20912,0.201,0.20331,513315901.0
2024-04-08 18:00:00,0.2033,0.20499,0.2003,0.2026,290159397.0
2024-04-09 00:00:00,0.20261,0.20346,0.19769,0.19997,419291441.0
2024-04-09 06:00:00,0.19997,0.20091,0.19285,0.19687,637524368.0
2024-04-09 12:00:00,0.19687,0.1971,0.18496,0.18911,845258106.0
2024-04-09 18:00:00,0.18912,0.19071,0.18695,0.18912,275653868.0
2024-04-10 00:00:00,0.18915,0.19187,0.18459,0.18981,536337730.0
2024-04-10 06:00:00,0.18977,0.19174,0.18602,0.18859,339610978.0
2024-04-10 12:00:00,0.18859,0.19819,0.18006,0.19468,1199457419.0
2024-04-10 18:00:00,0.19465,0.2028,0.1909,0.19971,835189189.0
2024-04-11 00:00:00,0.19971,0.19973,0.1939,0.19632,360492700.0
2024-04-11 06:00:00,0.19632,0.20358,0.19336,0.19408,570441325.0
2024-04-11 12:00:00,0.19409,0.19732,0.18974,0.19298,878754344.0
2024-04-11 18:00:00,0.19296,0.19812,0.19075,0.1938,368125097.0
2024-04-12 00:00:00,0.19382,0.20043,0.19354,0.19829,387140348.0
2024-04-12 06:00:00,0.19829,0.2013,0.19671,0.19934,450947949.0
2024-04-12 12:00:00,0.19932,0.19936,0.18006,0.18493,1072030047.0
2024-04-12 18:00:00,0.18493,0.18557,0.16059,0.17403,2015040401.0
2024-04-13 00:00:00,0.17403,0.17586,0.16399,0.17197,819394138.0
2024-04-13 06:00:00,0.17196,0.17413,0.16866,0.17123,382311359.0
2024-04-13 12:00:00,0.17123,0.17359,0.15657,0.15984,942342680.0
2024-04-13 18:00:00,0.15984,0.16481,0.13024,0.15254,3211422763.0
2024-04-14 00:00:00,0.15254,0.15927,0.14369,0.15776,1288428103.0
2024-04-14 06:00:00,0.15774,0.16002,0.151,0.15227,748296043.0
2024-04-14 12:00:00,0.15225,0.15698,0.14544,0.15047,1250197680.0
2024-04-14 18:00:00,0.15051,0.16505,0.14911,0.16212,1014106548.0
2024-04-15 00:00:00,0.1621,0.16286,0.15548,0.16121,839458328.0
2024-04-15 06:00:00,0.16121,0.169,0.16039,0.16211,802809391.0
2024-04-15 12:00:00,0.16211,0.1635,0.15027,0.15331,1274215473.0
2024-04-15 18:00:00,0.15331,0.16492,0.1516,0.16123,1324980147.0
2024-04-16 00:00:00,0.16123,0.16247,0.15,0.15376,772106177.0
2024-04-16 06:00:00,0.15376,0.15895,0.14954,0.15586,589619455.0
2024-04-16 12:00:00,0.15586,0.1566,0.14628,0.15293,1143912565.0
2024-04-16 18:00:00,0.1529,0.15847,0.152,0.156,330080581.0
2024-04-17 00:00:00,0.156,0.15873,0.15432,0.15604,319493446.0
2024-04-17 06:00:00,0.15605,0.15853,0.1528,0.15313,377258658.0
2024-04-17 12:00:00,0.15314,0.154,0.14431,0.14901,1048291596.0
2024-04-17 18:00:00,0.14902,0.15154,0.14648,0.14756,399850319.0
2024-04-18 00:00:00,0.14755,0.1506,0.14428,0.14716,405201008.0
2024-04-18 06:00:00,0.14715,0.1504,0.14083,0.14884,675038234.0
2024-04-18 12:00:00,0.14884,0.15362,0.14494,0.14779,811513318.0
2024-04-18 18:00:00,0.14778,0.15381,0.147,0.15221,308383035.0
2024-04-19 00:00:00,0.15222,0.15225,0.139,0.14759,1215849219.0
2024-04-19 06:00:00,0.14758,0.15566,0.14654,0.15271,650753680.0
2024-04-19 12:00:00,0.15269,0.15446,0.1497,0.15374,467493888.0
2024-04-19 18:00:00,0.15374,0.15722,0.15066,0.15633,373024861.0
2024-04-20 00:00:00,0.15632,0.15754,0.15273,0.15642,376203650.0
2024-04-20 06:00:00,0.15644,0.15647,0.1502,0.15228,404879063.0
2024-04-20 12:00:00,0.15229,0.165,0.15156,0.16363,625539486.0
2024-04-20 18:00:00,0.1636,0.16429,0.15997,0.1626,410762044.0
2024-04-21 00:00:00,0.16259,0.16586,0.15934,0.16369,415772274.0
2024-04-21 06:00:00,0.16368,0.16517,0.1607,0.16207,216945812.0
2024-04-21 12:00:00,0.16208,0.16255,0.15505,0.15755,452141266.0
2024-04-21 18:00:00,0.15755,0.16048,0.15674,0.15825,243589662.0
2024-04-22 00:00:00,0.15823,0.16256,0.15647,0.16238,428772181.0
2024-04-22 06:00:00,0.16239,0.16343,0.15861,0.15963,313388853.0
2024-04-22 12:00:00,0.15963,0.16188,0.15762,0.16078,428662698.0
2024-04-22 18:00:00,0.16079,0.16262,0.15914,0.1612,190366653.0
2024-04-23 00:00:00,0.16121,0.16232,0.15692,0.15883,304005003.0
2024-04-23 06:00:00,0.15883,0.15935,0.15682,0.15811,180780559.0
2024-04-23 12:00:00,0.1581,0.163,0.15722,0.16214,416509828.0
2024-04-23 18:00:00,0.16213,0.16229,0.15869,0.15979,169081945.0
2024-04-24 00:00:00,0.15979,0.16438,0.15914,0.16173,432058216.0
2024-04-24 06:00:00,0.16173,0.1645,0.16045,0.16335,286741784.0
2024-04-24 12:00:00,0.16332,0.1637,0.15111,0.15471,761760919.0
2024-04-24 18:00:00,0.15471,0.15481,0.14934,0.15139,354888937.0
2024-04-25 00:00:00,0.15139,0.15303,0.14823,0.15125,279253859.0
2024-04-25 06:00:00,0.15125,0.15204,0.14743,0.14999,266385201.0
2024-04-25 12:00:00,0.15,0.15286,0.14762,0.15243,407796647.0
2024-04-25 18:00:00,0.15244,0.15446,0.15119,0.15127,209652639.0
2024-04-26 00:00:00,0.15126,0.15178,0.14741,0.15175,273060733.0
2024-04-26 06:00:00,0.15175,0.15178,0.14959,0.14973,177390927.0
2024-04-26 12:00:00,0.14971,0.15099,0.14687,0.14955,321389991.0
2024-04-26 18:00:00,0.14956,0.15025,0.14683,0.148,128098797.0
2024-04-27 00:00:00,0.14802,0.14901,0.14233,0.14582,362993178.0
2024-04-27 06:00:00,0.1458,0.14645,0.14314,0.14412,137184282.0
2024-04-27 12:00:00,0.14412,0.14917,0.14377,0.14886,229420521.0
2024-04-27 18:00:00,0.14886,0.14972,0.14669,0.14776,164898237.0
2024-04-28 00:00:00,0.14776,0.15092,0.1476,0.14994,141980435.0
2024-04-28 06:00:00,0.14994,0.15068,0.14823,0.1486,117843462.0
2024-04-28 12:00:00,0.1486,0.1507,0.14851,0.1505,136345132.0
2024-04-28 18:00:00,0.15052,0.15109,0.146,0.1467,172703704.0
2024-04-29 00:00:00,0.14671,0.14809,0.1432,0.14459,255231639.0
2024-04-29 06:00:00,0.14458,0.1446,0.13959,0.14059,443169694.0
2024-04-29 12:00:00,0.14055,0.1436,0.13973,0.14221,293930092.0
2024-04-29 18:00:00,0.1422,0.14477,0.1397,0.14342,228469586.0
2024-04-30 00:00:00,0.14343,0.14601,0.14103,0.14239,225183962.0
2024-04-30 06:00:00,0.14239,0.14316,0.13481,0.13548,468139813.0
2024-04-30 12:00:00,0.13547,0.13607,0.13142,0.13276,500821484.0
2024-04-30 18:00:00,0.13276,0.13457,0.12916,0.13339,471177865.0
2024-05-01 00:00:00,0.13337,0.13395,0.12845,0.13164,342962934.0
2024-05-01 06:00:00,0.13168,0.13182,0.1218,0.1256,1016260714.0
2024-05-01 12:00:00,0.12559,0.12738,0.1201,0.12628,793961465.0
2024-05-01 18:00:00,0.12628,0.13292,0.12608,0.13021,1019683367.0
2024-05-02 00:00:00,0.13021,0.13077,0.12407,0.12597,337237952.0
2024-05-02 06:00:00,0.12597,0.13246,0.12573,0.13187,494527191.0
2024-05-02 12:00:00,0.13187,0.13444,0.12914,0.13389,585556163.0
2024-05-02 18:00:00,0.13389,0.13446,0.131,0.13189,249581984.0
2024-05-03 00:00:00,0.13189,0.1358,0.13122,0.13357,348951415.0
2024-05-03 06:00:00,0.13358,0.13384,0.13113,0.13264,189237850.0
2024-05-03 12:00:00,0.13262,0.14092,0.13244,0.14039,603751152.0
2024-05-03 18:00:00,0.14038,0.14799,0.1393,0.14604,342994281.0
2024-05-04 00:00:00,0.14604,0.1522,0.14572,0.15159,576901572.0
2024-05-04 06:00:00,0.1516,0.16226,0.14936,0.15807,748212448.0
2024-05-04 12:00:00,0.15806,0.17,0.15725,0.15962,1597097917.0
2024-05-04 18:00:00,0.15962,0.16349,0.15876,0.16012,398773787.0
2024-05-05 00:00:00,0.16012,0.16276,0.15454,0.15964,584420096.0
2024-05-05 06:00:00,0.15965,0.1628,0.15937,0.16085,451540264.0
2024-05-05 12:00:00,0.16084,0.16349,0.15872,0.16065,434253210.0
2024-05-05 18:00:00,0.16066,0.16302,0.1596,0.16098,200172061.0
2024-05-06 00:00:00,0.161,0.16598,0.16097,0.16258,399374203.0
2024-05-06 06:00:00,0.16258,0.16915,0.15996,0.16205,808676714.0
2024-05-06 12:00:00,0.16204,0.16254,0.15399,0.15522,718781798.0
2024-05-06 18:00:00,0.15523,0.1587,0.15409,0.15648,340768292.0
2024-05-07 00:00:00,0.15649,0.15873,0.15325,0.15622,322786251.0
2024-05-07 06:00:00,0.15623,0.15992,0.155,0.15643,374173159.0
2024-05-07 12:00:00,0.15643,0.15908,0.1545,0.15492,286433175.0
2024-05-07 18:00:00,0.15491,0.15492,0.14924,0.14999,315406768.0
2024-05-08 00:00:00,0.14999,0.152,0.14867,0.14982,249939759.0
2024-05-08 06:00:00,0.14982,0.15035,0.14654,0.14692,338941110.0
2024-05-08 12:00:00,0.14694,0.15082,0.14612,0.14889,351352315.0
2024-05-08 18:00:00,0.14889,0.151,0.14206,0.14324,360914364.0
2024-05-09 00:00:00,0.14323,0.14894,0.14311,0.1478,188951249.0
2024-05-09 06:00:00,0.1478,0.14882,0.14326,0.1459,305507824.0
2024-05-09 12:00:00,0.1459,0.1504,0.14549,0.14858,475048619.0
2024-05-09 18:00:00,0.14859,0.15423,0.14839,0.1522,235227967.0
2024-05-10 00:00:00,0.1522,0.1522,0.14942,0.15103,200484040.0
2024-05-10 06:00:00,0.15103,0.15387,0.14994,0.15132,232543854.0
2024-05-10 12:00:00,0.15132,0.1518,0.143,0.14401,522661664.0
2024-05-10 18:00:00,0.14401,0.14508,0.14224,0.14389,207873293.0
2024-05-11 00:00:00,0.14389,0.14626,0.14357,0.14447,147447023.0
2024-05-11 06:00:00,0.14447,0.1452,0.14247,0.1433,108683441.0
2024-05-11 12:00:00,0.1433,0.14597,0.1431,0.14447,127550744.0
2024-05-11 18:00:00,0.14448,0.14516,0.14259,0.14306,78162898.0
2024-05-12 00:00:00,0.14305,0.14446,0.14284,0.14375,83806782.0
2024-05-12 06:00:00,0.14375,0.14438,0.13899,0.14322,374740040.0
2024-05-12 12:00:00,0.14322,0.14429,0.14155,0.14239,215349681.0
2024-05-12 18:00:00,0.14239,0.14247,0.14007,0.14123,115907568.0
2024-05-13 00:00:00,0.14122,0.14267,0.13579,0.13698,355912314.0
2024-05-13 06:00:00,0.13698,0.14538,0.13697,0.14311,475576297.0
2024-05-13 12:00:00,0.14312,0.15765,0.14181,0.15083,1382703363.0
2024-05-13 18:00:00,0.15082,0.15158,0.1473,0.14864,310239975.0
2024-05-14 00:00:00,0.14863,0.15182,0.1471,0.15117,314151273.0
2024-05-14 06:00:00,0.15116,0.15292,0.14616,0.15225,494590278.0
2024-05-14 12:00:00,0.15225,0.15516,0.1447,0.14621,818411043.0
2024-05-14 18:00:00,0.14623,0.14746,0.14429,0.14552,227695832.0
2024-05-15 00:00:00,0.14552,0.1471,0.14525,0.14586,182318361.0
2024-05-15 06:00:00,0.14586,0.15197,0.14571,0.14939,485727875.0
2024-05-15 12:00:00,0.1494,0.155,0.148,0.15072,740789632.0
2024-05-15 18:00:00,0.15072,0.157,0.15067,0.15534,436656289.0
2024-05-16 00:00:00,0.15533,0.15931,0.15361,0.15571,407897746.0
2024-05-16 06:00:00,0.15571,0.15677,0.15416,0.15517,257985205.0
2024-05-16 12:00:00,0.15517,0.15538,0.14942,0.15097,405783380.0
2024-05-16 18:00:00,0.15098,0.15144,0.14825,0.14972,244394083.0
2024-05-17 00:00:00,0.14971,0.15121,0.14922,0.15039,190253498.0
2024-05-17 06:00:00,0.15039,0.15409,0.14966,0.15212,243431800.0
2024-05-17 12:00:00,0.15212,0.15692,0.15118,0.15404,420382513.0
2024-05-17 18:00:00,0.15404,0.15622,0.15265,0.15555,222089508.0
2024-05-18 00:00:00,0.15555,0.1569,0.15421,0.15456,208834000.0
2024-05-18 06:00:00,0.15457,0.15646,0.15422,0.156,140957921.0
2024-05-18 12:00:00,0.156,0.15618,0.15123,0.15262,263740449.0
2024-05-18 18:00:00,0.15262,0.15396,0.15229,0.15302,84839646.0
2024-05-19 00:00:00,0.15302,0.15604,0.15254,0.15481,133634326.0
2024-05-19 06:00:00,0.15482,0.15503,0.15117,0.15218,192831077.0
2024-05-19 12:00:00,0.15217,0.15219,0.14898,0.15011,279990855.0
2024-05-19 18:00:00,0.15011,0.15053,0.1474,0.14908,127758847.0
2024-05-20 00:00:00,0.14908,0.15335,0.14767,0.1522,204431549.0
2024-05-20 06:00:00,0.1522,0.15252,0.14887,0.15076,143624161.0
2024-05-20 12:00:00,0.15077,0.15399,0.15042,0.15325,277247837.0
2024-05-20 18:00:00,0.15324,0.16636,0.1528,0.16573,914459777.0
2024-05-21 00:00:00,0.16573,0.1674,0.16071,0.16309,544141108.0
2024-05-21 06:00:00,0.16309,0.16591,0.16213,0.16466,328742872.0
2024-05-21 12:00:00,0.16467,0.1733,0.16369,0.16905,1071421915.0
2024-05-21 18:00:00,0.16905,0.17126,0.16318,0.17024,459113458.0
2024-05-22 00:00:00,0.17023,0.17461,0.166,0.16807,621948799.0
2024-05-22 06:00:00,0.16806,0.16993,0.16523,0.16525,301716902.0
2024-05-22 12:00:00,0.16525,0.17073,0.16174,0.16613,633974730.0
2024-05-22 18:00:00,0.16612,0.1684,0.16377,0.16628,254696183.0
2024-05-23 00:00:00,0.16628,0.16771,0.16422,0.16629,277096480.0
2024-05-23 06:00:00,0.16628,0.1692,0.16502,0.16906,271315370.0
2024-05-23 12:00:00,0.16906,0.16941,0.15595,0.15904,895131426.0
2024-05-23 18:00:00,0.15904,0.1625,0.15171,0.15973,655280358.0
2024-05-24 00:00:00,0.15973,0.17089,0.15606,0.16676,687295902.0
2024-05-24 06:00:00,0.16676,0.16676,0.155,0.16333,873824278.0
2024-05-24 12:00:00,0.16332,0.17328,0.1619,0.16529,1099607760.0
2024-05-24 18:00:00,0.1653,0.16697,0.1626,0.16386,257561643.0
2024-05-25 00:00:00,0.16386,0.1651,0.1627,0.16508,189737584.0
2024-05-25 06:00:00,0.16509,0.16974,0.16381,0.16688,388546397.0
2024-05-25 12:00:00,0.16689,0.16992,0.16427,0.16964,353128489.0
2024-05-25 18:00:00,0.16964,0.17438,0.16868,0.17402,355147793.0
2024-05-26 00:00:00,0.17402,0.175,0.16951,0.17201,460736642.0
2024-05-26 06:00:00,0.17201,0.17326,0.16884,0.17088,271311430.0
2024-05-26 12:00:00,0.17088,0.17089,0.16599,0.16788,348286498.0
2024-05-26 18:00:00,0.16786,0.1686,0.16551,0.16621,143524004.0
2024-05-27 00:00:00,0.16621,0.16885,0.16416,0.1654,228408087.0
2024-05-27 06:00:00,0.1654,0.16821,0.16455,0.16776,341044284.0
2024-05-27 12:00:00,0.16776,0.1735,0.16729,0.17087,524576313.0
2024-05-27 18:00:00,0.17087,0.17113,0.16625,0.16908,253075625.0
2024-05-28 00:00:00,0.16908,0.16982,0.16304,0.16554,356933633.0
2024-05-28 06:00:00,0.16553,0.16781,0.1637,0.16589,268916738.0
2024-05-28 12:00:00,0.1659,0.16623,0.16211,0.1632,379949835.0
2024-05-28 18:00:00,0.1632,0.1672,0.16157,0.16497,225043762.0
2024-05-29 00:00:00,0.16496,0.17087,0.16488,0.16888,449295442.0
2024-05-29 06:00:00,0.16889,0.17042,0.16394,0.16443,388104150.0
2024-05-29 12:00:00,0.16444,0.16689,0.16208,0.16579,376859671.0
2024-05-29 18:00:00,0.16579,0.16681,0.1628,0.16386,181305128.0
2024-05-30 00:00:00,0.16386,0.1657,0.16266,0.16364,223966714.0
2024-05-30 06:00:00,0.16364,0.16381,0.15642,0.15898,558438416.0
2024-05-30 12:00:00,0.15898,0.16496,0.15871,0.1628,495231617.0
2024-05-30 18:00:00,0.16281,0.16325,0.15837,0.15946,178842285.0
2024-05-31 00:00:00,0.15945,0.16077,0.15802,0.15915,148494667.0
2024-05-31 06:00:00,0.15913,0.16138,0.15852,0.16086,135594198.0
2024-05-31 12:00:00,0.16089,0.16261,0.15431,0.15822,382465860.0
2024-05-31 18:00:00,0.15821,0.16049,0.1575,0.15898,135259840.0
2024-06-01 00:00:00,0.15898,0.15982,0.1584,0.1593,91465127.0
2024-06-01 06:00:00,0.15931,0.15987,0.15889,0.15944,75290514.0
2024-06-01 12:00:00,0.15944,0.16199,0.15931,0.16064,139327549.0
2024-06-01 18:00:00,0.16064,0.16141,0.16002,0.16031,61112555.0
2024-06-02 00:00:00,0.16031,0.16137,0.1593,0.15961,82231357.0
2024-06-02 06:00:00,0.1596,0.16024,0.15703,0.15924,151957080.0
2024-06-02 12:00:00,0.15925,0.15976,0.15604,0.15607,118267566.0
2024-06-02 18:00:00,0.15606,0.15774,0.15469,0.1571,141298238.0
2024-06-03 00:00:00,0.1571,0.16106,0.15579,0.16038,206089161.0
2024-06-03 06:00:00,0.16037,0.16265,0.16,0.16163,201009150.0
2024-06-03 12:00:00,0.16166,0.16346,0.15888,0.16056,287515281.0
2024-06-03 18:00:00,0.16056,0.16069,0.15783,0.15835,129133835.0
2024-06-04 00:00:00,0.15834,0.15973,0.15739,0.15795,197269463.0
2024-06-04 06:00:00,0.15792,0.15877,0.15706,0.15837,142024817.0
2024-06-04 12:00:00,0.15838,0.16167,0.15835,0.16104,187958325.0
2024-06-04 18:00:00,0.16102,0.16194,0.15946,0.16136,111872194.0
2024-06-05 00:00:00,0.16136,0.16392,0.16117,0.16268,196019042.0
2024-06-05 06:00:00,0.16267,0.16486,0.16205,0.16256,197402766.0
2024-06-05 12:00:00,0.16257,0.1642,0.1613,0.16366,198124306.0
2024-06-05 18:00:00,0.16366,0.16426,0.1625,0.16326,78503715.0
2024-06-06 00:00:00,0.16327,0.1635,0.1617,0.16188,103267166.0
2024-06-06 06:00:00,0.16188,0.16368,0.16148,0.16337,160414065.0
2024-06-06 12:00:00,0.16338,0.16579,0.16134,0.16176,274417880.0
2024-06-06 18:00:00,0.16177,0.16201,0.15831,0.16016,267028761.0
2024-06-07 00:00:00,0.16015,0.16213,0.1596,0.16174,93950586.0
2024-06-07 06:00:00,0.16175,0.16188,0.15988,0.16117,102756891.0
2024-06-07 12:00:00,0.16119,0.16195,0.15589,0.15598,304178109.0
2024-06-07 18:00:00,0.15597,0.15637,0.14,0.1482,985792573.0
2024-06-08 00:00:00,0.1482,0.14879,0.14756,0.148,198560242.0
2024-06-08 06:00:00,0.148,0.1485,0.14518,0.14557,198435097.0
2024-06-08 12:00:00,0.14556,0.14695,0.1435,0.14593,232467301.0
2024-06-08 18:00:00,0.14593,0.14696,0.14507,0.14588,97366748.0
2024-06-09 00:00:00,0.1459,0.14726,0.14492,0.14618,105900641.0
2024-06-09 06:00:00,0.14617,0.14658,0.14541,0.14603,112173806.0
2024-06-09 12:00:00,0.14602,0.14763,0.1457,0.14738,139780299.0
2024-06-09 18:00:00,0.14738,0.14916,0.14659,0.14679,70312695.0
2024-06-10 00:00:00,0.14679,0.1469,0.14524,0.14548,79863012.0
2024-06-10 06:00:00,0.14548,0.14571,0.14325,0.14497,138836474.0
2024-06-10 12:00:00,0.14497,0.14795,0.14396,0.14606,138869659.0
2024-06-10 18:00:00,0.14607,0.14627,0.14325,0.14478,88381278.0
2024-06-11 00:00:00,0.14478,0.14519,0.14027,0.14131,311953118.0
2024-06-11 06:00:00,0.14131,0.14238,0.13915,0.1412,196982731.0
2024-06-11 12:00:00,0.14121,0.14169,0.13364,0.13626,609277329.0
2024-06-11 18:00:00,0.13623,0.13907,0.13614,0.13806,128877732.0
2024-06-12 00:00:00,0.13806,0.14025,0.13458,0.139,176486213.0
2024-06-12 06:00:00,0.139,0.14117,0.13891,0.13923,124890295.0
2024-06-12 12:00:00,0.13923,0.15096,0.13914,0.15001,654303524.0
2024-06-12 18:00:00,0.15003,0.15054,0.14319,0.14621,379763906.0
2024-06-13 00:00:00,0.14621,0.1465,0.14137,0.14353,195500950.0
2024-06-13 06:00:00,0.14354,0.14493,0.14246,0.14347,141456543.0
2024-06-13 12:00:00,0.14346,0.14555,0.14009,0.14268,305278866.0
2024-06-13 18:00:00,0.14269,0.14288,0.14038,0.1411,80713988.0
2024-06-14 00:00:00,0.1411,0.14299,0.14042,0.14276,126555485.0
2024-06-14 06:00:00,0.14277,0.14343,0.14205,0.14234,145328907.0
2024-06-14 12:00:00,0.14234,0.14285,0.1319,0.13385,400152185.0
2024-06-14 18:00:00,0.13385,0.13631,0.13189,0.13499,241477982.0
2024-06-15 00:00:00,0.13499,0.13646,0.13361,0.13622,146588760.0
2024-06-15 06:00:00,0.13623,0.13785,0.13612,0.13683,145619027.0
2024-06-15 12:00:00,0.13683,0.1375,0.136,0.13675,108731372.0
2024-06-15 18:00:00,0.13674,0.13698,0.13579,0.13677,63999669.0
2024-06-16 00:00:00,0.13678,0.1368,0.13467,0.13612,73591017.0
2024-06-16 06:00:00,0.13612,0.13669,0.13539,0.13578,58433661.0
2024-06-16 12:00:00,0.13579,0.13711,0.13554,0.13608,101499059.0
2024-06-16 18:00:00,0.13609,0.13768,0.13586,0.13713,73637377.0
2024-06-17 00:00:00,0.13713,0.13822,0.13431,0.13475,120632393.0
2024-06-17 06:00:00,0.1348,0.13495,0.13213,0.13435,315104317.0
2024-06-17 12:00:00,0.13435,0.13477,0.12601,0.13164,497653055.0
2024-06-17 18:00:00,0.13165,0.13394,0.12856,0.12879,198697058.0
2024-06-18 00:00:00,0.12879,0.12929,0.11338,0.12165,1076622561.0
2024-06-18 06:00:00,0.12165,0.12338,0.11913,0.12053,231950236.0
2024-06-18 12:00:00,0.12053,0.12138,0.11765,0.11936,545059426.0
2024-06-18 18:00:00,0.11938,0.12259,0.1182,0.12225,217013437.0
2024-06-19 00:00:00,0.12224,0.12679,0.12141,0.12528,270170898.0
2024-06-19 06:00:00,0.12528,0.12597,0.12318,0.12385,165738913.0
2024-06-19 12:00:00,0.12385,0.12471,0.12166,0.12351,208021777.0
2024-06-19 18:00:00,0.12351,0.12429,0.12176,0.12247,98676867.0
2024-06-20 00:00:00,0.12247,0.12471,0.12143,0.12434,174439675.0
2024-06-20 06:00:00,0.12439,0.129,0.12383,0.12647,278659966.0
2024-06-20 12:00:00,0.12647,0.12687,0.12134,0.12455,321423010.0
2024-06-20 18:00:00,0.12454,0.12521,0.12394,0.12455,105864658.0
2024-06-21 00:00:00,0.12455,0.12574,0.12323,0.12434,133459043.0
2024-06-21 06:00:00,0.12433,0.12513,0.12186,0.12449,198502517.0
2024-06-21 12:00:00,0.12449,0.12479,0.12138,0.12269,219504988.0
2024-06-21 18:00:00,0.12268,0.1254,0.12255,0.12418,124370289.0
2024-06-22 00:00:00,0.12418,0.1248,0.1229,0.1244,75032477.0
2024-06-22 06:00:00,0.12441,0.12517,0.12342,0.1246,83744035.0
2024-06-22 12:00:00,0.12459,0.12556,0.12421,0.12437,103633586.0
2024-06-22 18:00:00,0.12438,0.12451,0.12366,0.12375,78894367.0
2024-06-23 00:00:00,0.12376,0.12491,0.12367,0.12456,87332699.0
2024-06-23 06:00:00,0.12456,0.1255,0.12413,0.12462,76111421.0
2024-06-23 12:00:00,0.12463,0.12489,0.12183,0.12291,101956128.0
2024-06-23 18:00:00,0.12291,0.1264,0.1209,0.12222,241205507.0
2024-06-24 00:00:00,0.12222,0.12395,0.11792,0.11833,310251418.0
2024-06-24 06:00:00,0.11833,0.11996,0.11354,0.11722,415286589.0
2024-06-24 12:00:00,0.11722,0.11966,0.11577,0.11658,271254789.0
2024-06-24 18:00:00,0.1166,0.11941,0.11406,0.11902,241223907.0
2024-06-25 00:00:00,0.11901,0.125,0.11882,0.12277,338947702.0
2024-06-25 06:00:00,0.12276,0.12397,0.12141,0.12348,170360357.0
2024-06-25 12:00:00,0.12347,0.128,0.12301,0.12655,271725753.0
2024-06-25 18:00:00,0.12655,0.12862,0.12553,0.12615,123466161.0
2024-06-26 00:00:00,0.12616,0.12865,0.12509,0.12534,156917692.0
2024-06-26 06:00:00,0.12534,0.12608,0.1241,0.1244,114088216.0
2024-06-26 12:00:00,0.1244,0.1254,0.1218,0.12304,178921941.0
2024-06-26 18:00:00,0.12304,0.12448,0.12234,0.12276,119549508.0
2024-06-27 00:00:00,0.12277,0.12316,0.12084,0.12101,111367545.0
2024-06-27 06:00:00,0.121,0.12397,0.12061,0.12241,146562157.0
2024-06-27 12:00:00,0.12241,0.12587,0.12201,0.12474,320844197.0
2024-06-27 18:00:00,0.12474,0.12846,0.12418,0.12711,148708780.0
2024-06-28 00:00:00,0.12711,0.12851,0.12495,0.12536,164202084.0
2024-06-28 06:00:00,0.12536,0.12766,0.12467,0.12736,119140170.0
2024-06-28 12:00:00,0.12736,0.12796,0.1229,0.12349,322282870.0
2024-06-28 18:00:00,0.12349,0.12406,0.12217,0.12306,100284791.0
2024-06-29 00:00:00,0.12306,0.1244,0.12302,0.12334,74259900.0
2024-06-29 06:00:00,0.12334,0.12436,0.12322,0.12415,56331479.0
2024-06-29 12:00:00,0.12414,0.1243,0.12266,0.12304,43413392.0
2024-06-29 18:00:00,0.12303,0.12307,0.12138,0.1219,67335695.0
2024-06-30 00:00:00,0.1219,0.12236,0.1205,0.1209,81017357.0
2024-06-30 06:00:00,0.12089,0.12349,0.12079,0.12243,102885577.0
2024-06-30 12:00:00,0.12243,0.12329,0.12174,0.12289,60812630.0
2024-06-30 18:00:00,0.1229,0.12564,0.12256,0.12448,90928047.0
2024-07-01 00:00:00,0.12449,0.1275,0.12411,0.12671,126450518.0
2024-07-01 06:00:00,0.1267,0.12679,0.12431,0.12457,95429695.0
2024-07-01 12:00:00,0.12458,0.1261,0.12322,0.12603,126394178.0
2024-07-01 18:00:00,0.12604,0.12623,0.12324,0.12352,80022558.0
2024-07-02 00:00:00,0.12352,0.12431,0.12272,0.12382,69752411.0
2024-07-02 06:00:00,0.12383,0.12414,0.12278,0.12414,66493100.0
2024-07-02 12:00:00,0.12413,0.1248,0.12247,0.12337,102840958.0
2024-07-02 18:00:00,0.12338,0.12544,0.12337,0.1253,75186760.0
2024-07-03 00:00:00,0.1253,0.12555,0.12091,0.12229,127877254.0
2024-07-03 06:00:00,0.12228,0.12245,0.11838,0.11923,171625262.0
2024-07-03 12:00:00,0.11924,0.11998,0.1176,0.1185,156340715.0
2024-07-03 18:00:00,0.1185,0.11913,0.11683,0.11849,106887030.0
2024-07-04 00:00:00,0.11849,0.11914,0.1118,0.11474,367217636.0
2024-07-04 06:00:00,0.11474,0.11474,0.11,0.11081,304638677.0
2024-07-04 12:00:00,0.11081,0.11089,0.10534,0.10838,581950642.0
2024-07-04 18:00:00,0.10837,0.10986,0.10385,0.10502,287786744.0
2024-07-05 00:00:00,0.10503,0.1052,0.09136,0.09738,1482869215.0
2024-07-05 06:00:00,0.09739,0.10015,0.09388,0.09985,484777788.0
2024-07-05 12:00:00,0.09985,0.10527,0.0987,0.10454,447544792.0
2024-07-05 18:00:00,0.10454,0.10652,0.10324,0.10547,192975249.0
2024-07-06 00:00:00,0.10548,0.10922,0.10468,0.10682,293667929.0
2024-07-06 06:00:00,0.10681,0.1098,0.10665,0.10922,225025663.0
2024-07-06 12:00:00,0.10921,0.11335,0.10711,0.11269,342503932.0
2024-07-06 18:00:00,0.11268,0.11416,0.11225,0.11343,136520269.0
2024-07-07 00:00:00,0.11343,0.1135,0.10946,0.11075,210967901.0
2024-07-07 06:00:00,0.11074,0.11165,0.10905,0.11027,111081101.0
2024-07-07 12:00:00,0.11027,0.11074,0.105,0.10868,291051948.0
2024-07-07 18:00:00,0.10868,0.1091,0.1036,0.10415,136712922.0
2024-07-08 00:00:00,0.10415,0.10486,0.09874,0.10378,448644832.0
2024-07-08 06:00:00,0.10378,0.1114,0.10324,0.10934,368005252.0
2024-07-08 12:00:00,0.10933,0.11008,0.10364,0.10674,390473589.0
2024-07-08 18:00:00,0.10674,0.10866,0.10634,0.10758,107096821.0
2024-07-09 00:00:00,0.10757,0.10868,0.10579,0.10834,160906583.0
2024-07-09 06:00:00,0.10834,0.10954,0.10748,0.10838,157043671.0
2024-07-09 12:00:00,0.10837,0.10924,0.1066,0.10693,158889036.0
2024-07-09 18:00:00,0.10694,0.10815,0.10668,0.10756,82782380.0
2024-07-10 00:00:00,0.10756,0.11027,0.10572,0.10934,168336547.0
2024-07-10 06:00:00,0.10936,0.11048,0.10826,0.10943,117354654.0
2024-07-10 12:00:00,0.10943,0.11053,0.10805,0.10918,158901034.0
2024-07-10 18:00:00,0.10918,0.10935,0.10669,0.108,76410381.0
2024-07-11 00:00:00,0.108,0.10899,0.10633,0.10822,108018660.0
2024-07-11 06:00:00,0.10821,0.11015,0.10797,0.10981,87619184.0
2024-07-11 12:00:00,0.10982,0.11247,0.10645,0.10811,267151912.0
2024-07-11 18:00:00,0.10811,0.10851,0.10615,0.10664,96124400.0
2024-07-12 00:00:00,0.10664,0.10765,0.10477,0.1062,129188653.0
2024-07-12 06:00:00,0.10621,0.10692,0.10489,0.10578,142648792.0
2024-07-12 12:00:00,0.10578,0.10798,0.1055,0.10755,136077548.0
2024-07-12 18:00:00,0.10756,0.10831,0.10626,0.10769,59687113.0
2024-07-13 00:00:00,0.10769,0.10885,0.10728,0.10878,57929421.0
2024-07-13 06:00:00,0.10879,0.11009,0.10858,0.1096,81310930.0
2024-07-13 12:00:00,0.10961,0.11181,0.10914,0.11181,194376831.0
2024-07-13 18:00:00,0.11181,0.113,0.11095,0.11231,214009558.0
2024-07-14 00:00:00,0.11231,0.11459,0.11194,0.114,206940705.0
2024-07-14 06:00:00,0.114,0.11424,0.11266,0.11282,110537310.0
2024-07-14 12:00:00,0.11283,0.11292,0.1111,0.11259,99233936.0
2024-07-14 18:00:00,0.11258,0.11698,0.11237,0.11535,229763947.0
2024-07-15 00:00:00,0.11535,0.11882,0.11457,0.11798,245839638.0
2024-07-15 06:00:00,0.11797,0.1197,0.11669,0.11712,192172868.0
2024-07-15 12:00:00,0.11712,0.1213,0.11679,0.1198,317878567.0
2024-07-15 18:00:00,0.11981,0.12555,0.1195,0.1249,254799795.0
2024-07-16 00:00:00,0.1249,0.12784,0.12202,0.12264,331331717.0
2024-07-16 06:00:00,0.12263,0.12334,0.11891,0.12228,282539341.0
2024-07-16 12:00:00,0.12228,0.12699,0.12115,0.12609,286158147.0
2024-07-16 18:00:00,0.12608,0.12655,0.12338,0.12478,154066480.0
2024-07-17 00:00:00,0.12479,0.12769,0.12451,0.12572,181305459.0
2024-07-17 06:00:00,0.12572,0.1265,0.12349,0.12407,151464839.0
2024-07-17 12:00:00,0.12406,0.12613,0.12032,0.12166,257234763.0
2024-07-17 18:00:00,0.12167,0.12375,0.12135,0.12178,97854531.0
2024-07-18 00:00:00,0.12179,0.12397,0.1205,0.12229,224318253.0
2024-07-18 06:00:00,0.1223,0.12324,0.12014,0.12192,192389269.0
2024-07-18 12:00:00,0.12191,0.1231,0.11715,0.11865,272297533.0
2024-07-18 18:00:00,0.11866,0.11992,0.11756,0.11956,97601193.0
2024-07-19 00:00:00,0.11955,0.12131,0.11742,0.12005,103356293.0
2024-07-19 06:00:00,0.12005,0.12116,0.11785,0.11942,162571745.0
2024-07-19 12:00:00,0.11945,0.12508,0.11894,0.12461,307327156.0
2024-07-19 18:00:00,0.12461,0.12604,0.12385,0.12543,238334140.0
2024-07-20 00:00:00,0.12543,0.12675,0.1243,0.12664,164829869.0
2024-07-20 06:00:00,0.12664,0.12966,0.12575,0.12594,285183158.0
2024-07-20 12:00:00,0.12595,0.13567,0.12525,0.13499,698146409.0
2024-07-20 18:00:00,0.13498,0.13582,0.13286,0.13424,288191747.0
2024-07-21 00:00:00,0.13423,0.13461,0.13033,0.13117,177015050.0
2024-07-21 06:00:00,0.13116,0.13223,0.12965,0.13158,152725142.0
2024-07-21 12:00:00,0.13158,0.13285,0.12862,0.12873,209220985.0
2024-07-21 18:00:00,0.12874,0.14373,0.12576,0.14026,1000945983.0
2024-07-22 00:00:00,0.14027,0.1427,0.13816,0.13912,378431263.0
2024-07-22 06:00:00,0.1391,0.14,0.13581,0.13872,297363321.0
2024-07-22 12:00:00,0.13872,0.14185,0.136,0.14152,609353937.0
2024-07-22 18:00:00,0.14153,0.14238,0.13685,0.13776,316889618.0
2024-07-23 00:00:00,0.13777,0.13923,0.13311,0.13376,269250308.0
2024-07-23 06:00:00,0.13376,0.13659,0.13311,0.13458,235868129.0
2024-07-23 12:00:00,0.13458,0.13472,0.12807,0.12991,412409281.0
2024-07-23 18:00:00,0.12991,0.13193,0.12934,0.13031,181695586.0
2024-07-24 00:00:00,0.1303,0.13173,0.12921,0.13083,112952070.0
2024-07-24 06:00:00,0.13084,0.13403,0.13059,0.13318,186089707.0
2024-07-24 12:00:00,0.13318,0.13482,0.13036,0.13203,218066877.0
2024-07-24 18:00:00,0.13203,0.13217,0.12688,0.12795,175587426.0
2024-07-25 00:00:00,0.12793,0.12873,0.12174,0.12345,382078956.0
2024-07-25 06:00:00,0.12344,0.12524,0.12313,0.12429,117937277.0
2024-07-25 12:00:00,0.12429,0.12555,0.1223,0.12475,177397353.0
2024-07-25 18:00:00,0.12476,0.1256,0.1201,0.12526,239328090.0
2024-07-26 00:00:00,0.12525,0.12965,0.12504,0.12896,203040655.0
2024-07-26 06:00:00,0.12896,0.13039,0.12873,0.12976,115444036.0
2024-07-26 12:00:00,0.12977,0.13226,0.12888,0.13161,176110559.0
2024-07-26 18:00:00,0.13161,0.13496,0.13078,0.13419,166610460.0
2024-07-27 00:00:00,0.13419,0.13503,0.13287,0.13376,110346659.0
2024-07-27 06:00:00,0.13377,0.13598,0.13357,0.13479,114655561.0
2024-07-27 12:00:00,0.13479,0.13878,0.13178,0.13228,288222787.0
2024-07-27 18:00:00,0.13228,0.13824,0.13011,0.13144,815870552.0
2024-07-28 00:00:00,0.13143,0.13185,0.12809,0.12932,143242931.0
2024-07-28 06:00:00,0.1293,0.13186,0.12924,0.13086,149297862.0
2024-07-28 12:00:00,0.13087,0.13139,0.12908,0.12993,251982378.0
2024-07-28 18:00:00,0.12993,0.1309,0.12861,0.13004,144486733.0
2024-07-29 00:00:00,0.13005,0.13484,0.1297,0.13406,238260056.0
2024-07-29 06:00:00,0.13407,0.13509,0.13331,0.13332,196151846.0
2024-07-29 12:00:00,0.13332,0.13421,0.128,0.129,229017195.0
2024-07-29 18:00:00,0.12899,0.12991,0.12755,0.12843,101357279.0
2024-07-30 00:00:00,0.12844,0.13054,0.12711,0.12886,113858748.0
2024-07-30 06:00:00,0.12886,0.1307,0.12862,0.12911,112110634.0
2024-07-30 12:00:00,0.12909,0.1296,0.12506,0.12585,183903258.0
2024-07-30 18:00:00,0.12587,0.12631,0.1232,0.12551,126322075.0
2024-07-31 00:00:00,0.12551,0.12631,0.12362,0.12531,95058022.0
2024-07-31 06:00:00,0.12531,0.12707,0.12486,0.1255,96015994.0
2024-07-31 12:00:00,0.1255,0.12736,0.12496,0.12645,134645780.0
2024-07-31 18:00:00,0.12646,0.12659,0.1212,0.12192,198056949.0
2024-08-01 00:00:00,0.12192,0.12312,0.11814,0.12082,189606471.0
2024-08-01 06:00:00,0.12082,0.12156,0.11977,0.12044,113559726.0
2024-08-01 12:00:00,0.12044,0.12143,0.11363,0.11485,338703559.0
2024-08-01 18:00:00,0.11486,0.11998,0.11211,0.11899,287627571.0
2024-08-02 00:00:00,0.11899,0.11975,0.11577,0.11614,123435868.0
2024-08-02 06:00:00,0.11614,0.11798,0.11446,0.1172,128397714.0
2024-08-02 12:00:00,0.1172,0.11953,0.11017,0.1133,382375610.0
2024-08-02 18:00:00,0.1133,0.11375,0.11028,0.11154,195207211.0
2024-08-03 00:00:00,0.11154,0.11338,0.10823,0.11331,294782417.0
2024-08-03 06:00:00,0.11331,0.11475,0.11199,0.11292,139425107.0
2024-08-03 12:00:00,0.11292,0.11425,0.10666,0.10711,330442528.0
2024-08-03 18:00:00,0.10709,0.1086,0.10518,0.10811,244422606.0
2024-08-04 00:00:00,0.10812,0.10944,0.1072,0.10804,164915397.0
2024-08-04 06:00:00,0.10804,0.10828,0.10558,0.10759,92751289.0
2024-08-04 12:00:00,0.10758,0.10814,0.099,0.10101,488333371.0
2024-08-04 18:00:00,0.10101,0.106,0.10003,0.10375,264011611.0
2024-08-05 00:00:00,0.10375,0.1043,0.0883,0.08967,1798895967.0
2024-08-05 06:00:00,0.08968,0.09029,0.0805,0.0846,2030038248.0
2024-08-05 12:00:00,0.08459,0.09861,0.08203,0.09639,1810522702.0
2024-08-05 18:00:00,0.09642,0.09687,0.09261,0.09436,363880060.0
2024-08-06 00:00:00,0.09437,0.10151,0.09405,0.09972,406745526.0
2024-08-06 06:00:00,0.09971,0.10019,0.09524,0.09598,261915548.0
2024-08-06 12:00:00,0.09599,0.09957,0.09405,0.0968,363584604.0
2024-08-06 18:00:00,0.09679,0.09902,0.09593,0.09645,229701196.0
2024-08-07 00:00:00,0.09646,0.09992,0.09514,0.0988,219565187.0
2024-08-07 06:00:00,0.0988,0.10208,0.09796,0.09925,291738513.0
2024-08-07 12:00:00,0.09925,0.10163,0.09585,0.09714,389207550.0
2024-08-07 18:00:00,0.09714,0.09769,0.09428,0.09558,298318159.0
2024-08-08 00:00:00,0.09561,0.10102,0.09354,0.09957,270013083.0
2024-08-08 06:00:00,0.09957,0.10062,0.09903,0.09995,119924924.0
2024-08-08 12:00:00,0.09995,0.105,0.09893,0.10279,355437312.0
2024-08-08 18:00:00,0.10279,0.108,0.10188,0.10748,223300137.0
2024-08-09 00:00:00,0.10747,0.10782,0.10384,0.10462,163776678.0
2024-08-09 06:00:00,0.10463,0.10572,0.10359,0.10446,101678736.0
2024-08-09 12:00:00,0.10446,0.10525,0.1016,0.10268,192301623.0
2024-08-09 18:00:00,0.10268,0.10463,0.10219,0.10386,84587277.0
2024-08-10 00:00:00,0.10386,0.10558,0.10288,0.10352,76925918.0
2024-08-10 06:00:00,0.10353,0.10483,0.10341,0.10453,62736652.0
2024-08-10 12:00:00,0.10453,0.10566,0.10339,0.10564,71897484.0
2024-08-10 18:00:00,0.10564,0.10592,0.10483,0.10518,46071756.0
2024-08-11 00:00:00,0.10519,0.11099,0.10501,0.1089,197419503.0
2024-08-11 06:00:00,0.10891,0.1102,0.1072,0.1075,156100019.0
2024-08-11 12:00:00,0.10748,0.10782,0.10401,0.10556,201284040.0
2024-08-11 18:00:00,0.10555,0.10573,0.10004,0.10059,214640228.0
2024-08-12 00:00:00,0.10059,0.10244,0.1001,0.10187,117892741.0
2024-08-12 06:00:00,0.10186,0.1073,0.10047,0.10636,219904752.0
2024-08-12 12:00:00,0.10637,0.10815,0.10179,0.10569,342700426.0
2024-08-12 18:00:00,0.10569,0.10872,0.10385,0.10791,161308126.0
2024-08-13 00:00:00,0.10791,0.10904,0.10407,0.10504,170308185.0
2024-08-13 06:00:00,0.10504,0.10579,0.10336,0.10429,97777010.0
2024-08-13 12:00:00,0.10429,0.1076,0.10396,0.10707,138968167.0
2024-08-13 18:00:00,0.10708,0.10713,0.1045,0.10636,81297470.0
2024-08-14 00:00:00,0.10637,0.10663,0.10518,0.10572,58738289.0
2024-08-14 06:00:00,0.10571,0.10655,0.10512,0.10582,103276982.0
2024-08-14 12:00:00,0.10582,0.10694,0.10136,0.10271,283248881.0
2024-08-14 18:00:00,0.1027,0.10319,0.1015,0.1024,80171979.0
2024-08-15 00:00:00,0.1024,0.10301,0.10174,0.10222,69510043.0
2024-08-15 06:00:00,0.10221,0.10353,0.10184,0.10275,103976758.0
2024-08-15 12:00:00,0.10274,0.10495,0.10164,0.10175,143182578.0
2024-08-15 18:00:00,0.10175,0.10176,0.09789,0.10021,293366633.0
2024-08-16 00:00:00,0.10021,0.10153,0.09934,0.10101,179459755.0
2024-08-16 06:00:00,0.10102,0.10207,0.10072,0.10093,65218228.0
2024-08-16 12:00:00,0.10094,0.10131,0.09745,0.1011,211729687.0
2024-08-16 18:00:00,0.10108,0.10176,0.09992,0.10035,101297718.0
2024-08-17 00:00:00,0.10034,0.10137,0.10001,0.10086,46882840.0
2024-08-17 06:00:00,0.10086,0.10141,0.10072,0.10107,44158256.0
2024-08-17 12:00:00,0.10106,0.10372,0.1009,0.1031,103508510.0
2024-08-17 18:00:00,0.10311,0.10324,0.10237,0.10275,49694242.0
2024-08-18 00:00:00,0.10275,0.10347,0.10176,0.10231,68846380.0
2024-08-18 06:00:00,0.1023,0.10377,0.10205,0.10358,82786477.0
2024-08-18 12:00:00,0.10359,0.10446,0.102,0.10216,119267989.0
2024-08-18 18:00:00,0.10215,0.10271,0.1,0.10004,79939689.0
2024-08-19 00:00:00,0.10005,0.10065,0.09942,0.10021,101284949.0
2024-08-19 06:00:00,0.1002,0.10048,0.09857,0.09985,156008776.0
2024-08-19 12:00:00,0.09984,0.1019,0.0991,0.10084,135458608.0
2024-08-19 18:00:00,0.10084,0.10193,0.10018,0.10133,68906623.0
2024-08-20 00:00:00,0.10132,0.10581,0.10107,0.10522,329692347.0
2024-08-20 06:00:00,0.10522,0.10569,0.10453,0.10476,161570929.0
2024-08-20 12:00:00,0.10476,0.10537,0.10113,0.1033,238319758.0
2024-08-20 18:00:00,0.10331,0.10465,0.10287,0.10289,70737162.0
2024-08-21 00:00:00,0.10289,0.10418,0.10228,0.10381,81788166.0
2024-08-21 06:00:00,0.1038,0.10493,0.10329,0.1037,93508415.0
2024-08-21 12:00:00,0.10369,0.10538,0.10212,0.10494,171862786.0
2024-08-21 18:00:00,0.10494,0.10797,0.10468,0.10615,178394982.0
2024-08-22 00:00:00,0.10615,0.10642,0.104,0.10517,104545323.0
2024-08-22 06:00:00,0.10517,0.10689,0.10511,0.10655,91078597.0
2024-08-22 12:00:00,0.10655,0.10659,0.10475,0.10515,127645311.0
2024-08-22 18:00:00,0.10515,0.10571,0.10473,0.10525,57277400.0
2024-08-23 00:00:00,0.10526,0.10735,0.10522,0.10676,82850702.0
2024-08-23 06:00:00,0.10677,0.10767,0.10607,0.10611,94888764.0
2024-08-23 12:00:00,0.10611,0.11265,0.10611,0.11247,629591211.0
2024-08-23 18:00:00,0.11246,0.11546,0.11169,0.11293,328372431.0
2024-08-24 00:00:00,0.11292,0.11338,0.1117,0.11258,125976360.0
2024-08-24 06:00:00,0.11258,0.11392,0.11193,0.11219,207701368.0
2024-08-24 12:00:00,0.11219,0.11485,0.11099,0.11338,429401647.0
2024-08-24 18:00:00,0.11338,0.115,0.11074,0.11258,193037129.0
2024-08-25 00:00:00,0.11258,0.11287,0.10981,0.1108,157966037.0
2024-08-25 06:00:00,0.1108,0.11096,0.10778,0.10887,185349239.0
2024-08-25 12:00:00,0.10887,0.11092,0.10864,0.10998,113906169.0
2024-08-25 18:00:00,0.10998,0.1112,0.10934,0.10959,111028162.0
2024-08-26 00:00:00,0.1096,0.11032,0.10785,0.1091,99173987.0
2024-08-26 06:00:00,0.10911,0.10971,0.10817,0.10882,109154920.0
2024-08-26 12:00:00,0.10883,0.10901,0.10506,0.10525,203975960.0
2024-08-26 18:00:00,0.10525,0.1061,0.10442,0.1052,141743856.0
2024-08-27 00:00:00,0.1052,0.10653,0.10517,0.10642,69620288.0
2024-08-27 06:00:00,0.10643,0.1065,0.10352,0.1043,151426647.0
2024-08-27 12:00:00,0.1043,0.10486,0.1032,0.1039,147550682.0
2024-08-27 18:00:00,0.1039,0.10487,0.09633,0.09891,335059501.0
2024-08-28 00:00:00,0.0989,0.09973,0.09768,0.09929,160446759.0
2024-08-28 06:00:00,0.09928,0.1019,0.09747,0.10077,170445802.0
2024-08-28 12:00:00,0.10076,0.10153,0.09682,0.09858,273605890.0
2024-08-28 18:00:00,0.09858,0.1017,0.0983,0.09964,144620597.0
2024-08-29 00:00:00,0.09965,0.101,0.09953,0.10095,63202333.0
2024-08-29 06:00:00,0.10094,0.10187,0.10021,0.10115,90846112.0
2024-08-29 12:00:00,0.10115,0.10259,0.10077,0.10127,114204882.0
2024-08-29 18:00:00,0.10127,0.10127,0.09827,0.10037,147098132.0
2024-08-30 00:00:00,0.10037,0.10079,0.09956,0.09985,91296634.0
2024-08-30 06:00:00,0.09985,0.1025,0.0996,0.10131,128334240.0
2024-08-30 12:00:00,0.10131,0.10249,0.09697,0.09905,235586129.0
2024-08-30 18:00:00,0.09905,0.10315,0.09901,0.10177,172954406.0
2024-08-31 00:00:00,0.10177,0.10239,0.10087,0.10139,104290788.0
2024-08-31 06:00:00,0.1014,0.10171,0.10035,0.10125,52923960.0
2024-08-31 12:00:00,0.10125,0.10166,0.10055,0.1013,52980838.0
2024-08-31 18:00:00,0.10131,0.10231,0.10091,0.10128,51435395.0
2024-09-01 00:00:00,0.10128,0.10153,0.0985,0.0987,68991285.0
2024-09-01 06:00:00,0.0987,0.09985,0.09861,0.09936,52001272.0
2024-09-01 12:00:00,0.09936,0.09944,0.0968,0.09742,161010934.0
2024-09-01 18:00:00,0.09741,0.09952,0.09388,0.09509,158541134.0
2024-09-02 00:00:00,0.09508,0.09606,0.0941,0.09525,132103154.0
2024-09-02 06:00:00,0.09526,0.09802,0.09409,0.0973,124095038.0
2024-09-02 12:00:00,0.0973,0.09797,0.0961,0.09785,84772866.0
2024-09-02 18:00:00,0.09786,0.09992,0.09725,0.09912,115513715.0
2024-09-03 00:00:00,0.09912,0.10081,0.09881,0.09968,97476096.0
2024-09-03 06:00:00,0.09968,0.09972,0.0986,0.09962,46933860.0
2024-09-03 12:00:00,0.09962,0.1005,0.09667,0.0979,142951371.0
2024-09-03 18:00:00,0.09791,0.09848,0.09639,0.09677,66557769.0
2024-09-04 00:00:00,0.09678,0.0975,0.09184,0.09473,296234391.0
2024-09-04 06:00:00,0.09474,0.09697,0.09474,0.09556,106002143.0
2024-09-04 12:00:00,0.09556,0.09951,0.09487,0.09829,214320199.0
2024-09-04 18:00:00,0.09829,0.09877,0.09751,0.098,41163388.0
2024-09-05 00:00:00,0.09799,0.09855,0.096,0.09686,66357571.0
2024-09-05 06:00:00,0.09687,0.09813,0.09618,0.09748,75981039.0
2024-09-05 12:00:00,0.09747,0.099,0.09651,0.0988,194743649.0
2024-09-05 18:00:00,0.09881,0.09917,0.09691,0.09842,70659852.0
2024-09-06 00:00:00,0.09842,0.09944,0.09804,0.09877,78333799.0
2024-09-06 06:00:00,0.09876,0.09897,0.09682,0.09688,129571119.0
2024-09-06 12:00:00,0.09689,0.09787,0.09041,0.09181,502937909.0
2024-09-06 18:00:00,0.09181,0.09258,0.08893,0.09254,308469058.0
2024-09-07 00:00:00,0.09255,0.09345,0.09175,0.09309,67284746.0
2024-09-07 06:00:00,0.09309,0.09492,0.09283,0.09449,145880374.0
2024-09-07 12:00:00,0.0945,0.0957,0.09413,0.09455,125704081.0
2024-09-07 18:00:00,0.09454,0.09552,0.09424,0.09539,97531742.0
2024-09-08 00:00:00,0.0954,0.09699,0.09494,0.09541,85445410.0
2024-09-08 06:00:00,0.0954,0.09645,0.09513,0.09574,65906483.0
2024-09-08 12:00:00,0.09575,0.09589,0.09383,0.09544,129092117.0
2024-09-08 18:00:00,0.09544,0.09697,0.09496,0.09616,96170247.0
2024-09-09 00:00:00,0.09616,0.09769,0.09571,0.09614,163557940.0
2024-09-09 06:00:00,0.09614,0.09888,0.09607,0.0979,114351486.0
2024-09-09 12:00:00,0.0979,0.10483,0.09694,0.1033,414445719.0
2024-09-09 18:00:00,0.10329,0.10495,0.10258,0.10376,204395395.0
2024-09-10 00:00:00,0.10375,0.1039,0.10208,0.10383,123706924.0
2024-09-10 06:00:00,0.10383,0.1046,0.10313,0.1037,96032002.0
2024-09-10 12:00:00,0.10368,0.10371,0.10153,0.10258,159828243.0
2024-09-10 18:00:00,0.10258,0.10351,0.10232,0.1028,72101423.0
2024-09-11 00:00:00,0.10279,0.10305,0.09913,0.09988,116055346.0
2024-09-11 06:00:00,0.09988,0.10107,0.09963,0.10057,102899077.0
2024-09-11 12:00:00,0.10056,0.10197,0.09785,0.10156,204419320.0
2024-09-11 18:00:00,0.10157,0.10209,0.101,0.10131,72774131.0
2024-09-12 00:00:00,0.10132,0.10315,0.10125,0.10263,110519138.0
2024-09-12 06:00:00,0.10264,0.10291,0.10157,0.10196,99006431.0
2024-09-12 12:00:00,0.10196,0.10282,0.10044,0.102,171358281.0
2024-09-12 18:00:00,0.102,0.10334,0.10159,0.10269,88843659.0
2024-09-13 00:00:00,0.10269,0.10429,0.10179,0.10318,134833912.0
2024-09-13 06:00:00,0.10318,0.10667,0.10269,0.10445,252500536.0
2024-09-13 12:00:00,0.10444,0.10857,0.10378,0.10676,362466009.0
2024-09-13 18:00:00,0.10676,0.10787,0.10618,0.10696,135531312.0
2024-09-14 00:00:00,0.10695,0.1077,0.10631,0.10631,239312470.0
2024-09-14 06:00:00,0.10631,0.10736,0.10484,0.10525,112238699.0
2024-09-14 12:00:00,0.10525,0.10645,0.10493,0.10511,172410539.0
2024-09-14 18:00:00,0.1051,0.10559,0.1043,0.1054,64876095.0
2024-09-15 00:00:00,0.1054,0.10637,0.10501,0.10508,99919193.0
2024-09-15 06:00:00,0.10508,0.10582,0.10438,0.10479,78523000.0
2024-09-15 12:00:00,0.10479,0.10642,0.10437,0.1054,115399137.0
2024-09-15 18:00:00,0.10539,0.10636,0.10212,0.10281,160423935.0
2024-09-16 00:00:00,0.1028,0.10324,0.09995,0.10192,173320823.0
2024-09-16 06:00:00,0.10192,0.10299,0.10143,0.10163,95312688.0
2024-09-16 12:00:00,0.10164,0.10188,0.09855,0.0999,193578987.0
2024-09-16 18:00:00,0.09991,0.1,0.09834,0.09964,81532302.0
2024-09-17 00:00:00,0.09965,0.10129,0.0987,0.10111,60730238.0
2024-09-17 06:00:00,0.1011,0.10134,0.10029,0.10059,70837826.0
2024-09-17 12:00:00,0.10058,0.10266,0.09958,0.10184,264934797.0
2024-09-17 18:00:00,0.10183,0.10212,0.10017,0.10112,92218440.0
2024-09-18 00:00:00,0.10111,0.10154,0.09982,0.10086,83508017.0
2024-09-18 06:00:00,0.10085,0.10177,0.09932,0.10023,92139747.0
2024-09-18 12:00:00,0.10022,0.10192,0.09945,0.10132,117537379.0
2024-09-18 18:00:00,0.1013,0.10388,0.09989,0.10385,256624476.0
2024-09-19 00:00:00,0.10384,0.10557,0.10343,0.10413,196797440.0
2024-09-19 06:00:00,0.10414,0.10486,0.10356,0.10444,132722662.0
2024-09-19 12:00:00,0.10445,0.10713,0.10423,0.10646,242776733.0
2024-09-19 18:00:00,0.10645,0.10687,0.10455,0.10499,103820051.0
2024-09-20 00:00:00,0.10498,0.10749,0.1036,0.10683,198667572.0
2024-09-20 06:00:00,0.10684,0.1072,0.10562,0.10594,160077685.0
2024-09-20 12:00:00,0.10593,0.10661,0.10397,0.10437,211742320.0
2024-09-20 18:00:00,0.10437,0.10587,0.10376,0.10555,63324257.0
2024-09-21 00:00:00,0.10555,0.10561,0.10404,0.1048,97995550.0
2024-09-21 06:00:00,0.1048,0.10654,0.10475,0.10621,104270276.0
2024-09-21 12:00:00,0.10622,0.10968,0.10591,0.10853,242543409.0
2024-09-21 18:00:00,0.10854,0.11049,0.10843,0.10993,99099756.0
2024-09-22 00:00:00,0.10994,0.10998,0.10756,0.10766,94854854.0
2024-09-22 06:00:00,0.10766,0.10824,0.10555,0.10661,118716592.0
2024-09-22 12:00:00,0.1066,0.10696,0.10514,0.10662,96340917.0
2024-09-22 18:00:00,0.10662,0.10707,0.10378,0.10633,122089080.0
2024-09-23 00:00:00,0.10632,0.10919,0.1041,0.10808,193563404.0
2024-09-23 06:00:00,0.10807,0.10828,0.10617,0.10665,175476737.0
2024-09-23 12:00:00,0.10665,0.1078,0.10598,0.1069,160675589.0
2024-09-23 18:00:00,0.10689,0.1085,0.1063,0.10807,116721920.0
2024-09-24 00:00:00,0.10807,0.10886,0.10676,0.10746,171354418.0
2024-09-24 06:00:00,0.10746,0.10944,0.10745,0.10917,142367318.0
2024-09-24 12:00:00,0.10918,0.11013,0.10687,0.10885,295974507.0
2024-09-24 18:00:00,0.10884,0.11066,0.10866,0.10979,138096410.0
2024-09-25 00:00:00,0.10977,0.11115,0.10941,0.10973,152469657.0
2024-09-25 06:00:00,0.10973,0.11048,0.10819,0.10981,162339860.0
2024-09-25 12:00:00,0.10981,0.11064,0.10848,0.10956,279388454.0
2024-09-25 18:00:00,0.10956,0.11055,0.10801,0.10849,128043634.0
2024-09-26 00:00:00,0.10851,0.11014,0.10698,0.10994,141330849.0
2024-09-26 06:00:00,0.10995,0.11527,0.10993,0.11367,579062665.0
2024-09-26 12:00:00,0.11367,0.1207,0.11335,0.11786,617581047.0
2024-09-26 18:00:00,0.11786,0.11872,0.1154,0.11818,301313776.0
2024-09-27 00:00:00,0.11817,0.12237,0.11698,0.12209,360967296.0
2024-09-27 06:00:00,0.1221,0.12599,0.122,0.12265,507355748.0
2024-09-27 12:00:00,0.12264,0.12873,0.12224,0.1239,649238004.0
2024-09-27 18:00:00,0.1239,0.12469,0.12306,0.12351,105622598.0
2024-09-28 00:00:00,0.12352,0.1268,0.12327,0.12431,213541745.0
2024-09-28 06:00:00,0.1243,0.12544,0.1201,0.12488,451472973.0
2024-09-28 12:00:00,0.12487,0.1321,0.12241,0.12944,795457763.0
2024-09-28 18:00:00,0.12944,0.13146,0.12726,0.12806,249409461.0
2024-09-29 00:00:00,0.12807,0.13044,0.127,0.12772,256421329.0
2024-09-29 06:00:00,0.12772,0.12811,0.12558,0.127,222403879.0
2024-09-29 12:00:00,0.12701,0.12727,0.12493,0.1268,274607300.0
2024-09-29 18:00:00,0.12679,0.12893,0.12435,0.12438,165685898.0
2024-09-30 00:00:00,0.12438,0.12466,0.12065,0.12319,324051874.0
2024-09-30 06:00:00,0.1232,0.12359,0.11913,0.12047,255745812.0
2024-09-30 12:00:00,0.12046,0.12115,0.11688,0.11811,275923439.0
2024-09-30 18:00:00,0.11812,0.11898,0.11325,0.11421,236132630.0
2024-10-01 00:00:00,0.11421,0.11845,0.1134,0.11787,243015372.0
2024-10-01 06:00:00,0.11787,0.11935,0.11778,0.11809,134965453.0
2024-10-01 12:00:00,0.11808,0.11854,0.1026,0.10786,975452593.0
2024-10-01 18:00:00,0.10786,0.10894,0.10386,0.10685,426303970.0
2024-10-02 00:00:00,0.10686,0.10889,0.10636,0.10773,193433077.0
2024-10-02 06:00:00,0.10773,0.10951,0.10541,0.10628,215562962.0
2024-10-02 12:00:00,0.1063,0.10771,0.10358,0.1058,324102332.0
2024-10-02 18:00:00,0.1058,0.10599,0.10223,0.10462,308386334.0
2024-10-03 00:00:00,0.10462,0.1068,0.10404,0.10525,161735117.0
2024-10-03 06:00:00,0.10525,0.10619,0.10108,0.10396,237541753.0
2024-10-03 12:00:00,0.10396,0.10557,0.10132,0.10371,476216293.0
2024-10-03 18:00:00,0.1037,0.1057,0.10346,0.10507,114663908.0
2024-10-04 00:00:00,0.10506,0.10834,0.10475,0.1083,165789582.0
2024-10-04 06:00:00,0.10829,0.10885,0.10715,0.10854,161178758.0
2024-10-04 12:00:00,0.10855,0.11034,0.10658,0.10869,356783894.0
2024-10-04 18:00:00,0.1087,0.11059,0.10853,0.10924,131216383.0
2024-10-05 00:00:00,0.10924,0.11025,0.10747,0.10912,119889647.0
2024-10-05 06:00:00,0.10911,0.11002,0.1085,0.10915,71019337.0
2024-10-05 12:00:00,0.10915,0.11024,0.10854,0.10916,119991252.0
2024-10-05 18:00:00,0.10916,0.10984,0.10763,0.1094,87563524.0
2024-10-06 00:00:00,0.10941,0.11008,0.10846,0.1087,74927927.0
2024-10-06 06:00:00,0.1087,0.10968,0.10839,0.10932,54745778.0
2024-10-06 12:00:00,0.10932,0.11291,0.10915,0.11098,251845526.0
2024-10-06 18:00:00,0.11098,0.11187,0.10966,0.11159,89229599.0
2024-10-07 00:00:00,0.11159,0.11547,0.11087,0.11365,253154008.0
2024-10-07 06:00:00,0.11366,0.11456,0.11045,0.11149,300734555.0
2024-10-07 12:00:00,0.11149,0.11471,0.11086,0.11245,289545711.0
2024-10-07 18:00:00,0.11244,0.11252,0.10823,0.10841,337912226.0
2024-10-08 00:00:00,0.10841,0.10986,0.10733,0.10793,183660254.0
2024-10-08 06:00:00,0.10793,0.10809,0.1063,0.10801,175954011.0
2024-10-08 12:00:00,0.10802,0.10847,0.10523,0.10711,243415429.0
2024-10-08 18:00:00,0.10712,0.1081,0.1062,0.10709,77761994.0
2024-10-09 00:00:00,0.10709,0.10968,0.10696,0.10943,139921084.0
2024-10-09 06:00:00,0.10944,0.11053,0.10841,0.11042,108423465.0
2024-10-09 12:00:00,0.11042,0.11153,0.10817,0.10998,370639446.0
2024-10-09 18:00:00,0.10997,0.11029,0.10608,0.10794,172810306.0
2024-10-10 00:00:00,0.10795,0.10865,0.107,0.10837,101846481.0
2024-10-10 06:00:00,0.10836,0.10842,0.10578,0.1073,144594816.0
2024-10-10 12:00:00,0.10729,0.10747,0.10375,0.10405,268630840.0
2024-10-10 18:00:00,0.10405,0.10635,0.10311,0.10603,198329215.0
2024-10-11 00:00:00,0.10603,0.10823,0.10566,0.10765,97414541.0
2024-10-11 06:00:00,0.10764,0.10889,0.10763,0.10855,75840756.0
2024-10-11 12:00:00,0.10855,0.11133,0.1081,0.11112,257039049.0
2024-10-11 18:00:00,0.11112,0.11144,0.11055,0.11077,165674703.0
2024-10-12 00:00:00,0.11077,0.11158,0.10933,0.11038,107516936.0
2024-10-12 06:00:00,0.11038,0.11219,0.11019,0.11135,107212208.0
2024-10-12 12:00:00,0.11135,0.1121,0.11067,0.11149,150692435.0
2024-10-12 18:00:00,0.1115,0.11195,0.11075,0.11138,50084669.0
2024-10-13 00:00:00,0.11138,0.11211,0.11043,0.11148,96882113.0
2024-10-13 06:00:00,0.11148,0.11208,0.11057,0.11063,114574391.0
2024-10-13 12:00:00,0.11063,0.11193,0.10864,0.10991,184047110.0
2024-10-13 18:00:00,0.10991,0.1118,0.10889,0.1114,83274194.0
2024-10-14 00:00:00,0.1114,0.11359,0.10931,0.11198,351541170.0
2024-10-14 06:00:00,0.11198,0.11373,0.11153,0.11298,211951146.0
2024-10-14 12:00:00,0.11298,0.11675,0.11254,0.11494,387395842.0
2024-10-14 18:00:00,0.11494,0.11771,0.11482,0.11669,301559210.0
2024-10-15 00:00:00,0.11669,0.11932,0.11552,0.11589,295874758.0
2024-10-15 06:00:00,0.1159,0.11672,0.11251,0.11289,249656352.0
2024-10-15 12:00:00,0.1129,0.11836,0.11016,0.11564,784387260.0
2024-10-15 18:00:00,0.11564,0.11784,0.11243,0.11748,305671855.0
2024-10-16 00:00:00,0.11748,0.11955,0.1158,0.1184,333679218.0
2024-10-16 06:00:00,0.11839,0.12847,0.11724,0.12594,1349512730.0
2024-10-16 12:00:00,0.12595,0.12826,0.12355,0.12708,952440508.0
2024-10-16 18:00:00,0.12707,0.12999,0.12525,0.12573,437775662.0
2024-10-17 00:00:00,0.12574,0.1267,0.1222,0.1227,331941645.0
2024-10-17 06:00:00,0.12272,0.12366,0.12101,0.12164,353165372.0
2024-10-17 12:00:00,0.12164,0.12388,0.12048,0.12297,417945035.0
2024-10-17 18:00:00,0.12299,0.131,0.1206,0.12967,818778216.0
2024-10-18 00:00:00,0.12967,0.13649,0.12952,0.13324,858162164.0
2024-10-18 06:00:00,0.13325,0.13645,0.13282,0.13341,546971269.0
2024-10-18 12:00:00,0.13341,0.14083,0.13248,0.13998,865432788.0
2024-10-18 18:00:00,0.13999,0.14011,0.13602,0.13716,304040163.0
2024-10-19 00:00:00,0.13718,0.147,0.13702,0.1442,785883379.0
2024-10-19 06:00:00,0.1442,0.14662,0.14209,0.1422,462681486.0
2024-10-19 12:00:00,0.14219,0.14685,0.13934,0.14002,482746212.0
2024-10-19 18:00:00,0.14003,0.14679,0.13931,0.14407,334443285.0
2024-10-20 00:00:00,0.14408,0.14573,0.14059,0.14096,317671663.0
2024-10-20 06:00:00,0.14097,0.14401,0.14071,0.14274,267521193.0
2024-10-20 12:00:00,0.14273,0.1429,0.13721,0.14045,662433072.0
2024-10-20 18:00:00,0.14044,0.14352,0.13965,0.14214,251343064.0
2024-10-21 00:00:00,0.14214,0.1491,0.14142,0.14838,671226633.0
2024-10-21 06:00:00,0.14835,0.14975,0.14393,0.14434,579479794.0
2024-10-21 12:00:00,0.14435,0.14508,0.13816,0.14283,718218388.0
2024-10-21 18:00:00,0.14284,0.14516,0.14126,0.14367,266831777.0
2024-10-22 00:00:00,0.14364,0.14849,0.14045,0.14597,484777119.0
2024-10-22 06:00:00,0.14597,0.14659,0.14143,0.14189,345272933.0
2024-10-22 12:00:00,0.14189,0.14261,0.1365,0.13894,622129909.0
2024-10-22 18:00:00,0.13895,0.14135,0.1389,0.1397,237788263.0
2024-10-23 00:00:00,0.1397,0.13993,0.13681,0.1385,214348046.0
2024-10-23 06:00:00,0.13851,0.14101,0.136,0.137,384026495.0
2024-10-23 12:00:00,0.137,0.14094,0.13449,0.13488,523065846.0
2024-10-23 18:00:00,0.13489,0.14024,0.13312,0.13997,326166015.0
2024-10-24 00:00:00,0.13998,0.14319,0.13909,0.13941,356295220.0
2024-10-24 06:00:00,0.1394,0.14006,0.1363,0.13896,236113082.0
2024-10-24 12:00:00,0.13896,0.1435,0.13871,0.14035,412797050.0
2024-10-24 18:00:00,0.14036,0.14384,0.1397,0.14188,206998750.0
2024-10-25 00:00:00,0.14189,0.14277,0.13838,0.14024,222587780.0
2024-10-25 06:00:00,0.14024,0.14028,0.13671,0.13912,332679338.0
2024-10-25 12:00:00,0.13912,0.1398,0.134,0.13423,420321933.0
2024-10-25 18:00:00,0.13423,0.13681,0.12779,0.13161,541015507.0
2024-10-26 00:00:00,0.13161,0.13458,0.13071,0.13398,288149763.0
2024-10-26 06:00:00,0.13396,0.13554,0.13372,0.13509,102984752.0
2024-10-26 12:00:00,0.13509,0.13822,0.13209,0.13744,253946044.0
2024-10-26 18:00:00,0.13744,0.13797,0.13574,0.13747,121354603.0
2024-10-27 00:00:00,0.13747,0.13872,0.13607,0.138,136991699.0
2024-10-27 06:00:00,0.13801,0.1386,0.13664,0.13734,132413879.0
2024-10-27 12:00:00,0.13735,0.14426,0.13735,0.14215,516267673.0
2024-10-27 18:00:00,0.14216,0.14631,0.14042,0.14426,312929683.0
2024-10-28 00:00:00,0.14427,0.14636,0.14115,0.14323,518680908.0
2024-10-28 06:00:00,0.14323,0.14699,0.14188,0.14565,392286092.0
2024-10-28 12:00:00,0.14565,0.15162,0.1451,0.15042,997066260.0
2024-10-28 18:00:00,0.15043,0.16261,0.1503,0.16146,1315828007.0
2024-10-29 00:00:00,0.16145,0.1691,0.16054,0.16495,1206575381.0
2024-10-29 06:00:00,0.16494,0.16749,0.16348,0.16662,455682634.0
2024-10-29 12:00:00,0.16663,0.1798,0.16459,0.17688,1234372793.0
2024-10-29 18:00:00,0.17687,0.17709,0.16824,0.17586,971358533.0
2024-10-30 00:00:00,0.17586,0.17789,0.17214,0.17672,580286187.0
2024-10-30 06:00:00,0.17671,0.17787,0.1671,0.16813,592889010.0
2024-10-30 12:00:00,0.16812,0.17143,0.16447,0.16737,666481687.0
2024-10-30 18:00:00,0.16738,0.17087,0.16639,0.16828,327758669.0
2024-10-31 00:00:00,0.16828,0.17303,0.16727,0.17189,412373185.0
2024-10-31 06:00:00,0.17192,0.17364,0.16877,0.17137,354313401.0
2024-10-31 12:00:00,0.17138,0.17217,0.16421,0.1663,656840158.0
2024-10-31 18:00:00,0.16631,0.16633,0.15646,0.16164,581682529.0
2024-11-01 00:00:00,0.16164,0.16442,0.15687,0.15966,464425170.0
2024-11-01 06:00:00,0.15967,0.16266,0.15415,0.16093,602771657.0
2024-11-01 12:00:00,0.16095,0.169,0.1582,0.16109,894207852.0
2024-11-01 18:00:00,0.1611,0.16186,0.15654,0.15916,378363895.0
2024-11-02 00:00:00,0.15917,0.16372,0.15907,0.16227,420232160.0
2024-11-02 06:00:00,0.16227,0.16287,0.15859,0.15944,230974659.0
2024-11-02 12:00:00,0.15943,0.1605,0.15546,0.15777,419975302.0
2024-11-02 18:00:00,0.15775,0.16029,0.1566,0.15955,193513083.0
2024-11-03 00:00:00,0.15955,0.15993,0.148,0.15042,623246263.0
2024-11-03 06:00:00,0.15041,0.15266,0.14775,0.14846,340169201.0
2024-11-03 12:00:00,0.14846,0.15022,0.14219,0.14661,751265525.0
2024-11-03 18:00:00,0.14661,0.15414,0.14389,0.15139,487458197.0
2024-11-04 00:00:00,0.15139,0.15477,0.14817,0.14971,352989395.0
2024-11-04 06:00:00,0.14971,0.15831,0.14956,0.15701,615337378.0
2024-11-04 12:00:00,0.15702,0.16034,0.15436,0.15719,897955408.0
2024-11-04 18:00:00,0.1572,0.16025,0.15174,0.15822,684223690.0
2024-11-05 00:00:00,0.15822,0.16657,0.15796,0.16508,791469864.0
2024-11-05 06:00:00,0.16508,0.17271,0.16508,0.17151,825050509.0
2024-11-05 12:00:00,0.17151,0.17956,0.1687,0.17599,1288517055.0
2024-11-05 18:00:00,0.176,0.17716,0.1653,0.16999,980851147.0
2024-11-06 00:00:00,0.16999,0.21936,0.16901,0.20686,4659334086.0
2024-11-06 06:00:00,0.20686,0.2116,0.18642,0.20226,3092602386.0
2024-11-06 12:00:00,0.20226,0.2056,0.187,0.1922,1828386504.0
2024-11-06 18:00:00,0.19222,0.19985,0.19199,0.19646,1091787589.0
2024-11-07 00:00:00,0.19646,0.20435,0.19185,0.19354,1347954306.0
2024-11-07 06:00:00,0.19354,0.1944,0.18854,0.19077,733088288.0
2024-11-07 12:00:00,0.19077,0.19585,0.18535,0.19476,977466731.0
2024-11-07 18:00:00,0.19475,0.19751,0.19001,0.19324,645730777.0
2024-11-08 00:00:00,0.19325,0.19937,0.1908,0.19937,752531306.0
2024-11-08 06:00:00,0.19936,0.202,0.1952,0.19661,764994255.0
2024-11-08 12:00:00,0.1966,0.20039,0.19052,0.19328,830442458.0
2024-11-08 18:00:00,0.19329,0.20699,0.19279,0.20197,885680848.0
2024-11-09 00:00:00,0.20197,0.20449,0.19737,0.20229,582786518.0
2024-11-09 06:00:00,0.2023,0.21269,0.20197,0.20737,1058699015.0
2024-11-09 12:00:00,0.20735,0.20831,0.20101,0.20697,798853807.0
2024-11-09 18:00:00,0.20697,0.22,0.20661,0.2189,1093954716.0
2024-11-10 00:00:00,0.21891,0.23275,0.21659,0.2267,1886849366.0
2024-11-10 06:00:00,0.22674,0.24359,0.22425,0.24216,1270932012.0
2024-11-10 12:00:00,0.24212,0.27873,0.23777,0.27183,2945631961.0
2024-11-10 18:00:00,0.27183,0.29784,0.24772,0.27778,4284459387.0
2024-11-11 00:00:00,0.27781,0.30341,0.27244,0.2775,2960795311.0
2024-11-11 06:00:00,0.2775,0.2955,0.275,0.29309,1856756418.0
2024-11-11 12:00:00,0.29305,0.32875,0.28259,0.32095,3363726837.0
2024-11-11 18:00:00,0.32096,0.3515,0.31213,0.35136,3035855946.1
2024-11-12 00:00:00,0.35135,0.422,0.327,0.39974,4483970260.8
2024-11-12 06:00:00,0.39974,0.43858,0.35,0.39573,5600146810.0
2024-11-12 12:00:00,0.39567,0.405,0.34006,0.37282,4816556422.0
2024-11-12 18:00:00,0.37284,0.3988,0.36705,0.37985,2292106342.0
2024-11-13 00:00:00,0.37995,0.416,0.35121,0.36217,3474882758.0
2024-11-13 06:00:00,0.36216,0.3947,0.35626,0.38849,2113488064.0
2024-11-13 12:00:00,0.38843,0.4341,0.37903,0.40536,4569193212.0
2024-11-13 18:00:00,0.40536,0.40737,0.37091,0.39903,2316943189.0
2024-11-14 00:00:00,0.39899,0.40079,0.37932,0.3943,1157092549.0
2024-11-14 06:00:00,0.3943,0.40851,0.38455,0.39599,1603242262.0
2024-11-14 12:00:00,0.39593,0.41672,0.37915,0.39525,2674325902.0
2024-11-14 18:00:00,0.39524,0.39806,0.35229,0.36254,1451024034.0
2024-11-15 00:00:00,0.36258,0.37662,0.35327,0.36556,1669701129.0
2024-11-15 06:00:00,0.36556,0.3782,0.36141,0.37346,1230723701.0
2024-11-15 12:00:00,0.37345,0.38163,0.35261,0.35744,1658289735.0
2024-11-15 18:00:00,0.35744,0.385,0.35432,0.3815,1443502275.0
2024-11-16 00:00:00,0.3815,0.38395,0.37206,0.37774,886338028.0
2024-11-16 06:00:00,0.37773,0.39148,0.37187,0.37582,1147497204.0
2024-11-16 12:00:00,0.37583,0.37745,0.36101,0.37237,985427973.0
2024-11-16 18:00:00,0.37237,0.375,0.35982,0.36421,519668596.0
2024-11-17 00:00:00,0.36421,0.36897,0.34,0.34979,1369709941.0
2024-11-17 06:00:00,0.34978,0.3758,0.34838,0.36024,955165615.0
2024-11-17 12:00:00,0.36024,0.37116,0.35723,0.36708,776239666.0
2024-11-17 18:00:00,0.36708,0.3678,0.3518,0.36704,679795016.0
2024-11-18 00:00:00,0.36704,0.37604,0.3609,0.36948,839631126.0
2024-11-18 06:00:00,0.36947,0.3808,0.36117,0.3629,1016356711.0
2024-11-18 12:00:00,0.36291,0.3803,0.3574,0.37405,1241502185.0
2024-11-18 18:00:00,0.37404,0.3801,0.3624,0.37113,913140814.0
2024-11-19 00:00:00,0.37113,0.39321,0.36601,0.3888,1286442777.0
2024-11-19 06:00:00,0.38881,0.39571,0.37873,0.3828,1057868520.0
2024-11-19 12:00:00,0.38281,0.406,0.38247,0.40149,1808279219.0
2024-11-19 18:00:00,0.40148,0.42,0.38,0.39067,2021438907.0
2024-11-20 00:00:00,0.39067,0.3912,0.376,0.38993,874195605.0
2024-11-20 06:00:00,0.38992,0.39591,0.38382,0.38921,774173955.0
2024-11-20 12:00:00,0.38922,0.39668,0.37046,0.37201,1400821097.0
2024-11-20 18:00:00,0.372,0.38162,0.36464,0.37778,688425865.0
2024-11-21 00:00:00,0.37778,0.39033,0.36883,0.38367,1284170265.0
2024-11-21 06:00:00,0.38367,0.38781,0.3789,0.38288,616335041.0
2024-11-21 12:00:00,0.38288,0.39564,0.37705,0.38792,1448686224.0
2024-11-21 18:00:00,0.38789,0.3909,0.38183,0.38664,593725155.0
2024-11-22 00:00:00,0.38664,0.40227,0.3808,0.39594,1325701049.0
2024-11-22 06:00:00,0.39594,0.39678,0.38481,0.39441,842727447.0
2024-11-22 12:00:00,0.39441,0.417,0.387,0.40538,2640923388.0
2024-11-22 18:00:00,0.40537,0.42043,0.3948,0.41277,1259395104.0
2024-11-23 00:00:00,0.41277,0.48,0.40404,0.46624,3075200828.3
2024-11-23 06:00:00,0.46625,0.4795,0.45325,0.46936,1717411853.0
2024-11-23 12:00:00,0.46936,0.4753,0.414,0.43158,2411913035.0
2024-11-23 18:00:00,0.43157,0.44313,0.41401,0.43015,1404176660.0
2024-11-24 00:00:00,0.43016,0.4536,0.42744,0.43508,1158189271.0
2024-11-24 06:00:00,0.43508,0.4405,0.4141,0.41481,931806785.0
2024-11-24 12:00:00,0.41482,0.422,0.39811,0.41121,2063760067.0
2024-11-24 18:00:00,0.41121,0.43695,0.41046,0.43023,778973747.0
2024-11-25 00:00:00,0.43026,0.43067,0.41144,0.42441,606295579.0
2024-11-25 06:00:00,0.42441,0.4377,0.42184,0.42508,809473635.0
2024-11-25 12:00:00,0.42507,0.42716,0.39602,0.40091,1596961840.0
2024-11-25 18:00:00,0.40092,0.40848,0.38085,0.39264,1136334495.0
2024-11-26 00:00:00,0.39263,0.40876,0.39033,0.40726,658732784.0
2024-11-26 06:00:00,0.40727,0.4088,0.365,0.37705,1337726313.0
2024-11-26 12:00:00,0.37704,0.39059,0.36785,0.38661,1256071966.0
2024-11-26 18:00:00,0.38661,0.38887,0.37021,0.38705,681683929.0
2024-11-27 00:00:00,0.38705,0.3945,0.38025,0.38895,690131975.0
2024-11-27 06:00:00,0.38896,0.39956,0.38845,0.3905,714827878.0
2024-11-27 12:00:00,0.3905,0.4053,0.38525,0.40205,999369970.0
2024-11-27 18:00:00,0.40205,0.40777,0.39951,0.40093,526522014.0
2024-11-28 00:00:00,0.40093,0.42877,0.39691,0.40693,1089589795.0
2024-11-28 06:00:00,0.40692,0.40751,0.3946,0.40176,624928399.0
2024-11-28 12:00:00,0.40176,0.40483,0.39111,0.39597,634207158.0
2024-11-28 18:00:00,0.39598,0.40411,0.39578,0.4016,276211482.0
2024-11-29 00:00:00,0.4016,0.40823,0.39945,0.40432,381243448.0
2024-11-29 06:00:00,0.40432,0.4158,0.40014,0.41344,590920328.0
2024-11-29 12:00:00,0.41345,0.42566,0.4094,0.42051,1176400375.0
2024-11-29 18:00:00,0.42051,0.43744,0.42051,0.42636,939948081.0
2024-11-30 00:00:00,0.42635,0.42892,0.41378,0.42887,612703457.0
2024-11-30 06:00:00,0.42888,0.43569,0.41864,0.42223,936600115.0
2024-11-30 12:00:00,0.42223,0.42897,0.41727,0.42495,440457807.0
2024-11-30 18:00:00,0.42496,0.42988,0.42045,0.4216,303455833.0
2024-12-01 00:00:00,0.4216,0.437,0.41622,0.42632,992272000.0
2024-12-01 06:00:00,0.42631,0.431,0.42035,0.42475,411623447.0
2024-12-01 12:00:00,0.42475,0.44353,0.4213,0.43571,995838416.0
2024-12-01 18:00:00,0.43571,0.44977,0.42574,0.44045,1014346700.0
2024-12-02 00:00:00,0.44045,0.46357,0.43335,0.439,1615979817.0
2024-12-02 06:00:00,0.43899,0.44014,0.4003,0.40865,1698704263.0
2024-12-02 12:00:00,0.40864,0.43868,0.40714,0.41074,1732381093.0
2024-12-02 18:00:00,0.4108,0.42727,0.41035,0.42457,614177452.0
2024-12-03 00:00:00,0.42457,0.42966,0.41477,0.42245,596606353.0
2024-12-03 06:00:00,0.42245,0.42912,0.41079,0.41849,937242413.0
2024-12-03 12:00:00,0.41848,0.41855,0.388,0.40763,2097834278.0
2024-12-03 18:00:00,0.40764,0.41713,0.40176,0.40632,666188366.0
2024-12-04 00:00:00,0.40632,0.4208,0.40632,0.41906,721891159.0
2024-12-04 06:00:00,0.41906,0.42344,0.41577,0.41689,597016761.0
2024-12-04 12:00:00,0.41689,0.41825,0.4,0.40822,973908741.0
2024-12-04 18:00:00,0.40823,0.43656,0.40792,0.43274,1426597367.0
2024-12-05 00:00:00,0.43274,0.4655,0.40675,0.447,2802338855.0
2024-12-05 06:00:00,0.447,0.44894,0.4311,0.44601,1228585564.0
2024-12-05 12:00:00,0.44601,0.45727,0.43272,0.44379,1336301613.0
2024-12-05 18:00:00,0.44382,0.44593,0.41363,0.42682,1060959925.0
2024-12-06 00:00:00,0.42683,0.43994,0.42152,0.43522,656522248.0
2024-12-06 06:00:00,0.43522,0.4412,0.42303,0.42758,696268017.0
2024-12-06 12:00:00,0.42758,0.43969,0.41976,0.43672,953598179.0
2024-12-06 18:00:00,0.43672,0.44147,0.43193,0.43467,429937313.0
2024-12-07 00:00:00,0.43468,0.4406,0.43057,0.43174,350481990.0
2024-12-07 06:00:00,0.43173,0.45399,0.4312,0.44985,1222090928.0
2024-12-07 12:00:00,0.44985,0.46,0.44214,0.45761,1037539640.0
2024-12-07 18:00:00,0.45761,0.46625,0.45156,0.45281,872094718.0
2024-12-08 00:00:00,0.45283,0.48434,0.44943,0.46738,1373695119.4
2024-12-08 06:00:00,0.46739,0.47062,0.446,0.45964,892771210.0
2024-12-08 12:00:00,0.45964,0.46849,0.4541,0.46557,772508488.0
2024-12-08 18:00:00,0.46557,0.46774,0.45871,0.46635,376685717.0
2024-12-09 00:00:00,0.46635,0.46739,0.44493,0.45281,739245026.0
2024-12-09 06:00:00,0.45282,0.45282,0.42686,0.42939,1338468433.0
2024-12-09 12:00:00,0.42939,0.44855,0.42526,0.43288,1212920190.0
2024-12-09 18:00:00,0.43288,0.43745,0.38,0.41403,2293460153.0
2024-12-10 00:00:00,0.41403,0.42302,0.3867,0.40653,1454679571.0
2024-12-10 06:00:00,0.40652,0.41582,0.40396,0.40949,721037827.0
2024-12-10 12:00:00,0.40949,0.41077,0.36676,0.36697,2205297470.0
2024-12-10 18:00:00,0.36698,0.39926,0.36537,0.39392,936165633.0
2024-12-11 00:00:00,0.39391,0.39853,0.3751,0.39157,822562778.0
2024-12-11 06:00:00,0.39156,0.40524,0.38629,0.4021,714675108.0
2024-12-11 12:00:00,0.4021,0.41909,0.40046,0.40598,1119697450.0
2024-12-11 18:00:00,0.40599,0.41887,0.40538,0.41402,325387975.0
2024-12-12 00:00:00,0.41402,0.42495,0.40691,0.41858,739855451.0
2024-12-12 06:00:00,0.41858,0.41992,0.40797,0.41063,563309840.0
2024-12-12 12:00:00,0.41063,0.4187,0.40776,0.41544,770200484.0
2024-12-12 18:00:00,0.41543,0.41649,0.40116,0.40611,471386969.0
2024-12-13 00:00:00,0.40611,0.40983,0.39906,0.40678,390587193.0
2024-12-13 06:00:00,0.40678,0.40829,0.39948,0.40341,311792169.0
2024-12-13 12:00:00,0.40341,0.41228,0.4001,0.40946,530747234.0
2024-12-13 18:00:00,0.40945,0.40952,0.40075,0.40901,327091252.0
2024-12-14 00:00:00,0.40901,0.414,0.40582,0.40933,239107404.0
2024-12-14 06:00:00,0.40934,0.412,0.40438,0.40591,210502898.0
2024-12-14 12:00:00,0.4059,0.40654,0.3902,0.3917,554033901.0
2024-12-14 18:00:00,0.3917,0.4001,0.38734,0.39828,402797946.0
2024-12-15 00:00:00,0.39827,0.40241,0.39428,0.39929,270398441.0
2024-12-15 06:00:00,0.39929,0.401,0.3924,0.40054,258228886.0
2024-12-15 12:00:00,0.40055,0.40535,0.39935,0.40307,254494516.0
2024-12-15 18:00:00,0.40306,0.41131,0.39714,0.40659,310079015.0
2024-12-16 00:00:00,0.40659,0.415,0.40293,0.40574,391337244.0
2024-12-16 06:00:00,0.40572,0.40665,0.39239,0.39345,342290529.0
2024-12-16 12:00:00,0.39345,0.41392,0.39253,0.40904,594508984.0
2024-12-16 18:00:00,0.40904,0.41252,0.4001,0.40195,308872165.0
2024-12-17 00:00:00,0.40195,0.4037,0.39552,0.40041,320797074.0
2024-12-17 06:00:00,0.4004,0.40737,0.39571,0.4042,308776092.0
2024-12-17 12:00:00,0.4042,0.41032,0.3957,0.40281,580884487.0
2024-12-17 18:00:00,0.4028,0.40378,0.39104,0.39415,276356427.0
2024-12-18 00:00:00,0.39415,0.39639,0.38037,0.38429,618118403.0
2024-12-18 06:00:00,0.38429,0.39012,0.37777,0.38963,375831733.0
2024-12-18 12:00:00,0.38962,0.39032,0.37982,0.38648,397732796.0
2024-12-18 18:00:00,0.38648,0.39016,0.35105,0.35824,1386894545.0
2024-12-19 00:00:00,0.35825,0.36452,0.34036,0.36299,947475330.0
2024-12-19 06:00:00,0.36299,0.36734,0.35758,0.36622,356810874.0
2024-12-19 12:00:00,0.36623,0.36723,0.31502,0.32416,1302517568.0
2024-12-19 18:00:00,0.32427,0.32611,0.30001,0.31431,2938104864.0
2024-12-20 00:00:00,0.31431,0.32907,0.30956,0.31525,844772222.0
2024-12-20 06:00:00,0.31525,0.32246,0.26216,0.26639,2959186669.0
2024-12-20 12:00:00,0.26639,0.3164,0.26509,0.31278,2304005113.0
2024-12-20 18:00:00,0.31278,0.3212,0.30547,0.31793,791079979.0
2024-12-21 00:00:00,0.31792,0.3425,0.3149,0.34185,871533783.0
2024-12-21 06:00:00,0.34185,0.35,0.3321,0.33672,1125836774.0
2024-12-21 12:00:00,0.33673,0.33682,0.31395,0.32528,1159113103.0
2024-12-21 18:00:00,0.32529,0.32675,0.315,0.32042,590925998.0
2024-12-22 00:00:00,0.32042,0.32368,0.30552,0.31025,617036570.0
2024-12-22 06:00:00,0.31025,0.3246,0.30989,0.32137,471644175.0
2024-12-22 12:00:00,0.32137,0.32391,0.30916,0.31803,588811279.0
2024-12-22 18:00:00,0.31804,0.32164,0.3051,0.31262,514224563.0
2024-12-23 00:00:00,0.31263,0.32246,0.3028,0.31594,693813526.0
2024-12-23 06:00:00,0.31593,0.31898,0.30888,0.31461,359982533.0
2024-12-23 12:00:00,0.31461,0.31766,0.30357,0.31116,617233025.0
2024-12-23 18:00:00,0.31116,0.32882,0.30938,0.32497,459330604.0
2024-12-24 00:00:00,0.32497,0.32497,0.3162,0.32436,294097129.0
2024-12-24 06:00:00,0.32435,0.32449,0.31764,0.3217,235758290.0
2024-12-24 12:00:00,0.32169,0.34053,0.31925,0.33525,642820120.0
2024-12-24 18:00:00,0.33525,0.33906,0.32772,0.3371,295779397.0
2024-12-25 00:00:00,0.3371,0.34,0.33129,0.33371,275743865.0
2024-12-25 06:00:00,0.33372,0.34221,0.33,0.33075,370594050.0
2024-12-25 12:00:00,0.33075,0.33409,0.32549,0.3302,330373584.0
2024-12-25 18:00:00,0.3302,0.33529,0.329,0.33433,199431043.0
2024-12-26 00:00:00,0.33434,0.338,0.3238,0.32657,267599078.0
2024-12-26 06:00:00,0.32657,0.32683,0.31398,0.31769,378181028.0
2024-12-26 12:00:00,0.31769,0.31867,0.31014,0.31312,306368386.0
2024-12-26 18:00:00,0.31312,0.31513,0.30837,0.31274,190902588.0
2024-12-27 00:00:00,0.31274,0.31695,0.31011,0.31452,195761226.0
2024-12-27 06:00:00,0.31452,0.32488,0.30873,0.32177,354565246.0
2024-12-27 12:00:00,0.32177,0.32214,0.30914,0.31485,352094170.0
2024-12-27 18:00:00,0.31484,0.3156,0.30988,0.31186,108255358.0
2024-12-28 00:00:00,0.31187,0.31622,0.31133,0.31565,128106883.0
2024-12-28 06:00:00,0.31565,0.31851,0.3145,0.31763,142271424.0
2024-12-28 12:00:00,0.31762,0.32452,0.31634,0.32289,242384457.0
2024-12-28 18:00:00,0.32289,0.32758,0.32077,0.32439,113504694.0
2024-12-29 00:00:00,0.32439,0.32646,0.32107,0.32599,144951404.0
2024-12-29 06:00:00,0.326,0.3297,0.32538,0.32563,155589120.0
2024-12-29 12:00:00,0.32565,0.32656,0.31508,0.31632,321865370.0
2024-12-29 18:00:00,0.31632,0.31726,0.31192,0.31435,216436622.0
2024-12-30 00:00:00,0.31435,0.32302,0.31316,0.3176,339145039.0
2024-12-30 06:00:00,0.31757,0.32292,0.31754,0.32091,209825116.0
2024-12-30 12:00:00,0.32091,0.32326,0.30666,0.31761,465742327.0
2024-12-30 18:00:00,0.31761,0.32271,0.31023,0.31396,227579948.0
2024-12-31 00:00:00,0.31396,0.3152,0.3093,0.31072,174014487.0
2024-12-31 06:00:00,0.31071,0.32157,0.30991,0.31983,270726509.0
2024-12-31 12:00:00,0.31983,0.3291,0.31518,0.31925,431198322.0
2024-12-31 18:00:00,0.31925,0.32045,0.31517,0.316,148245094.0
2025-01-01 00:00:00,0.316,0.3215,0.3156,0.31775,136339986.0
2025-01-01 06:00:00,0.31774,0.31861,0.31195,0.31623,165118313.0
2025-01-01 12:00:00,0.31623,0.32089,0.316,0.32008,180149690.0
2025-01-01 18:00:00,0.32009,0.32749,0.31902,0.32513,223829165.0
2025-01-02 00:00:00,0.32513,0.33888,0.3246,0.33168,497475216.0
2025-01-02 06:00:00,0.33168,0.345,0.32937,0.3422,493693471.0
2025-01-02 12:00:00,0.3422,0.3442,0.33379,0.33749,451493824.0
2025-01-02 18:00:00,0.33748,0.3404,0.33476,0.33893,122011822.0
2025-01-03 00:00:00,0.33894,0.34288,0.33599,0.33936,167564470.0
2025-01-03 06:00:00,0.33937,0.34968,0.33599,0.34885,305788654.0
2025-01-03 12:00:00,0.34886,0.38149,0.34793,0.37554,1198134269.0
2025-01-03 18:00:00,0.37554,0.38944,0.37439,0.37989,480642644.0
2025-01-04 00:00:00,0.37989,0.39516,0.37716,0.38914,728547326.0
2025-01-04 06:00:00,0.38914,0.39178,0.383,0.39167,366008914.0
2025-01-04 12:00:00,0.39167,0.39488,0.37642,0.38477,449936415.0
2025-01-04 18:00:00,0.38478,0.39876,0.38169,0.39483,313284612.0
2025-01-05 00:00:00,0.39482,0.39788,0.38783,0.3895,258209055.0
2025-01-05 06:00:00,0.38951,0.39194,0.38119,0.38226,293126243.0
2025-01-05 12:00:00,0.38226,0.38555,0.37516,0.381,337041483.0
2025-01-05 18:00:00,0.38099,0.38506,0.37801,0.3823,170414085.0
2025-01-06 00:00:00,0.38231,0.38966,0.376,0.38678,285424038.0
2025-01-06 06:00:00,0.38678,0.38846,0.37973,0.38677,264444281.0
2025-01-06 12:00:00,0.38677,0.39555,0.38196,0.38772,455608593.0
2025-01-06 18:00:00,0.38772,0.39106,0.38525,0.38782,116356364.0
2025-01-07 00:00:00,0.38782,0.39831,0.38596,0.39048,313626148.0
2025-01-07 06:00:00,0.39047,0.3972,0.38222,0.38512,360535678.0
2025-01-07 12:00:00,0.38512,0.38808,0.35684,0.3631,1163922484.0
2025-01-07 18:00:00,0.36309,0.36508,0.34713,0.348,701327461.0
2025-01-08 00:00:00,0.348,0.35558,0.34512,0.34898,455103657.0
2025-01-08 06:00:00,0.34898,0.35232,0.33899,0.34671,492353555.0
2025-01-08 12:00:00,0.34671,0.35355,0.32444,0.33419,805037220.0
2025-01-08 18:00:00,0.33418,0.34499,0.33311,0.3423,374231767.0
2025-01-09 00:00:00,0.3423,0.34686,0.33722,0.3386,248364200.0
2025-01-09 06:00:00,0.33859,0.33984,0.32575,0.33019,404799016.0
2025-01-09 12:00:00,0.3302,0.33579,0.31755,0.32059,817868745.0
2025-01-09 18:00:00,0.32059,0.32468,0.3143,0.321,389711942.0
2025-01-10 00:00:00,0.32099,0.33181,0.32091,0.32932,233700283.0
2025-01-10 06:00:00,0.32931,0.33952,0.32873,0.33614,323883601.0
2025-01-10 12:00:00,0.33615,0.33983,0.32177,0.338,714927636.0
2025-01-10 18:00:00,0.33799,0.33847,0.33131,0.33388,216126654.0
2025-01-11 00:00:00,0.33388,0.3352,0.32956,0.33274,106723714.0
2025-01-11 06:00:00,0.33275,0.33968,0.33047,0.33776,147079371.0
2025-01-11 12:00:00,0.33775,0.3385,0.33283,0.33522,131847321.0
2025-01-11 18:00:00,0.33522,0.34817,0.33453,0.3412,219070445.0
2025-01-12 00:00:00,0.3412,0.34355,0.33753,0.34141,156006132.0
2025-01-12 06:00:00,0.34141,0.34192,0.3342,0.33619,166893979.0
2025-01-12 12:00:00,0.33619,0.34245,0.33516,0.34061,193011347.0
2025-01-12 18:00:00,0.34061,0.34199,0.33168,0.33591,132654101.0
2025-01-13 00:00:00,0.33591,0.34628,0.32777,0.32965,295937074.0
2025-01-13 06:00:00,0.32966,0.33129,0.31502,0.31529,503272148.0
2025-01-13 12:00:00,0.31529,0.32857,0.30969,0.32101,699435163.0
2025-01-13 18:00:00,0.321,0.33905,0.3186,0.33807,283977090.0
2025-01-14 00:00:00,0.33808,0.34628,0.33585,0.34226,470459204.0
2025-01-14 06:00:00,0.34227,0.35565,0.34143,0.34897,448985889.0
2025-01-14 12:00:00,0.34897,0.35745,0.345,0.35678,462346549.0
2025-01-14 18:00:00,0.35677,0.3622,0.3518,0.35591,247490408.0
2025-01-15 00:00:00,0.35591,0.36536,0.35443,0.36094,376806970.0
2025-01-15 06:00:00,0.36094,0.36353,0.34884,0.35201,365676669.0
2025-01-15 12:00:00,0.352,0.37808,0.3483,0.36854,896030558.0
2025-01-15 18:00:00,0.36855,0.38777,0.36855,0.38537,365707791.0
2025-01-16 00:00:00,0.38537,0.38777,0.37336,0.37617,368929121.0
2025-01-16 06:00:00,0.37617,0.38078,0.36761,0.37762,421092309.0
2025-01-16 12:00:00,0.37761,0.38986,0.36818,0.38806,909011000.0
2025-01-16 18:00:00,0.38807,0.39021,0.37425,0.37649,299483840.0
2025-01-17 00:00:00,0.37649,0.38952,0.37549,0.38633,343133813.0
2025-01-17 06:00:00,0.38633,0.41929,0.38502,0.41137,1160660294.0
2025-01-17 12:00:00,0.41137,0.42215,0.4035,0.41104,839263444.0
2025-01-17 18:00:00,0.41103,0.4186,0.40865,0.41525,395434518.0
2025-01-18 00:00:00,0.41525,0.43408,0.38355,0.38764,1365482883.0
2025-01-18 06:00:00,0.38764,0.40329,0.38736,0.39986,859112250.0
2025-01-18 12:00:00,0.39987,0.40474,0.38788,0.38878,811681657.0
2025-01-18 18:00:00,0.38877,0.39877,0.3865,0.39641,384904377.0
2025-01-19 00:00:00,0.39641,0.40998,0.38816,0.39791,632262310.0
2025-01-19 06:00:00,0.39792,0.40184,0.35883,0.36289,1615303465.0
2025-01-19 12:00:00,0.36289,0.39585,0.36265,0.39354,1027998638.0
2025-01-19 18:00:00,0.39355,0.39969,0.34684,0.3584,1568352974.0
2025-01-20 00:00:00,0.35839,0.36884,0.34486,0.36377,1105487389.0
2025-01-20 06:00:00,0.36378,0.38663,0.36264,0.38261,943717879.0
2025-01-20 12:00:00,0.38262,0.385,0.345,0.35582,1415857403.0
2025-01-20 18:00:00,0.35586,0.36537,0.34798,0.35456,543354237.0
2025-01-21 00:00:00,0.35456,0.35669,0.33572,0.33863,720828504.0
2025-01-21 06:00:00,0.33864,0.40382,0.33641,0.38474,1886015239.0
2025-01-21 12:00:00,0.38474,0.39455,0.365,0.38339,1531646019.0
2025-01-21 18:00:00,0.3834,0.38666,0.3682,0.37177,489474373.0
2025-01-22 00:00:00,0.37178,0.3738,0.36679,0.36774,271761432.0
2025-01-22 06:00:00,0.36774,0.36918,0.35874,0.36672,372268586.0
2025-01-22 12:00:00,0.36673,0.36816,0.3574,0.36308,367316924.0
2025-01-22 18:00:00,0.36308,0.37355,0.35506,0.36291,419609515.0
2025-01-23 00:00:00,0.36291,0.36457,0.34826,0.35241,308094630.0
2025-01-23 06:00:00,0.3524,0.35567,0.3465,0.34859,202261199.0
2025-01-23 12:00:00,0.34859,0.36,0.34425,0.35451,490081959.0
2025-01-23 18:00:00,0.35452,0.35874,0.34143,0.35206,388313011.0
2025-01-24 00:00:00,0.35207,0.3575,0.34278,0.35733,263038308.0
2025-01-24 06:00:00,0.35733,0.36471,0.3557,0.36278,259856759.0
2025-01-24 12:00:00,0.36279,0.36362,0.35687,0.36027,244025488.0
2025-01-24 18:00:00,0.36026,0.3611,0.34882,0.35085,141537042.0
2025-01-25 00:00:00,0.35086,0.35406,0.34547,0.34995,174442341.0
2025-01-25 06:00:00,0.34995,0.35109,0.34543,0.35046,102536810.0
2025-01-25 12:00:00,0.35046,0.36165,0.34866,0.35496,306344903.0
2025-01-25 18:00:00,0.35495,0.35994,0.35329,0.35352,113657462.0
2025-01-26 00:00:00,0.35351,0.35743,0.35174,0.35417,94813671.0
2025-01-26 06:00:00,0.3542,0.35542,0.3489,0.35181,102397949.0
2025-01-26 12:00:00,0.35181,0.3534,0.34989,0.35296,77906086.0
2025-01-26 18:00:00,0.35296,0.35412,0.335,0.33605,268559064.0
2025-01-27 00:00:00,0.33604,0.33714,0.3188,0.32186,784934103.0
2025-01-27 06:00:00,0.32187,0.32295,0.3051,0.31197,873639390.0
2025-01-27 12:00:00,0.31196,0.32997,0.31044,0.32064,569880749.0
2025-01-27 18:00:00,0.32064,0.33553,0.31727,0.33397,239552275.0
2025-01-28 00:00:00,0.33398,0.33914,0.32931,0.33682,217593915.0
2025-01-28 06:00:00,0.33682,0.33692,0.33212,0.33353,158460598.0
2025-01-28 12:00:00,0.33354,0.33729,0.32611,0.32823,298940139.0
2025-01-28 18:00:00,0.32822,0.32988,0.315,0.31871,260065748.0
2025-01-29 00:00:00,0.31872,0.32939,0.31822,0.3277,138727060.0
2025-01-29 06:00:00,0.3277,0.33375,0.32515,0.32767,160536204.0
2025-01-29 12:00:00,0.32767,0.329,0.3218,0.32506,159996146.0
2025-01-29 18:00:00,0.32507,0.33488,0.3167,0.32404,468055587.0
2025-01-30 00:00:00,0.32405,0.33372,0.32201,0.33224,148848375.0
2025-01-30 06:00:00,0.33224,0.33342,0.32934,0.33231,105895514.0
2025-01-30 12:00:00,0.33232,0.33881,0.32989,0.33391,243702226.0
2025-01-30 18:00:00,0.3339,0.3353,0.33047,0.33153,113962653.0
2025-01-31 00:00:00,0.33154,0.33262,0.32564,0.32811,121586693.0
2025-01-31 06:00:00,0.32811,0.33211,0.32608,0.3313,110276776.0
2025-01-31 12:00:00,0.3313,0.34177,0.33055,0.33301,394106632.0
2025-01-31 18:00:00,0.33302,0.33432,0.32346,0.3289,214286000.0
2025-02-01 00:00:00,0.3289,0.33227,0.3267,0.32896,93991682.0
2025-02-01 06:00:00,0.32897,0.32897,0.32024,0.32544,163561385.0
2025-02-01 12:00:00,0.32543,0.32627,0.31947,0.32227,145150842.0
2025-02-01 18:00:00,0.32227,0.32254,0.30328,0.30792,502277890.0
2025-02-02 00:00:00,0.30793,0.31487,0.29708,0.3039,427416633.0
2025-02-02 06:00:00,0.3039,0.30636,0.28848,0.2914,562940109.0
2025-02-02 12:00:00,0.2914,0.2992,0.26822,0.2729,1116202819.0
2025-02-02 18:00:00,0.27291,0.27897,0.25001,0.26808,1583661129.0
2025-02-03 00:00:00,0.26809,0.26842,0.20178,0.23728,3473434811.0
2025-02-03 06:00:00,0.23728,0.26182,0.23406,0.25405,1180781167.0
2025-02-03 12:00:00,0.25405,0.27349,0.24045,0.27109,1676153475.0
2025-02-03 18:00:00,0.27108,0.29295,0.26901,0.28485,855568318.0
2025-02-04 00:00:00,0.28484,0.289,0.25601,0.26044,1010447962.0
2025-02-04 06:00:00,0.26045,0.27271,0.25766,0.26771,585613218.0
2025-02-04 12:00:00,0.26771,0.276,0.26222,0.26939,665996364.0
2025-02-04 18:00:00,0.26939,0.2765,0.25525,0.26345,585975530.0
2025-02-05 00:00:00,0.26346,0.26778,0.26076,0.26699,207964260.0
2025-02-05 06:00:00,0.26698,0.26832,0.2632,0.26795,180718457.0
2025-02-05 12:00:00,0.26795,0.26914,0.25436,0.25631,349396462.0
2025-02-05 18:00:00,0.25631,0.26061,0.25333,0.25619,227472183.0
2025-02-06 00:00:00,0.25617,0.26316,0.25492,0.2622,150901145.0
2025-02-06 06:00:00,0.2622,0.26596,0.25975,0.26267,177280451.0
2025-02-06 12:00:00,0.26267,0.2633,0.2456,0.24872,557497583.0
2025-02-06 18:00:00,0.24871,0.25083,0.24274,0.24789,294708492.0
2025-02-07 00:00:00,0.24788,0.2543,0.24746,0.25098,154053705.0
2025-02-07 06:00:00,0.25099,0.25555,0.246,0.25555,320870152.0
2025-02-07 12:00:00,0.25554,0.26178,0.24861,0.25066,551550346.0
2025-02-07 18:00:00,0.25065,0.25457,0.23866,0.24651,282373131.0
2025-02-08 00:00:00,0.24652,0.24999,0.24447,0.24581,213568032.0
2025-02-08 06:00:00,0.24581,0.2492,0.24458,0.24823,123991683.0
2025-02-08 12:00:00,0.24823,0.25365,0.24673,0.25255,191847305.0
2025-02-08 18:00:00,0.25255,0.25417,0.25061,0.25288,90416643.0
2025-02-09 00:00:00,0.25287,0.26,0.25196,0.25693,162418558.0
2025-02-09 06:00:00,0.25694,0.2581,0.25388,0.25399,163710391.0
2025-02-09 12:00:00,0.25399,0.25529,0.24866,0.25143,201852025.0
2025-02-09 18:00:00,0.25143,0.25266,0.23975,0.2489,286573652.0
2025-02-10 00:00:00,0.2489,0.25355,0.24158,0.25015,279018518.0
2025-02-10 06:00:00,0.25016,0.25349,0.24885,0.25135,157632585.0
2025-02-10 12:00:00,0.25135,0.25545,0.24871,0.25375,217228770.0
2025-02-10 18:00:00,0.25374,0.25647,0.25242,0.25542,112808377.0
2025-02-11 00:00:00,0.25541,0.26749,0.25504,0.26688,293740485.0
2025-02-11 06:00:00,0.26687,0.27034,0.26373,0.2652,260890014.0
2025-02-11 12:00:00,0.26521,0.26544,0.25389,0.25518,278801768.0
2025-02-11 18:00:00,0.25517,0.25645,0.24839,0.25305,245223629.0
2025-02-12 00:00:00,0.25305,0.25446,0.25114,0.25224,23221604.0
