timestamp,open,high,low,close,volume
1547632800,0.5355,0.5355,0.4836,0.4869,468751.14
1547647200,0.4869,0.52,0.4668,0.5043,462305.82
1547661600,0.5043,0.52,0.4944,0.5117,254253.0
1547676000,0.5117,0.5117,0.4701,0.48,402481.61
1547690400,0.48,0.485,0.4639,0.4711,237979.73
1547704800,0.4711,0.4877,0.4711,0.4736,109066.47
1547719200,0.4736,0.4862,0.4703,0.4807,71561.54
1547733600,0.4807,0.4953,0.473,0.4745,258507.09
1547748000,0.4745,0.4837,0.4706,0.4751,448603.55
1547762400,0.4751,0.4776,0.4718,0.4734,71732.75
1547776800,0.4734,0.4757,0.4601,0.4692,157434.29
1547791200,0.4692,0.4764,0.4653,0.4653,56203.69
1547805600,0.4653,0.48,0.4634,0.4678,125937.01
1547820000,0.4678,0.4739,0.4635,0.4658,53795.37
1547834400,0.4658,0.4959,0.4653,0.4953,293764.04
1547848800,0.4953,0.5112,0.4814,0.4834,357181.3
1547863200,0.4834,0.4937,0.4786,0.4872,64973.5
1547877600,0.4872,0.4906,0.4673,0.4744,158913.81
1547892000,0.4744,0.5,0.4724,0.4839,266381.86
1547906400,0.4839,0.4852,0.476,0.4805,89886.07
1547920800,0.4805,0.4851,0.4768,0.4808,51128.14
1547935200,0.4808,0.4851,0.4783,0.4849,29933.87
1547949600,0.4849,0.4849,0.4785,0.4824,22671.33
1547964000,0.4824,0.4909,0.4808,0.4879,47806.8
1547978400,0.4879,0.4879,0.459,0.4635,246572.81
1547992800,0.4635,0.492,0.4597,0.4851,230503.58
1548007200,0.4851,0.4875,0.4735,0.4792,77825.3
1548021600,0.4792,0.4933,0.4764,0.478,95975.95
1548036000,0.478,0.4933,0.465,0.4702,91074.88
1548050400,0.4702,0.4844,0.4693,0.4818,45892.84
1548064800,0.4818,0.489,0.4785,0.4831,49896.04
1548079200,0.4831,0.5125,0.473,0.5058,324239.26
1548093600,0.5058,0.5198,0.4998,0.5,241223.77
1548108000,0.5,0.5099,0.4939,0.5099,119949.81
1548122400,0.5099,0.5132,0.501,0.5084,124395.15
1548136800,0.5084,0.523,0.5056,0.5217,188561.94
1548151200,0.5217,0.5444,0.5124,0.5341,358336.04
1548165600,0.5341,0.5656,0.5341,0.5456,616224.44
1548180000,0.5456,0.56,0.5323,0.5323,352310.69
1548194400,0.5323,0.5463,0.5323,0.5463,162299.81
1548208800,0.5463,0.5475,0.5136,0.5293,291080.34
1548223200,0.5293,0.5325,0.4901,0.5076,347967.84
1548237600,0.5076,0.517,0.5076,0.514,278406.17
1548252000,0.514,0.5334,0.505,0.5248,347104.13
1548266400,0.5248,0.5253,0.4976,0.5012,425219.31
1548280800,0.5012,0.5084,0.4969,0.4987,146476.08
1548295200,0.4987,0.5042,0.4518,0.485,635476.39
1548309600,0.485,0.4968,0.4772,0.4796,332270.71
1548324000,0.4796,0.5,0.479,0.4923,142782.02
1548338400,0.4923,0.4941,0.4797,0.4848,111092.17
1548352800,0.4848,0.4967,0.4841,0.4911,169493.28
1548367200,0.4911,0.5157,0.4911,0.5038,178611.39
1548381600,0.5038,0.5129,0.4993,0.5044,97018.45
1548396000,0.5044,0.513,0.4975,0.5055,95842.72
1548410400,0.5055,0.5065,0.474,0.48,342531.87
1548424800,0.48,0.49,0.4751,0.477,218117.1
1548439200,0.477,0.4881,0.4712,0.4781,214028.3
1548453600,0.4781,0.4803,0.4717,0.4753,89293.8
1548468000,0.4753,0.4812,0.4732,0.481,62274.38
1548482400,0.481,0.4884,0.4791,0.483,156017.32
1548496800,0.483,0.4831,0.4785,0.4807,79983.27
1548511200,0.4807,0.4807,0.4624,0.4657,295260.94
1548525600,0.4657,0.475,0.4624,0.4656,211076.36
1548540000,0.4656,0.4697,0.4461,0.451,360550.24
1548554400,0.451,0.455,0.4355,0.4431,595423.44
1548568800,0.4431,0.4472,0.4348,0.4407,245038.44
1548583200,0.4407,0.4449,0.4288,0.4294,367787.06
1548597600,0.4294,0.4387,0.4229,0.4346,483344.28
1548612000,0.4346,0.435,0.4273,0.433,181403.12
1548626400,0.433,0.433,0.4078,0.4081,288163.71
1548640800,0.4081,0.4104,0.3829,0.3842,564668.21
1548655200,0.3842,0.406,0.3782,0.3958,531280.31
1548669600,0.3958,0.3973,0.3589,0.3664,959417.93
1548684000,0.3664,0.391,0.3504,0.3887,891546.76
1548698400,0.3887,0.4,0.3772,0.3881,505183.12
1548712800,0.3881,0.4415,0.3881,0.4262,793418.59
1548727200,0.4262,0.4389,0.4061,0.4147,779033.77
1548741600,0.4147,0.4343,0.408,0.4185,485093.42
1548756000,0.4185,0.4343,0.4114,0.4287,419993.22
1548770400,0.4287,0.455,0.412,0.4449,1626963.96
1548784800,0.4449,0.4638,0.4304,0.4411,1177237.69
1548799200,0.4411,0.455,0.413,0.43,675065.53
1548813600,0.43,0.4393,0.4269,0.4278,293268.91
1548828000,0.4278,0.4371,0.423,0.4254,192812.73
1548842400,0.4254,0.4382,0.4215,0.4268,409744.66
1548856800,0.4268,0.4274,0.4171,0.4232,374369.66
1548871200,0.4232,0.4361,0.417,0.4292,300324.57
1548885600,0.4292,0.441,0.4221,0.4279,344188.79
1548900000,0.4279,0.429,0.4209,0.4262,133795.33
1548914400,0.4262,0.4275,0.4088,0.4105,291437.51
1548928800,0.4105,0.4108,0.391,0.3952,321335.22
1548943200,0.3952,0.4155,0.3952,0.4067,391417.18
1548957600,0.4067,0.4088,0.3811,0.389,495952.34
1548972000,0.389,0.39,0.38,0.3824,239590.87
1548986400,0.3824,0.4,0.3806,0.3938,436855.32
1549000800,0.3938,0.404,0.3889,0.4015,171490.08
1549015200,0.4015,0.4135,0.4002,0.4041,125418.81
1549029600,0.4041,0.4048,0.3958,0.3988,132669.66
1549044000,0.3988,0.43,0.3988,0.418,770261.3
1549058400,0.418,0.433,0.412,0.4199,369425.2
1549072800,0.4199,0.4251,0.4113,0.4167,99304.46
1549087200,0.4167,0.4216,0.4105,0.4122,122683.75
1549101600,0.4122,0.4142,0.4072,0.4102,62085.71
1549116000,0.4102,0.4102,0.3985,0.4042,150952.01
1549130400,0.4042,0.4138,0.403,0.4087,103325.74
1549144800,0.4087,0.4187,0.405,0.4098,160238.13
1549159200,0.4098,0.4127,0.4059,0.4072,66669.96
1549173600,0.4072,0.4095,0.4026,0.403,56528.02
1549188000,0.403,0.4067,0.3963,0.3986,164647.5
1549202400,0.3986,0.402,0.3916,0.3964,369904.17
1549216800,0.3964,0.402,0.386,0.3954,254796.07
1549231200,0.3954,0.4,0.3871,0.3909,194974.06
1549245600,0.3909,0.398,0.3867,0.3909,81990.15
1549260000,0.3909,0.399,0.3868,0.3913,97904.11
1549274400,0.3913,0.4006,0.3912,0.3978,176459.68
1549288800,0.3978,0.4125,0.397,0.401,608061.6
1549303200,0.401,0.4092,0.3946,0.3967,221382.49
1549317600,0.3967,0.3999,0.3918,0.395,159823.98
1549332000,0.395,0.4025,0.3902,0.3936,95839.54
1549346400,0.3936,0.403,0.391,0.3931,195799.74
1549360800,0.3931,0.4033,0.391,0.3999,134815.11
1549375200,0.3999,0.4269,0.3976,0.412,378903.72
1549389600,0.412,0.4327,0.407,0.4227,361715.73
1549404000,0.4227,0.4296,0.3978,0.4075,467683.97
1549418400,0.4075,0.4139,0.399,0.4014,249559.76
1549432800,0.4014,0.412,0.3982,0.4007,128299.88
1549447200,0.4007,0.4078,0.3965,0.3981,215462.68
1549461600,0.3981,0.4101,0.3915,0.4013,207317.64
1549476000,0.4013,0.4033,0.3928,0.3999,134205.37
1549490400,0.3999,0.4025,0.3926,0.3926,128505.51
1549504800,0.3926,0.3998,0.3913,0.3985,130814.24
1549519200,0.3985,0.405,0.396,0.3995,86100.5
1549533600,0.3995,0.4064,0.3984,0.3987,86272.41
1549548000,0.3987,0.4064,0.3987,0.4033,65054.01
1549562400,0.4033,0.4065,0.4,0.4012,47346.77
1549576800,0.4012,0.419,0.3985,0.41,129251.66
1549591200,0.41,0.4187,0.4075,0.4156,196954.3
1549605600,0.4156,0.4268,0.4121,0.4169,277257.13
1549620000,0.4169,0.4238,0.4148,0.4208,232621.62
1549634400,0.4208,0.4269,0.4173,0.425,182340.26
1549641600,0.425,0.45,0.4222,0.4447,841104.98
1549656000,0.4447,0.4447,0.4238,0.4383,181056.56
1549670400,0.4383,0.4394,0.4316,0.4348,95956.47
1549684800,0.4348,0.4412,0.431,0.4393,104973.17
1549699200,0.4393,0.4493,0.4393,0.4446,134984.49
1549713600,0.4446,0.4844,0.4446,0.4813,377080.93
1549728000,0.4813,0.4813,0.4601,0.4604,498019.6
1549742400,0.4604,0.4799,0.4603,0.4612,173801.29
1549756800,0.4612,0.4702,0.4563,0.4577,192661.71
1549771200,0.4577,0.48,0.4543,0.466,322635.28
1549785600,0.466,0.4725,0.4628,0.4684,158550.72
1549800000,0.4684,0.4704,0.4623,0.4697,93884.52
1549814400,0.4697,0.4697,0.4496,0.4527,611781.5
1549828800,0.4527,0.4548,0.4325,0.4499,621336.82
1549843200,0.4499,0.4515,0.43,0.4365,374281.41
1549857600,0.4365,0.45,0.4365,0.4451,114819.71
1549872000,0.4451,0.4513,0.4403,0.4441,131936.71
1549886400,0.4441,0.4442,0.4218,0.4242,498893.5
1549900800,0.4242,0.435,0.42,0.4308,366667.24
1549915200,0.4308,0.435,0.4243,0.4289,93598.82
1549929600,0.4289,0.4316,0.418,0.4281,214181.63
1549944000,0.4281,0.4327,0.427,0.4284,90728.21
1549958400,0.4284,0.4295,0.4176,0.4235,139262.36
1549972800,0.4235,0.431,0.4204,0.4241,171518.43
1549987200,0.4241,0.4374,0.4235,0.4257,223138.47
1550001600,0.4257,0.432,0.4195,0.4277,102474.48
1550016000,0.4277,0.4295,0.4223,0.4282,75535.0
1550030400,0.4282,0.4291,0.42,0.425,150357.01
1550044800,0.425,0.4255,0.42,0.4225,80161.35
1550059200,0.4225,0.425,0.4183,0.4209,113522.52
1550073600,0.4209,0.4289,0.4191,0.4284,138500.97
1550088000,0.4284,0.4454,0.427,0.4411,377300.53
1550102400,0.4411,0.4439,0.4309,0.4346,182395.91
1550116800,0.4346,0.44,0.4304,0.44,81935.48
1550131200,0.44,0.4442,0.4313,0.4342,216286.4
1550145600,0.4342,0.4402,0.4203,0.4315,250889.06
1550160000,0.4315,0.4342,0.4248,0.4286,101233.22
1550174400,0.4286,0.4298,0.4212,0.4259,109313.37
1550188800,0.4259,0.4283,0.4222,0.427,38669.44
1550203200,0.427,0.4299,0.4263,0.4273,60612.45
1550217600,0.4273,0.4309,0.425,0.4285,60900.7
1550232000,0.4285,0.4344,0.424,0.4254,149977.62
1550246400,0.4254,0.45,0.4254,0.429,120911.45
1550260800,0.429,0.4432,0.4271,0.4342,181180.14
1550275200,0.4342,0.4425,0.4342,0.436,79853.93
1550289600,0.436,0.4385,0.4251,0.4364,153992.86
1550304000,0.4364,0.4396,0.4344,0.4377,47175.07
1550318400,0.4377,0.4464,0.4358,0.4434,113246.64
1550332800,0.4434,0.4453,0.438,0.439,24942.82
1550347200,0.439,0.4398,0.4346,0.4398,46280.26
1550361600,0.4398,0.4398,0.4317,0.4352,76384.76
1550376000,0.4352,0.4385,0.4326,0.4385,46592.84
1550390400,0.4385,0.4499,0.4376,0.4484,103006.01
1550404800,0.4484,0.4494,0.4371,0.4401,122537.33
1550419200,0.4401,0.4505,0.4377,0.4491,114596.75
1550433600,0.4491,0.4797,0.4491,0.4604,1153392.03
1550448000,0.4604,0.4696,0.4534,0.4554,193428.65
1550462400,0.4554,0.48,0.4543,0.4707,191280.76
1550476800,0.4707,0.4735,0.4624,0.4643,292108.8
1550491200,0.4643,0.4786,0.4629,0.4773,271985.41
1550505600,0.4773,0.4823,0.4703,0.4731,188793.27
1550520000,0.4731,0.4787,0.47,0.471,292657.89
1550534400,0.471,0.4788,0.47,0.4737,138140.33
1550548800,0.4737,0.4737,0.4644,0.4706,261948.69
1550563200,0.4706,0.4777,0.4686,0.4749,296933.78
1550577600,0.4749,0.4766,0.4562,0.4653,483404.31
1550592000,0.4653,0.4708,0.4622,0.4646,146621.11
1550606400,0.4646,0.4789,0.452,0.4598,220954.22
1550620800,0.4598,0.4614,0.45,0.4583,159273.3
1550635200,0.4583,0.4597,0.4457,0.4503,183785.79
1550649600,0.4503,0.472,0.4432,0.4697,385045.54
1550664000,0.4697,0.4748,0.4613,0.4636,417609.79
1550678400,0.4636,0.47,0.4623,0.4672,116617.22
1550692800,0.4672,0.4682,0.4613,0.4618,96454.64
1550707200,0.4618,0.4622,0.4578,0.4604,69994.35
1550721600,0.4604,0.4738,0.4575,0.4695,297800.89
1550736000,0.4695,0.475,0.4577,0.4578,280984.93
1550750400,0.4578,0.4578,0.438,0.4453,607135.52
1550764800,0.4453,0.4472,0.4412,0.447,100223.8
1550779200,0.447,0.448,0.439,0.4438,87075.49
1550793600,0.4438,0.45,0.4406,0.4435,110343.77
1550808000,0.4435,0.4457,0.44,0.4409,114015.08
1550822400,0.4409,0.465,0.44,0.4528,178845.63
1550836800,0.4528,0.4575,0.45,0.4503,128463.07
1550851200,0.4503,0.4509,0.4446,0.4487,81315.53
1550865600,0.4487,0.4499,0.4445,0.4479,87540.69
1550880000,0.4479,0.4487,0.4444,0.4455,55720.72
1550894400,0.4455,0.4514,0.4437,0.45,64104.27
1550908800,0.45,0.4527,0.4477,0.45,81070.07
1550923200,0.45,0.4534,0.445,0.445,133084.9
1550937600,0.445,0.4608,0.445,0.4571,374934.5
1550952000,0.4571,0.464,0.456,0.4585,216615.18
1550966400,0.4585,0.4644,0.4563,0.4579,183935.2
1550980800,0.4579,0.4622,0.4568,0.4596,141521.87
1550995200,0.4596,0.4631,0.4559,0.4572,209982.17
1551009600,0.4572,0.4594,0.4042,0.4042,696744.38
1551024000,0.4042,0.42,0.3975,0.4065,552038.77
1551038400,0.4065,0.4132,0.4019,0.405,369970.86
1551052800,0.405,0.4081,0.4007,0.4068,136177.89
1551067200,0.4068,0.4189,0.4057,0.4187,174272.41
1551081600,0.4187,0.4332,0.4161,0.419,285201.63
1551096000,0.419,0.4584,0.4149,0.4566,324865.58
1551110400,0.4566,0.465,0.4428,0.4511,517911.25
1551124800,0.4511,0.4749,0.4421,0.4723,346927.45
1551139200,0.4723,0.474,0.4513,0.4529,658780.01
1551153600,0.4529,0.4609,0.4362,0.4399,253634.71
1551168000,0.4399,0.446,0.43,0.4401,341365.01
1551182400,0.4401,0.4428,0.4333,0.4384,235882.89
1551196800,0.4384,0.4408,0.4338,0.437,129840.23
1551211200,0.437,0.437,0.4311,0.4341,156023.82
1551225600,0.4341,0.4345,0.4259,0.4312,215201.74
1551240000,0.4312,0.4394,0.4312,0.4356,84808.74
1551254400,0.4356,0.4409,0.434,0.4395,82278.7
1551268800,0.4395,0.4412,0.4295,0.4334,93528.61
1551283200,0.4334,0.4357,0.4312,0.4326,50381.89
1551297600,0.4326,0.4334,0.4145,0.4274,328012.77
1551312000,0.4274,0.4342,0.4244,0.4296,173216.74
1551326400,0.4296,0.4318,0.4253,0.4282,37046.24
1551340800,0.4282,0.4294,0.4166,0.4224,280238.97
1551355200,0.4224,0.45,0.4211,0.435,344739.47
1551369600,0.435,0.438,0.4223,0.4248,135069.33
1551384000,0.4248,0.4288,0.4227,0.4244,89657.38
1551398400,0.4244,0.4287,0.4219,0.4251,92563.54
1551412800,0.4251,0.431,0.4226,0.4251,55343.66
1551427200,0.4251,0.4289,0.4203,0.4229,131810.42
1551441600,0.4229,0.4255,0.4206,0.4245,38376.01
1551456000,0.4245,0.4363,0.4245,0.4326,133597.88
1551470400,0.4326,0.4386,0.4276,0.4285,108999.3
1551484800,0.4285,0.4351,0.4266,0.4345,51451.91
1551499200,0.4345,0.4372,0.4224,0.4226,43914.84
1551513600,0.4226,0.4279,0.4173,0.4256,110027.85
1551528000,0.4256,0.4274,0.421,0.421,74986.65
1551542400,0.421,0.4223,0.4174,0.4217,39807.56
1551556800,0.4217,0.4242,0.4191,0.4221,11381.19
1551571200,0.4221,0.428,0.4212,0.428,39260.45
1551585600,0.428,0.429,0.4222,0.4263,29292.1
1551600000,0.4263,0.4292,0.4238,0.4245,42156.58
1551614400,0.4245,0.4287,0.4191,0.4191,36408.47
1551628800,0.4191,0.4275,0.419,0.4233,53358.46
1551643200,0.4233,0.4264,0.4177,0.4205,24953.89
1551657600,0.4205,0.4228,0.4129,0.4142,125360.47
1551672000,0.4142,0.4162,0.4033,0.4054,214740.99
1551686400,0.4054,0.4074,0.3929,0.3998,160912.74
1551700800,0.3998,0.4083,0.3985,0.4083,53308.29
1551715200,0.4083,0.4255,0.4066,0.4084,246578.1
1551729600,0.4084,0.4109,0.4008,0.4036,145481.6
1551744000,0.4036,0.4082,0.4023,0.4082,125937.5
1551758400,0.4082,0.428,0.4058,0.4175,254805.81
1551772800,0.4175,0.4219,0.4129,0.4164,137057.89
1551787200,0.4164,0.4343,0.4108,0.4144,726965.27
1551801600,0.4144,0.4202,0.4144,0.4198,207835.82
1551816000,0.4198,0.4291,0.4168,0.4291,233577.61
1551830400,0.4291,0.4307,0.4191,0.421,168975.31
1551844800,0.421,0.4309,0.4186,0.4274,66247.8
1551859200,0.4274,0.4315,0.4222,0.4242,104727.75
1551873600,0.4242,0.4275,0.4227,0.4264,139125.96
1551888000,0.4264,0.4325,0.4233,0.4312,108239.46
1551902400,0.4312,0.4385,0.4267,0.4296,129011.87
1551916800,0.4296,0.4352,0.4268,0.4344,104456.3
1551931200,0.4344,0.4344,0.4256,0.4298,150797.07
1551945600,0.4298,0.4335,0.4269,0.4302,68004.8
1551960000,0.4302,0.4434,0.428,0.4377,135490.4
1551974400,0.4377,0.4766,0.4353,0.4652,702704.41
1551988800,0.4652,0.4691,0.45,0.4521,337311.05
1552003200,0.4521,0.495,0.4519,0.4878,917669.28
1552017600,0.4878,0.5107,0.47,0.4851,1237901.57
1552032000,0.4851,0.4913,0.4709,0.4794,215728.39
1552046400,0.4794,0.495,0.4763,0.4943,223010.05
1552060800,0.4943,0.4943,0.475,0.4841,162297.24
1552075200,0.4841,0.4993,0.4555,0.4611,491674.3
1552089600,0.4611,0.4659,0.4524,0.4581,337970.79
1552104000,0.4581,0.4803,0.4562,0.4765,195013.47
1552118400,0.4765,0.4783,0.4653,0.466,181686.4
1552132800,0.466,0.4747,0.4631,0.4659,279584.78
1552147200,0.4659,0.47,0.459,0.4682,170171.25
1552161600,0.4682,0.4824,0.4624,0.4746,217259.74
1552176000,0.4746,0.505,0.4681,0.471,267423.96
1552190400,0.471,0.495,0.4685,0.4699,310609.39
1552204800,0.4699,0.5034,0.4685,0.4902,345448.48
1552219200,0.4902,0.5292,0.4876,0.5278,576510.85
1552233600,0.5278,0.546,0.4959,0.5033,1102045.15
1552248000,0.5033,0.5185,0.4964,0.4981,285954.03
1552262400,0.4981,0.5148,0.4928,0.4941,325817.97
1552276800,0.4941,0.5181,0.4881,0.4949,511387.04
1552291200,0.4949,0.4949,0.4755,0.4783,542987.32
1552305600,0.4783,0.489,0.4382,0.4859,831756.91
1552320000,0.4859,0.4873,0.4601,0.4608,216119.47
1552334400,0.4608,0.4745,0.46,0.4629,204985.5
1552348800,0.4629,0.4851,0.4503,0.4669,737554.35
1552363200,0.4669,0.4669,0.4669,0.4669,0.0
1552377600,0.4669,0.5079,0.4669,0.4964,505293.59
1552392000,0.4964,0.5039,0.49,0.4903,280896.09
1552406400,0.4903,0.496,0.4805,0.4856,381830.34
1552420800,0.4856,0.495,0.4835,0.4876,199608.3
1552435200,0.4876,0.488,0.4742,0.4822,275259.2
1552449600,0.4822,0.4868,0.474,0.4815,111180.13
1552464000,0.4815,0.4858,0.4672,0.4699,319290.52
1552478400,0.4699,0.4861,0.4671,0.4755,212489.89
1552492800,0.4755,0.481,0.4706,0.4785,140003.02
1552507200,0.4785,0.4842,0.469,0.4805,205133.92
1552521600,0.4805,0.498,0.4744,0.4906,454431.52
1552536000,0.4906,0.4916,0.4798,0.4798,128795.27
1552550400,0.4798,0.4862,0.4722,0.4799,161357.67
1552564800,0.4799,0.4994,0.4739,0.485,437328.31
1552579200,0.485,0.495,0.4836,0.4882,337164.09
1552593600,0.4882,0.4936,0.4844,0.4871,201715.54
1552608000,0.4871,0.496,0.485,0.4894,138914.49
1552622400,0.4894,0.4915,0.4851,0.4893,72692.28
1552636800,0.4893,0.4924,0.4865,0.492,63929.77
1552651200,0.492,0.492,0.4836,0.488,128429.71
1552665600,0.488,0.4903,0.4831,0.4899,112020.59
1552680000,0.4899,0.4909,0.4838,0.4858,61906.22
1552694400,0.4858,0.496,0.4801,0.4835,425189.85
1552708800,0.4835,0.4912,0.4681,0.48,823405.76
1552723200,0.48,0.4848,0.4779,0.4823,151770.14
1552737600,0.4823,0.4841,0.4734,0.4828,199146.54
1552752000,0.4828,0.4847,0.4782,0.4815,100322.26
1552766400,0.4815,0.482,0.4767,0.4819,68679.96
1552780800,0.4819,0.4887,0.4702,0.4738,802761.73
1552795200,0.4738,0.4833,0.4705,0.475,328026.51
1552809600,0.475,0.4819,0.4744,0.4772,89375.53
1552824000,0.4772,0.48,0.4736,0.4793,57062.71
1552838400,0.4793,0.4835,0.4766,0.4802,44175.04
1552852800,0.4802,0.4809,0.4765,0.4785,30725.21
1552867200,0.4785,0.4833,0.4775,0.4784,100232.95
1552881600,0.4784,0.4808,0.4712,0.4721,135168.54
1552896000,0.4721,0.4769,0.47,0.4731,251922.34
1552910400,0.4731,0.4756,0.4679,0.4699,178614.77
1552924800,0.4699,0.4747,0.467,0.4747,125429.06
1552939200,0.4747,0.477,0.4729,0.4757,100458.43
1552953600,0.4757,0.4775,0.4713,0.4713,57053.66
1552968000,0.4713,0.4751,0.4701,0.4717,72168.37
1552982400,0.4717,0.4736,0.47,0.4724,62058.3
1552996800,0.4724,0.4757,0.4648,0.4702,196979.48
1553011200,0.4702,0.476,0.4702,0.4753,63685.08
1553025600,0.4753,0.48,0.4717,0.477,78789.7
1553040000,0.477,0.484,0.4757,0.4839,188277.02
1553054400,0.4839,0.4899,0.482,0.4852,122488.05
1553068800,0.4852,0.4863,0.4757,0.479,146519.46
1553083200,0.479,0.4839,0.4737,0.4783,119857.67
1553097600,0.4783,0.4824,0.4756,0.4804,68180.96
1553112000,0.4804,0.4836,0.4786,0.4807,50823.12
1553126400,0.4807,0.4842,0.4769,0.4784,97641.78
1553140800,0.4784,0.48,0.475,0.4781,66265.11
1553155200,0.4781,0.4815,0.475,0.4786,83177.25
1553169600,0.4786,0.4816,0.4342,0.4536,508658.69
1553184000,0.4536,0.477,0.4486,0.4629,190351.83
1553198400,0.4629,0.4699,0.4548,0.4548,97897.14
1553212800,0.4548,0.4602,0.4496,0.4516,261361.23
1553227200,0.4516,0.4539,0.447,0.4474,192685.72
1553241600,0.4474,0.4549,0.4474,0.4515,159746.01
1553256000,0.4515,0.4641,0.4502,0.458,129158.09
1553270400,0.458,0.4655,0.4565,0.462,55041.16
1553284800,0.462,0.4646,0.4587,0.4646,65585.12
1553299200,0.4646,0.4646,0.4592,0.4606,37790.29
1553313600,0.4606,0.4625,0.4573,0.4616,82491.54
1553328000,0.4616,0.4623,0.4577,0.4599,64497.63
1553342400,0.4599,0.461,0.4545,0.4578,137573.93
1553356800,0.4578,0.4582,0.4556,0.4569,20946.63
1553371200,0.4569,0.4609,0.4555,0.4608,63449.64
1553385600,0.4608,0.4621,0.4545,0.4556,71503.75
1553400000,0.4556,0.458,0.4499,0.4514,104210.07
1553414400,0.4514,0.4567,0.4485,0.4517,183745.01
1553428800,0.4517,0.4586,0.4486,0.4579,114293.31
1553443200,0.4579,0.4599,0.4536,0.4562,57527.76
1553457600,0.4562,0.4566,0.45,0.4531,102893.85
1553472000,0.4531,0.4552,0.45,0.4519,42999.27
1553486400,0.4519,0.4553,0.4474,0.4505,99101.09
1553500800,0.4505,0.4528,0.4472,0.4514,75146.41
1553515200,0.4514,0.4574,0.4461,0.4504,92417.35
1553529600,0.4504,0.4687,0.441,0.4575,672363.14
1553544000,0.4575,0.4949,0.4552,0.4734,1459490.73
1553558400,0.4734,0.485,0.4657,0.4672,279173.41
1553572800,0.4672,0.4688,0.4608,0.4649,114614.78
1553587200,0.4649,0.4836,0.4612,0.4645,304119.67
1553601600,0.4645,0.4679,0.448,0.4561,280452.13
1553616000,0.4561,0.4605,0.4527,0.4573,94077.64
1553630400,0.4573,0.4606,0.452,0.4605,57284.57
1553644800,0.4605,0.4696,0.4556,0.4659,122277.43
1553659200,0.4659,0.4687,0.463,0.4643,84425.52
1553673600,0.4643,0.4768,0.4626,0.4725,114754.44
1553688000,0.4725,0.4784,0.4672,0.4756,192388.87
1553702400,0.4756,0.4918,0.4741,0.485,385407.04
1553716800,0.485,0.4997,0.483,0.4946,453483.04
1553731200,0.4946,0.5089,0.4904,0.5043,473906.83
1553745600,0.5043,0.5043,0.4847,0.4881,199291.1
1553760000,0.4881,0.494,0.4846,0.4886,184385.8
1553774400,0.4886,0.5075,0.4872,0.502,256061.68
1553788800,0.502,0.5196,0.4983,0.4997,210459.92
1553803200,0.4997,0.5059,0.4969,0.4992,119771.5
1553817600,0.4992,0.501,0.4916,0.4958,178729.91
1553832000,0.4958,0.5004,0.4902,0.5001,117363.83
1553846400,0.5001,0.5042,0.4934,0.4958,125215.74
1553860800,0.4958,0.5002,0.4887,0.4969,210358.44
1553875200,0.4969,0.5013,0.4932,0.4932,176437.35
1553889600,0.4932,0.5019,0.492,0.5008,69698.65
1553904000,0.5008,0.5034,0.4938,0.4938,241679.68
1553918400,0.4938,0.4938,0.4858,0.4901,163706.02
1553932800,0.4901,0.4934,0.486,0.4876,47196.01
1553947200,0.4876,0.4952,0.4869,0.493,52636.05
1553961600,0.493,0.4946,0.4867,0.4915,118124.38
1553976000,0.4915,0.4969,0.4902,0.494,51664.99
1553990400,0.494,0.5004,0.4868,0.4953,170745.94
1554004800,0.4953,0.5099,0.4944,0.5015,225149.63
1554019200,0.5015,0.541,0.5007,0.5293,1001163.89
1554033600,0.5293,0.5348,0.5166,0.517,305538.87
1554048000,0.517,0.5199,0.5056,0.5171,233914.76
1554062400,0.5171,0.5204,0.5052,0.5084,110500.24
1554076800,0.5084,0.5154,0.5007,0.5154,267071.12
1554091200,0.5154,0.5224,0.5076,0.51,139389.21
1554105600,0.51,0.5176,0.5089,0.5121,144161.28
1554120000,0.5121,0.5245,0.5121,0.522,139298.98
1554134400,0.522,0.563,0.522,0.5373,871916.57
1554148800,0.5373,0.562,0.5276,0.554,726786.8
1554163200,0.554,0.559,0.5398,0.5399,372228.56
1554177600,0.5399,0.5933,0.5326,0.5898,1781105.58
1554192000,0.5898,0.6,0.5671,0.5777,663916.49
1554206400,0.5777,0.5892,0.5734,0.5874,598129.95
1554220800,0.5874,0.5885,0.5737,0.5794,234357.02
1554235200,0.5794,0.5861,0.5734,0.5811,432211.24
1554249600,0.5811,0.6073,0.5749,0.5993,1075026.34
1554264000,0.5993,0.6019,0.575,0.5903,625049.94
1554278400,0.5903,0.5911,0.5771,0.5896,328828.33
1554292800,0.5896,0.5977,0.582,0.5908,292182.95
1554307200,0.5908,0.6034,0.5734,0.5898,889784.58
1554321600,0.5898,0.599,0.517,0.562,1224620.07
1554336000,0.562,0.571,0.547,0.5527,630342.8
1554350400,0.5527,0.5799,0.5522,0.5705,144743.21
1554364800,0.5705,0.5819,0.5618,0.564,187377.42
1554379200,0.564,0.5839,0.5633,0.577,206026.58
1554393600,0.577,0.579,0.53,0.5319,560941.41
1554408000,0.5319,0.544,0.5195,0.5396,358604.3
1554422400,0.5396,0.5491,0.539,0.5467,108745.69
1554436800,0.5467,0.5538,0.5432,0.5481,326731.27
1554451200,0.5481,0.5599,0.5468,0.5542,84269.91
1554465600,0.5542,0.5623,0.551,0.5577,207208.25
1554480000,0.5577,0.5776,0.5571,0.571,149098.86
1554494400,0.571,0.5799,0.5691,0.5729,163294.7
1554508800,0.5729,0.5756,0.5625,0.5656,113853.08
1554523200,0.5656,0.584,0.5643,0.5837,88515.85
1554537600,0.5837,0.59,0.5677,0.571,240875.45
1554552000,0.571,0.5758,0.5663,0.5687,152435.25
1554566400,0.5687,0.5876,0.5601,0.5777,397695.25
1554580800,0.5777,0.5805,0.5557,0.5691,182775.1
1554595200,0.5691,0.5777,0.5669,0.5762,51442.24
1554609600,0.5762,0.5785,0.5682,0.5783,88715.3
1554624000,0.5783,0.5783,0.573,0.5742,116601.33
1554638400,0.5742,0.5777,0.5705,0.574,109361.07
1554652800,0.574,0.581,0.5655,0.5746,187996.34
1554667200,0.5746,0.5918,0.5688,0.5773,402533.08
1554681600,0.5773,0.5912,0.5601,0.5605,477401.03
1554696000,0.5605,0.5672,0.551,0.5591,197601.13
1554710400,0.5591,0.5614,0.537,0.537,282793.61
1554724800,0.537,0.5673,0.537,0.5622,247081.43
1554739200,0.5622,0.5683,0.5459,0.5611,179331.28
1554753600,0.5611,0.5736,0.5571,0.5634,174995.27
1554768000,0.5634,0.5637,0.538,0.542,152186.58
1554782400,0.542,0.547,0.5189,0.5249,380919.36
1554796800,0.5249,0.5398,0.517,0.5352,204108.48
1554811200,0.5352,0.5397,0.5213,0.5257,215579.02
1554825600,0.5257,0.5364,0.5257,0.534,192491.63
1554840000,0.534,0.54,0.5287,0.53,139166.18
1554854400,0.53,0.5328,0.5256,0.5268,139266.63
1554868800,0.5268,0.5367,0.5256,0.531,107393.61
1554883200,0.531,0.5358,0.5305,0.5339,53957.73
1554897600,0.5339,0.535,0.5279,0.5298,238192.15
1554912000,0.5298,0.5452,0.5228,0.5299,352455.29
1554926400,0.5299,0.5345,0.51,0.5197,368452.01
1554940800,0.5197,0.521,0.4866,0.4924,405084.49
1554955200,0.4924,0.5105,0.4892,0.4979,291762.89
1554969600,0.4979,0.5008,0.453,0.4701,624239.57
1554984000,0.4701,0.4826,0.4604,0.4764,240166.2
1554998400,0.4764,0.5,0.4722,0.4918,159250.03
1555012800,0.4918,0.4928,0.4779,0.4821,171247.09
1555027200,0.4821,0.4821,0.4531,0.4655,332705.01
1555041600,0.4655,0.4794,0.4619,0.4763,74317.1
1555056000,0.4763,0.5,0.4742,0.4971,161474.74
1555070400,0.4971,0.5134,0.4949,0.5009,358969.2
1555084800,0.5009,0.5088,0.5001,0.5057,119716.38
1555099200,0.5057,0.5057,0.4901,0.492,200612.4
1555113600,0.492,0.508,0.4913,0.5072,74418.41
1555128000,0.5072,0.515,0.506,0.5115,87578.85
1555142400,0.5115,0.52,0.5115,0.5147,172201.37
1555156800,0.5147,0.5248,0.5056,0.524,143812.7
1555171200,0.524,0.5399,0.5211,0.5314,301951.52
1555185600,0.5314,0.5399,0.5205,0.5358,204783.08
1555200000,0.5358,0.5449,0.5234,0.5262,189387.73
1555214400,0.5262,0.5274,0.5073,0.5153,181598.7
1555228800,0.5153,0.518,0.5114,0.517,97640.04
1555243200,0.517,0.5229,0.5119,0.5229,97796.96
1555257600,0.5229,0.5319,0.5206,0.5245,134356.14
1555272000,0.5245,0.5318,0.5214,0.5225,124229.52
1555286400,0.5225,0.5268,0.5134,0.5202,198577.91
1555300800,0.5202,0.5242,0.5172,0.5211,84408.62
1555315200,0.5211,0.5238,0.5052,0.5085,259623.65
1555329600,0.5085,0.5102,0.4993,0.5051,303782.06
1555344000,0.5051,0.5073,0.482,0.4861,559329.73
1555358400,0.4861,0.494,0.48,0.4883,212058.72
1555372800,0.4883,0.4981,0.4883,0.4981,80561.2
1555387200,0.4981,0.499,0.492,0.4929,52229.02
1555401600,0.4929,0.4986,0.4929,0.4978,58939.21
1555416000,0.4978,0.5102,0.4953,0.5088,206961.08
1555430400,0.5088,0.5176,0.5028,0.5095,117277.95
1555444800,0.5095,0.5095,0.4962,0.4985,236275.83
1555459200,0.4985,0.5046,0.494,0.4999,76730.87
1555473600,0.4999,0.5011,0.4913,0.4934,92070.76
1555488000,0.4934,0.5,0.488,0.498,120736.17
1555502400,0.498,0.4995,0.49,0.495,96784.71
1555516800,0.495,0.5019,0.4927,0.4974,70195.77
1555531200,0.4974,0.5019,0.4973,0.4998,169421.34
1555545600,0.4998,0.505,0.4974,0.503,113378.29
1555560000,0.503,0.5199,0.5019,0.5159,302938.68
1555574400,0.5159,0.5172,0.5063,0.508,90544.84
1555588800,0.508,0.5198,0.5065,0.5185,106004.12
1555603200,0.5185,0.5221,0.5136,0.5214,61131.67
1555617600,0.5214,0.5226,0.5171,0.5193,73998.39
1555632000,0.5193,0.535,0.5177,0.5224,191091.56
1555646400,0.5224,0.539,0.5224,0.531,162489.83
1555660800,0.531,0.5322,0.5238,0.5299,80096.4
1555675200,0.5299,0.5299,0.5199,0.5231,117378.75
1555689600,0.5231,0.5267,0.5121,0.5195,151048.73
1555704000,0.5195,0.5195,0.5083,0.5095,154979.53
1555718400,0.5095,0.5213,0.5095,0.5204,84938.16
1555732800,0.5204,0.5287,0.5153,0.52,168298.8
1555747200,0.52,0.5205,0.5112,0.5114,44415.48
1555761600,0.5114,0.5139,0.5072,0.5102,85756.81
1555776000,0.5102,0.5119,0.5082,0.5111,61339.11
1555790400,0.5111,0.5133,0.505,0.5118,103206.32
1555804800,0.5118,0.5139,0.5055,0.5062,36011.95
1555819200,0.5062,0.5073,0.4924,0.4953,241844.0
1555833600,0.4953,0.4959,0.4761,0.4829,228024.56
1555848000,0.4829,0.4967,0.4752,0.494,127193.68
1555862400,0.494,0.4952,0.4805,0.4848,69276.74
1555876800,0.4848,0.5,0.4848,0.4963,53286.02
1555891200,0.4963,0.4996,0.4865,0.4865,21572.52
1555905600,0.4865,0.5123,0.4837,0.503,174934.54
1555920000,0.503,0.517,0.4999,0.5118,89623.06
1555934400,0.5118,0.5163,0.493,0.4961,140473.71
1555948800,0.4961,0.5038,0.491,0.4964,187647.83
1555963200,0.4964,0.5,0.4926,0.4957,55078.04
1555977600,0.4957,0.4967,0.491,0.4951,51539.57
1555992000,0.4951,0.504,0.487,0.4911,245813.18
1556006400,0.4911,0.4995,0.4854,0.49,69058.16
1556020800,0.49,0.4942,0.4843,0.4878,165592.63
1556035200,0.4878,0.504,0.4785,0.4805,164776.93
1556049600,0.4805,0.491,0.4756,0.4756,101908.52
1556064000,0.4756,0.4766,0.4503,0.4694,274877.07
1556078400,0.4694,0.48,0.443,0.4442,298513.71
1556092800,0.4442,0.4513,0.44,0.4505,305773.59
1556107200,0.4505,0.4742,0.4505,0.473,183724.68
1556121600,0.473,0.477,0.4466,0.4575,124215.89
1556136000,0.4575,0.48,0.456,0.475,154062.71
1556150400,0.475,0.4958,0.4734,0.48,197903.07
1556164800,0.48,0.4849,0.454,0.463,135488.17
1556179200,0.463,0.4885,0.4571,0.4814,111737.92
1556193600,0.4814,0.491,0.4784,0.4875,189219.45
1556208000,0.4875,0.4997,0.4804,0.4853,170668.02
1556222400,0.4853,0.4899,0.435,0.4503,484931.94
1556236800,0.4503,0.4699,0.4303,0.4559,194733.44
1556251200,0.4559,0.4592,0.4438,0.4504,67334.92
1556265600,0.4504,0.4515,0.44,0.4467,168315.49
1556280000,0.4467,0.4497,0.4388,0.4401,93453.79
1556294400,0.4401,0.4464,0.4264,0.4326,241850.34
1556308800,0.4326,0.4435,0.4326,0.4416,116255.95
1556323200,0.4416,0.4496,0.4357,0.4467,44577.91
1556337600,0.4467,0.4681,0.4414,0.4532,28841.77
1556352000,0.4532,0.4591,0.446,0.453,84975.97
1556366400,0.453,0.4698,0.4487,0.4587,63596.68
1556380800,0.4587,0.4626,0.453,0.4566,64881.42
1556395200,0.4566,0.458,0.4419,0.443,43593.92
1556409600,0.443,0.4522,0.4403,0.451,45291.18
1556424000,0.451,0.4572,0.4471,0.4538,37289.63
1556438400,0.4538,0.4571,0.4493,0.4516,51957.15
1556452800,0.4516,0.4545,0.4497,0.4534,128478.16
1556467200,0.4534,0.46,0.4482,0.4515,104762.4
1556481600,0.4515,0.4537,0.4444,0.451,61575.4
1556496000,0.451,0.4539,0.4481,0.4515,28491.17
1556510400,0.4515,0.4525,0.448,0.4524,8528.72
1556524800,0.4524,0.4546,0.4447,0.4501,43112.78
1556539200,0.4501,0.452,0.431,0.4394,164313.49
1556553600,0.4394,0.443,0.433,0.4339,93351.36
1556568000,0.4339,0.4351,0.424,0.4338,57146.81
1556582400,0.4338,0.446,0.432,0.439,52825.96
1556596800,0.439,0.4445,0.4349,0.442,16935.99
1556611200,0.442,0.4711,0.4411,0.4664,214174.61
1556625600,0.4664,0.4767,0.462,0.4681,145426.43
1556640000,0.4681,0.4681,0.4598,0.4667,58811.05
1556654400,0.4667,0.4771,0.464,0.4727,121974.76
1556668800,0.4727,0.4773,0.4708,0.4764,51235.18
1556683200,0.4764,0.4876,0.4714,0.4795,57005.89
1556697600,0.4795,0.481,0.475,0.4771,35300.26
1556712000,0.4771,0.4771,0.4638,0.4719,93671.1
1556726400,0.4719,0.4806,0.4678,0.4703,128510.68
1556740800,0.4703,0.4798,0.4681,0.473,31753.82
1556755200,0.473,0.4752,0.466,0.4752,17869.91
1556769600,0.4752,0.4757,0.47,0.4721,3075.46
1556784000,0.4721,0.4734,0.4644,0.4711,50580.61
1556798400,0.4711,0.4732,0.4615,0.466,57160.54
1556812800,0.466,0.47,0.4635,0.4635,24882.02
1556827200,0.4635,0.4664,0.46,0.463,74701.86
1556841600,0.463,0.477,0.4607,0.4739,64169.95
1556856000,0.4739,0.4966,0.4702,0.4831,198108.9
1556870400,0.4831,0.4899,0.4674,0.4882,191738.11
1556884800,0.4882,0.4986,0.4846,0.4941,116568.96
1556899200,0.4941,0.5073,0.4864,0.5015,111824.87
1556913600,0.5015,0.5223,0.5001,0.511,334822.99
1556928000,0.511,0.5151,0.5039,0.5125,101433.12
1556942400,0.5125,0.5137,0.4925,0.5094,133164.26
1556956800,0.5094,0.5094,0.4917,0.4961,68985.04
1556971200,0.4961,0.5052,0.4783,0.4851,205428.18
1556985600,0.4851,0.499,0.485,0.4955,51659.37
1557000000,0.4955,0.5084,0.4932,0.4964,80314.09
1557014400,0.4964,0.5042,0.4902,0.5042,39060.91
1557028800,0.5042,0.5238,0.5,0.5082,217188.81
1557043200,0.5082,0.52,0.5029,0.5185,91686.34
1557057600,0.5185,0.5199,0.5095,0.5132,38736.99
1557072000,0.5132,0.5203,0.502,0.5068,210293.3
1557086400,0.5068,0.5118,0.5035,0.5058,44807.97
1557100800,0.5058,0.5099,0.4901,0.5075,101481.43
1557115200,0.5075,0.5123,0.5034,0.5082,76406.29
1557129600,0.5082,0.5349,0.505,0.5281,145694.15
1557144000,0.5281,0.5539,0.526,0.5472,520269.09
1557158400,0.5472,0.5589,0.5399,0.5561,373172.88
1557172800,0.5561,0.5882,0.5428,0.5745,376747.18
1557187200,0.5745,0.5995,0.559,0.5872,494987.14
1557201600,0.5872,0.6186,0.5793,0.5911,591221.55
1557216000,0.5911,0.5933,0.5708,0.5797,379226.03
1557230400,0.5797,0.5951,0.5584,0.5799,398642.73
1557244800,0.5799,0.5799,0.5539,0.5563,269201.27
1557259200,0.5563,0.5699,0.5409,0.5435,134395.58
1557273600,0.5435,0.5691,0.5212,0.5612,291028.05
1557288000,0.5612,0.59,0.5573,0.5878,139850.8
1557302400,0.5878,0.5878,0.5722,0.5799,103128.3
1557316800,0.5799,0.599,0.5713,0.5923,140019.71
1557331200,0.5923,0.6157,0.5917,0.6049,381394.8
1557345600,0.6049,0.61,0.5827,0.594,200203.25
1557360000,0.594,0.6198,0.5873,0.611,340739.27
1557374400,0.611,0.6137,0.6004,0.6005,107808.31
1557388800,0.6005,0.6199,0.5996,0.6066,120175.96
1557403200,0.6066,0.65,0.6066,0.6304,818632.42
1557417600,0.6304,0.704,0.6223,0.6319,1701520.26
1557432000,0.6319,0.6697,0.6316,0.6403,459151.91
1557446400,0.6403,0.7,0.6374,0.6656,935819.59
1557460800,0.6656,0.6923,0.6639,0.6861,315843.1
1557475200,0.6861,0.7191,0.6861,0.7143,405322.64
1557489600,0.7143,0.7233,0.6801,0.6835,750235.49
1557504000,0.6835,0.7005,0.6666,0.6825,342247.53
1557518400,0.6825,0.686,0.6686,0.6703,238192.34
1557532800,0.6703,0.69,0.6517,0.6595,364202.72
1557547200,0.6595,0.6835,0.6552,0.6671,327464.28
1557561600,0.6671,0.6851,0.6593,0.669,488330.62
1557576000,0.669,0.7092,0.6677,0.6956,452836.19
1557590400,0.6956,0.7484,0.6915,0.7029,843254.82
1557604800,0.7029,0.71,0.6661,0.6752,538241.26
1557619200,0.6752,0.6999,0.6637,0.678,335647.01
1557633600,0.678,0.69,0.6651,0.6845,234444.73
1557648000,0.6845,0.6895,0.6342,0.6428,647295.8
1557662400,0.6428,0.6681,0.6285,0.6321,290451.8
1557676800,0.6321,0.6641,0.6288,0.658,135117.43
1557691200,0.658,0.6747,0.6431,0.6586,117843.31
1557705600,0.6586,0.6835,0.6557,0.6705,108376.74
1557720000,0.6705,0.677,0.6654,0.6663,87155.69
1557734400,0.6663,0.68,0.663,0.6711,111437.96
1557748800,0.6711,0.6872,0.6657,0.67,262907.06
1557763200,0.67,0.6788,0.6491,0.6595,257576.15
1557777600,0.6595,0.68,0.6336,0.6474,454411.1
1557792000,0.6474,0.6698,0.6332,0.6646,344916.78
1557806400,0.6646,0.6807,0.6572,0.6806,335951.03
1557820800,0.6806,0.71,0.6682,0.709,423799.78
1557835200,0.709,0.9565,0.6589,0.8478,3639664.08
1557849600,0.8478,0.925,0.792,0.8304,2010483.01
1557864000,0.8304,0.8858,0.8073,0.828,1156199.39
1557878400,0.828,0.831,0.7772,0.7875,652427.19
1557892800,0.7875,0.7875,0.7875,0.7875,0.0
1557907200,0.7875,0.7875,0.7875,0.7875,0.0
1557921600,0.7875,0.8717,0.7802,0.8002,1000078.88
1557936000,0.8002,0.8479,0.7969,0.8332,1111435.45
1557950400,0.8332,0.889,0.82,0.8427,1034384.12
1557964800,0.8427,0.8888,0.8411,0.8822,575352.71
1557979200,0.8822,0.8834,0.789,0.8237,881857.35
1557993600,0.8237,0.8317,0.7551,0.7951,454256.64
1558008000,0.7951,0.85,0.7711,0.8425,543280.9
1558022400,0.8425,0.8439,0.7924,0.838,531072.33
1558036800,0.838,0.9389,0.838,0.928,1569712.26
1558051200,0.928,0.9869,0.81,0.8526,1951805.14
1558065600,0.8526,0.9,0.849,0.883,810695.41
1558080000,0.883,0.9393,0.8168,0.859,1143942.68
1558094400,0.859,0.915,0.827,0.8666,925122.69
1558108800,0.8666,0.9101,0.8438,0.9099,472626.64
1558123200,0.9099,0.9099,0.8532,0.8911,421453.13
1558137600,0.8911,0.9,0.8457,0.9,383194.91
1558152000,0.9,0.933,0.8872,0.9178,380090.2
1558166400,0.9178,0.9229,0.86,0.8936,277855.35
1558180800,0.8936,0.91,0.8798,0.9056,243794.12
1558195200,0.9056,0.9592,0.8912,0.931,692305.28
1558209600,0.931,0.9592,0.9245,0.9359,412129.18
1558224000,0.9359,0.99,0.9279,0.9694,1817902.03
1558238400,0.9694,0.9892,0.945,0.9846,743394.61
1558252800,0.9846,0.998,0.9712,0.9901,384044.26
1558267200,0.9901,1.05,0.9708,1.0282,1001322.62
1558281600,1.0282,1.0375,1.0019,1.0286,412109.17
1558296000,1.0286,1.0307,0.9835,0.9934,426832.93
1558310400,0.9934,1.0096,0.95,1.0088,567084.89
1558324800,1.0088,1.015,0.9807,1.0046,237292.7
1558339200,1.0046,1.0191,0.9885,0.9995,170918.2
1558353600,0.9995,1.0047,0.946,1.002,502610.05
1558368000,1.002,1.0083,0.9651,0.998,364825.28
1558382400,0.998,1.143,0.9928,1.117,1093736.18
1558396800,1.117,1.1178,1.06,1.0842,919783.38
1558411200,1.0842,1.1499,1.06,1.146,699789.99
1558425600,1.146,1.1768,1.0779,1.0963,715720.87
1558440000,1.0963,1.1465,1.0874,1.111,420408.85
1558454400,1.111,1.195,1.1006,1.1801,889714.33
1558468800,1.1801,1.25,1.1602,1.1798,1401576.78
1558483200,1.1798,1.4,1.1776,1.2738,2558022.19
1558497600,1.2738,1.3333,1.22,1.255,1445289.98
1558512000,1.255,1.3576,1.233,1.3537,1166308.43
1558526400,1.3537,1.4492,1.2869,1.3305,2968707.58
1558540800,1.3305,1.474,1.3305,1.3866,2420117.52
1558555200,1.3866,1.4474,1.1301,1.2205,4262911.39
1558569600,1.2205,1.2791,1.1528,1.196,1934637.78
1558584000,1.196,1.28,1.1608,1.2053,1251522.65
1558598400,1.2053,1.2789,1.1418,1.2706,854917.71
1558612800,1.2706,1.3655,1.26,1.292,1320857.43
1558627200,1.292,1.3276,1.2586,1.2947,802270.49
1558641600,1.2947,1.3605,1.2881,1.3392,710412.33
1558656000,1.3392,1.4347,1.33,1.417,1099092.4
1558670400,1.417,1.427,1.302,1.3496,1315854.96
1558684800,1.3496,1.3651,1.2667,1.2934,622617.23
1558699200,1.2934,1.3284,1.2216,1.2659,1038120.34
1558713600,1.2659,1.3196,1.2555,1.292,403745.06
1558728000,1.292,1.3447,1.2564,1.3314,618510.06
1558742400,1.3314,1.3376,1.2499,1.2549,459033.5
1558756800,1.2549,1.2804,1.1648,1.1736,883928.92
1558771200,1.1736,1.2013,1.1458,1.165,1151892.07
1558785600,1.165,1.1688,1.0961,1.1485,1469946.07
1558800000,1.1485,1.185,1.1065,1.1443,1247379.13
1558814400,1.1443,1.185,1.1111,1.113,1033287.81
1558828800,1.113,1.1824,1.1114,1.17,914555.66
1558843200,1.17,1.1701,1.1111,1.1317,635911.42
1558857600,1.1317,1.1353,1.0538,1.0565,754219.46
1558872000,1.0565,1.0998,1.0431,1.06,826305.28
1558886400,1.06,1.0899,1.0347,1.0498,710131.2
1558900800,1.0498,1.11,1.034,1.0828,1013482.24
1558915200,1.0828,1.275,1.0802,1.1967,2116279.25
1558929600,1.1967,1.2514,1.1614,1.2419,1018200.0
1558944000,1.2419,1.243,1.172,1.1936,603868.72
1558958400,1.1936,1.1936,1.1005,1.122,999616.94
1558972800,1.122,1.1953,1.0821,1.1606,984542.37
1558987200,1.1606,1.2555,1.1606,1.2119,1616684.0
1559001600,1.2119,1.2265,1.1585,1.1863,583364.93
1559016000,1.1863,1.212,1.1441,1.2021,497398.44
1559030400,1.2021,1.2476,1.1778,1.2476,573722.75
1559044800,1.2476,1.2494,1.1645,1.2116,738398.85
1559059200,1.2116,1.3291,1.2028,1.3223,1770204.94
1559073600,1.3223,1.35,1.2482,1.2788,1417143.17
1559088000,1.2788,1.2844,1.18,1.1887,1133583.81
1559102400,1.1887,1.2396,1.1475,1.233,1023879.73
1559116800,1.233,1.2333,1.1961,1.215,341881.4
1559131200,1.215,1.25,1.2001,1.2143,606177.87
1559145600,1.2143,1.2167,1.1738,1.1809,568344.81
1559160000,1.1809,1.1933,1.1426,1.1725,980525.75
1559174400,1.1725,1.18,1.1248,1.1521,837609.19
1559188800,1.1521,1.1799,1.1295,1.1629,597485.68
1559203200,1.1629,1.2257,1.1559,1.2194,566789.43
1559217600,1.2194,1.2198,1.1506,1.1572,679172.86
1559232000,1.1572,1.1889,0.987,1.1099,3831369.75
1559246400,1.1099,1.1128,0.9009,1.0023,3814246.02
1559260800,1.0023,1.0444,0.9492,0.973,1753354.63
1559275200,0.973,0.9937,0.933,0.9747,1149034.84
1559289600,0.9747,0.9849,0.9435,0.9541,1331236.93
1559304000,0.9541,1.0296,0.9524,0.9764,1635971.62
1559318400,0.9764,1.002,0.9686,0.9851,1063763.24
1559332800,0.9851,1.0276,0.9809,1.0189,815192.53
1559347200,1.0189,1.0598,0.9978,1.0018,1247203.22
1559361600,1.0018,1.0059,0.9772,1.0044,770253.39
1559376000,1.0044,1.011,0.9904,0.993,412305.16
1559390400,0.993,1.0,0.9511,0.981,625268.03
1559404800,0.981,0.9955,0.9672,0.9699,303254.27
1559419200,0.9699,0.9825,0.9519,0.956,439619.71
1559433600,0.956,0.9771,0.9323,0.9447,551866.77
1559448000,0.9447,0.9662,0.9385,0.959,317479.96
1559462400,0.959,0.985,0.9575,0.985,515187.14
1559476800,0.985,1.0554,0.9624,1.026,1142390.57
1559491200,1.026,1.0457,1.0037,1.014,690110.64
1559505600,1.014,1.0324,1.0035,1.0155,232075.74
1559520000,1.0155,1.017,0.9828,0.9899,422420.4
1559534400,0.9899,1.02,0.9397,0.963,476576.08
1559548800,0.963,0.9967,0.9544,0.9807,516364.38
1559563200,0.9807,1.0012,0.9431,0.9667,610063.67
1559577600,0.9667,0.99,0.9564,0.9761,413910.06
1559592000,0.9761,0.9824,0.8853,0.9,869160.74
1559606400,0.9,0.9,0.8368,0.8454,1135999.44
1559620800,0.8454,0.8749,0.845,0.8574,471026.87
1559635200,0.8574,0.8989,0.8544,0.89,525478.82
1559649600,0.89,0.9299,0.8895,0.9214,656973.09
1559664000,0.9214,0.9263,0.845,0.8511,1125063.05
1559678400,0.8511,0.885,0.84,0.885,662879.63
1559692800,0.885,1.02,0.8838,0.9976,2707529.11
1559707200,0.9976,1.01,0.9437,0.9955,1508143.74
1559721600,0.9955,1.0403,0.9893,1.0028,1018204.24
1559736000,1.0028,1.07,0.9688,1.0283,2181108.84
1559750400,1.0283,1.0895,1.0254,1.0721,1388933.53
1559764800,1.0721,1.0991,1.0308,1.096,1330683.9
1559779200,1.096,1.1194,1.0617,1.0979,1270179.85
1559793600,1.0979,1.1469,1.074,1.1337,778376.24
1559808000,1.1337,1.1641,1.108,1.1527,896271.29
1559822400,1.1527,1.27,1.1262,1.143,4681069.78
1559836800,1.143,1.143,1.0556,1.0831,2691719.78
1559851200,1.0831,1.138,1.0786,1.1098,810618.39
1559865600,1.1098,1.1983,1.071,1.1922,1848129.96
1559880000,1.1922,1.22,1.144,1.1733,1312725.39
1559894400,1.1733,1.2,1.1548,1.1792,569037.64
1559908800,1.1792,1.1941,1.15,1.1749,709254.89
1559923200,1.1749,1.2589,1.1705,1.176,1723524.15
1559937600,1.176,1.1846,1.1702,1.1753,177444.77
1559952000,1.1753,1.18,1.1362,1.1494,684799.14
1559966400,1.1494,1.185,1.1452,1.175,305301.96
1559980800,1.175,1.1991,1.1702,1.1821,307676.9
1559995200,1.1821,1.1852,1.14,1.1541,337921.56
1560009600,1.1541,1.1541,1.1165,1.131,526891.41
1560024000,1.131,1.1615,1.1286,1.1326,374485.45
1560038400,1.1326,1.1486,1.0953,1.108,475205.68
1560052800,1.108,1.125,1.103,1.1227,355967.93
1560067200,1.1227,1.1285,1.1014,1.12,322713.95
1560081600,1.12,1.1212,1.0517,1.0625,788948.21
1560096000,1.0625,1.0716,1.0085,1.0536,1050186.91
1560110400,1.0536,1.0682,1.0358,1.0595,551959.25
1560124800,1.0595,1.0932,1.0301,1.0789,388719.21
1560139200,1.0789,1.125,1.0748,1.1025,542421.49
1560153600,1.1025,1.1343,1.0761,1.1201,385167.72
1560168000,1.1201,1.14,1.1101,1.12,382117.89
1560182400,1.12,1.1293,1.0954,1.1223,308900.97
1560196800,1.1223,1.2104,1.1149,1.206,1553672.67
1560211200,1.206,1.207,1.165,1.172,738544.92
1560225600,1.172,1.1741,1.1349,1.1681,507541.74
1560240000,1.1681,1.1774,1.1001,1.1113,488409.9
1560254400,1.1113,1.1444,1.1113,1.1155,359573.13
1560268800,1.1155,1.1398,1.0876,1.125,679469.73
1560283200,1.125,1.1352,1.113,1.1243,298656.97
1560297600,1.1243,1.1341,1.0986,1.1185,453544.43
1560312000,1.1185,1.1255,1.0941,1.0999,273075.57
1560326400,1.0999,1.1128,1.0875,1.1071,302930.32
1560340800,1.1071,1.1643,1.0903,1.1462,994970.04
1560355200,1.1462,1.1519,1.1287,1.1345,268356.55
1560369600,1.1345,1.1521,1.1095,1.1448,259498.83
1560384000,1.1448,1.15,1.1221,1.1289,223117.27
1560398400,1.1289,1.157,1.1225,1.156,173195.89
1560412800,1.156,1.1587,1.1274,1.1484,172295.9
1560427200,1.1484,1.1582,1.1126,1.1274,495344.83
1560441600,1.1274,1.97,1.1224,1.7911,23384581.52
1560456000,1.7911,1.875,1.6703,1.868,9599503.05
1560470400,1.868,1.8936,1.562,1.5748,8445529.65
1560484800,1.5748,1.668,1.5408,1.552,4969585.9
1560499200,1.552,1.6286,1.49,1.5459,4564497.91
1560513600,1.5459,1.6508,1.5029,1.5764,3737590.13
1560528000,1.5764,1.84,1.5764,1.6452,8856209.03
1560542400,1.6452,1.6753,1.55,1.6395,2646210.85
1560556800,1.6395,1.745,1.6022,1.7349,1613170.73
1560571200,1.7349,1.8065,1.6724,1.7939,2615887.5
1560585600,1.7939,1.7999,1.7124,1.7389,1772505.91
1560600000,1.7389,1.7672,1.6523,1.6796,1909224.07
1560614400,1.6796,1.735,1.6611,1.7034,1786107.02
1560628800,1.7034,1.745,1.6847,1.7179,1037743.98
1560643200,1.7179,1.7924,1.706,1.7684,1600584.96
1560657600,1.7684,1.7767,1.6931,1.7285,1112709.2
1560672000,1.7285,1.7288,1.6682,1.6713,944164.9
1560686400,1.6713,1.674,1.6071,1.6406,1360825.92
1560700800,1.6406,1.7399,1.6,1.6568,2489201.99
1560715200,1.6568,1.7104,1.635,1.6621,779685.18
1560729600,1.6621,1.7006,1.6525,1.6713,688381.22
1560744000,1.6713,1.6966,1.659,1.6902,483047.27
1560758400,1.6902,1.944,1.6887,1.8791,4066093.38
1560772800,1.8791,1.9784,1.8683,1.9207,4184245.08
1560787200,1.9207,2.0776,1.8802,1.9939,4646306.05
1560801600,1.9939,2.0133,1.8679,1.9631,2998404.53
1560816000,1.9631,1.9783,1.881,1.942,1712814.97
1560830400,1.942,2.0185,1.875,1.9012,2153824.39
1560844800,1.9012,1.9413,1.7652,1.7924,4908069.91
1560859200,1.7924,1.8729,1.76,1.8345,2565392.87
1560873600,1.8345,1.8769,1.7682,1.8259,1509911.58
1560888000,1.8259,1.8502,1.785,1.8194,1053660.02
1560902400,1.8194,1.8449,1.7869,1.817,903244.24
1560916800,1.817,1.8693,1.8152,1.857,948757.92
1560931200,1.857,1.9016,1.8454,1.88,1134975.39
1560945600,1.88,1.8815,1.807,1.8511,925195.5
1560960000,1.8511,1.8587,1.8289,1.8423,518556.33
1560974400,1.8423,1.8582,1.815,1.8353,427064.05
1560988800,1.8353,1.8865,1.819,1.8479,899027.58
1561003200,1.8479,1.8653,1.82,1.8434,523081.82
1561017600,1.8434,1.847,1.775,1.8041,813404.5
1561032000,1.8041,1.8041,1.7285,1.7446,1241811.01
1561046400,1.7446,1.7455,1.7,1.7112,960868.27
1561060800,1.7112,1.7794,1.6859,1.7656,938834.82
1561075200,1.7656,1.79,1.6601,1.683,1781451.37
1561089600,1.683,1.6955,1.61,1.6273,1443573.47
1561104000,1.6273,1.682,1.614,1.682,1202108.36
1561118400,1.682,1.6927,1.6249,1.684,983888.66
1561132800,1.684,1.6939,1.649,1.676,516152.95
1561147200,1.676,1.742,1.6632,1.6883,1013264.1
1561161600,1.6883,1.75,1.6827,1.7239,1085848.57
1561176000,1.7239,1.7394,1.6951,1.7341,451320.82
1561190400,1.7341,1.8198,1.73,1.78,1542749.26
1561204800,1.78,1.8,1.72,1.7687,1557820.53
1561219200,1.7687,1.947,1.7624,1.8435,3053593.02
1561233600,1.8435,1.8774,1.8089,1.8428,756391.34
1561248000,1.8428,1.8799,1.8012,1.8421,795551.97
1561262400,1.8421,1.8535,1.8054,1.82,512553.51
1561276800,1.82,1.8529,1.8062,1.8514,281309.61
1561291200,1.8514,1.91,1.8199,1.8529,1139037.87
1561305600,1.8529,1.88,1.7894,1.8047,763350.37
1561320000,1.8047,1.8398,1.7702,1.8169,1111562.76
1561334400,1.8169,1.8505,1.792,1.8347,484664.25
1561348800,1.8347,1.8445,1.79,1.8261,239092.37
1561363200,1.8261,1.859,1.8261,1.8445,258910.18
1561377600,1.8445,1.8884,1.8429,1.8616,479034.36
1561392000,1.8616,1.8723,1.8135,1.8402,500260.52
1561406400,1.8402,1.8705,1.8387,1.8689,422526.14
1561420800,1.8689,2.125,1.8613,2.0061,4258028.62
1561435200,2.0061,2.1427,1.995,2.0834,1804440.49
1561449600,2.0834,2.1171,2.0516,2.1142,803221.65
1561464000,2.1142,2.2485,2.0773,2.1572,3467077.99
1561478400,2.1572,2.4254,2.1571,2.2769,4734048.68
1561492800,2.2769,2.4273,2.0441,2.1928,6937800.95
1561507200,2.1928,2.199,2.0231,2.0657,2405399.5
1561521600,2.0657,2.22,2.0545,2.1483,2296155.9
1561536000,2.1483,2.1919,2.12,2.1767,892722.77
1561550400,2.1767,2.19,2.0816,2.1143,1143234.39
1561564800,2.1143,2.5,2.0444,2.347,6500771.77
1561579200,2.347,2.35,2.0777,2.28,3076577.7
1561593600,2.28,2.48,2.2691,2.3925,2919217.12
1561608000,2.3925,2.555,2.33,2.3796,3610848.74
1561622400,2.3796,2.4203,2.25,2.419,2199744.34
1561636800,2.419,2.42,2.29,2.315,1471436.18
1561651200,2.315,2.345,2.1123,2.2286,2399518.62
1561665600,2.2286,2.33,2.1403,2.2879,1431662.25
1561680000,2.2879,2.2995,2.215,2.2267,802569.05
1561694400,2.2267,2.2926,2.2198,2.2588,510068.06
1561708800,2.2588,2.309,2.25,2.284,675732.34
1561723200,2.284,2.3796,2.2547,2.372,845119.15
1561737600,2.372,2.78,2.353,2.7483,7626065.72
1561752000,2.7483,3.0981,2.74,3.0392,5734392.92
1561766400,3.0392,3.7875,2.9499,3.47,12315607.84
1561780800,3.47,3.5361,3.1033,3.5071,5715678.95
1561795200,3.5071,3.6443,3.2711,3.427,4279852.74
1561809600,3.427,4.4147,3.4055,4.1199,15647505.61
1561824000,4.1199,4.5826,4.08,4.2622,9909241.46
1561838400,4.2622,4.4592,3.6492,3.7125,7654697.64
1561852800,3.7125,4.0908,3.65,3.8901,5342148.0
1561867200,3.8901,4.215,3.8139,3.8655,3449837.71
1561881600,3.8655,4.22,3.86,4.0899,3643868.1
1561896000,4.0899,4.1901,3.72,3.9186,4723932.65
1561910400,3.9186,3.9889,3.7749,3.81,2286392.86
1561924800,3.81,3.839,3.23,3.3885,5751883.3
1561939200,3.3885,3.6578,3.3835,3.5285,2745133.91
1561953600,3.5285,3.58,3.4406,3.4687,1230408.97
1561968000,3.4687,3.4703,3.1831,3.43,2352833.08
1561982400,3.43,3.4877,2.9266,3.1584,5840051.42
1561996800,3.1584,3.636,3.0677,3.3355,7127460.42
1562011200,3.3355,3.862,3.3248,3.6369,6022868.94
1562025600,3.6369,3.76,3.3606,3.417,3283789.42
1562040000,3.417,3.4467,3.201,3.3693,3300664.45
1562054400,3.3693,3.6782,3.3482,3.5104,4537186.89
1562068800,3.5104,3.9914,3.4999,3.8838,8860998.26
1562083200,3.8838,3.8951,3.5894,3.6737,4455933.42
1562097600,3.6737,3.7974,3.5733,3.7453,2255712.91
1562112000,3.7453,3.829,3.5906,3.7351,2356768.19
1562126400,3.7351,3.8857,3.6951,3.7278,2203394.74
1562140800,3.7278,3.75,3.645,3.6806,1212600.89
1562155200,3.6806,3.7099,3.6027,3.649,1641951.44
1562169600,3.649,3.78,3.6001,3.609,1649285.77
1562184000,3.609,3.6598,3.4769,3.49,2046618.14
1562198400,3.49,3.61,3.417,3.4487,1576798.86
1562212800,3.4487,3.472,3.243,3.28,1650341.79
1562227200,3.28,3.5998,3.204,3.4443,2597206.8
1562241600,3.4443,3.4744,3.33,3.413,1779842.25
1562256000,3.413,3.4285,3.3,3.3593,921360.08
1562270400,3.3593,3.519,3.32,3.453,1354886.97
1562284800,3.453,3.7,3.441,3.633,3003142.72
1562299200,3.633,3.6529,3.455,3.521,1740662.26
1562313600,3.521,3.628,3.4741,3.4969,1141695.93
1562328000,3.4969,3.7393,3.4801,3.5804,1761650.92
1562342400,3.5804,3.7,3.5554,3.6424,1383645.98
1562356800,3.6424,3.75,3.57,3.64,1505028.05
1562371200,3.64,3.6611,3.5002,3.5007,1358227.91
1562385600,3.5007,3.565,3.4802,3.53,707253.31
1562400000,3.53,3.64,3.5045,3.6153,549282.47
1562414400,3.6153,3.6272,3.482,3.4822,939204.07
1562428800,3.4822,3.5475,3.4716,3.535,673476.17
1562443200,3.535,3.5841,3.4384,3.4603,751754.08
1562457600,3.4603,3.5038,3.397,3.4104,561778.43
1562472000,3.4104,3.4199,3.35,3.3729,755096.72
1562486400,3.3729,3.4399,3.2723,3.316,1423495.73
1562500800,3.316,3.4296,3.3025,3.4051,1357779.55
1562515200,3.4051,3.426,3.3301,3.3624,609953.92
1562529600,3.3624,3.385,3.25,3.275,845566.37
1562544000,3.275,3.352,3.2512,3.3201,496694.76
1562558400,3.3201,3.5731,3.307,3.4345,1513376.34
1562572800,3.4345,3.49,3.352,3.372,979388.0
1562587200,3.372,3.402,3.3132,3.3554,750118.44
1562601600,3.3554,3.3706,3.3,3.3181,551573.44
1562616000,3.3181,3.35,3.25,3.3362,992670.19
1562630400,3.3362,3.3741,3.217,3.2353,1185690.2
1562644800,3.2353,3.2815,3.0866,3.2469,1572251.92
1562659200,3.2469,3.2685,3.0792,3.1328,1256896.51
1562673600,3.1328,3.212,3.051,3.0715,899858.96
1562688000,3.0715,3.1307,2.9401,3.02,1783388.76
1562702400,3.02,3.2675,3.0141,3.067,2467524.8
1562716800,3.067,3.14,2.9825,3.0835,1522518.5
1562731200,3.0835,3.18,3.0645,3.1597,861251.16
1562745600,3.1597,3.1665,3.0825,3.097,426039.25
1562760000,3.097,3.1035,2.9122,2.9606,1197910.59
1562774400,2.9606,3.2566,2.8578,3.194,3562346.38
1562788800,3.194,3.2568,3.019,3.1166,1996025.1
1562803200,3.1166,3.1555,2.97,2.985,1226486.3
1562817600,2.985,3.0412,2.8675,2.9693,1473164.44
1562832000,2.9693,2.994,2.8766,2.8884,665279.16
1562846400,2.8884,2.9739,2.8222,2.8439,1305885.83
1562860800,2.8439,2.969,2.823,2.8617,1011804.97
1562875200,2.8617,2.8773,2.71,2.7853,1619573.78
1562889600,2.7853,2.8367,2.6,2.6529,1219439.19
1562904000,2.6529,2.8199,2.6063,2.7728,1224937.19
1562918400,2.7728,2.9287,2.7552,2.9273,799101.9
1562932800,2.9273,3.075,2.885,2.9053,2659236.09
1562947200,2.9053,3.3282,2.8886,3.2887,2885878.07
1562961600,3.2887,3.299,3.03,3.166,2944078.52
1562976000,3.166,3.2953,3.1068,3.2139,1514665.04
1562990400,3.2139,3.28,3.125,3.2466,1302366.35
1563004800,3.2466,3.2799,3.0705,3.0879,1542510.95
1563019200,3.0879,3.185,3.04,3.1739,1309814.26
1563033600,3.1739,3.288,3.1233,3.2289,2106561.84
1563048000,3.2289,3.2346,3.068,3.1652,1294078.0
1563062400,3.1652,3.2413,3.123,3.1394,840238.27
1563076800,3.1394,3.1921,3.1251,3.1499,545042.64
1563091200,3.1499,3.2378,2.9117,2.9647,2393724.58
1563105600,2.9647,3.0295,2.7611,2.8365,2085975.84
1563120000,2.8365,2.9466,2.7865,2.8667,1422603.04
1563134400,2.8667,2.9267,2.7635,2.7856,983256.35
1563148800,2.7856,2.7971,2.5801,2.7564,2315187.09
1563163200,2.7564,2.8498,2.6901,2.8338,820052.15
1563177600,2.8338,2.84,2.735,2.7657,633761.6
1563192000,2.7657,2.8349,2.6649,2.7954,1368984.44
1563206400,2.7954,2.8234,2.655,2.7569,1356580.58
1563220800,2.7569,2.7766,2.66,2.6913,834390.57
1563235200,2.6913,2.7749,2.6798,2.715,626215.85
1563249600,2.715,2.7284,2.6006,2.6703,576394.62
1563264000,2.6703,2.7192,2.6276,2.6779,454666.9
1563278400,2.6779,2.6779,2.5001,2.6117,1538693.87
1563292800,2.6117,2.6238,2.2701,2.3105,2948290.33
1563307200,2.3105,2.3786,2.1521,2.1948,1904753.36
1563321600,2.1948,2.285,2.1211,2.1819,1296038.86
1563336000,2.1819,2.3498,2.1438,2.2702,1413110.79
1563350400,2.2702,2.3149,2.055,2.0823,1502728.34
1563364800,2.0823,2.548,2.0531,2.4646,4114618.94
1563379200,2.4646,2.6,2.4001,2.4074,3221190.27
1563393600,2.4074,2.5197,2.3713,2.398,1681378.49
1563408000,2.398,2.5169,2.3542,2.4887,1442234.13
1563422400,2.4887,2.6125,2.4616,2.54,1264961.08
1563436800,2.54,2.8094,2.5359,2.7,2354880.53
1563451200,2.7,2.7948,2.441,2.7333,5464894.99
1563465600,2.7333,2.798,2.6151,2.6151,2141429.14
1563480000,2.6151,2.68,2.6047,2.67,720478.12
1563494400,2.67,2.749,2.6601,2.6858,887707.0
1563508800,2.6858,2.6858,2.533,2.614,1346962.07
1563523200,2.614,2.6721,2.53,2.5365,949933.32
1563537600,2.5365,2.6044,2.491,2.5851,1300873.12
1563552000,2.5851,2.5932,2.548,2.5626,529449.4
1563566400,2.5626,2.6048,2.554,2.6046,533307.21
1563580800,2.6046,2.7314,2.5751,2.6796,1141194.0
1563595200,2.6796,2.7261,2.6311,2.6647,724004.76
1563609600,2.6647,2.684,2.604,2.6301,447249.86
1563624000,2.6301,2.6423,2.59,2.6104,693333.69
1563638400,2.6104,2.7052,2.5984,2.667,994159.4
1563652800,2.667,2.699,2.6272,2.637,607906.55
1563667200,2.637,2.665,2.5714,2.58,597565.98
1563681600,2.58,2.617,2.56,2.5855,356782.85
1563696000,2.5855,2.6153,2.5728,2.5777,273150.5
1563710400,2.5777,2.5791,2.46,2.5201,1289985.76
1563724800,2.5201,2.5449,2.4687,2.5133,437484.8
1563739200,2.5133,2.5751,2.5058,2.5319,394462.35
1563753600,2.5319,2.5857,2.5276,2.5761,359224.83
1563768000,2.5761,2.5801,2.5186,2.5422,245772.88
1563782400,2.5422,2.5448,2.453,2.497,546105.19
1563796800,2.497,2.5422,2.3876,2.4165,1122205.14
1563811200,2.4165,2.442,2.3732,2.3846,666379.81
1563825600,2.3846,2.4404,2.3735,2.4078,479384.0
1563840000,2.4078,2.4154,2.3771,2.3814,280697.5
1563854400,2.3814,2.3869,2.2808,2.3043,711565.27
1563868800,2.3043,2.38,2.2489,2.378,948236.34
1563883200,2.378,2.4004,2.2508,2.2889,1056672.85
1563897600,2.2889,2.4341,2.2717,2.42,859004.45
1563912000,2.42,2.52,2.3365,2.3535,1814387.59
1563926400,2.3535,2.3559,2.27,2.3258,781728.09
1563940800,2.3258,2.4241,2.3066,2.3802,778931.69
1563955200,2.3802,2.4219,2.313,2.3454,678877.94
1563969600,2.3454,2.5131,2.327,2.4612,1266301.71
1563984000,2.4612,2.4686,2.3292,2.4068,1232374.98
1563998400,2.4068,2.4514,2.3774,2.3999,584808.07
1564012800,2.3999,2.4838,2.3937,2.4717,823597.78
1564027200,2.4717,2.5149,2.4499,2.485,685615.45
1564041600,2.485,2.5119,2.44,2.4626,736888.21
1564056000,2.4626,2.4759,2.4075,2.447,724087.57
1564070400,2.447,2.47,2.3651,2.3801,648991.52
1564084800,2.3801,2.407,2.3595,2.3615,410552.29
1564099200,2.3615,2.3725,2.3201,2.3664,547833.45
1564113600,2.3664,2.43,2.355,2.4128,395706.71
1564128000,2.4128,2.4214,2.3796,2.3804,204543.28
1564142400,2.3804,2.4092,2.3677,2.3876,280817.46
1564156800,2.3876,2.4135,2.3723,2.4023,273827.1
1564171200,2.4023,2.41,2.3769,2.3989,276539.83
1564185600,2.3989,2.4492,2.3929,2.4159,590088.37
1564200000,2.4159,2.4558,2.395,2.4411,581130.97
1564214400,2.4411,2.46,2.2715,2.2947,1367318.58
1564228800,2.2947,2.2962,2.2173,2.2416,960798.44
1564243200,2.2416,2.2691,2.1525,2.2239,538850.44
1564257600,2.2239,2.266,2.209,2.2453,258785.92
1564272000,2.2453,2.2626,2.2203,2.2493,147460.63
1564286400,2.2493,2.2733,2.243,2.2459,127182.04
1564300800,2.2459,2.26,2.22,2.251,361641.49
1564315200,2.251,2.2579,2.2214,2.231,174375.33
1564329600,2.231,2.25,2.228,2.233,123416.98
1564344000,2.233,2.2416,2.1,2.2156,987224.59
1564358400,2.2156,2.2482,2.1971,2.2117,295465.78
1564372800,2.2117,2.2391,2.2018,2.2129,149396.46
1564387200,2.2129,2.2184,2.15,2.15,412856.16
1564401600,2.15,2.194,2.11,2.156,665643.18
1564416000,2.156,2.184,2.1159,2.1267,472848.45
1564430400,2.1267,2.1662,2.12,2.1251,231948.04
1564444800,2.1251,2.1419,2.06,2.0725,720495.01
1564459200,2.0725,2.089,1.9694,2.0301,1464872.57
1564473600,2.0301,2.073,2.0032,2.0653,579741.92
1564488000,2.0653,2.1854,2.0636,2.169,1200587.42
1564502400,2.169,2.17,2.0942,2.1117,544642.82
1564516800,2.1117,2.125,2.0615,2.0682,308036.55
1564531200,2.0682,2.1195,2.0589,2.1091,501389.2
1564545600,2.1091,2.25,2.0862,2.1738,1142349.81
1564560000,2.1738,2.238,2.1701,2.2006,754286.35
1564574400,2.2006,2.2274,2.1612,2.171,1007142.36
1564588800,2.171,2.1816,2.1422,2.1684,551556.65
1564603200,2.1684,2.2349,2.1511,2.2102,635298.16
1564617600,2.2102,2.231,2.1931,2.2072,599851.22
1564632000,2.2072,2.2098,2.151,2.1781,453315.12
1564646400,2.1781,2.1834,2.1054,2.1308,554609.17
1564660800,2.1308,2.146,2.1138,2.1372,361705.56
1564675200,2.1372,2.1473,2.1151,2.121,360973.5
1564689600,2.121,2.1761,2.1101,2.161,560086.78
1564704000,2.161,2.1994,2.153,2.1725,416201.68
1564718400,2.1725,2.1966,2.154,2.1662,371094.48
1564732800,2.1662,2.182,2.1468,2.1468,247501.34
1564747200,2.1468,2.187,2.1429,2.1729,377092.0
1564761600,2.1729,2.42,2.1275,2.3605,1730622.79
1564776000,2.3605,2.49,2.2926,2.4271,3183284.72
1564790400,2.4271,2.5567,2.3569,2.5238,1596416.87
1564804800,2.5238,2.7342,2.5146,2.6546,3143417.03
1564819200,2.6546,2.7,2.548,2.581,1650353.88
1564833600,2.581,2.6901,2.548,2.6024,1451603.35
1564848000,2.6024,2.6449,2.4814,2.5316,1722858.34
1564862400,2.5316,2.5624,2.4026,2.4211,1765014.54
1564876800,2.4211,2.5985,2.4171,2.444,1564367.93
1564891200,2.444,2.4765,2.3811,2.4285,990138.32
1564905600,2.4285,2.5367,2.4231,2.4653,760999.83
1564920000,2.4653,2.6044,2.4553,2.5149,1211208.98
1564934400,2.5149,2.5686,2.4805,2.5347,1012804.46
1564948800,2.5347,2.5365,2.4464,2.5099,718123.92
1564963200,2.5099,2.5983,2.474,2.5955,1144570.3
1564977600,2.5955,2.5955,2.518,2.526,797049.62
1564992000,2.526,2.6495,2.52,2.6093,961360.48
1565006400,2.6093,2.63,2.54,2.569,896396.94
1565020800,2.569,2.5918,2.5071,2.518,718242.52
1565035200,2.518,2.5245,2.4562,2.4562,883568.77
1565049600,2.4562,2.5181,2.4562,2.4822,374670.23
1565064000,2.4822,2.5128,2.4238,2.4762,762397.03
1565078400,2.4762,2.5057,2.39,2.4,1095159.63
1565092800,2.4,2.4152,2.31,2.3861,1462444.06
1565107200,2.3861,2.495,2.356,2.428,1170431.97
1565121600,2.428,2.4942,2.3522,2.4785,1195736.79
1565136000,2.4785,2.5,2.41,2.4393,673071.48
1565150400,2.4393,2.4654,2.409,2.4182,346183.33
1565164800,2.4182,2.4566,2.385,2.4,412753.02
1565179200,2.4,2.445,2.3849,2.3976,777301.02
1565193600,2.3976,2.4389,2.354,2.37,743924.05
1565208000,2.37,2.4143,2.3502,2.3826,441312.8
1565222400,2.3826,2.3998,2.3627,2.3627,248918.86
1565236800,2.3627,2.3706,2.286,2.3399,653270.89
1565251200,2.3399,2.35,2.3037,2.3091,263804.12
1565265600,2.3091,2.3871,2.287,2.3103,689327.07
1565280000,2.3103,2.37,2.2908,2.3109,515587.42
1565294400,2.3109,2.3149,2.2713,2.2755,493305.64
1565308800,2.2755,2.2894,2.2342,2.2723,466363.63
1565323200,2.2723,2.2919,2.25,2.25,217199.06
1565337600,2.25,2.2698,2.205,2.2069,394476.52
1565352000,2.2069,2.2583,2.2005,2.216,401729.97
1565366400,2.216,2.2474,2.1716,2.1924,473098.23
1565380800,2.1924,2.1934,2.151,2.1669,416123.39
1565395200,2.1669,2.1961,2.1306,2.148,314684.95
1565409600,2.148,2.4091,2.1347,2.346,1965230.04
1565424000,2.346,2.3516,2.2273,2.2584,777207.03
1565438400,2.2584,2.3398,2.2012,2.3031,1026692.35
1565452800,2.3031,2.3613,2.2591,2.3199,756432.41
1565467200,2.3199,2.3642,2.295,2.3336,422233.66
1565481600,2.3336,2.3998,2.2901,2.3748,665522.26
1565496000,2.3748,2.4,2.3339,2.3625,465812.96
1565510400,2.3625,2.3823,2.31,2.344,391255.79
1565524800,2.344,2.3822,2.3395,2.3632,265572.63
1565539200,2.3632,2.49,2.3632,2.4332,1104609.16
1565553600,2.4332,2.4544,2.353,2.415,816309.9
1565568000,2.415,2.4548,2.3914,2.4304,494883.67
1565582400,2.4304,2.46,2.405,2.4585,289015.14
1565596800,2.4585,2.479,2.4175,2.4178,405842.13
1565611200,2.4178,2.4353,2.3934,2.4067,337934.37
1565625600,2.4067,2.407,2.335,2.3596,517269.55
1565640000,2.3596,2.4051,2.3395,2.39,529726.23
1565654400,2.39,2.393,2.3494,2.356,226768.13
1565668800,2.356,2.3582,2.3111,2.322,330810.38
1565683200,2.322,2.343,2.306,2.3225,333830.46
1565697600,2.3225,2.3742,2.3142,2.3311,509640.14
1565712000,2.3311,2.4679,2.33,2.4389,1261021.27
1565726400,2.4389,2.46,2.41,2.4229,490694.33
1565740800,2.4229,2.5302,2.419,2.5274,1048326.61
1565755200,2.5274,2.6031,2.459,2.5136,1765919.77
1565769600,2.5136,2.5297,2.4383,2.4551,548587.24
1565784000,2.4551,2.52,2.4245,2.4636,783045.59
1565798400,2.4636,2.4896,2.163,2.285,2127977.77
1565812800,2.285,2.3871,2.2493,2.2842,666768.73
1565827200,2.2842,2.3263,2.2565,2.2978,292255.59
1565841600,2.2978,2.2978,2.2978,2.2978,0.0
1565856000,2.2978,2.3784,2.2685,2.332,344892.44
1565870400,2.332,2.3678,2.2939,2.3499,788059.82
1565884800,2.3499,2.41,2.318,2.3787,666464.53
1565899200,2.3787,2.4506,2.3711,2.4232,716670.31
1565913600,2.4232,2.459,2.336,2.3694,623099.9
1565928000,2.3694,2.371,2.227,2.2924,1144263.54
1565942400,2.2924,2.3394,2.2609,2.3168,491505.19
1565956800,2.3168,2.3418,2.2806,2.3218,406633.0
1565971200,2.3218,2.372,2.2901,2.3718,515874.25
1565985600,2.3718,2.3756,2.2921,2.3,391112.39
1566000000,2.3,2.35,2.282,2.3225,260678.98
1566014400,2.3225,2.3349,2.3088,2.321,179462.22
1566028800,2.321,2.3492,2.3183,2.3271,209104.41
1566043200,2.3271,2.41,2.3081,2.3981,582240.09
1566057600,2.3981,2.419,2.35,2.356,527701.21
1566072000,2.356,2.41,2.35,2.4036,276227.48
1566086400,2.4036,2.417,2.3729,2.3907,226056.18
1566100800,2.3907,2.4879,2.3885,2.4428,590870.83
1566115200,2.4428,2.45,2.4025,2.4417,477847.14
1566129600,2.4417,2.5062,2.4372,2.5062,722770.29
1566144000,2.5062,2.5657,2.47,2.4844,1019151.41
1566158400,2.4844,2.5156,2.4339,2.5051,573871.56
1566172800,2.5051,2.511,2.4508,2.4769,377073.51
1566187200,2.4769,2.511,2.4648,2.4949,336798.36
1566201600,2.4949,2.558,2.4801,2.5269,618538.87
1566216000,2.5269,2.6,2.5167,2.5345,1498081.45
1566230400,2.5345,2.5976,2.5345,2.5435,559987.28
1566244800,2.5435,2.551,2.49,2.4958,898240.86
1566259200,2.4958,2.5401,2.4701,2.4783,618169.88
1566273600,2.4783,2.4999,2.465,2.49,227054.26
1566288000,2.49,2.493,2.4001,2.4119,472150.17
1566302400,2.4119,2.452,2.3753,2.3827,629247.33
1566316800,2.3827,2.414,2.3512,2.3711,910618.78
1566331200,2.3711,2.399,2.3354,2.3624,620150.41
1566345600,2.3624,2.371,2.29,2.308,670524.86
1566360000,2.308,2.35,2.27,2.28,764354.43
1566374400,2.28,2.3093,2.15,2.2205,1790687.45
1566388800,2.2205,2.2602,2.1536,2.2146,926133.7
1566403200,2.2146,2.2445,2.1826,2.2101,536904.54
1566417600,2.2101,2.2337,2.1861,2.2054,264091.57
1566432000,2.2054,2.2229,2.135,2.179,827806.91
1566446400,2.179,2.21,2.1643,2.1763,281840.09
1566460800,2.1763,2.2261,2.1737,2.1972,349498.25
1566475200,2.1972,2.2896,2.1937,2.27,873679.06
1566489600,2.27,2.2872,2.2501,2.2536,334596.27
1566504000,2.2536,2.2627,2.2227,2.2227,313717.16
1566518400,2.2227,2.2232,2.1723,2.2065,653905.14
1566532800,2.2065,2.2855,2.1968,2.2815,590403.37
1566547200,2.2815,2.295,2.235,2.2609,823832.84
1566561600,2.2609,2.295,2.2405,2.2529,897443.46
1566576000,2.2529,2.2566,2.2061,2.2146,532744.91
1566590400,2.2146,2.2379,2.1905,2.2333,674801.13
1566604800,2.2333,2.2545,2.2258,2.2381,254924.0
1566619200,2.2381,2.2434,2.21,2.2211,224461.81
1566633600,2.2211,2.2211,2.1537,2.1841,442327.42
1566648000,2.1841,2.1875,2.16,2.1725,261993.68
1566662400,2.1725,2.2001,2.1613,2.1952,209728.63
1566676800,2.1952,2.2033,2.1551,2.1681,240711.26
1566691200,2.1681,2.1728,2.1433,2.1519,246903.04
1566705600,2.1519,2.16,2.142,2.1551,199320.31
1566720000,2.1551,2.1804,2.1458,2.1556,260870.83
1566734400,2.1556,2.1802,2.1048,2.1111,613282.98
1566748800,2.1111,2.1277,2.065,2.0837,554708.99
1566763200,2.0837,2.1001,2.0255,2.078,897586.84
1566777600,2.078,2.1546,2.0684,2.0798,749016.33
1566792000,2.0798,2.1114,2.0615,2.11,295424.46
1566806400,2.11,2.1284,2.0842,2.1134,321062.3
1566820800,2.1134,2.125,2.0683,2.08,356452.88
1566835200,2.08,2.1,2.0494,2.0952,287727.09
1566849600,2.0952,2.1029,2.045,2.0739,281631.85
1566864000,2.0739,2.0782,2.005,2.0331,471509.3
1566878400,2.0331,2.0507,2.0159,2.0297,279024.57
1566892800,2.0297,2.0837,2.0222,2.0812,231590.8
1566907200,2.0812,2.1788,2.0484,2.1723,1145997.71
1566921600,2.1723,2.1739,2.101,2.1021,421364.76
1566936000,2.1021,2.1271,2.0743,2.1128,459580.98
1566950400,2.1128,2.1134,2.0242,2.033,490138.09
1566964800,2.033,2.0889,2.0311,2.0805,309721.66
1566979200,2.0805,2.0818,2.04,2.0615,264185.23
1566993600,2.0615,2.0779,2.0514,2.0616,283296.04
1567008000,2.0616,2.0616,1.8861,1.9129,1282108.56
1567022400,1.9129,1.9275,1.875,1.8957,587776.35
1567036800,1.8957,1.8957,1.83,1.85,748519.11
1567051200,1.85,1.8658,1.7501,1.7803,1257064.67
1567065600,1.7803,1.8544,1.7803,1.8296,456328.61
1567080000,1.8296,1.8349,1.7253,1.7817,1050923.99
1567094400,1.7817,1.801,1.7563,1.7817,346972.98
1567108800,1.7817,1.8141,1.7715,1.7744,351267.82
1567123200,1.7744,1.7975,1.7365,1.7948,338264.55
1567137600,1.7948,1.7958,1.7691,1.7881,204987.01
1567152000,1.7881,1.8589,1.785,1.8271,446130.47
1567166400,1.8271,1.8913,1.814,1.8614,719210.01
1567180800,1.8614,1.8745,1.7772,1.8326,599604.13
1567195200,1.8326,1.8455,1.7951,1.796,352325.93
1567209600,1.796,1.8237,1.7889,1.8096,207129.82
1567224000,1.8096,1.8535,1.7919,1.8427,310051.47
1567238400,1.8427,1.8427,1.7845,1.7951,279296.19
1567252800,1.7951,1.8122,1.7626,1.7699,348588.13
1567267200,1.7699,1.793,1.7629,1.7793,238803.74
1567281600,1.7793,1.8018,1.74,1.7791,448099.81
1567296000,1.7791,1.8,1.769,1.769,129976.22
1567310400,1.769,1.7784,1.7612,1.7708,94309.52
1567324800,1.7708,1.7778,1.7603,1.7652,90805.12
1567339200,1.7652,1.7793,1.7554,1.7764,156744.19
1567353600,1.7764,1.7764,1.717,1.7499,479264.84
1567368000,1.7499,1.7957,1.7403,1.7686,381601.79
1567382400,1.7686,1.7765,1.7272,1.7478,291832.44
1567396800,1.7478,1.7576,1.7318,1.7362,222646.63
1567411200,1.7362,1.7514,1.7345,1.7391,162662.61
1567425600,1.7391,1.87,1.7311,1.8278,1095286.59
1567440000,1.8278,1.89,1.8201,1.8509,880643.73
1567454400,1.8509,1.88,1.8195,1.8287,391315.69
1567468800,1.8287,1.876,1.8147,1.8687,544310.89
1567483200,1.8687,1.9424,1.8436,1.9106,478186.85
1567497600,1.9106,1.94,1.8584,1.8758,760604.7
1567512000,1.8758,1.8786,1.839,1.8608,781744.87
1567526400,1.8608,1.888,1.8326,1.852,439385.05
1567540800,1.852,1.8688,1.8418,1.849,204522.03
1567555200,1.849,1.8583,1.8207,1.832,249312.21
1567569600,1.832,1.832,1.7653,1.7772,787417.66
1567584000,1.7772,1.7979,1.7721,1.793,332818.04
1567598400,1.793,1.7946,1.7167,1.7449,780102.95
1567612800,1.7449,1.7854,1.7449,1.7681,433145.07
1567627200,1.7681,1.87,1.7579,1.7784,996598.19
1567641600,1.7784,1.8566,1.7725,1.8512,744323.6
1567656000,1.8512,1.8624,1.7947,1.804,359667.89
1567670400,1.804,1.8183,1.77,1.7742,220509.81
1567684800,1.7742,1.832,1.768,1.8014,593138.76
1567699200,1.8014,1.843,1.7865,1.8069,574478.01
1567713600,1.8069,1.8178,1.79,1.7921,252097.86
1567728000,1.7921,1.86,1.7919,1.8117,475644.1
1567742400,1.8117,1.8148,1.7839,1.7898,282716.79
1567756800,1.7898,1.8242,1.7851,1.8071,259483.48
1567771200,1.8071,1.8126,1.7818,1.7974,549260.87
1567785600,1.7974,1.8059,1.7244,1.7279,847463.77
1567800000,1.7279,1.7358,1.6767,1.7226,769479.38
1567814400,1.7226,1.761,1.7085,1.7398,367059.77
1567828800,1.7398,1.769,1.7366,1.7551,223543.9
1567843200,1.7551,1.7608,1.7416,1.756,132357.52
1567857600,1.756,1.7589,1.7246,1.7534,758536.24
1567872000,1.7534,1.806,1.7371,1.7651,770042.0
1567886400,1.7651,1.7873,1.7625,1.7672,152642.55
1567900800,1.7672,1.83,1.7666,1.827,294852.93
1567915200,1.827,1.8293,1.7931,1.8071,225759.18
1567929600,1.8071,1.8107,1.761,1.7833,327750.74
1567944000,1.7833,1.864,1.7695,1.8491,883473.73
1567958400,1.8491,1.9054,1.8368,1.845,1311643.53
1567972800,1.845,1.8625,1.8161,1.8275,461236.39
1567987200,1.8275,1.8637,1.8,1.8135,534588.58
1568001600,1.8135,1.8233,1.77,1.7756,566632.18
1568016000,1.7756,1.8731,1.761,1.8314,1020165.19
1568030400,1.8314,1.8518,1.82,1.8219,366496.1
1568044800,1.8219,1.8228,1.7676,1.7866,601546.36
1568059200,1.7866,1.8113,1.7765,1.7872,393762.75
1568073600,1.7872,1.8261,1.7831,1.8261,471247.46
1568088000,1.8261,1.8326,1.8021,1.8113,369644.53
1568102400,1.8113,1.8124,1.7837,1.7967,329201.34
1568116800,1.7967,1.7985,1.773,1.7801,365229.04
1568131200,1.7801,1.8284,1.7801,1.7952,793648.71
1568145600,1.7952,1.8116,1.7839,1.7998,384397.66
1568160000,1.7998,1.8258,1.7982,1.8018,246038.46
1568174400,1.8018,1.805,1.7693,1.7886,278343.58
1568188800,1.7886,1.7952,1.771,1.7837,144755.42
1568203200,1.7837,1.7892,1.7459,1.7472,454123.15
1568217600,1.7472,1.7545,1.7136,1.7192,745686.18
1568232000,1.7192,1.753,1.7181,1.7301,360780.27
1568246400,1.7301,1.738,1.7082,1.7123,324832.45
1568260800,1.7123,1.7265,1.6918,1.7155,501719.66
1568275200,1.7155,1.7458,1.7151,1.722,310886.41
1568289600,1.722,1.7356,1.715,1.7206,277310.79
1568304000,1.7206,1.7237,1.7015,1.712,320231.81
1568318400,1.712,1.7221,1.6938,1.7073,494087.8
1568332800,1.7073,1.7099,1.6901,1.6926,250072.18
1568347200,1.6926,1.6996,1.6477,1.6672,575664.04
1568361600,1.6672,1.6779,1.65,1.667,493079.3
1568376000,1.667,1.6671,1.6029,1.6249,1339131.07
1568390400,1.6249,1.6375,1.51,1.5249,2350289.55
1568404800,1.5249,1.59,1.5125,1.5759,1630862.21
1568419200,1.5759,1.584,1.5239,1.5654,903361.34
1568433600,1.5654,1.597,1.5635,1.5879,578399.58
1568448000,1.5879,1.6375,1.5832,1.6125,1098847.45
1568462400,1.6125,1.616,1.5574,1.5984,1380458.25
1568476800,1.5984,1.6157,1.5721,1.5847,845589.96
1568491200,1.5847,1.6115,1.558,1.5634,912510.21
1568505600,1.5634,1.5826,1.56,1.5744,569380.9
1568520000,1.5744,1.6118,1.571,1.5894,670362.81
1568534400,1.5894,1.6078,1.5835,1.6042,519298.13
1568548800,1.6042,1.6458,1.5941,1.6086,1443162.08
1568563200,1.6086,1.6162,1.5887,1.6074,486562.22
1568577600,1.6074,1.6215,1.6007,1.6104,360336.63
1568592000,1.6104,1.6355,1.6071,1.618,473014.18
1568606400,1.618,1.6236,1.6102,1.6169,397504.64
1568620800,1.6169,1.6242,1.5951,1.5966,558998.45
1568635200,1.5966,1.5966,1.545,1.5545,1160707.6
1568649600,1.5545,1.5609,1.55,1.552,402627.65
1568664000,1.552,1.5887,1.5505,1.5806,556750.06
1568678400,1.5806,1.5823,1.5532,1.5778,588994.15
1568692800,1.5778,1.5848,1.5581,1.5798,376070.37
1568707200,1.5798,1.5816,1.5546,1.57,360984.8
1568721600,1.57,1.6071,1.5695,1.5982,929070.67
1568736000,1.5982,1.6765,1.5878,1.64,1836598.98
1568750400,1.64,1.6631,1.624,1.624,1302266.92
1568764800,1.624,1.6994,1.624,1.6741,1232692.68
1568779200,1.6741,1.754,1.6669,1.7415,1664069.67
1568793600,1.7415,1.7415,1.6931,1.6997,1099450.59
1568808000,1.6997,1.8028,1.6746,1.7793,1572053.36
1568822400,1.7793,1.8167,1.7214,1.736,1276146.43
1568836800,1.736,1.8462,1.7356,1.801,1425397.0
1568851200,1.801,1.9075,1.7079,1.7828,2727886.87
1568865600,1.7828,1.868,1.7481,1.8005,1236207.91
1568880000,1.8005,1.8699,1.7904,1.7935,1586913.65
1568894400,1.7935,1.8476,1.7813,1.812,1050773.94
1568908800,1.812,1.8953,1.8074,1.8885,1149013.16
1568923200,1.8885,1.8987,1.8299,1.8744,839291.99
1568937600,1.8744,1.8772,1.8059,1.8366,636865.29
1568952000,1.8366,1.85,1.8261,1.8376,325974.93
1568966400,1.8376,1.852,1.8052,1.8168,545322.2
1568980800,1.8168,1.87,1.7811,1.7909,599979.82
1568995200,1.7909,1.81,1.751,1.7761,759012.37
1569009600,1.7761,1.837,1.766,1.8245,636336.63
1569024000,1.8245,1.8653,1.8206,1.8593,484261.32
1569038400,1.8593,1.8743,1.827,1.8326,396458.23
1569052800,1.8326,1.8351,1.8002,1.8234,471783.35
1569067200,1.8234,1.84,1.7881,1.8385,491127.64
1569081600,1.8385,1.8623,1.82,1.8559,286731.92
1569096000,1.8559,1.8888,1.8405,1.8855,643424.7
1569110400,1.8855,1.8868,1.8098,1.8098,673886.49
1569124800,1.8098,1.8551,1.7902,1.849,362493.03
1569139200,1.849,1.86,1.816,1.825,312642.41
1569153600,1.825,1.8447,1.8128,1.828,250312.77
1569168000,1.828,1.8343,1.7811,1.783,433020.78
1569182400,1.783,1.8234,1.7711,1.8157,279493.17
1569196800,1.8157,1.8194,1.7799,1.7964,182336.15
1569211200,1.7964,1.8273,1.7801,1.8268,246471.98
1569225600,1.8268,1.8572,1.8197,1.8378,385813.46
1569240000,1.8378,1.8557,1.8124,1.8511,425106.44
1569254400,1.8511,1.8737,1.831,1.8527,471042.51
1569268800,1.8527,1.88,1.7862,1.8048,959430.62
1569283200,1.8048,1.8371,1.78,1.8179,542533.85
1569297600,1.8179,1.8864,1.8149,1.8826,816358.34
1569312000,1.8826,1.995,1.8771,1.9493,2566173.75
1569326400,1.9493,2.0657,1.8888,1.961,4251292.01
1569340800,1.961,2.0153,1.4612,1.6102,4893680.87
1569355200,1.6102,1.7756,1.5601,1.716,3425412.32
1569369600,1.716,1.9286,1.7135,1.8066,2626743.1
1569384000,1.8066,1.8107,1.6847,1.6885,1204999.74
1569398400,1.6885,1.7706,1.6249,1.6886,1953318.0
1569412800,1.6886,1.7269,1.6375,1.6408,1379709.05
1569427200,1.6408,1.7151,1.6321,1.7144,833295.4
1569441600,1.7144,1.765,1.6952,1.7443,912353.59
1569456000,1.7443,1.7584,1.7025,1.7205,684979.76
1569470400,1.7205,1.7568,1.702,1.7034,421860.72
1569484800,1.7034,1.7396,1.7,1.7052,544489.1
1569499200,1.7052,1.7241,1.5554,1.57,2949884.84
1569513600,1.57,1.6654,1.5276,1.6642,1659094.91
1569528000,1.6642,1.68,1.6275,1.6512,689896.43
1569542400,1.6512,1.6577,1.5953,1.6193,798091.8
1569556800,1.6193,1.6296,1.5861,1.6121,521402.45
1569571200,1.6121,1.6358,1.5895,1.6062,716821.65
1569585600,1.6062,1.619,1.5573,1.5879,945430.27
1569600000,1.5879,1.624,1.5723,1.6054,621771.88
1569614400,1.6054,1.6786,1.6017,1.659,733521.01
1569628800,1.659,1.6666,1.6506,1.6648,274310.44
1569643200,1.6648,1.6974,1.6638,1.6967,284185.33
1569657600,1.6967,1.6968,1.651,1.6523,407787.66
1569672000,1.6523,1.6609,1.6284,1.6478,445678.78
1569686400,1.6478,1.6953,1.6379,1.6814,568758.97
1569700800,1.6814,1.7017,1.6593,1.6742,398048.01
1569715200,1.6742,1.7492,1.6742,1.7078,759859.26
1569729600,1.7078,1.7218,1.6921,1.7036,323425.97
1569744000,1.7036,1.7389,1.6923,1.697,663331.04
1569758400,1.697,1.704,1.6441,1.6852,741563.8
1569772800,1.6852,1.711,1.672,1.6935,533167.5
1569787200,1.6935,1.725,1.6817,1.7002,286084.5
1569801600,1.7002,1.7181,1.69,1.7,434180.03
1569816000,1.7,1.7013,1.6404,1.6552,769483.63
1569830400,1.6552,1.715,1.6515,1.6927,550202.21
1569844800,1.6927,1.7395,1.6856,1.7285,659059.18
1569859200,1.7285,1.755,1.6991,1.741,650329.5
1569873600,1.741,1.769,1.7193,1.7677,510296.28
1569888000,1.7677,1.82,1.7522,1.7916,677142.49
1569902400,1.7916,1.8169,1.762,1.7902,569994.33
1569916800,1.7902,1.7997,1.77,1.7879,305292.15
1569931200,1.7879,1.8488,1.7808,1.8434,844810.69
1569945600,1.8434,1.882,1.8155,1.8506,1148514.6
1569960000,1.8506,1.8769,1.821,1.8286,538362.78
1569974400,1.8286,1.8682,1.8121,1.8566,634628.41
1569988800,1.8566,1.8907,1.8304,1.8862,843437.13
1570003200,1.8862,1.9549,1.8848,1.927,1625817.34
1570017600,1.927,1.964,1.8999,1.95,1028155.84
1570032000,1.95,1.9729,1.9249,1.9698,703401.37
1570046400,1.9698,2.0233,1.9541,2.011,955107.25
1570060800,2.011,2.0338,1.9505,1.977,943823.28
1570075200,1.977,2.015,1.9602,1.9761,788640.12
1570089600,1.9761,2.0084,1.9731,1.9886,832243.9
1570104000,1.9886,1.9949,1.88,1.9569,2311852.93
1570118400,1.9569,1.996,1.9155,1.936,1311181.65
1570132800,1.936,1.97,1.91,1.9442,825638.35
1570147200,1.9442,1.953,1.8971,1.8984,691816.39
1570161600,1.8984,1.9228,1.888,1.9218,635729.89
1570176000,1.9218,1.93,1.898,1.92,439166.91
1570190400,1.92,1.9658,1.9067,1.9622,697204.23
1570204800,1.9622,1.966,1.9305,1.9512,551184.91
1570219200,1.9512,1.9949,1.9512,1.9663,407035.28
1570233600,1.9663,1.974,1.9378,1.966,418002.16
1570248000,1.966,1.9775,1.946,1.9574,277656.66
1570262400,1.9574,1.9652,1.9213,1.9239,373258.35
1570276800,1.9239,1.9507,1.9113,1.9469,377475.39
1570291200,1.9469,1.9622,1.9382,1.955,374773.28
1570305600,1.955,1.976,1.945,1.9624,412494.36
1570320000,1.9624,1.9858,1.9531,1.9693,296548.07
1570334400,1.9693,2.021,1.9645,1.9814,758367.1
1570348800,1.9814,2.0638,1.963,2.0603,1174962.41
1570363200,2.0603,2.1455,2.0457,2.1213,2619676.27
1570377600,2.1213,2.2659,2.116,2.198,3780247.01
1570392000,2.198,2.2073,2.1452,2.1669,1148397.8
1570406400,2.1669,2.2013,2.0971,2.1748,1489441.51
1570420800,2.1748,2.1921,2.1525,2.1701,693319.25
1570435200,2.1701,2.2691,2.1701,2.2345,1835972.32
1570449600,2.2345,2.487,2.2336,2.45,3989490.6
1570464000,2.45,2.4899,2.3408,2.3782,3723281.37
1570478400,2.3782,2.4197,2.3478,2.3963,1064277.62
1570492800,2.3963,2.4255,2.3123,2.3408,1813358.72
1570507200,2.3408,2.3687,2.268,2.309,1595871.99
1570521600,2.309,2.5999,2.273,2.5999,3221815.6
1570536000,2.5999,2.65,2.481,2.5675,5990590.69
1570550400,2.5675,2.5781,2.5,2.5428,1756697.79
1570564800,2.5428,2.585,2.475,2.5765,1718124.3
1570579200,2.5765,2.62,2.501,2.5703,1959525.52
1570593600,2.5703,2.72,2.5614,2.6866,2915529.58
1570608000,2.6866,2.95,2.6589,2.8709,5449738.3
1570622400,2.8709,2.911,2.6091,2.7585,6319743.8
1570636800,2.7585,2.86,2.72,2.7565,3101061.47
1570651200,2.7565,2.89,2.7556,2.8011,2046785.41
1570665600,2.8011,2.8058,2.6303,2.6422,2509775.55
1570680000,2.6422,2.7831,2.6384,2.6983,1881759.51
1570694400,2.6983,2.7,2.492,2.5779,4531563.91
1570708800,2.5779,2.5958,2.465,2.548,2463222.44
1570723200,2.548,2.63,2.52,2.63,1517635.76
1570737600,2.63,2.7653,2.6015,2.6279,2437993.93
1570752000,2.6279,2.7936,2.6279,2.7507,1502968.95
1570766400,2.7507,2.76,2.5619,2.6152,2131806.74
1570780800,2.6152,2.7292,2.5839,2.6778,2121276.66
1570795200,2.6778,2.7888,2.6499,2.7719,2304252.83
1570809600,2.7719,2.79,2.6802,2.709,2112011.81
1570824000,2.709,2.7622,2.6631,2.7481,1245384.52
1570838400,2.7481,2.7572,2.7033,2.7307,578551.76
1570852800,2.7307,2.7398,2.6305,2.6646,1369827.04
1570867200,2.6646,2.686,2.6361,2.6552,732643.28
1570881600,2.6552,2.6655,2.593,2.622,1292754.59
1570896000,2.622,2.6439,2.5519,2.6187,1513208.89
1570910400,2.6187,2.6406,2.558,2.5975,695405.95
1570924800,2.5975,2.6443,2.5801,2.5959,506030.49
1570939200,2.5959,2.6179,2.5723,2.579,554543.24
1570953600,2.579,2.5826,2.503,2.5524,1178455.38
1570968000,2.5524,2.574,2.5138,2.5391,767134.06
1570982400,2.5391,2.5697,2.5235,2.5662,782476.99
1570996800,2.5662,2.5662,2.4351,2.486,1745423.02
1571011200,2.486,2.53,2.4527,2.5167,701475.38
1571025600,2.5167,2.6741,2.5135,2.6242,1553769.51
1571040000,2.6242,2.635,2.564,2.5933,770712.09
1571054400,2.5933,2.5952,2.518,2.5275,1261349.97
1571068800,2.5275,2.5763,2.5107,2.5293,1058243.64
1571083200,2.5293,2.5425,2.51,2.5324,488022.79
1571097600,2.5324,2.597,2.5267,2.5441,902025.45
1571112000,2.5441,2.574,2.5252,2.5288,511165.5
1571126400,2.5288,2.5581,2.5141,2.5485,501809.6
1571140800,2.5485,2.55,2.4845,2.5043,765945.85
1571155200,2.5043,2.5105,2.36,2.4332,2243319.96
1571169600,2.4332,2.4332,2.332,2.3974,1311846.36
1571184000,2.3974,2.4143,2.2981,2.3001,1630341.22
1571198400,2.3001,2.3383,2.2781,2.2835,1417337.56
1571212800,2.2835,2.3318,2.2516,2.264,1760418.58
1571227200,2.264,2.2965,2.182,2.2745,3528001.93
1571241600,2.2745,2.3,2.244,2.288,1442580.72
1571256000,2.288,2.3999,2.2871,2.3717,2086125.04
1571270400,2.3717,2.3737,2.274,2.3593,1803355.31
1571284800,2.3593,2.3633,2.299,2.3241,1322202.66
1571299200,2.3241,2.4461,2.3091,2.3881,2297845.46
1571313600,2.3881,2.49,2.3853,2.45,2862408.72
1571328000,2.45,2.4793,2.4253,2.4492,1150404.4
1571342400,2.4492,2.4492,2.3584,2.4124,1129412.16
1571356800,2.4124,2.4999,2.4124,2.4756,1194208.57
1571371200,2.4756,2.4779,2.341,2.3806,1603445.68
1571385600,2.3806,2.4244,2.3457,2.4181,1359460.18
1571400000,2.4181,2.4485,2.3712,2.3802,1471603.15
1571414400,2.3802,2.4014,2.3542,2.3585,803435.44
1571428800,2.3585,2.3769,2.3164,2.3546,832685.26
1571443200,2.3546,2.3615,2.2914,2.3371,1103722.5
1571457600,2.3371,2.3543,2.3021,2.3196,543077.01
1571472000,2.3196,2.3733,2.3183,2.3465,881252.38
1571486400,2.3465,2.391,2.3109,2.3526,1424648.68
1571500800,2.3526,2.3737,2.3436,2.347,315363.33
1571515200,2.347,2.3646,2.3345,2.3521,245668.42
1571529600,2.3521,2.3569,2.3004,2.3247,654329.48
1571544000,2.3247,2.3413,2.3053,2.3078,282825.4
1571558400,2.3078,2.3365,2.278,2.2954,648085.44
1571572800,2.2954,2.3688,2.295,2.3614,829923.72
1571587200,2.3614,2.451,2.335,2.4348,1296740.01
1571601600,2.4348,2.447,2.3903,2.4444,779431.22
1571616000,2.4444,2.5098,2.4347,2.4871,2151523.27
1571630400,2.4871,2.6413,2.4868,2.6153,2367673.41
1571644800,2.6153,2.69,2.5853,2.6174,2431987.08
1571659200,2.6174,2.6563,2.5433,2.5738,2038599.05
1571673600,2.5738,2.6165,2.55,2.5716,1210847.91
1571688000,2.5716,2.64,2.5437,2.6223,1137042.14
1571702400,2.6223,2.76,2.6157,2.719,2766968.82
1571716800,2.719,2.7387,2.6719,2.7314,1086239.09
1571731200,2.7314,2.739,2.682,2.73,1049368.11
1571745600,2.73,2.8178,2.6917,2.786,2155251.59
1571760000,2.786,2.7988,2.75,2.7574,1039091.93
1571774400,2.7574,2.7605,2.5619,2.6074,3112611.24
1571788800,2.6074,2.6485,2.515,2.5365,1814579.6
1571803200,2.5365,2.589,2.5225,2.5751,942883.05
1571817600,2.5751,2.684,2.5656,2.6382,1686303.1
1571832000,2.6382,2.6511,2.3717,2.5035,5487644.27
1571846400,2.5035,2.6401,2.45,2.6016,2668723.2
1571860800,2.6016,2.62,2.5316,2.6055,1501416.55
1571875200,2.6055,2.71,2.6037,2.6756,2495692.41
1571889600,2.6756,2.7192,2.602,2.6599,2373330.32
1571904000,2.6599,2.685,2.641,2.6651,671661.31
1571918400,2.6651,2.7288,2.655,2.6858,1747623.74
1571932800,2.6858,2.7748,2.6715,2.7388,1626643.64
1571947200,2.7388,2.76,2.6954,2.72,836606.15
1571961600,2.72,2.7248,2.6576,2.6663,1357855.72
1571976000,2.6663,2.7114,2.6165,2.6979,1281318.4
1571990400,2.6979,2.754,2.6724,2.7204,1339387.19
1572004800,2.7204,2.845,2.7204,2.7918,2381040.18
1572019200,2.7918,3.0063,2.7874,2.8607,6030914.61
1572033600,2.8607,2.8671,2.7637,2.8374,1613995.87
1572048000,2.8374,2.9977,2.7821,2.848,5668751.03
1572062400,2.848,2.8666,2.7879,2.8018,1972456.0
1572076800,2.8018,2.89,2.7678,2.8127,2093394.31
1572091200,2.8127,2.8531,2.7123,2.753,1416634.01
1572105600,2.753,2.7621,2.664,2.715,1580882.07
1572120000,2.715,2.7677,2.7094,2.7348,611970.67
1572134400,2.7348,2.7521,2.6511,2.6976,1174370.48
1572148800,2.6976,2.762,2.6668,2.7161,680193.82
1572163200,2.7161,2.751,2.662,2.6697,1275176.34
1572177600,2.6697,2.7195,2.6681,2.6989,1076573.93
1572192000,2.6989,2.7249,2.662,2.6862,1151289.4
1572206400,2.6862,2.6999,2.6601,2.6646,616598.19
1572220800,2.6646,2.8355,2.6646,2.8308,1632357.05
1572235200,2.8308,2.8859,2.7427,2.7871,2104229.64
1572249600,2.7871,2.8485,2.76,2.8135,854468.42
1572264000,2.8135,2.8408,2.7499,2.7502,1102055.88
1572278400,2.7502,2.775,2.6848,2.697,1097752.9
1572292800,2.697,2.7287,2.66,2.6611,1048282.88
1572307200,2.6611,2.7156,2.6553,2.6836,358190.95
1572321600,2.6836,2.769,2.68,2.7402,816636.03
1572336000,2.7402,2.7534,2.7,2.7101,468547.78
1572350400,2.7101,2.72,2.6704,2.6935,542806.3
1572364800,2.6935,2.7151,2.6321,2.6728,723354.73
1572379200,2.6728,2.7088,2.6431,2.662,649700.86
1572393600,2.662,2.6768,2.5961,2.6225,816245.15
1572408000,2.6225,2.6256,2.54,2.5952,848823.49
1572422400,2.5952,2.6272,2.5107,2.542,693811.79
1572436800,2.542,2.602,2.5333,2.5973,745357.54
1572451200,2.5973,2.6099,2.551,2.5958,464592.31
1572465600,2.5958,2.62,2.5673,2.6093,406651.68
1572480000,2.6093,2.64,2.58,2.5914,331303.08
1572494400,2.5914,2.633,2.5701,2.5942,416636.41
1572508800,2.5942,2.6142,2.5365,2.588,558059.3
1572523200,2.588,2.633,2.5761,2.6062,519053.2
1572537600,2.6062,2.7573,2.6041,2.7192,1339891.46
1572552000,2.7192,2.7504,2.6721,2.7219,971885.6
1572566400,2.7219,2.7952,2.7116,2.7193,1014874.99
1572580800,2.7193,2.7586,2.7111,2.7135,437479.08
1572595200,2.7135,2.7186,2.6605,2.6735,989236.1
1572609600,2.6735,2.705,2.6505,2.6548,602535.12
1572624000,2.6548,2.6873,2.6428,2.66,364628.13
1572638400,2.66,2.726,2.66,2.7091,378060.0
1572652800,2.7091,2.7362,2.7049,2.7302,289510.09
1572667200,2.7302,2.7399,2.7034,2.7167,324391.02
1572681600,2.7167,2.7225,2.6869,2.7123,321576.0
1572696000,2.7123,2.7235,2.6828,2.6955,528528.88
1572710400,2.6955,2.725,2.6845,2.7248,237134.18
1572724800,2.7248,2.7301,2.6932,2.6973,244563.3
1572739200,2.6973,2.7104,2.6728,2.6779,286063.45
1572753600,2.6779,2.6968,2.666,2.678,255828.17
1572768000,2.678,2.6952,2.6505,2.6599,286370.88
1572782400,2.6599,2.6867,2.6291,2.67,438058.85
1572796800,2.67,2.67,2.6381,2.641,166535.12
1572811200,2.641,2.6678,2.6202,2.6605,243898.38
1572825600,2.6605,2.6605,2.6287,2.6404,263051.46
1572840000,2.6404,2.6565,2.6267,2.6526,192902.11
1572854400,2.6526,2.6726,2.6433,2.6699,214874.68
1572868800,2.6699,2.7245,2.6644,2.7213,741993.61
1572883200,2.7213,2.73,2.6782,2.6917,376246.99
1572897600,2.6917,2.7139,2.6606,2.6746,526916.89
1572912000,2.6746,2.6816,2.6322,2.6606,628150.0
1572926400,2.6606,2.6666,2.635,2.645,260453.01
1572940800,2.645,2.6935,2.6404,2.6675,353672.78
1572955200,2.6675,2.6939,2.665,2.6874,331569.69
1572969600,2.6874,2.6947,2.6745,2.6867,257091.19
1572984000,2.6867,2.692,2.6678,2.6746,154285.06
1572998400,2.6746,2.6777,2.6479,2.6577,237346.31
1573012800,2.6577,2.6881,2.6577,2.6798,251465.34
1573027200,2.6798,2.684,2.6589,2.6635,234435.2
1573041600,2.6635,2.6778,2.6599,2.6775,205756.78
1573056000,2.6775,2.705,2.6536,2.6992,520205.79
1573070400,2.6992,2.82,2.6957,2.7448,1725039.21
1573084800,2.7448,2.7549,2.6743,2.6788,553724.99
1573099200,2.6788,2.7077,2.65,2.6824,477398.64
1573113600,2.6824,2.6997,2.6022,2.67,903393.54
1573128000,2.67,2.7242,2.6553,2.6798,747652.57
1573142400,2.6798,2.7199,2.6626,2.6871,555441.44
1573156800,2.6871,2.6903,2.6663,2.6757,261258.59
1573171200,2.6757,2.7333,2.6675,2.7163,519552.2
1573185600,2.7163,2.7198,2.6871,2.6932,288874.22
1573200000,2.6932,2.7014,2.668,2.6778,345378.96
1573214400,2.6778,2.7,2.621,2.6558,925923.54
1573228800,2.6558,2.6759,2.6416,2.6707,259404.43
1573243200,2.6707,2.7289,2.6663,2.71,593746.32
1573257600,2.71,2.7988,2.7031,2.7516,855749.25
1573272000,2.7516,2.7516,2.7102,2.712,359465.93
1573286400,2.712,2.7621,2.7116,2.7254,519559.81
1573300800,2.7254,2.835,2.7235,2.83,1244691.8
1573315200,2.83,2.8497,2.77,2.8195,1193489.69
1573329600,2.8195,2.8382,2.7825,2.8009,484036.96
1573344000,2.8009,2.8068,2.772,2.801,288968.59
1573358400,2.801,2.837,2.792,2.8269,294822.68
1573372800,2.8269,2.8291,2.7874,2.7893,376999.69
1573387200,2.7893,2.813,2.7587,2.7686,428454.18
1573401600,2.7686,2.8112,2.7362,2.795,833371.16
1573416000,2.795,2.7991,2.7552,2.777,396933.78
1573430400,2.777,2.7777,2.7485,2.7652,267888.01
1573444800,2.7652,2.77,2.706,2.7296,432273.94
1573459200,2.7296,2.7368,2.6655,2.7043,590868.89
1573473600,2.7043,2.7316,2.6852,2.719,432909.2
1573488000,2.719,2.75,2.6993,2.7378,240220.92
1573502400,2.7378,2.7471,2.7179,2.744,177602.79
1573516800,2.744,2.7834,2.74,2.7591,283399.86
1573531200,2.7591,2.7666,2.7324,2.7351,226732.06
1573545600,2.7351,2.7785,2.7311,2.7595,210818.72
1573560000,2.7595,2.81,2.7401,2.7788,878127.38
1573574400,2.7788,2.871,2.7773,2.84,1282523.27
1573588800,2.84,2.8733,2.81,2.8152,338131.71
1573603200,2.8152,2.8205,2.7851,2.7854,250966.78
1573617600,2.7854,2.8488,2.7854,2.8147,345253.05
1573632000,2.8147,2.9566,2.8147,2.939,1463877.54
1573646400,2.939,3.0894,2.9241,2.993,2860435.12
1573660800,2.993,3.0536,2.953,3.0333,912474.2
1573675200,3.0333,3.0353,2.9567,3.02,708010.07
1573689600,3.02,3.0611,2.9666,3.0458,508898.31
1573704000,3.0458,3.138,2.981,3.11,1393806.1
1573718400,3.11,3.1515,3.02,3.1324,1784935.62
1573732800,3.1324,3.16,3.0942,3.1236,1264911.38
1573747200,3.1236,3.1576,3.0441,3.0459,1086578.03
1573761600,3.0459,3.1033,3.0362,3.039,555136.82
1573776000,3.039,3.07,3.0133,3.029,702506.86
1573790400,3.029,3.0445,2.9566,2.9983,733943.49
1573804800,2.9983,3.0157,2.927,2.9395,1026357.86
1573819200,2.9395,2.9493,2.797,2.9299,1833929.16
1573833600,2.9299,2.9861,2.9162,2.9399,826988.35
1573848000,2.9399,3.044,2.9388,3.0389,526972.92
1573862400,3.0389,3.0435,2.9826,3.0251,444683.85
1573876800,3.0251,3.0316,2.9864,2.9884,278118.31
1573891200,2.9884,3.009,2.9303,2.9557,420371.14
1573905600,2.9557,2.9679,2.9115,2.9658,365625.32
1573920000,2.9658,2.9729,2.9168,2.9409,268801.16
1573934400,2.9409,2.9967,2.919,2.9894,195544.04
1573948800,2.9894,2.9894,2.9496,2.9502,174614.58
1573963200,2.9502,2.9509,2.8741,2.8819,325654.65
1573977600,2.8819,2.9382,2.8644,2.9343,337572.57
1573992000,2.9343,2.9546,2.894,2.9105,337596.34
1574006400,2.9105,2.92,2.8802,2.8843,212031.53
1574020800,2.8843,2.912,2.87,2.91,251020.21
1574035200,2.91,2.961,2.8982,2.9138,307107.0
1574049600,2.9138,2.9369,2.9049,2.9273,116577.24
1574064000,2.9273,2.928,2.8573,2.8666,411782.8
1574078400,2.8666,2.8875,2.8156,2.846,1028993.18
1574092800,2.846,2.8504,2.6977,2.7738,1066535.42
1574107200,2.7738,2.85,2.7716,2.7885,564350.02
1574121600,2.7885,2.8069,2.7124,2.7269,571350.88
1574136000,2.7269,2.7704,2.6385,2.685,979674.92
1574150400,2.685,2.7153,2.58,2.6097,1100830.94
1574164800,2.6097,2.706,2.5981,2.7,925022.67
1574179200,2.7,2.7403,2.654,2.6645,532356.93
1574193600,2.6645,2.7405,2.6536,2.7255,429403.34
1574208000,2.7255,2.7669,2.7029,2.7585,499525.37
1574222400,2.7585,2.7712,2.71,2.7526,374068.91
1574236800,2.7526,2.7934,2.7343,2.7587,735156.03
1574251200,2.7587,2.7957,2.6965,2.6995,767511.68
1574265600,2.6995,2.7319,2.63,2.6404,696489.89
1574280000,2.6404,2.7153,2.6323,2.6982,516014.47
1574294400,2.6982,2.7153,2.656,2.6834,475134.29
1574308800,2.6834,2.6928,2.6353,2.65,299286.44
1574323200,2.65,2.65,2.5921,2.605,751497.24
1574337600,2.605,2.6563,2.5172,2.5802,1356310.16
1574352000,2.5802,2.5898,2.471,2.5548,1157089.35
1574366400,2.5548,2.5793,2.5112,2.5456,527271.93
1574380800,2.5456,2.5952,2.526,2.529,489625.6
1574395200,2.529,2.546,2.38,2.4458,1573286.75
1574409600,2.4458,2.497,2.1,2.2834,3819097.8
1574424000,2.2834,2.34,2.1256,2.3283,2600330.85
1574438400,2.3283,2.4321,2.2853,2.413,1501699.31
1574452800,2.413,2.42,2.3125,2.3466,809689.03
1574467200,2.3466,2.349,2.2666,2.3225,849047.89
1574481600,2.3225,2.3382,2.2604,2.3105,871879.39
1574496000,2.3105,2.353,2.2701,2.351,767181.88
1574510400,2.351,2.4586,2.3448,2.4448,1270740.69
1574524800,2.4448,2.4621,2.4046,2.4379,642792.59
1574539200,2.4379,2.4399,2.3968,2.4266,439974.68
1574553600,2.4266,2.4533,2.3359,2.3651,924238.09
1574568000,2.3651,2.3733,2.3358,2.3451,396787.28
1574582400,2.3451,2.383,2.3258,2.3611,509345.75
1574596800,2.3611,2.3611,2.2127,2.2366,1321339.44
1574611200,2.2366,2.286,2.2101,2.2548,673479.64
1574625600,2.2548,2.2947,2.2,2.2216,666028.13
1574640000,2.2216,2.2387,2.11,2.167,1158402.71
1574654400,2.167,2.167,2.02,2.1116,2155019.35
1574668800,2.1116,2.2394,2.0922,2.2004,1114752.35
1574683200,2.2004,2.331,2.1937,2.3063,1902452.31
1574697600,2.3063,2.3976,2.2901,2.304,1289448.04
1574712000,2.304,2.3195,2.2523,2.2523,549371.63
1574726400,2.2523,2.3172,2.1913,2.3171,1166320.69
1574740800,2.3171,2.3578,2.271,2.2842,1167945.71
1574755200,2.2842,2.3264,2.242,2.2899,1007942.63
1574769600,2.2899,2.3027,2.1459,2.1981,2728230.22
1574784000,2.1981,2.224,2.1614,2.2054,684694.14
1574798400,2.2054,2.272,2.2052,2.2424,786082.53
1574812800,2.2424,2.2775,2.1932,2.2035,855756.12
1574827200,2.2035,2.2495,2.1625,2.216,766242.6
1574841600,2.216,2.2263,2.1002,2.2232,1706454.91
1574856000,2.2232,2.2689,2.206,2.2408,1489941.02
1574870400,2.2408,2.2882,2.2175,2.2605,1942868.93
1574884800,2.2605,2.2657,2.1778,2.2242,1116348.94
1574899200,2.2242,2.2294,2.1711,2.1782,759680.81
1574913600,2.1782,2.248,2.1782,2.2201,530198.39
1574928000,2.2201,2.2565,2.2009,2.2518,561543.75
1574942400,2.2518,2.2588,2.2069,2.236,1069399.91
1574956800,2.236,2.3,2.2176,2.2976,678413.23
1574971200,2.2976,2.3248,2.2231,2.2702,1175283.84
1574985600,2.2702,2.34,2.2611,2.3355,825337.93
1575000000,2.3355,2.3355,2.3024,2.3135,580383.53
1575014400,2.3135,2.332,2.2786,2.32,751188.24
1575028800,2.32,2.366,2.2875,2.3653,996271.59
1575043200,2.3653,2.3763,2.3145,2.3175,606787.41
1575057600,2.3175,2.3424,2.3109,2.3403,375971.51
1575072000,2.3403,2.3437,2.2965,2.3045,393614.27
1575086400,2.3045,2.3189,2.289,2.3163,347936.42
1575100800,2.3163,2.3163,2.25,2.2515,722671.6
1575115200,2.2515,2.2833,2.2132,2.2245,586736.54
1575129600,2.2245,2.2494,2.1943,2.2179,604653.76
1575144000,2.2179,2.2463,2.2088,2.2373,266172.51
1575158400,2.2373,2.2385,2.1274,2.1478,868048.16
1575172800,2.1478,2.18,2.1303,2.147,512247.4
1575187200,2.147,2.1844,2.1374,2.1555,432958.36
1575201600,2.1555,2.215,2.155,2.1687,749995.88
1575216000,2.1687,2.1825,2.1393,2.1547,477145.73
1575230400,2.1547,2.1809,2.15,2.1638,477087.9
1575244800,2.1638,2.166,2.1338,2.1428,389933.84
1575259200,2.1428,2.1541,2.0696,2.1121,921563.02
1575273600,2.1121,2.139,2.0835,2.1028,754388.12
1575288000,2.1028,2.109,2.0844,2.091,443698.54
1575302400,2.091,2.1006,2.0524,2.0842,599579.51
1575316800,2.0842,2.1238,2.0809,2.0911,546815.94
1575331200,2.0911,2.117,2.0771,2.0826,374302.65
1575345600,2.0826,2.0872,2.061,2.0649,396380.49
1575360000,2.0649,2.1159,2.058,2.0936,578608.23
1575374400,2.0936,2.1891,2.0915,2.1804,1440880.91
1575388800,2.1804,2.1854,2.144,2.1527,530153.39
1575403200,2.1527,2.157,2.1161,2.1222,458813.86
1575417600,2.1222,2.1224,2.049,2.0517,986642.36
1575432000,2.0517,2.06,2.0173,2.0213,833497.43
1575446400,2.0213,2.09,2.0,2.0658,1482730.48
1575460800,2.0658,2.17,2.06,2.0994,1628451.69
1575475200,2.0994,2.109,2.0729,2.0753,560812.92
1575489600,2.0753,2.0777,2.0005,2.029,1104868.83
1575504000,2.029,2.0405,1.9583,1.9881,1400569.16
1575518400,1.9881,2.0499,1.9835,2.006,804004.24
1575532800,2.006,2.0339,2.001,2.0287,547673.16
1575547200,2.0287,2.074,1.9829,1.9912,1021033.14
1575561600,1.9912,2.03,1.9584,2.0272,822212.53
1575576000,2.0272,2.059,1.9964,2.0068,769427.76
1575590400,2.0068,2.0366,1.9934,1.9969,426706.68
1575604800,1.9969,2.0156,1.9919,2.0013,246202.11
1575619200,2.0013,2.0103,1.9685,1.9914,668864.14
1575633600,1.9914,2.0804,1.9913,2.076,774406.83
1575648000,2.076,2.1042,2.0438,2.0535,1224190.94
1575662400,2.0535,2.0954,2.0439,2.0943,519356.6
1575676800,2.0943,2.1114,2.0686,2.103,535115.72
1575691200,2.103,2.111,2.0682,2.0825,432863.0
1575705600,2.0825,2.0851,2.0599,2.0751,296876.13
1575720000,2.0751,2.0809,2.0381,2.0453,557792.44
1575734400,2.0453,2.075,2.0346,2.0731,329414.68
1575748800,2.0731,2.0754,2.0374,2.044,253339.85
1575763200,2.044,2.045,2.0012,2.0133,320127.2
1575777600,2.0133,2.0488,2.0087,2.0159,313095.05
1575792000,2.0159,2.085,2.0137,2.0736,415175.73
1575806400,2.0736,2.0786,2.0511,2.0622,348770.01
1575820800,2.0622,2.0641,2.0363,2.0406,226702.25
1575835200,2.0406,2.0674,2.0279,2.0528,396855.74
1575849600,2.0528,2.0756,2.042,2.0445,607135.25
1575864000,2.0445,2.0541,2.03,2.037,288339.68
1575878400,2.037,2.0515,2.0176,2.0453,445787.34
1575892800,2.0453,2.0787,2.0238,2.0256,509772.83
1575907200,2.0256,2.0618,2.0238,2.0439,320560.94
1575921600,2.0439,2.0985,2.0151,2.0984,606153.01
1575936000,2.0984,2.1972,2.0611,2.1714,2853155.43
1575950400,2.1714,2.2699,2.1441,2.2263,1897337.43
1575964800,2.2263,2.2862,2.2155,2.2317,1792671.36
1575979200,2.2317,2.26,2.1409,2.1511,1653011.86
1575993600,2.1511,2.2321,2.1418,2.1974,1196265.05
1576008000,2.1974,2.2785,2.1601,2.2657,1422098.02
1576022400,2.2657,2.3042,2.2203,2.2378,1441957.97
1576036800,2.2378,2.27,2.2135,2.2277,704479.52
1576051200,2.2277,2.2325,2.1834,2.2046,680424.96
1576065600,2.2046,2.2538,2.1515,2.1845,1188596.5
1576080000,2.1845,2.1988,2.16,2.167,382506.46
1576094400,2.167,2.188,2.147,2.1786,416254.27
1576108800,2.1786,2.1951,2.0794,2.1035,1310140.8
1576123200,2.1035,2.1085,2.0494,2.0604,765684.66
1576137600,2.0604,2.1098,2.0197,2.0962,1171444.21
1576152000,2.0962,2.1319,2.07,2.0889,710108.14
1576166400,2.0889,2.1186,2.0734,2.111,465465.81
1576180800,2.111,2.1339,2.0978,2.1056,362146.66
1576195200,2.1056,2.1159,2.085,2.1079,268799.24
1576209600,2.1079,2.121,2.0666,2.1037,518749.88
1576224000,2.1037,2.1179,2.0797,2.0968,280403.3
1576238400,2.0968,2.0996,2.0575,2.0924,458317.0
1576252800,2.0924,2.1,2.0728,2.0825,211795.54
1576267200,2.0825,2.0871,2.0647,2.0709,225911.08
1576281600,2.0709,2.0764,2.0644,2.0764,136641.39
1576296000,2.0764,2.0933,2.0689,2.075,194523.1
1576310400,2.075,2.0775,2.0357,2.0511,292266.89
1576324800,2.0511,2.0531,1.9935,2.0003,524903.67
1576339200,2.0003,2.0349,1.97,2.0206,463846.06
1576353600,2.0206,2.0211,1.9939,1.9946,140803.08
1576368000,1.9946,1.9967,1.9606,1.9897,365471.05
1576382400,1.9897,2.06,1.9809,2.0544,314204.3
1576396800,2.0544,2.0871,2.0406,2.0511,529897.47
1576411200,2.0511,2.1,2.03,2.0875,519194.38
1576425600,2.0875,2.1168,2.0771,2.09,626405.51
1576440000,2.09,2.1,2.0592,2.0708,220911.53
1576454400,2.0708,2.081,2.0423,2.0481,150742.77
1576468800,2.0481,2.0493,2.0235,2.0258,226711.79
1576483200,2.0258,2.0873,2.02,2.0685,388424.54
1576497600,2.0685,2.0737,2.0294,2.0401,221850.89
1576512000,2.0401,2.0473,1.967,1.9797,1061175.09
1576526400,1.9797,2.01,1.967,1.9751,520678.49
1576540800,1.9751,2.0025,1.967,1.9746,304059.29
1576555200,1.9746,1.9746,1.8721,1.88,1489534.44
1576569600,1.88,1.8918,1.8662,1.8901,424403.68
1576584000,1.8901,1.8974,1.75,1.7501,1376031.24
1576598400,1.7501,1.8126,1.7151,1.7351,2230435.49
1576612800,1.7351,1.7865,1.7,1.7598,1561380.52
1576627200,1.7598,1.8296,1.7406,1.8023,789778.63
1576641600,1.8023,1.8148,1.747,1.7572,596031.63
1576656000,1.7572,1.7886,1.7365,1.7416,831609.31
1576670400,1.7416,1.8226,1.5996,1.812,2893617.03
1576684800,1.812,1.855,1.7629,1.8307,1973396.03
1576699200,1.8307,1.8995,1.8069,1.8703,1513085.68
1576713600,1.8703,1.8901,1.79,1.8155,921625.3
1576728000,1.8155,1.8408,1.7803,1.7811,455330.83
1576742400,1.7811,1.8362,1.749,1.8182,1372123.23
1576756800,1.8182,1.8442,1.7827,1.8173,1318770.45
1576771200,1.8173,1.8332,1.7851,1.8089,783612.96
1576785600,1.8089,1.8118,1.794,1.805,193939.81
1576800000,1.805,1.8258,1.7849,1.8216,470737.5
1576814400,1.8216,1.8689,1.803,1.8663,566027.09
1576828800,1.8663,1.8847,1.8372,1.8459,622428.98
1576843200,1.8459,1.8926,1.8459,1.852,666920.61
1576857600,1.852,1.8671,1.8437,1.8527,353522.83
1576872000,1.8527,1.9238,1.85,1.9182,605842.37
1576886400,1.9182,1.9204,1.895,1.8999,588474.47
1576900800,1.8999,1.915,1.8902,1.8904,296198.7
1576915200,1.8904,1.9136,1.887,1.9131,330181.74
1576929600,1.9131,1.9179,1.8741,1.8938,434496.89
1576944000,1.8938,1.9012,1.8675,1.8739,378095.05
1576958400,1.8739,1.8833,1.8544,1.8575,218761.07
1576972800,1.8575,1.8791,1.853,1.8774,174509.31
1576987200,1.8774,1.8915,1.87,1.8911,151215.78
1577001600,1.8911,1.8994,1.8618,1.8768,339198.86
1577016000,1.8768,1.9186,1.8768,1.9121,479930.02
1577030400,1.9121,1.9399,1.9047,1.9351,1086074.04
1577044800,1.9351,1.94,1.8912,1.9181,728793.11
1577059200,1.9181,1.9468,1.9167,1.9409,500177.3
1577073600,1.9409,1.9409,1.9051,1.9224,172157.82
1577088000,1.9224,1.9441,1.921,1.9441,323341.62
1577102400,1.9441,1.9499,1.9195,1.9423,509883.08
1577116800,1.9423,1.9532,1.8802,1.9065,743404.17
1577131200,1.9065,1.9065,1.846,1.8629,583968.77
1577145600,1.8629,1.8854,1.85,1.8621,343085.26
1577160000,1.8621,1.8695,1.8468,1.8493,199510.09
1577174400,1.8493,1.863,1.8269,1.8587,773804.07
1577188800,1.8587,1.8612,1.8229,1.8338,421640.22
1577203200,1.8338,1.8565,1.8154,1.8515,379602.18
1577217600,1.8515,1.8589,1.84,1.8435,162207.62
1577232000,1.8435,1.8462,1.8153,1.8315,197770.8
1577246400,1.8315,1.8348,1.8142,1.8306,159302.07
1577260800,1.8306,1.8325,1.8115,1.8191,118085.54
1577275200,1.8191,1.84,1.785,1.7901,513819.23
1577289600,1.7901,1.7947,1.76,1.7857,415261.3
1577304000,1.7857,1.799,1.7746,1.7826,175858.46
1577318400,1.7826,1.787,1.772,1.7752,67825.2
1577332800,1.7752,1.7908,1.7702,1.789,131260.66
1577347200,1.789,1.807,1.7855,1.7868,270042.1
1577361600,1.7868,1.8444,1.7855,1.8391,431872.11
1577376000,1.8391,1.9604,1.8197,1.9068,1086629.69
1577390400,1.9068,1.9168,1.8422,1.8539,686625.59
1577404800,1.8539,1.8817,1.8515,1.8707,172019.56
1577419200,1.8707,1.8985,1.8512,1.8828,590330.32
1577433600,1.8828,1.896,1.8529,1.8613,328663.49
1577448000,1.8613,1.9299,1.8435,1.9258,541617.3
1577462400,1.9258,1.9294,1.8784,1.889,614163.51
1577476800,1.889,1.8969,1.8669,1.8751,170638.75
1577491200,1.8751,1.8969,1.8555,1.8639,213315.38
1577505600,1.8639,1.8813,1.86,1.8635,247782.97
1577520000,1.8635,1.8845,1.8562,1.8794,162850.3
1577534400,1.8794,1.8955,1.8722,1.877,198276.87
1577548800,1.877,1.8957,1.8636,1.8926,312638.72
1577563200,1.8926,1.8994,1.8711,1.8746,134500.46
1577577600,1.8746,1.8759,1.8628,1.8688,84691.53
1577592000,1.8688,1.8736,1.8636,1.8689,81060.93
1577606400,1.8689,1.8799,1.8444,1.858,239774.92
1577620800,1.858,1.8635,1.8466,1.8607,403776.93
1577635200,1.8607,1.89,1.8576,1.8864,186666.92
1577649600,1.8864,1.92,1.8654,1.8976,415445.82
1577664000,1.8976,1.898,1.8714,1.8743,104287.53
1577678400,1.8743,1.8941,1.8666,1.8904,139552.58
1577692800,1.8904,1.8925,1.8584,1.8737,220236.27
1577707200,1.8737,1.8789,1.8284,1.8322,309175.3
1577721600,1.8322,1.8373,1.8072,1.82,216508.57
1577736000,1.82,1.8408,1.82,1.8243,109277.74
1577750400,1.8243,1.8292,1.795,1.7997,298569.33
1577764800,1.7997,1.8184,1.797,1.818,129880.26
1577779200,1.818,1.8191,1.8111,1.8142,78836.0
1577793600,1.8142,1.8149,1.7805,1.786,471796.29
1577808000,1.786,1.7984,1.754,1.7676,499537.92
1577822400,1.7676,1.774,1.7597,1.7673,159029.48
1577836800,1.7673,1.8033,1.7606,1.7932,74987.58
1577851200,1.7932,1.8051,1.7843,1.7857,93409.92
1577865600,1.7857,1.8224,1.7817,1.8153,274571.95
1577880000,1.8153,1.8548,1.8116,1.8392,342616.92
1577894400,1.8392,1.8525,1.815,1.8201,244324.04
1577908800,1.8201,1.825,1.8006,1.8111,128837.91
1577923200,1.8111,1.8164,1.7747,1.7832,123024.76
1577937600,1.7832,1.7909,1.779,1.7888,113290.33
1577952000,1.7888,1.8091,1.787,1.7979,112157.44
1577966400,1.7979,1.805,1.785,1.7985,128268.14
1577980800,1.7985,1.8057,1.7259,1.7322,680570.73
1577995200,1.7322,1.7421,1.7065,1.7366,265680.89
1578009600,1.7366,1.74,1.7013,1.7295,391069.66
1578024000,1.7295,1.7946,1.7293,1.7791,299326.76
1578038400,1.7791,1.8267,1.7791,1.8093,327775.35
1578052800,1.8093,1.8178,1.7798,1.7965,270607.5
1578067200,1.7965,1.8292,1.791,1.8244,314644.06
1578081600,1.8244,1.8244,1.7869,1.804,186190.66
1578096000,1.804,1.8069,1.784,1.7988,231611.81
1578110400,1.7988,1.8078,1.7891,1.8003,113976.0
1578124800,1.8003,1.8154,1.7935,1.8019,138978.52
1578139200,1.8019,1.8175,1.7882,1.8155,124083.12
1578153600,1.8155,1.8446,1.8126,1.826,488472.79
1578168000,1.826,1.8345,1.8142,1.8242,144200.57
1578182400,1.8242,1.841,1.805,1.8156,452888.68
1578196800,1.8156,1.8197,1.7979,1.8124,240286.72
1578211200,1.8124,1.8182,1.8047,1.815,90887.55
1578225600,1.815,1.84,1.8086,1.834,273705.26
1578240000,1.834,1.8413,1.8187,1.8242,186107.61
1578254400,1.8242,1.8251,1.785,1.7957,280841.58
1578268800,1.7957,1.8417,1.7925,1.8407,290168.3
1578283200,1.8407,1.8465,1.8225,1.8243,259603.04
1578297600,1.8243,1.92,1.824,1.8964,1074538.01
1578312000,1.8964,1.8989,1.856,1.8775,599767.31
1578326400,1.8775,1.9155,1.8699,1.909,459572.95
1578340800,1.909,1.9386,1.8995,1.9374,617612.05
1578355200,1.9374,1.9594,1.9271,1.934,530625.37
1578369600,1.934,1.9445,1.8993,1.9434,374262.37
1578384000,1.9434,2.0457,1.9246,2.0145,990960.98
1578398400,2.0145,2.0999,2.013,2.0366,2277344.67
1578412800,2.0366,2.099,2.0245,2.0549,1337760.2
1578427200,2.0549,2.1398,2.0478,2.1033,1362549.8
1578441600,2.1033,2.17,2.1006,2.1401,1251519.12
1578456000,2.1401,2.33,2.1401,2.2511,2610437.01
1578470400,2.2511,2.3495,2.2165,2.3082,2080546.64
1578484800,2.3082,2.331,2.205,2.2305,2315289.85
1578499200,2.2305,2.2775,2.1164,2.1296,2518989.0
1578513600,2.1296,2.2261,2.1237,2.1892,1370880.08
1578528000,2.1892,2.1924,2.1231,2.1452,1004207.09
1578542400,2.1452,2.1589,2.1354,2.1427,363108.34
1578556800,2.1427,2.1481,2.0977,2.1285,759138.81
1578571200,2.1285,2.223,2.1233,2.186,1156048.77
1578585600,2.186,2.226,2.1316,2.2125,877135.86
1578600000,2.2125,2.2344,2.145,2.1886,940206.1
1578614400,2.1886,2.2489,2.1836,2.2214,841765.82
1578628800,2.2214,2.2434,2.1946,2.2137,543205.13
1578643200,2.2137,2.23,2.1455,2.2266,986347.33
1578657600,2.2266,2.23,2.1681,2.2289,851480.97
1578672000,2.2289,2.2377,2.195,2.2221,641508.42
1578686400,2.2221,2.234,2.1975,2.2257,371218.36
1578700800,2.2257,2.312,2.218,2.2701,1089148.66
1578715200,2.2701,2.2796,2.2319,2.2573,430691.94
1578729600,2.2573,2.2875,2.2352,2.2599,503594.29
1578744000,2.2599,2.3398,2.2539,2.32,794564.12
1578758400,2.32,2.345,2.285,2.2968,820594.8
1578772800,2.2968,2.3093,2.2613,2.2734,708511.25
1578787200,2.2734,2.2918,2.2466,2.2649,362254.15
1578801600,2.2649,2.3212,2.2591,2.2808,462430.91
1578816000,2.2808,2.3035,2.255,2.2557,336032.26
1578830400,2.2557,2.2791,2.251,2.267,361077.1
1578844800,2.267,2.2712,2.2187,2.2327,585183.86
1578859200,2.2327,2.2442,2.212,2.2383,395645.95
1578873600,2.2383,2.2383,2.1561,2.1648,776839.85
1578888000,2.1648,2.1923,2.1571,2.1752,268127.62
1578902400,2.1752,2.1965,2.1575,2.1608,310149.78
1578916800,2.1608,2.1898,2.1593,2.168,239644.62
1578931200,2.168,2.195,2.168,2.1815,224884.02
1578945600,2.1815,2.1978,2.1707,2.1901,157689.34
1578960000,2.1901,2.25,2.1792,2.2392,811702.41
1578974400,2.2392,2.2648,2.2246,2.2616,544119.28
1578988800,2.2616,2.2777,2.2299,2.2549,447986.15
1579003200,2.2549,2.4497,2.2327,2.3975,2190081.14
1579017600,2.3975,2.4701,2.3213,2.3927,2390010.6
1579032000,2.3927,2.43,2.356,2.3751,678407.86
1579046400,2.3751,2.5604,2.3332,2.4887,2225170.28
1579060800,2.4887,2.514,2.3805,2.4442,1132412.59
1579075200,2.4442,2.52,2.4414,2.453,832862.59
1579089600,2.453,2.4941,2.4051,2.4248,894297.55
1579104000,2.4248,2.4536,2.3873,2.4286,813971.88
1579118400,2.4286,2.4554,2.395,2.3953,515749.97
1579132800,2.3953,2.4117,2.2932,2.3091,881472.34
1579147200,2.3091,2.3762,2.3005,2.3584,430396.88
1579161600,2.3584,2.4995,2.3187,2.4671,1432877.85
1579176000,2.4671,2.4758,2.4009,2.4748,905906.47
1579190400,2.4748,2.4861,2.44,2.4712,662428.68
1579204800,2.4712,2.51,2.4348,2.4925,631622.2
1579219200,2.4925,2.69,2.4589,2.6355,2242207.2
1579233600,2.6355,2.725,2.6,2.6406,2128762.93
1579248000,2.6406,2.86,2.6339,2.7528,3722322.02
1579262400,2.7528,2.763,2.6401,2.7283,1778213.86
1579276800,2.7283,2.7727,2.621,2.6757,1489807.05
1579291200,2.6757,2.742,2.6543,2.7006,860598.04
1579305600,2.7006,2.7946,2.6789,2.6985,878077.02
1579320000,2.6985,2.7004,2.58,2.6385,855431.26
1579334400,2.6385,2.7611,2.6299,2.712,765608.09
1579348800,2.712,2.7749,2.6683,2.6975,726840.99
1579363200,2.6975,2.7319,2.6531,2.7301,614513.54
1579377600,2.7301,2.786,2.7189,2.7709,662355.15
1579392000,2.7709,2.8288,2.7311,2.8283,872042.73
1579406400,2.8283,2.8475,2.769,2.8003,746354.83
1579420800,2.8003,2.82,2.6,2.6724,1467695.76
1579435200,2.6724,2.6724,2.6,2.6131,1249301.01
1579449600,2.6131,2.6371,2.5385,2.5702,989443.62
1579464000,2.5702,2.6548,2.5442,2.6212,1326046.83
1579478400,2.6212,2.6456,2.5608,2.5814,640317.71
1579492800,2.5814,2.627,2.5622,2.6117,380091.94
1579507200,2.6117,2.627,2.5815,2.596,232326.71
1579521600,2.596,2.6476,2.5425,2.6351,997300.48
1579536000,2.6351,2.7327,2.6318,2.6961,1172738.09
1579550400,2.6961,2.7443,2.6664,2.688,719914.6
1579564800,2.688,2.744,2.6816,2.737,375561.94
1579579200,2.737,2.7423,2.6815,2.6955,218614.72
1579593600,2.6955,2.72,2.6775,2.7082,358526.38
1579608000,2.7082,2.719,2.6805,2.6901,367203.82
1579622400,2.6901,2.698,2.57,2.5905,907077.52
1579636800,2.5905,2.6949,2.5834,2.6716,1017669.71
1579651200,2.6716,2.6798,2.6475,2.6648,211887.75
1579665600,2.6648,2.6978,2.6557,2.6824,428881.92
1579680000,2.6824,2.6876,2.6587,2.669,208590.98
1579694400,2.669,2.6743,2.6313,2.6379,317696.8
1579708800,2.6379,2.6619,2.6187,2.64,359952.59
1579723200,2.64,2.6524,2.6281,2.6426,110194.98
1579737600,2.6426,2.647,2.56,2.5639,500655.62
1579752000,2.5639,2.566,2.4741,2.5293,1386118.79
1579766400,2.5293,2.54,2.4256,2.4554,1353468.72
1579780800,2.4554,2.4996,2.4314,2.4861,655857.09
1579795200,2.4861,2.5095,2.441,2.4653,563399.31
1579809600,2.4653,2.4805,2.4465,2.4698,347303.68
1579824000,2.4698,2.4698,2.3638,2.3936,725036.12
1579838400,2.3936,2.4111,2.3689,2.3922,358382.2
1579852800,2.3922,2.5196,2.3706,2.5076,1210551.05
1579867200,2.5076,2.533,2.4861,2.5192,960959.37
1579881600,2.5192,2.523,2.4655,2.5199,557660.14
1579896000,2.5199,2.52,2.4803,2.5024,349063.09
1579910400,2.5024,2.51,2.436,2.4398,494241.67
1579924800,2.4398,2.4982,2.437,2.4505,268999.46
1579939200,2.4505,2.49,2.4315,2.4338,347544.89
1579953600,2.4338,2.451,2.421,2.4365,190702.34
1579968000,2.4365,2.49,2.4342,2.4864,336791.23
1579982400,2.4864,2.4907,2.4399,2.4468,243651.87
1579996800,2.4468,2.4688,2.4266,2.4688,144317.58
1580011200,2.4688,2.4792,2.4594,2.4725,115174.25
1580025600,2.4725,2.496,2.4611,2.4947,353028.92
1580040000,2.4947,2.5288,2.4861,2.5073,359307.8
1580054400,2.5073,2.5757,2.5072,2.5423,662895.3
1580068800,2.5423,2.5764,2.5423,2.5764,302112.62
1580083200,2.5764,2.6361,2.5764,2.6065,651083.34
1580097600,2.6065,2.626,2.5854,2.6044,240059.2
1580112000,2.6044,2.6198,2.5656,2.6123,540991.91
1580126400,2.6123,2.6764,2.6001,2.665,696995.05
1580140800,2.665,2.6748,2.6235,2.6497,712483.36
1580155200,2.6497,2.6607,2.578,2.6055,584474.79
1580169600,2.6055,2.66,2.6047,2.6187,691032.86
1580184000,2.6187,2.635,2.5868,2.6305,326415.1
1580198400,2.6305,2.65,2.5943,2.639,342705.58
1580212800,2.639,2.67,2.6002,2.6264,793610.79
1580227200,2.6264,2.6339,2.5874,2.6083,331297.21
1580241600,2.6083,2.67,2.6083,2.6558,628526.63
1580256000,2.6558,2.7054,2.6316,2.7053,685043.54
1580270400,2.7053,2.81,2.7021,2.7546,1347914.55
1580284800,2.7546,2.7614,2.6926,2.7176,743898.61
1580299200,2.7176,2.7231,2.6651,2.6745,538934.69
1580313600,2.6745,2.7735,2.6679,2.7545,621006.02
1580328000,2.7545,2.8348,2.7493,2.7773,1332870.31
1580342400,2.7773,2.7902,2.7167,2.7523,687829.9
1580356800,2.7523,2.7945,2.7523,2.7897,302937.67
1580371200,2.7897,2.8587,2.77,2.84,1119497.39
1580385600,2.84,2.9482,2.8382,2.9198,1934811.64
1580400000,2.9198,2.9269,2.8419,2.9093,981610.13
1580414400,2.9093,2.9435,2.8875,2.9156,754063.29
1580428800,2.9156,2.9156,2.8623,2.8943,607606.76
1580443200,2.8943,2.901,2.8551,2.8729,440804.67
1580457600,2.8729,2.907,2.8552,2.8614,513873.38
1580472000,2.8614,2.8629,2.7628,2.8392,1491906.99
1580486400,2.8392,2.8528,2.7941,2.7941,413452.86
1580500800,2.7941,2.8465,2.7941,2.8259,442786.55
1580515200,2.8259,2.88,2.823,2.8473,403222.87
1580529600,2.8473,2.8497,2.8226,2.8457,195350.73
1580544000,2.8457,2.8484,2.7651,2.7841,554117.09
1580558400,2.7841,2.8052,2.7438,2.7751,817095.11
1580572800,2.7751,2.8187,2.775,2.8053,465419.8
1580587200,2.8053,2.84,2.8012,2.8378,302336.17
1580601600,2.8378,2.8395,2.7425,2.7507,468168.65
1580616000,2.7507,2.8317,2.7314,2.8216,453147.07
1580630400,2.8216,2.8869,2.8102,2.875,674427.4
1580644800,2.875,2.8869,2.8317,2.8571,786041.47
1580659200,2.8571,2.8808,2.8507,2.8563,405250.65
1580673600,2.8563,2.8862,2.8026,2.8267,655854.35
1580688000,2.8267,2.879,2.8068,2.8256,540620.32
1580702400,2.8256,2.8467,2.8154,2.8273,284594.08
1580716800,2.8273,2.8296,2.7729,2.8011,551126.19
1580731200,2.8011,2.812,2.7471,2.7522,751296.89
1580745600,2.7522,2.7907,2.7451,2.7843,431867.17
1580760000,2.7843,2.8,2.7585,2.771,547254.21
1580774400,2.771,2.8038,2.7676,2.7781,378477.95
1580788800,2.7781,2.7781,2.688,2.7411,1333597.98
1580803200,2.7411,2.7471,2.6751,2.7107,993485.01
1580817600,2.7107,2.7396,2.6814,2.7373,592132.34
1580832000,2.7373,2.761,2.7078,2.7122,910319.96
1580846400,2.7122,2.7462,2.7004,2.7395,286402.65
1580860800,2.7395,2.7574,2.7261,2.752,271423.81
1580875200,2.752,2.8097,2.7409,2.793,676509.07
1580889600,2.793,2.8574,2.7722,2.8506,1048436.15
1580904000,2.8506,2.8748,2.825,2.8603,730534.1
1580918400,2.8603,2.8845,2.8018,2.8164,1014104.31
1580932800,2.8164,2.8649,2.8158,2.839,526681.78
1580947200,2.839,2.8588,2.79,2.8588,568392.72
1580961600,2.8588,2.8815,2.851,2.8703,600965.78
1580976000,2.8703,2.9436,2.8416,2.919,1153812.77
1580990400,2.919,2.9383,2.83,2.8864,1162558.17
1581004800,2.8864,2.928,2.8622,2.9171,464021.47
1581019200,2.9171,2.9247,2.8726,2.89,433449.55
1581033600,2.89,3.05,2.8882,3.0148,1501598.32
1581048000,3.0148,3.2772,3.014,3.2772,3406174.73
1581062400,3.2772,3.3274,3.1761,3.1926,3522498.86
1581076800,3.1926,3.2616,3.139,3.2259,2366680.26
1581091200,3.2259,3.3682,3.2001,3.3135,2694429.81
1581105600,3.3135,3.3435,3.234,3.3072,1348781.76
1581120000,3.3072,3.395,3.131,3.1995,2769839.35
1581134400,3.1995,3.2898,3.1837,3.2834,1168410.94
1581148800,3.2834,3.38,3.281,3.3318,1825775.96
1581163200,3.3318,3.3575,3.26,3.3138,1223515.74
1581177600,3.3138,3.4865,3.3115,3.428,2084960.52
1581192000,3.428,3.47,3.3813,3.4171,987258.04
1581206400,3.4171,3.44,3.3371,3.4004,799071.29
1581220800,3.4004,3.4197,3.3511,3.3985,664905.35
1581235200,3.3985,3.4096,3.313,3.3347,1187924.12
1581249600,3.3347,3.4039,3.233,3.2921,1255742.74
1581264000,3.2921,3.3659,3.2921,3.3117,914510.41
1581278400,3.3117,3.4984,3.2682,3.4945,1328871.65
1581292800,3.4945,3.4972,3.3789,3.4043,1259942.16
1581307200,3.4043,3.4681,3.3113,3.4257,1463598.98
1581321600,3.4257,3.4305,3.2806,3.316,1618469.4
1581336000,3.316,3.4389,3.305,3.3819,1063231.09
1581350400,3.3819,3.3924,3.3231,3.3395,553894.05
1581364800,3.3395,3.4422,3.3395,3.3862,799238.67
1581379200,3.3862,3.4534,3.35,3.446,1085067.3
1581393600,3.446,3.4476,3.3709,3.4078,994317.01
1581408000,3.4078,3.6591,3.4024,3.6312,2448952.03
1581422400,3.6312,3.7847,3.6211,3.7336,3112313.84
1581436800,3.7336,3.89,3.6593,3.8198,2616736.11
1581451200,3.8198,3.9964,3.8068,3.9931,1522719.78
1581465600,3.9931,4.0737,3.8472,3.8717,2946873.99
1581480000,3.8717,4.14,3.8632,4.03,2280948.21
1581494400,4.03,4.1888,3.9462,4.1081,2649256.75
1581508800,4.1081,4.2,4.0221,4.0283,1929267.84
1581523200,4.0283,4.1254,3.9,3.9797,2384692.3
1581537600,3.9797,4.0892,3.9213,3.9953,1482108.22
1581552000,3.9953,4.0969,3.9832,3.9951,959226.31
1581566400,3.9951,4.0346,3.9083,3.911,1005249.23
1581580800,3.911,3.9669,3.7123,3.9067,2414451.51
1581595200,3.9067,4.1147,3.863,4.022,1899991.17
1581609600,4.022,4.0491,3.91,3.9725,891227.37
1581624000,3.9725,3.985,3.7939,3.8765,1062449.7
1581638400,3.8765,3.9862,3.7873,3.9503,1095443.5
1581652800,3.9503,3.9674,3.8251,3.8781,753328.65
1581667200,3.8781,4.0586,3.8729,4.0187,1152474.51
1581681600,4.0187,4.3917,4.0141,4.3023,3908819.26
1581696000,4.3023,4.3799,4.251,4.3278,1942510.61
1581710400,4.3278,4.487,4.3011,4.426,1516768.42
1581724800,4.426,4.475,4.2985,4.4541,1320323.73
1581739200,4.4541,4.4697,4.3508,4.3944,1062725.77
1581753600,4.3944,4.5329,4.3702,4.4433,1406514.78
1581768000,4.4433,4.621,4.2751,4.3488,3063139.2
1581782400,4.3488,4.5479,4.065,4.4926,5849872.5
1581796800,4.4926,4.5574,4.2717,4.3241,2906402.08
1581811200,4.3241,4.513,4.1619,4.4302,2441871.5
1581825600,4.4302,4.4643,4.3374,4.4638,1213795.3
1581840000,4.4638,4.8671,4.4293,4.6869,5043287.29
1581854400,4.6869,4.7464,4.43,4.4961,4748209.08
1581868800,4.4961,4.5889,4.0384,4.3922,6321992.45
1581883200,4.3922,4.5779,4.25,4.4566,2402204.07
1581897600,4.4566,4.5522,4.1561,4.1962,2578644.28
1581912000,4.1962,4.33,4.0925,4.162,2718386.8
1581926400,4.162,4.3102,3.8839,3.9735,4478472.91
1581940800,3.9735,4.2736,3.8449,4.2598,4736036.79
1581955200,4.2598,4.4514,4.1871,4.33,3514495.62
1581969600,4.33,4.3888,4.235,4.3108,1317105.85
1581984000,4.3108,4.44,4.1416,4.386,1657070.13
1581998400,4.386,4.5587,4.3647,4.491,1918085.38
1582012800,4.491,4.4997,4.3014,4.4504,2014915.93
1582027200,4.4504,4.4682,4.2246,4.4357,2378276.82
1582041600,4.4357,4.636,4.4334,4.5861,2524215.22
1582056000,4.5861,4.6085,4.4585,4.5523,1438643.09
1582070400,4.5523,4.7541,4.4611,4.6522,2267717.68
1582084800,4.6522,4.7414,4.5801,4.6051,1353326.54
1582099200,4.6051,4.74,4.5529,4.7307,1316779.8
1582113600,4.7307,4.7307,4.7307,4.7307,0.0
1582128000,4.7307,4.8355,4.673,4.678,1188490.15
1582142400,4.678,4.6963,4.193,4.3873,3983446.31
1582156800,4.3873,4.4865,4.2383,4.358,2168907.0
1582171200,4.358,4.4272,4.3299,4.3903,1169347.16
1582185600,4.3903,4.3903,4.1601,4.1681,1837035.36
1582200000,4.1681,4.3815,4.0673,4.2591,2968338.4
1582214400,4.2591,4.3341,4.0777,4.1965,2128624.33
1582228800,4.1965,4.3625,4.1744,4.2644,1206508.4
1582243200,4.2644,4.3897,4.184,4.354,1276363.57
1582257600,4.354,4.3898,4.2348,4.2882,744065.25
1582272000,4.2882,4.471,4.2578,4.4307,1249453.57
1582286400,4.4307,4.5127,4.3448,4.4224,1602732.09
1582300800,4.4224,4.4499,4.3053,4.3221,1036071.46
1582315200,4.3221,4.3443,4.1901,4.2778,1821394.26
1582329600,4.2778,4.35,4.2282,4.2614,866533.01
1582344000,4.2614,4.2786,4.1094,4.1887,1262563.96
1582358400,4.1887,4.2284,4.1094,4.181,882590.34
1582372800,4.181,4.29,4.1243,4.1304,1049684.06
1582387200,4.1304,4.16,4.0332,4.1234,1760751.65
1582401600,4.1234,4.18,4.0627,4.1066,894331.0
1582416000,4.1066,4.2629,4.0693,4.2173,746231.17
1582430400,4.2173,4.3768,4.181,4.3381,1519437.92
1582444800,4.3381,4.3712,4.2345,4.2496,1030220.84
1582459200,4.2496,4.305,4.1897,4.2359,922800.09
1582473600,4.2359,4.2538,4.1844,4.1884,558838.55
1582488000,4.1884,4.2806,4.1559,4.2365,874789.67
1582502400,4.2365,4.2871,4.02,4.1075,1525031.5
1582516800,4.1075,4.1439,4.0277,4.1331,784314.27
1582531200,4.1331,4.164,4.0579,4.146,653294.11
1582545600,4.146,4.1629,4.02,4.0399,1073530.64
1582560000,4.0399,4.043,3.7916,3.9107,3404914.73
1582574400,3.9107,3.9445,3.825,3.9148,1150200.82
1582588800,3.9148,3.96,3.833,3.8461,957662.71
1582603200,3.8461,3.8474,3.6339,3.6861,2112170.09
1582617600,3.6861,3.7894,3.67,3.7664,1631184.73
1582632000,3.7664,3.85,3.6191,3.6321,2876983.51
1582646400,3.6321,3.6781,3.5,3.5428,3163284.09
1582660800,3.5428,3.64,3.4864,3.4905,1653246.39
1582675200,3.4905,3.5563,3.3113,3.4118,2929545.66
1582689600,3.4118,3.5499,3.3457,3.4192,2328735.81
1582704000,3.4192,3.5187,3.364,3.4386,1687434.34
1582718400,3.4386,3.6904,3.3654,3.5261,5759331.36
1582732800,3.5261,3.8587,3.4082,3.7753,6968098.26
1582747200,3.7753,3.7857,3.561,3.5648,2574894.12
1582761600,3.5648,3.7222,3.4197,3.6628,3867401.12
1582776000,3.6628,3.7294,3.61,3.6934,1782443.25
1582790400,3.6934,3.83,3.6712,3.7531,1952541.54
1582804800,3.7531,3.8516,3.7295,3.8318,2369210.98
1582819200,3.8318,4.132,3.8313,4.1117,5391095.81
1582833600,4.1117,4.1216,3.852,3.9579,3890241.85
1582848000,3.9579,4.1111,3.9382,4.0352,2240538.23
1582862400,4.0352,4.044,3.8675,3.925,2149645.04
1582876800,3.925,3.9965,3.75,3.9224,3821248.91
1582891200,3.9224,4.1,3.7996,4.0655,4168128.61
1582905600,4.0655,4.0845,3.8912,3.9781,2710132.96
1582920000,3.9781,4.2395,3.97,4.1609,3188042.45
1582934400,4.1609,4.2715,4.12,4.2145,2065109.68
1582948800,4.2145,4.3358,4.2105,4.2822,1731208.41
1582963200,4.2822,4.3535,4.16,4.2992,2552990.29
1582977600,4.2992,4.2999,4.1266,4.215,2210331.75
1582992000,4.215,4.3,4.1449,4.247,1707793.01
1583006400,4.247,4.3034,4.0572,4.0579,2244707.92
1583020800,4.0579,4.2385,4.038,4.1294,1958135.99
1583035200,4.1294,4.1583,3.9883,4.0029,2239916.0
1583049600,4.0029,4.1771,3.9896,4.1416,1907793.55
1583064000,4.1416,4.1999,3.9391,3.9548,2728738.19
1583078400,3.9548,3.9635,3.7607,3.9401,4028817.08
1583092800,3.9401,3.9584,3.8051,3.859,1885122.26
1583107200,3.859,3.923,3.8173,3.8738,1357618.24
1583121600,3.8738,4.13,3.8704,4.0096,2145334.65
1583136000,4.0096,4.2127,4.006,4.154,2325037.04
1583150400,4.154,4.3,4.1006,4.294,3147724.86
1583164800,4.294,4.3435,4.2155,4.27,2498587.72
1583179200,4.27,4.298,4.1837,4.2423,1181853.54
1583193600,4.2423,4.25,4.1249,4.232,1963937.46
1583208000,4.232,4.2685,4.1548,4.1988,1462524.68
1583222400,4.1988,4.3511,4.1818,4.349,1483724.7
1583236800,4.349,4.4468,4.3052,4.3685,5312843.27
1583251200,4.3685,4.4,4.2751,4.3862,2379454.85
1583265600,4.3862,4.68,4.3601,4.5846,4586838.04
1583280000,4.5846,4.7689,4.5333,4.6934,2786145.83
1583294400,4.6934,4.832,4.6876,4.748,2457172.14
1583308800,4.748,4.7799,4.6013,4.7466,1811903.61
1583323200,4.7466,4.9762,4.6957,4.7714,5232290.56
1583337600,4.7714,4.8229,4.631,4.6602,3412593.64
1583352000,4.6602,4.78,4.5747,4.6406,2923193.73
1583366400,4.6406,4.8,4.6239,4.6318,2134649.13
1583380800,4.6318,4.786,4.6285,4.7576,1466629.08
1583395200,4.7576,4.899,4.7576,4.819,2713102.67
1583409600,4.819,4.8566,4.701,4.7797,2227874.9
1583424000,4.7797,4.85,4.7462,4.8037,1480846.29
1583438400,4.8037,4.8071,4.6368,4.7151,1844347.01
1583452800,4.7151,4.7275,4.58,4.6,1192003.66
1583467200,4.6,4.7257,4.5429,4.675,1848848.81
1583481600,4.675,4.78,4.6156,4.718,1376125.51
1583496000,4.718,4.7226,4.5635,4.5759,1366718.45
1583510400,4.5759,4.645,4.5556,4.5879,1030258.48
1583524800,4.5879,4.6947,4.5854,4.6814,853650.22
1583539200,4.6814,4.6863,4.6018,4.6212,613038.4
1583553600,4.6212,4.6747,4.5992,4.6233,678046.13
1583568000,4.6233,4.6646,4.6055,4.6154,563313.99
1583582400,4.6154,4.6504,4.48,4.5327,1951229.7
1583596800,4.5327,4.63,4.3568,4.4685,2985480.23
1583611200,4.4685,4.4748,4.3143,4.3412,1418398.4
1583625600,4.3412,4.3468,4.15,4.2193,2649330.01
1583640000,4.2193,4.29,4.192,4.2899,1054148.55
1583654400,4.2899,4.3099,4.195,4.2541,1378069.22
1583668800,4.2541,4.2912,3.95,4.033,3229927.37
1583683200,4.033,4.4646,3.85,4.3912,6521938.6
1583697600,4.3912,4.4042,3.9773,4.0537,3491253.51
1583712000,4.0537,4.3385,4.0469,4.1433,3599472.3
1583726400,4.1433,4.3522,4.04,4.2122,4237090.11
1583740800,4.2122,4.369,4.062,4.1019,3236216.24
1583755200,4.1019,4.1998,3.6012,3.9047,7600255.05
1583769600,3.9047,4.0763,3.7783,4.0,6740050.19
1583784000,4.0,4.1276,3.8718,4.1231,3642560.63
1583798400,4.1231,4.1857,3.947,3.9847,3322750.73
1583812800,3.9847,4.125,3.9675,3.9808,1911010.49
1583827200,3.9808,4.1671,3.9367,4.1519,3294153.03
1583841600,4.1519,4.2119,3.915,3.925,4827401.26
1583856000,3.925,4.0951,3.9132,4.0763,2858041.83
1583870400,4.0763,4.1509,4.0537,4.0839,1857966.25
1583884800,4.0839,4.11,4.06,4.0871,991213.56
1583899200,4.0871,4.109,3.962,3.9963,1704297.79
1583913600,3.9963,4.046,3.877,3.9296,2609156.55
1583928000,3.9296,3.9373,3.65,3.7268,4687529.0
1583942400,3.7268,3.7911,3.5514,3.7728,6245528.51
1583956800,3.7728,3.8501,3.6899,3.8169,3355766.15
1583971200,3.8169,3.8519,3.3399,3.3931,6855029.81
1583985600,3.3931,3.3933,3.046,3.1448,7879187.89
1584000000,3.1448,3.2178,0.0001,2.3479,14183486.36
1584014400,2.3479,2.6766,2.138,2.5663,16955681.94
1584028800,2.5663,2.7469,2.4112,2.5796,10051537.02
1584043200,2.5796,2.586,1.8,1.9931,16751703.15
1584057600,1.9931,2.3585,1.36,2.1028,21691956.75
1584072000,2.1028,2.2555,1.78,2.21,9038355.33
1584086400,2.21,2.47,2.1017,2.2643,10127690.88
1584100800,2.2643,2.752,2.0,2.2319,15547129.05
1584115200,2.2319,2.4108,1.95,2.3099,9908063.83
1584129600,2.3099,2.57,2.201,2.4333,7321145.16
1584144000,2.4333,2.5141,2.2971,2.4573,3842814.97
1584158400,2.4573,2.4585,2.3312,2.4234,2168110.21
1584172800,2.4234,2.4268,2.091,2.3414,4755185.47
1584187200,2.3414,2.3414,2.2253,2.2461,2356828.15
1584201600,2.2461,2.3614,2.2307,2.3176,3126261.76
1584216000,2.3176,2.3438,2.0607,2.1379,5394999.02
1584230400,2.1379,2.2037,2.0699,2.1231,2745805.7
1584244800,2.1231,2.1942,2.1127,2.1449,1743215.62
1584259200,2.1449,2.27,2.068,2.2176,3796809.13
1584273600,2.2176,2.2917,2.1136,2.146,3511991.96
1584288000,2.146,2.1549,2.08,2.1131,2646344.53
1584302400,2.1131,2.4,2.015,2.0884,9612419.56
1584316800,2.0884,2.0898,1.9845,2.0041,4817118.03
1584331200,2.0041,2.0044,1.687,1.6981,8205923.56
1584345600,1.6981,1.801,1.5571,1.5961,8779502.51
1584360000,1.5961,1.8931,1.569,1.8673,13983234.17
1584374400,1.8673,1.8885,1.6968,1.7419,6682182.9
1584388800,1.7419,1.7982,1.6739,1.7832,4707235.1
1584403200,1.7832,1.9833,1.73,1.9282,6762797.71
1584417600,1.9282,2.069,1.8775,2.022,6156710.74
1584432000,2.022,2.061,1.8851,1.9472,4817847.16
1584446400,1.9472,2.0068,1.8,1.9888,6038067.03
1584460800,1.9888,2.0541,1.899,1.9592,5316491.52
1584475200,1.9592,2.0058,1.8641,1.8641,3747164.52
1584489600,1.8641,1.934,1.8526,1.9145,3238631.91
1584504000,1.9145,1.9417,1.7942,1.8253,3320822.36
1584518400,1.8253,1.85,1.7699,1.8271,3528798.13
1584532800,1.8271,1.9315,1.762,1.877,5893746.35
1584547200,1.877,1.885,1.821,1.87,3017450.3
1584561600,1.87,1.9543,1.8669,1.9483,3314025.25
1584576000,1.9483,1.9934,1.8841,1.9005,2519350.85
1584590400,1.9005,1.9828,1.8972,1.9705,2233096.73
1584604800,1.9705,2.1049,1.9556,2.0916,4802930.94
1584619200,2.0916,2.247,2.0877,2.1868,10293748.64
1584633600,2.1868,2.33,2.1563,2.2416,9437347.77
1584648000,2.2416,2.37,2.21,2.2398,4122507.41
1584662400,2.2398,2.3162,2.2,2.2209,2505563.83
1584676800,2.2209,2.36,2.2026,2.3444,2929819.65
1584691200,2.3444,2.6249,2.34,2.4728,9926741.02
1584705600,2.4728,2.586,2.3265,2.499,7354727.14
1584720000,2.499,2.5254,2.26,2.2795,6434460.15
1584734400,2.2795,2.3573,2.0143,2.26,10239347.08
1584748800,2.26,2.375,2.1955,2.2813,3435364.58
1584763200,2.2813,2.3049,2.1577,2.2126,1972155.75
1584777600,2.2126,2.2212,2.105,2.2062,3134060.51
1584792000,2.2062,2.2703,2.1776,2.26,4462501.74
1584806400,2.26,2.2838,2.184,2.2566,2601282.69
1584820800,2.2566,2.3484,2.2079,2.2787,3883207.92
1584835200,2.2787,2.3282,2.2163,2.3192,1593912.02
1584849600,2.3192,2.33,2.2634,2.2697,1521365.96
1584864000,2.2697,2.2833,2.1902,2.201,1710796.17
1584878400,2.201,2.2016,2.0573,2.1122,5145207.67
1584892800,2.1122,2.1315,2.0005,2.0031,4960276.7
1584907200,2.0031,2.1325,1.9334,1.9898,6702473.17
1584921600,1.9898,2.0536,1.9352,2.0307,2603329.25
1584936000,2.0307,2.0493,1.976,1.9927,1944447.44
1584950400,1.9927,2.0277,1.9383,1.9988,2940958.63
1584964800,1.9988,2.3,1.997,2.1245,9937491.94
1584979200,2.1245,2.1931,2.1245,2.147,2536802.25
1584993600,2.147,2.26,2.1436,2.2468,3725821.85
1585008000,2.2468,2.2956,2.2127,2.219,2702927.42
1585022400,2.219,2.2718,2.195,2.2626,1828936.9
1585036800,2.2626,2.3709,2.2625,2.334,4650323.18
1585051200,2.334,2.3355,2.2285,2.2737,4512066.23
1585065600,2.2737,2.3412,2.2462,2.3234,2612666.55
1585080000,2.3234,2.3396,2.264,2.3104,2093101.04
1585094400,2.3104,2.3242,2.2335,2.238,1717068.04
1585108800,2.238,2.2849,2.223,2.2556,1150430.49
1585123200,2.2556,2.35,2.1804,2.21,3955095.64
1585137600,2.21,2.2983,2.2024,2.2454,2467778.64
1585152000,2.2454,2.2755,2.2319,2.2431,1057343.8
1585166400,2.2431,2.2652,2.2165,2.257,973347.69
1585180800,2.257,2.2785,2.2364,2.2659,777785.68
1585195200,2.2659,2.2867,2.23,2.2649,1167514.91
1585209600,2.2649,2.2743,2.2396,2.249,798497.65
1585224000,2.249,2.265,2.1884,2.2372,1477071.88
1585238400,2.2372,2.2592,2.2215,2.2387,721457.85
1585252800,2.2387,2.3132,2.2369,2.3132,1876473.74
1585267200,2.3132,2.3599,2.301,2.3232,1707545.36
1585281600,2.3232,2.3432,2.2764,2.3074,1020535.54
1585296000,2.3074,2.31,2.2536,2.2642,1043345.74
1585310400,2.2642,2.2924,2.23,2.2498,1449087.93
1585324800,2.2498,2.2695,2.2317,2.2489,1309777.67
1585339200,2.2489,2.268,2.1055,2.1373,1621268.96
1585353600,2.1373,2.1544,2.0372,2.0661,3693420.22
1585368000,2.0661,2.0996,2.0546,2.0864,1152014.96
1585382400,2.0864,2.1285,2.0766,2.0995,1238840.91
1585396800,2.0995,2.1065,2.0721,2.0958,1072144.18
1585411200,2.0958,2.1237,2.0513,2.1145,2132292.27
1585425600,2.1145,2.1521,2.1018,2.1364,1749457.61
1585440000,2.1364,2.152,2.0984,2.1113,993677.26
1585454400,2.1113,2.1219,2.0932,2.1151,691812.91
1585468800,2.1151,2.1173,2.0771,2.095,1160979.77
1585483200,2.095,2.117,2.0762,2.1049,860129.78
1585497600,2.1049,2.1176,2.021,2.0272,1663084.03
1585512000,2.0272,2.05,2.007,2.0083,1509620.09
1585526400,2.0083,2.0561,2.0006,2.0511,867460.09
1585540800,2.0511,2.1298,2.0478,2.1133,2209168.24
1585555200,2.1133,2.1593,2.1061,2.1464,1121391.95
1585569600,2.1464,2.1663,2.1212,2.137,1528464.32
1585584000,2.137,2.1644,2.13,2.1639,862960.22
1585598400,2.1639,2.2,2.1321,2.135,1864402.08
1585612800,2.135,2.1635,2.1204,2.1331,1234969.55
1585627200,2.1331,2.1511,2.1207,2.1457,622845.43
1585641600,2.1457,2.1697,2.1166,2.1266,913367.26
1585656000,2.1266,2.1863,2.1102,2.1743,1365428.93
1585670400,2.1743,2.2484,2.1618,2.2448,1707167.07
1585684800,2.2448,2.302,2.2326,2.2658,2768627.69
1585699200,2.2658,2.2897,2.2048,2.2427,1568712.3
1585713600,2.2427,2.2671,2.2102,2.2625,1875234.12
1585728000,2.2625,2.2857,2.2255,2.2557,1850017.03
1585742400,2.2557,2.2706,2.1892,2.2002,2798345.87
1585756800,2.2002,2.2002,2.14,2.163,2164499.11
1585771200,2.163,2.2999,2.1573,2.2753,3176789.9
1585785600,2.2753,2.2999,2.2566,2.2743,1494766.86
1585800000,2.2743,2.3166,2.2572,2.2839,1293748.98
1585814400,2.2839,2.3277,2.28,2.3277,1258530.02
1585828800,2.3277,2.3513,2.2806,2.3434,2727379.83
1585843200,2.3434,2.485,2.2854,2.325,4890796.01
1585857600,2.325,2.327,2.2604,2.2941,1601447.69
1585872000,2.2941,2.3278,2.2837,2.3104,974894.18
1585886400,2.3104,2.365,2.2901,2.3444,1123083.17
1585900800,2.3444,2.3837,2.3239,2.3734,1746222.56
1585915200,2.3734,2.3734,2.2858,2.3048,2003619.3
1585929600,2.3048,2.3325,2.2652,2.3292,1608453.12
1585944000,2.3292,2.3365,2.2888,2.3013,995917.12
1585958400,2.3013,2.3146,2.2582,2.2665,751081.17
1585972800,2.2665,2.2836,2.2573,2.2776,827994.51
1585987200,2.2776,2.32,2.2575,2.2729,1492618.06
1586001600,2.2729,2.2922,2.2545,2.2842,894348.23
1586016000,2.2842,2.3058,2.2721,2.2784,718375.64
1586030400,2.2784,2.3423,2.2677,2.3155,1458775.67
1586044800,2.3155,2.3219,2.292,2.293,511018.1
1586059200,2.293,2.2994,2.2753,2.2859,414557.88
1586073600,2.2859,2.2995,2.2751,2.2799,450671.46
1586088000,2.2799,2.2926,2.2727,2.2885,399316.57
1586102400,2.2885,2.29,2.2437,2.2802,914505.48
1586116800,2.2802,2.2808,2.2512,2.2635,538589.74
1586131200,2.2635,2.3007,2.2621,2.3007,704039.33
1586145600,2.3007,2.3563,2.2999,2.3513,2035600.0
1586160000,2.3513,2.3979,2.3499,2.3821,1532401.53
1586174400,2.3821,2.4343,2.381,2.4303,1989163.84
1586188800,2.4303,2.5235,2.419,2.4886,3494334.7
1586203200,2.4886,2.5677,2.4265,2.5555,2467386.41
1586217600,2.5555,2.7004,2.555,2.6201,5321452.59
1586232000,2.6201,2.73,2.5741,2.727,2788298.3
1586246400,2.727,2.8773,2.6937,2.8028,6783014.22
1586260800,2.8028,2.8655,2.6992,2.8138,5522687.44
1586275200,2.8138,2.908,2.7731,2.7764,4368083.84
1586289600,2.7764,2.7769,2.6421,2.7303,5666244.62
1586304000,2.7303,2.8556,2.7124,2.8322,3029945.92
1586318400,2.8322,2.92,2.7899,2.8591,3377083.94
1586332800,2.8591,2.8719,2.78,2.8197,2605906.05
1586347200,2.8197,2.8895,2.7908,2.877,2509001.47
1586361600,2.877,3.034,2.8576,3.0101,5627223.77
1586376000,3.0101,3.2748,3.01,3.1693,9943832.09
1586390400,3.1693,3.2268,3.1224,3.1717,3642607.73
1586404800,3.1717,3.3624,3.1225,3.3493,4251233.12
1586419200,3.3493,3.3946,3.2323,3.2635,8772137.42
1586433600,3.2635,3.4741,3.15,3.3936,11041869.63
1586448000,3.3936,3.419,3.259,3.3208,6129917.14
1586462400,3.3208,3.3865,3.3,3.3099,3174112.62
1586476800,3.3099,3.3186,3.1023,3.1542,5076624.28
1586491200,3.1542,3.1767,2.945,3.012,11482578.8
1586505600,3.012,3.1199,2.9504,3.0385,6024646.35
1586520000,3.0385,3.0807,2.945,2.9903,5640594.64
1586534400,2.9903,3.3199,2.9781,3.2661,11562767.92
1586548800,3.2661,3.2789,3.1706,3.22,3834278.61
1586563200,3.22,3.3872,3.186,3.3382,5550536.6
1586577600,3.3382,3.4364,3.32,3.3509,5269644.38
1586592000,3.3509,3.36,3.2,3.3049,4612547.49
1586606400,3.3049,3.339,3.2011,3.2388,3228870.96
1586620800,3.2388,3.268,3.117,3.1388,4909623.84
1586635200,3.1388,3.3162,3.0629,3.29,6916207.55
1586649600,3.29,3.359,3.2082,3.2148,3600926.34
1586664000,3.2148,3.257,3.167,3.2126,3030989.87
1586678400,3.2126,3.3058,3.2126,3.271,2476484.64
1586692800,3.271,3.4177,3.271,3.4146,5842420.73
1586707200,3.4146,3.6412,3.4146,3.568,11721802.37
1586721600,3.568,3.6,3.4076,3.4189,5916642.84
1586736000,3.4189,3.4189,3.2,3.3163,7696132.81
1586750400,3.3163,3.46,3.2849,3.3783,4465791.84
1586764800,3.3783,3.4602,3.281,3.4233,5172353.97
1586779200,3.4233,3.4268,3.2715,3.3872,5387337.71
1586793600,3.3872,3.4222,3.3233,3.383,2893635.38
1586808000,3.383,3.44,3.3369,3.3702,3873492.77
1586822400,3.3702,3.4131,3.3515,3.4116,2133971.89
1586836800,3.4116,3.4437,3.325,3.3358,2373079.97
1586851200,3.3358,3.3554,3.2942,3.3434,2674914.75
1586865600,3.3434,3.4267,3.3174,3.3674,2912192.5
1586880000,3.3674,3.4199,3.3458,3.3633,2432127.35
1586894400,3.3633,3.3714,3.21,3.252,4552540.55
1586908800,3.252,3.2927,3.185,3.2896,2241877.21
1586923200,3.2896,3.3061,3.2622,3.2782,1383494.88
1586937600,3.2782,3.2839,3.19,3.2286,2162352.38
1586952000,3.2286,3.2286,3.1085,3.136,3818110.55
1586966400,3.136,3.2784,3.119,3.2223,3265831.66
1586980800,3.2223,3.2666,3.1175,3.1212,2764206.43
1586995200,3.1212,3.1239,2.9761,3.1045,4399710.39
1587009600,3.1045,3.28,3.0832,3.2183,3504826.08
1587024000,3.2183,3.3945,3.2133,3.3481,5701961.06
1587038400,3.3481,3.4018,3.3118,3.3908,3305752.65
1587052800,3.3908,3.42,3.3347,3.4004,2545811.6
1587067200,3.4004,3.5555,3.352,3.4851,5359899.87
1587081600,3.4851,3.505,3.4268,3.4816,2515868.2
1587096000,3.4816,3.4816,3.3778,3.4259,2622887.36
1587110400,3.4259,3.4975,3.417,3.4533,1982474.94
1587124800,3.4533,3.476,3.4201,3.4411,1953911.94
1587139200,3.4411,3.4808,3.4356,3.4783,1170794.08
1587153600,3.4783,3.525,3.4438,3.4523,2443133.74
1587168000,3.4523,3.5364,3.447,3.5062,1855151.81
1587182400,3.5062,3.5489,3.5047,3.5324,1058169.73
1587196800,3.5324,3.581,3.5192,3.5636,2196505.92
1587211200,3.5636,3.7163,3.5529,3.7045,5278813.74
1587225600,3.7045,3.7177,3.6317,3.6867,2121102.79
1587240000,3.6867,3.83,3.6803,3.7805,3897075.23
1587254400,3.7805,3.8102,3.7231,3.7734,2388583.29
1587268800,3.7734,3.7989,3.6012,3.6676,4015206.53
1587283200,3.6676,3.6891,3.6181,3.6718,1926861.14
1587297600,3.6718,3.6812,3.5131,3.5867,3569565.81
1587312000,3.5867,3.6959,3.5628,3.6305,2318999.63
1587326400,3.6305,3.69,3.5881,3.5902,2131279.62
1587340800,3.5902,3.7586,3.557,3.7534,2507178.36
1587355200,3.7534,3.792,3.7076,3.7274,2035794.16
1587369600,3.7274,3.7348,3.56,3.5605,3078655.04
1587384000,3.5605,3.6919,3.5333,3.6595,3498115.76
1587398400,3.6595,3.6767,3.3737,3.39,5600588.64
1587412800,3.39,3.5171,3.372,3.4322,3845754.85
1587427200,3.4322,3.55,3.415,3.4927,2964607.67
1587441600,3.4927,3.5719,3.4855,3.546,1459970.08
1587456000,3.546,3.5612,3.3903,3.418,3086580.73
1587470400,3.418,3.4977,3.4064,3.4582,2874348.65
1587484800,3.4582,3.527,3.4401,3.5158,2190012.58
1587499200,3.5158,3.5231,3.4433,3.4577,1312114.7
1587513600,3.4577,3.492,3.4327,3.4693,1747654.56
1587528000,3.4693,3.6349,3.458,3.5978,2069030.8
1587542400,3.5978,3.6319,3.566,3.6231,1958348.98
1587556800,3.6231,3.69,3.5904,3.6722,3207031.81
1587571200,3.6722,3.6904,3.6212,3.6368,1931788.49
1587585600,3.6368,3.6835,3.6268,3.6786,1039527.18
1587600000,3.6786,3.7302,3.637,3.6396,1885742.1
1587614400,3.6396,3.68,3.5968,3.63,1941569.13
1587628800,3.63,3.6867,3.6165,3.6783,1026771.58
1587643200,3.6783,3.9101,3.6733,3.8347,5572104.19
1587657600,3.8347,3.86,3.795,3.8149,1767537.57
1587672000,3.8149,3.858,3.7191,3.7533,2039476.82
1587686400,3.7533,3.8866,3.7387,3.8719,1483624.98
1587700800,3.8719,3.8874,3.808,3.8666,1502691.37
1587715200,3.8666,3.8775,3.7846,3.7871,1588754.91
1587729600,3.7871,3.832,3.7364,3.8191,1656381.19
1587744000,3.8191,3.824,3.7791,3.798,905870.85
1587758400,3.798,3.8295,3.7714,3.7735,814042.47
1587772800,3.7735,3.7798,3.742,3.757,466720.41
1587787200,3.757,3.8555,3.757,3.8201,1082265.91
1587801600,3.8201,3.8366,3.7801,3.8014,848748.81
1587816000,3.8014,3.9062,3.793,3.8081,1982990.61
1587830400,3.8081,3.8415,3.7881,3.812,801127.86
1587844800,3.812,3.8236,3.7461,3.7865,913215.78
1587859200,3.7865,3.8091,3.7694,3.7874,584309.27
1587873600,3.7874,3.7884,3.6432,3.7133,2237795.5
1587888000,3.7133,3.8143,3.6927,3.7895,1454202.84
1587902400,3.7895,3.816,3.6814,3.7072,1863587.79
1587916800,3.7072,3.75,3.7001,3.7421,843841.22
1587931200,3.7421,3.7462,3.665,3.721,1262921.51
1587945600,3.721,3.7385,3.6829,3.688,1453354.88
1587960000,3.688,3.7035,3.5412,3.63,2615568.18
1587974400,3.63,3.6399,3.5721,3.6152,1296217.0
1587988800,3.6152,3.62,3.4621,3.4847,2639386.07
1588003200,3.4847,3.592,3.471,3.5674,1679904.22
1588017600,3.5674,3.655,3.5426,3.6383,1687499.51
1588032000,3.6383,3.6429,3.5782,3.6408,1124574.37
1588046400,3.6408,3.646,3.5554,3.6181,1042791.34
1588060800,3.6181,3.7066,3.5889,3.6917,1476363.84
1588075200,3.6917,3.7354,3.6413,3.6623,1801079.43
1588089600,3.6623,3.7076,3.6406,3.6484,884889.65
1588104000,3.6484,3.6758,3.6119,3.6413,1049618.6
1588118400,3.6413,3.6884,3.63,3.6449,922244.69
1588132800,3.6449,3.71,3.644,3.7,1501753.0
1588147200,3.7,3.7858,3.6821,3.7408,2485776.06
1588161600,3.7408,3.789,3.7311,3.7799,2108874.42
1588176000,3.7799,3.8759,3.7,3.8698,4325724.54
1588190400,3.8698,3.9918,3.83,3.8879,3780910.83
1588204800,3.8879,3.9741,3.86,3.9691,1702580.81
1588219200,3.9691,3.9691,3.775,3.8537,3241689.01
1588233600,3.8537,3.8681,3.62,3.7248,3583848.27
1588248000,3.7248,3.7784,3.681,3.7119,1660397.12
1588262400,3.7119,3.7691,3.6303,3.7568,2419289.23
1588276800,3.7568,3.7673,3.6917,3.7025,937331.58
1588291200,3.7025,3.827,3.7003,3.8003,855578.73
1588305600,3.8003,3.9162,3.8003,3.8855,2249860.47
1588320000,3.8855,3.899,3.8461,3.859,1513950.57
1588334400,3.859,3.8637,3.7827,3.7874,1593424.79
1588348800,3.7874,3.8148,3.76,3.7733,926935.1
1588363200,3.7733,3.7984,3.7491,3.7571,944578.7
1588377600,3.7571,3.7933,3.73,3.7597,830072.43
1588392000,3.7597,3.785,3.7398,3.7624,457614.57
1588406400,3.7624,3.8232,3.7551,3.8131,657290.46
1588420800,3.8131,3.8477,3.8,3.8208,939312.52
1588435200,3.8208,3.86,3.8058,3.8409,931798.36
1588449600,3.8409,3.8505,3.7975,3.8182,651145.67
1588464000,3.8182,3.86,3.815,3.8439,805980.54
1588478400,3.8439,3.8494,3.74,3.781,1144580.69
1588492800,3.781,3.8096,3.765,3.7728,553734.52
1588507200,3.7728,3.7761,3.6379,3.6727,1562722.61
1588521600,3.6727,3.7066,3.6435,3.6902,741032.33
1588536000,3.6902,3.7536,3.6767,3.7092,762674.1
1588550400,3.7092,3.7242,3.58,3.6296,1516227.9
1588564800,3.6296,3.6327,3.5089,3.5644,1503760.44
1588579200,3.5644,3.5851,3.5033,3.5403,1069554.4
1588593600,3.5403,3.7983,3.5279,3.775,3707555.55
1588608000,3.775,3.8272,3.7309,3.7705,1944706.33
1588622400,3.7705,3.7931,3.717,3.7499,1231917.65
1588636800,3.7499,3.7865,3.7361,3.7633,552464.73
1588651200,3.7633,3.814,3.7326,3.7424,927519.66
1588665600,3.7424,3.7691,3.654,3.6908,1268959.66
1588680000,3.6908,3.7512,3.6672,3.7026,937378.52
1588694400,3.7026,3.7303,3.68,3.6968,545163.33
1588708800,3.6968,3.717,3.672,3.6833,499018.68
1588723200,3.6833,3.7456,3.6226,3.71,1039163.58
1588737600,3.71,3.7654,3.71,3.7352,620492.78
1588752000,3.7352,3.7591,3.7053,3.7417,1089446.3
1588766400,3.7417,3.7505,3.6864,3.6982,834932.73
1588780800,3.6982,3.714,3.653,3.6637,594318.46
1588795200,3.6637,3.6899,3.57,3.5872,1121448.74
1588809600,3.5872,3.6519,3.5633,3.621,878736.11
1588824000,3.621,3.639,3.5786,3.6094,607114.6
1588838400,3.6094,3.6581,3.5931,3.6004,576683.81
1588852800,3.6004,3.6597,3.5771,3.6118,1161101.11
1588867200,3.6118,3.85,3.5926,3.772,3898055.22
1588881600,3.772,3.81,3.7273,3.756,1359580.74
1588896000,3.756,3.85,3.756,3.7959,1708050.09
1588910400,3.7959,3.8148,3.7211,3.789,945828.79
1588924800,3.789,3.7997,3.7445,3.7646,613187.23
1588939200,3.7646,3.7647,3.6874,3.7372,989128.83
1588953600,3.7372,3.8461,3.7351,3.789,1625303.85
1588968000,3.789,3.859,3.7608,3.801,1502225.69
1588982400,3.801,3.899,3.7601,3.8811,1492272.51
1588996800,3.8811,3.98,3.8421,3.9512,2469701.64
1589011200,3.9512,4.17,3.9389,4.094,4518412.58
1589025600,4.094,4.2071,4.0753,4.1909,2848289.11
1589040000,4.1909,4.2129,4.05,4.1002,2388713.43
1589054400,4.1002,4.1285,4.01,4.015,1523332.36
1589068800,4.015,4.0197,3.4602,3.6618,8649734.34
1589083200,3.6618,3.8379,3.5944,3.8004,3053904.34
1589097600,3.8004,3.8419,3.7321,3.7677,1667658.52
1589112000,3.7677,3.84,3.7393,3.7993,1323917.39
1589126400,3.7993,3.8146,3.5757,3.6767,3202027.56
1589140800,3.6767,3.7989,3.6767,3.7582,1921146.58
1589155200,3.7582,3.832,3.7541,3.7906,899196.15
1589169600,3.7906,3.8164,3.7376,3.749,1164810.5
1589184000,3.749,3.7779,3.6672,3.7562,1658157.07
1589198400,3.7562,3.7893,3.66,3.6766,1614141.66
1589212800,3.6766,3.69,3.2865,3.5807,6016089.46
1589227200,3.5807,3.6099,3.49,3.5837,1921478.78
1589241600,3.5837,3.6996,3.54,3.6614,1599253.29
1589256000,3.6614,3.7425,3.6333,3.6809,1157289.68
1589270400,3.6809,3.7733,3.6743,3.77,1182288.83
1589284800,3.77,3.7932,3.6886,3.768,1780741.34
1589299200,3.768,3.785,3.7041,3.7117,919590.5
1589313600,3.7117,3.7376,3.6588,3.6943,1158322.79
1589328000,3.6943,3.7412,3.6523,3.7166,898551.93
1589342400,3.7166,3.73,3.6557,3.6675,757879.68
1589356800,3.6675,3.7348,3.6366,3.7181,893134.59
1589371200,3.7181,3.7761,3.7062,3.7752,1095674.42
1589385600,3.7752,3.7845,3.6911,3.7297,938674.31
1589400000,3.7297,3.815,3.7158,3.7655,1405574.21
1589414400,3.7655,3.8036,3.7297,3.7413,836796.51
1589428800,3.7413,3.7659,3.6947,3.7431,926312.02
1589443200,3.7431,3.8583,3.7243,3.8043,2377595.37
1589457600,3.8043,3.8124,3.7614,3.8115,836642.39
1589472000,3.8115,3.8442,3.7425,3.839,1268053.55
1589486400,3.839,3.8547,3.8026,3.8096,1088255.97
1589500800,3.8096,3.8337,3.7471,3.7849,1031940.47
1589515200,3.7849,3.8018,3.7462,3.7938,878528.24
1589529600,3.7938,3.796,3.7442,3.7721,670226.08
1589544000,3.7721,3.7916,3.7163,3.743,776098.34
1589558400,3.743,3.7585,3.6927,3.7004,760054.37
1589572800,3.7004,3.7051,3.6144,3.6615,1455715.39
1589587200,3.6615,3.7377,3.6168,3.7036,661554.35
1589601600,3.7036,3.7503,3.681,3.6847,610324.99
1589616000,3.6847,3.7216,3.6782,3.7042,525128.75
1589630400,3.7042,3.7287,3.6806,3.6937,369694.39
1589644800,3.6937,3.7835,3.6842,3.7667,1172643.0
1589659200,3.7667,3.79,3.7566,3.7614,706034.72
1589673600,3.7614,3.7924,3.7526,3.7818,455139.13
1589688000,3.7818,3.8432,3.7674,3.8282,810337.76
1589702400,3.8282,3.8339,3.7851,3.798,405998.69
1589716800,3.798,3.8524,3.7931,3.8299,1014286.6
1589731200,3.8299,3.8377,3.7708,3.793,528957.45
1589745600,3.793,3.8095,3.7705,3.7815,422182.23
1589760000,3.7815,3.925,3.7786,3.8981,1613429.02
1589774400,3.8981,3.95,3.8675,3.925,1015307.13
1589788800,3.925,3.9495,3.8421,3.8776,1100739.41
1589803200,3.8776,3.9275,3.864,3.9054,754072.96
1589817600,3.9054,3.9182,3.8566,3.8778,679447.2
1589832000,3.8778,3.891,3.853,3.8895,581926.99
1589846400,3.8895,3.8923,3.7734,3.7814,835408.81
1589860800,3.7814,3.8836,3.78,3.8433,505046.18
1589875200,3.8433,3.9,3.8397,3.8654,647079.87
1589889600,3.8654,3.8699,3.8234,3.8641,659278.83
1589904000,3.8641,3.89,3.8543,3.8585,341565.29
1589918400,3.8585,3.9488,3.8538,3.947,783501.3
1589932800,3.947,4.0849,3.9399,4.0348,2129717.9
1589947200,4.0348,4.0758,3.9902,4.0578,1064428.67
1589961600,4.0578,4.1237,4.0407,4.057,1251571.61
1589976000,4.057,4.1388,3.8955,3.9389,2342760.65
1589990400,3.9389,4.0833,3.9,4.0445,1994500.27
1590004800,4.0445,4.0976,4.0382,4.0866,1038321.51
1590019200,4.0866,4.174,4.0716,4.0989,1511084.82
1590033600,4.0989,4.1182,4.0013,4.0371,1168569.5
1590048000,4.0371,4.0841,3.977,4.0487,1426946.15
1590062400,4.0487,4.0533,3.7882,3.8704,3133368.97
1590076800,3.8704,3.9244,3.7292,3.8667,2474495.35
1590091200,3.8667,3.8923,3.8102,3.8298,731557.07
1590105600,3.8298,3.8787,3.7932,3.8143,1013540.29
1590120000,3.8143,3.9216,3.8012,3.8986,899966.12
1590134400,3.8986,3.9786,3.8877,3.9692,1125743.57
1590148800,3.9692,4.0535,3.9382,4.0467,1561513.64
1590163200,4.0467,4.1447,4.0369,4.0839,1866675.12
1590177600,4.0839,4.1107,4.0427,4.0611,727506.15
1590192000,4.0611,4.1072,4.0294,4.044,892348.18
1590206400,4.044,4.0629,3.9674,4.0349,1049891.97
1590220800,4.0349,4.0349,3.9214,3.9761,963553.37
1590235200,3.9761,3.9819,3.91,3.9675,940679.78
1590249600,3.9675,3.9949,3.9231,3.9927,668218.68
1590264000,3.9927,4.035,3.9207,3.925,1352665.09
1590278400,3.925,3.9861,3.9144,3.9752,536469.2
1590292800,3.9752,4.0176,3.9752,3.9977,632457.45
1590307200,3.9977,4.0262,3.9329,3.9365,751599.48
1590321600,3.9365,3.9568,3.86,3.8648,1502407.21
1590336000,3.8648,3.9306,3.8169,3.9265,1500197.37
1590350400,3.9265,3.9567,3.7844,3.7917,1313516.31
1590364800,3.7917,3.8565,3.77,3.8254,871118.05
1590379200,3.8254,3.8933,3.8074,3.8921,751412.46
1590393600,3.8921,3.8998,3.8226,3.8502,879488.75
1590408000,3.8502,3.8764,3.8254,3.8476,631870.38
1590422400,3.8476,3.9073,3.8418,3.8835,788086.23
1590436800,3.8835,3.8921,3.8422,3.8614,522020.64
1590451200,3.8614,3.8816,3.8325,3.872,511886.6
1590465600,3.872,3.8759,3.8268,3.8689,575350.74
1590480000,3.8689,3.8798,3.8107,3.8231,588199.89
1590494400,3.8231,3.8351,3.7715,3.7831,1039724.24
1590508800,3.7831,3.8215,3.7689,3.8005,521865.87
1590523200,3.8005,3.8574,3.8005,3.844,537173.49
1590537600,3.844,3.8647,3.8113,3.8211,444650.56
1590552000,3.8211,3.8449,3.8065,3.8241,440522.87
1590566400,3.8241,3.9058,3.8241,3.893,1035588.37
1590580800,3.893,3.9143,3.8602,3.874,941712.97
1590595200,3.874,3.8943,3.8523,3.8673,449688.37
1590609600,3.8673,3.8723,3.8309,3.8526,483217.62
1590624000,3.8526,3.8693,3.8329,3.8438,391237.45
1590638400,3.8438,3.8672,3.827,3.8477,366561.8
1590652800,3.8477,3.8768,3.8376,3.875,427784.46
1590667200,3.875,3.9556,3.8743,3.9496,1385069.22
1590681600,3.9496,3.9623,3.898,3.918,528249.8
1590696000,3.918,4.0601,3.9112,4.0461,1143451.86
1590710400,4.0461,4.13,4.0369,4.0498,1919454.61
1590724800,4.0498,4.1043,4.04,4.0726,641044.03
1590739200,4.0726,4.0887,3.981,3.9979,1043675.07
1590753600,3.9979,4.0169,3.9488,3.9777,635777.31
1590768000,3.9777,3.9988,3.9609,3.9684,520910.26
1590782400,3.9684,3.988,3.9522,3.98,482429.84
1590796800,3.98,3.9848,3.943,3.98,391066.5
1590811200,3.98,4.0821,3.9781,4.0573,818479.06
1590825600,4.0573,4.106,4.0506,4.0964,814932.79
1590840000,4.0964,4.1565,4.0782,4.1158,1099217.74
1590854400,4.1158,4.1418,4.1022,4.1205,514684.59
1590868800,4.1205,4.18,4.059,4.1763,1095677.66
1590883200,4.1763,4.1785,4.041,4.0547,700225.04
1590897600,4.0547,4.1623,4.0512,4.1528,580937.66
1590912000,4.1528,4.2789,4.0987,4.2762,1277367.66
1590926400,4.2762,4.2838,4.1235,4.1662,1559823.04
1590940800,4.1662,4.2574,4.1579,4.2289,1063936.15
1590955200,4.2289,4.2586,4.0998,4.131,1041168.44
1590969600,4.131,4.4411,4.1175,4.3619,2453662.76
1590984000,4.3619,4.442,4.3344,4.41,1112546.66
1590998400,4.41,4.48,4.3077,4.3335,1700409.3
1591012800,4.3335,4.4068,4.2856,4.3731,1038441.09
1591027200,4.3731,4.3928,4.3354,4.3431,446798.92
1591041600,4.3431,4.4323,4.3,4.3785,1951566.74
1591056000,4.3785,4.5323,4.3615,4.4962,1237713.85
1591070400,4.4962,4.537,4.4554,4.5213,747037.86
1591084800,4.5213,4.6185,4.52,4.5554,1126328.98
1591099200,4.5554,4.5955,4.1075,4.2804,3052536.72
1591113600,4.2804,4.3785,4.2456,4.365,905257.64
1591128000,4.365,4.4823,4.3239,4.3976,1113586.0
1591142400,4.3976,4.4664,4.2898,4.346,954567.72
1591156800,4.346,4.4109,4.3246,4.3999,422482.33
1591171200,4.3999,4.4562,4.3826,4.4432,662015.83
1591185600,4.4432,4.4538,4.3668,4.4425,711445.05
1591200000,4.4425,4.53,4.4262,4.5089,901865.14
1591214400,4.5089,4.5283,4.4706,4.4892,563448.69
1591228800,4.4892,4.5081,4.4555,4.4954,439683.52
1591243200,4.4954,4.4954,4.42,4.4431,489187.41
1591257600,4.4431,4.4431,4.2864,4.4013,1036239.6
1591272000,4.4013,4.4601,4.3902,4.4502,574355.63
1591286400,4.4502,4.4656,4.378,4.4078,397686.56
1591300800,4.4078,4.4432,4.378,4.4243,294750.27
1591315200,4.4243,4.481,4.4111,4.4572,340372.04
1591329600,4.4572,4.486,4.443,4.4655,215555.79
1591344000,4.4655,4.4749,4.3913,4.4164,545720.89
1591358400,4.4164,4.4266,4.3405,4.3841,534711.88
1591372800,4.3841,4.4207,4.3753,4.4042,353917.0
1591387200,4.4042,4.4107,4.3422,4.358,325792.29
1591401600,4.358,4.3587,4.3034,4.354,414892.87
1591416000,4.354,4.3714,4.334,4.3504,151243.08
1591430400,4.3504,4.3908,4.3283,4.3857,229465.82
1591444800,4.3857,4.3979,4.3435,4.3566,187546.54
1591459200,4.3566,4.3742,4.3299,4.3491,224620.33
1591473600,4.3491,4.3764,4.3421,4.3512,169391.62
1591488000,4.3512,4.395,4.3329,4.3937,187547.94
1591502400,4.3937,4.41,4.3584,4.3651,160613.68
1591516800,4.3651,4.3746,4.3047,4.3208,279059.02
1591531200,4.3208,4.3208,4.2068,4.279,821321.63
1591545600,4.279,4.3333,4.2464,4.3039,450434.18
1591560000,4.3039,4.3551,4.2999,4.3465,247674.21
1591574400,4.3465,4.3505,4.325,4.3465,187712.02
1591588800,4.3465,4.3731,4.3447,4.3729,193558.48
1591603200,4.3729,4.394,4.3427,4.3735,351950.52
1591617600,4.3735,4.3774,4.3266,4.3655,337062.78
1591632000,4.3655,4.433,4.3541,4.4091,593266.35
1591646400,4.4091,4.4759,4.4035,4.473,373613.06
1591660800,4.473,4.5062,4.3843,4.4537,519150.87
1591675200,4.4537,4.4691,4.4274,4.4677,271682.4
1591689600,4.4677,4.475,4.423,4.4686,300777.91
1591704000,4.4686,4.4743,4.4126,4.4154,377320.19
1591718400,4.4154,4.4242,4.3605,4.4001,412975.08
1591732800,4.4001,4.4531,4.3999,4.435,414407.81
1591747200,4.435,4.4404,4.3859,4.3909,212325.75
1591761600,4.3909,4.41,4.365,4.3787,275939.5
1591776000,4.3787,4.408,4.3666,4.3931,263300.92
1591790400,4.3931,4.4,4.3577,4.3596,396127.83
1591804800,4.3596,4.4031,4.3426,4.3875,782272.49
1591819200,4.3875,4.4347,4.3816,4.4225,306511.37
1591833600,4.4225,4.4503,4.4,4.4119,316808.39
1591848000,4.4119,4.4247,4.361,4.378,317505.31
1591862400,4.378,4.3868,4.3632,4.37,275581.83
1591876800,4.37,4.3765,4.1559,4.1971,1600767.06
1591891200,4.1971,4.2222,3.91,3.9933,2444796.94
1591905600,3.9933,4.0391,3.9135,3.9565,1655003.81
1591920000,3.9565,4.092,3.8573,4.0685,1370047.39
1591934400,4.0685,4.1743,4.0231,4.1305,927033.6
1591948800,4.1305,4.15,4.083,4.1428,714165.93
1591963200,4.1428,4.1874,4.0596,4.094,827167.8
1591977600,4.094,4.1148,4.0233,4.0795,638541.24
1591992000,4.0795,4.1159,4.0651,4.0819,360574.78
1592006400,4.0819,4.0931,4.0226,4.0283,259555.54
1592020800,4.0283,4.0828,4.0054,4.0667,341192.22
1592035200,4.0667,4.0805,4.0441,4.0473,172074.06
1592049600,4.0473,4.086,4.0211,4.0802,309201.34
1592064000,4.0802,4.1346,4.0651,4.079,305788.66
1592078400,4.079,4.1147,4.0535,4.11,216848.92
1592092800,4.11,4.1134,4.072,4.0745,133674.93
1592107200,4.0745,4.0781,4.0307,4.0462,143119.84
1592121600,4.0462,4.0748,4.0421,4.0528,112301.1
1592136000,4.0528,4.0552,3.925,3.9965,719645.12
1592150400,3.9965,4.0146,3.9789,3.99,147411.89
1592164800,3.99,4.0036,3.9143,3.9371,454060.48
1592179200,3.9371,3.9479,3.7186,3.7325,1898016.03
1592193600,3.7325,3.7965,3.6551,3.7902,1664370.01
1592208000,3.7902,3.8111,3.7174,3.7676,678342.47
1592222400,3.7676,3.838,3.6873,3.8332,1109155.32
1592236800,3.8332,3.9483,3.8184,3.9394,819330.97
1592251200,3.9394,3.9889,3.9167,3.9274,681091.31
1592265600,3.9274,3.983,3.8935,3.9772,571608.79
1592280000,3.9772,4.0373,3.9475,4.0318,568045.24
1592294400,4.0318,4.0918,4.0052,4.044,815171.08
1592308800,4.044,4.0894,3.9675,4.0267,1002069.96
1592323200,4.0267,4.0639,4.0166,4.0419,490518.9
1592337600,4.0419,4.0542,4.0239,4.0502,176345.74
1592352000,4.0502,4.0557,3.9858,4.0166,364980.04
1592366400,4.0166,4.08,4.0083,4.0775,364433.89
1592380800,4.0775,4.0873,4.0524,4.0667,290531.45
1592395200,4.0667,4.1419,4.012,4.0388,912407.94
1592409600,4.0388,4.0709,3.9925,3.9925,423130.83
1592424000,3.9925,4.2,3.957,4.1659,1945796.83
1592438400,4.1659,4.2491,4.1521,4.1671,841396.2
1592452800,4.1671,4.2182,4.1256,4.2088,531613.65
1592467200,4.2088,4.2174,4.1393,4.1694,395650.5
1592481600,4.1694,4.213,4.1075,4.1561,611986.66
1592496000,4.1561,4.1849,4.1105,4.1542,399222.01
1592510400,4.1542,4.2029,4.0957,4.1415,568515.06
1592524800,4.1415,4.1839,4.0712,4.0831,535467.89
1592539200,4.0831,4.1377,4.0739,4.1101,314920.35
1592553600,4.1101,4.1589,4.0992,4.1415,355719.3
1592568000,4.1415,4.1678,4.1021,4.1244,430847.22
1592582400,4.1244,4.1268,4.0561,4.0692,396639.95
1592596800,4.0692,4.1183,4.0521,4.098,390791.99
1592611200,4.098,4.1193,4.0654,4.1024,262249.88
1592625600,4.1024,4.14,4.0888,4.132,217221.38
1592640000,4.132,4.1612,4.0968,4.1584,464119.25
1592654400,4.1584,4.2072,4.111,4.1337,752685.98
1592668800,4.1337,4.1717,4.1288,4.1694,313504.56
1592683200,4.1694,4.2062,4.1639,4.1765,404917.57
1592697600,4.1765,4.198,4.1677,4.1702,187674.73
1592712000,4.1702,4.2,4.1557,4.1803,230853.13
1592726400,4.1803,4.2058,4.163,4.1728,210082.08
1592740800,4.1728,4.1905,4.1395,4.1756,276370.86
1592755200,4.1756,4.1844,4.1541,4.1801,186949.47
1592769600,4.1801,4.1986,4.16,4.1812,244929.23
1592784000,4.1812,4.3094,4.176,4.2934,856789.1
1592798400,4.2934,4.3887,4.2911,4.3477,666875.22
1592812800,4.3477,4.3843,4.3328,4.3602,592620.85
1592827200,4.3602,4.3874,4.3321,4.3774,602966.85
1592841600,4.3774,4.4196,4.35,4.3826,824470.02
1592856000,4.3826,4.4859,4.3826,4.4841,1115887.01
1592870400,4.4841,4.5205,4.4254,4.475,735720.32
1592884800,4.475,4.5495,4.4507,4.5195,683877.17
1592899200,4.5195,4.6,4.476,4.5933,1094869.29
1592913600,4.5933,4.8748,4.5575,4.8,4718525.29
1592928000,4.8,4.87,4.755,4.8318,1093872.16
1592942400,4.8318,4.9422,4.7506,4.8051,2557554.55
1592956800,4.8051,4.8436,4.76,4.8074,887232.88
1592971200,4.8074,4.9411,4.7467,4.7688,2023908.64
1592985600,4.7688,4.8142,4.6469,4.7031,2031187.51
1593000000,4.7031,4.7779,4.4986,4.5356,2689392.06
1593014400,4.5356,4.7299,4.5232,4.6665,1683512.1
1593028800,4.6665,4.7225,4.651,4.7075,938025.02
1593043200,4.7075,4.7176,4.5033,4.5808,1394224.31
1593057600,4.5808,4.6587,4.5789,4.6279,691685.98
1593072000,4.6279,4.8309,4.6279,4.7767,1759645.02
1593086400,4.7767,4.8407,4.7123,4.7849,1688795.9
1593100800,4.7849,4.8229,4.7229,4.7594,805837.45
1593115200,4.7594,4.8295,4.7431,4.8134,690653.49
1593129600,4.8134,4.8587,4.7461,4.7824,890723.8
1593144000,4.7824,4.7923,4.6448,4.6736,1341430.28
1593158400,4.6736,4.7453,4.6424,4.713,1013481.85
1593172800,4.713,4.7762,4.6531,4.6947,1314528.26
1593187200,4.6947,4.7432,4.6712,4.6921,641101.25
1593201600,4.6921,4.736,4.6778,4.6813,331204.07
1593216000,4.6813,4.684,4.5869,4.6345,836193.98
1593230400,4.6345,4.6628,4.6155,4.6574,388485.13
1593244800,4.6574,4.6957,4.6036,4.613,449346.22
1593259200,4.613,4.62,4.53,4.5402,780691.35
1593273600,4.5402,4.5533,4.3,4.3603,2440405.52
1593288000,4.3603,4.4801,4.3316,4.4058,1270410.85
1593302400,4.4058,4.4387,4.372,4.3966,390610.91
1593316800,4.3966,4.4374,4.3647,4.4113,383986.06
1593331200,4.4113,4.5607,4.3858,4.5209,1155091.72
1593345600,4.5209,4.5845,4.4852,4.5778,1089102.49
1593360000,4.5778,4.62,4.5378,4.5469,996628.89
1593374400,4.5469,4.5779,4.5046,4.5668,736511.67
1593388800,4.5668,4.6182,4.5555,4.5666,615377.86
1593403200,4.5666,4.5926,4.4912,4.5197,702669.03
1593417600,4.5197,4.5294,4.4616,4.5021,894192.74
1593432000,4.5021,4.5289,4.4232,4.5111,1239997.86
1593446400,4.5111,4.5988,4.495,4.562,545141.97
1593460800,4.562,4.65,4.562,4.6187,792283.86
1593475200,4.6187,4.6622,4.6128,4.626,473249.69
1593489600,4.626,4.6338,4.5549,4.5771,433725.28
1593504000,4.5771,4.6351,4.5595,4.6123,433833.89
1593518400,4.6123,4.6305,4.5337,4.6215,859037.73
1593532800,4.6215,4.6446,4.5693,4.5911,548187.04
1593547200,4.5911,4.6067,4.5591,4.5626,260007.98
1593561600,4.5626,4.5731,4.5217,4.5486,686456.8
1593576000,4.5486,4.58,4.5361,4.5379,314797.36
1593590400,4.5379,4.6346,4.5369,4.5971,717880.1
1593604800,4.5971,4.7083,4.5757,4.7051,1035875.86
1593619200,4.7051,4.73,4.6742,4.7014,729030.34
1593633600,4.7014,4.73,4.6643,4.7067,612678.84
1593648000,4.7067,4.815,4.7066,4.8002,916404.61
1593662400,4.8002,4.848,4.7258,4.7726,1043125.98
1593676800,4.7726,4.7782,4.7129,4.7579,502867.8
1593691200,4.7579,4.9181,4.719,4.73,2441407.43
1593705600,4.73,4.7532,4.6025,4.719,1855301.26
1593720000,4.719,4.8332,4.7026,4.7996,879280.27
1593734400,4.7996,4.854,4.76,4.7836,675003.74
1593748800,4.7836,4.8562,4.7595,4.8477,538449.91
1593763200,4.8477,4.8912,4.8108,4.869,941568.05
1593777600,4.869,4.8964,4.8351,4.8488,952753.98
1593792000,4.8488,4.8767,4.7785,4.8143,865501.43
1593806400,4.8143,4.8143,4.7031,4.7309,649100.23
1593820800,4.7309,4.8282,4.7186,4.7761,545357.6
1593835200,4.7761,4.8054,4.7613,4.7726,299912.59
1593849600,4.7726,4.7767,4.7225,4.7463,413384.95
1593864000,4.7463,4.8099,4.7304,4.774,562970.83
1593878400,4.774,4.8539,4.748,4.8374,780243.24
1593892800,4.8374,4.8473,4.7808,4.82,282406.01
1593907200,4.82,4.8325,4.7786,4.8065,408049.37
1593921600,4.8065,4.8076,4.7239,4.7567,686623.86
1593936000,4.7567,4.7567,4.6772,4.6923,651175.28
1593950400,4.6923,4.7127,4.6475,4.6783,702982.99
1593964800,4.6783,4.7038,4.6332,4.683,431428.65
1593979200,4.683,4.7707,4.6118,4.7439,770714.23
1593993600,4.7439,4.8013,4.7362,4.7708,569388.02
1594008000,4.7708,4.891,4.7708,4.8663,916382.52
1594022400,4.8663,4.8723,4.8238,4.86,437765.33
1594036800,4.86,4.8679,4.8055,4.8559,739047.25
1594051200,4.8559,4.8915,4.8213,4.8888,1029190.05
1594065600,4.8888,5.5,4.8829,5.3617,8341175.8
1594080000,5.3617,5.6973,5.33,5.5473,2975574.27
1594094400,5.5473,5.6603,5.4593,5.5183,1805184.84
1594108800,5.5183,5.577,5.425,5.5425,1240144.54
1594123200,5.5425,5.7,5.5368,5.5917,2249357.74
1594137600,5.5917,5.889,5.5678,5.7181,3432246.96
1594152000,5.7181,5.8275,5.5802,5.7248,2083523.44
1594166400,5.7248,5.99,5.592,5.9005,2626037.31
1594180800,5.9005,6.4399,5.802,6.2902,3572675.57
1594195200,6.2902,6.407,6.1266,6.3332,3041154.85
1594209600,6.3332,6.3589,6.05,6.1518,3042107.92
1594224000,6.1518,6.3438,6.1501,6.2769,1910209.9
1594238400,6.2769,6.5782,6.2288,6.4987,2624725.24
1594252800,6.4987,6.5006,6.0044,6.1692,2837871.34
1594267200,6.1692,6.368,6.1208,6.3261,1519328.27
1594281600,6.3261,6.3314,6.112,6.2014,1154678.44
1594296000,6.2014,6.2752,5.7029,5.92,3867653.92
1594310400,5.92,6.1702,5.835,5.92,2422558.53
1594324800,5.92,6.14,5.8739,6.082,1153459.28
1594339200,6.082,6.13,5.9042,5.9577,1244770.51
1594353600,5.9577,5.9767,5.75,5.8433,1517711.85
1594368000,5.8433,5.98,5.71,5.815,1330360.06
1594382400,5.815,5.98,5.7096,5.9479,2202180.01
1594396800,5.9479,6.2009,5.9121,6.12,2344997.89
1594411200,6.12,6.1823,6.0235,6.1488,1306913.18
1594425600,6.1488,6.27,6.1251,6.1446,1343579.89
1594440000,6.1446,6.2306,6.0903,6.1394,728416.03
1594454400,6.1394,6.1394,5.961,6.0063,1003617.49
1594468800,6.0063,6.1434,5.9953,6.104,836495.5
1594483200,6.104,6.2004,6.03,6.0568,989421.41
1594497600,6.0568,6.1699,6.0473,6.0994,541187.9
1594512000,6.0994,6.2276,6.0975,6.17,750465.9
1594526400,6.17,6.1988,6.11,6.1797,390884.35
1594540800,6.1797,6.425,6.1796,6.3936,1667947.42
1594555200,6.3936,6.813,6.3853,6.718,6143314.26
1594569600,6.718,6.89,6.6715,6.7952,3714296.32
1594584000,6.7952,7.3898,6.7566,7.3345,6282410.37
1594598400,7.3345,8.48,7.2453,7.9662,11797008.99
1594612800,7.9662,8.069,7.6135,7.6773,3756095.47
1594627200,7.6773,8.005,7.6773,7.7437,2198578.77
1594641600,7.7437,7.9733,7.2732,7.3649,4358170.2
1594656000,7.3649,7.5435,6.8525,7.2286,4680077.81
1594670400,7.2286,7.3,6.979,7.163,3947619.72
1594684800,7.163,7.411,7.0387,7.1413,3196997.42
1594699200,7.1413,7.2979,6.965,7.1682,2331747.14
1594713600,7.1682,7.6697,7.1349,7.6369,3587605.84
1594728000,7.6369,7.695,7.35,7.6058,4297605.88
1594742400,7.6058,8.3296,7.6018,8.2141,7640083.01
1594756800,8.2141,8.3446,7.9045,8.1321,4099341.12
1594771200,8.1321,8.182,7.8309,8.0521,2106569.4
1594785600,8.0521,8.163,7.8386,8.021,1685164.78
1594800000,8.021,8.406,7.8711,8.2447,3465129.34
1594814400,8.2447,8.908,8.2186,8.3137,7170151.63
1594828800,8.3137,8.687,8.2861,8.4381,3170445.05
1594843200,8.4381,8.7921,8.4335,8.6494,2921423.02
1594857600,8.6494,8.703,8.3783,8.4388,1989434.98
1594872000,8.4388,8.5226,7.9427,8.1222,4525576.63
1594886400,8.1222,8.3088,8.0549,8.1855,2711357.6
1594900800,8.1855,8.72,8.001,8.6609,4124931.57
1594915200,8.6609,8.8822,8.425,8.472,4051444.56
1594929600,8.472,8.56,8.1764,8.354,3303106.45
1594944000,8.354,8.4695,8.254,8.3414,1509139.13
1594958400,8.3414,8.5622,8.2,8.3733,1752297.63
1594972800,8.3733,8.486,8.2711,8.4454,1240578.59
1594987200,8.4454,8.6444,8.32,8.3562,1834234.89
1595001600,8.3562,8.4,8.22,8.3418,1594310.01
1595016000,8.3418,8.4339,8.252,8.2605,797370.58
1595030400,8.2605,8.2648,7.657,7.8593,4294795.14
1595044800,7.8593,7.9962,7.7727,7.939,1472946.79
1595059200,7.939,8.15,7.8804,7.8937,1709651.3
1595073600,7.8937,7.973,7.8365,7.9478,1064447.03
1595088000,7.9478,8.2241,7.9416,8.0396,1942272.52
1595102400,8.0396,8.1,7.891,7.9734,932520.07
1595116800,7.9734,8.0462,7.8137,7.8622,1120936.0
1595131200,7.8622,8.0104,7.82,7.9618,679926.78
1595145600,7.9618,7.9745,7.8006,7.8584,988253.84
1595160000,7.8584,7.8947,7.7782,7.843,893815.76
1595174400,7.843,7.9553,7.82,7.9178,792170.75
1595188800,7.9178,8.21,7.9044,8.0784,2421110.18
1595203200,8.0784,8.1029,7.9626,8.0848,807868.92
1595217600,8.0848,8.1388,8.0038,8.0598,695422.42
1595232000,8.0598,8.076,7.8572,7.8864,1089853.17
1595246400,7.8864,7.9427,7.7628,7.8503,1457095.82
1595260800,7.8503,7.8578,7.121,7.4098,4017788.97
1595275200,7.4098,7.5941,7.1923,7.2301,2975691.87
1595289600,7.2301,7.4145,7.18,7.3957,1312292.75
1595304000,7.3957,7.5144,7.3332,7.4476,1219625.93
1595318400,7.4476,7.6788,7.401,7.6039,1561424.49
1595332800,7.6039,7.6245,7.1508,7.3551,2962392.03
1595347200,7.3551,7.3726,6.9232,7.1,1866233.68
1595361600,7.1,7.3172,7.0212,7.3101,2015184.39
1595376000,7.3101,7.3253,7.126,7.1913,1010552.99
1595390400,7.1913,7.282,7.0832,7.1452,1028856.3
1595404800,7.1452,7.395,7.1126,7.3237,1449397.62
1595419200,7.3237,7.6365,7.3229,7.5063,2874928.39
1595433600,7.5063,7.5531,7.3183,7.3849,1283296.51
1595448000,7.3849,7.57,7.3631,7.4689,1952519.33
1595462400,7.4689,7.78,7.4029,7.69,2157582.3
1595476800,7.69,7.76,7.62,7.7358,1044479.24
1595491200,7.7358,8.0265,7.7189,7.9534,2249070.88
1595505600,7.9534,8.0863,7.8289,8.043,2242522.42
1595520000,8.043,8.099,7.7778,7.8696,2113133.07
1595534400,7.8696,7.9362,7.72,7.8983,1110275.03
1595548800,7.8983,7.9304,7.725,7.7373,968518.51
1595563200,7.7373,7.7888,7.6651,7.7182,1147160.03
1595577600,7.7182,7.7965,7.6163,7.7509,1132190.17
1595592000,7.7509,7.7799,7.5142,7.6235,1601465.7
1595606400,7.6235,7.6271,7.4328,7.5773,1532490.84
1595620800,7.5773,7.605,7.384,7.4284,932896.62
1595635200,7.4284,7.7434,7.3744,7.6665,1879624.04
1595649600,7.6665,7.7139,7.5889,7.6056,996605.76
1595664000,7.6056,7.6399,7.5053,7.5913,1097078.28
1595678400,7.5913,7.6416,7.5122,7.5838,1042139.64
1595692800,7.5838,7.8009,7.5428,7.676,1683808.43
1595707200,7.676,7.73,7.5759,7.672,807918.75
1595721600,7.672,7.7,7.5909,7.6977,914697.44
1595736000,7.6977,7.945,7.6977,7.8222,2050698.43
1595750400,7.8222,7.8706,7.1885,7.4147,3748840.85
1595764800,7.4147,7.52,7.352,7.4007,1806980.62
1595779200,7.4007,7.4708,7.3116,7.4185,1068147.87
1595793600,7.4185,7.596,7.3892,7.5022,1048295.11
1595808000,7.5022,7.5045,7.0877,7.203,3043172.6
1595822400,7.203,7.3214,7.1257,7.1945,1366128.32
1595836800,7.1945,7.3179,7.1412,7.1908,1289745.91
1595851200,7.1908,7.2299,6.5101,6.8579,4796140.17
1595865600,6.8579,7.2815,6.61,7.1279,3752567.63
1595880000,7.1279,7.2493,6.8694,7.1,2433459.71
1595894400,7.1,7.2046,6.9106,7.1025,1959033.37
1595908800,7.1025,7.4243,7.0475,7.3231,1325372.36
1595923200,7.3231,7.39,6.95,7.1026,1926222.23
1595937600,7.1026,7.28,7.033,7.2635,1299255.92
1595952000,7.2635,7.2925,7.1111,7.159,1017324.94
1595966400,7.159,7.2397,7.0958,7.2333,973518.01
1595980800,7.2333,7.4871,7.2164,7.265,1770979.26
1595995200,7.265,7.344,7.1501,7.3162,1250660.01
1596009600,7.3162,7.3424,7.1555,7.184,811851.61
1596024000,7.184,7.2022,7.03,7.0802,1182276.5
1596038400,7.0802,7.1751,6.9867,7.1144,1197258.0
1596052800,7.1144,7.17,7.0157,7.0876,845888.41
1596067200,7.0876,7.2415,7.0253,7.1884,966307.39
1596081600,7.1884,7.2287,7.0977,7.1152,787545.24
1596096000,7.1152,7.3574,7.108,7.27,1207870.79
1596110400,7.27,7.335,7.1902,7.2972,1131640.2
1596124800,7.2972,7.5757,7.2928,7.5168,2434045.6
1596139200,7.5168,7.5346,7.3082,7.4093,1146025.25
1596153600,7.4093,7.812,7.4085,7.6839,1780941.2
1596168000,7.6839,7.8649,7.601,7.6882,1295702.51
1596182400,7.6882,7.85,7.655,7.6713,1210677.84
1596196800,7.6713,7.7455,7.5502,7.568,1150703.61
1596211200,7.568,7.72,7.4755,7.72,1030172.36
1596225600,7.72,7.8061,7.6521,7.8033,951256.74
1596240000,7.8033,7.888,7.726,7.7519,1035508.19
1596254400,7.7519,7.885,7.6871,7.815,1097733.09
1596268800,7.815,7.88,7.6911,7.7672,1155187.89
1596283200,7.7672,7.7861,7.6373,7.7813,740183.41
1596297600,7.7813,7.837,7.6983,7.8223,1438948.27
1596312000,7.8223,8.472,7.7687,8.3248,3877515.55
1596326400,8.3248,8.4071,8.2269,8.3481,1857863.68
1596340800,8.3481,8.4317,6.87,8.3137,5822635.8
1596355200,8.3137,8.7972,7.9,8.2571,6274287.59
1596369600,8.2571,8.6473,7.9921,8.5238,3709230.74
1596384000,8.5238,8.6144,8.25,8.5232,2200550.47
1596398400,8.5232,8.6673,8.1562,8.2814,2783046.06
1596412800,8.2814,8.4999,8.1408,8.3549,1596579.6
1596427200,8.3549,8.484,8.2196,8.4007,1429950.69
1596441600,8.4007,8.5961,8.2567,8.5334,1659707.36
1596456000,8.5334,8.6914,8.3792,8.5225,2324691.99
1596470400,8.5225,8.6,8.3817,8.5051,1217916.19
1596484800,8.5051,9.2707,8.482,9.2502,4585679.15
1596499200,9.2502,9.4178,9.0807,9.2453,3399516.56
1596513600,9.2453,9.5385,9.13,9.3166,2437004.6
1596528000,9.3166,9.7568,9.24,9.4019,4870604.39
1596542400,9.4019,9.6607,9.28,9.6606,2935225.17
1596556800,9.6606,9.6759,9.3658,9.4233,1591138.04
1596571200,9.4233,9.9645,9.42,9.8687,3252441.61
1596585600,9.8687,9.8687,9.5701,9.729,1679211.93
1596600000,9.729,9.7494,9.3407,9.5085,1772997.54
1596614400,9.5085,9.6997,9.46,9.5696,1533778.07
1596628800,9.5696,9.5827,9.3382,9.4731,2105397.72
1596643200,9.4731,9.649,9.3967,9.548,1350900.55
1596657600,9.548,9.6199,9.3207,9.5253,1239802.96
1596672000,9.5253,9.8978,9.4515,9.7625,1803549.08
1596686400,9.7625,9.8013,9.619,9.6547,962643.46
1596700800,9.6547,9.742,9.5411,9.7417,943329.96
1596715200,9.7417,9.7773,9.58,9.7491,1491468.85
1596729600,9.7491,9.7761,9.6002,9.695,1055581.04
1596744000,9.695,10.2917,9.47,10.2343,2784980.21
1596758400,10.2343,10.2615,9.86,9.8828,2163636.37
1596772800,9.8828,10.0252,9.8115,10.0247,1131053.86
1596787200,10.0247,10.1,9.8619,9.9482,1037115.04
1596801600,9.9482,10.0751,9.7675,9.9159,1781259.83
1596816000,9.9159,9.9609,9.05,9.7601,3569954.95
1596830400,9.7601,10.137,9.6522,10.1286,2054976.57
1596844800,10.1286,10.42,9.9287,10.3057,1942025.61
1596859200,10.3057,10.7637,10.277,10.5756,2464181.63
1596873600,10.5756,10.8,10.4505,10.7328,1328127.32
1596888000,10.7328,11.0298,10.6755,10.966,2334418.75
1596902400,10.966,13.8799,10.966,13.2109,13640869.13
1596916800,13.2109,13.3694,12.3778,12.7093,6971765.47
1596931200,12.7093,12.8152,12.0,12.7336,3791871.4
1596945600,12.7336,12.9097,12.4076,12.6492,1906266.83
1596960000,12.6492,13.7592,12.5184,13.5465,4786589.05
1596974400,13.5465,13.5843,12.3109,13.0618,5810225.26
1596988800,13.0618,14.4586,12.9345,13.9021,9334773.02
1597003200,13.9021,14.2873,13.6153,13.8104,2825314.16
1597017600,13.8104,13.9359,12.52,13.2125,5104733.96
1597032000,13.2125,14.0551,13.0336,13.6107,3503047.99
1597046400,13.6107,14.018,12.784,13.7002,2911634.91
1597060800,13.7002,13.7822,13.3699,13.6751,1729151.13
1597075200,13.6751,13.7299,13.0703,13.13,2106152.66
1597089600,13.13,13.5811,12.75,13.4722,2557832.67
1597104000,13.4722,13.5403,13.0,13.1557,1712707.81
1597118400,13.1557,13.3988,12.8793,13.0764,1392520.65
1597132800,13.0764,13.1879,12.5555,12.78,2352403.57
1597147200,12.78,12.8237,12.0905,12.6136,4240939.31
1597161600,12.6136,13.4025,12.5105,12.7083,5375935.17
1597176000,12.7083,13.2472,12.3266,12.9971,2440115.91
1597190400,12.9971,13.0647,12.5936,12.9501,1448471.33
1597204800,12.9501,13.8615,12.7208,13.6558,2842207.9
1597219200,13.6558,14.0908,13.4444,13.9691,2584980.24
1597233600,13.9691,15.75,13.8,15.4438,7180925.27
1597248000,15.4438,16.1247,14.8869,15.2106,5277955.44
1597262400,15.2106,16.8,15.2016,16.4635,3782207.95
1597276800,16.4635,16.98,16.0502,16.632,4177416.87
1597291200,16.632,17.7399,16.14,17.3707,4569907.68
1597305600,17.3707,17.5643,15.9175,16.8504,6881451.38
1597320000,16.8504,17.1304,16.3027,16.8123,3351832.18
1597334400,16.8123,18.3488,16.4762,18.0224,5493255.9
1597348800,18.0224,18.2307,16.3439,17.1883,6467829.95
1597363200,17.1883,17.42,16.8111,17.087,1816214.06
1597377600,17.087,17.5998,16.8272,16.8978,1629842.98
1597392000,16.8978,17.266,16.6566,17.048,1385159.75
1597406400,17.048,17.2857,16.3,16.9299,3057719.57
1597420800,16.9299,17.1227,16.5741,16.7349,1837986.94
1597435200,16.7349,17.099,16.5107,16.9574,1625197.75
1597449600,16.9574,17.4,16.56,16.634,1733561.44
1597464000,16.634,16.99,16.5554,16.8407,721591.46
1597478400,16.8407,17.7399,16.7011,17.6082,1982563.98
1597492800,17.6082,19.44,17.4635,18.94,7182910.42
1597507200,18.94,19.8303,18.6727,19.539,2872726.38
1597521600,19.539,19.68,18.29,19.2285,3447758.33
1597536000,19.2285,19.4135,18.7343,18.8467,1565794.65
1597550400,18.8467,20.1111,18.7534,19.879,1916383.86
1597564800,19.879,19.9016,18.7621,18.9646,2544523.68
1597579200,18.9646,19.4928,18.8,19.1272,1809924.0
1597593600,19.1272,19.3127,18.81,18.8471,1261915.26
1597608000,18.8471,19.123,18.5144,18.8061,1659302.94
1597622400,18.8061,19.1611,18.5486,19.141,1105217.07
1597636800,19.141,19.38,18.8419,18.9376,1343483.74
1597651200,18.9376,19.7111,18.85,19.28,1660142.44
1597665600,19.28,19.543,18.4524,18.6318,3191636.12
1597680000,18.6318,19.132,18.5073,18.9687,1362927.98
1597694400,18.9687,18.9807,15.5,16.8196,4878962.44
1597708800,16.8196,17.6738,16.5419,17.085,3985490.98
1597723200,17.085,17.4867,16.3836,17.1977,3171964.78
1597737600,17.1977,17.2876,15.7815,15.7888,4412616.12
1597752000,15.7888,16.7938,14.69,16.3004,9793405.94
1597766400,16.3004,16.596,15.7,16.37,2769433.56
1597780800,16.37,16.8899,15.8473,16.1927,2955146.38
1597795200,16.1927,16.62,15.1747,15.4205,2920958.99
1597809600,15.4205,15.99,14.8653,15.8985,4144245.82
1597824000,15.8985,16.7827,15.6899,16.549,3104467.6
1597838400,16.549,17.2554,16.25,16.6086,3827590.26
1597852800,16.6086,17.0,16.1314,16.1317,2213377.07
1597867200,16.1317,16.7378,15.6263,16.1863,2191307.31
1597881600,16.1863,16.7108,16.1679,16.2426,1443513.25
1597896000,16.2426,16.5763,15.85,16.2781,1756000.02
1597910400,16.2781,16.7862,16.2128,16.4914,1417170.96
1597924800,16.4914,16.7208,16.2473,16.5233,1551413.4
1597939200,16.5233,16.5751,15.7232,15.9782,3440170.16
1597953600,15.9782,16.2636,15.7564,16.0483,1468893.9
1597968000,16.0483,16.1421,14.8433,15.6268,3377207.79
1597982400,15.6268,15.7339,14.9818,15.2618,1940758.57
1597996800,15.2618,15.45,14.1517,14.3078,3223712.06
1598011200,14.3078,14.78,13.807,14.0839,5418561.37
1598025600,14.0839,14.7513,12.89,14.4441,8137282.21
1598040000,14.4441,14.6336,13.4792,13.8325,4083849.6
1598054400,13.8325,14.4867,13.66,14.2429,3179063.18
1598068800,14.2429,14.9814,13.7809,14.8137,2493884.72
1598083200,14.8137,14.9185,14.4666,14.7979,1519961.78
1598097600,14.7979,15.7562,14.715,15.3524,3669671.95
1598112000,15.3524,16.33,15.1178,15.9951,3837557.06
1598126400,15.9951,16.2755,15.75,15.8078,2013704.48
1598140800,15.8078,16.0042,15.1033,15.2652,2565606.22
1598155200,15.2652,15.6453,15.0,15.5753,1641879.12
1598169600,15.5753,15.7,14.6536,14.711,2421831.36
1598184000,14.711,15.3833,14.6962,15.0744,1945443.45
1598198400,15.0744,15.34,14.7207,15.191,1289614.17
1598212800,15.191,15.2999,14.8029,15.1428,901634.69
1598227200,15.1428,15.22,14.7,15.2111,1414335.6
1598241600,15.2111,15.8797,15.0358,15.7668,1757393.48
1598256000,15.7668,15.7951,15.415,15.6638,1303531.61
1598270400,15.6638,15.7582,14.9116,15.1786,1773082.8
1598284800,15.1786,15.29,14.8418,15.1291,1272582.28
1598299200,15.1291,15.2754,14.884,15.1419,939896.23
1598313600,15.1419,15.202,14.7562,14.8497,1315750.01
1598328000,14.8497,15.3743,14.8094,14.9922,1597462.28
1598342400,14.9922,15.2043,14.7899,14.9415,1400951.9
1598356800,14.9415,14.9536,14.0575,14.3672,3248559.8
1598371200,14.3672,14.5837,13.4578,14.2995,3831246.35
1598385600,14.2995,14.4269,13.88,14.1164,1419281.66
1598400000,14.1164,14.8707,14.0613,14.65,1677710.71
1598414400,14.65,14.8407,14.1885,14.4168,1346430.71
1598428800,14.4168,14.7677,14.2485,14.5503,1308185.64
1598443200,14.5503,15.246,14.0537,15.1325,2850817.44
1598457600,15.1325,15.6664,15.0557,15.3025,2928776.49
1598472000,15.3025,15.4265,14.9052,15.2,1305263.58
1598486400,15.2,15.5215,14.9434,15.0941,1552778.48
1598500800,15.0941,15.4393,14.9432,15.4076,1580278.11
1598515200,15.4076,15.445,14.4044,14.61,2378646.59
1598529600,14.61,15.3295,14.4376,14.65,2570564.11
1598544000,14.65,14.8006,13.9679,14.3908,2654787.66
1598558400,14.3908,14.6314,14.325,14.5234,958366.15
1598572800,14.5234,14.7431,14.236,14.6907,1059802.97
1598587200,14.6907,14.9568,14.5579,14.7306,1075800.1
1598601600,14.7306,15.1229,14.632,15.1205,1208847.16
1598616000,15.1205,15.3227,14.7989,15.3151,1606327.27
1598630400,15.3151,15.4989,15.1024,15.2343,1446269.64
1598644800,15.2343,15.3,14.9143,15.1207,866810.87
1598659200,15.1207,15.4338,14.9565,15.3127,910979.28
1598673600,15.3127,15.9596,15.2871,15.7616,1869135.46
1598688000,15.7616,15.94,15.4396,15.6243,1591573.56
1598702400,15.6243,16.7769,15.5839,16.6721,3365476.93
1598716800,16.6721,17.0305,16.4075,16.8404,2964791.12
1598731200,16.8404,17.01,16.343,16.3612,1775021.43
1598745600,16.3612,17.5142,16.3547,17.1111,2643790.12
1598760000,17.1111,17.27,16.7544,16.9857,1782006.35
1598774400,16.9857,17.3908,16.9104,17.3327,1303220.55
1598788800,17.3327,17.7777,17.07,17.2049,2407025.85
1598803200,17.2049,17.3383,16.7549,17.0046,2025999.78
1598817600,17.0046,17.0936,16.4094,16.4788,1905650.81
1598832000,16.4788,16.938,16.4612,16.7414,1498313.43
1598846400,16.7414,16.9495,16.0884,16.1809,1620207.31
1598860800,16.1809,16.56,16.0741,16.3829,1736337.09
1598875200,16.3829,16.66,16.09,16.4424,1903695.56
1598889600,16.4424,16.5277,16.1152,16.4004,1397631.56
1598904000,16.4004,16.437,15.4451,15.5772,1459778.32
1598918400,15.5772,16.0344,15.0629,15.7845,2386396.77
1598932800,15.7845,16.49,15.7038,16.469,1800723.3
1598947200,16.469,16.5053,15.8818,15.9417,1386324.94
1598961600,15.9417,16.1334,15.6725,15.6764,1340020.14
1598976000,15.6764,16.3319,15.6191,16.0851,1321885.95
1598990400,16.0851,16.43,15.9813,16.0333,1011350.49
1599004800,16.0333,16.3587,15.7298,15.8638,1070756.28
1599019200,15.8638,16.08,15.6001,15.6928,871676.19
1599033600,15.6928,15.8368,14.0,14.9254,2903668.55
1599048000,14.9254,15.2888,14.5588,14.8001,2458872.22
1599062400,14.8001,14.8625,14.06,14.7501,2297470.56
1599076800,14.7501,14.9712,14.4908,14.7982,829727.78
1599091200,14.7982,14.9989,14.4859,14.506,990357.91
1599105600,14.506,14.6638,13.5611,14.5679,2933477.38
1599120000,14.5679,14.711,13.43,13.6891,2675301.4
1599134400,13.6891,13.7766,12.7542,13.3462,5010984.04
1599148800,13.3462,13.6871,13.11,13.37,1920314.79
1599163200,13.37,13.5091,10.8261,11.8895,3931488.41
1599177600,11.8895,12.1637,11.3691,11.8445,3400769.71
1599192000,11.8445,12.0866,11.0,11.6408,3116742.33
1599206400,11.6408,12.9,11.629,12.3695,4186571.54
1599220800,12.3695,12.8793,11.15,12.3487,3976841.99
1599235200,12.3487,12.8401,11.982,12.7584,2403345.51
1599249600,12.7584,12.904,12.35,12.3708,1565208.63
1599264000,12.3708,12.7655,12.3157,12.5175,985501.33
1599278400,12.5175,12.7489,12.2008,12.6706,1509418.51
1599292800,12.6706,12.6706,11.3219,11.6306,2702498.86
1599307200,11.6306,11.7976,10.63,11.5048,4634219.94
1599321600,11.5048,11.5844,9.1,10.619,9684725.75
1599336000,10.619,11.1007,9.97,10.6017,6013783.49
1599350400,10.6017,10.882,10.2552,10.3606,2089127.05
1599364800,10.3606,10.9679,9.7155,10.9102,3576860.78
1599379200,10.9102,12.2634,10.9102,12.096,6218991.7
1599393600,12.096,12.4054,11.6054,11.9443,3535135.63
1599408000,11.9443,12.7846,11.7173,12.5916,3016611.82
1599422400,12.5916,13.24,12.45,12.8044,3463701.61
1599436800,12.8044,13.1747,12.3373,12.48,1861024.08
1599451200,12.48,12.8377,12.0204,12.616,2838176.91
1599465600,12.616,12.9456,11.7426,12.004,4449503.49
1599480000,12.004,12.4898,11.17,12.1437,7228406.31
1599494400,12.1437,12.4058,11.8884,12.0163,2322389.38
1599508800,12.0163,12.6346,11.8733,12.47,2535545.08
1599523200,12.47,12.7362,12.3316,12.5639,1725207.91
1599537600,12.5639,12.6407,12.035,12.3419,2516779.93
1599552000,12.3419,12.5095,11.3462,11.4939,3063382.82
1599566400,11.4939,12.0103,11.3346,11.8208,3280351.87
1599580800,11.8208,12.065,11.442,11.5318,1927353.57
1599595200,11.5318,11.823,11.0284,11.746,2319053.71
1599609600,11.746,11.9968,11.4356,11.5313,1595812.27
1599624000,11.5313,12.1747,11.47,12.1277,1553262.27
1599638400,12.1277,12.5224,11.9173,12.2863,2500696.99
1599652800,12.2863,12.5438,12.1634,12.4676,1930983.4
1599667200,12.4676,12.6566,12.3137,12.52,1760803.78
1599681600,12.52,12.5874,12.2563,12.3444,1308232.72
1599696000,12.3444,13.28,12.3036,12.8999,4402496.0
1599710400,12.8999,13.1725,12.5,12.66,2404563.77
1599724800,12.66,12.8607,12.5197,12.7852,1509511.58
1599739200,12.7852,13.1863,12.7078,12.9023,3101906.62
1599753600,12.9023,12.9715,12.18,12.3461,2122921.52
1599768000,12.3461,12.6961,12.3159,12.4957,1531895.54
1599782400,12.4957,12.6848,12.02,12.051,1157673.78
1599796800,12.051,12.4364,12.019,12.3118,1272362.91
1599811200,12.3118,12.5166,12.2,12.2561,1447801.66
1599825600,12.2561,12.696,12.2,12.5608,1651369.07
1599840000,12.5608,12.664,12.3596,12.4276,913972.99
1599854400,12.4276,12.6102,12.3009,12.4406,1055684.75
1599868800,12.4406,12.47,12.0934,12.2546,1023960.97
1599883200,12.2546,12.44,12.2228,12.38,1017744.5
1599897600,12.38,12.58,12.28,12.5529,928266.88
1599912000,12.5529,12.5529,12.2069,12.3938,1182635.26
1599926400,12.3938,12.7041,12.3463,12.5902,1246743.59
1599940800,12.5902,12.747,12.5107,12.7187,871432.25
1599955200,12.7187,12.951,12.6529,12.8209,1174121.38
1599969600,12.8209,13.1148,12.7426,13.0637,1188196.98
1599984000,13.0637,13.23,12.1952,12.26,3647664.72
1599998400,12.26,12.4985,12.0101,12.0352,2052658.76
1600012800,12.0352,12.1966,11.7658,12.0502,2141430.24
1600027200,12.0502,12.1378,11.8637,12.067,903027.4
1600041600,12.067,12.1,11.7121,11.9096,919781.23
1600056000,11.9096,11.9628,11.6349,11.9202,1814336.99
1600070400,11.9202,12.0433,11.7,11.8907,1377367.86
1600084800,11.8907,12.3863,11.85,12.2755,2108068.08
1600099200,12.2755,12.3449,12.0115,12.04,1476983.2
1600113600,12.04,12.1831,11.9367,12.1374,1134402.8
1600128000,12.1374,12.24,11.9346,12.0462,1173416.04
1600142400,12.0462,12.2225,11.836,12.0077,1473963.98
1600156800,12.0077,12.1648,11.7918,11.9334,1771696.76
1600171200,11.9334,12.0491,11.3,11.5113,2882121.51
1600185600,11.5113,11.578,11.0797,11.1455,2039068.29
1600200000,11.1455,11.3364,10.75,10.9314,2073367.05
1600214400,10.9314,10.9671,10.4771,10.7589,1901885.39
1600228800,10.7589,11.2176,10.6264,11.2,1538490.48
1600243200,11.2,11.3002,10.9051,11.0577,1596198.72
1600257600,11.0577,11.2447,10.8539,11.0426,2029782.8
1600272000,11.0426,11.1019,10.5771,10.6815,2217648.36
1600286400,10.6815,10.912,10.5946,10.7367,1078439.33
1600300800,10.7367,11.6759,10.5535,10.9371,2987314.3
1600315200,10.9371,11.2282,10.7589,10.8897,1178703.09
1600329600,10.8897,10.932,10.472,10.7901,1471593.13
1600344000,10.7901,10.8969,10.5171,10.7198,1404211.47
1600358400,10.7198,10.8522,10.5403,10.7427,1567688.23
1600372800,10.7427,11.2,10.7427,11.0139,1553536.24
1600387200,11.0139,11.1315,10.85,10.9918,914570.81
1600401600,10.9918,10.9953,10.764,10.8106,1321848.26
1600416000,10.8106,10.9687,10.7153,10.8633,978766.64
1600430400,10.8633,10.8759,10.2861,10.3901,1722842.03
1600444800,10.3901,10.4701,10.0,10.1562,2311443.07
1600459200,10.1562,10.2586,9.7863,10.094,1640735.26
1600473600,10.094,10.303,9.8756,10.1319,1426085.4
1600488000,10.1319,10.2186,10.0684,10.0791,594951.16
1600502400,10.0791,10.4969,10.0791,10.4721,1051097.38
1600516800,10.4721,10.4902,10.1235,10.196,1042258.76
1600531200,10.196,10.3398,10.0408,10.0911,800158.48
1600545600,10.0911,10.245,10.045,10.1209,682251.9
1600560000,10.1209,10.6199,10.0282,10.4583,1701551.04
1600574400,10.4583,10.5115,10.3628,10.3852,576987.5
1600588800,10.3852,10.59,10.2097,10.3114,953676.18
1600603200,10.3114,10.3261,9.9037,10.0157,1354527.93
1600617600,10.0157,10.0398,9.6588,9.9558,1542440.36
1600632000,9.9558,9.9558,9.5,9.7357,1370962.6
1600646400,9.7357,9.9235,9.5693,9.74,1358900.41
1600660800,9.74,9.8587,9.6128,9.6191,655138.81
1600675200,9.6191,9.6504,8.5071,8.901,5504549.93
1600689600,8.901,9.1398,8.5012,8.7172,4128224.97
1600704000,8.7172,8.9109,8.5345,8.8599,2329501.7
1600718400,8.8599,9.0558,8.6807,8.7114,1785100.03
1600732800,8.7114,9.0066,8.6195,8.8414,1606411.74
1600747200,8.8414,9.08,8.73,8.73,1496951.18
1600761600,8.73,8.9608,8.73,8.835,1303993.61
1600776000,8.835,8.9494,8.6964,8.817,1641618.77
1600790400,8.817,8.9298,8.7254,8.7632,1046110.01
1600804800,8.7632,8.8097,8.54,8.7401,1289027.06
1600819200,8.7401,8.8016,8.597,8.6089,595439.95
1600833600,8.6089,8.614,7.9368,8.1016,3588611.94
1600848000,8.1016,8.2222,8.0127,8.1542,1849321.2
1600862400,8.1542,8.5298,8.0817,8.2226,2806567.95
1600876800,8.2226,8.4,7.669,7.7835,2856199.57
1600891200,7.7835,8.0552,7.2869,7.6364,6525694.91
1600905600,7.6364,8.4539,7.4761,8.1705,4174633.16
1600920000,8.1705,8.4049,8.106,8.3481,1834789.31
1600934400,8.3481,8.7989,8.179,8.7024,3013539.12
1600948800,8.7024,9.3,8.5509,9.2241,4232939.13
1600963200,9.2241,9.94,9.1611,9.9257,6856772.25
1600977600,9.9257,10.53,9.6651,9.87,6835473.34
1600992000,9.87,10.1092,9.7,9.7726,3020771.91
1601006400,9.7726,9.9155,9.5562,9.8168,2284045.75
1601020800,9.8168,9.8837,9.3771,9.7969,2564707.92
1601035200,9.7969,10.4867,9.5721,10.372,4357978.8
1601049600,10.372,11.0,10.1379,10.8695,4708722.78
1601064000,10.8695,11.199,10.604,10.7279,3283914.91
1601078400,10.7279,10.8878,10.5693,10.7436,1558511.07
1601092800,10.7436,11.1,10.6606,10.8228,1736714.42
1601107200,10.8228,10.86,10.6288,10.7123,1314320.67
1601121600,10.7123,10.7142,10.0284,10.3686,4243993.14
1601136000,10.3686,10.4332,9.9757,10.1463,1960447.64
1601150400,10.1463,10.4249,10.1,10.3169,1206294.98
1601164800,10.3169,10.4915,10.1658,10.3665,1546492.59
1601179200,10.3665,10.4776,10.0357,10.1338,1597182.89
1601193600,10.1338,10.3392,9.9122,10.1064,1527361.7
1601208000,10.1064,10.6456,10.0266,10.5644,1712877.17
1601222400,10.5644,10.93,10.5586,10.7481,2199907.82
1601236800,10.7481,10.991,10.5479,10.7939,1469286.54
1601251200,10.7939,11.07,10.6866,10.7357,1596864.51
1601265600,10.7357,10.8521,10.4626,10.5755,1311079.07
1601280000,10.5755,10.71,10.32,10.4126,1778306.66
1601294400,10.4126,10.7971,10.3627,10.6276,1578926.76
1601308800,10.6276,10.7451,10.5111,10.5955,1015039.68
1601323200,10.5955,10.7471,10.15,10.283,1451275.74
1601337600,10.283,10.3518,10.1007,10.1736,1208896.09
1601352000,10.1736,10.3882,10.1074,10.2295,938693.06
1601366400,10.2295,10.25,9.9566,10.1325,3000603.89
1601380800,10.1325,10.1384,9.6844,9.7302,4081233.89
1601395200,9.7302,9.868,9.4502,9.7789,2513202.11
1601409600,9.7789,10.149,9.6775,10.135,1635551.75
1601424000,10.135,10.2314,9.8129,9.89,1611596.07
1601438400,9.89,9.9419,9.5768,9.7164,1396308.98
1601452800,9.7164,9.9007,9.6531,9.7088,907205.98
1601467200,9.7088,10.0412,9.6815,9.9437,1165686.61
1601481600,9.9437,10.0071,9.739,9.7744,987029.08
1601496000,9.7744,9.9,9.6713,9.8694,597843.06
1601510400,9.8694,10.175,9.8686,9.9917,1204263.56
1601524800,9.9917,10.3134,9.9608,10.2543,1248200.32
1601539200,10.2543,10.4119,10.1741,10.3825,1110977.62
1601553600,10.3825,10.4054,9.85,9.895,1402067.51
1601568000,9.895,9.895,9.2457,9.6861,3837645.4
1601582400,9.6861,9.6894,9.4481,9.6394,900869.51
1601596800,9.6394,9.8057,9.5121,9.8053,964335.83
1601611200,9.8053,9.8449,9.175,9.2872,2443107.11
1601625600,9.2872,9.2916,8.7975,8.8502,2983195.09
1601640000,8.8502,9.3272,8.8291,9.1171,2533601.27
1601654400,9.1171,9.3203,9.0231,9.1433,1033083.4
1601668800,9.1433,9.3475,8.94,9.2167,1223301.98
1601683200,9.2167,9.2911,9.104,9.268,811083.24
1601697600,9.268,9.3185,9.1339,9.1777,565452.96
1601712000,9.1777,9.3356,9.1156,9.2438,702950.22
1601726400,9.2438,9.255,9.1371,9.1957,504236.22
1601740800,9.1957,9.5555,9.152,9.424,1522738.26
1601755200,9.424,9.4432,9.2314,9.269,698730.62
1601769600,9.269,9.3128,9.1141,9.1537,914258.54
1601784000,9.1537,9.3347,9.1525,9.2854,711128.14
1601798400,9.2854,9.3234,9.17,9.2425,542304.42
1601812800,9.2425,9.3337,9.15,9.177,696341.49
1601827200,9.177,9.4317,9.14,9.3861,971332.52
1601841600,9.3861,9.466,9.3201,9.3922,830261.58
1601856000,9.3922,9.6038,9.3744,9.4903,1148936.24
1601870400,9.4903,9.4903,9.2629,9.3634,1068937.28
1601884800,9.3634,9.4152,9.3111,9.3288,804367.51
1601899200,9.3288,9.5317,9.2927,9.5133,935443.6
1601913600,9.5133,9.72,9.445,9.5695,1427461.53
1601928000,9.5695,9.685,9.53,9.6176,832220.51
1601942400,9.6176,9.658,9.4712,9.5393,775214.02
1601956800,9.5393,9.589,9.3,9.341,698617.68
1601971200,9.341,9.4088,9.0212,9.1331,1273479.77
1601985600,9.1331,9.28,8.8513,9.2556,1817712.86
1602000000,9.2556,9.27,8.8332,8.8941,1305390.56
1602014400,8.8941,8.9569,8.563,8.7689,1554307.73
1602028800,8.7689,8.7732,8.3817,8.6299,1746646.86
1602043200,8.6299,8.9009,8.5655,8.8098,1267865.77
1602057600,8.8098,8.8318,8.5839,8.6935,1110078.22
1602072000,8.6935,9.0092,8.6929,8.9094,1600389.87
1602086400,8.9094,8.989,8.7717,8.895,1073833.23
1602100800,8.895,9.01,8.8333,8.9799,744493.03
1602115200,8.9799,9.0043,8.7647,8.7816,681467.51
1602129600,8.7816,8.7816,8.4016,8.5664,1965833.31
1602144000,8.5664,8.6933,8.4887,8.6333,1157684.37
1602158400,8.6333,9.3972,8.6077,9.2419,3088033.94
1602172800,9.2419,9.5539,9.2419,9.4445,2219425.15
1602187200,9.4445,9.6909,9.389,9.5594,1800665.05
1602201600,9.5594,9.6178,9.3919,9.5018,1143560.1
1602216000,9.5018,9.55,9.3701,9.4569,933449.99
1602230400,9.4569,10.2906,9.4302,10.0804,3899310.29
1602244800,10.0804,10.5,9.979,10.4218,2570185.91
1602259200,10.4218,10.5254,10.1343,10.2556,1689851.36
1602273600,10.2556,10.5113,10.1984,10.3959,1039789.8
1602288000,10.3959,10.92,10.3895,10.7655,2545383.16
1602302400,10.7655,10.7724,10.5301,10.694,1604137.6
1602316800,10.694,10.7953,10.37,10.57,1577262.58
1602331200,10.57,10.7439,10.477,10.5513,1291600.17
1602345600,10.5513,10.72,10.4077,10.63,1212072.72
1602360000,10.63,10.7658,10.425,10.5198,1273590.74
1602374400,10.5198,10.5622,10.2322,10.2865,1275661.4
1602388800,10.2865,10.4688,10.15,10.4025,932761.52
1602403200,10.4025,10.7007,10.3828,10.6001,1205578.14
1602417600,10.6001,10.6899,10.4675,10.6032,1138873.75
1602432000,10.6032,11.0258,10.5353,10.7019,2327809.43
1602446400,10.7019,10.8954,10.56,10.8515,1294192.62
1602460800,10.8515,10.9199,10.6807,10.8496,725328.73
1602475200,10.8496,11.4,10.6891,11.302,1945690.96
1602489600,11.302,11.3121,10.7528,10.8492,2070431.77
1602504000,10.8492,11.4135,10.835,11.3488,2543177.0
1602518400,11.3488,11.7228,11.2779,11.5408,2756607.08
1602532800,11.5408,11.8028,11.3554,11.4259,1841005.93
1602547200,11.4259,11.4824,11.2522,11.285,1320055.93
1602561600,11.285,11.4843,11.2206,11.3424,1303537.91
1602576000,11.3424,11.5833,11.2654,11.4364,1265011.38
1602590400,11.4364,11.4942,11.0223,11.1556,2042524.46
1602604800,11.1556,11.2404,10.5221,10.879,2651225.61
1602619200,10.879,11.1341,10.8306,11.0016,1112870.36
1602633600,11.0016,11.32,10.9509,11.2246,1109660.28
1602648000,11.2246,11.2588,11.04,11.1144,637584.65
1602662400,11.1144,11.2573,10.81,10.8379,1340493.46
1602676800,10.8379,11.3536,10.7715,10.8803,2328619.58
1602691200,10.8803,11.0199,10.6201,10.7432,1551791.34
1602705600,10.7432,10.9861,10.7209,10.8896,790297.3
1602720000,10.8896,10.902,10.6053,10.7001,848833.48
1602734400,10.7001,10.91,10.6609,10.8237,951141.47
1602748800,10.8237,10.8425,10.455,10.5969,1418961.92
1602763200,10.5969,10.7481,10.4905,10.7081,1863496.26
1602777600,10.7081,10.8603,10.6222,10.8368,1274594.36
1602792000,10.8368,10.9317,10.6734,10.7483,626328.27
1602806400,10.7483,10.857,10.6315,10.7609,703069.21
1602820800,10.7609,10.7609,10.3,10.4613,1981784.36
1602835200,10.4613,10.65,10.2694,10.5999,1267636.02
1602849600,10.5999,10.7522,10.545,10.6581,1193692.07
1602864000,10.6581,10.8935,10.63,10.6975,843392.57
1602878400,10.6975,10.7263,10.5213,10.5877,673092.63
1602892800,10.5877,10.6711,10.4082,10.6477,660832.93
1602907200,10.6477,10.7149,10.5644,10.6187,421310.99
1602921600,10.6187,10.6582,10.5245,10.5883,422949.42
1602936000,10.5883,10.6923,10.417,10.5109,1001335.12
1602950400,10.5109,10.5535,10.4523,10.5224,384013.68
1602964800,10.5224,10.701,10.491,10.6267,431731.91
1602979200,10.6267,10.79,10.6,10.7025,528854.34
1602993600,10.7025,10.9,10.6951,10.8761,498868.47
1603008000,10.8761,10.915,10.7176,10.7492,846548.61
1603022400,10.7492,10.895,10.7383,10.8098,601954.97
1603036800,10.8098,10.9576,10.8061,10.8609,525824.62
1603051200,10.8609,11.0,10.78,10.9409,677572.93
1603065600,10.9409,10.9834,10.6566,10.6718,652280.01
1603080000,10.6718,10.7754,10.651,10.767,444662.83
1603094400,10.767,10.857,10.7224,10.7471,627829.51
1603108800,10.7471,11.035,10.7,11.01,1081385.36
1603123200,11.01,11.2226,10.9102,10.9962,1024482.24
1603137600,10.9962,11.0246,10.8101,10.9147,644209.36
1603152000,10.9147,10.9349,10.8039,10.9099,336434.6
1603166400,10.9099,10.9118,10.6208,10.6877,840131.75
1603180800,10.6877,10.745,10.3649,10.4007,1336465.03
1603195200,10.4007,10.4849,10.1701,10.3437,1351966.87
1603209600,10.3437,10.347,9.9243,9.9713,1958682.73
1603224000,9.9713,10.1688,9.7665,9.8589,1272025.61
1603238400,9.8589,10.4058,9.7864,10.2966,1344259.09
1603252800,10.2966,10.5816,10.2724,10.4155,1098724.99
1603267200,10.4155,10.545,10.3156,10.4352,768086.2
1603281600,10.4352,10.865,10.3345,10.8035,1766654.15
1603296000,10.8035,11.1372,10.7674,10.8368,1818020.94
1603310400,10.8368,11.1291,10.7677,10.7863,1480892.05
1603324800,10.7863,10.9949,10.7612,10.7863,756242.03
1603339200,10.7863,11.1895,10.7142,11.17,859088.93
1603353600,11.17,11.6,11.1511,11.5845,1953367.79
1603368000,11.5845,11.7745,11.3579,11.7174,1778224.57
1603382400,11.7174,12.3497,11.7174,12.1238,3002108.01
1603396800,12.1238,12.4173,11.7794,11.9539,1959145.1
1603411200,11.9539,12.2482,11.7211,11.9885,1406987.3
1603425600,11.9885,12.135,11.7772,11.8024,1035988.98
1603440000,11.8024,12.2142,11.7134,12.0792,1482818.88
1603454400,12.0792,12.264,11.84,11.9468,1404244.0
1603468800,11.9468,12.12,11.5784,12.0522,1680583.48
1603483200,12.0522,12.2309,11.9003,12.1586,1779345.57
1603497600,12.1586,12.2406,11.9839,12.1578,873278.69
1603512000,12.1578,12.5619,12.1577,12.2853,1365678.77
1603526400,12.2853,12.499,12.241,12.4921,757016.18
1603540800,12.4921,12.85,12.3847,12.6533,2094703.18
1603555200,12.6533,12.95,12.6474,12.8707,1670047.51
1603569600,12.8707,12.8885,12.5977,12.7001,777469.15
1603584000,12.7001,12.8574,12.5363,12.7515,960023.51
1603598400,12.7515,12.79,12.234,12.5211,1528386.52
1603612800,12.5211,12.5211,12.0618,12.1729,1315935.67
1603627200,12.1729,12.3753,12.0677,12.1094,1253356.99
1603641600,12.1094,12.3472,11.908,12.2827,1157596.01
1603656000,12.2827,12.394,12.0222,12.1481,785643.26
1603670400,12.1481,12.4472,11.9283,12.3571,1013749.93
1603684800,12.3571,12.4377,12.057,12.0872,746086.95
1603699200,12.0872,12.2509,11.9591,12.1247,1012058.28
1603713600,12.1247,12.1474,11.5251,11.6358,2221909.06
1603728000,11.6358,11.7644,11.2594,11.7159,2497921.59
1603742400,11.7159,11.885,11.6738,11.7096,1366442.01
1603756800,11.7096,11.9552,11.6996,11.7414,739585.0
1603771200,11.7414,11.8944,11.6,11.7181,649712.69
1603785600,11.7181,12.0763,11.49,12.0732,1423230.42
1603800000,12.0732,12.288,11.9649,12.1896,1788584.93
1603814400,12.1896,12.4774,12.1382,12.2497,1756802.74
1603828800,12.2497,12.2668,11.8278,11.9224,1263585.91
1603843200,11.9224,12.16,11.731,11.905,1042289.96
1603857600,11.905,11.9871,11.5862,11.7791,1176084.81
1603872000,11.7791,11.7963,11.3746,11.4417,1657889.84
1603886400,11.4417,11.6291,11.15,11.5136,2174475.78
1603900800,11.5136,11.6579,11.2865,11.4827,1142644.89
1603915200,11.4827,11.5197,11.2,11.4403,826914.97
1603929600,11.4403,11.7489,11.4135,11.7412,1191351.47
1603944000,11.7412,11.81,11.5272,11.5406,917762.28
1603958400,11.5406,11.5838,11.262,11.2718,1008325.78
1603972800,11.2718,11.7,11.0816,11.5919,2227149.67
1603987200,11.5919,11.6538,11.2337,11.2337,1709996.31
1604001600,11.2337,11.43,11.11,11.2772,1487199.67
1604016000,11.2772,11.4811,11.0528,11.0985,1047255.33
1604030400,11.0985,11.1983,10.8179,11.0346,1733926.75
1604044800,11.0346,11.18,10.72,10.9741,1674819.91
1604059200,10.9741,11.1,10.8,11.1,1247288.73
1604073600,11.1,11.2312,10.93,11.114,1273407.46
1604088000,11.114,11.3577,11.0107,11.09,983551.77
1604102400,11.09,11.2799,10.9904,11.035,838446.43
1604116800,11.035,11.1401,10.9053,11.1074,532198.24
1604131200,11.1074,11.3981,11.0743,11.2474,1515549.27
1604145600,11.2474,11.38,11.2133,11.2924,743280.81
1604160000,11.2924,11.3461,11.0612,11.143,807091.34
1604174400,11.143,11.2607,11.08,11.2277,534981.13
1604188800,11.2277,11.3801,11.139,11.2134,779585.55
1604203200,11.2134,11.2659,11.1262,11.2488,335206.5
1604217600,11.2488,11.266,11.0181,11.0778,673655.89
1604232000,11.0778,11.22,11.0322,11.174,488726.82
1604246400,11.174,11.2482,11.1267,11.2089,370965.41
1604260800,11.2089,11.5885,11.2089,11.5722,1224539.82
1604275200,11.5722,11.685,11.4835,11.5019,1043194.65
1604289600,11.5019,11.6639,11.4122,11.6393,578709.39
1604304000,11.6393,11.645,10.9933,11.1056,1775107.19
1604318400,11.1056,11.1056,10.7049,10.931,1812033.29
1604332800,10.931,10.9668,10.7632,10.9257,942236.29
1604347200,10.9257,10.9926,10.77,10.7814,773629.88
1604361600,10.7814,10.7814,9.9454,10.1887,2577610.36
1604376000,10.1887,10.4056,10.076,10.2775,1893875.88
1604390400,10.2775,10.5531,10.226,10.498,1511703.52
1604404800,10.498,10.6549,10.3116,10.3334,1716676.39
1604419200,10.3334,10.3599,10.0731,10.2993,1269799.97
1604433600,10.2993,10.5643,10.2728,10.3911,994633.74
1604448000,10.3911,10.4,10.168,10.3129,859688.17
1604462400,10.3129,10.4151,10.0724,10.1329,802557.96
1604476800,10.1329,10.3363,10.0879,10.1629,1071918.57
1604491200,10.1629,10.226,9.75,9.8849,1976979.38
1604505600,9.8849,10.675,9.78,10.5743,2885703.02
1604520000,10.5743,10.6277,10.3626,10.4713,990325.93
1604534400,10.4713,10.6391,10.4157,10.5443,720521.86
1604548800,10.5443,10.6236,10.3806,10.4478,847913.91
1604563200,10.4478,10.4837,10.1334,10.24,1370398.25
1604577600,10.24,10.8979,10.0764,10.7861,3134593.01
1604592000,10.7861,11.2749,10.7314,11.0744,3110938.26
1604606400,11.0744,11.19,10.9136,10.9794,1450356.99
1604620800,10.9794,11.5295,10.9286,11.1437,2435328.36
1604635200,11.1437,11.4346,11.1353,11.4039,927304.72
1604649600,11.4039,11.7,11.1343,11.6297,1790587.54
1604664000,11.6297,11.85,11.4169,11.5038,2170132.33
1604678400,11.5038,12.0074,11.4899,11.8554,1720172.7
1604692800,11.8554,12.2813,11.6683,12.1687,1927763.08
1604707200,12.1687,13.5956,12.1667,12.8456,4969484.01
1604721600,12.8456,13.1081,12.7031,12.9632,2418323.72
1604736000,12.9632,13.445,12.81,13.4232,2754920.64
1604750400,13.4232,13.4585,12.0476,12.6853,5149555.71
1604764800,12.6853,13.0315,11.46,11.747,5981813.38
1604779200,11.747,12.101,11.3123,11.7638,3654083.5
1604793600,11.7638,12.1919,11.477,11.9337,2263665.7
1604808000,11.9337,12.0881,11.8,11.8633,1536195.6
1604822400,11.8633,12.6038,11.8341,12.5446,2056862.36
1604836800,12.5446,12.99,12.2405,12.8081,2734886.01
1604851200,12.8081,13.1,12.61,12.7041,2481838.09
1604865600,12.7041,12.8665,12.3031,12.71,1876076.71
1604880000,12.71,12.8308,12.3607,12.3707,1621861.05
1604894400,12.3707,12.5073,12.179,12.1936,1298745.09
1604908800,12.1936,13.0026,12.04,12.9274,2366051.27
1604923200,12.9274,12.9683,12.1258,12.2671,3258853.12
1604937600,12.2671,12.72,12.0524,12.5601,2207011.6
1604952000,12.5601,12.8056,12.3978,12.5107,1907837.1
1604966400,12.5107,12.79,12.3156,12.7684,1534391.36
1604980800,12.7684,13.0936,12.6364,12.7836,2293668.56
1604995200,12.7836,13.2,12.6447,12.7917,2754746.21
1605009600,12.7917,12.982,12.485,12.6239,2119248.36
1605024000,12.6239,13.0905,12.6194,13.0597,1568255.21
1605038400,13.0597,13.278,12.91,13.0017,2085640.95
1605052800,13.0017,13.3784,12.9867,13.1662,1842657.37
1605067200,13.1662,13.2517,13.0029,13.1755,898993.54
1605081600,13.1755,13.2118,12.9094,12.9814,1370011.3
1605096000,12.9814,13.1142,12.8185,12.9777,1358491.04
1605110400,12.9777,13.4293,12.9736,13.1371,2056995.27
1605124800,13.1371,13.1371,12.75,12.753,1889400.4
1605139200,12.753,12.8214,12.3625,12.7246,1928391.31
1605153600,12.7246,12.942,12.68,12.8825,993193.58
1605168000,12.8825,13.0956,12.5215,12.6581,1794279.88
1605182400,12.6581,12.765,12.3654,12.6083,1788135.73
1605196800,12.6083,12.6112,12.27,12.446,1447666.87
1605211200,12.446,12.6,12.3197,12.4038,968673.16
1605225600,12.4038,12.8884,12.3079,12.7284,1592889.97
1605240000,12.7284,12.7401,12.408,12.4827,919344.29
1605254400,12.4827,12.9562,12.4323,12.811,1499337.3
1605268800,12.811,12.97,12.7,12.7584,1380663.55
1605283200,12.7584,12.8845,12.5105,12.8719,1241010.92
1605297600,12.8719,13.0,12.7613,12.8687,1259403.59
1605312000,12.8687,12.9335,12.6501,12.7513,882930.77
1605326400,12.7513,12.7571,12.56,12.6181,687548.23
1605340800,12.6181,12.6319,12.3,12.509,1256329.03
1605355200,12.509,12.66,12.4539,12.5433,565452.31
1605369600,12.5433,12.6589,12.35,12.5211,1044846.65
1605384000,12.5211,12.6213,12.4307,12.5574,573287.12
1605398400,12.5574,12.6404,12.397,12.415,690221.15
1605412800,12.415,12.6016,12.395,12.5879,479013.83
1605427200,12.5879,12.6484,12.4049,12.4057,705371.49
1605441600,12.4057,12.5463,12.3521,12.4615,675037.69
1605456000,12.4615,12.5574,11.9009,12.0135,2085738.81
1605470400,12.0135,12.1623,11.8156,12.1192,1080964.27
1605484800,12.1192,12.2529,11.9971,12.1556,912448.01
1605499200,12.1556,12.3357,12.125,12.3023,843615.52
1605513600,12.3023,12.4295,12.2249,12.2859,737912.78
1605528000,12.2859,12.8,12.2513,12.7083,1424878.88
1605542400,12.7083,12.8132,12.5625,12.6267,1360403.33
1605556800,12.6267,12.7196,12.4909,12.6223,703544.86
1605571200,12.6223,12.9998,12.6,12.7344,1636085.99
1605585600,12.7344,12.949,12.7225,12.9313,908737.44
1605600000,12.9313,12.9876,12.645,12.7788,1021359.89
1605614400,12.7788,12.99,12.5414,12.7206,2389568.78
1605628800,12.7206,13.21,12.6297,13.2055,2832706.66
1605643200,13.2055,13.4228,13.0,13.3944,2362304.79
1605657600,13.3944,14.1188,13.3877,13.9179,4447205.42
1605672000,13.9179,14.2669,12.585,13.5795,5599664.82
1605686400,13.5795,13.7768,13.2846,13.5503,2223818.32
1605700800,13.5503,13.5864,12.85,13.2589,2803597.74
1605715200,13.2589,13.4,13.0402,13.1055,1716133.57
1605729600,13.1055,13.675,12.9148,13.5598,1727107.8
1605744000,13.5598,13.615,13.2121,13.4262,1282849.36
1605758400,13.4262,13.4495,13.0923,13.1849,1023914.11
1605772800,13.1849,13.5127,13.0111,13.4913,1660848.44
1605787200,13.4913,13.8944,13.416,13.8347,2338054.14
1605801600,13.8347,14.0,13.5449,13.6707,1726079.43
1605816000,13.6707,13.9746,13.4018,13.6187,1773937.79
1605830400,13.6187,13.899,13.4618,13.7842,1265735.74
1605844800,13.7842,13.95,13.6343,13.8138,1751129.13
1605859200,13.8138,14.2405,13.7446,14.1275,2349702.32
1605873600,14.1275,14.477,13.9221,14.244,3007005.09
1605888000,14.244,14.3719,14.0512,14.2602,1726422.21
1605902400,14.2602,14.37,14.0016,14.0933,1103102.28
1605916800,14.0933,14.35,13.8333,14.0068,1958645.98
1605931200,14.0068,14.2691,13.6876,14.2452,1650585.35
1605945600,14.2452,14.5618,14.0444,14.0846,1889297.05
1605960000,14.0846,15.189,13.968,15.1013,3768454.4
1605974400,15.1013,15.4,14.8265,15.1366,2798378.91
1605988800,15.1366,15.5,14.9202,15.4511,1937910.88
1606003200,15.4511,15.7179,14.6062,15.0617,3227746.0
1606017600,15.0617,15.0617,14.4,14.7603,2023456.11
1606032000,14.7603,14.9188,13.8402,14.1351,2801251.67
1606046400,14.1351,14.49,14.0154,14.391,1737558.44
1606060800,14.391,15.03,14.182,15.0142,2221434.05
1606075200,15.0142,15.1684,14.4346,14.5098,2232556.05
1606089600,14.5098,14.7788,14.252,14.6781,1846274.99
1606104000,14.6781,15.0775,14.6515,14.9691,1778989.71
1606118400,14.9691,15.15,14.8563,14.9052,1592126.6
1606132800,14.9052,15.2443,14.55,14.7693,3166124.44
1606147200,14.7693,15.014,14.6001,14.9873,1831233.44
1606161600,14.9873,15.425,14.8371,15.2746,2257584.27
1606176000,15.2746,15.93,15.2001,15.6862,2849707.12
1606190400,15.6862,16.39,15.052,15.6284,4149499.73
1606204800,15.6284,16.3498,15.1,15.3623,3275264.41
1606219200,15.3623,15.6285,14.943,15.6083,2202045.18
1606233600,15.6083,15.8695,15.4055,15.7596,1643361.09
1606248000,15.7596,15.8999,15.2962,15.6703,1516593.64
1606262400,15.6703,15.86,15.0756,15.2142,1628193.83
1606276800,15.2142,15.4441,14.9748,15.3707,1004040.67
1606291200,15.3707,15.5597,15.2674,15.5493,1048858.34
1606305600,15.5493,15.5985,15.09,15.2818,1403564.06
1606320000,15.2818,15.3909,14.85,14.9383,1364356.65
1606334400,14.9383,15.0093,13.79,14.2016,3072550.55
1606348800,14.2016,14.4743,11.5,12.415,5116552.18
1606363200,12.415,13.0573,12.0717,12.5065,4740333.26
1606377600,12.5065,12.8416,11.52,12.5443,5160372.67
1606392000,12.5443,12.85,11.915,12.1089,3249395.01
1606406400,12.1089,12.25,11.2939,12.0311,3851486.12
1606420800,12.0311,12.92,12.0287,12.603,2478396.57
1606435200,12.603,12.953,12.3282,12.5152,2281442.32
1606449600,12.5152,12.82,12.4344,12.5054,1096930.39
1606464000,12.5054,12.5207,12.0222,12.1994,1791030.7
1606478400,12.1994,12.4692,11.9735,12.0188,1659802.94
1606492800,12.0188,12.383,11.9454,12.258,1183307.72
1606507200,12.258,12.6578,12.212,12.4989,1116590.37
1606521600,12.4989,12.6872,12.4077,12.546,828015.11
1606536000,12.546,12.6,12.3489,12.5456,596008.29
1606550400,12.5456,12.6567,12.38,12.62,854866.18
1606564800,12.62,13.2695,12.595,13.25,1840304.54
1606579200,13.25,13.43,13.1263,13.3721,2138098.89
1606593600,13.3721,13.3838,13.0,13.0853,1028971.47
1606608000,13.0853,13.1673,12.8408,13.0622,1020310.64
1606622400,13.0622,13.158,12.8969,13.0561,718630.95
1606636800,13.0561,13.4765,13.0384,13.2005,1428110.89
1606651200,13.2005,13.2841,13.0144,13.1794,980014.18
1606665600,13.1794,13.2078,12.912,13.0128,1101893.3
1606680000,13.0128,13.415,12.9982,13.38,1302128.58
1606694400,13.38,14.1866,13.38,14.0565,2399269.63
1606708800,14.0565,14.1457,13.8901,14.0168,707868.48
1606723200,14.0168,14.0477,13.5845,13.8682,1671798.13
1606737600,13.8682,14.3743,13.7536,13.9487,2725521.44
1606752000,13.9487,14.437,13.9443,14.0757,1742901.95
1606766400,14.0757,14.3384,13.9887,14.2677,1055341.59
1606780800,14.2677,14.4225,14.0668,14.2045,1188414.24
1606795200,14.2045,14.61,14.1096,14.5449,1131380.02
1606809600,14.5449,14.8328,14.1597,14.3027,2424929.76
1606824000,14.3027,14.375,13.0456,13.9622,3985983.45
1606838400,13.9622,14.0263,13.451,13.7733,1565275.56
1606852800,13.7733,13.87,13.3002,13.3461,890367.86
1606867200,13.3461,13.6086,13.05,13.2053,1057026.36
1606881600,13.2053,13.66,13.1215,13.6519,956805.95
1606896000,13.6519,13.9293,13.55,13.8144,955371.65
1606910400,13.8144,13.8263,13.5,13.6488,1150686.48
1606924800,13.6488,14.0,13.4501,13.9234,1151844.47
1606939200,13.9234,14.1482,13.8429,13.9799,901493.17
1606953600,13.9799,14.096,13.7334,13.8758,596006.64
1606968000,13.8758,14.063,13.6446,13.9337,771611.21
1606982400,13.9337,14.0788,13.7716,13.9905,749742.11
1606996800,13.9905,14.0998,13.8266,14.0948,964967.5
1607011200,14.0948,14.22,13.8444,13.9479,773365.51
1607025600,13.9479,14.0204,13.8732,13.9749,419624.91
1607040000,13.9749,14.0332,13.54,13.5619,774174.7
1607054400,13.5619,13.768,13.5021,13.6452,494913.1
1607068800,13.6452,13.854,13.1858,13.3185,1443062.47
1607083200,13.3185,13.4656,13.2098,13.2832,933912.97
1607097600,13.2832,13.3495,13.0,13.3162,857717.32
1607112000,13.3162,13.3307,12.5101,12.68,1291382.45
1607126400,12.68,13.0334,12.5265,12.921,782045.55
1607140800,12.921,13.24,12.877,13.0632,576016.87
1607155200,13.0632,13.3478,13.0625,13.1788,669617.2
1607169600,13.1788,13.329,13.0644,13.266,528426.02
1607184000,13.266,13.2872,13.1251,13.2561,411699.47
1607198400,13.2561,13.2652,13.063,13.1748,479664.14
1607212800,13.1748,13.37,13.1664,13.2,742369.96
1607227200,13.2,13.2313,13.1028,13.1857,407509.47
1607241600,13.1857,13.2012,12.91,13.0535,690344.94
1607256000,13.0535,13.22,12.7671,13.1281,639956.3
1607270400,13.1281,13.4794,13.0468,13.3745,672369.07
1607284800,13.3745,13.5282,13.2052,13.5057,718731.85
1607299200,13.5057,13.5536,13.1145,13.2724,573342.37
1607313600,13.2724,13.3364,13.2177,13.299,358020.13
1607328000,13.299,13.3152,13.0366,13.0391,546109.25
1607342400,13.0391,13.3,13.0001,13.1941,780345.44
1607356800,13.1941,13.25,12.8671,12.957,655608.58
1607371200,12.957,13.1529,12.9087,13.0704,310972.27
1607385600,13.0704,13.1609,13.0057,13.0445,360965.11
1607400000,13.0445,13.1929,13.0314,13.0777,449319.49
1607414400,13.0777,13.103,12.52,12.5347,1329588.38
1607428800,12.5347,12.7269,12.3808,12.5865,899943.87
1607443200,12.5865,12.683,12.3568,12.5131,722441.74
1607457600,12.5131,12.5632,12.0,12.1356,1413918.86
1607472000,12.1356,12.1704,11.6111,11.9761,1607260.46
1607486400,11.9761,12.0613,11.6713,11.7185,850260.04
1607500800,11.7185,12.3313,11.5726,12.2226,1599668.11
1607515200,12.2226,12.4394,12.1755,12.3107,1015860.43
1607529600,12.3107,12.5389,12.1678,12.3824,917921.36
1607544000,12.3824,12.829,12.3821,12.6212,789828.84
1607558400,12.6212,12.673,12.3601,12.3639,486368.86
1607572800,12.3639,12.474,12.1592,12.2615,610775.9
1607587200,12.2615,12.3868,12.1075,12.1459,518514.82
1607601600,12.1459,12.2804,11.8549,12.0708,862614.5
1607616000,12.0708,12.1206,11.9801,12.0992,577108.04
1607630400,12.0992,12.1898,11.8833,11.9172,514176.3
1607644800,11.9172,11.9899,11.52,11.8074,1241133.09
1607659200,11.8074,11.8738,11.5766,11.6687,624817.43
1607673600,11.6687,11.8323,11.43,11.4999,809225.58
1607688000,11.4999,11.81,11.4617,11.7484,901170.33
1607702400,11.7484,11.7562,11.5005,11.6535,668033.23
1607716800,11.6535,11.8425,11.5762,11.6335,768878.89
1607731200,11.6335,12.1525,11.601,12.0823,1106412.01
1607745600,12.0823,12.2424,12.0512,12.2252,712483.68
1607760000,12.2252,12.2689,12.0484,12.1339,570902.3
1607774400,12.1339,12.1574,11.8556,11.9179,647925.87
1607788800,11.9179,12.1,11.8778,12.0813,583072.08
1607803200,12.0813,12.3529,12.0525,12.2259,773696.28
1607817600,12.2259,12.4309,12.021,12.0696,575841.14
1607832000,12.0696,12.4147,12.0376,12.3928,710066.63
1607846400,12.3928,12.694,12.3872,12.6247,1141097.92
1607860800,12.6247,12.6852,12.4856,12.5932,810561.47
1607875200,12.5932,13.2697,12.5932,12.9973,1704279.42
1607889600,12.9973,13.065,12.8239,12.9392,1095002.39
1607904000,12.9392,12.9674,12.7089,12.885,798007.3
1607918400,12.885,12.885,12.616,12.6759,587618.42
1607932800,12.6759,12.7799,12.41,12.4687,727410.67
1607947200,12.4687,12.7214,12.3238,12.6012,1061220.39
1607961600,12.6012,12.8874,12.4703,12.8012,689987.28
1607976000,12.8012,12.98,12.7703,12.8502,665023.06
1607990400,12.8502,13.022,12.7498,12.8648,609045.18
1608004800,12.8648,12.8831,12.5259,12.6411,578834.99
1608019200,12.6411,12.7933,12.4659,12.7165,602383.88
1608033600,12.7165,12.7647,12.5837,12.6264,546651.82
1608048000,12.6264,12.7999,12.5636,12.779,428902.7
1608062400,12.779,12.8432,12.611,12.6818,436392.05
1608076800,12.6818,12.6903,12.3119,12.4215,840516.77
1608091200,12.4215,12.5262,12.3637,12.4881,350415.18
1608105600,12.4881,12.6885,12.432,12.5655,646533.74
1608120000,12.5655,13.3,12.4625,13.196,2414652.11
1608134400,13.196,13.4271,13.0955,13.2764,1351891.45
1608148800,13.2764,13.5,13.195,13.4852,1096252.55
1608163200,13.4852,13.8063,13.3346,13.3879,1463362.91
1608177600,13.3879,13.6345,13.3789,13.5871,843507.39
1608192000,13.5871,14.2751,13.0575,14.0,3160472.31
1608206400,14.0,14.1648,13.739,14.1537,1541097.81
1608220800,14.1537,14.5038,13.358,13.6239,3207455.93
1608235200,13.6239,13.7647,13.227,13.444,1369694.91
1608249600,13.444,14.0235,13.1725,13.6834,1473343.25
1608264000,13.6834,13.7334,13.5143,13.6906,607110.03
1608278400,13.6906,14.0134,13.5479,13.6648,1013296.54
1608292800,13.6648,13.7665,13.2889,13.3611,1132348.94
1608307200,13.3611,13.5637,13.1959,13.4219,764495.5
1608321600,13.4219,13.566,13.2895,13.5001,530122.78
1608336000,13.5001,13.6444,13.2981,13.5385,552325.22
1608350400,13.5385,13.7516,13.4999,13.565,647058.21
1608364800,13.565,13.9,13.5369,13.8184,677276.34
1608379200,13.8184,13.9697,13.6369,13.7821,1017894.41
1608393600,13.7821,13.9284,13.56,13.6049,1086983.71
1608408000,13.6049,13.7389,13.3522,13.4747,625065.44
1608422400,13.4747,13.5057,13.2291,13.3041,841758.59
1608436800,13.3041,13.4838,13.1325,13.4806,476363.52
1608451200,13.4806,13.8,13.4028,13.4472,831567.4
1608465600,13.4472,13.6561,13.2,13.5996,923061.07
1608480000,13.5996,13.6981,13.3773,13.4155,682748.87
1608494400,13.4155,13.6688,12.6752,13.0604,1471997.57
1608508800,13.0604,13.2099,12.8637,13.1122,942566.6
1608523200,13.1122,13.27,12.9898,13.1676,796785.75
1608537600,13.1676,13.2134,12.15,12.3073,2299145.18
1608552000,12.3073,12.4637,12.1354,12.4636,689164.29
1608566400,12.4636,12.5409,12.275,12.3912,435058.67
1608580800,12.3912,12.5854,12.3011,12.3049,556619.39
1608595200,12.3049,12.4858,12.1157,12.3783,778239.32
1608609600,12.3783,12.5309,12.0065,12.0671,1039706.33
1608624000,12.0671,12.3022,11.8117,12.233,1203403.1
1608638400,12.233,12.7349,12.2119,12.6347,1311575.88
1608652800,12.6347,12.837,12.5187,12.5576,880530.13
1608667200,12.5576,12.84,12.4237,12.7842,961785.48
1608681600,12.7842,12.8634,12.4844,12.548,926527.38
1608696000,12.548,12.548,12.1262,12.3,1204248.17
1608710400,12.3,12.3673,11.628,11.8898,1652387.47
1608724800,11.8898,12.2,11.6987,11.7412,1624542.72
1608739200,11.7412,11.9909,11.555,11.8782,1146418.73
1608753600,11.8782,11.9,8.05,10.9736,8701785.79
1608768000,10.9736,11.0285,10.05,10.3983,4445611.57
1608782400,10.3983,10.5587,9.8564,10.2956,2524518.05
1608796800,10.2956,10.7143,10.149,10.6891,2149950.17
1608811200,10.6891,11.2023,10.514,10.854,2180912.94
1608825600,10.854,11.2,10.6506,11.1306,1649897.37
1608840000,11.1306,11.6877,10.9897,11.5724,1820548.3
1608854400,11.5724,11.698,11.1632,11.2324,793052.22
1608868800,11.2324,11.336,11.0601,11.2597,761292.62
1608883200,11.2597,11.8884,11.2538,11.782,1668098.9
1608897600,11.782,11.8643,11.35,11.406,1318858.3
1608912000,11.406,11.9234,11.2282,11.5611,2031261.26
1608926400,11.5611,11.6899,11.4,11.5543,813870.81
1608940800,11.5543,11.6891,11.4984,11.6083,775197.41
1608955200,11.6083,11.8151,11.4,11.4953,842905.2
1608969600,11.4953,11.5868,10.6448,11.0021,1871888.97
1608984000,11.0021,11.1424,10.7826,10.8655,1500061.19
1608998400,10.8655,11.3956,10.72,10.9209,2674171.49
1609012800,10.9209,11.0782,10.6238,10.9809,1433290.26
1609027200,10.9809,11.35,10.8526,11.1251,1626593.26
1609041600,11.1251,11.34,11.0532,11.1258,1120401.48
1609056000,11.1258,11.1511,10.4763,10.6854,1555241.24
1609070400,10.6854,12.9001,10.483,12.9,6033940.42
1609084800,12.9,13.2448,12.2878,12.7275,5009805.96
1609099200,12.7275,12.7331,11.8425,12.1541,3619158.41
1609113600,12.1541,12.5295,11.971,12.2474,1952132.5
1609128000,12.2474,12.677,12.0215,12.509,1777016.36
1609142400,12.509,12.665,12.1672,12.45,2179939.22
1609156800,12.45,12.57,12.1601,12.2795,1528426.61
1609171200,12.2795,12.78,12.2243,12.6176,1670229.32
1609185600,12.6176,12.9781,12.3504,12.6081,2181211.84
1609200000,12.6081,13.0351,12.0457,12.064,2216967.65
1609214400,12.064,12.1676,11.6778,11.9923,1891720.71
1609228800,11.9923,12.2449,11.8423,11.9964,1515186.32
1609243200,11.9964,12.2125,11.3037,11.3121,2368408.81
1609257600,11.3121,11.6656,10.8161,11.5808,3271456.04
1609272000,11.5808,11.8147,11.3845,11.7786,1631991.84
1609286400,11.7786,11.99,11.5212,11.5566,1644060.22
1609300800,11.5566,11.8626,11.4803,11.6384,1087423.11
1609315200,11.6384,11.7339,11.2689,11.3025,1258505.16
1609329600,11.3025,11.5112,11.245,11.2836,1002645.76
1609344000,11.2836,11.4425,11.0671,11.3107,1817251.76
1609358400,11.3107,11.42,11.1481,11.2435,910973.07
1609372800,11.2435,11.3063,10.9039,11.211,1176202.22
1609387200,11.211,11.6198,11.0844,11.5164,1146816.86
1609401600,11.5164,11.753,11.3888,11.5543,1277044.63
1609416000,11.5543,11.6315,11.1374,11.1968,1462605.47
1609430400,11.1968,11.4692,11.1141,11.2556,861436.56
1609444800,11.2556,11.2969,11.0194,11.2364,716028.45
1609459200,11.2364,11.62,11.0638,11.5006,1039696.17
1609473600,11.5006,11.5498,11.3214,11.3784,646949.46
1609488000,11.3784,11.7528,11.2282,11.7134,886681.77
1609502400,11.7134,12.46,11.703,12.1183,3046980.26
1609516800,12.1183,12.35,11.534,11.8018,1786481.53
1609531200,11.8018,12.0941,11.7508,11.8477,890036.98
1609545600,11.8477,11.8973,11.4303,11.7315,929545.79
1609560000,11.7315,11.942,11.6167,11.6199,659588.38
1609574400,11.6199,11.6851,11.4864,11.6512,794936.35
1609588800,11.6512,12.12,11.5408,11.9419,2072489.13
1609603200,11.9419,12.4188,11.7049,12.3241,2633096.35
1609617600,12.3241,12.35,11.6661,12.2215,2528565.31
1609632000,12.2215,12.4601,11.9351,11.9363,1078455.41
1609646400,11.9363,12.2343,11.8912,11.999,1189565.0
1609660800,11.999,12.78,11.8355,12.5875,2732266.56
1609675200,12.5875,13.45,12.4335,13.221,4326208.91
1609689600,13.221,13.5,12.6632,13.0215,3605616.51
1609704000,13.0215,13.9999,13.0021,13.6814,3005968.03
1609718400,13.6814,14.6705,13.6311,14.5327,3279676.69
1609732800,14.5327,15.644,13.5855,14.2992,5842187.78
1609747200,14.2992,14.6854,12.3713,13.34,6311959.0
1609761600,13.34,13.8976,13.1681,13.808,3008600.52
1609776000,13.808,13.8748,13.0269,13.5981,3014818.24
1609790400,13.5981,13.694,13.0666,13.5935,1831621.58
1609804800,13.5935,14.3945,13.1708,13.238,3293194.82
1609819200,13.238,13.7025,13.0928,13.5062,1895563.37
1609833600,13.5062,14.584,13.501,14.5021,2286556.95
1609848000,14.5021,14.6072,13.8482,14.5176,2664449.8
1609862400,14.5176,14.8093,14.0794,14.4172,2776625.99
1609876800,14.4172,14.89,14.2969,14.5162,1925946.9
1609891200,14.5162,14.6845,14.1427,14.3209,1458768.81
1609905600,14.3209,14.7505,14.1717,14.3326,1909765.05
1609920000,14.3326,15.4431,14.3185,15.1684,2879814.82
1609934400,15.1684,16.9777,15.0651,16.2556,6439439.94
1609948800,16.2556,17.2365,15.9618,16.0666,4719754.34
1609963200,16.0666,17.2997,15.765,17.2322,3973624.25
1609977600,17.2322,17.3947,16.5428,16.948,1985182.56
1609992000,16.948,16.9866,16.2687,16.4861,1838666.09
1610006400,16.4861,16.704,16.0307,16.2714,2286232.38
1610020800,16.2714,16.9686,16.1035,16.9516,2563369.64
1610035200,16.9516,17.41,15.0657,16.2823,5511307.01
1610049600,16.2823,16.5856,15.3542,15.9628,2696930.74
1610064000,15.9628,16.1327,14.12,14.9778,3737945.79
1610078400,14.9778,15.7106,14.5413,15.702,2018278.81
1610092800,15.702,16.1917,15.2791,15.7792,2397234.18
1610107200,15.7792,16.0,15.055,15.4569,2867027.83
1610121600,15.4569,15.8569,14.8854,14.9543,2073461.87
1610136000,14.9543,15.3691,14.5475,15.2381,1892444.27
1610150400,15.2381,15.8683,15.01,15.7288,1808659.25
1610164800,15.7288,15.7378,15.0029,15.3736,1261827.06
1610179200,15.3736,16.2368,15.2461,15.9854,1835913.54
1610193600,15.9854,16.3485,15.7824,16.2469,1451699.01
1610208000,16.2469,17.1132,16.1251,16.8966,2418321.29
1610222400,16.8966,17.8888,15.441,17.5501,4042544.07
1610236800,17.5501,18.4386,17.4118,17.545,2882714.09
1610251200,17.545,18.1695,17.4559,18.0443,1424576.07
1610265600,18.0443,18.108,16.48,16.6151,2764943.5
1610280000,16.6151,17.467,16.4508,17.013,2669907.87
1610294400,17.013,17.3452,16.0274,16.2211,3056248.33
1610308800,16.2211,16.6867,15.4418,16.206,3698163.45
1610323200,16.206,16.2596,14.0,14.8042,4289972.95
1610337600,14.8042,15.1041,13.8095,14.4693,3737306.75
1610352000,14.4693,15.2489,14.1127,14.1836,2480064.19
1610366400,14.1836,14.524,13.1062,13.4178,4042621.19
1610380800,13.4178,13.9172,12.5,13.5561,4942475.84
1610395200,13.5561,14.6842,13.2705,14.6393,2503803.87
1610409600,14.6393,14.7199,13.9111,14.6071,1994222.33
1610424000,14.6071,15.476,14.4973,15.2186,2152386.43
1610438400,15.2186,15.3081,14.5052,14.9008,1903317.18
1610452800,14.9008,15.25,13.7357,14.2716,2619539.19
1610467200,14.2716,14.7966,14.0391,14.2613,1816971.3
1610481600,14.2613,14.4307,13.6701,13.9655,1435108.06
1610496000,13.9655,14.23,13.3701,13.9168,2104197.9
1610510400,13.9168,14.4885,13.6234,14.4424,1171682.97
1610524800,14.4424,14.85,14.2189,14.5988,1392702.98
1610539200,14.5988,15.4287,14.4253,15.2016,2068402.72
1610553600,15.2016,16.0237,15.1776,15.7305,2836856.8
1610568000,15.7305,16.2356,15.574,15.9356,1893988.04
1610582400,15.9356,16.37,15.4567,15.5008,1772711.28
1610596800,15.5008,16.0185,15.33,15.8215,1387417.47
1610611200,15.8215,16.0951,15.5073,15.9916,1529963.03
1610625600,15.9916,16.4983,15.7251,16.2996,1943721.17
1610640000,16.2996,17.2999,16.2971,17.2402,2891361.94
1610654400,17.2402,17.99,16.3136,17.9804,3959542.24
1610668800,17.9804,18.8,17.6545,17.9754,4400933.4
1610683200,17.9754,18.5302,17.5355,18.4714,2802677.71
1610697600,18.4714,18.7352,17.9017,18.0584,2922235.54
1610712000,18.0584,21.4533,17.6779,18.7149,14224716.12
1610726400,18.7149,20.4851,17.598,19.2104,8744157.28
1610740800,19.2104,21.4221,18.8739,20.7375,5554455.55
1610755200,20.7375,22.4884,20.7343,22.1259,7366616.65
1610769600,22.1259,22.68,21.15,22.2912,3973861.01
1610784000,22.2912,22.8666,21.3621,22.2649,4186436.26
1610798400,22.2649,22.5,21.45,22.1606,3579060.97
1610812800,22.1606,22.96,20.4414,21.1134,5203656.46
1610827200,21.1134,21.5709,19.628,20.1054,3574542.04
1610841600,20.1054,21.1862,19.3729,20.909,3535426.7
1610856000,20.909,21.3,19.85,20.0527,2512195.36
1610870400,20.0527,20.7932,19.6385,20.5307,3038382.2
1610884800,20.5307,21.1348,19.9267,21.0548,2548332.75
1610899200,21.0548,23.6761,20.9105,23.0076,5139742.18
1610913600,23.0076,23.767,22.4931,23.2819,5020532.99
1610928000,23.2819,23.6862,21.6778,22.0529,3274862.1
1610942400,22.0529,22.7779,21.8807,22.5166,2518415.62
1610956800,22.5166,22.86,21.5694,21.9559,2106062.88
1610971200,21.9559,22.188,21.3304,21.6592,2829225.21
1610985600,21.6592,22.1746,21.06,21.8399,1853551.18
1611000000,21.8399,22.0863,21.3743,22.0336,1199826.04
1611014400,22.0336,22.1776,21.4,21.6889,1982068.16
1611028800,21.6889,21.9666,21.2565,21.9552,1455160.23
1611043200,21.9552,22.8564,21.8715,22.1609,2348127.16
1611057600,22.1609,22.2366,21.2762,21.6689,1897909.06
1611072000,21.6689,21.9395,20.3774,20.7432,1778183.66
1611086400,20.7432,21.4741,20.5076,20.5557,1507442.43
1611100800,20.5557,21.1406,20.0891,20.2205,1507361.43
1611115200,20.2205,21.0585,19.9588,20.7795,1691960.72
1611129600,20.7795,20.8875,19.4,19.6206,2662072.09
1611144000,19.6206,20.4189,19.0645,19.6333,2381519.59
1611158400,19.6333,21.3085,19.2153,21.291,2434418.91
1611172800,21.291,21.9788,20.7226,21.8482,1776899.15
1611187200,21.8482,22.0307,21.0954,21.4883,1870863.14
1611201600,21.4883,21.562,20.42,20.7304,1520561.45
1611216000,20.7304,20.7718,19.3001,19.6146,3057946.48
1611230400,19.6146,20.5484,19.3668,19.5159,3426166.94
1611244800,19.5159,20.0629,19.12,19.9163,2164115.96
1611259200,19.9163,20.1923,18.0611,18.4119,2817432.16
1611273600,18.4119,19.4182,17.1269,19.2673,5164645.02
1611288000,19.2673,19.8865,19.1428,19.3871,1936309.9
1611302400,19.3871,20.885,19.138,20.5757,2340640.22
1611316800,20.5757,21.85,20.5757,21.7055,2333503.36
1611331200,21.7055,22.4431,21.3932,22.2113,3218355.89
1611345600,22.2113,22.4997,21.4704,21.5519,2067323.71
1611360000,21.5519,22.756,21.14,22.6504,2541791.41
1611374400,22.6504,24.6389,22.4988,23.8701,4084435.4
1611388800,23.8701,24.2998,22.7393,23.1981,2813459.54
1611403200,23.1981,25.4796,23.1003,24.9857,4962022.37
1611417600,24.9857,25.3643,24.5312,24.9207,2313589.52
1611432000,24.9207,25.5,24.374,24.8046,2309583.43
1611446400,24.8046,24.9088,23.7654,24.2851,2116135.43
1611460800,24.2851,24.5945,23.7889,24.2165,1789452.34
1611475200,24.2165,24.8663,24.0772,24.4409,1399810.05
1611489600,24.4409,24.472,23.5747,23.9966,2097758.48
1611504000,23.9966,24.953,23.1612,24.1257,3046436.41
1611518400,24.1257,24.85,23.9787,24.7935,1461090.0
1611532800,24.7935,25.7824,24.6094,25.3497,3323606.65
1611547200,25.3497,25.48,24.55,24.8757,1459309.91
1611561600,24.8757,24.9274,24.01,24.665,1216580.15
1611576000,24.665,24.912,23.81,24.2475,2184609.96
1611590400,24.2475,24.45,23.4251,23.6706,2007527.62
1611604800,23.6706,23.9168,22.6,23.3418,2389834.04
1611619200,23.3418,23.9761,22.4635,22.6934,1802236.89
1611633600,22.6934,23.312,22.6358,22.8851,1186823.19
1611648000,22.8851,23.2272,22.4865,22.8481,1162083.11
1611662400,22.8481,22.9239,21.65,22.2697,2028183.93
1611676800,22.2697,23.24,21.815,22.9815,1643549.76
1611691200,22.9815,23.3,22.5189,23.0981,1161567.69
1611705600,23.0981,23.2295,22.0297,22.1802,1343752.46
1611720000,22.1802,22.3395,21.68,22.0794,990442.62
1611734400,22.0794,22.0868,21.2437,21.2877,1455378.41
1611748800,21.2877,21.61,20.2767,21.561,3083396.22
1611763200,21.561,21.8896,20.4292,21.0719,2632428.19
1611777600,21.0719,21.6911,20.749,20.9586,1332279.3
1611792000,20.9586,22.8367,20.501,22.7101,1921702.06
1611806400,22.7101,23.7866,22.6091,23.3652,2187509.66
1611820800,23.3652,24.3958,23.1077,24.3415,2088182.23
1611835200,24.3415,24.4716,23.661,23.9558,2084959.2
1611849600,23.9558,24.0935,23.28,23.5926,1399827.6
1611864000,23.5926,23.8677,22.941,23.0145,1523188.68
1611878400,23.0145,23.6666,22.4582,22.5118,1581841.47
1611892800,22.5118,23.0099,22.045,22.6072,1571126.16
1611907200,22.6072,23.8977,22.4202,23.5067,3460446.28
1611921600,23.5067,24.24,23.1737,23.5041,2062480.03
1611936000,23.5041,23.6537,22.5262,22.8012,1947352.59
1611950400,22.8012,23.1743,22.6435,22.748,1015304.46
1611964800,22.748,22.9555,22.1534,22.3235,1114147.57
1611979200,22.3235,22.7257,22.1594,22.6495,877512.24
1611993600,22.6495,22.7338,22.2975,22.3836,776044.28
1612008000,22.3836,23.4644,22.3,23.13,1387988.45
1612022400,23.13,23.98,22.8017,23.4199,2259441.75
1612036800,23.4199,23.98,23.4127,23.6399,978190.19
1612051200,23.6399,24.678,23.2592,23.3793,2109848.33
1612065600,23.3793,23.4964,22.8408,23.0251,1076326.19
1612080000,23.0251,23.2997,22.8,23.025,1206823.43
1612094400,23.025,23.241,22.1827,22.4326,1274969.8
1612108800,22.4326,22.5806,22.0603,22.4734,1135319.88
1612123200,22.4734,22.7253,22.2366,22.5613,841923.26
1612137600,22.5613,22.5673,21.7255,22.4421,1450839.97
1612152000,22.4421,22.5508,22.0834,22.3286,873492.86
1612166400,22.3286,22.6252,22.155,22.1699,1051533.14
1612180800,22.1699,22.3345,21.6526,22.0355,1269797.94
1612195200,22.0355,22.5278,21.9402,22.4269,785987.88
1612209600,22.4269,23.2,22.3185,22.8757,1015318.62
1612224000,22.8757,23.46,22.8118,22.981,1317123.4
1612238400,22.981,23.6164,22.981,23.4213,876595.04
1612252800,23.4213,23.6895,22.9373,23.0249,1190564.7
1612267200,23.0249,23.3373,22.7354,22.7712,931808.06
1612281600,22.7712,23.2,22.7712,23.1508,914305.81
1612296000,23.1508,24.1693,23.1125,23.6582,1254474.26
1612310400,23.6582,24.255,23.5318,24.0645,1010693.76
1612324800,24.0645,24.36,23.7898,24.0095,907006.63
1612339200,24.0095,24.89,23.6355,24.5147,1979212.53
1612353600,24.5147,25.51,24.4353,25.3308,1963412.03
1612368000,25.3308,25.5674,24.5571,24.6992,1736671.43
1612382400,24.6992,25.15,24.5469,25.087,869375.34
1612396800,25.087,26.15,24.2142,24.5352,2064087.05
1612411200,24.5352,25.0184,24.2809,24.5719,866412.35
1612425600,24.5719,24.8238,22.6174,23.6683,1953095.15
1612440000,23.6683,24.3102,23.1948,23.5938,1147828.5
1612454400,23.5938,24.4635,23.2137,24.3829,1039330.48
1612468800,24.3829,25.2132,24.1472,24.492,1575633.57
1612483200,24.492,25.88,24.4081,25.8795,1438675.27
1612497600,25.8795,26.95,25.6636,26.6812,2121858.66
1612512000,26.6812,26.94,26.175,26.4899,1374757.49
1612526400,26.4899,27.0,25.6973,26.4453,2151418.99
1612540800,26.4453,26.8038,25.4852,25.9362,1650761.16
1612555200,25.9362,26.7949,25.8443,26.3034,1262855.01
1612569600,26.3034,26.8,24.2081,25.243,2529909.43
1612584000,25.243,25.6049,24.8154,25.5306,782579.63
1612598400,25.5306,26.0523,24.9416,25.0668,1121789.09
1612612800,25.0668,25.6789,24.9736,25.088,771719.84
1612627200,25.088,25.9954,24.6382,25.6,1065278.85
1612641600,25.6,25.6699,24.8228,25.0231,792408.07
1612656000,25.0231,25.2836,24.07,24.5077,1044001.75
1612670400,24.5077,24.5955,23.6163,24.5281,1318966.7
1612684800,24.5281,24.9122,24.4423,24.763,668383.7
1612699200,24.763,25.0231,23.4292,23.8368,1360528.33
1612713600,23.8368,24.4877,22.81,24.0616,1388092.63
1612728000,24.0616,24.89,23.9633,24.7254,734304.19
1612742400,24.7254,24.8751,23.9587,24.1222,619338.5
1612756800,24.1222,24.95,24.0678,24.8797,608618.41
1612771200,24.8797,25.8672,24.6001,25.6003,1271089.94
1612785600,25.6003,25.72,24.5493,25.3343,2001374.9
1612800000,25.3343,25.98,24.9508,25.291,1277538.41
1612814400,25.291,25.6089,24.9851,25.4115,1248943.38
1612828800,25.4115,25.6282,25.0,25.4602,965846.43
1612843200,25.4602,25.7871,25.3,25.5362,1023485.91
1612857600,25.5362,26.5331,25.4,25.5044,1891434.45
1612872000,25.5044,25.68,25.0109,25.3776,1156795.18
1612886400,25.3776,26.7,25.2,26.541,2087674.09
1612900800,26.541,28.0,26.036,27.6034,2347634.26
1612915200,27.6034,28.1965,27.284,27.4763,1524796.24
1612929600,27.4763,28.0989,26.699,27.7953,1609908.56
1612944000,27.7953,28.6412,27.7091,28.3575,2058089.72
1612958400,28.3575,28.3575,25.1227,26.3161,4103083.21
1612972800,26.3161,27.1,25.7962,26.9856,1278252.01
1612987200,26.9856,27.0,26.0001,26.8121,1146967.4
1613001600,26.8121,27.1824,26.2172,26.8532,769080.93
1613016000,26.8532,27.6499,26.7346,27.3792,753601.22
1613030400,27.3792,28.1,27.3268,27.5665,1218391.18
1613044800,27.5665,28.3157,27.3663,28.083,1617762.75
1613059200,28.083,28.5705,27.666,27.7349,1358648.12
1613073600,27.7349,27.9424,27.0923,27.8475,943134.9
1613088000,27.8475,27.9951,27.0125,27.0531,889866.47
1613102400,27.0531,27.67,26.6746,27.4543,869105.45
1613116800,27.4543,28.1897,27.3673,28.1347,821920.96
1613131200,28.1347,28.46,27.3243,28.4246,1393989.6
1613145600,28.4246,30.7764,28.4246,30.464,4001171.9
1613160000,30.464,31.4485,30.08,30.6265,1786241.39
1613174400,30.6265,32.1144,30.5995,31.5207,1576984.1
1613188800,31.5207,31.72,30.1005,30.1054,1126662.62
1613203200,30.1054,31.1372,29.07,29.6728,1932917.06
1613217600,29.6728,30.7748,29.2545,30.5032,1453424.42
1613232000,30.5032,31.86,30.2232,31.6081,1806620.86
1613246400,31.6081,34.7573,31.0932,34.1941,3131881.72
1613260800,34.1941,35.6945,33.2754,34.2302,2195746.52
1613275200,34.2302,35.0,33.3827,34.8556,2153704.45
1613289600,34.8556,35.2847,33.5985,33.7962,1290069.24
1613304000,33.7962,34.15,32.3088,32.7787,1727477.83
1613318400,32.7787,33.9986,32.5024,32.9475,1250493.51
1613332800,32.9475,34.2761,32.8159,33.1565,822602.83
1613347200,33.1565,33.6543,27.5,30.7992,3651567.85
1613361600,30.7992,32.2377,29.8689,31.8887,1722625.89
1613376000,31.8887,33.32,31.5646,33.0,1334618.86
1613390400,33.0,34.408,32.5464,34.4,1418078.92
1613404800,34.4,34.9252,34.0077,34.1805,1128396.86
1613419200,34.1805,34.4766,32.1827,32.5899,1589348.38
1613433600,32.5899,33.0673,31.1283,32.8918,1471561.32
1613448000,32.8918,33.192,31.7187,32.3999,972303.4
1613462400,32.3999,33.4269,32.2448,32.3379,890829.98
1613476800,32.3379,33.0132,31.5027,31.7232,1377251.24
1613491200,31.7232,32.3888,30.784,31.6602,1637662.82
1613505600,31.6602,32.1416,30.9195,31.9632,713380.95
1613520000,31.9632,32.2069,30.3777,30.5007,881784.09
1613534400,30.5007,31.4726,30.0,31.3388,1044413.14
1613548800,31.3388,32.196,31.1082,31.9278,894811.2
1613563200,31.9278,32.6544,31.4178,31.7722,1039718.78
1613577600,31.7722,32.0821,31.5884,31.9997,808872.07
1613592000,31.9997,32.6705,31.89,32.2324,1010922.9
1613606400,32.2324,33.5961,32.2078,33.0091,1062576.76
1613620800,33.0091,33.261,32.1765,32.6219,904356.41
1613635200,32.6219,32.8829,31.8478,32.2,855070.74
1613649600,32.2,32.97,31.7785,32.2635,944131.8
1613664000,32.2635,32.5087,31.9581,32.4523,937928.64
1613678400,32.4523,33.12,32.2449,32.4801,748926.25
1613692800,32.4801,32.855,31.3799,31.9826,1136699.14
1613707200,31.9826,32.8336,31.562,32.6412,1049798.89
1613721600,32.6412,34.3436,32.4465,34.3172,2020954.3
1613736000,34.3172,34.4431,33.5047,34.3104,1306515.98
1613750400,34.3104,35.5072,33.6197,34.26,1879732.5
1613764800,34.26,34.9867,34.2,34.6846,1018449.83
1613779200,34.6846,34.9382,33.7921,34.7526,1582695.8
1613793600,34.7526,35.4208,34.11,34.2176,1127172.89
1613808000,34.2176,36.3429,34.136,35.8982,1620618.33
1613822400,35.8982,36.9307,34.0615,34.95,2462032.7
1613836800,34.95,36.4633,34.9435,35.737,1346876.06
1613851200,35.737,35.7742,32.0,33.9387,1938953.12
1613865600,33.9387,34.7408,33.2998,34.0988,1037543.31
1613880000,34.0988,34.4219,33.3223,33.416,789479.51
1613894400,33.416,34.722,33.2712,34.4645,857223.73
1613908800,34.4645,34.6802,33.9372,34.4425,649035.64
1613923200,34.4425,35.2594,33.9045,35.2282,872323.61
1613937600,35.2282,35.2918,33.3891,34.0915,973677.44
1613952000,34.0915,34.2185,32.2851,32.5399,1121248.29
1613966400,32.5399,32.8182,31.5021,32.7717,1244894.63
1613980800,32.7717,32.7889,30.76,30.998,1753042.66
1613995200,30.998,31.222,25.2312,30.0973,5823679.33
1614009600,30.0973,31.1892,28.3289,30.5158,2297576.53
1614024000,30.5158,31.7523,30.4293,31.4542,1102264.92
1614038400,31.4542,31.6822,28.46,28.8875,2306564.06
1614052800,28.8875,29.4492,26.2223,27.0316,3486319.89
1614067200,27.0316,27.2793,20.8088,25.4354,9912179.96
1614081600,25.4354,27.4654,24.1635,26.5213,4047676.15
1614096000,26.5213,27.05,23.4,23.5624,2923397.31
1614110400,23.5624,26.0,23.085,25.9249,1657569.26
1614124800,25.9249,28.3477,24.505,28.1376,2475737.36
1614139200,28.1376,28.6,26.95,27.9758,1694655.87
1614153600,27.9758,28.8292,27.5677,28.1078,1547799.43
1614168000,28.1078,28.5225,26.3238,28.3031,2347689.1
1614182400,28.3031,29.337,27.5296,27.6909,1915429.28
1614196800,27.6909,28.171,26.6,28.0851,1459726.67
1614211200,28.0851,28.5742,27.0288,27.3087,982315.12
1614225600,27.3087,27.6576,26.7715,27.3888,890612.75
1614240000,27.3888,27.8871,26.4,27.6681,1218015.95
1614254400,27.6681,28.6802,27.429,28.0886,1526679.68
1614268800,28.0886,28.4,26.8797,27.2102,1272510.93
1614283200,27.2102,27.2102,24.2509,24.7144,2035255.64
1614297600,24.7144,25.3353,23.9524,25.1123,2133787.2
1614312000,25.1123,25.4992,23.6574,24.3448,1687503.78
1614326400,24.3448,25.4191,24.3448,24.9695,1436741.21
1614340800,24.9695,26.3885,24.7973,26.165,1439982.54
1614355200,26.165,26.9906,25.94,26.0823,1195920.61
1614369600,26.0823,26.297,24.5,25.1862,1247961.03
1614384000,25.1862,26.0315,25.0301,25.3193,968664.73
1614398400,25.3193,25.8809,24.9067,25.3956,1287109.26
1614412800,25.3956,25.7753,24.8545,25.7058,1010342.5
1614427200,25.7058,26.5055,25.3015,25.4448,1612033.47
1614441600,25.4448,26.7423,25.2313,26.7346,1119511.6
1614456000,26.7346,27.4472,25.5385,26.1896,1631429.1
1614470400,26.1896,26.7624,24.411,24.6048,1408147.79
1614484800,24.6048,25.04,23.6843,23.8915,1621828.04
1614499200,23.8915,24.7153,23.8493,24.4177,1130053.01
1614513600,24.4177,24.5847,23.0529,23.3136,1575991.28
1614528000,23.3136,24.4787,22.8578,24.3988,1257154.93
1614542400,24.3988,25.127,24.133,24.7016,919908.99
1614556800,24.7016,25.5015,24.5758,25.0,828358.69
1614571200,25.0,25.3223,24.75,25.2843,617010.85
1614585600,25.2843,26.8571,25.2753,26.5268,2819858.13
1614600000,26.5268,27.2467,26.12,27.17,3467585.01
1614614400,27.17,27.6442,25.9254,26.3472,3545301.67
1614628800,26.3472,27.7326,26.3061,27.7116,1022791.38
1614643200,27.7116,29.4857,27.1757,29.1191,2061874.45
1614657600,29.1191,29.5,28.2231,28.7014,1133866.3
1614672000,28.7014,29.9414,28.6801,29.5883,1223772.27
1614686400,29.5883,29.98,28.8763,29.2839,1244216.72
1614700800,29.2839,30.5251,27.5824,27.8639,2548782.76
1614715200,27.8639,28.5463,27.2765,28.4769,1056478.63
1614729600,28.4769,29.2976,28.1272,28.9425,1111519.23
1614744000,28.9425,30.76,28.9074,30.4374,1123136.26
1614758400,30.4374,31.0,30.3867,30.7328,1294994.46
1614772800,30.7328,31.2343,29.8191,30.6232,1395873.42
1614787200,30.6232,31.43,30.1851,30.647,1067002.69
1614801600,30.647,30.6888,29.8194,29.85,871322.79
1614816000,29.85,30.5731,29.11,29.2188,1314160.02
1614830400,29.2188,29.6102,28.8674,29.6,892644.52
1614844800,29.6,29.93,28.6321,29.0915,1207386.86
1614859200,29.0915,29.7173,28.6026,29.0616,1012857.44
1614873600,29.0616,29.4248,27.1891,27.8685,1550301.32
1614888000,27.8685,27.953,27.2316,27.6943,831862.13
1614902400,27.6943,27.7015,25.6483,26.6145,1857716.48
1614916800,26.6145,26.9463,25.9993,26.5825,913188.26
1614931200,26.5825,26.775,25.8085,26.7574,693810.84
1614945600,26.7574,27.56,26.3792,26.8049,974160.85
1614960000,26.8049,28.0428,26.2441,28.026,878937.68
1614974400,28.026,28.2338,27.7049,27.8343,517956.54
1614988800,27.8343,28.3144,27.2595,27.3817,279859.79
1615003200,27.3817,27.9464,26.5538,27.9178,804303.38
1615017600,27.9178,27.9586,27.0875,27.2266,426599.53
1615032000,27.2266,27.253,26.2889,26.8582,929063.84
1615046400,26.8582,28.1799,26.7323,28.0642,756874.45
1615060800,28.0642,28.3985,27.8646,28.1479,612402.38
1615075200,28.1479,29.1258,28.1479,28.6294,894245.4
1615089600,28.6294,28.8516,28.2915,28.7112,592858.3
1615104000,28.7112,28.9466,28.3381,28.4468,577262.92
1615118400,28.4468,28.5296,27.5421,27.9732,944354.28
1615132800,27.9732,28.2724,27.6,27.8428,841455.93
1615147200,27.8428,28.6658,27.3859,28.5932,749081.19
1615161600,28.5932,29.0798,28.2899,28.7224,875294.45
1615176000,28.7224,29.459,28.2652,28.5669,990648.3
1615190400,28.5669,29.3696,28.2781,29.3041,945131.15
1615204800,29.3041,30.8,28.8673,30.5992,1783438.6
1615219200,30.5992,31.27,30.4733,31.0758,1494009.25
1615233600,31.0758,31.8469,30.6861,31.8469,1092974.95
1615248000,31.8469,32.0,31.247,31.718,955334.34
1615262400,31.718,31.7502,30.738,30.9863,761012.17
1615276800,30.9863,31.5695,30.9467,31.2447,752309.56
1615291200,31.2447,31.496,30.3896,30.7677,1263060.83
1615305600,30.7677,31.1478,30.3639,30.9846,809177.11
1615320000,30.9846,31.58,30.7341,31.4914,668951.27
1615334400,31.4914,31.7934,29.471,29.7022,1303164.18
1615348800,29.7022,30.6745,29.5146,30.5679,465786.51
1615363200,30.5679,30.93,30.2,30.4715,566646.96
1615377600,30.4715,30.98,30.2661,30.6395,992826.7
1615392000,30.6395,30.7886,30.2382,30.2763,714173.82
1615406400,30.2763,30.3123,29.2545,29.9036,874073.53
1615420800,29.9036,29.9501,28.7594,29.3777,928205.72
1615435200,29.3777,29.7621,29.0842,29.25,480248.26
1615449600,29.25,29.486,28.5516,29.4369,781651.62
1615464000,29.4369,30.0449,28.9948,29.2821,1020171.97
1615478400,29.2821,29.7,29.1051,29.3231,841547.39
1615492800,29.3231,30.5285,29.2535,30.1166,1027886.89
1615507200,30.1166,30.411,29.5,29.9831,643425.85
1615521600,29.9831,30.0817,29.2906,29.4349,562053.71
1615536000,29.4349,29.6143,28.7,28.9781,643398.14
1615550400,28.9781,29.1285,27.3717,28.6234,1539396.43
1615564800,28.6234,28.6873,27.9111,28.0661,855695.06
1615579200,28.0661,28.5,27.7061,28.3553,571031.87
1615593600,28.3553,28.3798,26.9326,27.8689,1402236.35
1615608000,27.8689,28.6006,27.6691,28.5224,572482.41
1615622400,28.5224,30.3277,28.3549,29.9836,1456198.53
1615636800,29.9836,30.4844,29.6285,30.0806,877043.93
1615651200,30.0806,30.57,29.8633,30.0292,815099.49
1615665600,30.0292,30.2902,29.5021,29.7384,567108.39
1615680000,29.7384,30.2,29.2032,29.66,538647.56
1615694400,29.66,29.6683,28.8813,29.2248,489929.55
1615708800,29.2248,29.8,28.7152,29.2105,632378.22
1615723200,29.2105,29.3568,28.6775,28.8616,513987.49
1615737600,28.8616,29.4738,28.5108,29.2266,576140.28
1615752000,29.2266,29.4936,28.52,28.5469,397138.73
1615766400,28.5469,29.3543,28.2219,29.2269,562304.76
1615780800,29.2269,29.4217,27.35,27.7709,1124761.25
1615795200,27.7709,28.0464,26.933,27.6262,1245492.05
1615809600,27.6262,28.0437,27.1351,27.1841,950838.98
1615824000,27.1841,27.591,26.8,27.4832,871365.84
1615838400,27.4832,27.8815,27.25,27.5091,513060.41
1615852800,27.5091,27.6209,26.3975,27.193,801301.12
1615867200,27.193,28.1066,26.9294,28.0677,607930.75
1615881600,28.0677,28.1883,27.3773,27.548,500515.87
1615896000,27.548,27.9346,27.3152,27.9128,501746.42
1615910400,27.9128,28.057,27.0911,27.3522,821534.82
1615924800,27.3522,27.94,27.2963,27.9099,542057.97
1615939200,27.9099,28.0228,27.5157,27.5928,410099.86
1615953600,27.5928,28.3754,27.4695,28.1014,485999.1
1615968000,28.1014,28.2276,27.384,27.5402,532623.19
1615982400,27.5402,30.4357,27.3027,30.2461,3870548.99
1615996800,30.2461,31.2,30.2461,30.77,1860768.16
1616011200,30.77,31.0892,30.2624,31.0579,1010664.02
1616025600,31.0579,31.3588,29.903,30.1379,1174864.9
1616040000,30.1379,30.4,29.7836,29.8579,566565.61
1616054400,29.8579,30.1907,29.6345,29.757,821769.08
1616068800,29.757,30.5033,29.4624,30.1924,1084238.5
1616083200,30.1924,30.354,29.0,29.1239,887722.24
1616097600,29.1239,29.83,29.0,29.3949,457969.17
1616112000,29.3949,29.7521,28.6802,29.71,747550.09
1616126400,29.71,30.0102,29.5743,29.6992,410210.34
1616140800,29.6992,30.5,29.6666,30.4361,727668.86
1616155200,30.4361,30.4709,29.8821,30.0863,638750.79
1616169600,30.0863,30.551,29.9729,30.2111,672292.9
1616184000,30.2111,30.3733,29.777,29.777,379615.01
1616198400,29.777,30.8608,29.5701,30.8552,626266.46
1616212800,30.8552,30.9746,30.5179,30.7629,519566.48
1616227200,30.7629,31.4325,30.6122,31.1919,586141.59
1616241600,31.1919,31.3309,30.6188,30.8924,614101.54
1616256000,30.8924,31.0611,30.3134,30.6118,509685.13
1616270400,30.6118,30.6301,29.58,29.6465,515086.13
1616284800,29.6465,30.08,29.1723,29.4708,564556.85
1616299200,29.4708,29.4708,28.8119,29.2293,404622.62
1616313600,29.2293,29.36,28.7741,29.0364,418758.75
1616328000,29.0364,29.5647,28.5817,29.2564,496837.21
1616342400,29.2564,29.8779,29.0348,29.7005,385399.28
1616356800,29.7005,29.7711,29.1821,29.2097,318830.5
1616371200,29.2097,29.2706,28.66,29.0927,431256.69
1616385600,29.0927,29.2354,28.8813,29.0924,316997.14
1616400000,29.0924,29.3238,28.743,29.2619,399976.48
1616414400,29.2619,29.4444,28.8457,29.1361,572841.82
1616428800,29.1361,29.1906,28.4488,28.556,539423.04
1616443200,28.556,28.7015,27.1362,27.2431,1309212.48
1616457600,27.2431,27.9351,27.0298,27.479,594544.52
1616472000,27.479,27.5154,26.6283,27.2254,771355.9
1616486400,27.2254,27.4285,26.9,26.9519,524888.11
1616500800,26.9519,27.5209,26.9466,27.2351,518299.55
1616515200,27.2351,27.7834,26.8239,27.3496,899063.3
1616529600,27.3496,27.3975,26.7197,26.7813,389839.96
1616544000,26.7813,27.1182,26.2745,26.8626,567193.39
1616558400,26.8626,27.39,26.6,27.364,368609.51
1616572800,27.364,27.6435,27.3,27.45,414957.3
1616587200,27.45,27.8814,27.38,27.555,540021.94
1616601600,27.555,27.7323,26.078,26.15,752719.24
1616616000,26.15,26.1536,23.61,24.8684,2486682.74
1616630400,24.8684,25.2,24.4752,24.7692,1160974.91
1616644800,24.7692,25.4508,24.577,24.912,531737.63
1616659200,24.912,25.74,24.8502,25.2497,488936.29
1616673600,25.2497,25.8626,24.3665,25.5192,1295506.02
1616688000,25.5192,26.6241,25.1878,26.4941,1021896.83
1616702400,26.4941,26.6401,25.4233,25.535,666517.58
1616716800,25.535,26.0258,25.3591,25.6386,880700.11
1616731200,25.6386,25.8275,25.3993,25.7768,390982.79
1616745600,25.7768,26.2745,25.6293,26.1961,919888.0
1616760000,26.1961,26.5475,26.0,26.3403,644347.01
1616774400,26.3403,27.2303,26.2445,27.2098,922591.5
1616788800,27.2098,27.4,27.1097,27.3927,456241.1
1616803200,27.3927,27.4982,26.8109,26.954,408237.11
1616817600,26.954,27.067,26.5971,26.6947,298183.75
1616832000,26.6947,26.9024,26.3202,26.3726,346421.41
1616846400,26.3726,26.5633,26.003,26.5533,357037.97
1616860800,26.5533,26.8509,26.4795,26.7375,324407.29
1616875200,26.7375,27.1653,26.73,26.8766,299543.07
1616889600,26.8766,27.5638,26.6678,27.463,334305.2
1616904000,27.463,27.58,27.1394,27.5499,270541.15
1616918400,27.5499,27.6624,26.9213,26.9849,338983.1
1616932800,26.9849,27.2866,26.6314,27.19,340968.17
1616947200,27.19,27.3347,26.0889,26.3361,695790.45
1616961600,26.3361,26.7063,26.1751,26.6588,229236.28
1616976000,26.6588,26.9137,26.3886,26.835,240788.72
1616990400,26.835,27.2767,26.6791,27.2617,346050.32
1617004800,27.2617,27.95,27.2264,27.7408,831281.31
1617019200,27.7408,28.043,27.3865,27.7837,744102.2
1617033600,27.7837,28.6203,27.7503,28.0231,1122298.5
1617048000,28.0231,28.278,27.8333,28.0357,346880.58
1617062400,28.0357,28.36,27.7691,27.9786,321690.45
1617076800,27.9786,28.2,27.6281,28.0421,362952.19
1617091200,28.0421,28.5517,27.9719,28.5517,518465.4
1617105600,28.5517,28.5735,28.0555,28.091,572087.93
1617120000,28.091,28.2972,28.0426,28.209,351073.42
1617134400,28.209,28.2162,27.446,27.8301,396229.56
1617148800,27.8301,28.0754,27.0782,27.4288,451689.21
1617163200,27.4288,27.8279,27.0327,27.2383,359128.39
1617177600,27.2383,27.2936,26.18,27.168,918471.43
1617192000,27.168,27.6725,26.931,27.5649,470893.46
1617206400,27.5649,28.4134,27.2029,27.958,997995.42
1617220800,27.958,29.4401,27.88,29.4167,1156361.25
1617235200,29.4167,30.0,29.3143,29.6884,1131872.91
1617249600,29.6884,30.4838,29.3439,30.384,887203.76
1617264000,30.384,30.8306,29.4942,29.7947,952327.58
1617278400,29.7947,31.0,29.6538,30.8305,1003041.49
1617292800,30.8305,31.125,29.4759,30.439,1090468.91
1617307200,30.439,30.4672,29.9015,30.0684,376776.72
1617321600,30.0684,30.4155,29.361,30.2195,727464.32
1617336000,30.2195,30.5302,30.1176,30.2895,412081.49
1617350400,30.2895,30.832,30.2337,30.8049,453593.02
1617364800,30.8049,31.3787,29.9444,31.0406,992358.65
1617379200,31.0406,31.6373,30.7296,31.225,878461.5
1617393600,31.225,32.5555,31.1766,32.4864,1077339.14
1617408000,32.4864,32.8096,31.8195,31.963,890538.61
1617422400,31.963,33.0504,31.8651,32.8196,712942.49
1617436800,32.8196,33.1707,31.947,32.0705,836140.36
1617451200,32.0705,32.3928,31.0,31.058,784905.87
1617465600,31.058,31.504,29.7533,30.93,1305619.93
1617480000,30.93,30.93,29.1256,29.293,822385.82
1617494400,29.293,30.1429,28.6801,30.0545,732971.05
1617508800,30.0545,30.4229,29.4565,30.386,457080.78
1617523200,30.386,30.85,30.1801,30.375,499859.26
1617537600,30.375,31.3475,30.2075,31.1099,589319.84
1617552000,31.1099,31.4643,30.6335,30.7703,434730.85
1617566400,30.7703,30.8544,30.3882,30.7471,322768.42
1617580800,30.7471,30.9177,29.984,30.1464,618632.32
1617595200,30.1464,30.2933,29.6179,30.1077,570903.86
1617609600,30.1077,31.1118,29.7307,31.1118,593319.56
1617624000,31.1118,31.7591,30.9064,31.5762,1093308.26
1617638400,31.5762,32.2795,31.1402,31.3378,1226416.08
1617652800,31.3378,32.6399,31.3378,32.3791,1013683.25
1617667200,32.3791,32.6666,31.6819,31.7199,731894.85
1617681600,31.7199,32.2038,31.3074,31.479,747231.77
1617696000,31.479,32.7347,31.3074,32.2,1231366.1
1617710400,32.2,34.6666,31.5,32.8152,3594516.36
1617724800,32.8152,34.5,32.7419,33.9099,1382586.32
1617739200,33.9099,34.9,33.5733,34.725,1205897.54
1617753600,34.725,35.12,33.732,34.6863,1314411.27
1617768000,34.6863,34.8248,33.0588,33.4431,1095926.96
1617782400,33.4431,33.467,30.2921,31.6021,2032356.76
1617796800,31.6021,32.47,30.4105,31.227,1292655.76
1617811200,31.227,31.9146,30.2286,31.0663,1108027.13
1617825600,31.0663,31.8946,30.5074,31.109,511097.84
1617840000,31.109,32.1695,30.9466,31.6489,524189.32
1617854400,31.6489,32.558,31.6328,32.4416,487785.03
1617868800,32.4416,32.5748,31.1354,31.4533,700940.03
1617883200,31.4533,32.5601,31.3798,32.5434,797390.03
1617897600,32.5434,32.8999,31.9905,32.1866,606495.04
1617912000,32.1866,32.89,31.8698,32.7884,431831.83
1617926400,32.7884,33.2876,32.6372,32.7364,493675.71
1617940800,32.7364,32.8124,32.2226,32.5365,397836.97
1617955200,32.5365,32.7219,32.1025,32.6352,481089.55
1617969600,32.6352,32.6947,31.5281,31.8643,732556.69
1617984000,31.8643,31.9755,31.3924,31.6665,614137.1
1617998400,31.6665,31.7759,31.2348,31.5893,426797.77
1618012800,31.5893,32.5967,31.32,32.4821,640145.53
1618027200,32.4821,32.9767,32.28,32.495,710634.72
1618041600,32.495,33.0,32.4275,32.4546,439558.42
1618056000,32.4546,32.5549,31.8396,32.107,593296.77
1618070400,32.107,32.49,31.4579,31.7457,534495.65
1618084800,31.7457,31.9404,31.0,31.8944,629887.49
1618099200,31.8944,32.5847,31.7283,32.3017,535987.41
1618113600,32.3017,32.5468,31.7777,32.2422,535773.76
1618128000,32.2422,32.9862,32.2378,32.6832,772508.97
1618142400,32.6832,33.75,32.2186,33.7,882691.71
1618156800,33.7,34.4397,33.274,33.7458,1640003.04
1618171200,33.7458,34.2604,33.3526,33.8811,583224.99
1618185600,33.8811,34.1468,33.13,33.3969,542814.02
1618200000,33.3969,33.9284,33.273,33.5014,545380.94
1618214400,33.5014,33.651,32.2302,32.8427,986859.69
1618228800,32.8427,33.0814,32.0072,32.2153,723565.66
1618243200,32.2153,32.95,31.8601,32.9202,686996.28
1618257600,32.9202,33.5242,32.8323,33.108,628412.14
1618272000,33.108,33.398,32.8518,32.88,405327.33
1618286400,32.88,33.0459,32.3842,32.8308,499162.75
1618300800,32.8308,33.6804,32.6011,33.6067,1030398.16
1618315200,33.6067,34.5,33.2535,34.313,1104464.82
1618329600,34.313,35.8645,34.302,35.6102,2216277.29
1618344000,35.6102,35.8158,34.7369,35.5217,845376.37
1618358400,35.5217,37.9849,35.3329,37.2949,1906470.13
1618372800,37.2949,37.6893,36.5001,37.0455,1313557.78
1618387200,37.0455,37.9835,35.3112,37.9727,1971484.47
1618401600,37.9727,38.0587,35.0,36.5443,2555023.56
1618416000,36.5443,38.927,36.5015,37.7,3021164.64
1618430400,37.7,41.9901,37.4473,41.3641,3274447.14
1618444800,41.3641,42.23,39.6638,40.8335,1995449.5
1618459200,40.8335,42.9876,39.9005,42.3825,2181009.5
1618473600,42.3825,42.8255,40.0,40.588,2156941.16
1618488000,40.588,44.33,40.3005,44.0026,3160597.88
1618502400,44.0026,44.3261,42.1169,42.4558,1984862.42
1618516800,42.4558,43.8907,42.1152,42.5601,1112017.28
1618531200,42.5601,43.2902,40.7732,41.6503,1436325.87
1618545600,41.6503,42.1191,40.2002,41.826,1603529.63
1618560000,41.826,42.4281,39.2657,40.8224,1772173.42
1618574400,40.8224,41.4859,38.5273,41.3009,2050473.91
1618588800,41.3009,42.5555,40.5541,41.1619,2040054.12
1618603200,41.1619,42.2848,40.969,41.9861,757488.4
1618617600,41.9861,44.1116,41.9172,43.1071,1574024.16
1618632000,43.1071,43.7645,42.5979,43.2639,1080256.36
1618646400,43.2639,43.4673,41.1463,41.6208,1305574.1
1618660800,41.6208,42.2,40.3383,40.4596,1131724.92
1618675200,40.4596,41.3663,39.9229,41.1042,911611.0
1618689600,41.1042,42.1163,39.8304,39.9137,764449.69
1618704000,39.9137,40.3436,28.8,33.1,3430936.3
1618718400,33.1,37.2389,32.75,36.6379,3735034.57
1618732800,36.6379,36.8067,32.5608,32.93,2854295.43
1618747200,32.93,37.6937,32.8616,37.5702,2541577.88
1618761600,37.5702,38.7033,36.6994,38.4099,2096407.97
1618776000,38.4099,39.7368,37.6738,39.0799,1543396.43
1618790400,39.0799,41.99,38.0641,41.5471,2554775.44
1618804800,41.5471,41.6737,40.0614,40.7037,1310313.32
1618819200,40.7037,40.9658,37.8938,39.7184,1815499.07
1618833600,39.7184,40.08,34.9999,35.2324,3600212.3
1618848000,35.2324,37.6742,34.8144,37.4693,2387206.65
1618862400,37.4693,37.9,35.5752,35.7359,1413151.55
1618876800,35.7359,36.134,33.1933,34.8421,2054599.89
1618891200,34.8421,36.7346,33.9825,34.8988,2151222.21
1618905600,34.8988,37.9332,34.817,37.8133,2353225.45
1618920000,37.8133,38.17,35.323,36.6155,2166517.15
1618934400,36.6155,38.9896,36.3914,38.9552,2141414.38
1618948800,38.9552,39.3901,37.7255,38.9954,1288670.5
1618963200,38.9954,39.4872,37.4662,37.497,1373568.53
1618977600,37.497,38.3258,37.1821,37.5182,1125088.63
1618992000,37.5182,37.8125,35.8933,36.2699,1645514.18
1619006400,36.2699,38.6664,36.148,38.6523,1522183.27
1619020800,38.6523,39.1957,37.5891,38.1567,1102052.73
1619035200,38.1567,38.2088,35.9508,36.2274,1216478.45
1619049600,36.2274,37.2958,35.5912,35.8161,2249551.61
1619064000,35.8161,37.6021,35.7463,36.8169,1106707.98
1619078400,36.8169,38.5274,35.8491,38.3308,1845522.12
1619092800,38.3308,40.7436,38.3211,40.5139,2717151.55
1619107200,40.5139,40.82,37.516,38.3053,2707245.87
1619121600,38.3053,38.3162,33.7859,35.1306,3392954.77
1619136000,35.1306,35.9643,30.02,33.0635,5117107.66
1619150400,33.0635,33.3044,30.566,30.7861,3605648.6
1619164800,30.7861,33.7571,30.4024,33.5922,2565854.95
1619179200,33.5922,34.0842,31.4182,33.972,2092679.73
1619193600,33.972,34.5901,33.2216,34.4492,1220668.45
1619208000,34.4492,35.3,33.63,35.2121,820172.85
1619222400,35.2121,35.3033,32.6264,33.8849,1371540.81
1619236800,33.8849,34.3283,33.2519,33.5995,877232.32
1619251200,33.5995,34.1573,31.3896,31.8544,1257546.11
1619265600,31.8544,32.694,31.4559,32.4109,1296262.26
1619280000,32.4109,32.5188,31.5,32.0974,841119.04
1619294400,32.0974,32.7155,31.0,31.2443,1011751.47
1619308800,31.2443,32.0179,30.91,31.0701,890105.92
1619323200,31.0701,31.2012,31.0364,31.1691,2419.88
1619337600,31.1691,32.3,31.03,31.937,700089.062
1619352000,31.937,33.432,31.883,33.172,742602.2
1619366400,33.172,33.429,31.66,31.713,763493.09
1619380800,31.713,31.947,29.801,31.692,1491766.591
1619395200,31.692,34.201,31.363,33.926,1894581.337
1619409600,33.926,34.792,33.534,34.243,948066.352
1619424000,34.243,35.275,33.8,35.016,970306.62
1619438400,35.016,35.27,34.052,34.669,926340.783
1619452800,34.669,35.127,33.908,34.654,929858.081
1619467200,34.654,35.17,33.406,35.13,991156.066
1619481600,35.13,35.595,34.483,34.939,723613.819
1619496000,34.939,36.452,34.699,35.977,819348.94
1619510400,35.977,36.971,35.783,36.931,880423.074
1619524800,36.931,37.149,35.282,36.75,1282150.938
1619539200,36.75,37.665,36.225,36.595,1187020.115
1619553600,36.595,37.0,36.159,36.788,570585.591
1619568000,36.788,37.808,36.139,36.166,1066073.968
1619582400,36.166,36.733,34.901,35.703,1077711.302
1619596800,35.703,36.495,34.967,36.305,784847.168
1619611200,36.305,36.653,35.393,35.605,917997.719
1619625600,35.605,36.5,35.15,36.435,692690.049
1619640000,36.435,36.566,35.444,36.233,679756.347
1619654400,36.233,36.4,35.333,35.61,714430.242
1619668800,35.61,36.052,35.0,36.038,570203.448
1619683200,36.038,36.987,35.591,36.857,937306.398
1619697600,36.857,37.45,36.1,36.642,1216027.15
1619712000,36.642,36.827,35.0,35.614,1034985.289
1619726400,35.614,36.469,35.136,36.467,675547.319
1619740800,36.467,36.67,35.827,36.419,659560.108
1619755200,36.419,37.848,36.391,37.463,1042486.009
1619769600,37.463,38.406,37.2,37.792,1068763.223
1619784000,37.792,38.79,37.722,38.15,1154406.548
1619798400,38.15,38.735,37.945,38.343,693059.525
1619812800,38.343,38.346,37.6,38.1,677038.295
1619827200,38.1,38.74,37.642,38.594,802865.562
1619841600,38.594,38.888,38.188,38.293,527004.326
1619856000,38.293,38.82,37.428,38.767,736512.237
1619870400,38.767,39.32,38.405,39.138,854710.299
1619884800,39.138,41.0,39.137,40.994,1393789.197
1619899200,40.994,41.27,40.27,41.257,912904.6
1619913600,41.257,41.46,39.462,39.475,1143298.542
1619928000,39.475,40.508,39.013,39.377,1014369.866
1619942400,39.377,39.915,38.69,39.879,1012386.731
1619956800,39.879,39.919,39.0,39.315,744087.778
1619971200,39.315,40.122,39.086,40.022,659405.549
1619985600,40.022,40.355,39.131,39.461,634502.859
1620000000,39.461,40.322,39.237,39.98,644586.681
1620014400,39.98,40.951,39.954,40.8,626094.267
1620028800,40.8,41.153,40.26,40.616,676420.247
1620043200,40.616,40.772,39.166,40.343,1047807.859
1620057600,40.343,42.6612,40.004,42.606,1731933.818
1620072000,42.606,42.728,41.276,42.052,1302854.699
1620086400,42.052,42.432,38.634,39.295,1901327.991
1620100800,39.295,40.65,38.989,39.876,885962.871
1620115200,39.876,43.113,39.312,42.741,1772193.094
1620129600,42.741,44.9,41.613,42.454,5307146.637
1620144000,42.454,48.036,41.458,46.7,5867751.017
1620158400,46.7,48.54,45.0,45.527,3903303.1
1620172800,45.527,49.89,44.865,48.463,4350232.805
1620187200,48.463,51.2,47.552,49.935,3644896.046
1620201600,49.935,50.308,47.937,48.01,2745465.216
1620216000,48.01,49.293,46.859,47.045,2228951.86
1620230400,47.045,49.0,47.005,48.715,2375073.22
1620244800,48.715,49.935,47.506,49.575,1529171.754
1620259200,49.575,49.9,47.013,47.668,1649175.8
1620273600,47.668,48.014,45.673,47.183,1410378.075
1620288000,47.183,48.871,46.922,48.688,1244770.279
1620302400,48.688,48.797,47.126,47.718,1298593.593
1620316800,47.718,49.816,45.343,46.826,3148696.302
1620331200,46.826,47.877,46.094,47.154,1143390.14
1620345600,47.154,48.847,46.44,47.002,2144798.65
1620360000,47.002,47.484,45.666,46.794,1099882.716
1620374400,46.794,47.994,46.538,47.18,764435.408
1620388800,47.18,49.68,46.735,48.922,1849797.084
1620403200,48.922,51.969,48.922,49.859,3030552.59
1620417600,49.859,51.122,47.51,49.129,1709852.663
1620432000,49.129,50.265,48.309,49.154,1189492.861
1620446400,49.154,49.48,47.912,48.662,898100.481
1620460800,48.662,48.956,47.549,47.642,870666.047
1620475200,47.642,48.794,46.844,46.94,1170026.535
1620489600,46.94,48.0,46.5,47.765,1112753.528
1620504000,47.765,48.71,47.358,48.597,661343.212
1620518400,48.597,48.67,47.184,47.282,586227.114
1620532800,47.282,48.428,45.83,47.5,1110844.071
1620547200,47.5,49.655,47.377,48.704,1477605.127
1620561600,48.704,51.89,47.496,51.804,2306361.006
1620576000,51.804,52.426,49.864,50.353,1803509.156
1620590400,50.353,52.38,50.081,52.269,1316829.011
1620604800,52.269,53.0,51.26,51.757,1804040.408
1620619200,51.757,52.476,51.273,51.561,943573.654
1620633600,51.561,51.803,49.442,50.388,1298436.299
1620648000,50.388,50.757,49.0,50.54,1448120.789
1620662400,50.54,50.938,46.032,46.128,1841933.325
1620676800,46.128,48.256,40.7,46.334,4123059.145
1620691200,46.334,47.369,44.8,45.451,2109712.566
1620705600,45.451,46.477,44.576,46.382,1022273.893
1620720000,46.382,47.675,45.406,46.181,1169506.961
1620734400,46.181,47.466,45.009,47.21,1573487.108
1620748800,47.21,48.434,46.765,48.418,901830.093
1620763200,48.418,49.0,47.539,48.826,755670.177
1620777600,48.826,49.836,48.477,49.627,982421.547
1620792000,49.627,49.734,48.103,48.36,735448.03
1620806400,48.36,48.706,47.164,48.01,848158.516
1620820800,48.01,48.626,46.457,46.507,1305124.182
1620835200,46.507,46.942,44.1,45.735,1852181.078
1620849600,45.735,46.444,40.914,41.622,2581237.157
1620864000,41.622,44.429,39.227,43.689,2785981.374
1620878400,43.689,44.958,43.299,43.97,770834.463
1620892800,43.97,44.24,40.304,42.501,2334984.221
1620907200,42.501,44.599,42.039,43.299,1342629.547
1620921600,43.299,44.5,40.066,41.278,2695069.519
1620936000,41.278,43.441,41.01,43.287,1049219.465
1620950400,43.287,44.616,42.935,43.665,955101.642
1620964800,43.665,45.0,43.158,44.977,903401.022
1620979200,44.977,45.995,44.652,45.844,1083988.903
1620993600,45.844,47.436,44.775,47.122,1274517.673
1621008000,47.122,47.875,45.845,46.091,1185688.614
1621022400,46.091,46.89,45.031,46.567,907571.147
1621036800,46.567,47.483,45.834,46.592,863999.31
1621051200,46.592,47.8,44.713,44.857,1471749.764
1621065600,44.857,45.389,43.272,43.861,1901629.956
1621080000,43.861,44.781,43.304,43.899,1714018.916
1621094400,43.899,43.906,40.975,42.025,2710480.716
1621108800,42.025,43.164,41.124,41.492,1196461.702
1621123200,41.492,43.145,41.1,42.83,1090808.653
1621137600,42.83,44.901,42.679,44.077,956398.269
1621152000,44.077,44.634,43.582,43.647,873014.434
1621166400,43.647,43.896,41.415,41.439,1267958.111
1621180800,41.439,41.935,38.086,39.089,3280698.803
1621195200,39.089,40.804,37.944,40.67,2351497.429
1621209600,40.67,40.674,36.174,36.341,2187811.992
1621224000,36.341,39.497,35.068,39.376,2434839.208
1621238400,39.376,39.744,38.504,39.713,1036333.985
1621252800,39.713,39.972,36.6,36.736,1321944.969
1621267200,36.736,38.345,35.388,38.253,1803331.295
1621281600,38.253,38.558,35.2,37.177,1887779.336
1621296000,37.177,39.168,36.655,38.848,1287162.194
1621310400,38.848,40.572,38.824,40.137,1171956.613
1621324800,40.137,41.553,39.187,41.132,1109789.055
1621339200,41.132,41.694,38.204,39.71,2315987.554
1621353600,39.71,43.268,39.482,42.884,2670855.458
1621368000,42.884,44.69,41.496,42.566,2682180.917
1621382400,42.566,43.5,38.56,38.948,2807530.623
1621396800,38.948,39.496,35.5,38.057,4171388.896
1621411200,38.057,38.057,30.743,33.325,4021666.488
1621425600,33.325,33.681,21.0,30.105,10457312.337
1621440000,30.105,32.526,28.35,29.53,4811694.362
1621454400,29.53,30.645,26.194,26.227,3817977.258
1621468800,26.227,27.726,22.35,26.755,6930553.361
1621483200,26.755,30.65,26.525,29.987,2988166.348
1621497600,29.987,30.49,28.342,30.282,2367820.06
1621512000,30.282,33.05,29.729,31.71,3229175.658
1621526400,31.71,31.831,28.443,30.519,3243164.86
1621540800,30.519,31.085,29.647,30.606,1715573.683
1621555200,30.606,31.945,30.222,30.426,1559524.127
1621569600,30.426,30.611,28.608,28.792,1700828.771
1621584000,28.792,29.728,28.131,29.181,1404420.798
1621598400,29.181,29.915,25.028,25.302,4335105.668
1621612800,25.302,26.689,24.0,24.564,3764312.36
1621627200,24.564,26.345,22.019,25.546,3630245.889
1621641600,25.546,26.2,24.306,24.665,2043009.024
1621656000,24.665,24.933,22.225,23.221,3749842.564
1621670400,23.221,25.57,23.209,24.89,2082440.227
1621684800,24.89,25.788,23.935,24.81,2117313.631
1621699200,24.81,25.05,22.958,22.998,2003419.081
1621713600,22.998,24.258,22.985,23.296,1180350.821
1621728000,23.296,24.368,22.81,23.633,1284014.203
1621742400,23.633,23.686,20.97,21.416,1999694.44
1621756800,21.416,21.418,18.625,19.313,6009641.088
1621771200,19.313,19.519,16.362,17.508,6950191.514
1621785600,17.508,18.227,15.0,17.532,7244487.908
1621800000,17.532,21.311,17.518,19.844,5350457.094
1621814400,19.844,22.0,19.677,21.453,3489141.614
1621828800,21.453,23.5,20.63,23.424,2711130.594
1621843200,23.424,24.357,22.735,24.079,3436026.124
1621857600,24.079,24.999,23.347,24.726,3576510.032
1621872000,24.726,26.032,23.592,25.833,3347883.62
1621886400,25.833,26.431,24.626,26.412,2220555.5
1621900800,26.412,27.434,24.893,25.63,2879626.11
1621915200,25.63,26.777,24.761,26.545,2106363.025
1621929600,26.545,26.69,23.673,23.749,2423688.521
1621944000,23.749,26.272,23.7,26.132,2656752.085
1621958400,26.132,26.47,24.911,25.117,1628978.858
1621972800,25.117,27.644,25.034,27.503,1898875.219
1621987200,27.503,30.465,26.847,30.441,3348239.023
1622001600,30.441,32.616,29.515,32.075,2232715.667
1622016000,32.075,32.493,30.728,32.297,2455514.408
1622030400,32.297,33.041,29.233,29.991,3497010.903
1622044800,29.991,30.858,29.366,30.439,1852901.067
1622059200,30.439,34.285,30.236,34.018,2239709.945
1622073600,34.018,34.381,30.033,31.122,3363512.261
1622088000,31.122,33.489,30.9,32.701,2514329.372
1622102400,32.701,35.0,31.892,34.773,2308198.514
1622116800,34.773,35.334,33.283,33.762,2894668.338
1622131200,33.762,34.0,31.878,32.216,1880410.191
1622145600,32.216,32.714,30.842,31.732,1967762.835
1622160000,31.732,32.185,30.6,31.899,1752019.509
1622174400,31.899,31.899,27.967,29.345,3730725.516
1622188800,29.345,29.688,26.821,27.223,3768295.474
1622203200,27.223,30.706,26.843,29.982,4100531.582
1622217600,29.982,30.183,28.273,29.144,2786114.545
1622232000,29.144,29.881,27.055,27.878,2191468.389
1622246400,27.878,29.734,27.736,28.84,1691752.752
1622260800,28.84,29.065,27.69,28.086,1324482.191
1622275200,28.086,28.284,26.352,27.519,2052416.695
1622289600,27.519,27.55,25.038,25.398,2503500.901
1622304000,25.398,26.488,24.25,24.717,2367110.75
1622318400,24.717,25.738,24.12,25.365,1913614.277
1622332800,25.365,25.67,23.7,25.452,2090117.208
1622347200,25.452,28.269,25.256,28.252,2545146.639
1622361600,28.252,29.1,27.358,29.034,2509885.552
1622376000,29.034,29.168,26.852,27.428,2019424.589
1622390400,27.428,28.441,26.95,27.965,1267103.324
1622404800,27.965,28.136,26.67,26.818,1150311.824
1622419200,26.818,27.415,25.555,25.906,1917791.416
1622433600,25.906,28.0,25.582,27.653,1427561.364
1622448000,27.653,29.635,27.208,28.822,2266634.114
1622462400,28.822,30.243,28.19,30.18,2126495.717
1622476800,30.18,31.695,29.84,30.742,2358126.795
1622491200,30.742,32.159,30.111,32.098,1433564.13
1622505600,32.098,32.65,30.192,30.566,1994130.043
1622520000,30.566,31.672,30.3,30.631,1260921.032
1622534400,30.631,30.872,29.187,30.352,1821570.04
1622548800,30.352,30.962,29.035,29.872,1675941.784
1622563200,29.872,30.293,29.21,29.57,849773.186
1622577600,29.57,30.999,29.511,30.719,939011.873
1622592000,30.719,30.9,29.669,30.527,1048202.814
1622606400,30.527,31.182,30.371,30.997,749219.209
1622620800,30.997,31.157,30.084,30.359,1075907.755
1622635200,30.359,31.95,30.101,31.899,1934802.94
1622649600,31.899,32.218,31.0,31.158,1077478.119
1622664000,31.158,31.241,30.347,30.67,804761.018
1622678400,30.67,31.103,30.0,31.075,790482.53
1622692800,31.075,32.045,30.98,31.497,1391925.843
1622707200,31.497,32.856,31.381,32.023,1809313.852
1622721600,32.023,32.488,31.3,31.805,1400910.786
1622736000,31.805,32.499,31.601,31.842,1017368.233
1622750400,31.842,32.4,31.7,32.198,743657.825
1622764800,32.198,32.267,27.46,30.159,2980152.674
1622779200,30.159,30.189,27.413,28.233,2355512.766
1622793600,28.233,29.0,27.767,28.076,1755360.013
1622808000,28.076,28.942,27.172,28.742,2626280.533
1622822400,28.742,29.399,28.5,28.948,1236675.155
1622836800,28.948,29.562,28.322,28.826,860378.531
1622851200,28.826,29.843,28.624,29.446,961447.559
1622865600,29.446,30.186,29.306,29.558,815562.731
1622880000,29.558,29.783,27.422,27.674,1905042.037
1622894400,27.674,28.028,27.0,27.562,1806268.592
1622908800,27.562,27.593,27.0,27.025,850374.183
1622923200,27.025,27.5,26.044,27.129,1723075.883
1622937600,27.129,27.505,26.818,27.377,858375.798
1622952000,27.377,27.94,27.326,27.785,577836.112
1622966400,27.785,28.19,27.477,27.535,628164.61
1622980800,27.535,27.735,26.921,27.578,852279.076
1622995200,27.578,27.714,26.939,26.951,517318.989
1623009600,26.951,27.542,26.826,27.532,669146.107
1623024000,27.532,28.406,27.177,28.109,1013469.268
1623038400,28.109,28.332,27.53,27.881,662083.615
1623052800,27.881,28.693,27.589,28.301,986854.657
1623067200,28.301,28.66,27.706,27.805,711969.502
1623081600,27.805,27.876,26.606,26.976,1022424.876
1623096000,26.976,27.076,24.234,24.584,3200154.862
1623110400,24.584,25.098,23.02,23.878,2565554.668
1623124800,23.878,24.323,23.11,24.088,1827859.349
1623139200,24.088,24.602,23.65,24.288,1563876.023
1623153600,24.288,24.403,21.334,22.386,3066282.578
1623168000,22.386,23.934,22.207,23.815,1964231.606
1623182400,23.815,24.735,23.578,24.076,1553573.771
1623196800,24.076,24.232,22.506,22.95,1780239.561
1623211200,22.95,24.291,22.441,23.667,1814055.807
1623225600,23.667,24.3,23.338,24.151,1502244.101
1623240000,24.151,25.427,23.471,25.184,2768695.247
1623254400,25.184,25.565,24.541,24.792,1927310.295
1623268800,24.792,25.626,24.667,25.585,981881.535
1623283200,25.585,25.78,24.8,24.809,1189707.931
1623297600,24.809,25.034,24.28,24.553,1069916.073
1623312000,24.553,24.94,23.715,24.529,1698129.658
1623326400,24.529,24.602,23.567,23.711,1608347.544
1623340800,23.711,23.8,22.901,23.118,1691216.621
1623355200,23.118,23.477,22.721,23.114,1271262.362
1623369600,23.114,23.374,22.268,23.005,1663953.169
1623384000,23.005,23.179,22.476,22.776,1107922.939
1623398400,22.776,23.253,22.681,22.993,1009611.595
1623412800,22.993,23.35,22.418,22.535,1012254.804
1623427200,22.535,22.611,21.712,21.938,1306094.408
1623441600,21.938,22.088,21.0,21.478,1608604.196
1623456000,21.478,21.497,20.114,20.545,1815412.995
1623470400,20.545,20.652,20.03,20.522,1357300.119
1623484800,20.522,21.127,20.0,20.954,1767522.385
1623499200,20.954,22.109,20.904,21.583,1700542.033
1623513600,21.583,22.287,21.512,22.015,1232476.696
1623528000,22.015,22.284,21.569,21.67,993340.002
1623542400,21.67,22.117,21.013,21.021,1119902.594
1623556800,21.021,21.173,20.614,20.755,1281469.581
1623571200,20.755,21.15,20.647,21.037,914746.936
1623585600,21.037,21.2,20.396,20.708,1277168.148
1623600000,20.708,22.365,20.614,22.284,1845262.168
1623614400,22.284,23.886,22.266,23.312,2080228.331
1623628800,23.312,23.652,23.056,23.271,1200331.495
1623643200,23.271,23.616,23.156,23.425,740777.359
1623657600,23.425,23.458,22.837,23.055,1016482.974
1623672000,23.055,24.795,22.923,24.793,2535996.526
1623686400,24.793,25.28,23.76,24.142,2152251.951
1623700800,24.142,24.989,24.06,24.973,955599.606
1623715200,24.973,25.673,24.7,25.464,1053888.605
1623729600,25.464,26.458,25.4,26.147,1328177.842
1623744000,26.147,26.171,25.262,25.698,1474201.582
1623758400,25.698,26.034,24.742,24.963,1452080.63
1623772800,24.963,25.844,24.761,24.814,1330587.642
1623787200,24.814,24.996,24.376,24.482,952203.809
1623801600,24.482,24.505,23.749,24.215,1308153.656
1623816000,24.215,24.626,24.103,24.414,984791.036
1623830400,24.414,24.64,23.53,23.701,1249567.513
1623844800,23.701,23.921,23.177,23.333,1318440.105
1623859200,23.333,23.842,22.946,23.557,1672226.135
1623873600,23.557,23.862,22.918,23.044,971731.587
1623888000,23.044,24.142,22.965,24.024,736728.399
1623902400,24.024,24.316,23.718,24.128,690842.822
1623916800,24.128,24.445,24.038,24.1,919450.312
1623931200,24.1,24.135,23.441,24.021,926229.353
1623945600,24.021,24.104,22.81,23.041,1337910.967
1623960000,23.041,23.461,22.828,23.396,641215.242
1623974400,23.396,23.425,22.291,22.829,1025989.576
1623988800,22.829,22.98,22.42,22.753,531789.233
1624003200,22.753,22.95,22.077,22.482,970841.847
1624017600,22.482,22.556,21.142,21.175,1777195.641
1624032000,21.175,21.652,20.526,20.642,1634994.377
1624046400,20.642,21.386,20.579,21.233,1051175.341
1624060800,21.233,21.715,20.54,20.647,937143.687
1624075200,20.647,21.588,20.647,21.398,960339.196
1624089600,21.398,21.6,21.146,21.477,578400.18
1624104000,21.477,21.95,21.18,21.61,775555.081
1624118400,21.61,21.674,20.65,20.922,816996.901
1624132800,20.922,21.0,20.0,20.246,983449.827
1624147200,20.246,20.605,20.023,20.441,759843.679
1624161600,20.441,20.794,20.341,20.583,465812.737
1624176000,20.583,20.675,19.317,19.383,1687568.197
1624190400,19.383,20.338,19.077,20.115,1353476.418
1624204800,20.115,21.322,20.013,21.275,1097315.093
1624219200,21.275,22.071,21.206,21.646,1383440.612
1624233600,21.646,21.881,20.547,20.586,1112088.001
1624248000,20.586,20.698,18.888,19.272,3735656.919
1624262400,19.272,19.576,17.657,18.655,3670064.054
1624276800,18.655,19.469,17.885,18.778,2729003.289
1624291200,18.778,19.023,18.006,18.511,2243111.03
1624305600,18.511,18.749,16.981,17.365,2844364.613
1624320000,17.365,18.797,16.717,18.514,2639969.401
1624334400,18.514,18.561,17.712,17.897,1160129.329
1624348800,17.897,17.93,16.152,16.181,3613627.927
1624363200,16.181,17.183,15.0,17.024,7470532.612
1624377600,17.024,17.944,16.886,17.03,3095856.169
1624392000,17.03,17.594,16.491,16.85,1836037.129
1624406400,16.85,18.672,16.149,18.449,3778869.381
1624420800,18.449,19.18,18.224,18.772,1510979.318
1624435200,18.772,19.1,18.306,18.543,1228833.805
1624449600,18.543,19.199,18.033,18.167,1696223.78
1624464000,18.167,18.557,17.385,17.389,1470313.273
1624478400,17.389,18.397,17.372,18.395,1270355.815
1624492800,18.395,18.5,17.352,17.722,1270217.24
1624507200,17.722,18.459,17.584,18.155,1081064.257
1624521600,18.155,18.968,18.123,18.926,1174864.194
1624536000,18.926,19.268,18.663,18.965,1269901.604
1624550400,18.965,19.525,18.842,19.114,1187767.778
1624564800,19.114,19.186,18.693,19.06,930114.216
1624579200,19.06,19.5,18.61,19.234,1345184.708
1624593600,19.234,19.247,18.23,18.427,1214381.012
1624608000,18.427,18.55,17.702,17.795,1459951.307
1624622400,17.795,18.258,17.389,17.612,2107012.441
1624636800,17.612,17.756,16.969,17.484,2528397.452
1624651200,17.484,17.598,16.813,16.87,1409795.601
1624665600,16.87,17.373,16.681,17.101,1669705.636
1624680000,17.101,17.495,16.297,16.349,1567496.936
1624694400,16.349,16.926,16.062,16.854,1666722.437
1624708800,16.854,16.95,16.022,16.38,1550831.993
1624723200,16.38,16.59,15.92,16.461,1104392.077
1624737600,16.461,16.962,16.139,16.952,838406.821
1624752000,16.952,17.456,16.784,17.385,1305078.289
1624766400,17.385,17.5,16.98,17.286,866785.6
1624780800,17.286,17.356,16.778,16.988,1080794.743
1624795200,16.988,17.269,16.761,17.083,1051979.833
1624809600,17.083,17.176,16.591,16.777,870610.881
1624824000,16.777,18.412,16.594,18.406,1496979.683
1624838400,18.406,18.517,18.061,18.15,1001969.418
1624852800,18.15,18.684,18.043,18.637,964964.284
1624867200,18.637,18.801,18.096,18.19,1138378.442
1624881600,18.19,19.286,17.902,19.262,2184858.311
1624896000,19.262,19.412,18.698,19.015,1477005.533
1624910400,19.015,19.434,18.559,18.83,963793.39
1624924800,18.83,19.35,18.752,19.119,943745.181
1624939200,19.119,19.6,18.989,19.279,978542.777
1624953600,19.279,20.288,19.076,20.009,1891222.447
1624968000,20.009,20.513,19.784,20.285,1910072.792
1624982400,20.285,20.546,19.862,20.062,1105749.085
1624996800,20.062,20.088,19.385,19.535,1090940.22
1625011200,19.535,19.776,18.976,19.079,1143244.346
1625025600,19.079,19.281,18.725,19.205,1701885.972
1625040000,19.205,19.22,18.55,18.953,1159923.825
1625054400,18.953,19.012,18.191,18.273,1327183.444
1625068800,18.273,19.271,18.149,19.251,1210253.406
1625083200,19.251,19.574,19.03,19.516,864570.573
1625097600,19.516,19.533,18.479,18.508,829377.437
1625112000,18.508,18.828,17.911,17.918,1131343.311
1625126400,17.918,18.223,17.603,18.125,1440847.491
1625140800,18.125,18.275,17.707,18.029,1003778.848
1625155200,18.029,18.205,17.653,17.917,1017034.815
1625169600,17.917,18.449,17.917,18.186,658765.457
1625184000,18.186,18.523,17.555,17.654,923109.033
1625198400,17.654,17.865,17.392,17.786,1013701.336
1625212800,17.786,17.912,17.256,17.421,1124688.612
1625227200,17.421,18.087,17.324,18.004,1063175.044
1625241600,18.004,18.057,17.563,17.739,655580.628
1625256000,17.739,18.361,17.507,18.274,674116.067
1625270400,18.274,18.353,17.864,17.986,429825.309
1625284800,17.986,18.657,17.904,18.532,607117.377
1625299200,18.532,18.786,18.459,18.548,738344.67
1625313600,18.548,18.773,18.446,18.689,589520.361
1625328000,18.689,18.894,18.555,18.729,555446.062
1625342400,18.729,18.751,18.255,18.543,537693.407
1625356800,18.543,18.573,18.002,18.2,624616.633
1625371200,18.2,19.08,18.195,18.983,1011853.006
1625385600,18.983,19.21,18.824,19.083,599495.61
1625400000,19.083,19.177,18.717,19.157,637409.048
1625414400,19.157,19.6,19.015,19.441,983073.038
1625428800,19.441,19.925,19.13,19.242,863097.868
1625443200,19.242,19.242,18.582,18.742,939410.193
1625457600,18.742,18.826,18.475,18.74,611273.108
1625472000,18.74,18.935,17.789,17.941,1371535.299
1625486400,17.941,18.334,17.86,18.073,723587.576
1625500800,18.073,18.584,17.767,18.547,1071059.386
1625515200,18.547,18.701,18.333,18.362,576421.088
1625529600,18.362,18.984,18.317,18.984,678694.369
1625544000,18.984,19.829,18.966,19.736,1205033.174
1625558400,19.736,20.017,19.041,19.37,1954116.021
1625572800,19.37,19.856,19.177,19.725,1427926.46
1625587200,19.725,20.271,19.543,20.064,2160158.507
1625601600,20.064,20.253,19.448,20.073,940042.811
1625616000,20.073,20.799,19.62,20.754,1297571.246
1625630400,20.754,21.274,20.667,20.867,1441015.441
1625644800,20.867,21.077,20.45,20.911,1175784.121
1625659200,20.911,21.06,20.26,20.442,1275108.684
1625673600,20.442,20.646,20.298,20.526,890538.727
1625688000,20.526,20.528,19.714,19.788,1302292.33
1625702400,19.788,19.873,18.927,19.198,1422719.155
1625716800,19.198,19.275,18.388,18.601,1662422.339
1625731200,18.601,18.857,18.353,18.837,1558455.347
1625745600,18.837,19.069,18.446,18.975,1424625.193
1625760000,18.975,19.121,18.636,18.874,920574.191
1625774400,18.874,18.893,18.138,18.353,821854.973
1625788800,18.353,18.384,17.617,18.197,1291271.086
1625803200,18.197,18.504,18.125,18.271,708130.041
1625817600,18.271,18.273,17.692,17.821,938439.201
1625832000,17.821,18.787,17.719,18.629,1198965.585
1625846400,18.629,18.735,18.275,18.395,583037.631
1625860800,18.395,18.877,18.355,18.656,554872.04
1625875200,18.656,18.988,18.242,18.35,657290.468
1625889600,18.35,18.434,18.054,18.219,553111.811
1625904000,18.219,18.309,17.91,18.118,824191.866
1625918400,18.118,18.228,17.885,18.147,525570.62
1625932800,18.147,18.675,17.826,17.922,994256.123
1625947200,17.922,18.296,17.734,18.204,526272.296
1625961600,18.204,18.415,17.976,18.04,391367.536
1625976000,18.04,18.118,17.861,18.047,345274.364
1625990400,18.047,18.321,17.97,18.303,479285.823
1626004800,18.303,18.484,18.079,18.446,580584.991
1626019200,18.446,18.524,18.136,18.209,534164.418
1626033600,18.209,18.581,18.063,18.383,420321.345
1626048000,18.383,18.609,18.2,18.559,360029.065
1626062400,18.559,18.6,18.356,18.4,301713.911
1626076800,18.4,18.554,17.931,18.032,608337.717
1626091200,18.032,18.107,17.822,17.85,489237.502
1626105600,17.85,17.98,17.0,17.286,1527552.852
1626120000,17.286,17.637,17.123,17.518,500842.385
1626134400,17.518,17.756,17.368,17.602,384113.74
1626148800,17.602,17.753,17.191,17.693,610400.829
1626163200,17.693,17.766,17.353,17.41,540705.565
1626177600,17.41,17.426,17.051,17.35,740631.742
1626192000,17.35,17.43,16.702,16.742,880448.964
1626206400,16.742,16.994,16.663,16.87,498406.278
1626220800,16.87,16.928,16.014,16.171,1196366.952
1626235200,16.171,16.418,16.045,16.302,688632.253
1626249600,16.302,16.828,16.02,16.659,1139215.353
1626264000,16.659,17.419,16.565,17.114,1174656.494
1626278400,17.114,17.304,16.843,16.866,740215.292
1626292800,16.866,17.224,16.853,16.936,512233.094
1626307200,16.936,17.238,16.589,16.589,711274.252
1626321600,16.589,16.656,16.299,16.403,645329.543
1626336000,16.403,16.671,16.063,16.169,1021889.889
1626350400,16.169,16.356,15.852,15.925,1341279.392
1626364800,15.925,16.037,15.517,15.796,1760028.476
1626379200,15.796,15.946,15.559,15.764,765002.933
1626393600,15.764,16.249,15.572,16.175,801356.919
1626408000,16.175,16.33,15.6,15.759,693750.888
1626422400,15.759,15.777,15.141,15.152,1223522.625
1626436800,15.152,15.91,15.125,15.91,983878.991
1626451200,15.91,15.936,15.575,15.613,732660.913
1626465600,15.613,15.71,15.177,15.234,778526.117
1626480000,15.234,15.678,15.055,15.193,1112056.119
1626494400,15.193,15.452,15.127,15.213,433696.156
1626508800,15.213,15.625,15.02,15.173,1040444.667
1626523200,15.173,15.535,15.074,15.356,1284866.983
1626537600,15.356,15.623,15.269,15.561,827542.698
1626552000,15.561,15.637,15.306,15.352,478955.099
1626566400,15.352,16.078,15.322,15.939,1014755.03
1626580800,15.939,15.968,15.711,15.721,349101.619
1626595200,15.721,15.926,15.664,15.865,474271.127
1626609600,15.865,15.9,15.16,15.217,845868.567
1626624000,15.217,15.749,15.155,15.476,598855.742
1626638400,15.476,15.807,15.333,15.47,663843.036
1626652800,15.47,15.566,15.15,15.289,547446.082
1626667200,15.289,15.641,15.253,15.436,556300.98
1626681600,15.436,15.541,15.055,15.081,742388.991
1626696000,15.081,15.131,14.404,14.596,2883752.633
1626710400,14.596,14.733,14.475,14.689,619219.303
1626724800,14.689,14.701,14.482,14.528,480586.315
1626739200,14.528,14.783,13.384,13.503,2431141.751
1626753600,13.503,13.797,13.47,13.744,1132960.914
1626768000,13.744,13.841,13.436,13.729,1190073.42
1626782400,13.729,14.132,13.409,14.088,1599983.253
1626796800,14.088,14.181,13.761,13.99,686256.765
1626811200,13.99,14.098,13.662,13.742,660096.222
1626825600,13.742,14.043,13.46,13.941,1203561.644
1626840000,13.941,14.696,13.93,14.575,1546552.957
1626854400,14.575,14.94,14.447,14.894,1201107.432
1626868800,14.894,15.386,14.734,15.353,1430164.369
1626883200,15.353,15.797,15.02,15.048,2195887.699
1626897600,15.048,15.297,14.858,15.297,916175.268
1626912000,15.297,15.483,15.034,15.187,1083868.756
1626926400,15.187,15.499,15.052,15.315,1085071.028
1626940800,15.315,15.535,15.1,15.291,829178.504
1626955200,15.291,15.956,14.961,15.911,1206663.829
1626969600,15.911,16.176,15.775,15.987,1038476.627
1626984000,15.987,16.146,15.754,16.071,621507.427
1626998400,16.071,16.433,15.913,16.205,853463.704
1627012800,16.205,16.486,16.015,16.187,684413.633
1627027200,16.187,16.203,15.763,15.815,862649.627
1627041600,15.815,15.994,15.607,15.613,754343.171
1627056000,15.613,15.639,15.23,15.467,929231.364
1627070400,15.467,16.572,15.405,16.502,1123971.961
1627084800,16.502,16.932,16.386,16.913,1016647.544
1627099200,16.913,17.132,16.755,16.993,802378.652
1627113600,16.993,17.025,16.661,16.811,864250.665
1627128000,16.811,16.902,16.508,16.581,880626.02
1627142400,16.581,17.026,16.378,16.423,1172168.579
1627156800,16.423,16.762,16.307,16.683,674860.387
1627171200,16.683,16.793,16.197,16.433,747168.722
1627185600,16.433,16.942,16.387,16.876,638163.514
1627200000,16.876,17.062,16.59,16.792,922998.74
1627214400,16.792,16.792,16.237,16.427,1118600.731
1627228800,16.427,16.51,16.23,16.328,661563.698
1627243200,16.328,16.779,16.156,16.746,620485.013
1627257600,16.746,18.801,16.662,18.628,4152382.714
1627272000,18.628,19.538,18.527,18.818,2234816.118
1627286400,18.818,19.363,18.572,19.229,1157413.267
1627300800,19.229,19.549,18.598,19.464,1889010.836
1627315200,19.464,19.958,19.251,19.279,2088719.918
1627329600,19.279,19.332,17.961,18.028,2688494.82
1627344000,18.028,18.444,17.602,18.044,2098500.667
1627358400,18.044,18.374,17.95,18.341,918859.846
1627372800,18.341,19.22,18.194,19.22,1203926.596
1627387200,19.22,19.58,18.805,19.163,1728330.526
1627401600,19.163,19.22,18.445,18.774,1309649.017
1627416000,18.774,19.555,18.774,19.489,1068246.965
1627430400,19.489,19.987,19.012,19.555,1856573.979
1627444800,19.555,19.679,18.901,19.557,1420678.762
1627459200,19.557,19.745,19.221,19.682,999274.739
1627473600,19.682,19.701,18.932,19.126,1042824.787
1627488000,19.126,19.648,18.611,19.289,1567260.864
1627502400,19.289,19.289,18.831,19.109,710177.184
1627516800,19.109,19.127,18.608,18.699,696912.69
1627531200,18.699,19.103,18.622,18.861,616057.814
1627545600,18.861,19.132,18.641,18.716,729416.021
1627560000,18.716,19.177,18.612,19.04,713601.919
1627574400,19.04,19.105,18.716,18.814,606179.776
1627588800,18.814,19.472,18.711,19.37,799672.556
1627603200,19.37,20.199,19.145,20.143,1118976.944
1627617600,20.143,20.284,19.86,20.037,769716.889
1627632000,20.037,20.084,19.029,19.081,1410201.154
1627646400,19.081,20.502,18.823,20.498,1912437.777
1627660800,20.498,22.074,20.386,21.592,4494375.425
1627675200,21.592,22.666,21.587,22.269,3190855.593
1627689600,22.269,22.383,21.879,22.158,1034516.544
1627704000,22.158,22.246,21.49,22.02,1255772.047
1627718400,22.02,22.333,21.754,21.808,1102377.244
1627732800,21.808,22.09,21.435,21.932,1190405.511
1627747200,21.932,22.016,21.266,21.614,1267140.145
1627761600,21.614,23.375,21.568,22.713,1786844.423
1627776000,22.713,23.55,22.397,23.443,1501258.783
1627790400,23.443,23.686,23.087,23.201,1796390.788
1627804800,23.201,23.413,22.518,22.819,1130692.265
1627819200,22.819,23.043,22.503,22.86,818489.432
1627833600,22.86,23.33,22.322,23.26,1593167.911
1627848000,23.26,23.94,21.789,22.062,1888645.158
1627862400,22.062,22.278,21.401,22.104,1097595.77
1627876800,22.104,23.181,21.955,22.812,995702.855
1627891200,22.812,22.85,22.231,22.627,905032.823
1627905600,22.627,23.273,22.133,23.041,1375049.851
1627920000,23.041,23.851,22.957,23.392,1285031.348
1627934400,23.392,23.975,22.97,23.472,1566712.093
1627948800,23.472,24.431,23.054,23.276,2152595.271
1627963200,23.276,23.409,22.314,22.909,1442253.094
1627977600,22.909,22.933,22.347,22.469,966209.804
1627992000,22.469,23.516,22.039,23.339,2028501.196
1628006400,23.339,23.98,23.022,23.6,1788646.381
1628020800,23.6,24.25,23.335,23.942,1087266.646
1628035200,23.942,24.172,23.493,23.508,1009416.218
1628049600,23.508,23.896,22.981,23.136,1250049.049
1628064000,23.136,23.444,22.869,23.245,1020304.507
1628078400,23.245,24.85,23.196,24.664,2264765.664
1628092800,24.664,25.0,23.887,24.015,1808230.151
1628107200,24.015,24.592,23.971,24.193,872895.219
1628121600,24.193,24.335,23.51,23.914,842067.876
1628136000,23.914,23.948,23.455,23.685,732261.659
1628150400,23.685,23.738,22.909,23.193,1336226.542
1628164800,23.193,24.094,22.468,23.603,2352800.621
1628179200,23.603,24.24,23.534,23.823,1331708.489
1628193600,23.823,24.187,23.81,24.057,549716.28
1628208000,24.057,24.149,23.275,23.289,757903.34
1628222400,23.289,23.632,22.996,23.373,926373.945
1628236800,23.373,23.527,23.249,23.327,626255.16
1628251200,23.327,23.662,23.07,23.612,2654757.863
1628265600,23.612,24.391,23.611,24.144,1855225.935
1628280000,24.144,24.197,23.608,23.89,613188.182
1628294400,23.89,24.285,23.626,24.269,899366.583
1628308800,24.269,24.626,24.008,24.173,932082.696
1628323200,24.173,24.88,24.075,24.852,1135089.4
1628337600,24.852,25.157,24.037,24.439,1623589.356
1628352000,24.439,24.495,23.692,24.342,981922.039
1628366400,24.342,24.699,24.062,24.694,646167.084
1628380800,24.694,24.878,23.875,24.319,769810.199
1628395200,24.319,24.946,24.154,24.573,842976.234
1628409600,24.573,24.792,24.2,24.307,680362.815
1628424000,24.307,24.587,23.73,23.8,838758.763
1628438400,23.8,23.982,22.646,22.957,1124021.954
1628452800,22.957,23.733,22.565,23.029,923469.2
1628467200,23.029,23.192,22.072,22.591,1251724.263
1628481600,22.591,22.93,22.345,22.879,708794.164
1628496000,22.879,24.271,22.795,24.178,1300033.366
1628510400,24.178,24.633,23.782,24.616,1081585.139
1628524800,24.616,24.691,24.238,24.332,616878.088
1628539200,24.332,24.482,23.491,24.197,1035861.926
1628553600,24.197,24.472,23.768,23.973,821274.301
1628568000,23.973,24.346,23.736,24.313,654112.869
1628582400,24.313,24.595,24.021,24.375,843239.89
1628596800,24.375,25.518,24.279,24.531,2427124.266
1628611200,24.531,24.659,23.756,24.359,986891.183
1628625600,24.359,24.926,24.322,24.537,859459.824
1628640000,24.537,25.203,24.459,24.961,1074593.519
1628654400,24.961,26.0,24.895,25.795,1424120.154
1628668800,25.795,26.287,25.455,25.879,1160115.658
1628683200,25.879,26.899,25.839,26.516,1397230.604
1628697600,26.516,27.05,26.496,26.981,888133.913
1628712000,26.981,27.313,25.581,25.906,1899399.029
1628726400,25.906,26.902,25.815,26.3,1026731.415
1628740800,26.3,26.481,24.926,25.594,1359155.756
1628755200,25.594,25.88,25.06,25.1,875116.339
1628769600,25.1,25.337,24.289,24.461,1275384.082
1628784000,24.461,24.945,24.1,24.769,1044465.246
1628798400,24.769,25.122,24.085,24.944,804435.98
1628812800,24.944,25.36,24.715,25.276,460655.507
1628827200,25.276,26.36,25.259,26.285,563773.637
1628841600,26.285,26.885,26.122,26.423,1116421.148
1628856000,26.423,26.807,25.904,26.211,986520.211
1628870400,26.211,26.922,26.06,26.748,756688.257
1628884800,26.748,27.771,26.616,27.748,1011770.821
1628899200,27.748,27.786,26.99,27.37,1112432.057
1628913600,27.37,27.888,27.145,27.706,654125.777
1628928000,27.706,27.955,26.371,27.025,1633994.04
1628942400,27.025,27.4,26.466,27.385,877922.858
1628956800,27.385,27.426,26.766,27.217,798807.862
1628971200,27.217,27.372,26.426,27.144,792695.59
1628985600,27.144,27.562,26.884,27.117,742517.694
1629000000,27.117,27.373,26.163,26.377,790819.833
1629014400,26.377,26.794,26.243,26.575,565590.201
1629028800,26.575,26.763,25.94,26.266,701608.224
1629043200,26.266,26.83,25.901,26.829,642588.067
1629057600,26.829,27.983,26.797,27.901,1049399.817
1629072000,27.901,28.42,27.638,27.812,1118805.589
1629086400,27.812,29.777,27.809,29.34,2013574.991
1629100800,29.34,30.51,29.076,30.292,1601903.499
1629115200,30.292,30.429,28.912,29.48,1834749.777
1629129600,29.48,29.764,28.426,28.513,1205189.532
1629144000,28.513,28.614,27.701,27.944,1589963.411
1629158400,27.944,29.428,27.0,29.067,2039230.779
1629172800,29.067,29.321,27.832,28.558,981839.713
1629187200,28.558,30.296,28.523,29.937,1502084.039
1629201600,29.937,30.299,28.2,28.239,1549275.573
1629216000,28.239,28.736,27.268,27.496,1610956.477
1629230400,27.496,27.575,25.881,26.146,2186777.053
1629244800,26.146,26.546,24.847,26.218,2186362.62
1629259200,26.218,26.81,25.896,25.948,931896.632
1629273600,25.948,26.616,25.026,25.075,1526689.238
1629288000,25.075,26.889,25.05,26.851,1451959.838
1629302400,26.851,26.922,25.592,25.663,1210444.923
1629316800,25.663,25.964,25.02,25.341,1130534.391
1629331200,25.341,25.924,24.875,24.897,1394591.53
1629345600,24.897,25.492,24.661,25.213,1130554.792
1629360000,25.213,25.528,24.7,24.75,1046381.453
1629374400,24.75,26.31,24.479,26.278,1836909.729
1629388800,26.278,27.132,25.824,26.924,1516023.825
1629403200,26.924,27.108,26.378,27.096,1054326.241
1629417600,27.096,27.43,26.647,26.921,1092848.327
1629432000,26.921,27.456,26.817,26.95,904759.661
1629446400,26.95,27.922,26.72,27.446,1142310.299
1629460800,27.446,28.654,27.299,28.42,1524067.016
1629475200,28.42,29.048,27.959,28.319,1395755.526
1629489600,28.319,28.828,28.211,28.678,705355.876
1629504000,28.678,28.848,27.973,28.796,850501.184
1629518400,28.796,29.131,28.408,29.057,998678.47
1629532800,29.057,29.156,27.98,28.341,1111431.107
1629547200,28.341,28.969,28.252,28.474,764843.289
1629561600,28.474,28.796,27.648,27.8,899386.1
1629576000,27.8,28.359,27.654,27.844,540889.314
1629590400,27.844,28.466,27.797,27.926,608262.475
1629604800,27.926,28.5,27.86,28.425,511929.739
1629619200,28.425,28.663,28.068,28.272,623555.566
1629633600,28.272,28.341,27.082,27.376,945098.579
1629648000,27.376,27.61,26.785,27.448,836808.288
1629662400,27.448,28.17,26.903,27.982,741289.709
1629676800,27.982,28.87,27.78,28.821,1008547.895
1629691200,28.821,29.028,28.489,28.707,884220.599
1629705600,28.707,29.12,28.53,28.946,942614.038
1629720000,28.946,29.3,28.172,28.719,1615159.3
1629734400,28.719,29.0,28.328,28.364,1044336.681
1629748800,28.364,28.778,28.266,28.552,611473.998
1629763200,28.552,28.725,28.004,28.441,922107.213
1629777600,28.441,28.923,28.316,28.769,556181.689
1629792000,28.769,28.85,28.191,28.464,567404.105
1629806400,28.464,28.5,26.5,26.637,1451585.477
1629820800,26.637,26.669,25.747,26.502,1799892.036
1629835200,26.502,26.695,25.712,25.728,1096917.085
1629849600,25.728,26.624,25.677,25.976,1177747.728
1629864000,25.976,26.879,25.926,26.413,773146.847
1629878400,26.413,26.482,25.279,25.819,1190361.806
1629892800,25.819,26.741,25.536,26.73,1221956.683
1629907200,26.73,26.843,26.136,26.221,912226.836
1629921600,26.221,26.644,26.184,26.612,534838.255
1629936000,26.612,26.94,25.662,25.765,924474.379
1629950400,25.765,25.93,24.74,25.06,973350.437
1629964800,25.06,25.32,24.7,24.97,677610.499
1629979200,24.97,25.36,24.39,24.5,1149535.237
1629993600,24.5,24.82,23.88,24.55,1032842.495
1630008000,24.55,25.0,24.35,24.39,1051797.71
1630022400,24.39,24.99,24.0,24.25,906637.51
1630036800,24.25,24.93,24.0,24.91,789470.18
1630051200,24.91,25.34,24.5,25.09,728347.847
1630065600,25.09,25.87,24.75,25.78,1056262.116
1630080000,25.78,25.87,25.45,25.53,615217.9
1630094400,25.53,26.14,25.34,26.04,1020856.515
1630108800,26.04,26.2,25.68,25.68,617307.23
1630123200,25.68,25.9,25.43,25.7,382783.65
1630137600,25.7,26.05,25.57,25.63,369850.03
1630152000,25.63,25.97,25.36,25.66,518847.65
1630166400,25.66,25.86,25.37,25.43,409873.3
1630180800,25.43,26.04,25.43,25.73,641016.58
1630195200,25.73,26.57,25.54,25.58,974497.459
1630209600,25.58,25.84,25.25,25.78,519445.18
1630224000,25.78,25.92,25.46,25.48,388012.17
1630238400,25.48,25.78,25.14,25.38,482111.66
1630252800,25.38,25.85,25.27,25.69,465493.38
1630267200,25.69,26.02,25.44,25.76,555422.75
1630281600,25.76,25.92,24.92,25.04,504742.64
1630296000,25.04,25.19,24.81,25.04,464746.29
1630310400,25.04,25.17,24.68,24.9,349750.26
1630324800,24.9,25.04,24.3,24.97,778846.9
1630339200,24.97,26.26,24.92,26.18,1097247.72
1630353600,26.18,26.49,24.88,25.04,1319271.96
1630368000,25.04,25.35,24.69,25.22,865123.14
1630382400,25.22,26.1,24.92,26.03,962357.69
1630396800,26.03,26.92,25.64,26.91,1406990.752
1630411200,26.91,27.32,26.36,27.21,2159730.417
1630425600,27.21,27.537,26.34,26.91,1464501.27
1630440000,26.91,27.05,26.08,26.7,814898.04
1630454400,26.7,27.09,26.09,26.87,973812.91
1630468800,26.87,27.4,26.81,26.94,847164.16
1630483200,26.94,27.9,26.87,27.86,1254110.767
1630497600,27.86,29.182,27.65,29.11,2006007.853
1630512000,29.11,29.81,28.88,29.15,2164855.24
1630526400,29.15,29.77,29.11,29.72,1020742.94
1630540800,29.72,29.75,28.98,29.11,905956.14
1630555200,29.11,29.4,28.75,29.07,874602.66
1630569600,29.07,29.93,29.0,29.66,1011313.277
1630584000,29.66,30.88,29.38,29.69,2457197.378
1630598400,29.69,30.19,29.53,30.15,824441.49
1630612800,30.15,30.83,29.92,29.95,1010676.12
1630627200,29.95,30.14,29.05,30.0,1072061.12
1630641600,30.0,30.27,29.57,29.76,707547.99
1630656000,29.76,31.75,29.7,31.11,2323369.546
1630670400,31.11,31.6,30.96,31.04,1133415.14
1630684800,31.04,31.32,30.77,31.13,752026.42
1630699200,31.13,31.19,30.26,30.75,878466.58
1630713600,30.75,31.0,30.12,30.53,660458.37
1630728000,30.53,30.8,30.26,30.53,553892.31
1630742400,30.53,31.17,30.23,30.52,902494.18
1630756800,30.52,30.94,30.36,30.56,628673.6
1630771200,30.56,30.74,29.39,29.68,1085362.87
1630785600,29.68,30.17,29.67,29.88,411450.96
1630800000,29.88,30.22,29.54,29.58,491793.84
1630814400,29.58,30.36,29.55,30.15,479672.01
1630828800,30.15,30.56,30.11,30.36,512328.5
1630843200,30.36,31.46,30.32,31.45,964197.07
1630857600,31.45,33.1,31.43,32.84,2191170.364
1630872000,32.84,33.61,32.58,33.55,1252826.403
1630886400,33.55,33.62,32.87,33.06,732812.86
1630900800,33.06,34.86,32.99,34.51,1753918.912
1630915200,34.51,35.1,33.75,33.85,1492719.252
1630929600,33.85,36.33,32.44,35.58,3963377.923
1630944000,35.58,35.76,34.94,35.28,1379335.85
1630958400,35.28,35.85,34.67,34.81,1033108.47
1630972800,34.81,35.12,33.98,34.48,1075841.83
1630987200,34.48,35.34,34.01,34.34,1256138.99
1631001600,34.34,34.4,31.42,32.69,3212858.74
1631016000,32.69,32.87,23.79,28.26,9180705.947
1631030400,28.26,30.01,26.48,27.68,5740259.58
1631044800,27.68,28.74,27.01,28.26,2250623.22
1631059200,28.26,29.19,27.41,28.03,1771602.67
1631073600,28.03,28.62,25.51,25.61,3296384.31
1631088000,25.61,27.53,25.18,27.03,2728896.05
1631102400,27.03,27.68,26.35,27.05,2246866.38
1631116800,27.05,27.95,26.75,27.46,2022832.18
1631131200,27.46,27.92,26.78,27.16,1604133.57
1631145600,27.16,27.52,26.46,26.98,1436780.7
1631160000,26.98,28.38,26.89,27.95,1560903.54
1631174400,27.95,28.65,27.51,27.94,1569098.1
1631188800,27.94,29.19,27.0,29.19,2509619.52
1631203200,29.19,30.18,28.39,28.67,2283518.78
1631217600,28.67,28.71,27.75,28.01,1019447.76
1631232000,28.01,29.56,27.88,28.86,1479335.87
1631246400,28.86,29.07,27.96,28.07,1105217.34
1631260800,28.07,28.29,26.76,28.01,2042193.65
1631275200,28.01,28.19,25.63,26.76,2877863.62
1631289600,26.76,27.33,26.4,26.73,1016186.14
1631304000,26.73,26.99,25.62,26.39,1313757.39
1631318400,26.39,27.28,26.25,26.56,1028595.7
1631332800,26.56,27.13,26.36,26.89,825675.33
1631347200,26.89,27.42,26.39,27.14,823808.92
1631361600,27.14,27.71,27.1,27.26,921104.94
1631376000,27.26,27.65,26.93,27.04,720431.39
1631390400,27.04,27.36,26.67,26.99,674163.71
1631404800,26.99,27.24,26.36,27.23,738129.76
1631419200,27.23,27.46,26.9,27.24,428524.94
1631433600,27.24,28.75,27.13,28.64,1200703.29
1631448000,28.64,29.77,28.42,29.37,1684439.39
1631462400,29.37,29.66,28.72,28.98,1021890.11
1631476800,28.98,29.71,27.83,29.42,1917029.89
1631491200,29.42,29.95,27.49,27.55,1756920.85
1631505600,27.55,28.08,26.18,26.63,2485981.6
1631520000,26.63,26.75,25.74,26.5,3314687.08
1631534400,26.5,27.92,25.17,26.34,3633363.51
1631548800,26.34,27.96,26.28,27.22,1541973.69
1631563200,27.22,27.53,26.87,26.96,805206.13
1631577600,26.96,27.4,26.77,27.13,964098.65
1631592000,27.13,27.38,26.73,27.03,1030593.09
1631606400,27.03,27.47,27.0,27.04,816822.31
1631620800,27.04,29.43,26.73,29.07,3295904.4
1631635200,29.07,29.55,28.6,29.09,1924489.1
1631649600,29.09,30.85,28.68,30.8,2201657.84
1631664000,30.8,30.98,29.86,30.07,1782497.14
1631678400,30.07,30.38,29.57,30.31,1298009.04
1631692800,30.31,31.46,30.11,31.14,2380007.82
1631707200,31.14,31.44,30.31,31.19,2219931.99
1631721600,31.19,31.31,30.45,30.65,1166716.4
1631736000,30.65,30.84,30.12,30.67,925123.9
1631750400,30.67,31.99,30.29,31.52,2273658.73
1631764800,31.52,32.11,31.4,31.49,1301158.61
1631779200,31.49,31.54,30.66,31.04,1271588.04
1631793600,31.04,31.32,29.77,30.53,2113956.13
1631808000,30.53,30.7,29.81,29.86,1132268.27
1631822400,29.86,30.07,29.04,29.8,1567122.32
1631836800,29.8,30.07,29.29,29.72,1240823.7
1631851200,29.72,30.12,29.41,29.51,927502.6
1631865600,29.51,29.96,28.05,28.35,1774006.65
1631880000,28.35,28.71,27.76,28.36,1390245.53
1631894400,28.36,28.7,27.76,28.3,871771.41
1631908800,28.3,28.33,27.38,27.72,906040.7
1631923200,27.72,28.33,27.39,28.27,791659.5
1631937600,28.27,29.21,28.25,28.97,973014.92
1631952000,28.97,29.46,28.81,28.91,669611.25
1631966400,28.91,29.23,28.61,28.69,658189.05
1631980800,28.69,28.82,28.2,28.52,789143.89
1631995200,28.52,28.53,27.83,28.39,686198.06
1632009600,28.39,28.46,27.69,27.94,615894.17
1632024000,27.94,28.64,27.81,28.63,503872.04
1632038400,28.63,28.8,27.51,27.7,701625.26
1632052800,27.7,28.24,27.57,28.02,632523.83
1632067200,28.02,28.26,27.52,27.58,706588.32
1632081600,27.58,27.8,26.93,27.36,732238.77
1632096000,27.36,27.43,25.56,25.82,1847119.49
1632110400,25.82,26.28,24.71,25.07,1605888.38
1632124800,25.07,25.55,23.83,24.16,2581654.76
1632139200,24.16,24.74,23.0,24.5,3199890.374
1632153600,24.5,24.86,23.45,24.17,1585038.6
1632168000,24.17,24.35,23.24,23.57,1445923.29
1632182400,23.57,23.85,22.15,23.39,2321741.997
1632196800,23.39,23.88,22.71,23.86,1253823.14
1632211200,23.86,24.39,23.67,24.08,1255269.86
1632225600,24.08,24.35,23.09,23.76,1332973.06
1632240000,23.76,23.83,22.35,22.43,1813631.92
1632254400,22.43,22.63,20.82,21.42,3286134.263
1632268800,21.42,22.5,21.03,22.24,1725189.24
1632283200,22.24,22.94,21.89,22.82,1132684.77
1632297600,22.82,23.08,22.5,22.62,900585.3
1632312000,22.62,23.82,22.57,23.79,1291380.7
1632326400,23.79,24.5,23.56,24.01,1900787.94
1632340800,24.01,24.49,23.87,24.45,821468.51
1632355200,24.45,24.68,23.84,24.58,1082754.42
1632369600,24.58,24.62,24.03,24.53,1019500.45
1632384000,24.53,24.61,23.42,23.54,1069125.7
1632398400,23.54,24.74,23.39,24.16,1479692.08
1632412800,24.16,25.37,24.09,25.33,1252152.799
1632427200,25.33,25.48,25.01,25.41,910249.54
1632441600,25.41,25.5,24.56,24.6,855253.5
1632456000,24.6,24.87,24.12,24.65,1110317.11
1632470400,24.65,25.02,21.35,22.25,4773136.84
1632484800,22.25,23.06,21.65,22.49,2064744.6
1632499200,22.49,22.97,22.32,22.72,861298.68
1632513600,22.72,23.62,22.69,23.26,865809.57
1632528000,23.26,23.76,22.87,23.31,888342.69
1632542400,23.31,23.58,22.67,22.71,692121.04
1632556800,22.71,23.19,22.03,22.7,1481005.97
1632571200,22.7,23.09,22.33,22.88,978666.45
1632585600,22.88,24.14,22.53,23.93,1499203.87
1632600000,23.93,24.7,23.67,24.51,1439498.87
1632614400,24.51,24.63,23.44,24.19,1666685.42
1632628800,24.19,24.46,22.47,22.78,2283357.67
1632643200,22.78,25.06,22.36,24.73,3816795.31
1632657600,24.73,25.38,24.6,25.12,1864182.22
1632672000,25.12,25.35,24.27,24.52,1319761.27
1632686400,24.52,25.13,24.15,24.6,1045632.55
1632700800,24.6,25.47,24.08,24.89,972922.61
1632715200,24.89,25.12,24.48,24.58,712140.28
1632729600,24.58,24.79,24.14,24.36,919713.27
1632744000,24.36,24.49,23.52,23.91,1411336.87
1632758400,23.91,24.0,23.3,23.45,758452.41
1632772800,23.45,23.8,22.96,23.01,899445.4
1632787200,23.01,23.56,22.87,23.37,885972.03
1632801600,23.37,23.53,22.72,22.82,814499.15
1632816000,22.82,23.75,22.68,23.69,1361823.03
1632830400,23.69,23.74,22.62,22.67,1365708.58
1632844800,22.67,22.86,22.18,22.42,1034779.02
1632859200,22.42,22.71,22.0,22.1,814396.34
1632873600,22.1,23.19,22.01,23.19,1149834.46
1632888000,23.19,23.53,23.1,23.48,744565.03
1632902400,23.48,23.74,23.14,23.7,704873.77
1632916800,23.7,23.93,23.1,23.19,964740.16
1632931200,23.19,23.32,22.36,22.42,1098341.3
1632945600,22.42,22.91,22.18,22.85,690137.92
1632960000,22.85,24.36,22.72,24.27,1416933.56
1632974400,24.27,24.4,23.88,23.93,753068.32
1632988800,23.93,24.06,23.54,23.76,826685.36
1633003200,23.76,24.24,23.56,23.7,929013.93
1633017600,23.7,23.97,23.36,23.51,930394.57
1633032000,23.51,24.04,23.4,24.0,728503.44
1633046400,24.0,24.19,23.59,23.76,778892.34
1633060800,23.76,24.49,23.64,24.46,796505.17
1633075200,24.46,26.16,24.46,25.98,2670512.96
1633089600,25.98,26.18,25.57,26.05,1258074.84
1633104000,26.05,26.7,25.96,26.44,1109221.79
1633118400,26.44,26.61,25.95,26.31,812101.98
1633132800,26.31,26.65,25.86,25.92,759953.09
1633147200,25.92,26.2,25.82,26.08,605003.67
1633161600,26.08,26.39,25.85,26.26,690339.18
1633176000,26.26,27.42,26.2,27.26,1475486.55
1633190400,27.26,27.81,27.05,27.72,969917.83
1633204800,27.72,27.79,26.73,26.89,734879.53
1633219200,26.89,27.41,26.5,27.23,831292.61
1633233600,27.23,27.43,26.94,26.99,492858.52
1633248000,26.99,27.25,26.64,27.2,699097.63
1633262400,27.2,27.57,26.86,26.96,569645.29
1633276800,26.96,28.16,26.85,27.9,1148313.11
1633291200,27.9,28.03,27.13,27.57,765612.61
1633305600,27.57,27.67,26.33,26.34,910474.28
1633320000,26.34,26.71,26.11,26.68,732105.56
1633334400,26.68,26.74,26.05,26.28,626749.46
1633348800,26.28,27.2,25.59,26.21,1405632.55
1633363200,26.21,27.14,26.11,26.97,1215024.84
1633377600,26.97,27.03,26.29,26.6,649709.27
1633392000,26.6,27.04,26.41,26.66,704572.54
1633406400,26.66,26.69,26.28,26.49,543013.01
1633420800,26.49,27.24,26.32,26.92,1374665.04
1633435200,26.92,27.2,26.41,26.49,917085.89
1633449600,26.49,26.94,26.19,26.77,694328.01
1633464000,26.77,27.49,26.77,27.23,886333.9
1633478400,27.23,27.3,26.55,26.63,693455.48
1633492800,26.63,26.85,26.04,26.18,740474.99
1633507200,26.18,26.24,25.2,25.55,1144760.27
1633521600,25.55,27.87,25.51,27.72,2135798.67
1633536000,27.72,28.19,27.23,27.31,1324307.72
1633550400,27.31,27.36,26.69,26.8,937467.0
1633564800,26.8,26.83,25.9,26.01,1018239.34
1633579200,26.01,27.11,25.96,27.08,898309.63
1633593600,27.08,27.45,26.64,27.34,1314614.46
1633608000,27.34,27.71,26.6,27.14,1428785.43
1633622400,27.14,27.35,26.75,27.15,769779.61
1633636800,27.15,27.44,26.65,26.83,596098.6
1633651200,26.83,27.03,26.33,26.52,643325.63
1633665600,26.52,27.15,26.36,27.02,745519.72
1633680000,27.02,27.46,26.9,26.93,1130815.19
1633694400,26.93,27.3,26.57,26.99,995099.24
1633708800,26.99,27.23,26.78,26.97,636652.76
1633723200,26.97,26.98,26.12,26.39,821325.69
1633737600,26.39,26.57,26.05,26.48,727504.52
1633752000,26.48,26.57,26.28,26.47,527055.22
1633766400,26.47,27.33,26.16,27.07,1090524.08
1633780800,27.07,27.43,27.01,27.19,773229.42
1633795200,27.19,27.89,26.92,27.38,1143923.22
1633809600,27.38,27.67,27.18,27.45,468938.92
1633824000,27.45,27.49,26.71,27.13,996574.41
1633838400,27.13,27.44,26.86,27.2,487306.51
1633852800,27.2,27.33,26.76,27.0,478776.88
1633867200,27.0,27.06,26.5,26.83,616586.65
1633881600,26.83,26.84,26.34,26.49,315541.42
1633896000,26.49,26.8,25.44,25.56,1019616.7
1633910400,25.56,26.31,25.25,26.3,886323.73
1633924800,26.3,26.52,26.08,26.47,469322.72
1633939200,26.47,26.76,25.84,26.05,598211.98
1633953600,26.05,26.35,25.96,26.04,601294.51
1633968000,26.04,26.14,25.27,25.28,708504.59
1633982400,25.28,25.28,24.63,25.22,1029586.3
1633996800,25.22,25.27,24.15,24.39,832837.8
1634011200,24.39,24.71,24.11,24.34,755170.13
1634025600,24.34,24.65,23.63,24.05,1136075.44
1634040000,24.05,24.94,23.53,24.73,1348006.94
1634054400,24.73,24.81,24.36,24.44,647950.02
1634068800,24.44,24.9,24.12,24.65,650892.39
1634083200,24.65,25.14,24.45,24.9,636992.27
1634097600,24.9,25.13,24.17,24.21,1059681.43
1634112000,24.21,24.98,24.16,24.84,1107897.41
1634126400,24.84,24.95,24.33,24.7,845641.55
1634140800,24.7,24.82,24.45,24.75,1459683.51
1634155200,24.75,25.67,24.68,25.66,1097389.96
1634169600,25.66,26.3,25.38,26.22,1143964.9
1634184000,26.22,27.18,26.16,26.95,1238621.53
1634198400,26.95,27.75,26.9,27.52,1470401.88
1634212800,27.52,27.66,26.73,27.57,1455511.38
1634227200,27.57,27.88,26.81,27.03,1215390.64
1634241600,27.03,27.84,26.42,26.72,1230078.04
1634256000,26.72,27.1,26.01,26.83,1752652.57
1634270400,26.83,27.17,26.52,26.92,1401228.85
1634284800,26.92,26.98,26.04,26.53,1177497.2
1634299200,26.53,26.68,26.25,26.31,1100038.61
1634313600,26.31,27.21,26.24,27.02,1216584.92
1634328000,27.02,27.38,26.8,27.01,987025.52
1634342400,27.01,27.47,27.0,27.1,616921.94
1634356800,27.1,27.42,26.92,27.06,523927.11
1634371200,27.06,28.18,27.0,28.07,1566922.8
1634385600,28.07,28.7,27.21,28.3,2258215.88
1634400000,28.3,28.37,27.63,27.65,727225.4
1634414400,27.65,27.72,27.14,27.23,529948.83
1634428800,27.23,27.48,26.86,27.39,830941.99
1634443200,27.39,27.6,27.19,27.2,522817.06
1634457600,27.2,27.63,27.2,27.29,543302.73
1634472000,27.29,27.33,26.38,26.59,913594.39
1634486400,26.59,26.82,26.34,26.46,473555.65
1634500800,26.46,26.63,25.58,26.54,1305848.32
1634515200,26.54,26.74,26.21,26.36,675220.59
1634529600,26.36,26.55,26.13,26.16,555856.61
1634544000,26.16,26.43,25.58,25.76,997505.69
1634558400,25.76,26.21,25.32,25.79,1040278.95
1634572800,25.79,25.84,25.26,25.64,689160.29
1634587200,25.64,25.78,25.42,25.71,461646.5
1634601600,25.71,26.22,25.56,26.2,519843.83
1634616000,26.2,26.21,25.79,25.93,337068.27
1634630400,25.93,26.0,25.69,25.89,429647.31
1634644800,25.89,26.29,25.36,25.4,1095740.76
1634659200,25.4,25.81,25.37,25.58,634553.57
1634673600,25.58,25.98,25.42,25.91,551918.18
1634688000,25.91,26.3,25.85,25.94,524208.98
1634702400,25.94,26.18,25.86,26.03,298169.45
1634716800,26.03,26.17,25.9,26.04,432936.47
1634731200,26.04,27.18,26.02,27.16,1625324.35
1634745600,27.16,27.51,27.03,27.37,893307.5
1634760000,27.37,27.66,27.09,27.49,703103.46
1634774400,27.49,28.05,27.19,27.57,1247037.94
1634788800,27.57,27.79,27.3,27.68,567165.83
1634803200,27.68,28.97,27.67,27.95,2042725.81
1634817600,27.95,29.34,27.55,28.73,3571428.16
1634832000,28.73,28.92,28.13,28.32,1463049.08
1634846400,28.32,28.82,28.01,28.26,827804.66
1634860800,28.26,29.77,28.25,29.48,1605150.95
1634875200,29.48,29.5,28.8,29.25,983339.07
1634889600,29.25,29.6,28.99,29.36,963451.39
1634904000,29.36,30.04,28.6,28.63,2379259.9
1634918400,28.63,28.82,28.02,28.63,1246035.01
1634932800,28.63,28.81,28.19,28.67,522044.21
1634947200,28.67,28.95,28.3,28.89,509173.59
1634961600,28.89,30.19,28.82,30.05,1538173.3
1634976000,30.05,31.03,29.54,31.02,2462380.84
1634990400,31.02,31.29,30.37,31.28,1615400.84
1635004800,31.28,31.34,30.42,30.6,1174172.62
1635019200,30.6,31.46,30.5,31.36,843058.0
1635033600,31.36,31.53,30.42,30.52,1234427.77
1635048000,30.52,30.54,30.04,30.33,698529.55
1635062400,30.33,30.6,29.66,29.72,879354.63
1635076800,29.72,30.16,29.21,29.36,1167145.4
1635091200,29.36,29.88,28.72,29.39,1213106.96
1635105600,29.39,29.83,29.27,29.7,550874.84
1635120000,29.7,30.34,29.53,30.19,696855.84
1635134400,30.19,30.91,30.19,30.67,832730.68
1635148800,30.67,32.05,30.65,31.75,1853673.12
1635163200,31.75,32.77,31.58,32.59,1962490.54
1635177600,32.59,32.69,31.79,32.44,1216550.33
1635192000,32.44,32.9,32.19,32.38,878128.07
1635206400,32.38,32.55,31.91,32.1,704777.6
1635220800,32.1,32.21,31.68,31.85,580940.04
1635235200,31.85,32.4,31.75,32.02,758717.9
1635249600,32.02,32.11,31.31,32.01,1151171.98
1635264000,32.01,33.68,31.55,33.43,1648235.24
1635278400,33.43,33.82,31.72,32.52,1709946.46
1635292800,32.52,33.55,32.19,33.3,1333402.32
1635307200,33.3,33.91,31.56,31.59,1709996.61
1635321600,31.59,31.59,27.91,29.5,4341173.52
1635336000,29.5,30.11,28.91,29.4,1824064.63
1635350400,29.4,29.75,28.31,29.12,1713554.35
1635364800,29.12,29.66,28.8,28.88,1099296.34
1635379200,28.88,29.8,28.61,29.61,962767.01
1635393600,29.61,30.64,29.53,29.72,1785586.2
1635408000,29.72,30.82,29.7,30.26,1288955.19
1635422400,30.26,30.65,30.08,30.16,850617.46
1635436800,30.16,30.45,29.36,30.36,1345337.35
1635451200,30.36,30.85,29.87,30.19,953306.36
1635465600,30.19,31.82,29.94,31.69,1169751.96
1635480000,31.69,31.96,31.01,31.09,1010431.73
1635494400,31.09,31.47,30.54,30.86,941819.11
1635508800,30.86,31.59,30.6,31.5,1107559.11
1635523200,31.5,31.81,30.81,31.03,748942.6
1635537600,31.03,31.23,30.79,30.96,424150.07
1635552000,30.96,31.12,30.23,30.29,679523.78
1635566400,30.29,30.53,30.22,30.39,442924.22
1635580800,30.39,30.43,29.97,30.35,605340.36
1635595200,30.35,30.38,29.47,30.02,898250.84
1635609600,30.02,30.12,29.74,30.11,569805.89
1635624000,30.11,30.17,29.16,29.79,573051.56
1635638400,29.79,30.68,29.61,30.12,1133681.56
1635652800,30.12,30.31,29.65,29.95,566503.34
1635667200,29.95,29.95,29.0,29.11,705309.95
1635681600,29.11,29.47,28.65,29.27,948093.08
1635696000,29.27,29.65,29.03,29.52,603969.38
1635710400,29.52,30.12,29.4,30.0,422903.96
1635724800,30.0,30.39,29.31,29.44,708282.66
1635739200,29.44,30.5,29.14,30.36,645355.02
1635753600,30.36,30.61,30.07,30.22,713108.1
1635768000,30.22,31.57,30.09,31.48,1453364.49
1635782400,31.48,31.6,30.75,31.34,747345.02
1635796800,31.34,31.87,30.91,31.66,694253.26
1635811200,31.66,31.78,31.0,31.19,615130.63
1635825600,31.19,31.35,31.04,31.1,459034.06
1635840000,31.1,32.43,31.01,31.99,1229952.94
1635854400,31.99,32.48,31.99,32.34,775259.77
1635868800,32.34,32.48,32.01,32.13,947291.31
1635883200,32.13,32.36,31.85,32.26,607752.55
1635897600,32.26,32.78,31.89,32.12,731904.49
1635912000,32.12,32.29,31.81,32.28,737526.82
1635926400,32.28,32.3,31.85,31.93,687767.82
1635940800,31.93,31.96,30.54,31.34,1225629.42
1635955200,31.34,32.02,30.86,31.66,987798.83
1635969600,31.66,32.02,31.57,31.96,538366.18
1635984000,31.96,32.11,31.43,31.59,458779.59
1635998400,31.59,31.82,30.84,30.86,549198.34
1636012800,30.86,31.15,30.63,30.77,665774.55
1636027200,30.77,31.34,30.2,30.39,944228.91
1636041600,30.39,30.76,30.23,30.68,689728.93
1636056000,30.68,31.19,30.5,31.0,475012.36
1636070400,31.0,31.53,30.66,31.48,515661.57
1636084800,31.48,31.9,31.28,31.63,533613.54
1636099200,31.63,32.1,31.34,31.65,707793.05
1636113600,31.65,33.71,31.62,32.78,3129190.89
1636128000,32.78,33.59,32.77,33.11,1209953.28
1636142400,33.11,33.2,32.56,32.86,599375.92
1636156800,32.86,33.2,32.37,32.58,681197.45
1636171200,32.58,32.61,31.7,32.12,766095.56
1636185600,32.12,32.26,30.85,31.12,1219635.51
1636200000,31.12,31.43,30.72,31.35,852981.68
1636214400,31.35,31.83,31.22,31.75,584534.55
1636228800,31.75,32.06,31.62,32.05,374873.97
1636243200,32.05,32.25,31.71,32.11,494342.84
1636257600,32.11,32.44,32.03,32.1,401316.2
1636272000,32.1,32.59,31.82,32.28,574367.39
1636286400,32.28,32.42,32.01,32.15,434927.45
1636300800,32.15,32.36,31.9,32.29,604854.53
1636315200,32.29,32.43,32.11,32.34,344873.05
1636329600,32.34,33.32,32.18,33.32,1169835.98
1636344000,33.32,33.68,33.12,33.36,889372.22
1636358400,33.36,34.34,32.96,34.2,1549626.88
1636372800,34.2,34.53,33.7,34.36,1054844.88
1636387200,34.36,34.82,34.03,34.25,946671.15
1636401600,34.25,34.56,33.97,34.46,654793.79
1636416000,34.46,34.78,34.03,34.37,652550.56
1636430400,34.37,35.62,34.3,35.15,1317492.31
1636444800,35.15,35.4,34.05,34.57,901408.4
1636459200,34.57,34.93,33.59,34.04,1213419.51
1636473600,34.04,34.21,33.38,34.02,864666.72
1636488000,34.02,34.27,33.72,33.82,504817.18
1636502400,33.82,34.49,33.51,33.72,679868.72
1636516800,33.72,34.57,33.52,34.41,459981.85
1636531200,34.41,35.39,34.4,34.99,898387.28
1636545600,34.99,38.31,34.68,38.1,4834392.375
1636560000,38.1,38.25,35.72,35.79,2051470.06
1636574400,35.79,36.4,31.9,34.21,4660812.34
1636588800,34.21,34.58,33.34,34.51,1645159.04
1636603200,34.51,36.47,33.92,36.18,1375273.28
1636617600,36.18,36.95,35.54,36.44,1722243.97
1636632000,36.44,36.62,35.02,35.46,1423629.93
1636646400,35.46,35.89,34.8,35.4,820861.36
1636660800,35.4,35.45,34.67,34.69,621821.32
1636675200,34.69,35.46,33.98,34.61,1438103.26
1636689600,34.61,34.8,33.51,33.78,746420.93
1636704000,33.78,34.25,33.0,33.44,1189657.59
1636718400,33.44,34.02,33.1,33.4,1091830.0
1636732800,33.4,34.58,32.67,34.14,1065172.1
1636747200,34.14,34.75,34.04,34.26,465878.31
1636761600,34.26,34.58,33.67,33.81,509990.99
1636776000,33.81,34.01,33.5,33.94,318959.37
1636790400,33.94,33.97,33.21,33.43,498402.62
1636804800,33.43,34.27,33.19,33.92,925167.41
1636819200,33.92,34.43,33.69,33.84,867315.91
1636833600,33.84,34.22,33.82,34.0,254424.4
1636848000,34.0,34.43,33.73,33.79,471289.33
1636862400,33.79,34.08,33.6,33.65,345164.46
1636876800,33.65,33.85,33.35,33.77,345771.81
1636891200,33.77,33.88,33.12,33.19,526058.09
1636905600,33.19,33.24,32.53,33.05,721372.64
1636920000,33.05,33.8,32.93,33.75,489068.51
1636934400,33.75,34.49,33.75,34.05,673690.04
1636948800,34.05,34.5,33.95,34.22,367685.83
1636963200,34.22,34.48,33.82,33.87,540199.6
1636977600,33.87,34.11,33.02,33.14,821760.38
1636992000,33.14,33.28,32.6,32.84,880656.73
1637006400,32.84,32.85,31.98,32.04,928713.21
1637020800,32.04,32.06,29.25,29.94,3241118.82
1637035200,29.94,30.48,29.56,30.34,1205437.09
1637049600,30.34,30.65,28.0,30.01,2598750.2
1637064000,30.01,30.44,29.31,29.73,1350735.37
1637078400,29.73,30.03,29.11,29.65,1003334.91
1637092800,29.65,29.92,28.64,29.16,887625.73
1637107200,29.16,29.41,28.03,28.47,1242957.38
1637121600,28.47,29.2,28.15,28.87,714387.48
1637136000,28.87,29.62,28.12,29.59,1034621.07
1637150400,29.59,29.74,28.75,28.99,782598.71
1637164800,28.99,29.43,28.76,29.09,710368.15
1637179200,29.09,29.33,28.76,29.18,591756.28
1637193600,29.18,29.72,29.0,29.01,807168.89
1637208000,29.01,29.23,28.31,28.58,707496.71
1637222400,28.58,28.73,27.78,28.12,906282.22
1637236800,28.12,28.53,26.81,27.13,1865265.98
1637251200,27.13,27.38,25.82,27.2,1915072.45
1637265600,27.2,27.28,26.2,26.55,860608.28
1637280000,26.55,27.23,26.08,26.4,1102480.01
1637294400,26.4,27.37,26.34,26.94,657283.3
1637308800,26.94,28.57,26.93,27.85,1128683.33
1637323200,27.85,28.74,27.81,28.49,935841.02
1637337600,28.49,28.85,28.38,28.55,686779.65
1637352000,28.55,28.61,28.09,28.27,494592.88
1637366400,28.27,28.72,28.04,28.15,760127.06
1637380800,28.15,28.42,27.96,28.24,462578.42
1637395200,28.24,28.53,28.16,28.43,479665.47
1637409600,28.43,28.64,27.62,27.62,668284.47
1637424000,27.62,28.35,27.26,28.03,1464983.45
1637438400,28.03,28.37,27.96,28.36,700275.38
1637452800,28.36,28.43,27.8,27.94,582494.99
1637467200,27.94,28.5,27.89,28.29,365316.41
1637481600,28.29,28.44,27.83,27.97,482369.53
1637496000,27.97,28.1,27.69,28.01,594329.79
1637510400,28.01,28.53,27.9,28.13,650829.13
1637524800,28.13,29.26,28.13,28.98,1162337.06
1637539200,28.98,29.09,27.32,27.48,1044453.47
1637553600,27.48,27.59,26.92,27.13,747602.29
1637568000,27.13,27.56,27.08,27.3,414690.45
1637582400,27.3,28.01,26.82,27.53,989941.87
1637596800,27.53,27.56,26.34,26.42,878923.45
1637611200,26.42,27.03,26.31,26.77,698215.46
1637625600,26.77,27.15,26.57,26.9,634540.99
1637640000,26.9,27.0,26.45,26.62,475667.51
1637654400,26.62,27.24,26.17,26.57,1086071.05
1637668800,26.57,27.49,26.34,27.21,1013113.62
1637683200,27.21,27.57,26.96,27.09,846408.39
1637697600,27.09,27.11,26.83,26.94,594752.76
1637712000,26.94,27.15,26.2,26.27,749407.4
1637726400,26.27,26.62,26.16,26.55,521351.86
1637740800,26.55,26.84,26.26,26.42,588440.18
1637755200,26.42,26.5,25.52,25.77,1288275.69
1637769600,25.77,25.83,25.23,25.3,1015517.93
1637784000,25.3,25.73,25.15,25.58,805978.19
1637798400,25.58,26.54,25.37,26.51,873591.09
1637812800,26.51,26.58,26.1,26.2,441051.93
1637827200,26.2,26.98,25.9,26.71,1154875.2
1637841600,26.71,27.61,26.68,27.31,1469698.73
1637856000,27.31,27.5,26.64,26.74,980494.55
1637870400,26.74,26.86,26.13,26.41,730667.66
1637884800,26.41,26.59,26.12,26.16,1031515.64
1637899200,26.16,26.34,25.39,25.67,1169918.28
1637913600,25.67,25.67,22.9,23.3,4535065.18
1637928000,23.3,24.22,23.03,23.69,2008623.95
1637942400,23.69,24.43,23.5,24.33,1115334.89
1637956800,24.33,24.59,23.82,23.96,832732.44
1637971200,23.96,24.63,23.86,24.51,870030.33
1637985600,24.51,24.76,24.34,24.41,680581.57
1638000000,24.41,24.99,24.23,24.45,847898.32
1638014400,24.45,24.74,24.26,24.43,504925.8
1638028800,24.43,24.76,24.35,24.5,436174.88
1638043200,24.5,24.62,23.78,24.1,636707.69
1638057600,24.1,24.31,23.11,23.42,877892.44
1638072000,23.42,23.72,23.16,23.65,586730.63
1638086400,23.65,23.87,23.2,23.64,487063.98
1638100800,23.64,23.8,23.4,23.6,432800.94
1638115200,23.6,23.77,22.63,23.65,1023369.08
1638129600,23.65,25.01,23.65,24.76,1155833.32
1638144000,24.76,25.13,24.72,24.89,667216.11
1638158400,24.89,25.22,24.86,25.1,438490.95
1638172800,25.1,25.22,24.54,24.7,638690.51
1638187200,24.7,25.32,24.66,24.87,675035.56
1638201600,24.87,25.61,24.65,24.73,1278292.97
1638216000,24.73,25.2,24.65,24.99,1035672.62
1638230400,24.99,25.24,24.6,24.85,777342.93
1638244800,24.85,25.07,24.15,24.53,673498.18
1638259200,24.53,25.24,24.11,25.21,884668.58
1638273600,25.21,26.52,25.21,25.91,1684898.12
1638288000,25.91,26.3,25.59,25.99,1159757.6
1638302400,25.99,26.08,25.24,25.31,626135.81
1638316800,25.31,26.07,25.09,26.05,757489.59
1638331200,26.05,26.16,25.71,26.13,515121.55
1638345600,26.13,26.42,25.82,26.2,767992.19
1638360000,26.2,26.9,26.17,26.5,1092276.72
1638374400,26.5,26.76,25.74,25.92,777874.69
1638388800,25.92,25.94,24.96,25.32,731383.27
1638403200,25.32,25.33,24.16,24.54,1082953.34
1638417600,24.54,24.87,24.5,24.83,507508.44
1638432000,24.83,24.98,24.5,24.8,494453.48
1638446400,24.8,25.18,24.46,24.75,884600.53
1638460800,24.75,24.94,24.5,24.76,577653.17
1638475200,24.76,24.89,24.5,24.55,363613.6
1638489600,24.55,24.8,24.3,24.52,377174.23
1638504000,24.52,25.21,24.4,25.06,491946.71
1638518400,25.06,25.7,25.02,25.6,908251.85
1638532800,25.6,25.85,24.82,24.87,940182.07
1638547200,24.87,24.87,23.38,23.47,1565911.49
1638561600,23.47,23.67,22.44,23.31,1442014.25
1638576000,23.31,23.36,21.93,21.93,1271137.38
1638590400,21.93,22.56,15.32,19.06,12097175.586
1638604800,19.06,19.64,18.55,18.88,3400240.63
1638619200,18.88,20.35,18.88,20.0,2079412.42
1638633600,20.0,20.73,19.52,20.64,1127431.23
1638648000,20.64,20.85,20.39,20.64,806616.58
1638662400,20.64,20.93,20.08,20.31,1228838.23
1638676800,20.31,20.34,19.85,20.06,1146422.31
1638691200,20.06,20.12,19.51,19.75,970341.9
1638705600,19.75,20.14,18.46,18.81,1974899.59
1638720000,18.81,19.39,18.74,19.14,1456744.8
1638734400,19.14,19.56,18.83,19.48,677502.78
1638748800,19.48,19.53,18.54,19.11,1012208.09
1638763200,19.11,19.28,17.86,18.2,915377.19
1638777600,18.2,18.71,17.21,18.04,2475720.34
1638792000,18.04,18.54,17.69,18.52,1559466.57
1638806400,18.52,18.8,18.34,18.43,1143618.97
1638820800,18.43,20.01,18.37,19.8,1407048.93
1638835200,19.8,20.2,19.7,20.02,974176.55
1638849600,20.02,20.14,19.83,19.94,557311.23
1638864000,19.94,20.47,19.82,20.35,977131.8
1638878400,20.35,20.81,19.72,20.57,1796922.93
1638892800,20.57,21.18,20.27,20.47,2016102.39
1638907200,20.47,21.09,20.11,21.09,1161370.91
1638921600,21.09,22.11,20.75,21.54,1978004.28
1638936000,21.54,22.32,21.52,22.19,1261282.47
1638950400,22.19,22.67,21.12,21.62,2673648.96
1638964800,21.62,23.2,21.28,22.85,2673162.79
1638979200,22.85,22.86,21.99,22.41,1358862.54
1638993600,22.41,22.94,22.05,22.91,1169876.67
1639008000,22.91,23.05,21.44,21.67,1687703.97
1639022400,21.67,22.19,21.5,22.02,820791.9
1639036800,22.02,22.02,21.34,21.54,1073684.23
1639051200,21.54,21.74,20.58,21.03,1903707.66
1639065600,21.03,21.36,20.61,20.83,1568583.12
1639080000,20.83,20.99,20.25,20.25,1154663.36
1639094400,20.25,20.88,20.16,20.23,1154462.68
1639108800,20.23,20.3,19.28,19.47,1295491.36
1639123200,19.47,20.18,19.36,20.1,950122.61
1639137600,20.1,20.75,19.42,19.53,1871549.36
1639152000,19.53,19.53,18.87,19.36,1352716.57
1639166400,19.36,19.55,18.46,18.56,1143297.2
1639180800,18.56,19.25,18.16,19.01,1605231.03
1639195200,19.01,19.38,18.91,19.15,892542.46
1639209600,19.15,19.57,19.01,19.42,820360.19
1639224000,19.42,20.06,19.36,20.05,881956.81
1639238400,20.05,20.22,19.38,19.43,864052.52
1639252800,19.43,20.1,19.4,19.97,505416.08
1639267200,19.97,20.01,19.6,19.73,515356.83
1639281600,19.73,19.88,19.44,19.88,405545.2
1639296000,19.88,19.89,19.2,19.5,507332.75
1639310400,19.5,19.8,19.41,19.55,467199.46
1639324800,19.55,20.69,19.48,20.38,801061.67
1639339200,20.38,20.8,20.37,20.41,515042.17
1639353600,20.41,20.56,19.48,19.58,1003297.41
1639368000,19.58,19.64,18.97,19.05,758019.13
1639382400,19.05,19.35,18.86,19.17,704241.51
1639396800,19.17,19.32,17.83,18.03,1377487.74
1639411200,18.03,18.43,17.3,17.86,1925730.86
1639425600,17.86,18.18,17.53,17.78,1253635.0
1639440000,17.78,18.17,17.58,17.99,919617.63
1639454400,17.99,18.1,17.53,18.05,909228.92
1639468800,18.05,18.46,17.87,18.41,857439.42
1639483200,18.41,18.61,17.86,17.97,1012244.18
1639497600,17.97,18.13,17.44,17.68,843707.19
1639512000,17.68,18.58,17.62,18.44,1137065.86
1639526400,18.44,18.57,18.11,18.28,598638.32
1639540800,18.28,18.54,18.07,18.49,713569.81
1639555200,18.49,18.79,18.32,18.34,758088.92
1639569600,18.34,18.45,17.27,17.28,1084549.45
1639584000,17.28,18.98,17.26,18.89,2049179.05
1639598400,18.89,20.0,18.85,19.69,1822133.49
1639612800,19.69,20.08,19.69,19.87,778335.41
1639627200,19.87,19.94,19.47,19.81,665770.48
1639641600,19.81,20.34,19.66,20.25,687699.66
1639656000,20.25,20.26,19.61,19.82,934382.38
1639670400,19.82,19.87,18.93,19.0,971541.33
1639684800,19.0,19.29,18.69,18.76,906190.19
1639699200,18.76,19.09,18.69,19.03,728470.29
1639713600,19.03,19.19,18.71,18.97,613859.76
1639728000,18.97,19.23,18.65,18.92,690821.31
1639742400,18.92,18.99,17.74,18.42,1558122.19
1639756800,18.42,18.92,18.13,18.26,1013287.26
1639771200,18.26,18.56,17.91,18.25,854143.57
1639785600,18.25,18.62,17.81,18.42,875107.12
1639800000,18.42,19.62,18.29,19.43,1787913.6
1639814400,19.43,19.87,19.43,19.79,829237.98
1639828800,19.79,20.0,19.53,19.59,802338.43
1639843200,19.59,19.63,19.17,19.37,607337.07
1639857600,19.37,19.64,19.24,19.54,460575.4
1639872000,19.54,20.14,19.19,20.13,889531.01
1639886400,20.13,20.38,19.83,19.84,932475.29
1639900800,19.84,19.9,19.47,19.8,656071.75
1639915200,19.8,20.2,19.58,19.64,861616.52
1639929600,19.64,19.84,18.86,18.91,922190.71
1639944000,18.91,19.23,18.8,18.86,656890.68
1639958400,18.86,19.2,18.58,18.88,773019.51
1639972800,18.88,18.99,18.37,18.56,840256.41
1639987200,18.56,18.65,18.15,18.56,761358.5
1640001600,18.56,18.6,18.04,18.45,1151760.1
1640016000,18.45,18.84,18.35,18.7,799433.88
1640030400,18.7,19.13,18.62,18.78,726511.2
1640044800,18.78,18.86,18.37,18.74,647387.42
1640059200,18.74,19.18,18.74,19.02,750642.35
1640073600,19.02,19.3,18.97,19.19,513414.26
1640088000,19.19,19.41,18.87,18.97,617340.56
1640102400,18.97,19.12,18.91,19.11,486488.14
1640116800,19.11,19.67,18.98,19.42,652074.49
1640131200,19.42,19.95,19.2,19.76,663442.28
1640145600,19.76,20.08,19.69,20.02,536958.66
1640160000,20.02,20.29,19.7,20.26,813843.06
1640174400,20.26,20.5,19.7,20.49,1277984.83
1640188800,20.49,20.83,19.97,20.31,1147820.37
1640203200,20.31,20.41,19.86,19.93,592444.19
1640217600,19.93,20.69,19.57,20.57,1187374.41
1640232000,20.57,20.91,20.21,20.41,920794.98
1640246400,20.41,21.4,20.31,21.23,1698222.09
1640260800,21.23,21.49,20.85,21.07,1193724.86
1640275200,21.07,21.99,20.85,21.83,1585484.07
1640289600,21.83,22.22,21.46,22.17,994289.11
1640304000,22.17,22.62,21.86,22.11,1112026.35
1640318400,22.11,22.2,21.83,22.18,482010.25
1640332800,22.18,22.4,21.96,22.05,546938.01
1640347200,22.05,22.16,21.38,21.85,1071333.08
1640361600,21.85,22.66,21.82,22.01,1476873.55
1640376000,22.01,22.26,21.2,21.48,903862.95
1640390400,21.48,21.85,21.29,21.52,642513.32
1640404800,21.52,21.77,21.34,21.71,427271.14
1640419200,21.71,21.81,21.46,21.63,414652.31
1640433600,21.63,22.03,21.62,21.85,523421.12
1640448000,21.85,22.09,21.45,21.98,683763.13
1640462400,21.98,22.39,21.92,22.1,531818.22
1640476800,22.1,22.13,21.12,21.2,1063102.74
1640491200,21.2,21.5,21.12,21.42,569926.77
1640505600,21.42,22.54,21.36,22.25,1240512.73
1640520000,22.25,22.5,22.06,22.38,1008542.0
1640534400,22.38,23.58,22.31,23.31,1811278.11
1640548800,23.31,23.35,22.85,22.98,872806.12
1640563200,22.98,23.27,22.95,23.04,733550.18
1640577600,23.04,23.45,22.95,23.13,573216.41
1640592000,23.13,23.6,22.75,23.54,1046527.73
1640606400,23.54,24.4,23.25,24.21,1651758.75
1640620800,24.21,24.49,24.02,24.19,1298381.32
1640635200,24.19,24.32,22.95,23.02,1219588.95
1640649600,23.02,23.02,22.03,22.33,1722342.82
1640664000,22.33,22.33,21.6,21.95,1365064.98
1640678400,21.95,22.47,21.86,22.47,892186.28
1640692800,22.47,22.61,21.5,22.06,1531179.3
1640707200,22.06,22.11,20.59,21.02,2322436.47
1640721600,21.02,21.27,20.32,20.37,1189758.65
1640736000,20.37,20.97,20.25,20.86,956358.23
1640750400,20.86,20.94,20.42,20.57,723755.91
1640764800,20.57,20.86,20.41,20.73,829640.3
1640779200,20.73,20.79,19.63,20.71,2041493.44
1640793600,20.71,20.73,20.05,20.26,931955.88
1640808000,20.26,20.45,19.53,19.74,1468638.14
1640822400,19.74,19.82,19.17,19.21,1767111.07
1640836800,19.21,20.01,19.2,19.86,806232.28
1640851200,19.86,20.24,19.66,20.17,809399.07
1640865600,20.17,20.44,19.92,19.99,1008464.57
1640880000,19.99,20.31,19.95,20.06,699707.0
1640894400,20.06,20.09,19.67,19.93,918411.14
1640908800,19.93,20.06,19.68,20.04,912598.04
1640923200,20.04,20.23,19.69,19.93,657009.04
1640937600,19.93,20.63,19.86,20.32,1260201.49
1640952000,20.32,20.56,20.24,20.39,536510.45
1640966400,20.39,20.48,19.04,19.07,1505074.09
1640980800,19.07,19.76,19.04,19.51,707623.08
1640995200,19.51,20.21,19.5,19.77,679843.49
1641009600,19.77,20.0,19.55,19.8,592365.85
1641024000,19.8,19.94,19.54,19.61,494570.3
1641038400,19.61,20.11,19.61,20.04,468993.28
1641052800,20.04,20.39,19.98,20.21,620596.69
1641067200,20.21,20.79,20.2,20.76,603104.77
1641081600,20.76,21.3,20.57,21.03,857870.65
1641096000,21.03,21.15,20.64,20.75,601828.46
1641110400,20.75,21.17,20.7,21.07,460226.32
1641124800,21.07,21.45,20.91,21.41,829411.25
1641139200,21.41,22.2,21.41,21.99,1767209.28
1641153600,21.99,22.09,21.67,21.87,592240.88
1641168000,21.87,21.93,21.25,21.37,741616.54
1641182400,21.37,21.7,21.29,21.67,440276.44
1641196800,21.67,22.72,21.66,22.46,1059300.4
1641211200,22.46,23.24,22.25,22.65,1819424.22
1641225600,22.65,23.4,22.08,22.88,2115145.37
1641240000,22.88,23.75,22.37,23.72,1807114.05
1641254400,23.72,23.89,22.71,23.08,1686264.3
1641268800,23.08,23.56,22.78,23.56,1151603.37
1641283200,23.56,24.18,23.37,24.06,1604940.25
1641297600,24.06,24.19,23.64,23.73,1614747.76
1641312000,23.73,24.48,23.25,23.66,3053989.48
1641326400,23.66,24.49,23.42,23.42,1673210.06
1641340800,23.42,25.72,23.3,25.59,3439727.73
1641355200,25.59,26.05,25.3,25.53,1668899.57
1641369600,25.53,26.09,25.31,25.58,1637350.05
1641384000,25.58,27.42,25.24,27.1,3911403.37
1641398400,27.1,27.48,25.21,25.29,4686935.69
1641412800,25.29,26.0,22.29,25.24,8945041.39
1641427200,25.24,25.64,23.37,23.52,4666367.16
1641441600,23.52,24.98,23.34,24.77,3294791.45
1641456000,24.77,24.82,23.66,24.12,2634465.03
1641470400,24.12,24.75,23.57,24.07,2547200.55
1641484800,24.07,25.97,23.86,25.79,2328322.15
1641499200,25.79,25.98,24.73,25.38,1615800.35
1641513600,25.38,25.49,23.14,23.52,2880230.12
1641528000,23.52,24.09,22.65,23.5,3446777.71
1641542400,23.5,25.67,23.4,25.33,2869840.46
1641556800,25.33,25.85,23.92,25.17,5436586.04
1641571200,25.17,27.33,24.46,26.56,5443825.29
1641585600,26.56,26.98,25.6,25.98,1956066.02
1641600000,25.98,27.15,25.74,26.43,2213930.26
1641614400,26.43,27.33,26.32,26.65,1856254.4
1641628800,26.65,26.91,25.61,25.89,2003348.16
1641643200,25.89,26.21,24.8,25.08,2151528.52
1641657600,25.08,25.15,23.51,24.05,3819742.76
1641672000,24.05,26.37,23.9,25.32,3590348.97
1641686400,25.32,27.33,25.08,26.92,3781247.02
1641700800,26.92,27.67,26.81,26.91,2309121.95
1641715200,26.91,27.34,26.04,27.04,2947129.28
1641729600,27.04,27.54,26.34,27.16,2796637.96
1641744000,27.16,28.68,27.0,27.87,4163036.26
1641758400,27.87,28.48,27.27,27.54,2633274.16
1641772800,27.54,28.41,27.34,27.64,2604347.11
1641787200,27.64,28.51,27.59,28.27,1619207.98
1641801600,28.27,28.33,26.48,26.64,2526295.58
1641816000,26.64,27.07,25.07,26.5,5997435.89
1641830400,26.5,27.9,26.3,26.89,3982106.15
1641844800,26.89,28.04,26.66,27.98,1787114.87
1641859200,27.98,28.71,27.54,28.18,2450087.97
1641873600,28.18,28.29,27.42,27.62,1440549.51
1641888000,27.62,27.79,26.65,26.8,1700687.62
1641902400,26.8,27.28,25.84,26.22,3435942.1
1641916800,26.22,27.28,26.22,26.62,3083001.84
1641931200,26.62,27.18,26.23,26.59,1387977.93
1641945600,26.59,26.91,26.32,26.65,1190023.74
1641960000,26.65,26.75,25.61,25.92,1752746.25
1641974400,25.92,26.49,25.81,26.22,1668881.16
1641988800,26.22,27.25,26.14,26.48,3002247.04
1642003200,26.48,26.81,26.12,26.77,1512049.63
1642017600,26.77,27.0,26.54,26.75,1193814.61
1642032000,26.75,26.76,26.01,26.09,1095476.19
1642046400,26.09,26.53,26.04,26.34,698814.55
1642060800,26.34,26.53,25.74,25.83,1119656.7
1642075200,25.83,26.48,25.16,25.49,1933876.97
1642089600,25.49,25.57,24.43,24.69,2037362.84
1642104000,24.69,25.17,24.45,24.86,1005198.44
1642118400,24.86,25.32,24.67,25.16,841339.72
1642132800,25.16,25.26,24.78,24.96,763769.09
1642147200,24.96,24.99,23.91,24.24,1275741.5
1642161600,24.24,25.1,23.96,24.79,2019354.96
1642176000,24.79,24.97,24.56,24.89,730157.55
1642190400,24.89,25.89,24.8,25.72,858233.13
1642204800,25.72,26.22,25.26,25.92,1028318.46
1642219200,25.92,26.01,25.53,25.62,584282.33
1642233600,25.62,26.0,25.35,25.7,627051.96
1642248000,25.7,25.9,25.28,25.73,781786.36
1642262400,25.73,26.07,25.37,25.67,621355.21
1642276800,25.67,25.75,25.11,25.17,498687.89
1642291200,25.17,25.26,24.65,24.93,598936.72
1642305600,24.93,25.55,24.87,25.46,439537.91
1642320000,25.46,26.15,25.32,25.84,1127469.4
1642334400,25.84,26.11,25.46,25.92,1006171.18
1642348800,25.92,26.34,25.56,25.62,819509.83
1642363200,25.62,25.75,25.46,25.5,424326.34
1642377600,25.5,25.62,24.84,24.85,761197.78
1642392000,24.85,25.15,24.66,25.01,488849.19
1642406400,25.01,25.09,24.58,24.69,504446.35
1642420800,24.69,24.7,24.15,24.21,711632.25
1642435200,24.21,24.33,23.58,23.8,1078991.91
1642449600,23.8,23.91,23.27,23.79,926759.84
1642464000,23.79,24.34,23.61,23.69,741683.88
1642478400,23.69,23.84,23.35,23.6,494000.78
1642492800,23.6,23.6,22.72,23.23,936117.4
1642507200,23.23,23.29,22.35,22.5,1006426.18
1642521600,22.5,22.71,22.04,22.39,899483.95
1642536000,22.39,23.34,22.23,22.96,833151.39
1642550400,22.96,23.15,22.17,22.33,885549.7
1642564800,22.33,22.49,21.35,21.51,1219012.27
1642579200,21.51,22.12,21.22,22.11,1073976.67
1642593600,22.11,22.57,21.75,21.97,1025406.23
1642608000,21.97,22.28,21.67,21.91,892575.54
1642622400,21.91,21.98,21.47,21.55,592156.06
1642636800,21.55,21.84,21.32,21.82,582237.35
1642651200,21.82,22.43,21.68,22.34,456030.33
1642665600,22.34,22.49,21.99,22.33,496479.89
1642680000,22.33,22.98,22.04,22.7,1161517.06
1642694400,22.7,22.84,22.14,22.29,712310.89
1642708800,22.29,22.34,20.04,20.17,2194696.65
1642723200,20.17,20.51,19.01,19.17,3055080.69
1642737600,19.17,19.62,19.12,19.56,1084130.87
1642752000,19.56,19.72,19.3,19.41,1073411.8
1642766400,19.41,19.77,18.36,19.54,2776768.23
1642780800,19.54,19.76,18.79,18.82,1221818.84
1642795200,18.82,19.16,17.1,17.42,5409979.84
1642809600,17.42,17.82,17.13,17.33,1746405.13
1642824000,17.33,17.43,15.16,15.4,3794236.33
1642838400,15.4,15.91,14.24,15.59,5521490.953
1642852800,15.59,16.45,15.24,15.3,2608345.92
1642867200,15.3,16.06,15.07,15.29,2926205.49
1642881600,15.29,16.35,15.16,15.85,2337451.13
1642896000,15.85,16.36,15.37,15.69,1412812.49
1642910400,15.69,16.4,15.59,16.27,1543544.55
1642924800,16.27,16.88,16.04,16.14,1878648.96
1642939200,16.14,16.45,15.42,15.71,1725448.83
1642953600,15.71,15.93,15.16,15.24,1442716.26
1642968000,15.24,16.66,15.15,16.64,1530468.09
1642982400,16.64,16.65,15.67,16.03,1013985.52
1642996800,16.03,16.2,15.2,15.25,1057192.28
1643011200,15.25,15.54,13.79,13.98,3961048.153
1643025600,13.98,14.62,13.48,14.55,4006315.916
1643040000,14.55,15.36,14.12,15.16,3136296.76
1643054400,15.16,15.95,15.12,15.58,1568742.37
1643068800,15.58,15.59,15.11,15.41,999873.37
1643083200,15.41,15.45,14.59,14.97,1191367.5
1643097600,14.97,15.6,14.87,15.24,1438683.48
1643112000,15.24,15.69,14.87,15.29,1714867.33
1643126400,15.29,16.03,15.28,15.73,1374638.91
1643140800,15.73,15.76,15.17,15.49,974581.94
1643155200,15.49,15.65,15.2,15.58,840867.03
1643169600,15.58,16.02,15.55,15.74,802977.83
1643184000,15.74,16.14,15.74,16.09,905204.98
1643198400,16.09,16.62,15.9,16.11,1448330.49
1643212800,16.11,16.8,15.46,15.91,3660009.17
1643227200,15.91,15.91,14.68,15.23,2137357.5
1643241600,15.23,15.38,14.29,14.47,1385496.53
1643256000,14.47,15.1,14.4,14.9,1062300.12
1643270400,14.9,15.18,14.64,15.12,1096810.0
1643284800,15.12,15.71,15.09,15.34,1865133.84
1643299200,15.34,15.62,14.71,14.82,1374970.0
1643313600,14.82,15.29,14.43,15.22,1751590.98
1643328000,15.22,15.45,14.81,15.35,1111149.51
1643342400,15.35,15.53,15.05,15.07,581706.83
1643356800,15.07,15.28,14.77,14.93,932188.71
1643371200,14.93,15.62,14.74,15.54,1401985.6
1643385600,15.54,15.92,15.53,15.75,1401735.79
1643400000,15.75,16.28,15.67,16.15,817394.58
1643414400,16.15,16.41,15.96,16.09,586084.69
1643428800,16.09,16.47,16.01,16.37,404671.26
1643443200,16.37,16.41,16.12,16.23,442812.37
1643457600,16.23,16.67,16.05,16.2,965531.47
1643472000,16.2,16.49,16.07,16.33,533485.95
1643486400,16.33,16.75,16.1,16.23,987872.9
1643500800,16.23,16.48,16.01,16.38,668370.29
1643515200,16.38,17.7,16.38,17.62,1848414.81
1643529600,17.62,17.82,17.5,17.68,1353604.41
1643544000,17.68,17.7,17.15,17.26,994987.4
1643558400,17.26,17.66,16.83,17.03,1162329.63
1643572800,17.03,18.1,16.86,17.77,1565739.87
1643587200,17.77,17.88,16.45,16.88,1894467.92
1643601600,16.88,16.97,16.52,16.96,754826.12
1643616000,16.96,17.3,16.76,17.04,913685.45
1643630400,17.04,17.65,16.61,17.51,1426074.09
1643644800,17.51,17.7,16.98,17.05,1942239.95
1643659200,17.05,17.33,16.92,17.15,764150.05
1643673600,17.15,17.61,17.05,17.42,1067692.51
1643688000,17.42,17.57,17.12,17.43,668304.92
1643702400,17.43,17.91,16.97,17.24,1393593.73
1643716800,17.24,17.5,16.93,17.17,1255633.85
1643731200,17.17,17.46,16.83,16.84,883508.95
1643745600,16.84,17.14,16.8,16.98,654830.64
1643760000,16.98,17.16,16.75,17.04,526028.92
1643774400,17.04,17.35,16.97,16.98,542945.52
1643788800,16.98,17.23,16.89,17.21,424004.66
1643803200,17.21,17.38,16.18,16.34,1307279.35
1643817600,16.34,16.5,16.07,16.46,766496.21
1643832000,16.46,16.48,15.56,15.78,1174284.6
1643846400,15.78,15.95,15.51,15.66,831858.31
1643860800,15.66,15.86,15.55,15.81,408699.21
1643875200,15.81,15.92,15.26,15.64,1087208.63
1643889600,15.64,15.99,15.3,15.96,1162856.38
1643904000,15.96,16.18,15.68,15.79,932714.22
1643918400,15.79,16.33,15.63,16.3,903876.59
1643932800,16.3,16.31,16.01,16.06,452698.77
1643947200,16.06,16.53,16.0,16.31,914725.54
1643961600,16.31,16.59,16.31,16.41,623961.86
1643976000,16.41,16.95,16.05,16.72,1741306.05
1643990400,16.72,17.18,16.71,17.12,1439785.35
1644004800,17.12,17.55,17.01,17.5,656671.79
1644019200,17.5,17.93,17.42,17.92,944461.0
1644033600,17.92,18.32,17.86,17.91,1152792.37
1644048000,17.91,18.13,17.85,17.96,812222.13
1644062400,17.96,18.15,17.79,18.03,769795.13
1644076800,18.03,18.26,17.45,17.71,982229.87
1644091200,17.71,17.95,17.62,17.76,345527.09
1644105600,17.76,18.17,17.71,17.96,450768.39
1644120000,17.96,18.03,17.68,17.87,423528.87
1644134400,17.87,18.01,17.71,17.74,359527.66
1644148800,17.74,18.0,17.17,17.46,906657.39
1644163200,17.46,17.64,17.36,17.61,340147.8
1644177600,17.61,18.09,17.5,18.07,633837.46
1644192000,18.07,18.55,17.65,18.48,1002540.07
1644206400,18.48,19.0,18.43,18.66,875280.65
1644220800,18.66,18.7,18.33,18.48,615118.74
1644235200,18.48,19.09,18.34,19.05,1281967.69
1644249600,19.05,19.4,18.9,19.18,1703360.84
1644264000,19.18,19.26,18.76,18.88,764669.29
1644278400,18.88,19.03,18.53,19.01,837507.44
1644292800,19.01,19.54,18.86,18.91,1386062.94
1644307200,18.91,18.96,18.0,18.28,1886520.55
1644321600,18.28,18.28,17.72,17.98,1095228.55
1644336000,17.98,18.24,17.76,18.04,827048.41
1644350400,18.04,18.55,17.98,18.38,571220.1
1644364800,18.38,18.51,17.87,17.93,829727.51
1644379200,17.93,18.21,17.75,18.14,609069.46
1644393600,18.14,18.38,17.93,18.35,492260.15
1644408000,18.35,18.64,18.26,18.47,878721.39
1644422400,18.47,18.72,18.36,18.66,520416.96
1644436800,18.66,18.75,18.56,18.67,412287.23
1644451200,18.67,18.7,17.98,18.08,669907.62
1644465600,18.08,18.26,18.0,18.26,458700.56
1644480000,18.26,18.75,18.2,18.64,591691.44
1644494400,18.64,18.69,17.36,18.16,2300354.61
1644508800,18.16,18.46,17.7,17.72,1031253.33
1644523200,17.72,17.84,17.35,17.5,744731.28
1644537600,17.5,17.53,17.13,17.3,1057063.79
1644552000,17.3,17.53,17.16,17.49,435877.81
1644566400,17.49,17.64,17.23,17.59,389008.77
1644580800,17.59,17.81,17.53,17.7,564200.13
1644595200,17.7,17.73,16.75,16.8,1000533.16
1644609600,16.8,16.84,15.89,16.21,1021823.69
1644624000,16.21,16.32,16.01,16.13,526607.69
1644638400,16.13,16.24,15.6,15.9,636652.86
1644652800,15.9,16.2,15.7,16.12,616744.21
1644667200,16.12,16.16,15.56,15.85,930873.64
1644681600,15.85,16.38,15.75,16.21,786265.21
1644696000,16.21,16.34,15.67,15.95,664725.83
1644710400,15.95,16.2,15.85,15.95,347906.35
1644724800,15.95,16.2,15.84,16.18,300893.84
1644739200,16.18,16.33,16.12,16.23,489403.39
1644753600,16.23,16.32,15.96,16.07,423671.7
1644768000,16.07,16.08,15.52,15.65,668937.03
1644782400,15.65,15.92,15.58,15.6,440483.97
1644796800,15.6,15.71,15.21,15.35,725505.33
1644811200,15.35,15.67,15.29,15.66,350990.03
1644825600,15.66,15.76,15.47,15.55,507525.48
1644840000,15.55,16.12,15.44,15.79,806023.53
1644854400,15.79,15.99,15.2,15.34,753938.2
1644868800,15.34,16.03,15.27,15.9,494643.55
1644883200,15.9,16.53,15.81,16.42,1096745.59
1644897600,16.42,16.47,16.28,16.42,407280.01
1644912000,16.42,16.92,16.41,16.75,846845.37
1644926400,16.75,17.04,16.73,16.96,615841.64
1644940800,16.96,17.09,16.81,16.92,551192.99
1644955200,16.92,17.45,16.72,17.34,614843.9
1644969600,17.34,17.41,16.91,17.0,472402.27
1644984000,17.0,17.22,16.78,17.19,342919.73
1644998400,17.19,17.33,17.0,17.09,457894.72
1645012800,17.09,17.15,16.52,16.66,898269.3
1645027200,16.66,17.29,16.49,17.26,972679.28
1645041600,17.26,17.38,17.07,17.12,464763.62
1645056000,17.12,17.45,17.1,17.1,473704.32
1645070400,17.1,17.1,16.72,17.0,574087.29
1645084800,17.0,17.06,16.41,16.53,678828.81
1645099200,16.53,16.64,16.02,16.14,1123026.76
1645113600,16.14,16.25,15.47,15.76,1084166.43
1645128000,15.76,15.84,15.45,15.59,993678.22
1645142400,15.59,15.89,15.46,15.85,554764.18
1645156800,15.85,16.03,15.73,15.87,393778.63
1645171200,15.87,16.06,15.61,15.63,442153.97
1645185600,15.63,15.77,15.08,15.21,1059229.09
1645200000,15.21,15.5,15.03,15.34,1036956.35
1645214400,15.34,15.39,15.1,15.19,369065.6
1645228800,15.19,15.49,15.13,15.36,304576.03
1645243200,15.36,15.56,15.31,15.49,272885.71
1645257600,15.49,15.51,14.89,15.01,561751.44
1645272000,15.01,15.4,14.84,15.36,702212.58
1645286400,15.36,15.68,15.23,15.31,1039701.5
1645300800,15.31,15.57,15.29,15.51,338666.03
1645315200,15.51,15.53,14.97,14.99,457197.47
1645329600,14.99,15.01,14.41,14.74,980734.71
1645344000,14.74,14.79,14.44,14.77,703035.13
1645358400,14.77,14.97,14.39,14.68,625133.99
1645372800,14.68,14.92,14.57,14.82,502309.43
1645387200,14.82,14.92,14.47,14.6,569272.81
1645401600,14.6,15.26,14.51,15.02,726820.94
1645416000,15.02,15.31,15.01,15.19,453539.05
1645430400,15.19,15.28,14.11,14.28,1044040.36
1645444800,14.28,15.06,13.94,14.74,2108276.87
1645459200,14.74,14.86,14.0,14.26,1351428.01
1645473600,14.26,14.39,13.38,13.51,1688871.28
1645488000,13.51,13.8,13.02,13.2,1508070.83
1645502400,13.2,13.55,13.12,13.29,878949.52
1645516800,13.29,13.86,13.29,13.79,953750.29
1645531200,13.79,14.2,13.64,13.97,1173350.24
1645545600,13.97,14.09,13.77,14.05,644366.11
1645560000,14.05,14.14,13.84,13.99,697853.63
1645574400,13.99,14.15,13.72,13.85,722520.75
1645588800,13.85,14.22,13.81,14.18,675528.8
1645603200,14.18,14.57,14.14,14.41,1069438.93
1645617600,14.41,14.61,14.16,14.18,762613.89
1645632000,14.18,14.66,13.74,13.81,1122155.34
1645646400,13.81,13.87,13.3,13.35,762031.15
1645660800,13.35,13.46,12.18,12.29,2440226.382
1645675200,12.29,12.42,11.4,11.79,3944649.968
1645689600,11.79,12.05,11.52,11.82,2381772.68
1645704000,11.82,12.37,11.56,12.32,2464591.47
1645718400,12.32,13.11,12.16,13.09,2175886.29
1645732800,13.09,13.95,12.96,13.27,2352178.21
1645747200,13.27,13.5,13.12,13.36,979381.87
1645761600,13.36,13.45,13.08,13.37,802635.68
1645776000,13.37,13.66,13.16,13.62,1016162.74
1645790400,13.62,14.12,13.61,14.07,1520047.19
1645804800,14.07,14.17,13.76,13.77,869585.45
1645819200,13.77,14.49,13.72,14.36,843121.21
1645833600,14.36,15.05,14.29,14.53,1476924.22
1645848000,14.53,14.62,14.22,14.49,572257.2
1645862400,14.49,14.6,14.09,14.42,898675.43
1645876800,14.42,14.84,14.26,14.65,892808.39
1645891200,14.65,14.76,14.31,14.58,678326.94
1645905600,14.58,14.94,14.5,14.72,650327.14
1645920000,14.72,14.8,14.07,14.12,1208391.73
1645934400,14.12,14.3,13.94,14.26,449930.1
1645948800,14.26,14.69,14.16,14.64,800783.92
1645963200,14.64,14.86,14.18,14.58,1448827.36
1645977600,14.58,14.58,13.59,13.67,1353092.89
1645992000,13.67,14.01,13.47,13.64,1375775.7
1646006400,13.64,13.83,13.43,13.57,890002.83
1646020800,13.57,13.81,13.31,13.75,778874.4
1646035200,13.75,13.89,13.61,13.79,581994.64
1646049600,13.79,14.76,13.61,14.66,1583793.04
1646064000,14.66,14.83,14.52,14.68,1268462.64
1646078400,14.68,15.15,14.57,15.13,1462148.87
1646092800,15.13,15.32,14.86,14.92,1037151.63
1646107200,14.92,15.14,14.86,15.11,704257.52
1646121600,15.11,15.19,14.72,15.06,1108156.95
1646136000,15.06,15.73,14.97,15.38,2098847.49
1646150400,15.38,15.51,15.04,15.18,891891.57
1646164800,15.18,15.41,15.07,15.35,576997.85
1646179200,15.35,15.58,14.91,15.53,1211014.94
1646193600,15.53,15.67,15.23,15.27,781899.36
1646208000,15.27,15.8,15.11,15.68,974194.94
1646222400,15.68,15.87,15.16,15.44,2057772.22
1646236800,15.44,15.65,15.15,15.26,839240.22
1646251200,15.26,15.54,15.23,15.28,424924.19
1646265600,15.28,15.38,14.93,15.1,832353.16
1646280000,15.1,15.27,14.93,15.17,491299.69
1646294400,15.17,15.23,14.98,15.1,533079.68
1646308800,15.1,15.31,14.58,14.69,1281120.15
1646323200,14.69,14.84,14.46,14.63,832236.69
1646337600,14.63,15.02,14.54,14.89,649840.02
1646352000,14.89,14.98,14.18,14.31,1071496.57
1646366400,14.31,14.35,14.14,14.34,491929.35
1646380800,14.34,14.6,14.1,14.53,783033.37
1646395200,14.53,14.6,14.1,14.13,1759574.52
1646409600,14.13,14.28,13.69,13.75,905245.93
1646424000,13.75,13.88,13.54,13.73,998903.9
1646438400,13.73,13.75,13.41,13.72,724363.2
1646452800,13.72,13.98,13.61,13.9,411091.23
1646467200,13.9,14.08,13.87,14.01,454556.97
1646481600,14.01,14.15,13.88,14.03,450059.8
1646496000,14.03,14.27,13.95,14.06,442736.6
1646510400,14.06,14.12,13.91,14.03,292177.05
1646524800,14.03,14.12,13.75,13.79,366666.53
1646539200,13.79,13.96,13.6,13.83,502519.01
1646553600,13.83,13.86,13.42,13.6,819958.27
1646568000,13.6,13.77,13.54,13.67,489221.02
1646582400,13.67,13.88,13.58,13.6,480448.94
1646596800,13.6,13.85,13.25,13.32,876812.76
1646611200,13.32,13.32,12.76,12.83,1651599.05
1646625600,12.83,13.06,12.72,12.9,847139.94
1646640000,12.9,13.1,12.79,13.08,643694.58
1646654400,13.08,13.64,13.08,13.57,1269947.54
1646668800,13.57,13.67,12.46,12.57,1747307.67
1646683200,12.57,12.88,12.42,12.68,1143277.13
1646697600,12.68,13.04,12.58,12.93,1097055.8
1646712000,12.93,13.2,12.82,13.1,1409449.03
1646726400,13.1,13.56,13.02,13.39,1349220.52
1646740800,13.39,13.46,13.05,13.17,1066166.98
1646755200,13.17,13.53,13.0,13.18,1347156.37
1646769600,13.18,13.24,12.87,13.08,608373.86
1646784000,13.08,13.9,13.05,13.83,1255955.46
1646798400,13.83,14.02,13.74,13.89,971077.06
1646812800,13.89,14.1,13.79,14.04,1099581.98
1646827200,14.04,14.36,13.89,14.32,1402151.54
1646841600,14.32,14.46,13.83,13.95,1245345.19
1646856000,13.95,14.04,13.8,14.01,488569.2
1646870400,14.01,14.11,13.62,13.7,1032873.67
1646884800,13.7,13.74,13.01,13.12,1317596.04
1646899200,13.12,13.22,13.0,13.2,769763.23
1646913600,13.2,13.46,12.96,13.28,1322464.99
1646928000,13.28,13.35,13.11,13.33,654900.3
1646942400,13.33,13.34,13.09,13.17,371683.81
1646956800,13.17,13.21,12.8,12.97,881678.29
1646971200,12.97,13.38,12.81,13.32,630610.15
1646985600,13.32,13.62,13.14,13.52,999573.18
1647000000,13.52,13.65,13.13,13.2,999041.2
1647014400,13.2,13.21,12.98,13.01,609021.3
1647028800,13.01,13.23,12.91,13.05,537655.89
1647043200,13.05,13.45,13.02,13.3,506684.83
1647057600,13.3,13.41,13.23,13.25,401795.97
1647072000,13.25,13.32,13.11,13.18,403287.83
1647086400,13.18,13.29,13.08,13.2,428184.25
1647100800,13.2,13.46,13.16,13.33,457764.78
1647115200,13.33,13.38,13.12,13.15,301743.08
1647129600,13.15,13.38,13.08,13.37,412023.88
1647144000,13.37,13.43,13.32,13.33,256637.09
1647158400,13.33,13.35,13.1,13.14,342883.52
1647172800,13.14,13.21,12.98,13.17,522385.4
1647187200,13.17,13.3,13.13,13.19,320399.2
1647201600,13.19,13.19,12.59,12.7,878174.71
1647216000,12.7,12.82,12.6,12.71,801000.7
1647230400,12.71,13.31,12.7,13.25,1189933.54
1647244800,13.25,13.35,13.15,13.18,548222.05
1647259200,13.18,13.28,13.05,13.12,655358.2
1647273600,13.12,13.21,12.74,12.91,651996.91
1647288000,12.91,13.44,12.87,13.41,797208.3
1647302400,13.41,13.6,13.2,13.23,900556.42
1647316800,13.23,13.28,12.87,12.98,495399.59
1647331200,12.98,13.08,12.89,13.05,304796.7
1647345600,13.05,13.34,12.95,13.26,529023.91
1647360000,13.26,13.69,13.22,13.56,688978.81
1647374400,13.56,13.8,13.41,13.69,535344.12
1647388800,13.69,14.26,13.66,13.81,1680476.69
1647403200,13.81,13.98,13.69,13.98,572569.92
1647417600,13.98,14.23,13.95,14.07,809861.02
1647432000,14.07,14.23,13.91,14.14,838576.3
1647446400,14.14,14.47,13.76,14.46,1905497.63
1647460800,14.46,14.78,14.38,14.66,739809.58
1647475200,14.66,14.79,14.56,14.65,653421.08
1647489600,14.65,14.67,14.23,14.35,815582.55
1647504000,14.35,14.87,14.34,14.82,945464.39
1647518400,14.82,14.93,14.5,14.54,981200.0
1647532800,14.54,14.62,14.43,14.55,414557.07
1647547200,14.55,14.59,14.36,14.4,341948.99
1647561600,14.4,14.49,14.12,14.19,696222.63
1647576000,14.19,14.54,14.15,14.42,371221.37
1647590400,14.42,14.7,14.35,14.66,723109.91
1647604800,14.66,15.09,14.57,15.07,1166918.58
1647619200,15.07,15.27,14.93,15.06,1034197.1
1647633600,15.06,15.15,14.88,15.01,429440.84
1647648000,15.01,15.2,14.83,14.93,516238.83
1647662400,14.93,15.03,14.86,14.98,365957.21
1647676800,14.98,15.09,14.91,15.03,425788.12
1647691200,15.03,15.37,15.0,15.34,715143.25
1647705600,15.34,15.4,15.09,15.11,522000.17
1647720000,15.11,15.23,14.83,15.01,740128.68
1647734400,15.01,15.13,14.86,14.93,544850.85
1647748800,14.93,15.09,14.88,14.99,324421.27
1647763200,14.99,15.0,14.72,14.73,507137.35
1647777600,14.73,14.75,14.57,14.67,605902.26
1647792000,14.67,14.78,14.42,14.64,558241.66
1647806400,14.64,14.76,14.51,14.54,343370.03
1647820800,14.54,14.64,14.3,14.47,577503.62
1647835200,14.47,14.98,14.44,14.95,421507.86
1647849600,14.95,15.19,14.89,15.09,616758.98
1647864000,15.09,15.28,14.92,15.07,1078230.01
1647878400,15.07,15.07,14.71,14.86,668803.86
1647892800,14.86,15.05,14.82,15.0,356768.63
1647907200,15.0,15.59,14.98,15.53,1066757.41
1647921600,15.53,15.77,15.45,15.51,1146536.59
1647936000,15.51,15.84,15.44,15.83,680359.54
1647950400,15.83,15.86,15.51,15.51,745997.01
1647964800,15.51,15.7,15.42,15.42,441365.44
1647979200,15.42,15.65,15.39,15.43,419264.55
1647993600,15.43,15.51,15.2,15.26,637778.2
1648008000,15.26,15.45,15.13,15.41,465255.76
1648022400,15.41,15.47,15.23,15.32,474816.29
1648036800,15.32,15.89,15.25,15.8,961008.7
1648051200,15.8,15.98,15.53,15.55,843890.76
1648065600,15.55,15.85,15.53,15.83,444328.33
1648080000,15.83,16.0,15.6,15.62,782058.88
1648094400,15.62,15.96,15.6,15.91,593857.45
1648108800,15.91,16.22,15.85,16.18,1214989.22
1648123200,16.18,16.39,15.8,16.36,1412009.13
1648137600,16.36,16.44,16.15,16.16,773030.28
1648152000,16.16,16.26,16.09,16.17,429044.02
1648166400,16.17,16.19,15.93,16.01,732840.29
1648180800,16.01,16.28,15.99,16.02,471723.42
1648195200,16.02,16.4,15.8,16.36,811075.76
1648209600,16.36,16.46,15.83,15.9,1141246.07
1648224000,15.9,16.0,15.47,15.61,1132203.3
1648238400,15.61,15.68,15.47,15.59,365165.23
1648252800,15.59,15.73,15.49,15.69,436789.02
1648267200,15.69,15.92,15.68,15.87,286401.56
1648281600,15.87,15.96,15.73,15.83,321569.78
1648296000,15.83,15.87,15.54,15.59,692221.76
1648310400,15.59,15.8,15.54,15.74,336433.41
1648324800,15.74,15.89,15.71,15.83,351615.49
1648339200,15.83,16.1,15.79,16.02,499010.51
1648353600,16.02,16.17,15.92,16.14,394742.28
1648368000,16.14,16.15,15.88,15.92,375050.93
1648382400,15.92,16.07,15.63,16.06,665941.59
1648396800,16.06,16.31,16.03,16.22,648995.26
1648411200,16.22,16.91,16.16,16.87,1353738.26
1648425600,16.87,16.95,16.63,16.79,929127.18
1648440000,16.79,17.12,16.73,17.04,1001189.66
1648454400,17.04,17.29,16.89,17.08,1036860.46
1648468800,17.08,17.37,16.98,16.98,1170721.15
1648483200,16.98,17.25,16.91,17.1,890339.68
1648497600,17.1,17.22,16.34,16.5,890360.47
1648512000,16.5,17.17,16.47,16.87,752140.12
1648526400,16.87,17.15,16.86,16.88,449493.49
1648540800,16.88,17.24,16.87,17.22,563902.12
1648555200,17.22,17.52,16.97,17.0,1205084.4
1648569600,17.0,17.08,16.66,16.98,854411.22
1648584000,16.98,17.02,16.57,16.98,671546.3
1648598400,16.98,17.39,16.53,17.35,949709.13
1648612800,17.35,17.46,17.06,17.32,586159.37
1648627200,17.32,17.39,17.12,17.27,553907.62
1648641600,17.27,17.45,16.87,17.28,1146800.68
1648656000,17.28,17.58,17.04,17.19,1164364.18
1648670400,17.19,17.3,17.04,17.22,465735.42
1648684800,17.22,17.56,17.16,17.3,562761.49
1648699200,17.3,17.55,17.23,17.52,478650.59
1648713600,17.52,18.05,17.49,17.84,1058335.27
1648728000,17.84,17.99,17.06,17.18,1814897.05
1648742400,17.18,17.21,16.64,16.86,1348716.8
1648756800,16.86,17.09,16.75,16.91,507325.94
1648771200,16.91,17.08,16.16,16.46,1226800.39
1648785600,16.46,16.84,16.42,16.83,490147.32
1648800000,16.83,16.93,16.69,16.73,562460.06
1648814400,16.73,17.37,16.47,17.29,1312938.91
1648828800,17.29,17.35,17.09,17.23,606535.1
1648843200,17.23,17.37,17.05,17.34,323034.06
1648857600,17.34,17.6,17.19,17.3,646507.09
1648872000,17.3,17.49,17.28,17.43,346693.9
1648886400,17.43,17.73,17.37,17.63,490543.4
1648900800,17.63,17.87,17.22,17.32,1034025.37
1648915200,17.32,17.54,17.1,17.39,685395.99
1648929600,17.39,17.68,17.32,17.4,430918.5
1648944000,17.4,17.7,17.15,17.47,549549.42
1648958400,17.47,17.96,17.45,17.8,722621.8
1648972800,17.8,17.86,17.6,17.79,392780.46
1648987200,17.79,17.93,17.64,17.89,413202.21
1649001600,17.89,18.26,17.81,17.96,721100.62
1649016000,17.96,18.32,17.9,18.08,631642.98
1649030400,18.08,18.08,17.56,17.65,756426.76
1649044800,17.65,17.95,17.58,17.85,428580.11
1649059200,17.85,17.89,17.3,17.51,721950.56
1649073600,17.51,17.55,16.96,17.01,834143.71
1649088000,17.01,17.26,16.82,17.23,705867.82
1649102400,17.23,17.57,17.14,17.5,364170.37
1649116800,17.5,17.66,17.35,17.56,331338.02
1649131200,17.56,17.6,17.31,17.39,221868.37
1649145600,17.39,17.42,17.21,17.36,281517.36
1649160000,17.36,17.57,16.97,17.12,692755.91
1649174400,17.12,17.25,16.95,17.14,406156.0
1649188800,17.14,17.18,16.66,16.74,403458.18
1649203200,16.74,16.79,16.05,16.4,871433.56
1649217600,16.4,16.66,16.3,16.54,431590.37
1649232000,16.54,16.59,16.04,16.15,555636.97
1649246400,16.15,16.29,15.54,15.74,1372604.26
1649260800,15.74,15.8,15.34,15.63,928823.75
1649275200,15.63,15.8,15.27,15.41,469659.67
1649289600,15.41,15.64,15.1,15.36,813212.81
1649304000,15.36,15.68,15.33,15.61,295036.21
1649318400,15.61,15.86,15.44,15.81,477220.76
1649332800,15.81,15.88,15.29,15.49,744506.55
1649347200,15.49,15.72,15.35,15.61,338040.91
1649361600,15.61,15.88,15.58,15.75,199844.52
1649376000,15.75,15.91,15.64,15.88,273612.24
1649390400,15.88,15.9,15.64,15.78,268163.76
1649404800,15.78,15.85,15.44,15.45,346044.15
1649419200,15.45,15.79,15.2,15.66,653140.15
1649433600,15.66,15.75,15.34,15.41,408738.25
1649448000,15.41,15.48,15.01,15.13,371454.51
1649462400,15.13,15.47,15.12,15.34,333129.21
1649476800,15.34,15.42,15.25,15.36,229935.46
1649491200,15.36,15.38,15.2,15.3,200215.19
1649505600,15.3,15.46,15.15,15.19,253105.8
1649520000,15.19,15.39,15.17,15.28,157755.86
1649534400,15.28,15.46,15.22,15.43,192586.38
1649548800,15.43,15.58,15.35,15.54,180893.55
1649563200,15.54,15.64,15.41,15.45,122764.38
1649577600,15.45,15.49,15.24,15.35,210812.22
1649592000,15.35,15.49,15.31,15.47,243100.37
1649606400,15.47,15.91,15.46,15.85,413713.85
1649620800,15.85,15.93,15.17,15.24,440042.48
1649635200,15.24,15.28,14.77,14.9,542249.87
1649649600,14.9,15.0,14.86,14.94,230219.71
1649664000,14.94,14.97,14.12,14.18,1083555.71
1649678400,14.18,14.28,13.93,13.96,682570.65
1649692800,13.96,14.16,13.82,13.91,558004.64
1649707200,13.91,13.95,13.51,13.76,885522.14
1649721600,13.76,13.92,13.69,13.79,403267.27
1649736000,13.79,14.09,13.77,14.04,376441.44
1649750400,14.04,14.18,13.93,14.16,302628.39
1649764800,14.16,14.33,13.9,14.02,739341.85
1649779200,14.02,14.1,13.63,13.66,470978.7
1649793600,13.66,14.02,13.64,13.98,356870.98
1649808000,13.98,14.09,13.85,14.0,314456.81
1649822400,14.0,14.11,13.96,14.03,201573.99
1649836800,14.03,14.06,13.75,13.76,305980.34
1649851200,13.76,14.18,13.68,14.09,753172.57
1649865600,14.09,14.22,14.0,14.05,425338.08
1649880000,14.05,14.21,14.04,14.19,228087.3
1649894400,14.19,14.33,14.1,14.18,336207.53
1649908800,14.18,14.24,14.07,14.18,235792.98
1649923200,14.18,14.23,13.87,13.9,348715.85
1649937600,13.9,14.1,13.48,13.5,828988.44
1649952000,13.5,13.72,13.33,13.59,927657.95
1649966400,13.59,13.7,13.53,13.65,227932.21
1649980800,13.65,13.9,13.63,13.9,240702.7
1649995200,13.9,14.05,13.79,13.91,415743.43
1650009600,13.91,14.03,13.86,13.91,203216.31
1650024000,13.91,14.05,13.7,13.9,321417.7
1650038400,13.9,14.02,13.81,13.96,270645.15
1650052800,13.96,14.19,13.92,14.11,367724.49
1650067200,14.11,14.28,14.05,14.05,300856.38
1650081600,14.05,14.14,13.99,13.99,147194.11
1650096000,13.99,14.16,13.97,14.1,197757.79
1650110400,14.1,14.22,13.83,13.88,408568.75
1650124800,13.88,14.03,13.84,13.93,219560.17
1650139200,13.93,14.2,13.86,14.14,243518.84
1650153600,14.14,14.4,14.0,14.27,355370.86
1650168000,14.27,14.58,14.26,14.5,505226.65
1650182400,14.5,14.6,14.41,14.6,438020.96
1650196800,14.6,14.62,14.4,14.48,374711.51
1650211200,14.48,14.53,14.06,14.2,411108.8
1650225600,14.2,14.22,13.65,13.73,551246.92
1650240000,13.73,13.85,13.68,13.82,334755.14
1650254400,13.82,13.83,13.14,13.2,1186572.7
1650268800,13.2,13.37,13.18,13.32,452118.69
1650283200,13.32,13.57,13.26,13.31,742866.15
1650297600,13.31,13.89,13.21,13.84,893456.1
1650312000,13.84,14.06,13.83,14.06,330297.8
1650326400,14.06,14.21,13.84,13.89,356049.92
1650340800,13.89,13.99,13.86,13.9,195470.27
1650355200,13.9,14.23,13.83,14.07,460912.85
1650369600,14.07,14.42,14.04,14.29,541940.76
1650384000,14.29,14.37,14.07,14.13,428132.85
1650398400,14.13,14.29,14.02,14.24,287069.26
1650412800,14.24,14.27,14.02,14.19,303305.78
1650427200,14.19,14.42,14.1,14.29,361264.95
1650441600,14.29,14.5,14.24,14.44,534404.47
1650456000,14.44,14.49,13.83,13.91,1187244.65
1650470400,13.91,13.95,13.7,13.93,535636.47
1650484800,13.93,14.12,13.92,14.02,337468.6
1650499200,14.02,14.26,14.0,14.18,330044.91
1650513600,14.18,14.24,13.91,14.07,325585.03
1650528000,14.07,14.35,13.9,14.26,510002.37
1650542400,14.26,14.37,14.08,14.1,522335.05
1650556800,14.1,14.13,13.73,13.77,465119.41
1650571200,13.77,13.8,13.34,13.57,829824.82
1650585600,13.57,13.79,13.5,13.75,395074.8
1650600000,13.75,13.88,13.63,13.82,380790.38
1650614400,13.82,13.84,13.63,13.81,344644.28
1650628800,13.81,13.85,13.47,13.52,627980.41
1650643200,13.52,13.85,13.47,13.7,514486.49
1650657600,13.7,13.77,13.56,13.58,195607.89
1650672000,13.58,13.68,13.38,13.45,286071.51
1650686400,13.45,13.53,13.27,13.49,309643.05
1650700800,13.49,13.61,13.44,13.59,202811.78
1650715200,13.59,13.63,13.48,13.55,205197.35
1650729600,13.55,13.62,13.33,13.39,299478.36
1650744000,13.39,13.48,13.18,13.31,263099.31
1650758400,13.31,13.59,13.3,13.56,242096.49
1650772800,13.56,13.63,13.51,13.52,160015.5
1650787200,13.52,13.54,13.34,13.37,142962.56
1650801600,13.37,13.55,13.27,13.45,355987.23
1650816000,13.45,13.49,13.21,13.46,428157.15
1650830400,13.46,13.48,13.24,13.26,480747.85
1650844800,13.26,13.3,12.83,13.1,1042325.62
1650859200,13.1,13.14,12.54,12.59,747878.75
1650873600,12.59,12.92,12.53,12.9,534634.84
1650888000,12.9,13.2,12.82,12.99,870772.34
1650902400,12.99,13.39,12.96,13.37,608830.2
1650916800,13.37,13.51,13.32,13.44,353961.65
1650931200,13.44,13.51,13.29,13.34,341407.2
1650945600,13.34,13.39,13.25,13.35,336811.79
1650960000,13.35,13.48,13.21,13.33,315158.07
1650974400,13.33,13.39,12.63,12.66,805021.74
1650988800,12.66,12.79,12.37,12.52,852519.23
1651003200,12.52,12.59,12.14,12.37,632797.19
1651017600,12.37,12.58,12.3,12.52,438179.51
1651032000,12.52,12.7,12.5,12.7,375180.45
1651046400,12.7,12.73,12.42,12.55,588455.34
1651060800,12.55,12.76,12.36,12.61,918550.75
1651075200,12.61,12.8,12.51,12.59,576369.65
1651089600,12.59,12.77,12.59,12.74,306051.81
1651104000,12.74,12.84,12.56,12.61,411699.27
1651118400,12.61,12.81,12.56,12.77,366000.45
1651132800,12.77,12.99,12.76,12.79,678576.08
1651147200,12.79,12.86,12.4,12.51,1090373.85
1651161600,12.51,12.8,12.41,12.68,723241.69
1651176000,12.68,12.8,12.53,12.66,398455.0
1651190400,12.66,12.73,12.45,12.53,339247.4
1651204800,12.53,12.65,12.44,12.63,312002.09
1651219200,12.63,12.64,12.09,12.18,601476.46
1651233600,12.18,12.43,12.1,12.31,646370.55
1651248000,12.31,12.31,11.83,11.93,771405.32
1651262400,11.93,12.04,11.84,11.97,379963.95
1651276800,11.97,12.2,11.94,12.13,272875.63
1651291200,12.13,12.25,12.08,12.11,279138.65
1651305600,12.11,12.14,11.97,12.05,299514.94
1651320000,12.05,12.1,11.64,11.8,570881.01
1651334400,11.8,11.85,11.51,11.69,764221.95
1651348800,11.69,11.7,10.65,10.95,2149693.41
1651363200,10.95,11.23,10.81,11.14,1092852.34
1651377600,11.14,11.24,11.0,11.1,645102.39
1651392000,11.1,11.2,11.07,11.08,372806.88
1651406400,11.08,11.38,10.97,11.32,605236.19
1651420800,11.32,11.5,10.9,10.98,822745.85
1651435200,10.98,11.38,10.93,11.31,481360.32
1651449600,11.31,11.45,11.2,11.21,449805.05
1651464000,11.21,11.37,11.18,11.25,454858.27
1651478400,11.25,11.29,10.88,10.91,528199.65
1651492800,10.91,11.29,10.87,11.19,1130238.92
1651507200,11.19,11.21,10.77,11.09,941804.34
1651521600,11.09,11.39,11.04,11.17,432840.72
1651536000,11.17,11.33,11.05,11.3,385703.95
1651550400,11.3,11.36,11.23,11.33,483499.28
1651564800,11.33,11.5,11.14,11.41,550696.85
1651579200,11.41,11.44,11.14,11.25,933636.45
1651593600,11.25,11.29,10.81,10.88,1028659.92
1651608000,10.88,11.16,10.8,11.12,478084.33
1651622400,11.12,11.33,11.08,11.23,487766.34
1651636800,11.23,11.35,11.15,11.33,382133.57
1651651200,11.33,11.53,11.29,11.46,792940.41
1651665600,11.46,11.5,11.11,11.23,595636.35
1651680000,11.23,12.1,11.16,12.02,1910330.21
1651694400,12.02,12.23,12.0,12.2,593260.21
1651708800,12.2,12.29,12.1,12.15,496599.1
1651723200,12.15,12.16,11.91,12.0,486206.23
1651737600,12.0,12.08,11.85,11.92,500869.62
1651752000,11.92,12.03,10.81,10.91,2183169.66
1651766400,10.91,11.05,10.63,10.86,2076661.25
1651780800,10.86,10.95,10.74,10.91,602835.94
1651795200,10.91,11.01,10.8,10.98,496109.99
1651809600,10.98,11.03,10.63,10.83,879612.12
1651824000,10.83,10.93,10.49,10.6,890652.19
1651838400,10.6,10.91,10.4,10.7,1742558.811
1651852800,10.7,10.81,10.58,10.76,1051716.34
1651867200,10.76,10.88,10.7,10.79,267092.12
1651881600,10.79,10.84,10.62,10.65,358266.06
1651896000,10.65,10.76,10.53,10.74,298405.5
1651910400,10.74,10.84,10.7,10.78,327012.1
1651924800,10.78,10.82,10.65,10.72,283086.33
1651939200,10.72,10.75,10.57,10.66,323606.55
1651953600,10.66,10.67,10.0,10.21,1050653.454
1651968000,10.21,10.31,9.88,10.05,1057132.78
1651982400,10.05,10.23,10.01,10.16,370578.63
1651996800,10.16,10.38,10.1,10.29,452743.05
1652011200,10.29,10.31,9.98,10.09,725909.76
1652025600,10.09,10.27,9.84,10.23,889350.812
1652040000,10.23,10.25,9.94,10.0,525737.03
1652054400,10.0,10.16,9.68,9.8,952532.05
1652068800,9.8,9.93,9.59,9.68,840094.3
1652083200,9.68,9.75,9.08,9.39,1881636.881
1652097600,9.39,9.49,9.0,9.11,1802047.86
1652112000,9.11,9.19,8.29,8.59,3382543.669
1652126400,8.59,8.92,8.01,8.1,2239894.73
1652140800,8.1,8.57,7.89,8.31,4228059.918
1652155200,8.31,9.16,8.27,8.82,3082781.27
1652169600,8.82,9.14,8.78,9.12,1502549.14
1652184000,9.12,9.33,8.67,8.91,2138085.65
1652198400,8.91,9.12,8.67,8.71,1288142.84
1652212800,8.71,8.74,8.21,8.59,1746106.23
1652227200,8.59,8.82,8.38,8.65,1405658.05
1652241600,8.65,8.85,7.89,8.15,3161392.29
1652256000,8.15,8.73,8.04,8.21,2539272.44
1652270400,8.21,8.53,6.92,7.67,6553642.511
1652284800,7.67,7.76,6.94,6.98,2306440.15
1652299200,6.98,7.13,6.54,6.95,2728260.45
1652313600,6.95,7.43,6.42,6.42,3923841.835
1652328000,6.42,6.48,5.53,6.17,7536186.23
1652342400,6.17,6.55,5.98,6.32,3392661.42
1652356800,6.32,6.89,6.03,6.54,2443454.31
1652371200,6.54,6.99,6.37,6.6,1935662.14
1652385600,6.6,6.65,6.29,6.56,1417824.03
1652400000,6.56,7.26,6.48,7.16,2106278.15
1652414400,7.16,7.5,7.11,7.11,1927204.14
1652428800,7.11,7.59,7.11,7.58,1390718.19
1652443200,7.58,7.71,7.23,7.3,1910904.72
1652457600,7.3,7.8,7.02,7.24,1568112.49
1652472000,7.24,7.38,7.02,7.15,849300.61
1652486400,7.15,7.44,7.06,7.29,1012766.38
1652500800,7.29,7.29,6.98,7.01,905938.79
1652515200,7.01,7.14,6.7,6.78,1066130.22
1652529600,6.78,6.84,6.64,6.68,914413.37
1652544000,6.68,7.15,6.65,6.99,951266.27
1652558400,6.99,7.32,6.98,7.26,811316.5
1652572800,7.26,7.37,7.01,7.11,712017.38
1652587200,7.11,7.38,7.05,7.25,549056.42
1652601600,7.25,7.58,7.11,7.57,872765.3
1652616000,7.57,7.68,7.35,7.53,1132240.86
1652630400,7.53,7.73,7.5,7.71,667042.8
1652644800,7.71,7.99,7.68,7.96,1121474.59
1652659200,7.96,7.97,7.49,7.57,1194965.17
1652673600,7.57,7.58,7.16,7.29,1382917.64
1652688000,7.29,7.51,7.16,7.35,1202383.53
1652702400,7.35,7.55,7.21,7.34,1994333.06
1652716800,7.34,7.5,7.22,7.4,1178955.17
1652731200,7.4,7.62,7.38,7.42,728956.37
1652745600,7.42,7.76,7.39,7.72,950858.09
1652760000,7.72,7.85,7.67,7.7,536624.62
1652774400,7.7,7.88,7.66,7.72,838928.29
1652788800,7.72,7.98,7.53,7.61,1210589.93
1652803200,7.61,7.67,7.3,7.53,1284571.46
1652817600,7.53,7.77,7.51,7.72,465744.5
1652832000,7.72,7.81,7.41,7.45,589372.32
1652846400,7.45,7.59,7.42,7.5,471142.34
1652860800,7.5,7.55,7.42,7.49,564820.95
1652875200,7.49,7.5,6.92,6.96,1850738.58
1652889600,6.96,7.12,6.86,7.08,1228142.55
1652904000,7.08,7.09,6.78,6.81,746251.39
1652918400,6.81,6.95,6.64,6.89,1367125.33
1652932800,6.89,6.98,6.81,6.84,603142.94
1652947200,6.84,7.0,6.68,6.97,986429.66
1652961600,6.97,7.26,6.87,7.21,1589990.82
1652976000,7.21,7.23,7.06,7.07,768119.33
1652990400,7.07,7.26,7.02,7.22,576987.05
1653004800,7.22,7.37,7.08,7.11,866937.44
1653019200,7.11,7.16,6.95,7.06,825698.92
1653033600,7.06,7.32,7.02,7.29,934443.98
1653048000,7.29,7.3,6.84,6.85,1350406.29
1653062400,6.85,6.99,6.75,6.98,970889.4
1653076800,6.98,7.01,6.85,6.87,378039.67
1653091200,6.87,6.99,6.77,6.98,518127.1
1653105600,6.98,7.05,6.88,7.01,340351.89
1653120000,7.01,7.05,6.93,6.98,291403.19
1653134400,6.98,7.08,6.93,7.07,469292.9
1653148800,7.07,7.12,7.02,7.05,334565.81
1653163200,7.05,7.11,6.99,7.06,211736.72
1653177600,7.06,7.11,7.0,7.03,324956.95
1653192000,7.03,7.07,6.92,7.04,343068.66
1653206400,7.04,7.41,7.03,7.26,3289746.19
1653220800,7.26,7.39,7.2,7.24,667629.88
1653235200,7.24,7.34,7.17,7.23,331066.6
1653249600,7.23,7.41,7.19,7.33,569354.16
1653264000,7.33,7.42,7.2,7.28,452068.62
1653278400,7.28,7.54,7.27,7.52,609951.18
1653292800,7.52,7.61,7.42,7.56,658740.12
1653307200,7.56,7.63,7.42,7.57,1332791.61
1653321600,7.57,7.68,7.18,7.19,1073350.07
1653336000,7.19,7.33,6.98,7.02,1009234.61
1653350400,7.02,7.11,6.98,7.07,489514.66
1653364800,7.07,7.13,7.0,7.11,457264.87
1653379200,7.11,7.81,6.87,7.01,1983135.25
1653393600,7.01,7.14,6.72,7.08,1475273.06
1653408000,7.08,7.16,6.92,7.07,892917.61
1653422400,7.07,7.31,7.03,7.23,699667.59
1653436800,7.23,7.4,7.13,7.33,717902.22
1653451200,7.33,7.34,7.11,7.13,644044.91
1653465600,7.13,7.18,6.96,7.0,862074.67
1653480000,7.0,7.21,6.96,7.06,1225726.82
1653494400,7.06,7.11,6.95,6.99,792161.54
1653508800,6.99,7.08,6.94,6.96,497006.99
1653523200,6.96,7.09,6.92,7.01,577915.12
1653537600,7.01,7.02,6.71,6.84,725330.48
1653552000,6.84,6.86,6.39,6.44,1404736.36
1653566400,6.44,6.76,6.22,6.71,1850778.65
1653580800,6.71,6.89,6.6,6.6,749124.11
1653595200,6.6,6.78,6.56,6.57,703676.34
1653609600,6.57,6.65,6.29,6.51,1249683.36
1653624000,6.51,6.57,6.23,6.45,1203576.25
1653638400,6.45,6.64,6.39,6.56,1113883.67
1653652800,6.56,6.71,6.41,6.48,1128814.45
1653667200,6.48,6.5,6.22,6.38,1105728.98
1653681600,6.38,6.45,6.2,6.29,602015.08
1653696000,6.29,6.46,6.21,6.37,795066.28
1653710400,6.37,6.48,6.34,6.4,447699.07
1653724800,6.4,6.5,6.34,6.45,426243.91
1653739200,6.45,6.58,6.43,6.55,750152.01
1653753600,6.55,6.59,6.44,6.53,580001.44
1653768000,6.53,6.66,6.41,6.58,598251.29
1653782400,6.58,6.58,6.34,6.41,543846.39
1653796800,6.41,6.48,6.37,6.45,236777.64
1653811200,6.45,6.61,6.44,6.59,349012.8
1653825600,6.59,6.75,6.58,6.65,606785.84
1653840000,6.65,6.7,6.62,6.67,257356.91
1653854400,6.67,6.73,6.62,6.71,501396.47
1653868800,6.71,7.09,6.65,7.0,1144879.89
1653883200,7.0,7.29,7.0,7.27,1084951.8
1653897600,7.27,7.32,7.13,7.16,865043.17
1653912000,7.16,7.26,7.05,7.19,867213.69
1653926400,7.19,7.31,7.14,7.18,603082.87
1653940800,7.18,7.52,7.14,7.46,1398915.37
1653955200,7.46,7.64,7.37,7.53,860337.5
1653969600,7.53,7.62,7.42,7.47,768939.28
1653984000,7.47,7.51,7.36,7.46,543538.8
1653998400,7.46,7.63,7.18,7.6,1325047.59
1654012800,7.6,7.66,7.35,7.38,945804.82
1654027200,7.38,7.73,7.38,7.59,812541.92
1654041600,7.59,7.77,7.45,7.48,1007028.09
1654056000,7.48,7.63,7.41,7.46,555045.11
1654070400,7.46,7.61,7.42,7.49,627978.99
1654084800,7.49,7.66,7.19,7.2,1711893.02
1654099200,7.2,7.22,6.96,7.03,1588569.72
1654113600,7.03,7.04,6.75,6.93,946000.1
1654128000,6.93,6.95,6.82,6.86,567459.53
1654142400,6.86,7.02,6.81,6.95,525743.71
1654156800,6.95,7.08,6.92,7.07,563693.11
1654171200,7.07,7.09,6.82,7.02,1097651.1
1654185600,7.02,7.13,6.99,7.06,624655.52
1654200000,7.06,7.25,7.05,7.19,467346.97
1654214400,7.19,7.22,7.05,7.09,600755.53
1654228800,7.09,7.09,7.0,7.02,322545.72
1654243200,7.02,7.04,6.69,6.78,961078.03
1654257600,6.78,6.89,6.69,6.84,1214662.02
1654272000,6.84,6.9,6.77,6.79,378749.69
1654286400,6.79,6.94,6.76,6.85,261116.21
1654300800,6.85,6.89,6.68,6.75,411097.33
1654315200,6.75,6.9,6.73,6.89,294765.5
1654329600,6.89,6.98,6.86,6.9,259895.03
1654344000,6.9,7.01,6.74,6.99,471452.46
1654358400,6.99,7.1,6.92,7.01,370053.39
1654372800,7.01,7.44,7.0,7.4,1199772.28
1654387200,7.4,7.48,7.31,7.36,792510.95
1654401600,7.36,7.39,7.28,7.28,524485.74
1654416000,7.28,7.35,7.25,7.33,518441.65
1654430400,7.33,7.58,7.31,7.56,965289.37
1654444800,7.56,7.65,7.47,7.58,1128610.59
1654459200,7.58,7.89,7.58,7.64,1275543.86
1654473600,7.64,8.05,7.62,7.99,1846071.66
1654488000,7.99,8.09,7.88,7.92,941737.78
1654502400,7.92,8.2,7.9,7.97,1118200.28
1654516800,7.97,8.05,7.77,7.9,1501106.87
1654531200,7.9,7.91,7.73,7.81,827762.72
1654545600,7.81,8.0,7.71,7.97,570809.63
1654560000,7.97,7.98,7.31,7.57,1992930.08
1654574400,7.57,7.7,7.49,7.69,481916.48
1654588800,7.69,7.71,7.46,7.52,582774.21
1654603200,7.52,7.85,7.42,7.78,1046034.15
1654617600,7.78,8.52,7.71,8.4,2166569.46
1654632000,8.4,9.0,8.35,8.71,5179690.65
1654646400,8.71,8.85,8.29,8.34,3787930.13
1654660800,8.34,8.57,8.23,8.41,1840505.53
1654675200,8.41,8.59,8.25,8.45,1626384.28
1654689600,8.45,8.71,8.35,8.56,1898487.18
1654704000,8.56,8.85,8.43,8.71,2100578.89
1654718400,8.71,9.0,8.6,8.7,1497343.88
1654732800,8.7,8.86,8.55,8.64,1094321.59
1654747200,8.64,8.82,8.49,8.81,1180359.17
1654761600,8.81,9.39,8.69,9.19,2814955.7
1654776000,9.19,9.56,9.1,9.45,3581882.71
1654790400,9.45,9.64,9.12,9.13,2454522.3
1654804800,9.13,9.38,9.11,9.27,1025377.66
1654819200,9.27,9.54,9.04,9.37,1983964.96
1654833600,9.37,9.38,9.02,9.06,979947.26
1654848000,9.06,9.12,8.74,8.86,2276407.39
1654862400,8.86,9.09,8.41,8.62,3642199.88
1654876800,8.62,8.63,8.22,8.3,1911454.8
1654891200,8.3,8.44,8.0,8.04,1759279.69
1654905600,8.04,8.34,8.02,8.3,1066193.82
1654920000,8.3,8.42,8.17,8.25,879197.6
1654934400,8.25,8.28,7.48,7.58,3330207.74
1654948800,7.58,7.72,7.04,7.15,3976674.19
1654963200,7.15,7.33,7.08,7.16,1821523.46
1654977600,7.16,7.25,6.94,7.04,1005755.78
1654992000,7.04,7.14,6.48,6.62,2170693.62
1655006400,6.62,6.8,6.45,6.76,1474900.91
1655020800,6.76,6.88,6.54,6.68,1320502.21
1655035200,6.68,7.14,6.49,7.02,2399156.15
1655049600,7.02,7.05,6.72,6.74,929264.04
1655064000,6.74,6.79,6.25,6.27,2463869.9
1655078400,6.27,6.35,5.69,5.95,4710190.02
1655092800,5.95,6.3,5.56,5.67,3985774.15
1655107200,5.67,5.72,5.3,5.46,5130955.69
1655121600,5.46,5.83,5.32,5.73,4229298.11
1655136000,5.73,6.08,5.67,5.89,3197458.43
1655150400,5.89,6.26,5.61,5.93,2450277.27
1655164800,5.93,6.39,5.39,6.29,5360073.7
1655179200,6.29,6.47,6.01,6.39,4568570.01
1655193600,6.39,6.41,6.0,6.17,2209649.37
1655208000,6.17,6.47,5.98,6.41,3459635.7
1655222400,6.41,6.77,6.36,6.59,3589944.52
1655236800,6.59,6.88,6.25,6.74,3007270.42
1655251200,6.74,6.91,6.49,6.52,2825625.89
1655265600,6.52,6.54,6.12,6.22,4201975.85
1655280000,6.22,6.5,5.83,6.45,6555095.92
1655294400,6.45,6.59,6.26,6.46,2885293.04
1655308800,6.46,7.28,6.05,6.91,9395843.16
1655323200,6.91,7.38,6.86,7.33,2941067.28
1655337600,7.33,7.51,6.98,6.99,2592465.12
1655352000,6.99,7.1,6.63,6.69,1723102.94
1655366400,6.69,6.79,6.24,6.32,2827410.93
1655380800,6.32,6.73,6.2,6.58,5110165.19
1655395200,6.58,6.83,6.43,6.52,2611992.48
1655409600,6.52,6.76,6.24,6.36,1920631.46
1655424000,6.36,6.74,6.26,6.42,1998617.94
1655438400,6.42,6.66,6.4,6.58,1326166.85
1655452800,6.58,6.64,6.39,6.45,1305486.9
1655467200,6.45,6.53,6.29,6.43,1733684.37
1655481600,6.43,6.48,6.34,6.38,926080.96
1655496000,6.38,6.49,6.31,6.36,754108.25
1655510400,6.36,6.47,6.05,6.11,1547408.31
1655524800,6.11,6.22,5.71,5.79,3486505.27
1655539200,5.79,5.97,5.65,5.84,2860507.74
1655553600,5.84,5.91,5.71,5.75,1924576.59
1655568000,5.75,5.85,5.54,5.56,2203384.16
1655582400,5.56,6.04,5.41,5.92,3926565.58
1655596800,5.92,6.23,5.83,6.0,1976346.48
1655611200,6.0,6.18,5.88,6.07,1540984.21
1655625600,6.07,6.46,6.02,6.33,2115043.81
1655640000,6.33,6.46,6.2,6.43,1367875.9
1655654400,6.43,6.72,6.31,6.61,1563921.88
1655668800,6.61,6.82,6.54,6.6,1303607.0
1655683200,6.6,6.66,6.31,6.43,1339722.8
1655697600,6.43,6.49,6.32,6.4,816533.69
1655712000,6.4,7.05,6.39,6.97,2241329.81
1655726400,6.97,7.29,6.75,7.12,3044319.77
1655740800,7.12,7.16,6.81,6.9,1591959.28
1655755200,6.9,7.07,6.76,6.98,1132066.66
1655769600,6.98,7.32,6.83,7.26,1497310.65
1655784000,7.26,7.45,7.19,7.3,1418129.01
1655798400,7.3,7.57,7.2,7.23,1657311.55
1655812800,7.23,7.46,7.19,7.33,1730183.01
1655827200,7.33,7.45,6.78,6.8,1835476.61
1655841600,6.8,6.97,6.75,6.86,1325251.7
1655856000,6.86,6.95,6.62,6.65,1815861.95
1655870400,6.65,6.82,6.56,6.64,1009340.07
1655884800,6.64,6.93,6.58,6.85,784392.59
1655899200,6.85,7.03,6.67,6.71,2026675.88
1655913600,6.71,6.8,6.51,6.59,1479725.83
1655928000,6.59,6.76,6.44,6.63,1397604.84
1655942400,6.63,6.87,6.61,6.77,1571457.11
1655956800,6.77,7.06,6.74,6.91,886131.5
1655971200,6.91,7.08,6.84,7.01,1195394.4
1655985600,7.01,7.09,6.69,6.76,1246872.4
1656000000,6.76,6.94,6.66,6.93,774882.3
1656014400,6.93,7.05,6.87,6.99,997722.49
1656028800,6.99,7.26,6.95,7.12,1096908.7
1656043200,7.12,7.2,6.96,7.07,789837.85
1656057600,7.07,7.27,7.02,7.2,999955.78
1656072000,7.2,7.32,6.99,7.07,1683179.5
1656086400,7.07,7.24,6.96,7.23,918071.7
1656100800,7.23,7.44,7.17,7.26,978823.96
1656115200,7.26,7.36,7.11,7.22,747269.65
1656129600,7.22,7.38,7.15,7.34,666426.24
1656144000,7.34,7.37,7.13,7.14,584666.11
1656158400,7.14,7.17,6.79,6.84,1621870.77
1656172800,6.84,6.99,6.82,6.95,983766.01
1656187200,6.95,7.31,6.93,7.26,1047120.33
1656201600,7.26,7.34,7.11,7.18,520476.7
1656216000,7.18,7.32,7.12,7.22,428707.16
1656230400,7.22,7.39,7.11,7.36,779730.74
1656244800,7.36,7.49,6.97,7.06,1668318.82
1656259200,7.06,7.1,6.86,7.0,780732.19
1656273600,7.0,7.19,6.68,6.7,1422816.54
1656288000,6.7,6.93,6.66,6.91,936137.19
1656302400,6.91,6.96,6.78,6.92,635193.76
1656316800,6.92,6.99,6.83,6.84,672970.86
1656331200,6.84,6.88,6.55,6.6,1701943.84
1656345600,6.6,6.69,6.41,6.53,1525493.52
1656360000,6.53,6.66,6.47,6.55,1029596.94
1656374400,6.55,6.66,6.3,6.49,1015997.4
1656388800,6.49,6.63,6.45,6.58,450150.08
1656403200,6.58,6.74,6.55,6.66,980688.2
1656417600,6.66,7.26,6.52,6.54,5888395.83
1656432000,6.54,6.62,6.36,6.42,1492670.65
1656446400,6.42,6.52,6.27,6.32,829722.54
1656460800,6.32,6.49,6.27,6.39,960963.57
1656475200,6.39,6.43,6.18,6.35,1091035.66
1656489600,6.35,6.48,6.22,6.35,1213147.06
1656504000,6.35,6.43,6.19,6.35,1383518.35
1656518400,6.35,6.38,6.13,6.38,1405892.93
1656532800,6.38,6.45,6.15,6.23,904076.28
1656547200,6.23,6.28,6.07,6.2,967384.62
1656561600,6.2,6.3,5.99,6.05,1091156.68
1656576000,6.05,6.05,5.89,5.98,1320133.97
1656590400,5.98,6.18,5.88,6.09,1367156.06
1656604800,6.09,6.21,5.99,6.05,733447.43
1656619200,6.05,6.32,5.92,6.27,1225492.37
1656633600,6.27,6.43,6.18,6.19,2069423.95
1656648000,6.19,6.2,5.99,6.11,1087729.86
1656662400,6.11,6.17,5.93,6.0,915571.77
1656676800,6.0,6.14,5.96,6.01,1170571.42
1656691200,6.01,6.13,5.99,6.11,671314.58
1656705600,6.11,6.24,6.04,6.08,629889.58
1656720000,6.08,6.15,5.98,6.01,627063.7
1656734400,6.01,6.17,6.0,6.11,402322.84
1656748800,6.11,6.18,6.03,6.15,389086.85
1656763200,6.15,6.22,6.04,6.11,632371.17
1656777600,6.11,6.26,6.1,6.19,423755.69
1656792000,6.19,6.29,6.17,6.22,295228.19
1656806400,6.22,6.23,6.09,6.15,358387.91
1656820800,6.15,6.22,6.01,6.1,793314.41
1656835200,6.1,6.14,6.02,6.11,327573.98
1656849600,6.11,6.14,6.02,6.07,385937.24
1656864000,6.07,6.23,6.05,6.2,380426.46
1656878400,6.2,6.25,6.15,6.22,531427.0
1656892800,6.22,6.25,6.02,6.04,609976.56
1656907200,6.04,6.15,6.03,6.1,340829.35
1656921600,6.1,6.35,6.07,6.33,807257.21
1656936000,6.33,6.4,6.19,6.26,1309416.14
1656950400,6.26,6.35,6.24,6.28,607384.92
1656964800,6.28,6.46,6.24,6.43,845741.87
1656979200,6.43,6.46,6.31,6.41,803360.55
1656993600,6.41,6.56,6.37,6.45,901870.29
1657008000,6.45,6.46,6.16,6.18,1081500.56
1657022400,6.18,6.19,6.06,6.14,1133024.91
1657036800,6.14,6.41,6.11,6.34,914883.41
1657051200,6.34,6.45,6.3,6.31,980028.38
1657065600,6.31,6.41,6.17,6.26,917791.46
1657080000,6.26,6.37,6.24,6.31,600892.01
1657094400,6.31,6.38,6.25,6.26,580536.19
1657108800,6.26,6.31,6.2,6.24,774894.11
1657123200,6.24,6.35,6.22,6.28,529508.36
1657137600,6.28,6.42,6.27,6.34,553069.69
1657152000,6.34,6.44,6.31,6.38,498835.87
1657166400,6.38,6.42,6.34,6.4,409015.07
1657180800,6.4,6.53,6.39,6.49,672553.81
1657195200,6.49,6.69,6.46,6.6,1244309.42
1657209600,6.6,6.76,6.59,6.73,941624.65
1657224000,6.73,6.74,6.55,6.64,709175.99
1657238400,6.64,6.84,6.58,6.72,839563.88
1657252800,6.72,6.82,6.53,6.57,965338.82
1657267200,6.57,6.6,6.4,6.45,916254.26
1657281600,6.45,6.57,6.33,6.42,1837625.73
1657296000,6.42,6.48,6.35,6.45,861985.01
1657310400,6.45,6.51,6.34,6.36,694270.09
1657324800,6.36,6.46,6.34,6.42,551232.88
1657339200,6.42,6.51,6.39,6.48,344722.87
1657353600,6.48,6.53,6.38,6.4,483180.08
1657368000,6.4,6.47,6.38,6.43,403941.07
1657382400,6.43,6.59,6.43,6.52,526391.65
1657396800,6.52,6.53,6.47,6.48,378134.83
1657411200,6.48,6.49,6.32,6.35,921290.33
1657425600,6.35,6.4,6.33,6.36,276386.56
1657440000,6.36,6.38,6.25,6.3,427387.05
1657454400,6.3,6.33,6.12,6.16,826203.67
1657468800,6.16,6.21,6.1,6.19,413416.79
1657483200,6.19,6.22,6.12,6.2,508387.53
1657497600,6.2,6.24,6.05,6.2,731023.17
1657512000,6.2,6.29,6.13,6.28,766115.6
1657526400,6.28,6.34,6.2,6.21,561578.81
1657540800,6.21,6.32,6.15,6.3,845399.84
1657555200,6.3,6.43,6.28,6.3,788444.2
1657569600,6.3,6.34,5.98,6.04,1183896.3
1657584000,6.04,6.18,6.0,6.13,754170.82
1657598400,6.13,6.23,6.1,6.17,592852.51
1657612800,6.17,6.19,6.04,6.15,612198.3
1657627200,6.15,6.22,6.12,6.17,449402.32
1657641600,6.17,6.24,6.04,6.07,677370.4
1657656000,6.07,6.11,5.92,5.94,701480.28
1657670400,5.94,6.04,5.92,6.01,423109.88
1657684800,6.01,6.125,5.98,6.107,568075.92
1657699200,6.107,6.16,6.042,6.105,770424.21
1657713600,6.105,6.171,5.7,5.935,3370363.0
1657728000,5.935,6.1,5.89,6.003,796527.39
1657742400,6.003,6.19,5.975,6.175,853050.16
1657756800,6.175,6.29,6.127,6.196,1383574.54
1657771200,6.196,6.229,6.112,6.137,1068729.15
1657785600,6.137,6.158,6.004,6.028,883053.78
1657800000,6.028,6.25,5.993,6.22,986730.99
1657814400,6.22,6.387,6.191,6.296,1513022.24
1657828800,6.296,6.327,6.179,6.275,1224242.29
1657843200,6.275,6.368,6.216,6.293,1604181.33
1657857600,6.293,6.326,6.207,6.288,1323433.68
1657872000,6.288,6.39,6.236,6.24,1605229.24
1657886400,6.24,6.341,6.205,6.227,1957309.91
1657900800,6.227,6.417,6.121,6.4,1736625.73
1657915200,6.4,6.457,6.259,6.325,1762771.26
1657929600,6.325,6.369,6.19,6.269,1369452.77
1657944000,6.269,6.293,6.142,6.167,831591.28
1657958400,6.167,6.219,6.159,6.186,513885.71
1657972800,6.186,6.325,6.168,6.322,853509.99
1657987200,6.322,6.541,6.319,6.479,2147977.92
1658001600,6.479,6.618,6.425,6.595,1147625.82
1658016000,6.595,6.62,6.452,6.539,851586.32
1658030400,6.539,6.715,6.504,6.598,1009177.28
1658044800,6.598,6.647,6.481,6.535,818984.16
1658059200,6.535,6.55,6.412,6.449,937839.0
1658073600,6.449,6.534,6.32,6.424,1024811.04
1658088000,6.424,6.469,6.321,6.347,703453.81
1658102400,6.347,6.58,6.329,6.551,1117264.44
1658116800,6.551,6.815,6.508,6.782,1824843.07
1658131200,6.782,7.07,6.762,6.94,2210293.32
1658145600,6.94,7.149,6.864,7.125,2065822.89
1658160000,7.125,7.131,6.712,6.764,1873859.91
1658174400,6.764,7.09,6.747,7.037,1313797.21
1658188800,7.037,7.228,6.8,6.818,3077950.13
1658203200,6.818,6.933,6.734,6.83,1335665.17
1658217600,6.83,7.025,6.81,6.973,1376807.21
1658232000,6.973,7.206,6.966,7.15,2318791.37
1658246400,7.15,7.37,7.12,7.276,2490484.9
1658260800,7.276,7.37,7.211,7.254,1057701.45
1658275200,7.254,7.479,7.15,7.435,2028583.47
1658289600,7.435,7.581,7.352,7.355,1461033.9
1658304000,7.355,7.496,7.243,7.329,1241913.15
1658318400,7.329,7.434,7.213,7.328,1607369.36
1658332800,7.328,7.343,7.041,7.063,1540937.82
1658347200,7.063,7.109,6.83,6.867,1737716.51
1658361600,6.867,6.952,6.673,6.712,1362167.67
1658376000,6.712,6.852,6.645,6.805,743968.27
1658390400,6.805,6.849,6.691,6.763,777000.22
1658404800,6.763,6.927,6.73,6.841,1299369.26
1658419200,6.841,7.042,6.832,7.018,1170164.05
1658433600,7.018,7.055,6.933,6.994,1016154.58
1658448000,6.994,7.14,6.942,6.956,1322748.3
1658462400,6.956,7.1,6.909,7.035,767822.32
1658476800,7.035,7.285,7.016,7.216,1341064.0
1658491200,7.216,7.276,6.941,6.962,1701114.75
1658505600,6.962,7.041,6.757,6.779,1163619.97
1658520000,6.779,6.862,6.744,6.782,697854.28
1658534400,6.782,6.919,6.708,6.867,624505.42
1658548800,6.867,7.002,6.865,6.967,516007.73
1658563200,6.967,7.03,6.686,6.697,966536.24
1658577600,6.697,6.793,6.632,6.744,701501.49
1658592000,6.744,6.774,6.608,6.751,739428.3
1658606400,6.751,6.897,6.74,6.844,684735.64
1658620800,6.844,6.95,6.841,6.886,750372.94
1658635200,6.886,7.086,6.864,7.024,743818.07
1658649600,7.024,7.166,6.944,7.077,895946.27
1658664000,7.077,7.134,6.967,7.106,925682.65
1658678400,7.106,7.113,7.005,7.058,545530.14
1658692800,7.058,7.247,7.02,7.094,1133268.55
1658707200,7.094,7.145,6.675,6.713,1300667.09
1658721600,6.713,6.834,6.671,6.809,760356.65
1658736000,6.809,6.844,6.75,6.798,572832.13
1658750400,6.798,6.818,6.653,6.768,878559.36
1658764800,6.768,6.827,6.571,6.657,923936.61
1658779200,6.657,6.777,6.411,6.431,1708111.19
1658793600,6.431,6.448,6.268,6.389,1462574.34
1658808000,6.389,6.427,6.274,6.286,665386.54
1658822400,6.286,6.35,6.23,6.292,498319.36
1658836800,6.292,6.36,6.137,6.15,1155806.74
1658851200,6.15,6.254,6.077,6.139,717947.07
1658865600,6.139,6.355,6.103,6.341,1000929.82
1658880000,6.341,6.354,6.187,6.206,615245.72
1658894400,6.206,6.374,6.205,6.332,579180.31
1658908800,6.332,6.367,6.217,6.231,547764.29
1658923200,6.231,6.377,6.21,6.345,651285.93
1658937600,6.345,6.792,6.264,6.744,2049928.62
1658952000,6.744,6.869,6.719,6.86,982736.81
1658966400,6.86,6.965,6.784,6.867,1072032.96
1658980800,6.867,6.925,6.792,6.811,622258.97
1658995200,6.811,6.903,6.774,6.878,703173.64
1659009600,6.878,7.13,6.677,7.068,2092466.93
1659024000,7.068,7.229,7.047,7.13,1355091.4
1659038400,7.13,7.295,7.128,7.217,1014305.28
1659052800,7.217,7.675,7.11,7.63,2319756.9
1659067200,7.63,7.797,7.53,7.594,1778197.33
1659081600,7.594,7.883,7.48,7.494,2275289.17
1659096000,7.494,8.089,7.385,7.911,2808056.17
1659110400,7.911,8.083,7.716,7.991,2064836.78
1659124800,7.991,8.118,7.846,7.883,1523702.3
1659139200,7.883,8.11,7.706,7.773,1664345.23
1659153600,7.773,7.89,7.668,7.841,997419.47
1659168000,7.841,7.952,7.701,7.822,1167910.5
1659182400,7.822,8.21,7.771,8.195,1852257.77
1659196800,8.195,8.196,7.862,7.883,1652881.75
1659211200,7.883,7.928,7.703,7.82,1040024.11
1659225600,7.82,8.092,7.751,7.921,1106081.59
1659240000,7.921,7.965,7.788,7.797,642066.67
1659254400,7.797,7.87,7.701,7.816,731284.12
1659268800,7.816,7.929,7.719,7.836,1110537.21
1659283200,7.836,8.06,7.716,7.922,1568861.08
1659297600,7.922,7.985,7.578,7.651,1026656.62
1659312000,7.651,7.88,7.623,7.758,662101.85
1659326400,7.758,7.801,7.583,7.702,609947.9
1659340800,7.702,7.74,7.484,7.604,858106.14
1659355200,7.604,7.781,7.464,7.673,1211468.21
1659369600,7.673,7.699,7.407,7.474,1127976.98
1659384000,7.474,7.601,7.441,7.57,663632.72
1659398400,7.57,7.665,7.041,7.118,2027383.33
1659412800,7.118,7.174,7.02,7.163,838227.55
1659427200,7.163,7.23,7.045,7.183,823600.74
1659441600,7.183,7.345,7.071,7.296,1496224.46
1659456000,7.296,7.475,7.214,7.277,1098872.66
1659470400,7.277,7.338,7.156,7.177,905668.36
1659484800,7.177,7.231,7.05,7.193,759962.38
1659499200,7.193,7.441,7.179,7.426,1005888.05
1659513600,7.426,7.587,7.425,7.567,882977.01
1659528000,7.567,7.638,7.432,7.518,843274.65
1659542400,7.518,7.592,7.49,7.537,433319.5
1659556800,7.537,7.546,7.23,7.284,612509.61
1659571200,7.284,7.498,7.267,7.42,615845.38
1659585600,7.42,7.54,7.324,7.387,624818.15
1659600000,7.387,7.426,7.32,7.357,583382.12
1659614400,7.357,7.469,7.256,7.354,995532.01
1659628800,7.354,7.401,7.176,7.27,699631.6
1659643200,7.27,7.38,7.241,7.364,385564.07
1659657600,7.364,7.639,7.348,7.632,787865.76
1659672000,7.632,7.801,7.632,7.708,787800.03
1659686400,7.708,7.84,7.643,7.803,663621.02
1659700800,7.803,7.9,7.638,7.717,1699312.18
1659715200,7.717,7.749,7.585,7.644,796953.45
1659729600,7.644,7.89,7.618,7.878,508348.49
1659744000,7.878,7.892,7.762,7.778,467923.07
1659758400,7.778,7.981,7.768,7.95,723252.38
1659772800,7.95,8.11,7.917,7.924,861035.62
1659787200,7.924,7.977,7.867,7.881,370415.83
1659801600,7.881,7.894,7.735,7.851,415463.63
1659816000,7.851,7.897,7.753,7.792,372710.87
1659830400,7.792,7.856,7.658,7.737,784169.65
1659844800,7.737,7.77,7.7,7.741,274412.29
1659859200,7.741,7.813,7.685,7.813,311709.93
1659873600,7.813,7.891,7.787,7.844,461655.79
1659888000,7.844,8.227,7.832,8.225,1060483.99
1659902400,8.225,8.375,8.207,8.343,1314353.94
1659916800,8.343,8.5,8.224,8.408,1688660.02
1659931200,8.408,8.528,8.363,8.455,780773.53
1659945600,8.455,8.75,8.443,8.687,1292401.73
1659960000,8.687,8.754,8.52,8.67,1423568.27
1659974400,8.67,8.78,8.502,8.545,1240759.64
1659988800,8.545,8.697,8.385,8.608,1680332.9
1660003200,8.608,8.953,8.533,8.713,1463031.41
1660017600,8.713,8.779,8.485,8.622,1192905.17
1660032000,8.622,8.631,8.355,8.425,1837984.0
1660046400,8.425,8.685,8.27,8.59,2257086.76
1660060800,8.59,8.9,8.513,8.625,2136775.96
1660075200,8.625,8.876,8.619,8.742,963229.17
1660089600,8.742,8.742,8.354,8.405,1569817.55
1660104000,8.405,8.484,8.297,8.394,634266.26
1660118400,8.394,8.471,8.34,8.423,585049.89
1660132800,8.423,9.277,8.377,9.209,3605858.36
1660147200,9.209,9.3,9.03,9.041,1620156.17
1660161600,9.041,9.118,8.973,9.055,999326.89
1660176000,9.055,9.227,8.929,9.081,1408955.96
1660190400,9.081,9.155,8.904,8.97,931890.41
1660204800,8.97,9.06,8.927,9.025,588422.62
1660219200,9.025,9.211,8.823,8.864,1590968.67
1660233600,8.864,9.158,8.853,9.117,815458.23
1660248000,9.117,9.142,8.906,8.958,700974.73
1660262400,8.958,9.087,8.8,9.052,905025.59
1660276800,9.052,9.083,8.865,9.049,432460.07
1660291200,9.049,9.313,8.942,9.058,1991675.2
1660305600,9.058,9.5,9.055,9.284,2864417.88
1660320000,9.284,9.318,9.146,9.208,859061.39
1660334400,9.208,9.369,9.121,9.324,768648.76
1660348800,9.324,9.373,9.2,9.339,789297.95
1660363200,9.339,9.482,9.232,9.235,877962.94
1660377600,9.235,9.3,9.068,9.144,813227.56
1660392000,9.144,9.216,9.06,9.177,675025.51
1660406400,9.177,9.211,9.097,9.12,360138.66
1660420800,9.12,9.217,9.081,9.144,264948.89
1660435200,9.144,9.21,8.974,9.179,707273.68
1660449600,9.179,9.353,9.116,9.35,578759.5
1660464000,9.35,9.369,9.115,9.124,399834.26
1660478400,9.124,9.13,8.86,8.994,1258342.75
1660492800,8.994,9.003,8.677,8.837,1038358.92
1660507200,8.837,8.861,8.703,8.765,436911.54
1660521600,8.765,9.057,8.54,8.969,1311171.45
1660536000,8.969,8.99,8.516,8.572,1099246.25
1660550400,8.572,8.7,8.502,8.619,670078.64
1660564800,8.619,8.851,8.529,8.787,862654.31
1660579200,8.787,8.855,8.613,8.668,677078.83
1660593600,8.668,8.743,8.493,8.646,554009.76
1660608000,8.646,8.826,8.491,8.674,1026134.88
1660622400,8.674,8.707,8.514,8.631,347945.65
1660636800,8.631,8.717,8.584,8.645,434325.95
1660651200,8.645,8.672,8.37,8.528,939754.17
1660665600,8.528,8.577,8.378,8.494,426672.6
1660680000,8.494,8.55,8.403,8.452,283237.82
1660694400,8.452,8.658,8.43,8.631,574491.85
1660708800,8.631,8.749,8.43,8.442,852123.1
1660723200,8.442,8.549,8.391,8.425,566664.5
1660737600,8.425,8.427,8.044,8.091,1622892.29
1660752000,8.091,8.233,8.066,8.133,595254.27
1660766400,8.133,8.203,7.99,8.061,837190.86
1660780800,8.061,8.138,7.94,8.112,422578.75
1660795200,8.112,8.208,8.035,8.192,569427.44
1660809600,8.192,8.24,8.126,8.225,525451.22
1660824000,8.225,8.241,8.062,8.131,512618.41
1660838400,8.131,8.135,7.943,8.005,740547.98
1660852800,8.005,8.067,7.615,7.649,1171924.01
1660867200,7.649,7.701,7.38,7.462,2030518.78
1660881600,7.462,7.479,7.05,7.13,1977309.26
1660896000,7.13,7.161,6.924,7.058,1626044.71
1660910400,7.058,7.143,6.963,7.119,850660.28
1660924800,7.119,7.219,7.016,7.113,801219.94
1660939200,7.113,7.148,6.816,6.899,1217931.2
1660953600,6.899,7.124,6.89,7.069,1022682.58
1660968000,7.069,7.207,7.043,7.154,920070.62
1660982400,7.154,7.156,7.036,7.073,514020.02
1660996800,7.073,7.077,6.942,7.023,763804.04
1661011200,7.023,7.033,6.705,6.726,1114712.71
1661025600,6.726,6.94,6.66,6.9,848235.02
1661040000,6.9,6.977,6.88,6.918,358293.91
1661054400,6.918,7.053,6.882,7.043,507711.09
1661068800,7.043,7.147,7.015,7.116,829498.6
1661083200,7.116,7.177,7.004,7.042,664618.0
1661097600,7.042,7.117,7.006,7.087,375701.04
1661112000,7.087,7.169,6.937,7.082,758509.14
1661126400,7.082,7.088,6.981,7.015,441070.64
1661140800,7.015,7.042,6.755,6.769,703591.63
1661155200,6.769,6.887,6.68,6.836,653476.35
1661169600,6.836,6.893,6.714,6.883,1017552.7
1661184000,6.883,6.918,6.777,6.839,432299.33
1661198400,6.839,7.051,6.839,7.044,469086.63
1661212800,7.044,7.13,7.036,7.048,683801.74
1661227200,7.048,7.064,6.772,6.94,654283.39
1661241600,6.94,7.094,6.938,7.085,617103.49
1661256000,7.085,7.262,6.986,7.237,1228650.04
1661270400,7.237,7.355,7.134,7.232,685022.18
1661284800,7.232,7.299,7.184,7.241,302577.57
1661299200,7.241,7.25,7.018,7.039,616147.17
1661313600,7.039,7.171,7.016,7.072,400605.9
1661328000,7.072,7.194,7.069,7.181,347911.27
1661342400,7.181,7.3,7.09,7.292,545395.3
1661356800,7.292,7.376,7.245,7.277,410363.22
1661371200,7.277,7.299,7.111,7.124,356686.56
1661385600,7.124,7.296,7.115,7.188,387175.98
1661400000,7.188,7.372,7.185,7.353,375490.53
1661414400,7.353,7.372,7.246,7.269,537664.48
1661428800,7.269,7.299,7.026,7.087,1069434.89
1661443200,7.087,7.158,6.998,7.138,1140855.89
1661457600,7.138,7.175,7.073,7.124,343747.97
1661472000,7.124,7.146,7.023,7.112,369355.33
1661486400,7.112,7.134,6.901,6.978,590370.76
1661500800,6.978,7.007,6.813,6.883,596570.32
1661515200,6.883,7.187,6.713,6.764,2162710.84
1661529600,6.764,6.778,6.567,6.656,1036409.77
1661544000,6.656,6.71,6.404,6.504,1127448.98
1661558400,6.504,6.588,6.452,6.55,746843.29
1661572800,6.55,6.608,6.415,6.601,679001.89
1661587200,6.601,6.614,6.539,6.583,391570.17
1661601600,6.583,6.605,6.439,6.503,528856.81
1661616000,6.503,6.534,6.414,6.497,601285.63
1661630400,6.497,6.569,6.435,6.529,314277.84
1661644800,6.529,6.572,6.434,6.487,355802.77
1661659200,6.487,6.56,6.431,6.542,401311.97
1661673600,6.542,6.569,6.472,6.507,337857.62
1661688000,6.507,6.584,6.411,6.578,728566.85
1661702400,6.578,6.634,6.497,6.505,371912.51
1661716800,6.505,6.535,6.226,6.255,1215130.82
1661731200,6.255,6.409,6.2,6.361,758482.81
1661745600,6.361,6.377,6.279,6.349,350898.26
1661760000,6.349,6.368,6.312,6.366,321274.82
1661774400,6.366,6.648,6.362,6.564,1030888.12
1661788800,6.564,6.61,6.523,6.564,468302.24
1661803200,6.564,6.734,6.549,6.7,567203.18
1661817600,6.7,6.716,6.607,6.663,373857.74
1661832000,6.663,6.827,6.661,6.786,578377.15
1661846400,6.786,6.816,6.721,6.741,417894.01
1661860800,6.741,6.771,6.45,6.515,953956.33
1661875200,6.515,6.661,6.366,6.595,799014.83
1661889600,6.595,6.666,6.524,6.556,403018.65
1661904000,6.556,6.831,6.556,6.789,528770.83
1661918400,6.789,6.9,6.721,6.751,601969.36
1661932800,6.751,6.86,6.685,6.803,483740.66
1661947200,6.803,6.853,6.591,6.688,837408.94
1661961600,6.688,6.714,6.545,6.65,738975.75
1661976000,6.65,6.763,6.578,6.627,554427.19
1661990400,6.627,6.69,6.516,6.561,435957.31
1662004800,6.561,6.637,6.47,6.518,308784.89
1662019200,6.518,6.747,6.463,6.738,577985.33
1662033600,6.738,6.771,6.445,6.545,850814.7
1662048000,6.545,6.686,6.504,6.661,464280.66
1662062400,6.661,6.961,6.647,6.925,720251.8
1662076800,6.925,6.983,6.827,6.934,497715.04
1662091200,6.934,6.991,6.837,6.884,295451.68
1662105600,6.884,6.959,6.84,6.931,478080.47
1662120000,6.931,7.213,6.891,7.183,1312769.45
1662134400,7.183,7.24,6.787,6.837,1018450.33
1662148800,6.837,6.958,6.817,6.926,393236.81
1662163200,6.926,6.966,6.85,6.878,346690.15
1662177600,6.878,6.931,6.758,6.822,354224.88
1662192000,6.822,6.869,6.794,6.832,240060.96
1662206400,6.832,6.887,6.797,6.813,220237.58
1662220800,6.813,6.846,6.721,6.789,318512.29
1662235200,6.789,6.86,6.774,6.859,153002.06
1662249600,6.859,6.93,6.832,6.863,664887.56
1662264000,6.863,6.925,6.817,6.823,264725.87
1662278400,6.823,7.066,6.79,7.063,517907.33
1662292800,7.063,7.233,7.033,7.195,1523444.88
1662307200,7.195,7.278,7.156,7.163,618852.47
1662321600,7.163,7.192,7.074,7.156,474175.47
1662336000,7.156,7.285,7.121,7.198,497732.27
1662350400,7.198,7.28,7.12,7.224,682032.91
1662364800,7.224,7.226,7.094,7.144,848606.42
1662379200,7.144,7.39,7.112,7.288,1021074.11
1662393600,7.288,7.336,7.187,7.222,501486.87
1662408000,7.222,7.424,7.22,7.375,487103.47
1662422400,7.375,7.568,7.207,7.279,1274284.74
1662436800,7.279,7.391,7.243,7.337,389597.92
1662451200,7.337,7.361,7.234,7.308,391679.4
1662465600,7.308,7.353,7.1,7.189,700623.12
1662480000,7.189,7.205,6.653,6.684,1748338.53
1662494400,6.684,6.749,6.576,6.659,1109736.52
1662508800,6.659,6.768,6.57,6.636,1497157.73
1662523200,6.636,6.717,6.605,6.711,465182.03
1662537600,6.711,6.777,6.688,6.757,526163.42
1662552000,6.757,6.829,6.674,6.785,632601.13
1662566400,6.785,6.967,6.773,6.911,810084.11
1662580800,6.911,7.15,6.91,7.085,924748.08
1662595200,7.085,7.133,7.008,7.054,497509.39
1662609600,7.054,7.162,7.006,7.057,640913.31
1662624000,7.057,7.32,7.037,7.252,935878.02
1662638400,7.252,7.443,7.154,7.36,1761208.25
1662652800,7.36,7.5,7.286,7.497,1512545.92
1662667200,7.497,7.5,7.377,7.406,538163.85
1662681600,7.406,7.764,7.392,7.762,1392805.98
1662696000,7.762,7.904,7.719,7.86,1216052.81
1662710400,7.86,8.043,7.86,7.956,1725323.94
1662724800,7.956,8.099,7.827,7.83,1232974.02
1662739200,7.83,7.839,7.658,7.726,1306668.78
1662753600,7.726,7.818,7.631,7.742,607127.28
1662768000,7.742,7.838,7.66,7.758,707563.92
1662782400,7.758,7.83,7.616,7.646,807094.04
1662796800,7.646,7.797,7.644,7.775,593195.85
1662811200,7.775,7.821,7.677,7.738,828836.06
1662825600,7.738,8.034,7.729,7.936,2077438.32
1662840000,7.936,7.995,7.822,7.904,1027709.69
1662854400,7.904,7.978,7.857,7.881,549793.32
1662868800,7.881,7.987,7.732,7.939,631252.87
1662883200,7.939,8.173,7.926,7.989,1046186.04
1662897600,7.989,8.021,7.839,7.86,882777.43
1662912000,7.86,7.999,7.847,7.968,734056.48
1662926400,7.968,8.074,7.782,8.028,1202780.88
1662940800,8.028,8.3,7.856,7.92,2122541.27
1662955200,7.92,8.045,7.886,8.044,661868.02
1662969600,8.044,8.143,7.975,8.08,886879.32
1662984000,8.08,8.086,7.679,7.724,1305171.8
1662998400,7.724,7.814,7.609,7.805,934587.95
1663012800,7.805,7.843,7.708,7.762,580772.01
1663027200,7.762,7.769,7.555,7.699,863137.2
1663041600,7.699,7.83,7.667,7.799,585321.39
1663056000,7.799,7.911,7.703,7.896,827551.23
1663070400,7.896,7.963,7.165,7.191,2952526.58
1663084800,7.191,7.301,7.048,7.211,1339519.29
1663099200,7.211,7.253,7.02,7.025,640429.7
1663113600,7.025,7.278,6.982,7.253,985816.91
1663128000,7.253,7.285,7.096,7.193,617891.39
1663142400,7.193,7.32,7.14,7.278,658407.48
1663156800,7.278,7.456,7.199,7.426,1352375.97
1663171200,7.426,7.525,7.251,7.41,1713594.59
1663185600,7.41,7.54,7.353,7.456,585513.65
1663200000,7.456,7.471,7.117,7.199,1262802.98
1663214400,7.199,7.492,7.123,7.405,1429484.18
1663228800,7.405,7.405,7.231,7.318,767894.49
1663243200,7.318,7.355,7.011,7.179,1432881.3
1663257600,7.179,7.386,7.116,7.316,802365.49
1663272000,7.316,7.605,7.316,7.566,1397121.03
1663286400,7.566,7.66,7.419,7.533,1078583.11
1663300800,7.533,7.638,7.485,7.594,605534.7
1663315200,7.594,7.762,7.469,7.744,1470418.88
1663329600,7.744,7.803,7.574,7.732,1809702.87
1663344000,7.732,7.755,7.527,7.58,1119486.37
1663358400,7.58,7.688,7.544,7.656,542745.87
1663372800,7.656,7.833,7.641,7.802,671724.03
1663387200,7.802,8.073,7.797,8.0,1517372.97
1663401600,8.0,8.041,7.836,7.842,1039022.6
1663416000,7.842,7.977,7.827,7.907,522936.66
1663430400,7.907,8.084,7.904,8.02,660802.88
1663444800,8.02,8.143,7.931,8.092,650564.85
1663459200,8.092,8.14,7.912,7.957,713599.49
1663473600,7.957,8.1,7.947,8.007,711857.92
1663488000,8.007,8.029,7.815,7.929,745898.46
1663502400,7.929,7.997,7.826,7.877,810328.17
1663516800,7.877,7.901,7.715,7.835,1030732.08
1663531200,7.835,7.843,7.402,7.523,1453926.53
1663545600,7.523,7.677,7.161,7.2,1933888.27
1663560000,7.2,7.247,7.038,7.17,1460876.28
1663574400,7.17,7.173,7.005,7.141,1074673.4
1663588800,7.141,7.392,7.11,7.27,1475641.91
1663603200,7.27,7.352,7.14,7.336,971037.69
1663617600,7.336,7.381,7.274,7.301,900005.62
1663632000,7.301,7.337,7.134,7.197,878632.51
1663646400,7.197,7.293,7.154,7.207,462929.31
1663660800,7.207,7.252,7.095,7.134,578258.99
1663675200,7.134,7.222,7.006,7.208,1239610.83
1663689600,7.208,7.235,6.855,6.956,1325115.8
1663704000,6.956,7.011,6.81,6.883,824475.62
1663718400,6.883,7.003,6.83,6.93,626702.41
1663732800,6.93,6.991,6.767,6.862,680222.13
1663747200,6.862,7.043,6.824,7.022,627661.71
1663761600,7.022,7.07,6.915,6.952,878370.44
1663776000,6.952,7.318,6.838,6.968,3205187.5
1663790400,6.968,6.984,6.519,6.68,2266296.58
1663804800,6.68,6.785,6.638,6.74,674290.78
1663819200,6.74,6.887,6.738,6.88,579154.91
1663833600,6.88,7.086,6.874,7.073,933529.55
1663848000,7.073,7.082,6.868,6.947,973327.11
1663862400,6.947,7.169,6.863,7.106,812120.56
1663876800,7.106,7.176,7.037,7.123,597678.48
1663891200,7.123,7.24,7.012,7.23,712384.91
1663905600,7.23,7.281,7.093,7.114,685024.36
1663920000,7.114,7.316,6.995,7.214,2655038.99
1663934400,7.214,7.3,6.975,7.096,1518377.26
1663948800,7.096,7.114,6.963,7.093,807664.29
1663963200,7.093,7.492,7.092,7.449,1257828.24
1663977600,7.449,7.507,7.371,7.419,1156427.68
1663992000,7.419,7.625,7.416,7.548,1213189.28
1664006400,7.548,7.741,7.518,7.611,1309360.3
1664020800,7.611,7.691,7.585,7.677,939613.12
1664035200,7.677,7.874,7.659,7.793,1371870.63
1664049600,7.793,7.847,7.578,7.629,945127.8
1664064000,7.629,7.779,7.626,7.754,767753.29
1664078400,7.754,8.074,7.728,8.021,1812513.6
1664092800,8.021,8.078,7.93,8.011,1361644.18
1664107200,8.011,8.05,7.749,7.906,1947531.62
1664121600,7.906,7.971,7.735,7.832,1056183.34
1664136000,7.832,7.952,7.563,7.865,1600323.24
1664150400,7.865,7.957,7.705,7.75,1132700.77
1664164800,7.75,7.756,7.465,7.622,1494547.25
1664179200,7.622,7.826,7.516,7.601,1235697.9
1664193600,7.601,7.894,7.55,7.868,1341326.35
1664208000,7.868,7.927,7.738,7.849,782536.97
1664222400,7.849,7.949,7.762,7.945,553135.85
1664236800,7.945,8.255,7.906,8.197,2517266.91
1664251200,8.197,8.399,8.183,8.225,2070942.97
1664265600,8.225,8.334,8.176,8.228,1012864.69
1664280000,8.228,8.388,8.11,8.126,1512215.3
1664294400,8.126,8.168,7.651,7.777,2797687.07
1664308800,7.777,8.154,7.707,8.056,2007789.12
1664323200,8.056,8.427,7.887,8.064,3307004.91
1664337600,8.064,8.098,7.807,7.974,1980298.16
1664352000,7.974,8.181,7.806,8.103,1740115.69
1664366400,8.103,8.54,8.044,8.204,4895352.27
1664380800,8.204,8.214,7.851,7.901,2710899.53
1664395200,7.901,7.981,7.722,7.795,1383277.26
1664409600,7.795,7.836,7.637,7.769,1792736.58
1664424000,7.769,7.817,7.637,7.69,969393.82
1664438400,7.69,7.828,7.664,7.777,793044.85
1664452800,7.777,7.886,7.57,7.767,2198919.4
1664467200,7.767,7.883,7.736,7.839,869014.15
1664481600,7.839,7.949,7.816,7.899,1063743.62
1664496000,7.899,7.919,7.775,7.804,669614.82
1664510400,7.804,7.902,7.778,7.869,424886.27
1664524800,7.869,7.885,7.67,7.682,556791.71
1664539200,7.682,7.862,7.628,7.685,1714466.12
1664553600,7.685,7.737,7.505,7.522,1415746.29
1664568000,7.522,7.612,7.515,7.585,807575.89
1664582400,7.585,7.646,7.538,7.635,543223.78
1664596800,7.635,7.638,7.537,7.605,414441.8
1664611200,7.605,7.637,7.557,7.59,310679.55
1664625600,7.59,7.594,7.51,7.558,444451.36
1664640000,7.558,7.559,7.327,7.387,1319578.49
1664654400,7.387,7.404,7.313,7.394,400105.57
1664668800,7.394,7.489,7.37,7.471,578400.78
1664683200,7.471,7.545,7.445,7.464,271251.34
1664697600,7.464,7.534,7.211,7.332,1187977.03
1664712000,7.332,7.365,7.267,7.296,434113.98
1664726400,7.296,7.37,7.274,7.348,495608.71
1664740800,7.348,7.356,7.09,7.11,1136933.97
1664755200,7.11,7.225,7.043,7.178,761531.95
1664769600,7.178,7.182,7.01,7.129,1206272.07
1664784000,7.129,7.181,7.094,7.181,508724.0
1664798400,7.181,7.303,7.148,7.236,1152303.96
1664812800,7.236,7.313,7.161,7.226,790416.9
1664827200,7.226,7.354,7.202,7.33,716607.86
1664841600,7.33,7.534,7.323,7.53,1251849.02
1664856000,7.53,7.699,7.506,7.657,1046392.96
1664870400,7.657,7.713,7.591,7.679,1017079.67
1664884800,7.679,7.83,7.662,7.733,1403373.21
1664899200,7.733,7.792,7.639,7.749,772404.5
1664913600,7.749,7.797,7.696,7.723,828768.69
1664928000,7.723,7.848,7.717,7.725,773198.35
1664942400,7.725,7.799,7.677,7.738,672194.52
1664956800,7.738,7.746,7.585,7.623,1088574.88
1664971200,7.623,7.879,7.596,7.816,1755830.56
1664985600,7.816,7.943,7.764,7.888,1162922.35
1665000000,7.888,7.914,7.795,7.875,698845.37
1665014400,7.875,7.939,7.859,7.906,636756.27
1665028800,7.906,7.935,7.768,7.817,630657.94
1665043200,7.817,7.887,7.755,7.87,592398.29
1665057600,7.87,7.9,7.68,7.753,1033795.49
1665072000,7.753,7.778,7.669,7.681,574679.54
1665086400,7.681,7.713,7.595,7.632,591879.41
1665100800,7.632,7.739,7.621,7.686,384515.46
1665115200,7.686,7.802,7.658,7.711,496168.24
1665129600,7.711,7.745,7.608,7.651,550583.89
1665144000,7.651,7.677,7.473,7.548,1665502.74
1665158400,7.548,7.656,7.482,7.596,745101.69
1665172800,7.596,7.618,7.546,7.606,245965.71
1665187200,7.606,7.656,7.576,7.586,197921.38
1665201600,7.586,7.621,7.547,7.619,188761.31
1665216000,7.619,7.621,7.556,7.571,174252.48
1665230400,7.571,7.575,7.487,7.491,647728.76
1665244800,7.491,7.518,7.455,7.463,197246.13
1665259200,7.463,7.463,7.339,7.455,654210.76
1665273600,7.455,7.478,7.417,7.443,195418.3
1665288000,7.443,7.55,7.421,7.526,224833.54
1665302400,7.526,7.598,7.484,7.552,333761.19
1665316800,7.552,7.593,7.507,7.535,247714.29
1665331200,7.535,7.657,7.514,7.619,429022.16
1665345600,7.619,7.639,7.554,7.63,218358.5
1665360000,7.63,7.705,7.606,7.626,407651.31
1665374400,7.626,7.654,7.558,7.57,255309.11
1665388800,7.57,7.577,7.386,7.482,693248.25
1665403200,7.482,7.573,7.446,7.502,551655.91
1665417600,7.502,7.628,7.478,7.601,424950.69
1665432000,7.601,7.733,7.321,7.335,1259672.66
1665446400,7.335,7.384,7.14,7.187,1111128.45
1665460800,7.187,7.262,7.169,7.228,375460.55
1665475200,7.228,7.251,7.157,7.236,385920.86
1665489600,7.236,7.314,7.14,7.295,687843.51
1665504000,7.295,7.338,7.141,7.183,708124.43
1665518400,7.183,7.204,7.068,7.135,863589.66
1665532800,7.135,7.2,7.106,7.137,392370.95
1665547200,7.137,7.278,7.133,7.23,407325.33
1665561600,7.23,7.265,7.182,7.194,277032.31
1665576000,7.194,7.212,7.106,7.176,653537.16
1665590400,7.176,7.193,7.087,7.165,321960.13
1665604800,7.165,7.197,7.123,7.145,152819.25
1665619200,7.145,7.157,6.888,6.971,847088.75
1665633600,6.971,6.975,6.611,6.721,1196873.44
1665648000,6.721,6.771,6.442,6.631,1590825.42
1665662400,6.631,6.873,6.306,6.833,2110877.02
1665676800,6.833,7.062,6.815,7.002,1044819.34
1665691200,7.002,7.105,6.994,7.027,612972.53
1665705600,7.027,7.25,6.983,7.175,611568.19
1665720000,7.175,7.2,7.107,7.126,547133.29
1665734400,7.126,7.18,7.069,7.107,703445.17
1665748800,7.107,7.25,7.011,7.036,1039370.82
1665763200,7.036,7.056,6.843,6.887,929664.54
1665777600,6.887,6.909,6.796,6.887,586805.62
1665792000,6.887,6.919,6.836,6.896,461032.07
1665806400,6.896,6.93,6.877,6.912,181240.98
1665820800,6.912,6.977,6.818,6.974,448234.87
1665835200,6.974,6.991,6.9,6.935,376310.22
1665849600,6.935,6.97,6.896,6.962,222880.34
1665864000,6.962,6.978,6.835,6.886,308116.92
1665878400,6.886,7.095,6.876,7.079,589384.98
1665892800,7.079,7.145,7.027,7.05,329994.62
1665907200,7.05,7.119,7.018,7.065,265875.48
1665921600,7.065,7.1,7.004,7.092,250675.91
1665936000,7.092,7.217,7.029,7.205,466527.34
1665950400,7.205,7.237,7.091,7.173,348776.36
1665964800,7.173,7.19,7.067,7.111,280196.92
1665979200,7.111,7.217,7.094,7.212,218138.94
1665993600,7.212,7.283,7.163,7.225,506559.19
1666008000,7.225,7.339,7.195,7.259,893773.89
1666022400,7.259,7.33,7.2,7.229,720663.05
1666036800,7.229,7.374,7.218,7.328,603892.96
1666051200,7.328,7.372,7.232,7.298,564056.47
1666065600,7.298,7.321,7.233,7.26,424525.29
1666080000,7.26,7.265,7.109,7.173,552490.94
1666094400,7.173,7.216,7.064,7.113,656124.57
1666108800,7.113,7.143,6.963,7.05,1227881.55
1666123200,7.05,7.148,7.039,7.127,387093.54
1666137600,7.127,7.135,6.997,7.037,362962.24
1666152000,7.037,7.064,6.944,7.018,267208.59
1666166400,7.018,7.062,6.908,6.959,494641.97
1666180800,6.959,7.013,6.91,6.999,517154.58
1666195200,6.999,7.003,6.889,6.942,449225.37
1666209600,6.942,6.963,6.698,6.772,807618.83
1666224000,6.772,6.815,6.684,6.762,554722.45
1666238400,6.762,6.859,6.761,6.838,356613.66
1666252800,6.838,6.886,6.79,6.84,297655.0
1666267200,6.84,6.912,6.776,6.864,723159.33
1666281600,6.864,6.865,6.618,6.699,744940.5
1666296000,6.699,6.707,6.601,6.657,376647.26
1666310400,6.657,6.691,6.545,6.647,579186.06
1666324800,6.647,6.666,6.574,6.595,254237.82
1666339200,6.595,6.607,6.464,6.517,595174.22
1666353600,6.517,6.736,6.444,6.735,1304099.55
1666368000,6.735,6.845,6.7,6.787,811776.58
1666382400,6.787,6.847,6.772,6.809,339882.5
1666396800,6.809,6.834,6.732,6.761,196989.18
1666411200,6.761,6.83,6.725,6.816,162494.83
1666425600,6.816,6.889,6.804,6.87,215242.27
1666440000,6.87,6.931,6.83,6.877,326760.95
1666454400,6.877,6.895,6.808,6.871,192212.39
1666468800,6.871,6.918,6.853,6.868,148801.46
1666483200,6.868,6.975,6.82,6.941,275344.56
1666497600,6.941,6.99,6.913,6.92,181281.45
1666512000,6.92,6.969,6.836,6.852,240351.74
1666526400,6.852,6.871,6.799,6.824,667258.67
1666540800,6.824,7.038,6.812,6.992,797749.49
1666555200,6.992,7.092,6.962,7.066,441411.62
1666569600,7.066,7.086,6.907,6.917,674220.27
1666584000,6.917,6.96,6.878,6.915,286080.56
1666598400,6.915,6.981,6.849,6.972,879070.95
1666612800,6.972,6.976,6.791,6.891,583444.91
1666627200,6.891,6.963,6.854,6.924,467521.38
1666641600,6.924,6.957,6.895,6.906,627212.8
1666656000,6.906,6.965,6.836,6.938,455236.38
1666670400,6.938,6.968,6.865,6.885,323046.06
1666684800,6.885,6.892,6.814,6.858,375933.65
1666699200,6.858,7.055,6.821,7.012,906019.61
1666713600,7.012,7.28,7.011,7.131,2358912.47
1666728000,7.131,7.147,6.991,7.063,988986.34
1666742400,7.063,7.18,7.027,7.151,354370.08
1666756800,7.151,7.227,7.129,7.173,495544.25
1666771200,7.173,7.289,7.14,7.157,816879.57
1666785600,7.157,7.29,7.042,7.214,1251567.79
1666800000,7.214,7.239,7.085,7.167,740813.48
1666814400,7.167,7.2,7.097,7.157,536331.78
1666828800,7.157,7.243,7.115,7.233,518592.75
1666843200,7.233,7.365,7.167,7.237,703408.2
1666857600,7.237,7.257,7.111,7.155,486705.08
1666872000,7.155,7.237,7.042,7.07,940882.96
1666886400,7.07,7.14,7.041,7.12,434041.84
1666900800,7.12,7.124,6.858,6.892,1235264.66
1666915200,6.892,6.947,6.83,6.895,460266.05
1666929600,6.895,6.952,6.857,6.933,679740.27
1666944000,6.933,6.982,6.889,6.929,358873.42
1666958400,6.929,7.058,6.864,7.046,613068.28
1666972800,7.046,7.172,7.034,7.165,630876.01
1666987200,7.165,7.2,7.088,7.109,453023.99
1667001600,7.109,7.214,7.103,7.2,611189.98
1667016000,7.2,7.224,7.131,7.185,337268.93
1667030400,7.185,7.29,7.142,7.156,688097.46
1667044800,7.156,7.199,7.076,7.182,570617.4
1667059200,7.182,7.599,7.169,7.546,2684967.48
1667073600,7.546,7.661,7.484,7.636,1030744.33
1667088000,7.636,7.83,7.553,7.824,1249598.9
1667102400,7.824,7.856,7.694,7.804,709217.64
1667116800,7.804,7.815,7.52,7.581,867745.75
1667131200,7.581,7.62,7.48,7.542,1032060.46
1667145600,7.542,7.784,7.518,7.742,1052713.81
1667160000,7.742,7.932,7.701,7.782,1366046.73
1667174400,7.782,7.987,7.664,7.956,1305159.85
1667188800,7.956,8.035,7.843,7.968,1240009.84
1667203200,7.968,8.197,7.838,8.086,1587143.28
1667217600,8.086,8.333,7.896,8.01,2520256.41
1667232000,8.01,8.065,7.775,7.788,1193289.35
1667246400,7.788,7.886,7.719,7.857,630730.24
1667260800,7.857,7.923,7.789,7.822,687728.17
1667275200,7.822,7.862,7.729,7.825,612941.59
1667289600,7.825,7.89,7.7,7.745,782475.43
1667304000,7.745,7.799,7.637,7.738,859203.44
1667318400,7.738,7.762,7.637,7.647,508222.32
1667332800,7.647,7.709,7.63,7.684,339898.78
1667347200,7.684,7.872,7.562,7.842,730042.14
1667361600,7.842,7.869,7.62,7.69,451752.43
1667376000,7.69,7.887,7.615,7.806,1237479.25
1667390400,7.806,7.859,7.686,7.689,1045452.33
1667404800,7.689,8.0,7.52,7.564,2879238.21
1667419200,7.564,7.602,7.338,7.437,1993709.72
1667433600,7.437,7.755,7.388,7.735,1084501.55
1667448000,7.735,7.961,7.735,7.807,1936774.03
1667462400,7.807,8.02,7.784,7.876,1417396.47
1667476800,7.876,7.974,7.654,7.839,1919546.34
1667491200,7.839,8.005,7.767,7.797,1059468.67
1667505600,7.797,7.842,7.65,7.72,596696.25
1667520000,7.72,8.28,7.66,8.228,2101186.6
1667534400,8.228,8.38,8.136,8.213,1816630.01
1667548800,8.213,8.3,8.104,8.121,1313210.7
1667563200,8.121,8.475,7.995,8.231,3086234.02
1667577600,8.231,8.599,8.178,8.592,1748339.81
1667592000,8.592,8.898,8.562,8.715,1820902.58
1667606400,8.715,8.95,8.633,8.706,1359789.63
1667620800,8.706,8.811,8.631,8.778,717585.03
1667635200,8.778,8.791,8.562,8.715,911418.51
1667649600,8.715,8.928,8.567,8.845,1206398.83
1667664000,8.845,9.008,8.81,8.896,1393446.96
1667678400,8.896,8.913,8.6,8.663,786527.74
1667692800,8.663,8.756,8.542,8.751,815890.47
1667707200,8.751,8.772,8.596,8.68,452061.44
1667721600,8.68,8.751,8.607,8.645,477613.44
1667736000,8.645,8.669,8.359,8.544,1695366.67
1667750400,8.544,8.597,8.325,8.377,740214.96
1667764800,8.377,8.391,8.094,8.101,1220960.04
1667779200,8.101,8.355,8.07,8.255,1419177.54
1667793600,8.255,8.276,7.9,7.909,1381189.23
1667808000,7.909,8.273,7.895,8.241,1201975.48
1667822400,8.241,8.542,8.219,8.54,1673721.0
1667836800,8.54,8.965,8.396,8.938,1724862.36
1667851200,8.938,9.261,8.666,8.956,3975151.28
1667865600,8.956,9.204,8.432,8.488,5555494.24
1667880000,8.488,8.661,8.039,8.559,6524559.22
1667894400,8.559,8.887,8.427,8.755,3273951.89
1667908800,8.755,8.85,8.333,8.562,3343843.37
1667923200,8.562,9.47,6.578,7.405,12978315.59
1667937600,7.405,7.821,7.094,7.708,4438949.08
1667952000,7.708,7.9,7.105,7.324,3385933.09
1667966400,7.324,7.33,7.031,7.072,2774425.89
1667980800,7.072,7.088,6.322,6.818,6571772.36
1667995200,6.818,6.976,6.379,6.455,3567297.68
1668009600,6.455,6.616,6.215,6.505,2906886.72
1668024000,6.505,6.62,5.775,6.231,4441163.57
1668038400,6.231,6.8,6.087,6.644,3601820.93
1668052800,6.644,6.899,6.579,6.735,2666060.1
1668067200,6.735,6.82,6.465,6.531,2511082.05
1668081600,6.531,7.42,6.517,7.304,5565144.07
1668096000,7.304,7.51,6.976,7.196,2542754.88
1668110400,7.196,7.376,7.115,7.21,1745395.95
1668124800,7.21,7.339,6.752,6.847,2208488.41
1668139200,6.847,7.1,6.807,7.057,1440071.43
1668153600,7.057,7.2,6.987,7.11,1251156.86
1668168000,7.11,7.224,6.513,6.785,3726715.53
1668182400,6.785,6.968,6.657,6.913,1529216.72
1668196800,6.913,7.062,6.742,7.044,1054605.22
1668211200,7.044,7.074,6.652,6.74,1574060.5
1668225600,6.74,6.786,6.202,6.487,8045072.4
1668240000,6.487,6.506,6.338,6.417,2069314.6
1668254400,6.417,6.462,6.289,6.418,1400007.2
1668268800,6.418,6.451,6.267,6.313,1178881.62
1668283200,6.313,6.317,6.158,6.281,914216.71
1668297600,6.281,6.475,6.214,6.457,1160109.26
1668312000,6.457,6.545,6.248,6.346,1416587.26
1668326400,6.346,6.359,6.111,6.206,1345733.5
1668340800,6.206,6.304,6.145,6.193,1027703.07
1668355200,6.193,6.22,6.052,6.151,984943.67
1668369600,6.151,6.16,5.94,6.078,1352951.27
1668384000,6.078,6.121,5.716,5.826,2624440.94
1668398400,5.826,6.238,5.69,6.235,2807021.07
1668412800,6.235,6.355,6.197,6.269,1945151.81
1668427200,6.269,6.438,6.133,6.199,2554067.14
1668441600,6.199,6.23,6.02,6.05,1347779.64
1668456000,6.05,6.307,6.037,6.291,935569.56
1668470400,6.291,6.37,6.207,6.301,1142277.87
1668484800,6.301,6.484,6.271,6.454,1226737.96
1668499200,6.454,6.556,6.382,6.417,1168645.83
1668513600,6.417,6.672,6.39,6.586,2255936.43
1668528000,6.586,6.638,6.294,6.362,2472933.92
1668542400,6.362,6.448,6.362,6.421,761957.33
1668556800,6.421,6.564,6.37,6.545,803560.97
1668571200,6.545,6.557,6.447,6.453,735601.98
1668585600,6.453,6.471,6.276,6.306,1133822.17
1668600000,6.306,6.319,6.1,6.138,1776869.58
1668614400,6.138,6.236,6.087,6.19,1143576.51
1668628800,6.19,6.216,6.077,6.179,698545.86
1668643200,6.179,6.262,6.103,6.116,761944.99
1668657600,6.116,6.22,6.029,6.215,700295.06
1668672000,6.215,6.237,6.095,6.209,640975.52
1668686400,6.209,6.259,6.063,6.136,1384417.3
1668700800,6.136,6.311,6.115,6.275,671576.53
1668715200,6.275,6.342,6.205,6.225,729202.85
1668729600,6.225,6.44,6.217,6.338,2069807.25
1668744000,6.338,6.348,6.234,6.255,512180.47
1668758400,6.255,6.273,6.15,6.216,641816.99
1668772800,6.216,6.252,6.122,6.16,990082.7
1668787200,6.16,6.173,6.069,6.123,633445.26
1668801600,6.123,6.2,6.117,6.183,369263.46
1668816000,6.183,6.199,6.066,6.108,522121.55
1668830400,6.108,6.13,5.99,6.076,688562.94
1668844800,6.076,6.12,6.057,6.111,413621.4
1668859200,6.111,6.163,6.081,6.152,504117.05
1668873600,6.152,6.177,6.13,6.161,350577.97
1668888000,6.161,6.22,6.13,6.146,434601.14
1668902400,6.146,6.23,6.143,6.205,658567.15
1668916800,6.205,6.252,6.178,6.231,473595.73
1668931200,6.231,6.239,5.926,5.97,1180544.53
1668945600,5.97,6.049,5.913,6.016,855280.5
1668960000,6.016,6.028,5.919,5.993,482353.95
1668974400,5.993,6.0,5.709,5.768,1302399.74
1668988800,5.768,5.812,5.605,5.702,1476860.89
1669003200,5.702,5.81,5.691,5.753,1364990.77
1669017600,5.753,5.769,5.68,5.73,786644.56
1669032000,5.73,5.857,5.717,5.805,1003930.88
1669046400,5.805,5.819,5.528,5.608,1352447.59
1669060800,5.608,5.896,5.604,5.876,1873222.32
1669075200,5.876,6.068,5.856,6.066,1411442.69
1669089600,6.066,6.142,5.839,5.956,2314920.35
1669104000,5.956,6.005,5.837,5.966,1212691.82
1669118400,5.966,6.442,5.925,6.401,4218726.5
1669132800,6.401,6.439,6.277,6.385,1605157.96
1669147200,6.385,6.485,6.305,6.422,1128848.01
1669161600,6.422,6.554,6.343,6.534,2113303.46
1669176000,6.534,6.619,6.444,6.554,1518123.23
1669190400,6.554,6.581,6.448,6.476,1235481.2
1669204800,6.476,6.488,6.344,6.438,1253016.11
1669219200,6.438,6.796,6.36,6.749,2577497.75
1669233600,6.749,6.809,6.662,6.707,1179981.5
1669248000,6.707,6.88,6.635,6.788,1555605.56
1669262400,6.788,6.792,6.685,6.701,781667.53
1669276800,6.701,6.737,6.586,6.677,953757.7
1669291200,6.677,6.9,6.625,6.863,1806987.73
1669305600,6.863,6.978,6.8,6.824,1000269.54
1669320000,6.824,6.877,6.768,6.831,614816.18
1669334400,6.831,6.839,6.674,6.825,790637.34
1669348800,6.825,6.849,6.661,6.815,1342769.95
1669363200,6.815,6.978,6.696,6.896,1183211.19
1669377600,6.896,6.993,6.745,6.763,1175882.32
1669392000,6.763,6.913,6.715,6.903,638900.9
1669406400,6.903,6.917,6.807,6.848,629620.63
1669420800,6.848,6.999,6.835,6.869,1015973.49
1669435200,6.869,6.932,6.824,6.864,560689.51
1669449600,6.864,6.948,6.844,6.936,564898.74
1669464000,6.936,7.264,6.905,7.178,3409569.85
1669478400,7.178,7.299,7.129,7.144,1555828.56
1669492800,7.144,7.211,7.054,7.156,960384.99
1669507200,7.156,7.278,7.126,7.207,801174.91
1669521600,7.207,7.22,7.073,7.108,692999.85
1669536000,7.108,7.186,7.065,7.121,989288.17
1669550400,7.121,7.146,7.017,7.102,830400.62
1669564800,7.102,7.139,7.041,7.08,586028.79
1669579200,7.08,7.124,6.858,6.902,1086658.35
1669593600,6.902,6.947,6.53,6.741,3867433.56
1669608000,6.741,6.787,6.634,6.731,1860054.68
1669622400,6.731,6.854,6.69,6.795,1143672.08
1669636800,6.795,6.893,6.688,6.712,1417182.48
1669651200,6.712,7.071,6.631,7.05,2680119.42
1669665600,7.05,7.347,7.048,7.194,2623768.32
1669680000,7.194,7.383,7.123,7.333,1654958.4
1669694400,7.333,7.513,7.295,7.394,2223269.23
1669708800,7.394,7.475,7.357,7.375,1082498.66
1669723200,7.375,7.401,7.278,7.321,1308000.09
1669737600,7.321,7.399,7.239,7.285,1969873.84
1669752000,7.285,7.397,7.27,7.318,804723.6
1669766400,7.318,7.681,7.313,7.408,2287065.72
1669780800,7.408,7.518,7.408,7.483,863479.65
1669795200,7.483,7.512,7.344,7.452,746896.0
1669809600,7.452,7.458,7.356,7.456,732411.72
1669824000,7.456,7.578,7.272,7.469,1570661.92
1669838400,7.469,7.75,7.441,7.672,2131766.03
1669852800,7.672,7.719,7.518,7.58,1659620.18
1669867200,7.58,7.619,7.477,7.514,910927.62
1669881600,7.514,7.564,7.488,7.549,559036.15
1669896000,7.549,7.77,7.441,7.7,2150118.39
1669910400,7.7,7.746,7.542,7.634,1274163.48
1669924800,7.634,7.812,7.567,7.681,1063576.48
1669939200,7.681,7.726,7.567,7.596,1420495.79
1669953600,7.596,7.637,7.511,7.581,617257.46
1669968000,7.581,7.648,7.551,7.627,514649.83
1669982400,7.627,7.685,7.479,7.565,1418423.12
1669996800,7.565,7.61,7.523,7.593,548539.45
1670011200,7.593,7.646,7.555,7.61,543069.91
1670025600,7.61,7.633,7.432,7.492,882894.55
1670040000,7.492,7.518,7.366,7.451,709490.01
1670054400,7.451,7.459,7.371,7.428,448092.3
1670068800,7.428,7.466,7.386,7.415,455130.37
1670083200,7.415,7.424,7.309,7.321,566670.01
1670097600,7.321,7.357,7.207,7.235,646457.16
1670112000,7.235,7.343,7.185,7.309,737945.49
1670126400,7.309,7.391,7.303,7.347,418333.36
1670140800,7.347,7.386,7.275,7.292,499108.41
1670155200,7.292,7.369,7.256,7.351,506028.73
1670169600,7.351,7.404,7.282,7.372,572403.64
1670184000,7.372,7.47,7.331,7.444,667332.15
1670198400,7.444,7.555,7.416,7.521,1483841.43
1670212800,7.521,7.587,7.477,7.522,761962.8
1670227200,7.522,7.594,7.499,7.531,902664.82
1670241600,7.531,7.542,7.312,7.352,909486.64
1670256000,7.352,7.367,7.16,7.2,1055597.57
1670270400,7.2,7.286,7.177,7.275,496996.19
1670284800,7.275,7.336,7.237,7.247,851224.27
1670299200,7.247,7.306,7.204,7.277,391036.79
1670313600,7.277,7.304,7.169,7.21,812279.25
1670328000,7.21,7.286,7.185,7.253,702553.79
1670342400,7.253,7.316,7.026,7.06,1641722.07
1670356800,7.06,7.15,6.957,7.132,1018203.52
1670371200,7.132,7.158,7.04,7.041,617661.24
1670385600,7.041,7.077,6.77,6.804,1335094.32
1670400000,6.804,6.9,6.771,6.868,914592.5
1670414400,6.868,6.899,6.822,6.847,611878.43
1670428800,6.847,6.864,6.79,6.838,538698.93
1670443200,6.838,6.93,6.801,6.881,568576.17
1670457600,6.881,6.914,6.775,6.85,571468.04
1670472000,6.85,6.906,6.807,6.885,485658.8
1670486400,6.885,6.929,6.801,6.921,376268.34
1670500800,6.921,6.954,6.874,6.925,767670.76
1670515200,6.925,7.069,6.896,7.029,1087569.28
1670529600,7.029,7.052,6.981,7.0,448850.1
1670544000,7.0,7.036,6.939,6.979,599957.3
1670558400,6.979,7.047,6.973,7.02,247778.9
1670572800,7.02,7.054,6.986,7.029,339500.63
1670587200,7.029,7.053,6.883,6.946,843798.92
1670601600,6.946,6.948,6.82,6.838,680903.96
1670616000,6.838,6.875,6.796,6.863,341548.52
1670630400,6.863,6.873,6.822,6.826,307286.17
1670644800,6.826,6.852,6.801,6.839,420523.3
1670659200,6.839,6.905,6.694,6.853,803750.71
1670673600,6.853,6.921,6.829,6.902,342041.04
1670688000,6.902,6.92,6.857,6.88,341536.35
1670702400,6.88,6.9,6.825,6.858,215133.87
1670716800,6.858,6.921,6.845,6.916,175776.7
1670731200,6.916,6.96,6.898,6.938,254101.26
1670745600,6.938,6.945,6.878,6.892,223958.61
1670760000,6.892,6.915,6.852,6.873,171839.78
1670774400,6.873,6.919,6.836,6.862,232691.57
1670788800,6.862,6.863,6.646,6.7,956360.35
1670803200,6.7,6.716,6.457,6.568,1350087.1
1670817600,6.568,6.61,6.54,6.591,401250.65
1670832000,6.591,6.679,6.558,6.642,393132.93
1670846400,6.642,6.662,6.566,6.59,690111.75
1670860800,6.59,6.62,6.568,6.616,483710.43
1670875200,6.616,6.728,6.61,6.701,597944.78
1670889600,6.701,6.714,6.598,6.602,503262.03
1670904000,6.602,6.642,6.466,6.541,818603.21
1670918400,6.541,6.75,6.524,6.731,1001344.07
1670932800,6.731,7.101,6.692,6.921,2838279.77
1670947200,6.921,6.973,6.779,6.875,1343507.91
1670961600,6.875,6.931,6.854,6.926,407948.44
1670976000,6.926,6.965,6.854,6.881,400272.44
1670990400,6.881,6.914,6.834,6.882,332959.24
1671004800,6.882,6.903,6.845,6.858,284755.75
1671019200,6.858,6.906,6.816,6.88,526467.44
1671033600,6.88,6.93,6.687,6.753,1346378.99
1671048000,6.753,6.787,6.688,6.718,578972.15
1671062400,6.718,6.732,6.562,6.655,726427.42
1671076800,6.655,6.66,6.602,6.609,443296.13
1671091200,6.609,6.644,6.574,6.618,402119.85
1671105600,6.618,6.624,6.503,6.572,946126.85
1671120000,6.572,6.577,6.432,6.534,823987.89
1671134400,6.534,6.541,6.386,6.456,693782.24
1671148800,6.456,6.527,6.426,6.514,268566.85
1671163200,6.514,6.543,6.455,6.524,312398.87
1671177600,6.524,6.53,6.151,6.253,1568074.51
1671192000,6.253,6.269,6.121,6.16,1037891.27
1671206400,6.16,6.172,6.053,6.162,1103439.35
1671220800,6.162,6.21,5.778,5.893,2695239.15
1671235200,5.893,5.949,5.789,5.9,1237391.32
1671249600,5.9,6.032,5.896,6.023,899155.98
1671264000,6.023,6.067,5.975,5.997,550164.66
1671278400,5.997,6.048,5.959,6.022,433185.12
1671292800,6.022,6.027,5.905,5.957,495333.82
1671307200,5.957,6.042,5.95,6.03,510020.36
1671321600,6.03,6.062,5.97,6.031,381460.78
1671336000,6.031,6.064,5.985,6.0,318196.34
1671350400,6.0,6.008,5.914,5.986,269444.21
1671364800,5.986,6.009,5.942,5.942,251011.93
1671379200,5.942,6.04,5.939,6.01,337012.3
1671393600,6.01,6.039,5.93,5.949,648936.69
1671408000,5.949,6.023,5.831,5.885,719981.65
1671422400,5.885,5.941,5.874,5.939,309759.58
1671436800,5.939,6.04,5.934,6.014,391306.93
1671451200,6.014,6.066,5.964,5.971,756173.92
1671465600,5.971,5.99,5.838,5.874,918087.98
1671480000,5.874,5.916,5.671,5.79,927493.78
1671494400,5.79,6.054,5.752,5.991,907442.4
1671508800,5.991,6.082,5.97,6.037,539856.43
1671523200,6.037,6.12,6.023,6.078,369074.87
1671537600,6.078,6.12,6.029,6.045,657649.67
1671552000,6.045,6.055,5.945,6.0,626746.52
1671566400,6.0,6.037,5.964,6.013,449727.8
1671580800,6.013,6.044,5.909,5.965,360054.01
1671595200,5.965,5.965,5.89,5.945,298725.63
1671609600,5.945,6.014,5.908,5.996,353808.18
1671624000,5.996,6.004,5.927,5.948,422916.17
1671638400,5.948,5.954,5.888,5.92,377014.34
1671652800,5.92,5.992,5.885,5.989,288802.45
1671667200,5.989,6.002,5.958,5.985,208229.22
1671681600,5.985,5.998,5.95,5.971,199487.83
1671696000,5.971,6.04,5.96,5.99,370878.52
1671710400,5.99,6.011,5.882,5.895,714423.51
1671724800,5.895,5.921,5.856,5.916,442390.68
1671739200,5.916,6.017,5.902,6.005,986492.97
1671753600,6.005,6.053,5.975,6.025,423567.69
1671768000,6.025,6.036,5.985,6.022,245077.51
1671782400,6.022,6.041,5.993,6.017,296567.95
1671796800,6.017,6.047,5.962,5.991,719611.16
1671811200,5.991,5.999,5.961,5.972,275455.21
1671825600,5.972,5.983,5.924,5.941,266925.39
1671840000,5.941,5.962,5.938,5.961,146972.11
1671854400,5.961,5.961,5.897,5.932,256674.36
1671868800,5.932,5.932,5.88,5.913,218559.78
1671883200,5.913,5.917,5.9,5.912,146161.87
1671897600,5.912,5.94,5.906,5.932,143301.03
1671912000,5.932,5.937,5.895,5.916,139464.51
1671926400,5.916,5.935,5.899,5.912,199269.61
1671940800,5.912,5.961,5.905,5.949,315034.93
1671955200,5.949,5.954,5.934,5.944,103886.16
1671969600,5.944,5.972,5.887,5.933,468230.66
1671984000,5.933,5.948,5.897,5.945,388601.99
1671998400,5.945,5.996,5.929,5.99,253067.13
1672012800,5.99,6.032,5.97,5.984,277274.72
1672027200,5.984,5.99,5.956,5.964,277489.82
1672041600,5.964,6.011,5.94,6.001,206971.29
1672056000,6.001,6.011,5.955,5.972,189515.52
1672070400,5.972,6.01,5.957,6.0,383889.48
1672084800,6.0,6.048,5.998,6.048,443888.36
1672099200,6.048,6.068,5.981,5.991,470049.27
1672113600,5.991,6.005,5.977,5.993,360537.53
1672128000,5.993,6.032,5.974,5.994,291717.06
1672142400,5.994,5.996,5.901,5.923,582289.23
1672156800,5.923,5.934,5.846,5.894,566148.27
1672171200,5.894,5.906,5.865,5.903,212875.84
1672185600,5.903,5.913,5.738,5.792,684774.65
1672200000,5.792,5.8,5.683,5.763,490279.06
1672214400,5.763,5.775,5.721,5.742,297595.85
1672228800,5.742,5.818,5.715,5.724,723062.52
1672243200,5.724,5.761,5.68,5.706,411284.04
1672257600,5.706,5.733,5.625,5.675,706022.29
1672272000,5.675,5.694,5.548,5.684,902067.9
1672286400,5.684,5.711,5.671,5.708,238651.43
1672300800,5.708,5.731,5.676,5.686,393585.08
1672315200,5.686,5.711,5.673,5.687,359414.27
1672329600,5.687,5.697,5.602,5.61,455943.26
1672344000,5.61,5.616,5.5,5.601,1219088.43
1672358400,5.601,5.642,5.536,5.576,416553.88
1672372800,5.576,5.587,5.418,5.45,818553.49
1672387200,5.45,5.505,5.44,5.481,443992.6
1672401600,5.481,5.516,5.413,5.494,915893.85
1672416000,5.494,5.512,5.473,5.484,384776.35
1672430400,5.484,5.497,5.424,5.475,437076.24
1672444800,5.475,5.479,5.387,5.423,513610.66
1672459200,5.423,5.469,5.413,5.459,328610.76
1672473600,5.459,5.587,5.452,5.574,475971.21
1672488000,5.574,5.627,5.556,5.587,459295.6
1672502400,5.587,5.597,5.542,5.587,219549.03
1672516800,5.587,5.601,5.538,5.575,315300.56
1672531200,5.575,5.58,5.516,5.552,404719.3
1672545600,5.552,5.554,5.505,5.53,226602.93
1672560000,5.53,5.59,5.512,5.577,258702.24
1672574400,5.577,5.601,5.553,5.595,193399.06
1672588800,5.595,5.636,5.583,5.605,217688.96
1672603200,5.605,5.64,5.605,5.628,166958.18
1672617600,5.628,5.662,5.548,5.626,443462.36
1672632000,5.626,5.739,5.6,5.683,517869.54
1672646400,5.683,5.725,5.659,5.695,512232.99
1672660800,5.695,5.716,5.655,5.702,458779.99
1672675200,5.702,5.74,5.684,5.728,367108.5
1672689600,5.728,5.76,5.674,5.691,334847.38
1672704000,5.691,5.716,5.641,5.68,240493.11
1672718400,5.68,5.724,5.649,5.687,324433.79
1672732800,5.687,5.692,5.634,5.662,276044.93
1672747200,5.662,5.713,5.59,5.634,687839.0
1672761600,5.634,5.649,5.567,5.596,393081.29
1672776000,5.596,5.629,5.576,5.621,222204.27
1672790400,5.621,5.816,5.61,5.791,806385.88
1672804800,5.791,5.838,5.763,5.802,557496.61
1672819200,5.802,5.827,5.759,5.768,324174.99
1672833600,5.768,5.895,5.724,5.814,953139.0
1672848000,5.814,5.858,5.745,5.768,695710.23
1672862400,5.768,5.816,5.71,5.809,494740.66
1672876800,5.809,5.818,5.744,5.762,349984.62
1672891200,5.762,5.799,5.728,5.762,416188.63
1672905600,5.762,5.764,5.686,5.72,531500.8
1672920000,5.72,5.738,5.662,5.718,521857.14
1672934400,5.718,5.762,5.704,5.752,327625.13
1672948800,5.752,5.758,5.606,5.66,694489.32
1672963200,5.66,5.682,5.62,5.633,373365.51
1672977600,5.633,5.64,5.575,5.618,449078.41
1672992000,5.618,5.633,5.581,5.606,244195.04
1673006400,5.606,5.662,5.523,5.653,783634.88
1673020800,5.653,5.73,5.634,5.715,496009.73
1673035200,5.715,5.73,5.672,5.712,351256.44
1673049600,5.712,5.805,5.691,5.768,661176.2
1673064000,5.768,5.789,5.739,5.775,325124.6
1673078400,5.775,5.782,5.743,5.765,238651.93
1673092800,5.765,5.826,5.758,5.817,326180.19
1673107200,5.817,5.834,5.78,5.803,216475.87
1673121600,5.803,5.846,5.775,5.83,223489.36
1673136000,5.83,5.846,5.755,5.821,332487.31
1673150400,5.821,5.883,5.813,5.831,258670.21
1673164800,5.831,5.878,5.785,5.787,560033.05
1673179200,5.787,5.863,5.777,5.852,293311.91
1673193600,5.852,5.864,5.785,5.828,229507.31
1673208000,5.828,5.977,5.821,5.963,659894.37
1673222400,5.963,6.138,5.931,6.091,1546518.78
1673236800,6.091,6.141,6.075,6.129,608001.49
1673251200,6.129,6.23,6.112,6.156,689900.46
1673265600,6.156,6.23,6.078,6.203,1126979.81
1673280000,6.203,6.255,6.1,6.1,870081.25
1673294400,6.1,6.123,6.01,6.065,840648.88
1673308800,6.065,6.133,5.968,6.079,594656.69
1673323200,6.079,6.108,6.056,6.073,360622.85
1673337600,6.073,6.17,6.052,6.109,554648.16
1673352000,6.109,6.171,6.065,6.141,601173.87
1673366400,6.141,6.3,6.114,6.24,655195.67
1673380800,6.24,6.249,6.11,6.166,686967.65
1673395200,6.166,6.207,6.055,6.103,531180.37
1673409600,6.103,6.141,6.07,6.138,281610.85
1673424000,6.138,6.14,6.091,6.114,278604.46
1673438400,6.114,6.131,6.016,6.041,770297.38
1673452800,6.041,6.18,6.01,6.172,729011.07
1673467200,6.172,6.305,6.132,6.284,1008875.97
1673481600,6.284,6.397,6.278,6.343,1059940.34
1673496000,6.343,6.379,6.258,6.315,692095.05
1673510400,6.315,6.319,6.234,6.256,449020.77
1673524800,6.256,6.347,6.05,6.199,1670157.08
1673539200,6.199,6.412,6.177,6.368,1353744.22
1673553600,6.368,6.412,6.337,6.387,637748.51
1673568000,6.387,6.413,6.288,6.388,474884.43
1673582400,6.388,6.4,6.321,6.344,344094.68
1673596800,6.344,6.416,6.32,6.331,510231.46
1673611200,6.331,6.355,6.26,6.351,675521.52
1673625600,6.351,6.406,6.283,6.396,619037.94
1673640000,6.396,6.618,6.383,6.605,1817429.19
1673654400,6.605,6.934,6.586,6.818,2695688.87
1673668800,6.818,7.061,6.769,6.994,1852874.57
1673683200,6.994,7.107,6.45,6.728,2801366.35
1673697600,6.728,6.906,6.65,6.801,1551803.5
1673712000,6.801,6.841,6.718,6.788,995468.06
1673726400,6.788,6.883,6.76,6.856,528138.29
1673740800,6.856,6.889,6.669,6.721,1235869.35
1673755200,6.721,6.796,6.69,6.743,431129.61
1673769600,6.743,6.746,6.6,6.7,674440.0
1673784000,6.7,6.89,6.66,6.887,812175.93
1673798400,6.887,6.926,6.72,6.722,1414489.26
1673812800,6.722,6.734,6.636,6.694,1084437.14
1673827200,6.694,6.88,6.631,6.768,1149533.46
1673841600,6.768,6.948,6.763,6.843,1128970.1
1673856000,6.843,6.846,6.5,6.619,1399254.92
1673870400,6.619,6.643,6.413,6.566,1365597.19
1673884800,6.566,6.836,6.525,6.745,1292709.38
1673899200,6.745,6.779,6.634,6.669,807023.27
1673913600,6.669,6.734,6.543,6.674,723635.89
1673928000,6.674,6.776,6.651,6.72,620008.84
1673942400,6.72,6.758,6.661,6.73,490373.58
1673956800,6.73,6.843,6.65,6.718,1425165.8
1673971200,6.718,6.897,6.628,6.864,1166715.08
1673985600,6.864,6.995,6.789,6.804,1612980.3
1674000000,6.804,6.985,6.773,6.924,988776.97
1674014400,6.924,6.945,6.818,6.86,605461.31
1674028800,6.86,6.861,6.695,6.75,737404.71
1674043200,6.75,6.938,6.36,6.544,2166439.73
1674057600,6.544,6.631,6.256,6.483,3030111.67
1674072000,6.483,6.498,6.312,6.334,897021.88
1674086400,6.334,6.44,6.325,6.411,528704.01
1674100800,6.411,6.462,6.411,6.438,304087.25
1674115200,6.438,6.46,6.357,6.375,425591.13
1674129600,6.375,6.445,6.314,6.407,763622.09
1674144000,6.407,6.507,6.358,6.495,674611.64
1674158400,6.495,6.545,6.469,6.506,593625.01
1674172800,6.506,6.548,6.463,6.488,399078.94
1674187200,6.488,6.52,6.414,6.455,391897.86
1674201600,6.455,6.497,6.427,6.464,229888.01
1674216000,6.464,6.56,6.454,6.532,600867.39
1674230400,6.532,6.697,6.52,6.691,913058.47
1674244800,6.691,6.971,6.688,6.941,1644194.66
1674259200,6.941,7.05,6.872,7.039,1489365.04
1674273600,7.039,7.1,6.993,6.999,687035.9
1674288000,6.999,7.11,6.802,6.944,1721517.94
1674302400,6.944,6.994,6.884,6.91,901703.9
1674316800,6.91,7.026,6.903,7.017,886519.73
1674331200,7.017,7.101,6.823,6.853,811404.73
1674345600,6.853,6.913,6.777,6.87,599589.85
1674360000,6.87,6.936,6.86,6.89,420942.96
1674374400,6.89,6.927,6.861,6.872,601728.32
1674388800,6.872,7.235,6.826,7.037,1892785.94
1674403200,7.037,7.271,6.957,7.065,1760269.5
1674417600,7.065,7.1,6.822,6.984,1542449.79
1674432000,6.984,7.234,6.971,7.082,1519082.06
1674446400,7.082,7.128,6.984,7.036,645198.74
1674460800,7.036,7.154,7.001,7.139,772949.76
1674475200,7.139,7.168,6.848,7.015,1826347.66
1674489600,7.015,7.121,6.926,6.965,1086639.17
1674504000,6.965,7.1,6.922,7.015,624929.56
1674518400,7.015,7.182,6.96,7.176,1035215.06
1674532800,7.176,7.179,7.094,7.167,356155.27
1674547200,7.167,7.2,7.06,7.122,772295.64
1674561600,7.122,7.147,6.975,7.045,825549.12
1674576000,7.045,7.056,6.869,6.992,730897.42
1674590400,6.992,7.003,6.525,6.661,1672105.11
1674604800,6.661,6.694,6.51,6.692,1411672.75
1674619200,6.692,6.802,6.675,6.791,771895.53
1674633600,6.791,6.816,6.65,6.697,683541.77
1674648000,6.697,6.786,6.61,6.69,1165734.5
1674662400,6.69,6.832,6.657,6.822,621343.2
1674676800,6.822,7.099,6.807,6.954,2090230.69
1674691200,6.954,7.033,6.926,6.933,854109.57
1674705600,6.933,7.015,6.875,6.902,854484.5
1674720000,6.902,6.93,6.824,6.886,446983.99
1674734400,6.886,7.13,6.831,6.962,1823788.63
1674748800,6.962,7.137,6.893,7.133,1231603.03
1674763200,7.133,7.316,7.119,7.169,1797035.4
1674777600,7.169,7.307,6.922,7.03,1344112.55
1674792000,7.03,7.276,7.029,7.27,832131.3
1674806400,7.27,7.378,7.174,7.219,1372008.11
1674820800,7.219,7.285,7.096,7.191,1313726.21
1674835200,7.191,7.46,7.18,7.401,1131918.46
1674849600,7.401,7.496,7.306,7.384,809766.82
1674864000,7.384,7.509,7.352,7.421,642225.03
1674878400,7.421,7.448,7.276,7.328,637308.27
1674892800,7.328,7.392,7.285,7.303,587552.69
1674907200,7.303,7.304,7.152,7.245,1044339.69
1674921600,7.245,7.275,7.186,7.243,722569.1
1674936000,7.243,7.245,7.12,7.211,387768.95
1674950400,7.211,7.41,7.144,7.306,817652.79
1674964800,7.306,7.374,7.289,7.32,457192.8
1674979200,7.32,7.437,7.317,7.388,670080.69
1674993600,7.388,7.401,7.318,7.353,725569.82
1675008000,7.353,7.518,7.263,7.45,1830685.82
1675022400,7.45,7.452,7.35,7.372,526853.08
1675036800,7.372,7.439,7.257,7.329,456707.5
1675051200,7.329,7.372,7.205,7.218,493817.77
1675065600,7.218,7.244,6.948,6.996,1507970.98
1675080000,6.996,7.093,6.961,7.026,723733.31
1675094400,7.026,7.1,6.748,6.897,1172488.45
1675108800,6.897,6.916,6.785,6.914,660136.04
1675123200,6.914,7.005,6.893,6.963,552923.27
1675137600,6.963,7.044,6.902,7.033,517232.99
1675152000,7.033,7.044,6.887,6.932,475499.52
1675166400,6.932,7.014,6.901,6.993,526974.29
1675180800,6.993,7.074,6.986,7.059,657421.04
1675195200,7.059,7.063,6.855,6.952,606305.43
1675209600,6.952,6.984,6.919,6.943,419667.15
1675224000,6.943,6.958,6.795,6.857,471759.17
1675238400,6.857,6.863,6.754,6.842,510749.03
1675252800,6.842,6.907,6.713,6.756,681741.07
1675267200,6.756,7.065,6.67,7.008,1535091.63
1675281600,7.008,7.277,7.003,7.214,1874540.11
1675296000,7.214,7.337,7.198,7.302,1001554.76
1675310400,7.302,7.35,7.216,7.234,494815.7
1675324800,7.234,7.304,7.223,7.291,409861.51
1675339200,7.291,7.323,7.16,7.291,1238334.81
1675353600,7.291,7.484,7.265,7.301,1472532.63
1675368000,7.301,7.366,7.035,7.099,1150888.05
1675382400,7.099,7.166,7.012,7.088,914098.87
1675396800,7.088,7.15,7.073,7.11,376724.66
1675411200,7.11,7.225,7.072,7.215,594254.38
1675425600,7.215,7.338,7.076,7.289,1282180.13
1675440000,7.289,7.328,7.209,7.212,687810.14
1675454400,7.212,7.306,7.174,7.294,540023.63
1675468800,7.294,7.32,7.161,7.17,641513.81
1675483200,7.17,7.213,7.126,7.203,412039.03
1675497600,7.203,7.235,7.185,7.207,243651.29
1675512000,7.207,7.309,7.196,7.264,545150.9
1675526400,7.264,7.364,7.219,7.319,956186.05
1675540800,7.319,7.342,7.179,7.237,412651.88
1675555200,7.237,7.252,7.147,7.206,361708.6
1675569600,7.206,7.233,7.195,7.211,169719.04
1675584000,7.211,7.243,7.164,7.177,270006.19
1675598400,7.177,7.199,6.901,7.001,1190755.95
1675612800,7.001,7.019,6.906,6.968,843809.25
1675627200,6.968,6.998,6.861,6.985,580698.18
1675641600,6.985,7.042,6.908,6.958,490820.51
1675656000,6.958,7.017,6.854,7.014,478088.31
1675670400,7.014,7.029,6.906,6.964,327935.45
1675684800,6.964,7.039,6.921,7.037,518394.87
1675699200,7.037,7.063,6.946,7.005,972436.79
1675713600,7.005,7.005,6.765,6.832,716778.42
1675728000,6.832,6.947,6.814,6.932,388830.07
1675742400,6.932,6.974,6.921,6.932,389386.28
1675756800,6.932,7.05,6.906,7.03,713360.94
1675771200,7.03,7.059,6.947,6.974,640157.55
1675785600,6.974,7.15,6.908,7.077,1585001.95
1675800000,7.077,7.214,7.051,7.197,827034.8
1675814400,7.197,7.289,7.181,7.206,746178.69
1675828800,7.206,7.29,7.173,7.25,831611.96
1675843200,7.25,7.255,7.155,7.226,580470.27
1675857600,7.226,7.3,7.082,7.09,1295962.87
1675872000,7.09,7.175,6.952,7.086,1091605.98
1675886400,7.086,7.143,7.006,7.136,364865.12
1675900800,7.136,7.277,6.86,6.938,1518265.08
1675915200,6.938,7.465,6.866,7.448,2175355.63
1675929600,7.448,7.817,7.41,7.532,5324607.32
1675944000,7.532,7.797,7.498,7.602,3065573.14
1675958400,7.602,7.713,7.228,7.328,3168949.58
1675972800,7.328,7.389,6.818,6.984,3499205.28
1675987200,6.984,7.12,6.914,6.952,1640987.45
1676001600,6.952,7.001,6.777,6.967,1389998.69
1676016000,6.967,7.01,6.882,6.943,980952.24
1676030400,6.943,7.034,6.822,6.892,1129172.58
1676044800,6.892,7.033,6.82,7.006,863098.91
1676059200,7.006,7.025,6.827,6.89,614847.44
1676073600,6.89,6.955,6.863,6.915,431704.1
1676088000,6.915,6.927,6.853,6.914,250352.57
1676102400,6.914,6.928,6.877,6.915,274979.93
1676116800,6.915,7.005,6.884,6.98,556119.52
1676131200,6.98,6.985,6.881,6.922,356474.43
1676145600,6.922,7.036,6.904,7.003,423943.74
1676160000,7.003,7.017,6.932,6.944,408028.82
1676174400,6.944,6.965,6.917,6.941,263276.17
1676188800,6.941,7.023,6.928,6.97,442113.96
1676203200,6.97,6.997,6.905,6.981,528873.02
1676217600,6.981,7.09,6.967,6.989,629615.77
1676232000,6.989,7.012,6.685,6.808,1048901.59
1676246400,6.808,6.847,6.6,6.722,864486.66
1676260800,6.722,6.792,6.708,6.769,515028.53
1676275200,6.769,6.774,6.4,6.558,2076844.18
1676289600,6.558,6.615,6.536,6.564,488976.14
1676304000,6.564,6.612,6.428,6.594,914182.65
1676318400,6.594,6.685,6.561,6.669,565331.71
1676332800,6.669,6.68,6.611,6.618,321339.07
1676347200,6.618,6.657,6.606,6.648,210801.32
1676361600,6.648,6.689,6.6,6.624,535797.59
1676376000,6.624,6.822,6.527,6.748,2059640.7
1676390400,6.748,6.812,6.658,6.801,745476.98
1676404800,6.801,6.832,6.761,6.808,522743.37
1676419200,6.808,6.823,6.726,6.781,373980.05
1676433600,6.781,6.8,6.755,6.773,286818.33
1676448000,6.773,6.855,6.741,6.852,533905.34
1676462400,6.852,6.938,6.851,6.915,1153873.14
1676476800,6.915,7.077,6.885,7.072,897656.34
1676491200,7.072,7.31,7.065,7.281,1928381.09
1676505600,7.281,7.392,7.236,7.339,2447413.99
1676520000,7.339,7.345,7.234,7.28,865716.87
1676534400,7.28,7.328,7.226,7.252,526996.67
1676548800,7.252,7.39,7.135,7.384,1240028.43
1676563200,7.384,7.495,7.217,7.318,1524236.16
1676577600,7.318,7.32,6.997,7.011,1594689.56
1676592000,7.011,7.221,6.972,7.191,807456.78
1676606400,7.191,7.272,7.151,7.201,629688.77
1676620800,7.201,7.303,7.18,7.29,854594.24
1676635200,7.29,7.377,7.229,7.333,1254095.7
1676649600,7.333,7.585,7.282,7.483,1979480.99
1676664000,7.483,7.711,7.383,7.65,2572651.83
1676678400,7.65,7.738,7.584,7.61,1181686.83
1676692800,7.61,7.692,7.558,7.596,716719.5
1676707200,7.596,7.644,7.495,7.636,952214.24
1676721600,7.636,8.256,7.631,8.182,5912892.12
1676736000,8.182,8.248,7.944,8.044,1897413.46
1676750400,8.044,8.083,7.974,7.989,728120.64
1676764800,7.989,8.077,7.939,8.018,1030446.64
1676779200,8.018,8.282,7.956,8.118,2161208.99
1676793600,8.118,8.254,8.038,8.168,1096238.05
1676808000,8.168,8.289,8.071,8.143,2053673.58
1676822400,8.143,8.222,7.854,7.882,2143505.04
1676836800,7.882,8.045,7.82,8.014,930954.28
1676851200,8.014,8.078,7.721,8.008,1305572.11
1676865600,8.008,8.38,8.005,8.37,1593132.13
1676880000,8.37,8.4,8.06,8.136,2309462.99
1676894400,8.136,8.196,8.069,8.128,1062715.29
1676908800,8.128,8.132,7.949,8.027,911217.67
1676923200,8.027,8.043,7.914,8.017,883277.28
1676937600,8.017,8.077,7.948,7.96,701411.09
1676952000,7.96,8.013,7.902,7.974,460337.67
1676966400,7.974,8.013,7.727,7.755,1468335.29
1676980800,7.755,7.814,7.663,7.744,1045775.36
1676995200,7.744,7.774,7.633,7.692,911084.13
1677009600,7.692,7.703,7.505,7.64,1307031.32
1677024000,7.64,7.752,7.374,7.545,2034052.87
1677038400,7.545,7.559,7.383,7.483,863708.45
1677052800,7.483,7.483,7.316,7.471,859112.18
1677067200,7.471,7.562,7.315,7.363,1063351.44
1677081600,7.363,7.6,7.294,7.568,1072505.78
1677096000,7.568,7.72,7.526,7.717,604211.87
1677110400,7.717,7.969,7.67,7.891,1021888.35
1677124800,7.891,7.974,7.861,7.918,938661.8
1677139200,7.918,8.08,7.783,7.854,3124638.99
1677153600,7.854,8.21,7.759,7.971,2997925.7
1677168000,7.971,8.029,7.704,7.892,1468654.82
1677182400,7.892,7.969,7.789,7.935,598337.16
1677196800,7.935,8.03,7.876,8.023,919615.84
1677211200,8.023,8.149,7.935,8.103,1571242.4
1677225600,8.103,8.132,7.868,7.885,1050396.76
1677240000,7.885,7.923,7.542,7.592,1852668.38
1677254400,7.592,7.7,7.417,7.677,1869090.8
1677268800,7.677,7.724,7.22,7.466,2450004.9
1677283200,7.466,7.491,7.361,7.383,827083.64
1677297600,7.383,7.422,7.314,7.407,443751.29
1677312000,7.407,7.438,7.337,7.37,500363.91
1677326400,7.37,7.372,7.25,7.349,713785.66
1677340800,7.349,7.401,7.204,7.322,831936.33
1677355200,7.322,7.394,7.168,7.373,960973.15
1677369600,7.373,7.422,7.293,7.417,460955.53
1677384000,7.417,7.43,7.352,7.404,257686.32
1677398400,7.404,7.441,7.366,7.438,302744.55
1677412800,7.438,7.446,7.362,7.383,315451.1
1677427200,7.383,7.497,7.31,7.484,482233.31
1677441600,7.484,7.548,7.403,7.497,722898.24
1677456000,7.497,7.508,7.422,7.433,389913.14
1677470400,7.433,7.439,7.325,7.336,473420.39
1677484800,7.336,7.351,7.22,7.288,714282.11
1677499200,7.288,7.47,7.24,7.368,925791.0
1677513600,7.368,7.39,7.121,7.191,1043054.17
1677528000,7.191,7.295,7.147,7.274,458124.92
1677542400,7.274,7.305,7.218,7.29,341744.03
1677556800,7.29,7.358,7.223,7.261,801327.02
1677571200,7.261,7.334,7.225,7.326,521136.52
1677585600,7.326,7.422,7.326,7.408,774433.43
1677600000,7.408,7.422,7.244,7.258,697620.96
1677614400,7.258,7.299,7.096,7.195,898143.83
1677628800,7.195,7.358,7.146,7.354,569861.9
1677643200,7.354,7.429,7.328,7.398,452993.3
1677657600,7.398,7.502,7.384,7.472,780105.64
1677672000,7.472,7.515,7.392,7.433,721492.22
1677686400,7.433,7.445,7.335,7.357,605544.69
1677700800,7.357,7.547,7.336,7.536,620779.99
1677715200,7.536,7.585,7.35,7.393,632206.14
1677729600,7.393,7.452,7.312,7.356,330779.62
1677744000,7.356,7.367,7.262,7.323,370632.41
1677758400,7.323,7.331,7.163,7.231,677332.3
1677772800,7.231,7.302,7.168,7.274,598275.48
1677787200,7.274,7.282,7.229,7.275,261460.93
1677801600,7.275,7.276,6.655,6.814,2879792.21
1677816000,6.814,6.885,6.793,6.867,555153.23
1677830400,6.867,6.91,6.849,6.894,411236.44
1677844800,6.894,6.952,6.847,6.898,655166.32
1677859200,6.898,6.946,6.866,6.919,432930.23
1677873600,6.919,6.963,6.857,6.958,375256.08
1677888000,6.958,7.011,6.907,6.915,479175.21
1677902400,6.915,6.934,6.858,6.913,253505.32
1677916800,6.913,6.97,6.896,6.969,222933.64
1677931200,6.969,6.969,6.905,6.924,370731.97
1677945600,6.924,6.945,6.819,6.839,426427.92
1677960000,6.839,6.862,6.708,6.857,985690.45
1677974400,6.857,6.998,6.807,6.941,735485.86
1677988800,6.941,6.975,6.903,6.919,193786.6
1678003200,6.919,6.969,6.89,6.933,280819.43
1678017600,6.933,6.978,6.93,6.95,209404.06
1678032000,6.95,6.967,6.915,6.959,163948.16
1678046400,6.959,7.017,6.904,6.945,385050.05
1678060800,6.945,6.973,6.819,6.872,578115.03
1678075200,6.872,6.902,6.822,6.886,229400.72
1678089600,6.886,6.913,6.847,6.876,183466.51
1678104000,6.876,6.968,6.848,6.964,315868.87
1678118400,6.964,6.981,6.876,6.895,306268.97
1678132800,6.895,6.928,6.849,6.854,995360.71
1678147200,6.854,6.974,6.834,6.948,400179.53
1678161600,6.948,6.965,6.899,6.901,171818.4
1678176000,6.901,6.904,6.771,6.808,471889.08
1678190400,6.808,6.862,6.683,6.808,864209.11
1678204800,6.808,6.829,6.697,6.705,582425.07
1678219200,6.705,6.894,6.667,6.881,525266.46
1678233600,6.881,6.948,6.852,6.877,469278.9
1678248000,6.877,6.916,6.772,6.793,507983.78
1678262400,6.793,6.848,6.755,6.8,395432.7
1678276800,6.8,6.82,6.59,6.719,1097785.0
1678291200,6.719,6.735,6.563,6.612,729460.31
1678305600,6.612,6.71,6.494,6.577,898874.7
1678320000,6.577,6.632,6.512,6.61,670468.77
1678334400,6.61,6.65,6.585,6.599,321918.29
1678348800,6.599,6.611,6.534,6.603,501289.53
1678363200,6.603,6.69,6.575,6.603,581441.5
1678377600,6.603,6.63,6.261,6.298,1524950.56
1678392000,6.298,6.3,6.007,6.16,2388740.89
1678406400,6.16,6.187,6.046,6.166,892702.32
1678420800,6.166,6.202,6.103,6.17,636635.67
1678435200,6.17,6.18,5.89,6.061,1650570.26
1678449600,6.061,6.256,6.039,6.213,2026113.21
1678464000,6.213,6.264,6.14,6.228,789792.24
1678478400,6.228,6.26,6.144,6.215,626224.02
1678492800,6.215,6.392,6.194,6.232,1275356.98
1678507200,6.232,6.234,5.953,5.995,1366537.64
1678521600,5.995,6.122,5.94,6.01,1261039.74
1678536000,6.01,6.042,5.92,5.955,607918.51
1678550400,5.955,6.1,5.92,6.092,621788.55
1678564800,6.092,6.171,6.083,6.162,525550.96
1678579200,6.162,6.178,6.11,6.149,387458.97
1678593600,6.149,6.18,6.12,6.146,491937.25
1678608000,6.146,6.157,6.087,6.125,400265.7
1678622400,6.125,6.139,6.07,6.097,469313.95
1678636800,6.097,6.347,6.09,6.246,1499071.45
1678651200,6.246,6.574,6.241,6.551,1563028.93
1678665600,6.551,6.72,6.529,6.577,1632027.26
1678680000,6.577,6.663,6.576,6.636,763686.46
1678694400,6.636,6.643,6.429,6.467,998206.1
1678708800,6.467,6.885,6.395,6.759,2744706.8
1678723200,6.759,6.804,6.679,6.733,1025855.27
1678737600,6.733,6.8,6.692,6.761,652792.14
1678752000,6.761,6.776,6.683,6.755,691042.98
1678766400,6.755,6.799,6.653,6.684,714507.99
1678780800,6.684,6.742,6.608,6.677,776639.54
1678795200,6.677,7.2,6.642,7.147,3195416.63
1678809600,7.147,7.16,6.813,7.0,2302304.61
1678824000,7.0,7.02,6.751,6.96,1226241.71
1678838400,6.96,7.06,6.88,7.04,700341.93
1678852800,7.04,7.11,7.006,7.081,553532.82
1678867200,7.081,7.081,6.689,6.811,1266315.68
1678881600,6.811,6.898,6.55,6.584,1463778.24
1678896000,6.584,6.597,6.379,6.545,1830012.84
1678910400,6.545,6.626,6.483,6.546,986347.33
1678924800,6.546,6.607,6.443,6.566,499199.11
1678939200,6.566,6.638,6.494,6.615,509401.65
1678953600,6.615,6.661,6.536,6.633,673928.5
1678968000,6.633,6.636,6.464,6.621,768531.21
1678982400,6.621,6.675,6.548,6.641,629983.34
1678996800,6.641,6.678,6.521,6.656,536179.49
1679011200,6.656,6.918,6.597,6.916,1223154.05
1679025600,6.916,6.955,6.818,6.916,875136.61
1679040000,6.916,7.13,6.882,7.124,1092097.58
1679054400,7.124,7.2,6.958,6.999,1701353.6
1679068800,6.999,7.116,6.975,7.075,968184.85
1679083200,7.075,7.258,7.028,7.207,1025684.5
1679097600,7.207,7.299,7.084,7.248,1429149.65
1679112000,7.248,7.276,7.173,7.247,590315.87
1679126400,7.247,7.267,7.146,7.219,776241.22
1679140800,7.219,7.254,6.959,7.026,1285690.77
1679155200,7.026,7.091,6.85,7.032,1058544.69
1679169600,7.032,7.1,6.885,6.922,509346.19
1679184000,6.922,7.098,6.916,7.088,495183.38
1679198400,7.088,7.105,6.967,7.047,305076.26
1679212800,7.047,7.121,7.002,7.101,495096.24
1679227200,7.101,7.195,7.046,7.148,782732.09
1679241600,7.148,7.281,7.141,7.211,793308.32
1679256000,7.211,7.227,7.041,7.081,731610.65
1679270400,7.081,7.2,6.963,6.988,1127515.92
1679284800,6.988,7.177,6.91,7.17,727638.35
1679299200,7.17,7.399,7.115,7.289,2222281.69
1679313600,7.289,7.429,7.21,7.346,1983212.36
1679328000,7.346,7.48,7.05,7.105,2061861.87
1679342400,7.105,7.221,7.0,7.05,870537.13
1679356800,7.05,7.194,7.009,7.114,816453.54
1679371200,7.114,7.155,6.86,6.884,1020121.71
1679385600,6.884,7.125,6.838,7.101,1024324.1
1679400000,7.101,7.365,7.084,7.263,1331614.7
1679414400,7.263,7.349,7.169,7.276,903854.78
1679428800,7.276,7.47,7.269,7.375,1449915.79
1679443200,7.375,7.498,7.274,7.461,1389340.86
1679457600,7.461,7.572,7.4,7.48,1219108.46
1679472000,7.48,7.575,7.385,7.483,1376202.48
1679486400,7.483,7.723,7.46,7.602,2665349.17
1679500800,7.602,7.616,7.014,7.039,3897000.94
1679515200,7.039,7.19,7.001,7.173,1515577.82
1679529600,7.173,7.2,7.086,7.134,718300.68
1679544000,7.134,7.286,7.119,7.276,474015.28
1679558400,7.276,7.453,7.276,7.343,986027.29
1679572800,7.343,7.63,7.306,7.577,1532115.69
1679587200,7.577,7.634,7.412,7.521,1244271.65
1679601600,7.521,7.637,7.479,7.61,995400.22
1679616000,7.61,7.659,7.507,7.519,1115625.47
1679630400,7.519,7.536,7.449,7.475,464046.9
1679644800,7.475,7.475,7.258,7.346,893332.74
1679659200,7.346,7.416,7.269,7.329,758313.61
1679673600,7.329,7.349,7.143,7.284,1000224.41
1679688000,7.284,7.29,7.111,7.191,610692.33
1679702400,7.191,7.254,7.151,7.218,441328.69
1679716800,7.218,7.237,7.139,7.146,377925.44
1679731200,7.146,7.151,7.06,7.112,552058.64
1679745600,7.112,7.147,7.043,7.13,595422.03
1679760000,7.13,7.146,6.97,6.992,704060.23
1679774400,6.992,7.087,6.971,7.075,351770.3
1679788800,7.075,7.169,7.049,7.127,298502.94
1679803200,7.127,7.189,7.115,7.137,188808.53
1679817600,7.137,7.25,7.131,7.217,417379.42
1679832000,7.217,7.29,7.156,7.183,511547.7
1679846400,7.183,7.252,7.134,7.232,253763.02
1679860800,7.232,7.287,7.176,7.261,294986.6
1679875200,7.261,7.274,7.137,7.177,395182.79
1679889600,7.177,7.192,7.105,7.131,377771.75
1679904000,7.131,7.206,7.107,7.176,390366.7
1679918400,7.176,7.199,6.747,6.882,2025704.81
1679932800,6.882,6.933,6.808,6.822,774240.7
1679947200,6.822,6.883,6.78,6.87,588455.24
1679961600,6.87,6.884,6.763,6.817,646639.83
1679976000,6.817,6.915,6.814,6.859,327557.87
1679990400,6.859,6.875,6.75,6.855,658257.68
1680004800,6.855,6.893,6.806,6.861,724328.88
1680019200,6.861,7.046,6.772,7.011,1127849.61
1680033600,7.011,7.029,6.893,6.947,600355.16
1680048000,6.947,6.999,6.927,6.987,368001.97
1680062400,6.987,7.18,6.98,7.172,910351.11
1680076800,7.172,7.339,7.161,7.292,1274606.03
1680091200,7.292,7.38,7.229,7.357,1508533.14
1680105600,7.357,7.385,7.28,7.367,664619.74
1680120000,7.367,7.499,7.337,7.382,1098815.73
1680134400,7.382,7.558,7.252,7.393,1701464.54
1680148800,7.393,7.528,7.372,7.38,794271.28
1680163200,7.38,7.413,7.283,7.383,549257.93
1680177600,7.383,7.391,7.241,7.266,848695.37
1680192000,7.266,7.268,7.132,7.224,867407.6
1680206400,7.224,7.278,7.186,7.233,512660.16
1680220800,7.233,7.389,7.225,7.384,672362.83
1680235200,7.384,7.533,7.297,7.509,971083.63
1680249600,7.509,7.589,7.397,7.481,1044227.37
1680264000,7.481,7.69,7.468,7.582,1594320.2
1680278400,7.582,7.646,7.515,7.611,1334016.66
1680292800,7.611,7.667,7.58,7.588,702285.6
1680307200,7.588,7.636,7.545,7.576,663379.79
1680321600,7.576,7.603,7.481,7.564,456239.83
1680336000,7.564,7.599,7.512,7.52,456818.4
1680350400,7.52,7.549,7.452,7.491,432321.46
1680364800,7.491,7.527,7.427,7.497,393932.66
1680379200,7.497,7.559,7.497,7.548,303959.2
1680393600,7.548,7.548,7.443,7.504,236312.46
1680408000,7.504,7.527,7.479,7.507,128081.9
1680422400,7.507,7.517,7.435,7.44,291526.35
1680436800,7.44,7.445,7.267,7.325,783639.89
1680451200,7.325,7.372,7.202,7.232,635535.07
1680465600,7.232,7.289,7.191,7.255,555550.49
1680480000,7.255,7.269,7.071,7.146,586149.59
1680494400,7.146,7.252,7.118,7.252,289895.61
1680508800,7.252,7.383,7.249,7.298,716064.92
1680523200,7.298,7.372,7.215,7.278,655966.56
1680537600,7.278,7.441,7.209,7.364,1068058.83
1680552000,7.364,7.377,7.022,7.245,1903242.63
1680566400,7.245,7.308,7.202,7.253,758279.82
1680580800,7.253,7.32,7.228,7.256,468130.08
1680595200,7.256,7.431,7.239,7.397,1166386.73
1680609600,7.397,7.42,7.317,7.363,854788.46
1680624000,7.363,7.437,7.334,7.417,574932.25
1680638400,7.417,7.477,7.348,7.37,541574.08
1680652800,7.37,7.6,7.334,7.594,982085.44
1680667200,7.594,7.606,7.526,7.548,587871.22
1680681600,7.548,7.565,7.441,7.469,924793.49
1680696000,7.469,7.495,7.217,7.296,1531358.93
1680710400,7.296,7.345,7.25,7.321,673703.1
1680724800,7.321,7.358,7.292,7.321,470055.85
1680739200,7.321,7.333,7.205,7.314,482363.68
1680753600,7.314,7.314,7.243,7.246,335482.43
1680768000,7.246,7.294,7.161,7.239,575704.47
1680782400,7.239,7.291,7.167,7.272,597058.77
1680796800,7.272,7.285,7.145,7.198,433840.95
1680811200,7.198,7.208,7.113,7.201,558612.77
1680825600,7.201,7.23,7.154,7.182,294562.0
1680840000,7.182,7.218,7.106,7.13,345927.2
1680854400,7.13,7.185,7.106,7.142,273497.17
1680868800,7.142,7.235,7.13,7.231,366229.65
1680883200,7.231,7.242,7.204,7.233,243190.44
1680897600,7.233,7.308,7.201,7.267,370422.37
1680912000,7.267,7.294,7.212,7.266,211115.55
1680926400,7.266,7.297,7.242,7.249,240522.3
1680940800,7.249,7.262,7.207,7.211,182612.96
1680955200,7.211,7.243,7.183,7.218,189059.89
1680969600,7.218,7.224,7.106,7.118,338803.57
1680984000,7.118,7.155,7.076,7.13,278220.06
1680998400,7.13,7.186,7.122,7.157,116598.63
1681012800,7.157,7.176,7.067,7.124,246744.34
1681027200,7.124,7.129,7.078,7.11,167338.53
1681041600,7.11,7.13,7.05,7.107,254762.58
1681056000,7.107,7.214,7.092,7.198,265180.66
1681070400,7.198,7.255,7.183,7.203,231168.26
1681084800,7.203,7.225,7.131,7.178,221634.98
1681099200,7.178,7.232,7.165,7.23,140730.83
1681113600,7.23,7.247,7.208,7.209,313141.98
1681128000,7.209,7.238,7.154,7.209,365551.08
1681142400,7.209,7.358,7.179,7.287,962071.14
1681156800,7.287,7.367,7.237,7.343,635517.12
1681171200,7.343,7.417,7.317,7.342,752447.06
1681185600,7.342,7.429,7.327,7.42,467240.81
1681200000,7.42,7.453,7.375,7.386,382022.29
1681214400,7.386,7.423,7.343,7.384,592088.64
1681228800,7.384,7.397,7.304,7.322,436236.15
1681243200,7.322,7.338,7.28,7.301,379521.48
1681257600,7.301,7.326,7.1,7.133,900843.09
1681272000,7.133,7.215,7.12,7.186,362561.51
1681286400,7.186,7.19,7.155,7.178,253138.75
1681300800,7.178,7.372,7.143,7.289,1369016.46
1681315200,7.289,7.304,7.141,7.182,585740.21
1681329600,7.182,7.262,7.177,7.23,351880.68
1681344000,7.23,7.245,7.167,7.216,401612.3
1681358400,7.216,7.259,7.213,7.256,234227.09
1681372800,7.256,7.418,7.255,7.366,1007139.97
1681387200,7.366,7.47,7.366,7.407,1038852.92
1681401600,7.407,7.546,7.407,7.46,677853.09
1681416000,7.46,7.471,7.417,7.458,494297.59
1681430400,7.458,7.762,7.457,7.707,1742996.12
1681444800,7.707,7.899,7.701,7.763,1369293.28
1681459200,7.763,7.843,7.76,7.813,666152.01
1681473600,7.813,7.823,7.54,7.551,2338001.1
1681488000,7.551,7.757,7.529,7.757,947894.03
1681502400,7.757,7.813,7.722,7.743,743052.76
1681516800,7.743,7.751,7.613,7.641,613455.91
1681531200,7.641,7.714,7.62,7.702,288669.11
1681545600,7.702,7.871,7.683,7.819,816231.38
1681560000,7.819,7.998,7.772,7.965,1085343.42
1681574400,7.965,8.089,7.92,7.98,1461966.68
1681588800,7.98,8.046,7.929,8.005,565053.55
1681603200,8.005,8.165,7.958,8.003,1316945.22
1681617600,8.003,8.105,7.991,8.082,503979.45
1681632000,8.082,8.102,7.945,7.958,503657.33
1681646400,7.958,8.003,7.902,7.957,584312.52
1681660800,7.957,8.133,7.934,8.042,582715.73
1681675200,8.042,8.19,7.98,8.14,811636.4
1681689600,8.14,8.271,7.861,8.213,1710515.41
1681704000,8.213,8.299,8.1,8.103,1165715.59
1681718400,8.103,8.172,7.927,7.978,1123189.29
1681732800,7.978,8.186,7.975,8.056,1821855.31
1681747200,8.056,8.254,8.046,8.236,921044.89
1681761600,8.236,8.277,8.131,8.16,959748.56
1681776000,8.16,8.17,8.03,8.075,748419.91
1681790400,8.075,8.456,8.064,8.426,1508720.52
1681804800,8.426,8.77,8.408,8.712,2481068.05
1681819200,8.712,8.798,8.569,8.725,2308108.6
1681833600,8.725,8.732,8.519,8.549,1462091.92
1681848000,8.549,8.633,8.524,8.578,847666.46
1681862400,8.578,8.6,8.479,8.566,877009.57
1681876800,8.566,8.59,8.383,8.398,1071122.94
1681891200,8.398,8.4,7.9,8.056,3480329.42
1681905600,8.056,8.127,7.958,8.027,1469252.62
1681920000,8.027,8.091,7.907,7.959,1271334.07
1681934400,7.959,7.985,7.63,7.752,1971396.65
1681948800,7.752,7.886,7.674,7.82,1184837.86
1681963200,7.82,7.892,7.774,7.777,678983.69
1681977600,7.777,7.878,7.727,7.746,766440.05
1681992000,7.746,7.967,7.704,7.733,1354536.03
1682006400,7.733,7.735,7.453,7.525,2540688.56
1682020800,7.525,7.616,7.468,7.512,903230.01
1682035200,7.512,7.609,7.47,7.563,790459.52
1682049600,7.563,7.572,7.38,7.54,916211.4
1682064000,7.54,7.575,7.395,7.424,1071575.06
1682078400,7.424,7.477,7.332,7.38,975263.37
1682092800,7.38,7.394,7.05,7.071,1999517.28
1682107200,7.071,7.129,7.006,7.113,1131570.05
1682121600,7.113,7.183,7.081,7.174,609420.81
1682136000,7.174,7.174,7.08,7.088,335102.45
1682150400,7.088,7.168,7.085,7.154,315026.4
1682164800,7.154,7.22,7.107,7.173,546683.6
1682179200,7.173,7.242,7.128,7.15,653023.38
1682193600,7.15,7.201,7.1,7.175,556360.6
1682208000,7.175,7.175,7.0,7.111,839041.96
1682222400,7.111,7.135,7.08,7.128,312496.84
1682236800,7.128,7.141,7.061,7.117,384819.48
1682251200,7.117,7.132,6.925,6.99,891537.14
1682265600,6.99,7.074,6.866,6.952,1129986.89
1682280000,6.952,7.093,6.931,7.082,592534.21
1682294400,7.082,7.223,7.044,7.157,697261.84
1682308800,7.157,7.158,7.022,7.102,461345.52
1682323200,7.102,7.221,7.047,7.218,751692.46
1682337600,7.218,7.269,7.083,7.091,870231.57
1682352000,7.091,7.163,6.996,7.078,821583.64
1682366400,7.078,7.113,7.05,7.068,421303.27
1682380800,7.068,7.098,6.97,6.987,529529.57
1682395200,6.987,7.07,6.974,6.99,427953.71
1682409600,6.99,7.071,6.948,7.05,513846.77
1682424000,7.05,7.11,6.995,7.013,619470.55
1682438400,7.013,7.145,6.996,7.084,557263.01
1682452800,7.084,7.3,7.078,7.274,1011028.34
1682467200,7.274,7.336,7.196,7.217,516138.51
1682481600,7.217,7.302,7.216,7.249,445899.1
1682496000,7.249,7.42,7.242,7.386,854548.92
1682510400,7.386,7.503,7.364,7.438,1193381.77
1682524800,7.438,7.453,6.821,6.888,1755382.25
1682539200,6.888,7.037,6.703,7.004,2507518.07
1682553600,7.004,7.225,6.985,7.048,1489739.32
1682568000,7.048,7.131,6.984,7.054,704162.82
1682582400,7.054,7.096,7.014,7.052,432522.1
1682596800,7.052,7.169,6.982,7.124,1081153.26
1682611200,7.124,7.23,7.089,7.199,903223.2
1682625600,7.199,7.232,7.111,7.17,713513.23
1682640000,7.17,7.179,7.094,7.111,507961.69
1682654400,7.111,7.187,7.107,7.183,459862.8
1682668800,7.183,7.187,7.037,7.039,522004.89
1682683200,7.039,7.092,6.949,7.026,1069844.16
1682697600,7.026,7.068,6.996,7.043,577800.5
1682712000,7.043,7.069,7.027,7.04,373188.01
1682726400,7.04,7.068,6.992,7.053,403332.57
1682740800,7.053,7.097,7.047,7.092,261921.38
1682755200,7.092,7.15,7.054,7.143,460568.21
1682769600,7.143,7.22,7.127,7.188,510177.28
1682784000,7.188,7.201,7.071,7.198,394858.06
1682798400,7.198,7.212,7.142,7.185,359453.05
1682812800,7.185,7.205,7.116,7.145,310551.48
1682827200,7.145,7.213,7.137,7.176,223983.95
1682841600,7.176,7.266,7.155,7.216,499807.79
1682856000,7.216,7.305,7.18,7.243,539896.75
1682870400,7.243,7.294,7.09,7.132,525903.54
1682884800,7.132,7.132,7.014,7.025,674887.08
1682899200,7.025,7.082,6.857,7.009,1056564.79
1682913600,7.009,7.031,6.927,6.994,423180.04
1682928000,6.994,7.017,6.962,6.963,189152.32
1682942400,6.963,6.981,6.873,6.912,549247.09
1682956800,6.912,6.952,6.797,6.817,739146.4
1682971200,6.817,6.909,6.801,6.898,328054.1
1682985600,6.898,6.908,6.85,6.895,203810.27
1683000000,6.895,6.936,6.874,6.924,196850.78
1683014400,6.924,6.934,6.86,6.889,228634.21
1683028800,6.889,6.962,6.8,6.909,787129.9
1683043200,6.909,7.013,6.878,6.996,443304.41
1683057600,6.996,7.007,6.967,6.987,217470.82
1683072000,6.987,6.989,6.891,6.975,360753.99
1683086400,6.975,7.003,6.943,6.976,247732.02
1683100800,6.976,6.989,6.906,6.909,211883.18
1683115200,6.909,6.92,6.819,6.868,634743.22
1683129600,6.868,7.087,6.85,6.995,1228358.68
1683144000,6.995,7.151,6.981,7.129,578895.48
1683158400,7.129,7.162,7.094,7.112,263967.26
1683172800,7.112,7.139,7.065,7.066,270294.61
1683187200,7.066,7.122,7.048,7.066,304983.86
1683201600,7.066,7.081,6.986,7.03,374533.41
1683216000,7.03,7.041,6.959,6.986,307371.49
1683230400,6.986,7.0,6.96,6.998,219420.36
1683244800,6.998,7.112,6.987,7.062,366722.27
1683259200,7.062,7.092,7.042,7.045,148298.35
1683273600,7.045,7.063,7.02,7.048,213276.35
1683288000,7.048,7.153,6.888,7.142,958168.46
1683302400,7.142,7.26,7.142,7.25,919167.4
1683316800,7.25,7.28,7.219,7.226,283333.08
1683331200,7.226,7.279,7.146,7.159,407514.99
1683345600,7.159,7.185,7.1,7.108,252755.57
1683360000,7.108,7.108,7.029,7.089,455923.87
1683374400,7.089,7.089,6.866,6.908,873704.93
1683388800,6.908,6.997,6.893,6.964,422304.4
1683403200,6.964,6.98,6.908,6.92,191010.16
1683417600,6.92,6.978,6.875,6.887,382525.92
1683432000,6.887,6.929,6.887,6.919,139604.82
1683446400,6.919,6.95,6.903,6.929,220821.69
1683460800,6.929,6.989,6.929,6.938,246174.19
1683475200,6.938,6.96,6.899,6.918,206848.19
1683489600,6.918,6.975,6.858,6.911,481040.08
1683504000,6.911,6.913,6.592,6.727,1524345.21
1683518400,6.727,6.74,6.582,6.629,738178.73
1683532800,6.629,6.738,6.614,6.724,472139.07
1683547200,6.724,6.763,6.664,6.72,402886.43
1683561600,6.72,6.728,6.394,6.536,1741755.9
1683576000,6.536,6.609,6.53,6.582,419612.01
1683590400,6.582,6.633,6.545,6.546,353843.98
1683604800,6.546,6.6,6.523,6.598,317254.83
1683619200,6.598,6.598,6.534,6.574,352064.06
1683633600,6.574,6.6,6.457,6.477,526140.02
1683648000,6.477,6.56,6.452,6.521,423745.19
1683662400,6.521,6.546,6.48,6.522,226664.7
1683676800,6.522,6.559,6.497,6.508,264291.81
1683691200,6.508,6.539,6.487,6.5,190094.69
1683705600,6.5,6.554,6.462,6.539,459284.03
1683720000,6.539,6.696,6.51,6.611,1075454.13
1683734400,6.611,6.639,6.3,6.576,1722705.05
1683748800,6.576,6.645,6.554,6.588,585183.35
1683763200,6.588,6.592,6.496,6.508,371385.82
1683777600,6.508,6.547,6.483,6.503,380667.93
1683792000,6.503,6.503,6.424,6.454,488703.68
1683806400,6.454,6.521,6.28,6.375,1332487.09
1683820800,6.375,6.386,6.212,6.31,1050849.21
1683835200,6.31,6.384,6.304,6.36,345112.92
1683849600,6.36,6.397,6.248,6.261,321488.09
1683864000,6.261,6.388,6.224,6.378,570085.05
1683878400,6.378,6.459,6.368,6.409,392414.66
1683892800,6.409,6.48,6.392,6.401,437371.09
1683907200,6.401,6.496,6.317,6.481,689550.15
1683921600,6.481,6.64,6.46,6.623,912057.8
1683936000,6.623,6.636,6.56,6.596,315292.55
1683950400,6.596,6.609,6.569,6.601,179913.45
1683964800,6.601,6.612,6.551,6.553,254592.52
1683979200,6.553,6.589,6.499,6.534,282335.5
1683993600,6.534,6.55,6.475,6.503,486325.53
1684008000,6.503,6.526,6.486,6.491,224026.96
1684022400,6.491,6.529,6.41,6.512,246496.85
1684036800,6.512,6.548,6.503,6.529,127373.19
1684051200,6.529,6.543,6.515,6.535,165420.73
1684065600,6.535,6.61,6.51,6.592,263821.43
1684080000,6.592,6.604,6.491,6.505,228659.27
1684094400,6.505,6.549,6.486,6.547,161997.98
1684108800,6.547,6.648,6.453,6.629,675370.05
1684123200,6.629,6.711,6.611,6.674,517709.19
1684137600,6.674,6.703,6.634,6.635,250856.05
1684152000,6.635,6.672,6.592,6.658,293310.88
1684166400,6.658,6.702,6.625,6.678,377314.02
1684180800,6.678,6.68,6.611,6.635,214159.94
1684195200,6.635,6.671,6.552,6.624,501102.33
1684209600,6.624,6.709,6.612,6.691,468784.08
1684224000,6.691,6.728,6.65,6.65,353664.04
1684238400,6.65,6.678,6.566,6.65,476969.57
1684252800,6.65,6.69,6.617,6.617,287297.8
1684267200,6.617,6.673,6.599,6.659,209605.19
1684281600,6.659,6.736,6.624,6.693,437023.22
1684296000,6.693,6.73,6.578,6.59,421407.25
1684310400,6.59,6.612,6.552,6.56,392734.5
1684324800,6.56,6.64,6.556,6.599,480153.15
1684339200,6.599,6.807,6.578,6.779,687854.76
1684353600,6.779,6.812,6.716,6.758,880463.13
1684368000,6.758,6.767,6.723,6.757,163148.59
1684382400,6.757,6.758,6.682,6.73,196888.95
1684396800,6.73,6.736,6.677,6.693,196023.1
1684411200,6.693,6.698,6.61,6.641,373314.54
1684425600,6.641,6.655,6.428,6.493,1018960.11
1684440000,6.493,6.564,6.461,6.531,326209.57
1684454400,6.531,6.533,6.483,6.501,204163.81
1684468800,6.501,6.532,6.475,6.53,187345.17
1684483200,6.53,6.53,6.491,6.509,181054.91
1684497600,6.509,6.555,6.458,6.514,357288.42
1684512000,6.514,6.529,6.459,6.494,348071.32
1684526400,6.494,6.52,6.484,6.51,143414.15
1684540800,6.51,6.519,6.471,6.5,164999.61
1684555200,6.5,6.5,6.471,6.484,115282.9
1684569600,6.484,6.5,6.484,6.494,97756.84
1684584000,6.494,6.51,6.485,6.5,102308.01
1684598400,6.5,6.543,6.488,6.502,149793.02
1684612800,6.502,6.512,6.478,6.503,127179.63
1684627200,6.503,6.545,6.498,6.509,126115.88
1684641600,6.509,6.525,6.504,6.507,92165.94
1684656000,6.507,6.507,6.438,6.459,218771.7
1684670400,6.459,6.497,6.356,6.42,363400.9
1684684800,6.42,6.439,6.386,6.423,239260.03
1684699200,6.423,6.44,6.361,6.43,239663.24
1684713600,6.43,6.481,6.334,6.47,567045.57
1684728000,6.47,6.48,6.436,6.471,251651.54
1684742400,6.471,6.608,6.469,6.529,718763.75
1684756800,6.529,6.586,6.497,6.51,579770.37
1684771200,6.51,6.542,6.489,6.512,346106.34
1684785600,6.512,6.54,6.504,6.533,138986.42
1684800000,6.533,6.635,6.505,6.625,415552.51
1684814400,6.625,6.634,6.539,6.548,327086.02
1684828800,6.548,6.563,6.518,6.538,248557.81
1684843200,6.538,6.563,6.515,6.548,289720.19
1684857600,6.548,6.55,6.474,6.511,323391.18
1684872000,6.511,6.53,6.494,6.504,146963.97
1684886400,6.504,6.509,6.362,6.393,453721.03
1684900800,6.393,6.394,6.318,6.335,570308.88
1684915200,6.335,6.376,6.327,6.34,280991.48
1684929600,6.34,6.349,6.206,6.27,1061791.16
1684944000,6.27,6.34,6.245,6.324,391893.02
1684958400,6.324,6.361,6.312,6.32,331402.47
1684972800,6.32,6.338,6.164,6.276,566707.28
1684987200,6.276,6.306,6.266,6.294,177521.8
1685001600,6.294,6.317,6.279,6.305,231317.1
1685016000,6.305,6.345,6.243,6.248,380275.04
1685030400,6.248,6.331,6.239,6.309,341329.28
1685044800,6.309,6.315,6.266,6.278,159143.97
1685059200,6.278,6.293,6.235,6.288,305425.04
1685073600,6.288,6.318,6.261,6.312,192861.99
1685088000,6.312,6.336,6.292,6.312,197689.8
1685102400,6.312,6.458,6.273,6.352,621693.15
1685116800,6.352,6.38,6.316,6.372,281349.45
1685131200,6.372,6.383,6.343,6.344,105624.74
1685145600,6.344,6.372,6.337,6.359,116996.45
1685160000,6.359,6.381,6.342,6.356,157553.78
1685174400,6.356,6.376,6.343,6.374,142372.65
1685188800,6.374,6.399,6.327,6.398,195993.19
1685203200,6.398,6.422,6.377,6.421,199335.46
1685217600,6.421,6.441,6.405,6.438,288599.7
1685232000,6.438,6.598,6.419,6.526,611548.29
1685246400,6.526,6.543,6.493,6.495,184846.55
1685260800,6.495,6.52,6.462,6.477,220070.29
1685275200,6.477,6.512,6.47,6.509,147563.22
1685289600,6.509,6.56,6.492,6.543,261309.25
1685304000,6.543,6.659,6.523,6.631,603488.38
1685318400,6.631,6.674,6.588,6.594,429054.81
1685332800,6.594,6.621,6.565,6.603,335289.46
1685347200,6.603,6.626,6.575,6.62,216126.91
1685361600,6.62,6.629,6.547,6.559,494643.67
1685376000,6.559,6.616,6.527,6.589,423635.46
1685390400,6.589,6.678,6.585,6.637,338081.84
1685404800,6.637,6.672,6.614,6.615,323107.19
1685419200,6.615,6.622,6.538,6.54,301084.58
1685433600,6.54,6.639,6.538,6.631,425817.22
1685448000,6.631,6.635,6.536,6.577,533003.82
1685462400,6.577,6.633,6.54,6.629,433601.64
1685476800,6.629,6.656,6.606,6.613,378950.33
1685491200,6.613,6.636,6.552,6.607,393486.47
1685505600,6.607,6.61,6.429,6.485,971199.8
1685520000,6.485,6.512,6.457,6.46,314885.47
1685534400,6.46,6.497,6.396,6.444,492873.88
1685548800,6.444,6.48,6.432,6.455,291792.75
1685563200,6.455,6.488,6.435,6.478,139783.19
1685577600,6.478,6.513,6.372,6.434,514767.02
1685592000,6.434,6.461,6.407,6.412,288811.41
1685606400,6.412,6.441,6.394,6.401,322430.05
1685620800,6.401,6.424,6.384,6.408,252036.56
1685635200,6.408,6.455,6.325,6.385,548701.84
1685649600,6.385,6.401,6.317,6.344,236833.37
1685664000,6.344,6.448,6.306,6.448,286709.11
1685678400,6.448,6.481,6.416,6.419,245782.64
1685692800,6.419,6.443,6.391,6.417,486435.89
1685707200,6.417,6.421,6.346,6.391,619698.74
1685721600,6.391,6.456,6.368,6.454,333737.32
1685736000,6.454,6.467,6.418,6.45,174710.34
1685750400,6.45,6.459,6.398,6.416,118547.34
1685764800,6.416,6.445,6.41,6.434,123989.32
1685779200,6.434,6.443,6.412,6.439,112822.23
1685793600,6.439,6.45,6.409,6.438,161181.26
1685808000,6.438,6.446,6.361,6.387,245978.42
1685822400,6.387,6.422,6.369,6.421,106081.12
1685836800,6.421,6.468,6.393,6.455,163701.05
1685851200,6.455,6.496,6.434,6.485,156183.25
1685865600,6.485,6.511,6.484,6.495,184131.46
1685880000,6.495,6.526,6.469,6.499,235743.51
1685894400,6.499,6.521,6.476,6.521,134955.93
1685908800,6.521,6.532,6.444,6.452,335220.47
1685923200,6.452,6.492,6.351,6.359,580318.81
1685937600,6.359,6.4,6.348,6.4,201988.75
1685952000,6.4,6.409,6.363,6.376,178720.14
1685966400,6.376,6.381,6.081,6.099,1074635.56
1685980800,6.099,6.176,5.961,6.053,2025135.68
1685995200,6.053,6.068,6.008,6.054,434506.84
1686009600,6.054,6.079,6.003,6.048,344223.05
1686024000,6.048,6.095,6.045,6.085,206767.75
1686038400,6.085,6.132,6.083,6.112,361737.73
1686052800,6.112,6.233,6.022,6.229,1669810.4
1686067200,6.229,6.306,6.206,6.29,687763.01
1686081600,6.29,6.312,6.211,6.261,439606.38
1686096000,6.261,6.269,6.167,6.181,292075.17
1686110400,6.181,6.225,6.171,6.176,286015.94
1686124800,6.176,6.187,6.063,6.103,583290.06
1686139200,6.103,6.107,5.941,5.986,865177.18
1686153600,5.986,5.995,5.911,5.936,472673.05
1686168000,5.936,5.942,5.829,5.917,499570.15
1686182400,5.917,5.969,5.883,5.91,264948.64
1686196800,5.91,5.983,5.906,5.971,256757.35
1686211200,5.971,6.016,5.958,5.99,247456.14
1686225600,5.99,6.032,5.966,6.019,322245.59
1686240000,6.019,6.023,5.945,6.021,200370.93
1686254400,6.021,6.036,5.98,5.995,134677.44
1686268800,5.995,6.004,5.92,5.974,216497.72
1686283200,5.974,5.983,5.928,5.941,177387.9
1686297600,5.941,6.012,5.929,6.005,176847.34
1686312000,6.005,6.081,5.984,5.991,255034.55
1686326400,5.991,6.024,5.933,5.933,251125.17
1686340800,5.933,5.999,5.925,5.993,190644.39
1686355200,5.993,6.007,5.754,5.772,854791.1
1686369600,5.772,5.793,4.761,5.107,5991942.63
1686384000,5.107,5.148,4.961,5.068,2171938.66
1686398400,5.068,5.088,4.957,5.016,1917512.94
1686412800,5.016,5.195,4.917,5.156,2019882.69
1686427200,5.156,5.287,5.137,5.233,1072587.57
1686441600,5.233,5.239,5.171,5.191,339987.21
1686456000,5.191,5.211,5.146,5.16,361876.23
1686470400,5.16,5.206,5.137,5.179,421098.75
1686484800,5.179,5.196,5.089,5.101,480117.85
1686499200,5.101,5.229,5.097,5.199,471811.39
1686513600,5.199,5.254,5.106,5.175,379803.9
1686528000,5.175,5.19,5.003,5.067,633251.76
1686542400,5.067,5.128,5.064,5.075,326044.87
1686556800,5.075,5.189,5.062,5.136,445709.94
1686571200,5.136,5.174,5.102,5.107,379413.64
1686585600,5.107,5.198,5.077,5.147,654081.92
1686600000,5.147,5.196,5.139,5.16,308306.67
1686614400,5.16,5.234,5.11,5.21,406009.08
1686628800,5.21,5.262,5.161,5.241,235968.41
1686643200,5.241,5.332,5.217,5.316,423253.62
1686657600,5.316,5.412,5.18,5.188,993429.64
1686672000,5.188,5.271,5.182,5.256,191039.29
1686686400,5.256,5.306,5.24,5.3,245794.48
1686700800,5.3,5.395,5.287,5.393,453479.96
1686715200,5.393,5.41,5.357,5.372,405454.23
1686729600,5.372,5.419,5.363,5.393,274829.79
1686744000,5.393,5.416,5.348,5.391,314712.35
1686758400,5.391,5.507,5.341,5.448,931798.9
1686772800,5.448,5.448,5.142,5.25,1406505.42
1686787200,5.25,5.341,5.24,5.307,341547.59
1686801600,5.307,5.324,5.231,5.26,478690.69
1686816000,5.26,5.314,5.182,5.278,668140.17
1686830400,5.278,5.294,5.224,5.228,446934.66
1686844800,5.228,5.354,5.163,5.35,573575.27
1686859200,5.35,5.419,5.286,5.312,387033.83
1686873600,5.312,5.312,5.252,5.297,207086.44
1686888000,5.297,5.307,5.259,5.264,202368.14
1686902400,5.264,5.295,5.18,5.191,408428.13
1686916800,5.191,5.276,5.128,5.271,516230.69
1686931200,5.271,5.398,5.229,5.375,573713.23
1686945600,5.375,5.377,5.311,5.324,268532.78
1686960000,5.324,5.33,5.262,5.267,213282.21
1686974400,5.267,5.396,5.221,5.35,658024.1
1686988800,5.35,5.39,5.336,5.358,330280.11
1687003200,5.358,5.371,5.303,5.313,280722.47
1687017600,5.313,5.331,5.279,5.283,191217.78
1687032000,5.283,5.303,5.258,5.279,205320.06
1687046400,5.279,5.282,5.216,5.253,343960.36
1687060800,5.253,5.285,5.222,5.246,312033.86
1687075200,5.246,5.282,5.222,5.248,207163.99
1687089600,5.248,5.265,5.221,5.259,240898.75
1687104000,5.259,5.302,5.247,5.297,227697.73
1687118400,5.297,5.301,5.04,5.156,635163.9
1687132800,5.156,5.181,5.097,5.153,264684.9
1687147200,5.153,5.18,5.139,5.146,221359.07
1687161600,5.146,5.147,5.065,5.101,737516.59
1687176000,5.101,5.13,5.027,5.07,544445.22
1687190400,5.07,5.194,4.993,5.096,1074470.33
1687204800,5.096,5.135,5.086,5.133,392469.77
1687219200,5.133,5.178,5.109,5.128,391538.99
1687233600,5.128,5.13,5.06,5.099,384627.12
1687248000,5.099,5.099,5.041,5.088,347049.91
1687262400,5.088,5.099,5.0,5.079,808328.1
1687276800,5.079,5.219,5.066,5.219,1414340.22
1687291200,5.219,5.281,5.202,5.267,901196.32
1687305600,5.267,5.411,5.242,5.324,1197545.29
1687320000,5.324,5.393,5.309,5.36,539533.76
1687334400,5.36,5.383,5.328,5.371,693419.39
1687348800,5.371,5.474,5.335,5.438,945221.19
1687363200,5.438,5.57,5.429,5.517,1223683.93
1687377600,5.517,5.588,5.489,5.556,696387.7
1687392000,5.556,5.823,5.534,5.779,1038785.72
1687406400,5.779,5.784,5.676,5.759,653576.9
1687420800,5.759,5.78,5.581,5.625,973821.0
1687435200,5.625,5.719,5.507,5.558,934710.28
1687449600,5.558,5.635,5.547,5.63,553287.4
1687464000,5.63,5.641,5.534,5.558,493364.79
1687478400,5.558,5.641,5.551,5.641,416266.92
1687492800,5.641,5.835,5.635,5.834,790216.1
1687507200,5.834,5.919,5.817,5.857,1110712.84
1687521600,5.857,6.055,5.768,6.008,1643463.28
1687536000,6.008,6.154,5.936,6.076,2134818.65
1687550400,6.076,6.138,6.004,6.07,624795.81
1687564800,6.07,6.109,5.984,6.079,581957.96
1687579200,6.079,6.103,6.01,6.021,326929.43
1687593600,6.021,6.196,6.014,6.134,520253.39
1687608000,6.134,6.17,5.912,6.02,789399.42
1687622400,6.02,6.09,5.955,6.087,473407.22
1687636800,6.087,6.153,6.005,6.133,512496.75
1687651200,6.133,6.233,6.106,6.226,450327.05
1687665600,6.226,6.338,6.167,6.291,682914.73
1687680000,6.291,6.378,6.269,6.316,671038.51
1687694400,6.316,6.317,6.167,6.195,571012.3
1687708800,6.195,6.228,6.078,6.116,518983.05
1687723200,6.116,6.159,6.059,6.157,305874.08
1687737600,6.157,6.161,6.026,6.129,570520.25
1687752000,6.129,6.256,6.075,6.181,584603.1
1687766400,6.181,6.218,6.139,6.149,577830.49
1687780800,6.149,6.259,6.13,6.23,669044.63
1687795200,6.23,6.235,6.02,6.095,1006974.4
1687809600,6.095,6.11,6.005,6.057,466139.79
1687824000,6.057,6.207,6.046,6.19,591370.71
1687838400,6.19,6.25,6.1,6.244,719456.53
1687852800,6.244,6.255,6.165,6.23,382260.86
1687867200,6.23,6.25,6.088,6.122,745388.45
1687881600,6.122,6.25,6.11,6.226,385882.61
1687896000,6.226,6.24,6.169,6.198,425774.03
1687910400,6.198,6.205,6.06,6.105,482455.94
1687924800,6.105,6.132,5.93,5.972,746214.23
1687939200,5.972,6.062,5.949,5.995,500798.44
1687953600,5.995,6.058,5.941,6.019,769335.97
1687968000,6.019,6.031,5.703,5.822,1127684.77
1687982400,5.822,5.878,5.781,5.815,508547.8
1687996800,5.815,5.88,5.787,5.828,369214.17
1688011200,5.828,5.892,5.821,5.879,264582.73
1688025600,5.879,6.15,5.859,6.136,942116.3
1688040000,6.136,6.183,5.948,5.963,1421684.86
1688054400,5.963,6.007,5.898,5.944,735504.25
1688068800,5.944,5.945,5.865,5.891,488752.54
1688083200,5.891,6.119,5.84,6.098,969397.1
1688097600,6.098,6.214,6.057,6.151,1096228.13
1688112000,6.151,6.248,6.129,6.233,1124091.14
1688126400,6.233,6.296,5.721,6.081,2876115.0
1688140800,6.081,6.452,6.038,6.311,1985550.78
1688155200,6.311,6.34,6.236,6.313,671989.61
1688169600,6.313,6.358,6.192,6.215,780228.76
1688184000,6.215,6.279,6.122,6.247,846987.96
1688198400,6.247,6.265,6.171,6.222,1632521.15
1688212800,6.222,6.347,6.211,6.339,585296.57
1688227200,6.339,6.466,6.282,6.423,664972.78
1688241600,6.423,6.524,6.416,6.503,631407.53
1688256000,6.503,6.507,6.365,6.383,889384.19
1688270400,6.383,6.484,6.361,6.409,457708.77
1688284800,6.409,6.508,6.378,6.485,571800.44
1688299200,6.485,6.55,6.372,6.468,874534.11
1688313600,6.468,6.469,6.333,6.452,669725.0
1688328000,6.452,6.565,6.407,6.54,623833.06
1688342400,6.54,6.632,6.468,6.586,551875.76
1688356800,6.586,6.634,6.539,6.633,571878.73
1688371200,6.633,6.659,6.578,6.651,511060.51
1688385600,6.651,6.665,6.571,6.631,591901.07
1688400000,6.631,6.692,6.562,6.662,650583.55
1688414400,6.662,6.667,6.565,6.628,360343.02
1688428800,6.628,6.63,6.546,6.613,512011.0
1688443200,6.613,6.613,6.468,6.469,572567.49
1688457600,6.469,6.531,6.436,6.526,342455.03
1688472000,6.526,6.54,6.459,6.501,305680.0
1688486400,6.501,6.555,6.392,6.453,532221.53
1688500800,6.453,6.581,6.447,6.521,341544.14
1688515200,6.521,6.571,6.482,6.552,219256.04
1688529600,6.552,6.556,6.515,6.542,203704.36
1688544000,6.542,6.543,6.251,6.294,983876.78
1688558400,6.294,6.341,6.214,6.275,917302.43
1688572800,6.275,6.342,6.259,6.264,478630.34
1688587200,6.264,6.328,6.241,6.299,220910.65
1688601600,6.299,6.32,6.207,6.317,351646.81
1688616000,6.317,6.401,6.281,6.365,309167.5
1688630400,6.365,6.507,6.312,6.346,816127.68
1688644800,6.346,6.35,6.082,6.203,1267469.01
1688659200,6.203,6.23,6.127,6.176,493958.4
1688673600,6.176,6.204,6.08,6.08,495464.53
1688688000,6.08,6.155,6.012,6.152,634770.43
1688702400,6.152,6.166,6.085,6.108,356936.56
1688716800,6.108,6.16,6.087,6.136,260640.42
1688731200,6.136,6.223,6.104,6.213,401404.68
1688745600,6.213,6.221,6.114,6.146,249478.21
1688760000,6.146,6.179,6.129,6.156,160134.84
1688774400,6.156,6.19,6.128,6.145,232113.54
1688788800,6.145,6.172,6.108,6.158,157230.35
1688803200,6.158,6.222,6.148,6.17,259798.2
1688817600,6.17,6.211,6.143,6.18,195410.06
1688832000,6.18,6.198,6.094,6.107,221515.93
1688846400,6.107,6.207,6.094,6.196,220183.78
1688860800,6.196,6.24,6.18,6.212,188120.19
1688875200,6.212,6.229,6.175,6.202,172275.31
1688889600,6.202,6.227,6.189,6.2,249754.66
1688904000,6.2,6.229,6.159,6.163,236621.66
1688918400,6.163,6.171,6.134,6.158,203591.07
1688932800,6.158,6.169,6.123,6.15,146862.45
1688947200,6.15,6.154,6.02,6.092,603427.82
1688961600,6.092,6.11,6.064,6.095,197922.51
1688976000,6.095,6.129,6.022,6.124,267118.61
1688990400,6.124,6.162,6.096,6.155,256360.91
1689004800,6.155,6.282,6.129,6.263,433233.43
1689019200,6.263,6.303,6.127,6.167,404403.97
1689033600,6.167,6.193,6.121,6.178,167654.32
1689048000,6.178,6.238,6.168,6.199,214644.42
1689062400,6.199,6.21,6.14,6.169,153315.12
1689076800,6.169,6.223,6.134,6.192,205707.11
1689091200,6.192,6.204,6.144,6.171,168098.09
1689105600,6.171,6.219,6.156,6.206,155660.04
1689120000,6.206,6.279,6.201,6.223,238771.39
1689134400,6.223,6.279,6.216,6.256,134242.17
1689148800,6.256,6.277,6.233,6.262,149701.16
1689163200,6.262,6.311,6.217,6.247,561354.96
1689177600,6.247,6.35,6.196,6.213,811822.9
1689192000,6.213,6.258,6.2,6.252,173664.56
1689206400,6.252,6.279,6.211,6.24,202553.7
1689220800,6.24,6.35,6.224,6.304,321637.04
1689235200,6.304,6.478,6.304,6.453,618998.61
1689249600,6.453,6.68,6.397,6.613,1187713.27
1689264000,6.613,6.97,6.587,6.96,2916821.46
1689278400,6.96,7.198,6.871,7.124,1438119.11
1689292800,7.124,7.343,7.075,7.212,2258737.14
1689307200,7.212,7.239,7.096,7.11,591474.19
1689321600,7.11,7.175,7.023,7.067,588509.69
1689336000,7.067,7.167,7.005,7.142,576844.09
1689350400,7.142,7.178,6.687,6.785,2423018.88
1689364800,6.785,6.967,6.718,6.958,721184.78
1689379200,6.958,6.961,6.832,6.859,369561.96
1689393600,6.859,6.983,6.844,6.982,285058.53
1689408000,6.982,7.02,6.936,6.957,386675.66
1689422400,6.957,7.008,6.909,6.973,390560.37
1689436800,6.973,7.008,6.942,6.95,221097.11
1689451200,6.95,6.95,6.882,6.918,247420.74
1689465600,6.918,6.921,6.738,6.783,510618.88
1689480000,6.783,6.86,6.77,6.826,165769.04
1689494400,6.826,6.851,6.801,6.839,297986.86
1689508800,6.839,6.886,6.793,6.812,496329.16
1689523200,6.812,6.814,6.598,6.62,742382.88
1689537600,6.62,6.695,6.567,6.607,445447.25
1689552000,6.607,6.729,6.56,6.706,485291.21
1689566400,6.706,6.733,6.647,6.678,379778.29
1689580800,6.678,6.681,6.45,6.642,928325.47
1689595200,6.642,6.694,6.544,6.67,1129294.99
1689609600,6.67,7.063,6.632,6.896,3205422.39
1689624000,6.896,7.265,6.879,7.186,2162137.7
1689638400,7.186,7.3,7.089,7.094,1926933.4
1689652800,7.094,7.166,7.009,7.056,1553114.96
1689667200,7.056,7.153,6.915,6.922,1781144.01
1689681600,6.922,7.021,6.851,6.952,1297211.81
1689696000,6.952,7.022,6.757,6.879,1270911.22
1689710400,6.879,6.954,6.852,6.911,678566.48
1689724800,6.911,7.031,6.882,6.974,537324.58
1689739200,6.974,7.019,6.873,6.881,557014.23
1689753600,6.881,6.881,6.805,6.849,676638.98
1689768000,6.849,6.932,6.773,6.903,1056360.05
1689782400,6.903,7.048,6.865,7.029,828735.33
1689796800,7.029,7.033,6.857,6.915,478303.57
1689811200,6.915,7.022,6.884,6.953,501384.37
1689825600,6.953,7.45,6.916,7.431,1447657.67
1689840000,7.431,8.377,7.417,8.327,9110979.01
1689854400,8.327,8.398,7.958,8.064,7074737.7
1689868800,8.064,8.3,8.002,8.138,3160454.69
1689883200,8.138,8.464,8.043,8.361,3174966.37
1689897600,8.361,8.449,8.145,8.292,2798373.31
1689912000,8.292,8.358,8.042,8.073,2030820.03
1689926400,8.073,8.239,8.047,8.137,1383989.62
1689940800,8.137,8.2,8.056,8.135,1372317.2
1689955200,8.135,8.23,8.078,8.136,888681.78
1689969600,8.136,8.187,8.076,8.133,513131.77
1689984000,8.133,8.199,8.063,8.154,858749.95
1689998400,8.154,8.186,8.111,8.166,474773.89
1690012800,8.166,8.383,7.858,7.97,2752258.94
1690027200,7.97,8.095,7.934,8.058,942962.78
1690041600,8.058,8.07,7.94,7.986,502220.07
1690056000,7.986,8.028,7.76,7.881,765800.65
1690070400,7.881,7.959,7.817,7.901,450844.98
1690084800,7.901,8.05,7.9,8.003,631706.58
1690099200,8.003,8.06,7.962,8.011,379988.38
1690113600,8.011,8.031,7.979,7.989,295299.93
1690128000,7.989,8.099,7.927,7.952,766635.21
1690142400,7.952,7.962,7.851,7.89,567721.92
1690156800,7.89,7.89,7.679,7.706,1558437.7
1690171200,7.706,7.775,7.657,7.734,683494.82
1690185600,7.734,7.737,7.435,7.601,1491463.64
1690200000,7.601,7.65,7.502,7.611,913743.23
1690214400,7.611,7.624,7.507,7.535,642423.46
1690228800,7.535,7.623,7.524,7.586,422405.79
1690243200,7.586,7.643,7.538,7.627,312963.74
1690257600,7.627,7.629,7.374,7.432,679803.97
1690272000,7.432,7.493,7.39,7.487,630425.42
1690286400,7.487,7.535,7.394,7.427,659968.4
1690300800,7.427,7.499,7.34,7.424,963029.29
1690315200,7.424,7.458,7.384,7.392,266899.86
1690329600,7.392,7.462,7.275,7.452,625895.01
1690344000,7.452,7.546,7.414,7.465,492656.23
1690358400,7.465,7.533,7.465,7.504,527425.03
1690372800,7.504,7.634,7.484,7.597,1235260.58
1690387200,7.597,7.825,7.459,7.812,1812465.47
1690401600,7.812,7.835,7.691,7.742,1289556.47
1690416000,7.742,8.024,7.68,7.984,1389951.1
1690430400,7.984,8.063,7.933,7.944,785416.22
1690444800,7.944,8.059,7.919,8.037,723491.06
1690459200,8.037,8.145,7.956,7.975,1210949.17
1690473600,7.975,8.05,7.874,7.934,832169.21
1690488000,7.934,8.018,7.91,7.989,535406.31
1690502400,7.989,8.092,7.911,7.928,673819.67
1690516800,7.928,7.929,7.809,7.841,545017.85
1690531200,7.841,7.889,7.808,7.839,353332.13
1690545600,7.839,7.98,7.833,7.896,708427.43
1690560000,7.896,7.899,7.782,7.805,546830.81
1690574400,7.805,7.844,7.763,7.77,291679.04
1690588800,7.77,7.843,7.741,7.777,419149.95
1690603200,7.777,7.806,7.743,7.775,259235.0
1690617600,7.775,7.788,7.724,7.733,262413.58
1690632000,7.733,7.764,7.728,7.741,179352.87
1690646400,7.741,7.814,7.728,7.805,392017.93
1690660800,7.805,7.897,7.788,7.842,394565.35
1690675200,7.842,7.863,7.797,7.81,318562.19
1690689600,7.81,7.839,7.743,7.767,211542.92
1690704000,7.767,7.777,7.733,7.75,286519.61
1690718400,7.75,7.8,7.696,7.721,454826.29
1690732800,7.721,7.737,7.485,7.522,883174.17
1690747200,7.522,7.571,7.343,7.555,825725.89
1690761600,7.555,7.716,7.539,7.615,522137.36
1690776000,7.615,7.635,7.561,7.602,259069.45
1690790400,7.602,7.671,7.596,7.633,306171.91
1690804800,7.633,7.663,7.515,7.528,787975.42
1690819200,7.528,7.671,7.435,7.484,1079584.36
1690833600,7.484,7.557,7.433,7.547,502101.73
1690848000,7.547,7.595,7.139,7.386,1100577.63
1690862400,7.386,7.476,7.342,7.443,502314.41
1690876800,7.443,7.499,7.44,7.456,509891.86
1690891200,7.456,7.509,7.348,7.46,718167.36
1690905600,7.46,7.546,7.435,7.544,539773.67
1690920000,7.544,7.648,7.506,7.641,469102.92
1690934400,7.641,7.715,7.605,7.631,521697.75
1690948800,7.631,7.65,7.581,7.588,322852.01
1690963200,7.588,7.702,7.575,7.656,529122.78
1690977600,7.656,7.713,7.422,7.492,1528455.85
1690992000,7.492,7.52,7.336,7.422,870918.39
1691006400,7.422,7.433,7.334,7.351,427671.51
1691020800,7.351,7.409,7.317,7.354,596089.08
1691035200,7.354,7.377,7.286,7.299,372646.72
1691049600,7.299,7.324,7.206,7.316,509072.96
1691064000,7.316,7.333,7.21,7.217,538956.42
1691078400,7.217,7.296,7.167,7.199,689370.76
1691092800,7.199,7.246,7.07,7.125,692134.05
1691107200,7.125,7.203,7.109,7.16,364733.72
1691121600,7.16,7.184,7.111,7.146,242773.84
1691136000,7.146,7.159,7.058,7.115,441078.3
1691150400,7.115,7.243,7.105,7.166,721023.48
1691164800,7.166,7.265,7.066,7.094,662686.94
1691179200,7.094,7.169,7.007,7.143,649474.35
1691193600,7.143,7.201,7.103,7.185,291902.23
1691208000,7.185,7.222,7.151,7.181,202168.52
1691222400,7.181,7.246,7.177,7.191,433666.73
1691236800,7.191,7.245,7.155,7.167,354335.27
1691251200,7.167,7.215,7.129,7.198,227625.39
1691265600,7.198,7.237,7.182,7.231,111472.01
1691280000,7.231,7.275,7.186,7.225,262399.02
1691294400,7.225,7.23,7.164,7.177,238838.08
1691308800,7.177,7.203,7.126,7.15,257936.49
1691323200,7.15,7.158,7.076,7.111,440852.73
1691337600,7.111,7.149,7.081,7.093,236805.17
1691352000,7.093,7.177,7.086,7.102,263744.99
1691366400,7.102,7.211,7.085,7.164,228793.86
1691380800,7.164,7.206,7.128,7.187,230506.34
1691395200,7.187,7.237,7.155,7.215,327073.84
1691409600,7.215,7.233,7.065,7.069,667341.51
1691424000,7.069,7.189,6.94,7.121,1002801.99
1691438400,7.121,7.397,7.104,7.324,867567.76
1691452800,7.324,7.379,7.29,7.343,683821.49
1691467200,7.343,7.44,7.314,7.344,583355.13
1691481600,7.344,7.436,7.332,7.43,382747.79
1691496000,7.43,7.466,7.323,7.365,647856.28
1691510400,7.365,7.437,7.337,7.348,785359.29
1691524800,7.348,7.534,7.343,7.461,901375.42
1691539200,7.461,7.487,7.378,7.392,413754.45
1691553600,7.392,7.568,7.382,7.522,321812.95
1691568000,7.522,7.683,7.49,7.642,602547.48
1691582400,7.642,7.919,7.638,7.715,2374502.6
1691596800,7.715,7.748,7.633,7.673,927187.6
1691611200,7.673,7.759,7.607,7.678,716397.52
1691625600,7.678,7.713,7.617,7.618,833606.11
1691640000,7.618,7.66,7.576,7.603,394331.92
1691654400,7.603,7.667,7.559,7.622,425388.77
1691668800,7.622,7.735,7.617,7.674,792148.26
1691683200,7.674,7.686,7.579,7.581,555219.19
1691697600,7.581,7.646,7.564,7.619,233086.96
1691712000,7.619,7.642,7.53,7.559,238407.19
1691726400,7.559,7.606,7.553,7.561,209435.86
1691740800,7.561,7.583,7.527,7.581,189270.59
1691755200,7.581,7.591,7.472,7.495,488055.03
1691769600,7.495,7.502,7.405,7.429,533824.09
1691784000,7.429,7.507,7.429,7.492,189878.83
1691798400,7.492,7.539,7.46,7.47,214634.55
1691812800,7.47,7.478,7.407,7.463,300939.33
1691827200,7.463,7.477,7.435,7.456,119090.23
1691841600,7.456,7.462,7.424,7.434,250338.55
1691856000,7.434,7.471,7.385,7.394,231667.6
1691870400,7.394,7.472,7.386,7.442,198331.42
1691884800,7.442,7.499,7.432,7.463,175855.05
1691899200,7.463,7.526,7.444,7.511,255289.67
1691913600,7.511,7.527,7.465,7.507,262614.0
1691928000,7.507,7.519,7.407,7.417,275923.63
1691942400,7.417,7.555,7.405,7.541,444449.23
1691956800,7.541,7.56,7.313,7.369,646123.98
1691971200,7.369,7.466,7.307,7.441,468332.4
1691985600,7.441,7.506,7.427,7.468,381800.84
1692000000,7.468,7.541,7.464,7.53,687160.94
1692014400,7.53,7.636,7.492,7.588,1035092.49
1692028800,7.588,7.604,7.403,7.416,890674.86
1692043200,7.416,7.461,7.389,7.412,330725.49
1692057600,7.412,7.434,7.366,7.376,341361.93
1692072000,7.376,7.4,7.324,7.386,532024.4
1692086400,7.386,7.389,7.265,7.283,1542456.98
1692100800,7.283,7.331,7.257,7.286,471855.65
1692115200,7.286,7.3,6.8,7.039,2482608.71
1692129600,7.039,7.065,6.978,7.043,708163.42
1692144000,7.043,7.072,6.993,7.016,1325774.18
1692158400,7.016,7.037,6.944,6.999,648346.43
1692172800,6.999,7.016,6.94,6.975,294823.89
1692187200,6.975,6.975,6.789,6.806,1537893.66
1692201600,6.806,6.925,6.764,6.803,742434.29
1692216000,6.803,6.823,6.6,6.762,1513727.93
1692230400,6.762,6.866,6.628,6.845,807095.25
1692244800,6.845,6.871,6.794,6.813,276272.13
1692259200,6.813,6.827,6.77,6.799,346546.27
1692273600,6.799,6.848,6.561,6.609,1323242.81
1692288000,6.609,6.684,6.531,6.625,1164011.88
1692302400,6.625,6.632,5.6,6.189,4449870.85
1692316800,6.189,6.26,6.093,6.139,1226909.55
1692331200,6.139,6.287,6.089,6.256,741268.76
1692345600,6.256,6.277,6.198,6.254,477840.21
1692360000,6.254,6.266,6.154,6.163,805438.97
1692374400,6.163,6.223,6.065,6.133,1142802.16
1692388800,6.133,6.245,6.126,6.176,445242.72
1692403200,6.176,6.24,6.151,6.181,688612.9
1692417600,6.181,6.199,6.135,6.181,212381.51
1692432000,6.181,6.229,6.145,6.151,300441.81
1692446400,6.151,6.23,6.146,6.218,334195.45
1692460800,6.218,6.264,6.167,6.17,489315.38
1692475200,6.17,6.181,6.114,6.181,299438.04
1692489600,6.181,6.195,6.132,6.164,238345.86
1692504000,6.164,6.172,6.118,6.143,168269.67
1692518400,6.143,6.214,6.139,6.208,308631.82
1692532800,6.208,6.225,6.124,6.172,258248.88
1692547200,6.172,6.215,6.155,6.194,148490.65
1692561600,6.194,6.236,6.19,6.22,150834.11
1692576000,6.22,6.256,6.199,6.207,358926.74
1692590400,6.207,6.244,6.171,6.191,238477.21
1692604800,6.191,6.222,6.126,6.211,416536.11
1692619200,6.211,6.235,6.002,6.104,1334647.71
1692633600,6.104,6.202,6.083,6.185,480303.56
1692648000,6.185,6.212,6.149,6.174,234754.58
1692662400,6.174,6.184,6.139,6.142,183673.17
1692676800,6.142,6.199,6.122,6.198,275678.29
1692691200,6.198,6.241,6.184,6.199,279845.74
1692705600,6.199,6.255,6.112,6.122,672366.01
1692720000,6.122,6.135,5.962,6.02,1290014.6
1692734400,6.02,6.148,5.865,6.112,1236002.19
1692748800,6.112,6.169,6.103,6.121,339780.63
1692763200,6.121,6.228,6.12,6.215,350295.94
1692777600,6.215,6.311,6.212,6.245,572365.38
1692792000,6.245,6.374,6.199,6.356,950685.13
1692806400,6.356,6.435,6.338,6.402,998237.72
1692820800,6.402,6.412,6.269,6.352,399855.77
1692835200,6.352,6.368,6.315,6.341,184848.9
1692849600,6.341,6.343,6.286,6.312,244309.22
1692864000,6.312,6.322,6.269,6.294,263705.42
1692878400,6.294,6.294,6.118,6.119,839886.8
1692892800,6.119,6.138,6.036,6.065,917246.17
1692907200,6.065,6.093,5.984,6.084,558244.45
1692921600,6.084,6.085,5.931,6.021,532004.87
1692936000,6.021,6.037,5.962,5.97,542432.22
1692950400,5.97,6.013,5.952,5.981,249263.42
1692964800,5.981,6.055,5.913,5.957,1109466.81
1692979200,5.957,6.007,5.928,5.977,370674.34
1692993600,5.977,6.022,5.949,6.014,303610.64
1693008000,6.014,6.042,5.989,6.021,301979.48
1693022400,6.021,6.043,5.982,6.017,384338.48
1693036800,6.017,6.034,5.997,6.011,190088.29
1693051200,6.011,6.024,5.983,6.002,385347.46
1693065600,6.002,6.002,5.955,5.991,264873.63
1693080000,5.991,6.014,5.986,6.006,110106.15
1693094400,6.006,6.023,5.953,5.96,226114.54
1693108800,5.96,5.994,5.96,5.984,137260.39
1693123200,5.984,6.003,5.968,5.97,202857.35
1693137600,5.97,6.037,5.957,6.015,358648.32
1693152000,6.015,6.045,5.973,6.011,232505.11
1693166400,6.011,6.039,5.984,6.03,170597.58
1693180800,6.03,6.03,5.891,5.934,773929.55
1693195200,5.934,5.948,5.861,5.912,583522.02
1693209600,5.912,5.936,5.85,5.927,418253.13
1693224000,5.927,6.051,5.927,6.003,756299.45
1693238400,6.003,6.023,5.917,5.956,529185.95
1693252800,5.956,5.997,5.924,5.981,313224.44
1693267200,5.981,6.008,5.93,5.94,325295.47
1693281600,5.94,5.95,5.888,5.891,555551.61
1693296000,5.891,5.907,5.842,5.886,668821.69
1693310400,5.886,6.318,5.879,6.184,2563254.95
1693324800,6.184,6.289,6.172,6.228,1109462.01
1693339200,6.228,6.242,6.168,6.194,364539.67
1693353600,6.194,6.198,6.056,6.085,573211.26
1693368000,6.085,6.096,6.056,6.071,408308.94
1693382400,6.071,6.079,6.018,6.021,312599.42
1693396800,6.021,6.037,5.881,5.942,1373822.89
1693411200,5.942,5.965,5.91,5.939,302951.42
1693425600,5.939,5.965,5.923,5.925,235247.56
1693440000,5.925,5.956,5.899,5.95,357082.61
1693454400,5.95,6.004,5.949,5.982,560915.84
1693468800,5.982,6.064,5.968,6.034,436030.41
1693483200,6.034,6.035,5.901,5.945,712231.73
1693497600,5.945,5.955,5.73,5.847,1591183.5
1693512000,5.847,5.884,5.767,5.879,529523.92
1693526400,5.879,5.97,5.871,5.969,612962.98
1693540800,5.969,6.032,5.943,5.96,650816.29
1693555200,5.96,6.034,5.96,6.003,654095.79
1693569600,6.003,6.025,5.921,5.937,677278.83
1693584000,5.937,5.956,5.817,5.881,805844.64
1693598400,5.881,5.942,5.865,5.941,267053.67
1693612800,5.941,5.989,5.93,5.945,247509.81
1693627200,5.945,5.968,5.929,5.947,130014.03
1693641600,5.947,5.97,5.899,5.944,239765.08
1693656000,5.944,5.999,5.924,5.966,273750.45
1693670400,5.966,5.975,5.89,5.936,281277.26
1693684800,5.936,5.974,5.926,5.972,100462.93
1693699200,5.972,6.028,5.948,6.014,314193.84
1693713600,6.014,6.048,6.007,6.012,390777.56
1693728000,6.012,6.041,5.988,6.029,267813.16
1693742400,6.029,6.064,5.972,5.993,299006.99
1693756800,5.993,6.058,5.964,6.028,306064.91
1693771200,6.028,6.045,6.001,6.027,205815.3
1693785600,6.027,6.138,6.023,6.105,641178.04
1693800000,6.105,6.114,6.051,6.1,392900.84
1693814400,6.1,6.164,6.056,6.07,538541.05
1693828800,6.07,6.083,5.97,6.017,562351.36
1693843200,6.017,6.057,5.996,6.015,291931.25
1693857600,6.015,6.027,5.944,6.012,358976.93
1693872000,6.012,6.018,5.906,5.953,684702.47
1693886400,5.953,5.995,5.953,5.989,377150.45
1693900800,5.989,6.129,5.963,6.087,532658.49
1693915200,6.087,6.135,6.055,6.1,655811.49
1693929600,6.1,6.148,6.08,6.116,415823.96
1693944000,6.116,6.154,6.105,6.137,295276.56
1693958400,6.137,6.277,6.115,6.206,1097945.59
1693972800,6.206,6.218,6.121,6.141,1015306.68
1693987200,6.141,6.16,6.11,6.123,365031.81
1694001600,6.123,6.208,6.103,6.175,677976.1
1694016000,6.175,6.35,6.094,6.25,1171991.4
1694030400,6.25,6.305,6.244,6.302,426436.41
1694044800,6.302,6.396,6.276,6.369,881382.37
1694059200,6.369,6.387,6.276,6.277,384692.51
1694073600,6.277,6.315,6.236,6.237,321689.87
1694088000,6.237,6.286,6.195,6.258,532096.0
1694102400,6.258,6.334,6.254,6.326,311948.51
1694116800,6.326,6.47,6.32,6.387,665535.94
1694131200,6.387,6.404,6.327,6.342,286912.54
1694145600,6.342,6.366,6.297,6.305,314111.48
1694160000,6.305,6.309,6.144,6.214,573607.01
1694174400,6.214,6.276,6.209,6.223,300459.12
1694188800,6.223,6.27,6.199,6.251,313144.05
1694203200,6.251,6.288,6.233,6.28,214809.44
1694217600,6.28,6.293,6.234,6.269,199094.82
1694232000,6.269,6.282,6.238,6.249,102278.81
1694246400,6.249,6.253,6.208,6.219,171303.89
1694260800,6.219,6.222,6.18,6.195,237954.44
1694275200,6.195,6.217,6.158,6.18,216520.06
1694289600,6.18,6.184,6.157,6.165,110126.4
1694304000,6.165,6.165,6.083,6.114,391064.64
1694318400,6.114,6.126,5.949,6.114,729847.85
1694332800,6.114,6.121,6.066,6.087,344558.67
1694347200,6.087,6.107,5.979,6.046,611975.78
1694361600,6.046,6.061,5.955,6.041,570711.43
1694376000,6.041,6.076,6.005,6.015,291852.52
1694390400,6.015,6.031,5.943,6.0,789000.8
1694404800,6.0,6.035,5.977,5.99,217298.0
1694419200,5.99,5.997,5.79,5.887,1194404.93
1694433600,5.887,5.938,5.802,5.862,1008793.26
1694448000,5.862,5.883,5.737,5.77,595712.67
1694462400,5.77,5.83,5.743,5.829,480011.3
1694476800,5.829,5.994,5.808,5.937,803626.83
1694491200,5.937,5.965,5.878,5.92,543703.01
1694505600,5.92,6.077,5.89,6.022,580730.66
1694520000,6.022,6.04,5.96,5.992,398052.49
1694534400,5.992,6.064,5.902,5.972,644502.17
1694548800,5.972,5.992,5.951,5.957,136734.19
1694563200,5.957,6.007,5.938,5.971,658520.53
1694577600,5.971,6.094,5.927,5.959,697927.04
1694592000,5.959,6.045,5.951,6.019,484403.44
1694606400,6.019,6.041,5.93,6.017,640667.4
1694620800,6.017,6.034,5.954,5.978,363996.06
1694635200,5.978,6.038,5.976,6.02,153410.79
1694649600,6.02,6.124,6.006,6.045,851224.43
1694664000,6.045,6.055,6.008,6.029,463383.78
1694678400,6.029,6.066,6.016,6.056,178283.21
1694692800,6.056,6.127,6.025,6.095,581449.49
1694707200,6.095,6.17,6.073,6.166,994614.87
1694721600,6.166,6.213,6.136,6.151,352885.25
1694736000,6.151,6.239,6.136,6.191,341904.97
1694750400,6.191,6.213,6.144,6.148,380825.82
1694764800,6.148,6.177,6.099,6.109,380026.41
1694779200,6.109,6.208,6.105,6.208,461179.76
1694793600,6.208,6.247,6.193,6.224,404658.12
1694808000,6.224,6.381,6.22,6.367,549330.83
1694822400,6.367,6.421,6.304,6.308,620088.02
1694836800,6.308,6.328,6.269,6.298,293682.33
1694851200,6.298,6.299,6.245,6.246,327758.38
1694865600,6.246,6.251,6.189,6.224,276299.59
1694880000,6.224,6.245,6.184,6.2,147203.19
1694894400,6.2,6.294,6.198,6.281,237302.62
1694908800,6.281,6.282,6.171,6.236,299394.99
1694923200,6.236,6.257,6.187,6.19,134888.46
1694937600,6.19,6.227,6.186,6.207,167667.38
1694952000,6.207,6.219,6.153,6.186,200846.97
1694966400,6.186,6.192,6.107,6.131,288218.87
1694980800,6.131,6.15,6.051,6.146,412551.11
1694995200,6.146,6.629,6.099,6.622,1530486.2
1695009600,6.622,6.667,6.538,6.55,1598602.06
1695024000,6.55,6.825,6.509,6.728,1924126.81
1695038400,6.728,6.84,6.675,6.723,1434910.5
1695052800,6.723,6.729,6.58,6.617,937972.91
1695067200,6.617,6.661,6.538,6.567,495823.31
1695081600,6.567,6.78,6.515,6.763,1249045.61
1695096000,6.763,6.93,6.68,6.694,1117812.42
1695110400,6.694,6.816,6.686,6.743,891041.71
1695124800,6.743,6.887,6.713,6.872,1199238.63
1695139200,6.872,6.909,6.789,6.837,484683.57
1695153600,6.837,6.969,6.784,6.846,594939.26
1695168000,6.846,6.995,6.812,6.929,690586.71
1695182400,6.929,6.956,6.777,6.803,964041.12
1695196800,6.803,6.88,6.756,6.828,702565.63
1695211200,6.828,6.935,6.741,6.917,929102.09
1695225600,6.917,7.045,6.793,6.874,912385.69
1695240000,6.874,6.97,6.838,6.905,350370.45
1695254400,6.905,6.946,6.812,6.877,534858.9
1695268800,6.877,6.878,6.784,6.798,302365.04
1695283200,6.798,6.828,6.638,6.707,1123947.62
1695297600,6.707,6.785,6.605,6.747,1502709.54
1695312000,6.747,6.766,6.705,6.718,467267.23
1695326400,6.718,6.731,6.66,6.664,339085.48
1695340800,6.664,6.722,6.593,6.697,607935.03
1695355200,6.697,6.718,6.641,6.695,378296.89
1695369600,6.695,6.787,6.691,6.785,371889.7
1695384000,6.785,6.798,6.713,6.769,376849.86
1695398400,6.769,6.972,6.731,6.878,864446.31
1695412800,6.878,6.968,6.865,6.958,483926.86
1695427200,6.958,7.195,6.946,6.994,1248062.02
1695441600,6.994,7.068,6.944,7.04,701505.85
1695456000,7.04,7.049,6.966,7.0,468550.15
1695470400,7.0,7.057,6.923,6.937,692000.41
1695484800,6.937,7.229,6.917,7.183,2466963.02
1695499200,7.183,7.232,7.132,7.189,737628.22
1695513600,7.189,7.25,7.132,7.165,769666.03
1695528000,7.165,7.213,7.107,7.165,428008.55
1695542400,7.165,7.177,7.076,7.095,419412.39
1695556800,7.095,7.191,7.08,7.099,608354.17
1695571200,7.099,7.18,7.037,7.079,542815.82
1695585600,7.079,7.097,6.95,6.972,380827.74
1695600000,6.972,7.27,6.908,7.164,956161.93
1695614400,7.164,7.301,7.154,7.277,634062.51
1695628800,7.277,7.321,7.206,7.255,591402.7
1695643200,7.255,7.4,7.226,7.391,1096022.92
1695657600,7.391,7.509,7.377,7.456,1117892.99
1695672000,7.456,7.503,7.424,7.494,560643.56
1695686400,7.494,7.576,7.411,7.524,782973.76
1695700800,7.524,7.531,7.435,7.436,407388.15
1695715200,7.436,7.484,7.366,7.428,589003.06
1695729600,7.428,7.429,7.3,7.329,706886.43
1695744000,7.329,7.416,7.248,7.394,785159.45
1695758400,7.394,7.477,7.279,7.356,605843.24
1695772800,7.356,7.414,7.271,7.364,362619.67
1695787200,7.364,7.393,7.322,7.37,362507.9
1695801600,7.37,7.688,7.35,7.635,1246736.72
1695816000,7.635,7.901,7.481,7.59,3213918.0
1695830400,7.59,7.697,7.488,7.66,1318100.55
1695844800,7.66,7.688,7.571,7.645,676750.05
1695859200,7.645,7.758,7.572,7.658,904826.31
1695873600,7.658,7.83,7.573,7.749,882641.77
1695888000,7.749,7.87,7.731,7.775,1275736.49
1695902400,7.775,7.921,7.679,7.885,1688681.65
1695916800,7.885,8.07,7.775,7.955,1850801.03
1695931200,7.955,7.957,7.773,7.807,615755.05
1695945600,7.807,7.846,7.68,7.749,550807.57
1695960000,7.749,7.824,7.716,7.783,458854.74
1695974400,7.783,7.788,7.69,7.702,538704.46
1695988800,7.702,7.91,7.674,7.818,1208568.96
1696003200,7.818,8.052,7.756,8.048,1313953.55
1696017600,8.048,8.082,7.932,7.946,561532.98
1696032000,7.946,8.05,7.939,8.021,466044.3
1696046400,8.021,8.156,8.005,8.082,784553.1
1696060800,8.082,8.276,8.011,8.196,1876664.56
1696075200,8.196,8.239,8.128,8.224,968442.52
1696089600,8.224,8.24,8.088,8.182,750875.74
1696104000,8.182,8.211,8.11,8.191,470200.43
1696118400,8.191,8.26,8.11,8.163,589769.85
1696132800,8.163,8.171,8.04,8.063,509821.63
1696147200,8.063,8.225,8.04,8.127,1066181.78
1696161600,8.127,8.132,7.96,8.013,969805.41
1696176000,8.013,8.049,7.781,7.843,977662.61
1696190400,7.843,8.15,7.778,8.054,1628288.92
1696204800,8.054,8.099,7.858,7.882,979571.65
1696219200,7.882,8.103,7.844,8.04,886794.19
1696233600,8.04,8.08,7.866,7.89,1016204.28
1696248000,7.89,7.953,7.615,7.669,1509267.08
1696262400,7.669,7.732,7.43,7.607,1819363.23
1696276800,7.607,7.609,7.352,7.47,1177433.15
1696291200,7.47,7.59,7.412,7.554,599653.51
1696305600,7.554,7.744,7.5,7.627,946930.18
1696320000,7.627,7.735,7.512,7.544,840144.49
1696334400,7.544,7.731,7.396,7.428,1194165.72
1696348800,7.428,7.544,7.389,7.404,624160.92
1696363200,7.404,7.507,7.366,7.409,548859.94
1696377600,7.409,7.547,7.2,7.485,1261571.07
1696392000,7.485,7.639,7.456,7.593,900069.3
1696406400,7.593,7.614,7.521,7.543,512631.03
1696420800,7.543,7.67,7.466,7.637,835130.46
1696435200,7.637,7.78,7.565,7.612,1539244.75
1696449600,7.612,7.743,7.586,7.674,418012.78
1696464000,7.674,7.695,7.59,7.613,650878.38
1696478400,7.613,7.763,7.602,7.714,487104.45
1696492800,7.714,7.793,7.669,7.681,514828.2
1696507200,7.681,7.704,7.482,7.531,1496297.13
1696521600,7.531,7.562,7.476,7.508,372739.63
1696536000,7.508,7.571,7.451,7.465,324677.4
1696550400,7.465,7.584,7.459,7.531,322004.61
1696564800,7.531,7.582,7.5,7.575,343794.6
1696579200,7.575,7.615,7.543,7.561,289069.15
1696593600,7.561,7.7,7.432,7.656,1089747.65
1696608000,7.656,7.721,7.621,7.665,591733.1
1696622400,7.665,7.764,7.638,7.639,539686.53
1696636800,7.639,7.68,7.592,7.604,401073.38
1696651200,7.604,7.643,7.56,7.602,388573.09
1696665600,7.602,7.644,7.569,7.585,293623.68
1696680000,7.585,7.618,7.554,7.563,325219.28
1696694400,7.563,7.568,7.47,7.493,643371.95
1696708800,7.493,7.557,7.487,7.524,183581.57
1696723200,7.524,7.622,7.5,7.621,436526.2
1696737600,7.621,7.673,7.59,7.65,622203.28
1696752000,7.65,7.709,7.538,7.568,841239.89
1696766400,7.568,7.696,7.558,7.666,550051.22
1696780800,7.666,7.737,7.638,7.727,446386.38
1696795200,7.727,7.948,7.66,7.673,2323978.42
1696809600,7.673,7.696,7.564,7.641,906047.58
1696824000,7.641,7.649,7.55,7.556,327451.43
1696838400,7.556,7.579,7.317,7.355,1352622.73
1696852800,7.355,7.41,7.28,7.334,1023376.87
1696867200,7.334,7.366,7.134,7.298,1269427.62
1696881600,7.298,7.33,7.239,7.276,521465.94
1696896000,7.276,7.35,7.252,7.311,618660.07
1696910400,7.311,7.376,7.269,7.343,428253.27
1696924800,7.343,7.392,7.264,7.272,493230.41
1696939200,7.272,7.367,7.214,7.223,912184.07
1696953600,7.223,7.281,7.192,7.258,511866.09
1696968000,7.258,7.304,7.174,7.259,351055.62
1696982400,7.259,7.331,7.1,7.164,747394.33
1696996800,7.164,7.23,7.16,7.203,323461.23
1697011200,7.203,7.36,7.186,7.319,481103.58
1697025600,7.319,7.396,7.255,7.306,750371.07
1697040000,7.306,7.357,7.231,7.331,775652.55
1697054400,7.331,7.43,7.311,7.391,623929.11
1697068800,7.391,7.416,7.282,7.347,475946.45
1697083200,7.347,7.398,7.313,7.34,315005.34
1697097600,7.34,7.347,7.18,7.262,669282.6
1697112000,7.262,7.288,7.173,7.214,672417.27
1697126400,7.214,7.24,7.115,7.192,945887.18
1697140800,7.192,7.249,7.177,7.197,346538.52
1697155200,7.197,7.261,7.107,7.124,1522342.87
1697169600,7.124,7.232,7.12,7.209,383481.55
1697184000,7.209,7.245,7.178,7.226,343372.91
1697198400,7.226,7.289,7.161,7.162,503030.92
1697212800,7.162,7.204,7.146,7.179,372598.69
1697227200,7.179,7.403,7.169,7.256,1119650.66
1697241600,7.256,7.32,7.242,7.301,307865.89
1697256000,7.301,7.316,7.205,7.224,255988.11
1697270400,7.224,7.263,7.216,7.249,130005.29
1697284800,7.249,7.318,7.242,7.312,267149.43
1697299200,7.312,7.373,7.301,7.339,348219.63
1697313600,7.339,7.343,7.286,7.331,213158.11
1697328000,7.331,7.382,7.298,7.328,284112.42
1697342400,7.328,7.366,7.318,7.349,100143.69
1697356800,7.349,7.403,7.335,7.346,238855.29
1697371200,7.346,7.377,7.285,7.312,442487.68
1697385600,7.312,7.485,7.299,7.454,635354.25
1697400000,7.454,7.568,7.377,7.423,599019.4
1697414400,7.423,7.495,7.411,7.431,324256.94
1697428800,7.431,7.647,7.421,7.56,743700.04
1697443200,7.56,7.593,7.49,7.564,443599.8
1697457600,7.564,7.832,7.422,7.439,2005296.44
1697472000,7.439,7.586,7.43,7.516,568555.16
1697486400,7.516,7.579,7.444,7.525,406409.81
1697500800,7.525,7.559,7.453,7.455,333751.77
1697515200,7.455,7.496,7.429,7.481,333667.61
1697529600,7.481,7.51,7.444,7.488,443323.02
1697544000,7.488,7.496,7.262,7.399,854316.88
1697558400,7.399,7.422,7.271,7.322,547051.79
1697572800,7.322,7.355,7.285,7.32,357474.58
1697587200,7.32,7.35,7.28,7.345,308249.6
1697601600,7.345,7.422,7.327,7.358,492381.03
1697616000,7.358,7.46,7.346,7.439,359204.72
1697630400,7.439,7.483,7.368,7.387,449064.55
1697644800,7.387,7.441,7.336,7.361,359483.75
1697659200,7.361,7.385,7.314,7.356,333544.58
1697673600,7.356,7.363,7.215,7.293,667888.63
1697688000,7.293,7.358,7.28,7.351,160730.38
1697702400,7.351,7.37,7.29,7.344,300912.81
1697716800,7.344,7.435,7.344,7.363,474385.64
1697731200,7.363,7.416,7.327,7.361,425050.23
1697745600,7.361,7.388,7.285,7.304,392739.42
1697760000,7.304,7.494,7.261,7.429,775481.59
1697774400,7.429,7.514,7.417,7.466,596335.82
1697788800,7.466,7.71,7.461,7.609,1363041.79
1697803200,7.609,7.665,7.555,7.631,740494.2
1697817600,7.631,7.687,7.601,7.624,517533.4
1697832000,7.624,7.628,7.565,7.57,336920.75
1697846400,7.57,7.625,7.52,7.601,410300.18
1697860800,7.601,7.849,7.59,7.84,871026.78
1697875200,7.84,8.099,7.805,8.058,1672072.89
1697889600,8.058,8.976,8.046,8.953,6781048.3
1697904000,8.953,9.171,8.82,8.898,4596051.21
1697918400,8.898,8.974,8.778,8.914,1263352.83
1697932800,8.914,9.397,8.839,9.289,2974613.07
1697947200,9.289,9.753,9.133,9.307,5125478.32
1697961600,9.307,9.427,9.029,9.099,2579865.74
1697976000,9.099,9.38,9.076,9.227,1390300.48
1697990400,9.227,9.75,9.223,9.397,2626681.87
1698004800,9.397,10.288,9.355,10.19,3942646.17
1698019200,10.19,11.0,10.02,10.801,6588942.86
1698033600,10.801,11.058,10.332,10.448,3665574.35
1698048000,10.448,10.605,9.926,10.273,3202153.93
1698062400,10.273,10.279,9.789,10.006,4863098.31
1698076800,10.006,10.494,9.98,10.282,3367376.43
1698091200,10.282,10.978,10.097,10.577,2970176.13
1698105600,10.577,11.15,10.163,10.25,5639490.88
1698120000,10.25,10.386,9.999,10.102,2348431.0
1698134400,10.102,10.549,10.089,10.531,2525375.36
1698148800,10.531,10.532,9.661,9.902,3377795.67
1698163200,9.902,10.111,9.769,10.024,1737136.91
1698177600,10.024,10.483,9.888,10.372,1465821.0
1698192000,10.372,11.64,10.337,11.332,4743926.42
1698206400,11.332,11.603,10.877,10.924,3872101.75
1698220800,10.924,11.29,10.735,11.187,2208562.05
1698235200,11.187,11.788,10.912,11.352,3091622.31
1698249600,11.352,11.4,10.933,11.167,2061160.72
1698264000,11.167,11.18,10.761,11.058,1176332.21
1698278400,11.058,11.392,10.873,11.115,1264654.9
1698292800,11.115,11.308,10.896,11.216,1283742.21
1698307200,11.216,11.332,10.617,10.863,2521571.82
1698321600,10.863,11.19,10.348,10.506,3233684.91
1698336000,10.506,10.712,10.398,10.703,1300367.82
1698350400,10.703,11.144,10.653,10.928,1379505.54
1698364800,10.928,11.046,10.605,11.045,1501884.74
1698379200,11.045,11.385,10.704,10.726,2191093.48
1698393600,10.726,11.121,10.716,10.938,1089520.96
1698408000,10.938,11.434,10.805,11.057,2718728.03
1698422400,11.057,11.4,10.694,11.11,3137886.85
1698436800,11.11,11.299,11.082,11.185,1081135.77
1698451200,11.185,11.58,11.028,11.395,1337095.9
1698465600,11.395,11.666,11.278,11.3,1663737.98
1698480000,11.3,11.596,11.255,11.345,1628100.32
1698494400,11.345,11.383,11.078,11.167,1441288.54
1698508800,11.167,11.168,10.923,10.945,948956.21
1698523200,10.945,11.086,10.819,10.923,666887.12
1698537600,10.923,10.953,10.75,10.853,701873.61
1698552000,10.853,11.024,10.808,11.017,631307.69
1698566400,11.017,11.22,10.923,10.981,1220816.34
1698580800,10.981,11.16,10.885,11.056,1114893.18
1698595200,11.056,11.233,10.998,11.059,922185.96
1698609600,11.059,11.297,11.03,11.081,684380.91
1698624000,11.081,11.309,11.039,11.166,931209.82
1698638400,11.166,11.207,10.89,10.953,1060400.96
1698652800,10.953,11.5,10.911,11.379,2147607.21
1698667200,11.379,11.854,11.211,11.389,3052472.68
1698681600,11.389,11.443,11.05,11.217,1488389.16
1698696000,11.217,11.256,11.1,11.22,774726.1
1698710400,11.22,11.684,11.202,11.478,2786194.89
1698724800,11.478,12.026,11.388,11.431,3345949.41
1698739200,11.431,11.63,11.253,11.512,1693412.35
1698753600,11.512,11.58,10.92,11.122,2494415.76
1698768000,11.122,11.404,11.054,11.293,1174818.98
1698782400,11.293,11.436,11.236,11.353,981897.12
1698796800,11.353,11.485,11.156,11.212,815635.17
1698811200,11.212,11.249,10.936,11.106,956387.56
1698825600,11.106,11.19,10.769,10.882,1396296.03
1698840000,10.882,11.19,10.647,10.83,2612453.05
1698854400,10.83,11.403,10.812,11.238,2139949.4
1698868800,11.238,11.786,11.237,11.638,2668170.83
1698883200,11.638,11.74,11.402,11.617,1585075.93
1698897600,11.617,11.749,11.164,11.18,1378342.69
1698912000,11.18,11.312,11.054,11.296,1236783.94
1698926400,11.296,11.463,10.88,10.895,2107188.81
1698940800,10.895,11.085,10.806,11.077,1060215.44
1698955200,11.077,11.121,10.869,11.007,636283.7
1698969600,11.007,11.007,10.5,10.811,1775529.62
1698984000,10.811,11.208,10.678,11.166,1156433.56
1698998400,11.166,11.329,10.916,11.002,1616352.4
1699012800,11.002,11.31,10.937,11.27,1663085.53
1699027200,11.27,11.331,11.081,11.216,1048339.82
1699041600,11.216,11.596,11.186,11.46,1627653.82
1699056000,11.46,11.47,11.27,11.352,1229504.69
1699070400,11.352,11.5,11.22,11.237,1266127.77
1699084800,11.237,11.392,11.147,11.29,791730.18
1699099200,11.29,11.357,11.179,11.232,693928.75
1699113600,11.232,11.384,11.218,11.36,423104.62
1699128000,11.36,11.626,11.32,11.496,830492.29
1699142400,11.496,12.429,11.356,12.396,3968548.8
1699156800,12.396,12.559,12.153,12.219,1912403.87
1699171200,12.219,12.328,12.086,12.173,1255064.9
1699185600,12.173,12.216,11.68,11.756,2322442.15
1699200000,11.756,12.057,11.75,11.946,1373960.68
1699214400,11.946,12.261,11.8,12.231,1074648.14
1699228800,12.231,12.408,12.118,12.296,1413662.03
1699243200,12.296,12.772,12.162,12.454,2550972.86
1699257600,12.454,12.674,12.325,12.518,1315712.92
1699272000,12.518,12.871,12.361,12.647,1670017.15
1699286400,12.647,12.79,12.433,12.784,1159192.77
1699300800,12.784,13.255,12.699,12.984,1917624.69
1699315200,12.984,13.196,12.712,12.994,2062874.51
1699329600,12.994,13.34,12.86,13.078,2052362.2
1699344000,13.078,13.143,12.629,12.796,1960609.38
1699358400,12.796,12.97,12.528,12.705,2007653.16
1699372800,12.705,13.247,12.533,13.058,2424003.1
1699387200,13.058,13.25,12.925,13.04,1427970.19
1699401600,13.04,13.438,12.81,13.251,2097321.12
1699416000,13.251,13.626,13.229,13.438,1605414.46
1699430400,13.438,13.702,13.406,13.557,1073617.92
1699444800,13.557,13.98,13.524,13.727,2109570.78
1699459200,13.727,14.789,13.715,14.466,3364581.29
1699473600,14.466,14.98,14.464,14.919,2350599.27
1699488000,14.919,14.999,14.299,14.495,2869687.13
1699502400,14.495,14.764,14.374,14.495,1927124.48
1699516800,14.495,14.847,14.399,14.8,1709252.93
1699531200,14.8,15.99,14.791,15.09,6173560.37
1699545600,15.09,15.179,13.589,14.322,4327237.72
1699560000,14.322,14.719,13.985,14.603,1894302.29
1699574400,14.603,14.952,14.293,14.317,2145347.13
1699588800,14.317,14.523,14.169,14.469,1346021.64
1699603200,14.469,14.917,14.122,14.723,1886653.4
1699617600,14.723,15.321,14.418,15.059,3686105.17
1699632000,15.059,15.5,14.955,15.055,1914060.83
1699646400,15.055,15.644,14.903,15.493,1853915.72
1699660800,15.493,15.75,14.9,14.945,1878625.98
1699675200,14.945,15.227,14.708,15.006,1036093.27
1699689600,15.006,15.103,14.772,14.988,865556.76
1699704000,14.988,16.6,14.901,16.273,3813059.25
1699718400,16.273,16.6,15.807,16.313,2470766.37
1699732800,16.313,16.58,15.913,16.477,1858082.92
1699747200,16.477,16.543,15.371,15.811,2789332.32
1699761600,15.811,16.367,15.57,16.241,1263994.57
1699776000,16.241,16.3,15.869,16.081,1225723.57
1699790400,16.081,16.09,15.605,15.938,1453330.86
1699804800,15.938,16.338,15.676,16.286,1622589.84
1699819200,16.286,16.374,15.843,16.025,1125570.54
1699833600,16.025,16.3,15.459,15.507,1651906.51
1699848000,15.507,15.605,15.095,15.289,1500084.16
1699862400,15.289,15.573,14.942,15.134,1203304.63
1699876800,15.134,15.289,14.5,15.146,2707448.54
1699891200,15.146,15.39,14.73,15.148,1279199.8
1699905600,15.148,15.152,14.304,14.358,1775145.98
1699920000,14.358,14.763,14.055,14.639,2047577.77
1699934400,14.639,14.87,14.574,14.802,909469.95
1699948800,14.802,14.91,14.218,14.303,1630899.22
1699963200,14.303,14.741,13.805,14.069,3700748.12
1699977600,14.069,14.529,13.361,14.057,2965908.51
1699992000,14.057,14.315,13.908,13.945,1553654.96
1700006400,13.945,14.288,13.93,14.158,1127400.1
1700020800,14.158,14.728,14.143,14.597,1354872.22
1700035200,14.597,15.201,14.57,15.138,1426338.38
1700049600,15.138,15.148,14.621,14.886,1584331.99
1700064000,14.886,15.137,14.712,15.137,2314253.69
1700078400,15.137,15.389,14.904,15.027,1753903.65
1700092800,15.027,15.13,14.75,14.931,1601550.15
1700107200,14.931,15.22,14.642,14.982,1574180.03
1700121600,14.982,15.067,14.574,14.679,1534179.29
1700136000,14.679,14.682,13.91,14.131,2856171.93
1700150400,14.131,14.246,13.55,14.033,2088763.45
1700164800,14.033,14.149,13.68,13.866,1860838.77
1700179200,13.866,14.269,13.838,13.988,1485299.04
1700193600,13.988,14.071,13.734,13.79,1084315.52
1700208000,13.79,13.881,13.26,13.425,1925755.23
1700222400,13.425,13.64,12.853,12.954,2367316.08
1700236800,12.954,13.647,12.861,13.541,2407992.71
1700251200,13.541,13.835,13.426,13.702,1106189.57
1700265600,13.702,13.708,13.357,13.398,846017.52
1700280000,13.398,13.514,12.921,13.346,992291.41
1700294400,13.346,13.5,13.234,13.309,853544.23
1700308800,13.309,13.574,13.097,13.544,1182946.17
1700323200,13.544,13.81,13.524,13.711,1521317.95
1700337600,13.711,13.766,13.545,13.75,593538.7
1700352000,13.75,14.116,13.369,14.102,1294390.52
1700366400,14.102,14.367,13.931,14.281,1520109.97
1700380800,14.281,14.361,14.06,14.191,1250276.24
1700395200,14.191,14.271,13.969,14.199,967651.35
1700409600,14.199,14.854,14.149,14.854,1349248.07
1700424000,14.854,15.054,14.768,14.908,1642430.92
1700438400,14.908,15.173,14.748,14.86,1248450.97
1700452800,14.86,15.276,14.828,15.203,913278.19
1700467200,15.203,15.393,15.026,15.096,1216777.8
1700481600,15.096,15.385,14.65,15.127,1737993.81
1700496000,15.127,15.25,14.679,14.802,1479105.5
1700510400,14.802,14.846,14.365,14.477,1256941.45
1700524800,14.477,14.663,14.214,14.397,1014858.17
1700539200,14.397,14.399,14.054,14.114,850208.9
1700553600,14.114,14.337,14.102,14.174,842865.03
1700568000,14.174,14.4,13.75,14.248,2091536.45
1700582400,14.248,14.323,13.501,13.983,2631590.08
1700596800,13.983,14.233,13.3,13.359,1876542.31
1700611200,13.359,13.965,13.24,13.963,1406990.32
1700625600,13.963,14.318,13.935,14.131,1265240.61
1700640000,14.131,14.278,14.044,14.12,734410.83
1700654400,14.12,14.4,14.061,14.225,1351201.4
1700668800,14.225,14.572,14.152,14.475,1238020.56
1700683200,14.475,14.621,14.189,14.212,1345455.17
1700697600,14.212,14.609,14.154,14.413,1155439.77
1700712000,14.413,14.656,14.374,14.532,721393.78
1700726400,14.532,14.65,14.259,14.345,754565.53
1700740800,14.345,14.403,14.128,14.139,716928.44
1700755200,14.139,14.887,14.122,14.523,1689753.19
1700769600,14.523,14.66,14.365,14.398,742024.67
1700784000,14.398,14.511,14.325,14.365,561326.34
1700798400,14.365,14.432,14.208,14.374,585618.17
1700812800,14.374,14.644,14.341,14.415,966921.55
1700827200,14.415,14.655,14.311,14.58,861367.84
1700841600,14.58,14.843,14.342,14.395,894449.24
1700856000,14.395,14.486,14.259,14.482,490854.49
1700870400,14.482,14.766,14.376,14.754,749234.36
1700884800,14.754,14.776,14.628,14.741,503272.79
1700899200,14.741,14.975,14.639,14.754,989689.36
1700913600,14.754,14.878,14.652,14.79,459629.56
1700928000,14.79,14.869,14.701,14.704,379602.89
1700942400,14.704,14.786,14.669,14.762,236609.69
1700956800,14.762,14.862,14.624,14.771,411499.6
1700971200,14.771,15.179,14.764,15.109,878676.61
1700985600,15.109,15.333,15.068,15.193,921554.66
1701000000,15.193,15.22,14.709,14.808,1168775.18
1701014400,14.808,14.895,14.364,14.672,1274255.22
1701028800,14.672,14.872,14.57,14.766,585946.58
1701043200,14.766,15.3,14.562,14.686,1318602.59
1701057600,14.686,14.834,14.337,14.514,1040095.12
1701072000,14.514,14.56,14.186,14.249,1190232.34
1701086400,14.249,14.339,14.052,14.088,1021080.87
1701100800,14.088,14.305,13.88,13.962,964515.87
1701115200,13.962,14.255,13.885,14.186,611544.25
1701129600,14.186,14.315,14.133,14.143,577306.51
1701144000,14.143,14.18,13.765,13.985,1112848.42
1701158400,13.985,14.32,13.909,14.298,725005.05
1701172800,14.298,14.449,14.166,14.387,858819.87
1701187200,14.387,14.712,14.328,14.586,1413265.17
1701201600,14.586,14.678,14.445,14.521,707621.97
1701216000,14.521,14.666,14.434,14.645,698066.07
1701230400,14.645,14.794,14.529,14.696,654636.55
1701244800,14.696,14.993,14.621,14.742,1118997.15
1701259200,14.742,14.865,14.376,14.585,1083716.34
1701273600,14.585,14.684,14.411,14.645,693925.53
1701288000,14.645,14.662,14.456,14.511,596187.16
1701302400,14.511,14.645,14.337,14.641,805657.04
1701316800,14.641,14.702,14.401,14.436,634444.29
1701331200,14.436,14.798,14.282,14.762,1027464.97
1701345600,14.762,14.832,14.324,14.393,1006234.23
1701360000,14.393,14.45,14.313,14.333,465221.98
1701374400,14.333,14.412,14.268,14.412,459442.17
1701388800,14.412,14.642,14.271,14.617,798320.49
1701403200,14.617,14.778,14.548,14.731,661423.31
1701417600,14.731,14.856,14.705,14.8,686819.99
1701432000,14.8,14.994,14.69,14.937,988274.57
1701446400,14.937,15.048,14.86,14.954,1052816.44
1701460800,14.954,15.006,14.893,14.988,446857.81
1701475200,14.988,15.45,14.919,15.338,1217508.33
1701489600,15.338,15.89,15.247,15.74,1356650.39
1701504000,15.74,15.889,15.605,15.645,917692.17
1701518400,15.645,15.87,15.603,15.841,790210.37
1701532800,15.841,16.15,15.686,16.106,1373745.23
1701547200,16.106,16.199,15.914,15.992,913086.43
1701561600,15.992,16.132,15.812,15.949,884515.27
1701576000,15.949,16.29,15.871,16.274,628118.0
1701590400,16.274,16.288,15.89,15.997,723258.3
1701604800,15.997,16.061,15.758,15.833,913645.96
1701619200,15.833,15.914,15.734,15.86,474411.74
1701633600,15.86,16.146,15.666,15.705,755144.62
1701648000,15.705,16.012,15.628,15.904,1203639.52
1701662400,15.904,16.396,15.902,16.075,1616935.69
1701676800,16.075,16.238,15.11,15.625,2245388.97
1701691200,15.625,16.108,15.392,15.458,2142912.61
1701705600,15.458,15.74,15.431,15.648,941090.41
1701720000,15.648,15.817,15.516,15.813,676958.12
1701734400,15.813,16.03,15.55,15.649,1072716.34
1701748800,15.649,15.658,15.208,15.322,1289439.53
1701763200,15.322,15.456,15.178,15.322,1058364.83
1701777600,15.322,15.612,15.25,15.534,851912.5
1701792000,15.534,16.088,15.404,15.705,1749988.87
1701806400,15.705,15.875,15.454,15.729,1171323.76
1701820800,15.729,16.164,15.608,15.705,1952505.07
1701835200,15.705,15.806,15.35,15.629,1262187.47
1701849600,15.629,16.099,15.335,15.551,1873492.34
1701864000,15.551,15.769,15.443,15.541,1228262.75
1701878400,15.541,15.788,15.493,15.762,811561.71
1701892800,15.762,15.804,15.232,15.268,929091.85
1701907200,15.268,15.481,15.25,15.468,693535.25
1701921600,15.468,15.726,15.444,15.569,674997.47
1701936000,15.569,15.621,14.949,15.101,2361597.25
1701950400,15.101,15.353,14.658,15.231,2554105.17
1701964800,15.231,15.61,15.154,15.226,1458183.35
1701979200,15.226,15.802,15.165,15.691,1337688.33
1701993600,15.691,15.976,15.55,15.814,1304996.03
1702008000,15.814,16.097,15.733,15.908,1553870.89
1702022400,15.908,16.5,15.887,16.436,2273828.86
1702036800,16.436,17.324,16.325,16.693,3435717.36
1702051200,16.693,16.895,16.538,16.78,1430031.73
1702065600,16.78,17.0,16.729,16.925,829341.48
1702080000,16.925,17.195,16.653,16.865,1481397.36
1702094400,16.865,17.275,16.856,17.188,1210782.03
1702108800,17.188,17.299,16.557,16.974,2018449.27
1702123200,16.974,17.101,16.261,16.627,2036591.73
1702137600,16.627,16.674,16.278,16.558,874883.45
1702152000,16.558,16.587,16.023,16.196,808290.0
1702166400,16.196,16.454,16.194,16.365,646038.49
1702180800,16.365,16.421,16.176,16.315,526925.12
1702195200,16.315,16.357,15.791,15.93,1344163.93
1702209600,15.93,16.188,15.901,16.132,692321.12
1702224000,16.132,16.215,15.951,16.21,725753.53
1702238400,16.21,16.449,16.188,16.367,831372.47
1702252800,16.367,16.462,13.78,15.1,5169957.35
1702267200,15.1,15.226,14.763,14.862,2300530.82
1702281600,14.862,15.182,14.728,15.046,1566629.41
1702296000,15.046,15.081,14.6,14.783,1936020.81
1702310400,14.783,14.889,14.21,14.575,2174251.0
1702324800,14.575,14.832,14.498,14.768,960105.7
1702339200,14.768,15.138,14.761,14.98,1205625.81
1702353600,14.98,15.079,14.693,15.04,966366.14
1702368000,15.04,15.054,14.765,14.799,1006057.59
1702382400,14.799,15.082,14.564,14.643,1612174.96
1702396800,14.643,14.645,14.172,14.404,1680381.93
1702411200,14.404,14.567,14.17,14.523,980283.82
1702425600,14.523,14.585,13.907,14.08,1667604.73
1702440000,14.08,14.27,13.857,14.21,1542940.46
1702454400,14.21,14.369,14.077,14.105,1055669.05
1702468800,14.105,14.655,14.089,14.565,1423270.29
1702483200,14.565,14.809,14.358,14.79,1140354.36
1702497600,14.79,14.959,14.658,14.77,1376073.64
1702512000,14.77,14.894,14.67,14.744,854536.3
1702526400,14.744,14.966,14.623,14.85,771025.22
1702540800,14.85,15.314,14.773,15.276,1313769.58
1702555200,15.276,15.359,14.21,14.871,2740683.65
1702569600,14.871,15.586,14.846,15.278,1933085.88
1702584000,15.278,15.506,15.144,15.37,785552.71
1702598400,15.37,15.394,14.959,15.003,1016445.71
1702612800,15.003,15.052,14.855,14.883,754696.43
1702627200,14.883,15.206,14.87,15.052,807096.07
1702641600,15.052,15.093,14.642,14.774,1318987.7
1702656000,14.774,14.876,14.677,14.769,716448.26
1702670400,14.769,14.832,14.257,14.281,974349.83
1702684800,14.281,14.519,14.086,14.503,807950.14
1702699200,14.503,14.587,14.409,14.44,428945.73
1702713600,14.44,14.56,14.4,14.557,525637.39
1702728000,14.557,14.665,14.481,14.649,764440.67
1702742400,14.649,14.801,14.315,14.392,881771.88
1702756800,14.392,14.475,14.278,14.32,566723.25
1702771200,14.32,14.354,14.123,14.191,659693.66
1702785600,14.191,14.286,14.01,14.033,714074.17
1702800000,14.033,14.289,14.01,14.202,558398.14
1702814400,14.202,14.255,14.01,14.238,583482.17
1702828800,14.238,14.372,14.133,14.278,571651.43
1702843200,14.278,14.351,13.91,14.013,472918.74
1702857600,14.013,14.156,13.633,13.868,1005870.73
1702872000,13.868,13.999,13.806,13.88,685655.99
1702886400,13.88,14.43,13.768,14.176,2716746.0
1702900800,14.176,14.361,13.958,13.989,1524246.03
1702915200,13.989,14.385,13.86,14.303,1109977.51
1702929600,14.303,14.681,14.251,14.674,1177748.47
1702944000,14.674,14.808,14.524,14.644,921964.92
1702958400,14.644,14.697,14.531,14.596,478212.83
1702972800,14.596,14.662,14.454,14.55,713347.09
1702987200,14.55,14.576,14.113,14.237,1026214.79
1703001600,14.237,14.322,13.923,14.074,1032594.29
1703016000,14.074,14.15,13.974,14.1,543268.58
1703030400,14.1,14.213,13.975,14.143,542108.27
1703044800,14.143,14.439,14.12,14.424,489183.47
1703059200,14.424,14.516,14.317,14.401,562228.2
1703073600,14.401,14.805,14.323,14.707,1309181.43
1703088000,14.707,14.734,14.326,14.331,1108524.45
1703102400,14.331,14.361,14.033,14.253,1082014.16
1703116800,14.253,14.349,14.179,14.298,697423.64
1703131200,14.298,14.471,14.214,14.437,711872.85
1703145600,14.437,15.082,14.437,15.081,1585334.3
1703160000,15.081,15.168,14.61,14.966,1585056.48
1703174400,14.966,15.182,14.893,14.96,1369446.43
1703188800,14.96,15.311,14.918,15.305,1029061.4
1703203200,15.305,15.527,15.177,15.29,1224343.09
1703217600,15.29,15.729,14.969,15.165,1708982.66
1703232000,15.165,15.405,15.062,15.322,1105993.38
1703246400,15.322,15.676,15.104,15.478,1058938.82
1703260800,15.478,15.69,15.297,15.314,883579.09
1703275200,15.314,15.506,15.312,15.479,396329.43
1703289600,15.479,15.528,14.9,14.983,959995.77
1703304000,14.983,15.146,14.894,15.025,447690.13
1703318400,15.025,15.332,14.973,15.267,713102.24
1703332800,15.267,15.867,15.228,15.821,1834345.37
1703347200,15.821,15.9,15.504,15.617,1304104.59
1703361600,15.617,15.824,15.43,15.682,981989.1
1703376000,15.682,15.913,15.542,15.642,976932.45
1703390400,15.642,15.793,15.3,15.534,883797.38
1703404800,15.534,15.815,15.436,15.676,1008746.85
1703419200,15.676,15.912,15.575,15.785,933299.96
1703433600,15.785,15.95,15.667,15.857,811939.28
1703448000,15.857,15.926,15.11,15.262,1322291.03
1703462400,15.262,15.438,15.12,15.426,521504.09
1703476800,15.426,15.562,15.357,15.394,571881.16
1703491200,15.394,15.509,15.136,15.241,663673.67
1703505600,15.241,15.654,15.174,15.541,1080045.92
1703520000,15.541,15.557,15.295,15.385,764894.55
1703534400,15.385,15.802,15.189,15.585,1580592.74
1703548800,15.585,15.9,15.49,15.759,784509.83
1703563200,15.759,15.839,15.065,15.3,1401996.75
1703577600,15.3,15.43,15.048,15.399,892132.81
1703592000,15.399,15.498,15.058,15.071,944592.21
1703606400,15.071,15.192,14.3,14.836,1649226.65
1703620800,14.836,15.104,14.83,15.092,771153.89
1703635200,15.092,15.101,14.646,14.738,670590.3
1703649600,14.738,14.99,14.729,14.889,356355.84
1703664000,14.889,15.513,14.875,15.462,1078749.82
1703678400,15.462,16.355,15.386,16.142,3080251.05
1703692800,16.142,16.66,16.118,16.31,2215202.82
1703707200,16.31,16.75,16.274,16.709,1203809.98
1703721600,16.709,17.672,16.641,17.428,3498628.11
1703736000,17.428,17.578,16.702,16.941,2117069.09
1703750400,16.941,17.322,16.875,17.316,1823426.08
1703764800,17.316,17.327,16.085,16.16,2573660.39
1703779200,16.16,16.518,16.112,16.468,1109694.44
1703793600,16.468,16.518,15.975,16.005,1277106.52
1703808000,16.005,16.114,15.53,15.934,1671033.79
1703822400,15.934,16.036,15.67,15.718,883938.74
1703836800,15.718,16.224,15.714,16.165,856480.84
1703851200,16.165,16.216,15.474,15.595,1554740.51
1703865600,15.595,15.665,15.188,15.581,1380720.83
1703880000,15.581,15.619,15.116,15.54,673621.27
1703894400,15.54,15.623,15.209,15.283,656947.57
1703908800,15.283,15.484,15.277,15.304,332829.21
1703923200,15.304,15.324,15.017,15.145,604161.59
1703937600,15.145,15.408,15.107,15.379,485009.27
1703952000,15.379,15.491,15.227,15.261,462506.94
1703966400,15.261,15.322,15.065,15.167,410133.9
1703980800,15.167,15.332,14.921,15.031,505298.57
1703995200,15.031,15.298,14.994,15.205,517122.03
1704009600,15.205,15.446,15.18,15.335,555537.39
1704024000,15.335,15.528,15.252,15.295,661337.25
1704038400,15.295,15.429,15.22,15.293,472384.26
1704052800,15.293,15.297,14.77,14.941,784210.77
1704067200,14.941,15.204,14.863,14.931,463020.29
1704081600,14.931,15.226,14.81,15.219,435460.6
1704096000,15.219,15.345,15.125,15.297,391256.29
1704110400,15.297,15.327,15.15,15.307,393425.74
1704124800,15.307,15.519,15.151,15.455,883251.82
1704139200,15.455,15.58,15.37,15.548,607523.15
1704153600,15.548,15.859,15.494,15.7,1281854.12
1704168000,15.7,15.94,15.699,15.89,640673.7
1704182400,15.89,16.063,15.806,15.861,1074412.6
1704196800,15.861,15.96,15.248,15.364,1000726.33
1704211200,15.364,15.426,15.017,15.223,968321.97
1704225600,15.223,15.302,15.048,15.166,709032.21
1704240000,15.166,15.396,15.111,15.293,530512.65
1704254400,15.293,15.578,15.257,15.31,598885.06
1704268800,15.31,15.555,14.85,14.93,1035810.03
1704283200,14.93,14.989,12.2,14.191,5674412.59
1704297600,14.191,14.254,13.727,14.052,1621455.72
1704312000,14.052,14.305,14.036,14.148,686559.12
1704326400,14.148,14.391,13.975,14.302,876429.82
1704340800,14.302,14.496,14.253,14.288,659775.51
1704355200,14.288,14.39,14.107,14.334,530571.23
1704369600,14.334,14.688,14.24,14.673,1056818.93
1704384000,14.673,14.695,14.432,14.609,717152.83
1704398400,14.609,14.777,14.461,14.526,525078.84
1704412800,14.526,14.655,13.842,14.129,1018662.05
1704427200,14.129,14.517,14.013,14.446,998347.38
1704441600,14.446,14.65,14.168,14.191,1426103.25
1704456000,14.191,14.25,13.8,14.033,1139001.06
1704470400,14.033,14.113,13.705,13.814,940805.17
1704484800,13.814,14.095,13.801,14.091,553500.68
1704499200,14.091,14.098,13.768,13.829,432125.62
1704513600,13.829,13.874,13.18,13.341,1258927.22
1704528000,13.341,13.608,13.227,13.567,668237.87
1704542400,13.567,13.649,13.395,13.623,502378.96
1704556800,13.623,13.689,13.477,13.522,357731.97
1704571200,13.522,13.563,13.26,13.436,346060.23
1704585600,13.436,13.663,13.394,13.561,445489.5
1704600000,13.561,13.741,13.561,13.644,530231.69
1704614400,13.644,13.707,13.395,13.496,546283.17
1704628800,13.496,13.679,13.407,13.476,424054.56
1704643200,13.476,13.603,13.294,13.575,386320.11
1704657600,13.575,13.609,13.0,13.151,712720.84
1704672000,13.151,13.381,12.527,12.838,1647076.46
1704686400,12.838,13.568,12.773,13.491,871612.13
1704700800,13.491,13.575,13.211,13.5,753383.19
1704715200,13.5,13.851,13.489,13.582,1147365.57
1704729600,13.582,14.398,13.515,14.39,1345612.94
1704744000,14.39,14.402,14.094,14.139,578580.27
1704758400,14.139,14.25,13.852,13.988,635205.65
1704772800,13.988,14.178,13.91,14.052,583984.58
1704787200,14.052,14.154,13.691,13.805,1125871.61
1704801600,13.805,13.881,13.242,13.564,1446606.12
1704816000,13.564,13.727,13.404,13.651,755575.15
1704830400,13.651,13.868,13.36,13.716,1542159.82
1704844800,13.716,13.97,13.563,13.64,657345.01
1704859200,13.64,13.799,13.599,13.674,354863.4
1704873600,13.674,14.459,13.569,14.223,1250212.17
1704888000,14.223,14.391,13.599,14.257,1273039.01
1704902400,14.257,14.329,14.008,14.322,706838.3
1704916800,14.322,15.363,13.975,15.072,1866365.01
1704931200,15.072,15.106,14.777,14.988,881375.96
1704945600,14.988,15.005,14.597,14.836,607333.21
1704960000,14.836,15.35,14.782,15.339,977070.17
1704974400,15.339,15.695,14.885,15.033,1949141.41
1704988800,15.033,15.146,14.69,15.127,927000.81
1705003200,15.127,15.182,14.818,15.022,629099.96
1705017600,15.022,15.069,14.74,14.785,459749.53
1705032000,14.785,14.997,14.693,14.763,421091.23
1705046400,14.763,15.007,14.643,14.982,564018.12
1705060800,14.982,15.304,14.729,14.782,1280493.26
1705075200,14.782,14.937,14.003,14.335,1350592.75
1705089600,14.335,14.448,13.59,14.151,1123858.69
1705104000,14.151,14.216,13.788,14.031,619468.46
1705118400,14.031,14.245,14.015,14.176,269813.92
1705132800,14.176,14.277,14.0,14.23,389154.15
1705147200,14.23,14.356,14.122,14.246,355147.32
1705161600,14.246,14.322,14.123,14.274,389563.29
1705176000,14.274,14.43,14.262,14.345,380075.95
1705190400,14.345,14.613,14.267,14.44,562319.04
1705204800,14.44,15.241,14.408,14.884,2012480.22
1705219200,14.884,15.289,14.84,15.088,1377733.71
1705233600,15.088,15.332,14.952,15.217,925204.68
1705248000,15.217,15.434,14.909,14.923,986162.31
1705262400,14.923,15.314,14.735,14.755,1117389.75
1705276800,14.755,15.866,14.75,15.583,1735502.43
1705291200,15.583,15.684,15.429,15.443,820982.08
1705305600,15.443,15.842,15.443,15.641,1031532.33
1705320000,15.641,16.018,15.21,15.319,2064799.77
1705334400,15.319,15.696,15.246,15.34,792044.86
1705348800,15.34,15.427,14.99,15.185,675744.45
1705363200,15.185,15.365,15.061,15.329,687164.67
1705377600,15.329,15.332,15.011,15.105,478350.23
1705392000,15.105,15.249,14.967,15.071,489079.25
1705406400,15.071,15.186,14.739,15.065,997271.41
1705420800,15.065,15.168,14.961,15.094,613416.49
1705435200,15.094,15.35,15.094,15.271,729807.6
1705449600,15.271,15.879,15.267,15.845,1656994.44
1705464000,15.845,16.0,15.73,15.773,1762503.5
1705478400,15.773,16.132,15.609,15.824,1534709.84
1705492800,15.824,16.395,15.73,16.111,1778303.51
1705507200,16.111,16.166,15.6,15.898,1332918.93
1705521600,15.898,15.991,15.5,15.761,840796.9
1705536000,15.761,15.773,15.243,15.295,789965.69
1705550400,15.295,15.516,15.218,15.457,500771.31
1705564800,15.457,15.46,15.17,15.44,784795.92
1705579200,15.44,15.532,15.076,15.172,1262596.45
1705593600,15.172,15.173,14.189,14.327,2093276.92
1705608000,14.327,14.709,14.247,14.658,1299006.19
1705622400,14.658,14.846,14.461,14.8,805806.03
1705636800,14.8,15.053,14.72,15.048,930304.97
1705651200,15.048,15.665,14.888,15.515,2002034.18
1705665600,15.515,15.636,15.05,15.157,1915407.27
1705680000,15.157,15.554,14.636,15.53,2125972.56
1705694400,15.53,16.415,15.384,16.118,2178595.36
1705708800,16.118,16.45,15.764,16.003,2126895.67
1705723200,16.003,16.526,16.002,16.41,1867868.27
1705737600,16.41,16.61,15.806,16.01,1840806.1
1705752000,16.01,16.071,15.729,15.742,1049809.11
1705766400,15.742,15.923,15.624,15.825,706946.52
1705780800,15.825,15.9,15.703,15.781,751322.8
1705795200,15.781,15.781,15.506,15.682,630650.08
1705809600,15.682,15.682,15.478,15.633,482837.39
1705824000,15.633,15.912,15.558,15.754,900504.92
1705838400,15.754,15.814,15.444,15.491,618708.51
1705852800,15.491,15.609,15.365,15.511,500463.18
1705867200,15.511,15.579,15.38,15.396,333591.9
1705881600,15.396,15.731,15.22,15.573,1431103.97
1705896000,15.573,15.974,15.484,15.678,1452515.2
1705910400,15.678,15.735,14.953,15.171,1796092.62
1705924800,15.171,15.439,14.8,15.09,1807151.51
1705939200,15.09,15.166,14.554,14.722,1533245.6
1705953600,14.722,14.955,14.507,14.598,979882.49
1705968000,14.598,14.886,14.577,14.702,724361.56
1705982400,14.702,14.879,14.5,14.565,620413.54
1705996800,14.565,14.619,13.862,13.989,2353574.6
1706011200,13.989,14.212,13.561,14.126,1870347.23
1706025600,14.126,14.234,13.854,13.868,1044314.21
1706040000,13.868,14.329,13.793,14.3,1021713.06
1706054400,14.3,14.37,14.053,14.122,687505.39
1706068800,14.122,14.308,14.035,14.152,613749.4
1706083200,14.152,14.442,14.11,14.267,747456.63
1706097600,14.267,14.35,13.988,14.148,1094629.77
1706112000,14.148,14.33,13.955,14.042,1105502.38
1706126400,14.042,14.264,13.911,14.243,653828.33
1706140800,14.243,14.261,13.952,14.015,409329.69
1706155200,14.015,14.046,13.849,14.026,438255.98
1706169600,14.026,14.066,13.764,13.848,692985.93
1706184000,13.848,13.909,13.516,13.592,993333.01
1706198400,13.592,13.844,13.506,13.785,928836.93
1706212800,13.785,13.884,13.725,13.744,521122.22
1706227200,13.744,13.913,13.637,13.858,456446.44
1706241600,13.858,13.92,13.715,13.724,386719.76
1706256000,13.724,14.192,13.723,14.18,1037429.37
1706270400,14.18,14.22,13.953,14.207,869499.72
1706284800,14.207,14.3,14.112,14.154,886766.38
1706299200,14.154,14.213,14.047,14.187,487216.63
1706313600,14.187,14.309,14.172,14.289,475821.17
1706328000,14.289,14.35,14.1,14.132,327685.01
1706342400,14.132,14.274,14.091,14.244,343691.93
1706356800,14.244,14.344,14.214,14.291,268423.55
1706371200,14.291,14.4,14.234,14.363,373507.24
1706385600,14.363,14.397,14.303,14.345,312527.62
1706400000,14.345,14.576,14.266,14.566,624164.45
1706414400,14.566,14.645,14.438,14.478,676527.68
1706428800,14.478,14.7,14.435,14.519,737252.83
1706443200,14.519,14.573,14.308,14.408,780294.46
1706457600,14.408,14.491,14.201,14.279,566711.59
1706472000,14.279,14.539,14.205,14.48,539506.89
1706486400,14.48,14.868,14.405,14.717,1320948.75
1706500800,14.717,14.825,14.578,14.593,538673.53
1706515200,14.593,14.716,14.502,14.557,504961.79
1706529600,14.557,14.72,14.265,14.708,908666.38
1706544000,14.708,15.077,14.583,14.986,1596267.33
1706558400,14.986,15.081,14.936,15.004,721488.73
1706572800,15.004,15.136,14.895,14.962,675929.59
1706587200,14.962,15.059,14.941,15.002,451339.87
1706601600,15.002,15.256,14.949,15.236,630849.04
1706616000,15.236,15.599,14.965,15.595,1945563.3
1706630400,15.595,15.805,15.553,15.634,1772979.17
1706644800,15.634,15.708,15.371,15.475,1137002.44
1706659200,15.475,15.939,15.367,15.855,2333905.08
1706673600,15.855,16.06,15.793,15.828,1500371.52
1706688000,15.828,15.948,15.427,15.786,1402244.03
1706702400,15.786,15.959,15.28,15.708,1623552.16
1706716800,15.708,15.864,15.515,15.737,1177692.76
1706731200,15.737,15.747,15.083,15.429,1638082.91
1706745600,15.429,15.627,15.147,15.189,1884675.07
1706760000,15.189,15.839,15.172,15.778,1719957.96
1706774400,15.778,15.829,15.473,15.568,1265212.34
1706788800,15.568,16.95,15.567,16.697,4855337.16
1706803200,16.697,17.044,16.48,16.94,3577525.96
1706817600,16.94,17.382,16.881,17.19,2679708.3
1706832000,17.19,18.032,17.132,17.86,4171514.4
1706846400,17.86,18.25,17.712,18.121,2989723.46
1706860800,18.121,18.438,17.8,17.83,2204172.68
1706875200,17.83,18.875,17.689,18.735,4012647.29
1706889600,18.735,18.88,18.021,18.23,3135145.95
1706904000,18.23,18.239,17.555,17.828,2080681.69
1706918400,17.828,17.964,17.502,17.524,1812417.47
1706932800,17.524,17.845,17.523,17.718,842455.28
1706947200,17.718,18.148,17.709,17.971,1864568.08
1706961600,17.971,18.095,17.78,18.092,927306.67
1706976000,18.092,18.092,17.662,17.751,1512250.68
1706990400,17.751,17.775,17.543,17.658,659055.21
1707004800,17.658,17.99,17.646,17.894,972629.77
1707019200,17.894,17.901,17.532,17.632,940723.44
1707033600,17.632,18.299,17.591,18.159,1165504.37
1707048000,18.159,18.384,18.04,18.214,1352004.79
1707062400,18.214,18.711,18.154,18.306,1581758.04
1707076800,18.306,18.676,18.108,18.153,1529972.5
1707091200,18.153,18.517,17.806,18.462,1670411.78
1707105600,18.462,18.895,18.402,18.713,2009216.08
1707120000,18.713,19.75,18.549,19.677,2864301.46
1707134400,19.677,19.794,19.128,19.278,2611698.05
1707148800,19.278,19.373,19.108,19.155,1214249.41
1707163200,19.155,19.199,18.745,19.164,1331860.77
1707177600,19.164,19.333,18.801,18.905,1286027.04
1707192000,18.905,19.112,18.809,19.073,740932.04
1707206400,19.073,19.316,18.55,18.772,1548129.32
1707220800,18.772,18.879,18.404,18.641,1416183.58
1707235200,18.641,18.784,18.343,18.557,1733014.03
1707249600,18.557,18.608,18.21,18.287,993734.77
1707264000,18.287,18.399,18.021,18.297,1057546.71
1707278400,18.297,18.549,18.173,18.389,1088788.43
1707292800,18.389,18.636,18.2,18.295,969062.99
1707307200,18.295,18.437,18.166,18.423,901304.01
1707321600,18.423,18.702,18.356,18.456,943373.19
1707336000,18.456,19.077,18.456,18.817,1328678.11
1707350400,18.817,18.983,18.665,18.83,824131.17
1707364800,18.83,19.271,18.74,19.158,940024.19
1707379200,19.158,19.158,18.671,18.693,929710.77
1707393600,18.693,18.75,18.328,18.661,1743337.69
1707408000,18.661,18.701,18.086,18.163,1259060.15
1707422400,18.163,18.311,17.969,18.212,690702.07
1707436800,18.212,18.503,17.973,18.253,1005810.96
1707451200,18.253,18.422,18.121,18.343,627031.63
1707465600,18.343,18.495,18.18,18.419,930081.06
1707480000,18.419,18.625,18.15,18.372,1562083.35
1707494400,18.372,18.5,18.195,18.236,815765.05
1707508800,18.236,18.613,18.236,18.47,752115.02
1707523200,18.47,18.77,18.225,18.666,791143.2
1707537600,18.666,18.687,18.314,18.34,536955.13
1707552000,18.34,18.446,17.986,18.166,794373.96
1707566400,18.166,18.448,18.14,18.362,521140.85
1707580800,18.362,18.699,18.307,18.63,636065.78
1707595200,18.63,19.17,18.595,19.084,957429.95
1707609600,19.084,19.808,18.829,19.624,2093001.78
1707624000,19.624,20.485,19.614,20.343,2279289.58
1707638400,20.343,20.676,20.297,20.548,1502444.42
1707652800,20.548,20.604,19.93,20.286,1523466.92
1707667200,20.286,20.385,20.024,20.26,841776.25
1707681600,20.26,20.371,20.045,20.146,489394.46
1707696000,20.146,20.631,19.751,20.019,1393990.27
1707710400,20.019,20.423,19.95,20.225,730592.15
1707724800,20.225,20.513,19.949,20.465,974765.48
1707739200,20.465,20.845,19.838,20.265,2500422.92
1707753600,20.265,20.856,20.131,20.618,2548409.12
1707768000,20.618,20.808,20.435,20.465,913519.93
1707782400,20.465,20.592,20.068,20.1,1056618.25
1707796800,20.1,20.272,20.06,20.114,635470.96
1707811200,20.114,20.267,19.992,20.102,953400.71
1707825600,20.102,20.185,19.45,19.874,1870769.03
1707840000,19.874,19.91,19.601,19.645,1228853.26
1707854400,19.645,19.915,19.638,19.87,483282.39
1707868800,19.87,20.184,19.702,20.084,739631.82
1707883200,20.084,20.118,19.892,20.088,402104.34
1707897600,20.088,20.43,19.956,20.276,1169593.26
1707912000,20.276,20.35,19.832,20.099,1199510.65
1707926400,20.099,20.25,19.956,20.182,845277.93
1707940800,20.182,20.385,20.135,20.24,719542.98
1707955200,20.24,20.524,20.0,20.162,977800.81
1707969600,20.162,20.192,19.791,19.954,643364.3
1707984000,19.954,20.235,19.918,20.022,575157.09
1707998400,20.022,20.228,19.77,19.873,1078403.1
1708012800,19.873,20.306,19.65,20.061,993150.73
1708027200,20.061,20.124,19.732,19.932,601156.89
1708041600,19.932,20.07,19.792,20.033,619961.88
1708056000,20.033,20.31,19.847,19.852,722643.26
1708070400,19.852,20.0,19.62,19.887,566173.44
1708084800,19.887,20.193,19.116,19.497,1353576.72
1708099200,19.497,19.683,19.221,19.306,867190.81
1708113600,19.306,19.585,19.267,19.551,470656.28
1708128000,19.551,19.57,19.261,19.532,325536.79
1708142400,19.532,19.59,19.409,19.573,212504.88
1708156800,19.573,19.619,19.294,19.521,444298.61
1708171200,19.521,19.864,19.218,19.607,1373090.18
1708185600,19.607,20.097,19.562,20.09,877246.13
1708200000,20.09,20.273,20.008,20.032,483321.82
1708214400,20.032,20.051,19.752,19.907,419560.51
1708228800,19.907,20.137,19.835,19.987,438860.35
1708243200,19.987,20.119,19.89,20.024,394228.91
1708257600,20.024,20.093,19.86,19.913,344231.54
1708272000,19.913,20.18,19.831,19.995,495074.1
1708286400,19.995,20.373,19.849,20.119,801161.72
1708300800,20.119,20.245,19.992,20.053,439984.21
1708315200,20.053,20.226,19.899,20.212,520522.89
1708329600,20.212,20.218,19.768,19.91,650291.94
1708344000,19.91,19.915,19.647,19.787,662663.94
1708358400,19.787,20.166,19.774,20.039,1119412.62
1708372800,20.039,20.187,19.801,19.832,738259.33
1708387200,19.832,19.883,19.506,19.594,640030.91
1708401600,19.594,19.828,19.491,19.594,488008.72
1708416000,19.594,19.677,19.221,19.593,924397.88
1708430400,19.593,19.708,18.378,18.969,2034810.66
1708444800,18.969,19.215,18.595,19.201,1033629.5
1708459200,19.201,19.491,19.122,19.281,578136.96
1708473600,19.281,19.287,18.942,18.994,541153.87
1708488000,18.994,19.079,18.652,18.743,615338.48
1708502400,18.743,18.854,18.223,18.274,888855.18
1708516800,18.274,18.57,18.123,18.391,1105327.16
1708531200,18.391,18.522,18.0,18.275,1120554.35
1708545600,18.275,18.622,18.175,18.594,681831.54
1708560000,18.594,18.631,18.128,18.351,577045.43
1708574400,18.351,18.81,18.285,18.805,562641.91
1708588800,18.805,19.014,18.633,18.657,652527.98
1708603200,18.657,18.719,18.172,18.501,902819.1
1708617600,18.501,18.533,18.263,18.379,581319.03
1708632000,18.379,18.622,18.078,18.121,933609.06
1708646400,18.121,18.286,17.841,17.917,707425.81
1708660800,17.917,18.116,17.821,17.939,549054.33
1708675200,17.939,18.057,17.679,17.961,752751.06
1708689600,17.961,18.063,17.747,17.862,1237938.39
1708704000,17.862,18.169,17.56,18.141,1109835.28
1708718400,18.141,18.242,17.748,17.935,563941.89
1708732800,17.935,18.192,17.756,18.167,505862.15
1708747200,18.167,18.465,18.126,18.446,469138.34
1708761600,18.446,18.485,18.326,18.381,374914.72
1708776000,18.381,18.382,18.209,18.231,271046.56
1708790400,18.231,18.509,18.225,18.476,370256.7
1708804800,18.476,18.564,18.401,18.533,314583.2
1708819200,18.533,18.682,18.401,18.532,404322.13
1708833600,18.532,18.647,18.439,18.558,210642.9
1708848000,18.558,18.562,18.37,18.56,227451.0
1708862400,18.56,18.821,18.535,18.616,522793.88
1708876800,18.616,18.791,18.502,18.734,355113.46
1708891200,18.734,18.859,18.65,18.722,282587.71
1708905600,18.722,18.85,18.555,18.669,299389.51
1708920000,18.669,18.672,18.436,18.462,296563.21
1708934400,18.462,18.551,18.128,18.236,578775.19
1708948800,18.236,18.898,18.144,18.867,1405850.2
1708963200,18.867,19.206,18.791,19.204,1125107.94
1708977600,19.204,19.264,19.003,19.083,748519.7
1708992000,19.083,19.316,18.93,19.018,1018958.42
1709006400,19.018,19.152,18.958,18.995,507598.22
1709020800,18.995,19.362,18.987,19.268,599999.89
1709035200,19.268,19.334,18.771,18.843,1192785.08
1709049600,18.843,19.178,18.662,19.106,949281.76
1709064000,19.106,19.24,19.0,19.023,555112.45
1709078400,19.023,19.102,18.805,18.89,531576.94
1709092800,18.89,19.15,18.887,19.135,259736.88
1709107200,19.135,19.623,19.031,19.234,1762181.09
1709121600,19.234,20.87,19.127,19.757,5140062.02
1709136000,19.757,20.287,18.006,18.877,4496953.07
1709150400,18.877,19.448,18.742,19.43,1327611.88
1709164800,19.43,19.759,19.242,19.472,1231984.64
1709179200,19.472,20.142,19.4,20.067,1401442.7
1709193600,20.067,20.455,19.924,20.097,1585162.53
1709208000,20.097,20.414,19.864,20.135,1238918.46
1709222400,20.135,20.163,19.437,19.745,1313089.13
1709236800,19.745,19.805,18.801,19.274,1312165.87
1709251200,19.274,19.78,19.266,19.534,716941.83
1709265600,19.534,19.84,19.531,19.711,442823.87
1709280000,19.711,20.049,19.664,19.875,769881.32
1709294400,19.875,20.02,19.581,19.685,767349.13
1709308800,19.685,20.0,19.641,19.853,748827.53
1709323200,19.853,20.1,19.739,20.051,608867.29
1709337600,20.051,20.665,19.956,20.633,1238855.69
1709352000,20.633,21.444,20.6,21.215,2186710.36
1709366400,21.215,21.268,20.637,20.743,1155174.91
1709380800,20.743,21.31,20.725,21.121,1376074.16
1709395200,21.121,21.69,21.111,21.371,1377368.73
1709409600,21.371,21.462,21.128,21.398,430229.12
1709424000,21.398,21.536,21.028,21.268,698486.13
1709438400,21.268,21.346,19.38,20.238,1337755.33
1709452800,20.238,20.518,20.008,20.509,1636273.46
1709467200,20.509,20.71,20.355,20.553,692517.32
1709481600,20.553,20.668,20.423,20.563,738305.7
1709496000,20.563,20.7,20.414,20.507,566976.11
1709510400,20.507,20.895,20.155,20.246,1164679.31
1709524800,20.246,20.443,20.141,20.368,594022.35
1709539200,20.368,20.802,20.281,20.483,1077341.52
1709553600,20.483,20.76,20.113,20.497,1154551.52
1709568000,20.497,20.539,19.82,20.338,1641963.42
1709582400,20.338,20.606,20.226,20.416,855080.95
1709596800,20.416,20.434,19.928,20.123,1011179.52
1709611200,20.123,21.055,20.01,20.412,2297497.57
1709625600,20.412,20.889,20.222,20.713,856058.86
1709640000,20.713,20.857,20.238,20.486,1687075.35
1709654400,20.486,20.606,16.553,17.738,4370202.62
1709668800,17.738,19.048,17.589,18.973,3323280.07
1709683200,18.973,19.125,18.389,18.611,1232960.07
1709697600,18.611,19.543,18.578,19.514,1076620.83
1709712000,19.514,19.796,19.374,19.587,998776.9
1709726400,19.587,19.697,18.992,19.379,1657115.08
1709740800,19.379,20.088,19.349,19.939,1046190.31
1709755200,19.939,20.152,19.851,20.085,852335.42
1709769600,20.085,20.4,19.898,19.975,1121805.42
1709784000,19.975,20.068,19.591,19.942,756557.82
1709798400,19.942,20.037,19.8,19.922,494354.17
1709812800,19.922,20.198,19.684,20.081,1053180.91
1709827200,20.081,20.203,19.979,20.101,693420.39
1709841600,20.101,20.203,19.962,20.091,583990.05
1709856000,20.091,20.391,19.9,19.98,642886.47
1709870400,19.98,20.015,19.709,19.804,536206.0
1709884800,19.804,20.025,19.691,19.996,584724.29
1709899200,19.996,20.179,19.18,19.683,1810384.1
1709913600,19.683,19.974,19.14,19.748,1468453.46
1709928000,19.748,19.848,19.53,19.699,581941.81
1709942400,19.699,20.131,19.659,20.043,609024.47
1709956800,20.043,20.175,19.95,19.966,561139.53
1709971200,19.966,20.044,19.661,19.935,503919.28
1709985600,19.935,20.282,19.928,20.2,891972.85
1710000000,20.2,20.33,19.808,19.894,852698.79
1710014400,19.894,20.077,19.894,19.972,295160.83
1710028800,19.972,20.067,19.834,19.898,431779.07
1710043200,19.898,20.042,19.834,20.037,342960.75
1710057600,20.037,20.098,19.62,19.859,796484.63
1710072000,19.859,20.0,19.379,19.579,1004189.01
1710086400,19.579,19.848,19.534,19.841,564282.57
1710100800,19.841,21.96,19.684,21.68,3396804.78
1710115200,21.68,22.868,20.661,21.229,5770513.69
1710129600,21.229,21.516,20.999,21.331,1702841.99
1710144000,21.331,21.6,21.064,21.35,1717512.86
1710158400,21.35,21.612,21.0,21.176,1504731.78
1710172800,21.176,21.438,20.752,21.134,1714219.09
1710187200,21.134,21.461,21.123,21.277,838466.86
1710201600,21.277,21.341,20.75,20.82,1045393.49
1710216000,20.82,20.873,20.411,20.58,1470870.02
1710230400,20.58,20.722,20.071,20.488,1538336.19
1710244800,20.488,20.812,20.123,20.529,1789708.78
1710259200,20.529,20.713,19.516,20.705,2522313.38
1710273600,20.705,20.735,20.432,20.704,677403.46
1710288000,20.704,20.917,20.488,20.7,702815.31
1710302400,20.7,20.951,20.495,20.789,867461.86
1710316800,20.789,20.96,20.669,20.719,760529.21
1710331200,20.719,20.74,20.201,20.392,1075112.02
1710345600,20.392,20.492,20.275,20.419,829581.75
1710360000,20.419,20.82,20.251,20.751,970029.49
1710374400,20.751,20.816,20.533,20.621,783740.85
1710388800,20.621,20.637,20.313,20.445,683004.24
1710403200,20.445,21.703,20.437,21.618,3308440.91
1710417600,21.618,21.949,20.438,20.567,3542114.47
1710432000,20.567,21.465,19.87,20.26,3025957.93
1710446400,20.26,21.3,20.221,20.88,1638813.57
1710460800,20.88,20.998,18.739,19.578,3227742.94
1710475200,19.578,19.72,19.112,19.583,1594380.49
1710489600,19.583,19.589,18.452,19.254,2244105.46
1710504000,19.254,19.607,19.097,19.399,923574.23
1710518400,19.399,19.858,19.19,19.376,1141756.65
1710532800,19.376,19.657,18.98,19.63,979814.8
1710547200,19.63,19.829,19.249,19.404,1011503.59
1710561600,19.404,19.619,19.121,19.618,679129.94
1710576000,19.618,19.652,19.122,19.304,809355.9
1710590400,19.304,19.366,18.654,19.015,1176709.73
1710604800,19.015,19.015,18.03,18.197,1855393.98
1710619200,18.197,18.486,17.806,18.115,1123278.27
1710633600,18.115,18.401,17.88,18.401,713906.85
1710648000,18.401,18.418,17.383,17.675,1122764.87
1710662400,17.675,18.498,17.553,18.338,1143978.47
1710676800,18.338,18.608,17.925,18.529,1058563.65
1710691200,18.529,18.7,18.443,18.687,673498.65
1710705600,18.687,18.832,18.521,18.666,595375.7
1710720000,18.666,19.181,18.206,18.911,1738470.41
1710734400,18.911,19.494,18.779,19.467,916680.19
1710748800,19.467,19.491,18.711,19.236,1219589.08
1710763200,19.236,19.299,18.253,18.6,1553494.21
1710777600,18.6,18.855,18.043,18.193,1280302.45
1710792000,18.193,18.634,18.193,18.301,629447.46
1710806400,18.301,18.462,17.374,17.698,1978875.81
1710820800,17.698,17.781,16.701,17.336,1934712.2
1710835200,17.336,17.35,16.5,17.32,2195361.4
1710849600,17.32,17.948,17.256,17.773,2275268.67
1710864000,17.773,17.969,17.484,17.615,1093844.06
1710878400,17.615,17.649,16.51,16.805,1662871.0
1710892800,16.805,17.272,16.762,16.858,1208271.42
1710907200,16.858,17.428,16.244,17.328,1873383.43
1710921600,17.328,17.467,17.071,17.418,804197.94
1710936000,17.418,17.692,17.256,17.316,1457245.58
1710950400,17.316,18.14,16.597,18.077,2205283.29
1710964800,18.077,18.5,18.004,18.412,1133295.14
1710979200,18.412,18.543,18.217,18.308,755167.57
1710993600,18.308,18.398,17.874,18.14,682896.58
1711008000,18.14,18.353,18.091,18.238,539463.13
1711022400,18.238,18.776,18.193,18.487,1081162.23
1711036800,18.487,18.919,18.072,18.545,1151434.54
1711051200,18.545,18.832,18.28,18.458,864603.12
1711065600,18.458,18.584,17.964,18.482,621271.92
1711080000,18.482,18.51,18.323,18.385,407922.98
1711094400,18.385,18.464,17.864,17.891,666634.35
1711108800,17.891,18.111,17.325,17.732,1212076.1
1711123200,17.732,18.34,17.538,18.265,737928.74
1711137600,18.265,18.369,17.612,18.367,761626.03
1711152000,18.367,18.467,17.89,18.113,637664.33
1711166400,18.113,18.47,18.104,18.371,350969.61
1711180800,18.371,18.466,18.213,18.415,461954.84
1711195200,18.415,18.454,18.228,18.328,454133.13
1711209600,18.328,18.466,18.261,18.339,325405.59
1711224000,18.339,18.364,18.029,18.063,279537.2
1711238400,18.063,18.344,18.01,18.02,349315.07
1711252800,18.02,18.177,17.97,18.145,173646.73
1711267200,18.145,18.374,18.121,18.363,237325.75
1711281600,18.363,18.446,18.263,18.283,364078.84
1711296000,18.283,18.332,18.012,18.2,305165.65
1711310400,18.2,18.628,18.152,18.518,509311.94
1711324800,18.518,18.746,18.372,18.692,400708.43
1711339200,18.692,19.017,18.589,18.616,681720.98
1711353600,18.616,19.035,18.611,18.892,455619.22
1711368000,18.892,19.376,18.836,19.304,915281.63
1711382400,19.304,19.497,19.269,19.452,591900.09
1711396800,19.452,19.481,19.184,19.375,370057.64
1711411200,19.375,19.78,19.331,19.769,518165.95
1711425600,19.769,20.096,19.715,19.87,568202.13
1711440000,19.87,20.61,19.795,20.421,1055798.0
1711454400,20.421,20.737,19.827,20.182,1601795.91
1711468800,20.182,20.276,19.637,19.649,914769.46
1711483200,19.649,20.082,19.647,20.007,396100.61
1711497600,20.007,20.186,19.8,19.816,500338.17
1711512000,19.816,19.858,19.506,19.582,411016.99
1711526400,19.582,19.74,19.294,19.722,595751.98
1711540800,19.722,19.959,19.045,19.143,1569563.93
1711555200,19.143,19.387,19.002,19.26,788981.41
1711569600,19.26,19.632,19.259,19.289,494337.58
1711584000,19.289,19.412,19.043,19.188,471977.96
1711598400,19.188,19.544,19.176,19.531,383145.83
1711612800,19.531,19.808,19.441,19.593,657812.31
1711627200,19.593,19.663,19.165,19.339,901397.23
1711641600,19.339,19.383,19.135,19.207,309083.22
1711656000,19.207,19.271,19.055,19.148,328567.18
1711670400,19.148,19.212,18.887,19.007,469285.38
1711684800,19.007,19.104,18.71,18.789,360243.9
1711699200,18.789,19.006,18.759,18.959,475813.92
1711713600,18.959,19.294,18.788,18.974,661602.14
1711728000,18.974,19.054,18.752,18.941,358755.86
1711742400,18.941,19.06,18.777,18.967,247825.5
1711756800,18.967,19.027,18.783,18.82,476311.71
1711771200,18.82,19.161,18.799,19.055,325567.66
1711785600,19.055,19.217,18.885,19.193,307318.29
1711800000,19.193,19.291,19.108,19.121,339352.47
1711814400,19.121,19.209,18.896,19.078,312888.68
1711828800,19.078,19.278,18.84,18.933,334301.35
1711843200,18.933,19.067,18.872,18.968,220222.67
1711857600,18.968,19.35,18.934,19.249,412323.65
1711872000,19.249,19.277,19.01,19.022,235571.27
1711886400,19.022,19.115,19.0,19.072,225983.68
1711900800,19.072,19.16,18.968,19.095,237456.96
1711915200,19.095,19.172,18.978,19.171,258586.19
1711929600,19.171,19.275,19.056,19.169,361224.78
1711944000,19.169,19.204,18.22,18.641,1164614.13
1711958400,18.641,18.641,18.333,18.352,523969.23
1711972800,18.352,18.561,17.915,17.946,901837.99
1711987200,17.946,18.237,17.856,18.223,497905.79
1712001600,18.223,18.433,18.161,18.358,300949.22
1712016000,18.358,18.364,17.366,17.699,1225940.77
1712030400,17.699,18.486,17.592,18.296,1596373.4
1712044800,18.296,18.368,17.708,18.035,1541286.77
1712059200,18.035,18.234,17.585,17.617,1016257.29
1712073600,17.617,17.976,17.532,17.945,691303.77
1712088000,17.945,18.151,17.864,17.952,563175.92
1712102400,17.952,18.337,17.45,18.126,1024964.41
1712116800,18.126,18.175,17.953,18.021,363506.36
1712131200,18.021,18.256,17.891,17.998,625694.06
1712145600,17.998,18.123,17.768,17.892,514208.8
1712160000,17.892,18.022,17.591,17.635,445359.12
1712174400,17.635,17.75,17.38,17.687,412527.21
1712188800,17.687,18.016,17.567,17.579,504327.25
1712203200,17.579,17.976,17.395,17.899,577326.46
1712217600,17.899,17.959,17.823,17.857,388896.58
1712232000,17.857,18.143,17.849,18.02,418988.61
1712246400,18.02,18.26,17.842,17.855,378473.66
1712260800,17.855,17.891,17.51,17.791,635616.4
1712275200,17.791,17.791,17.246,17.515,577053.85
1712289600,17.515,17.539,17.089,17.267,380352.68
1712304000,17.267,17.439,16.967,16.978,562137.9
1712318400,16.978,17.497,16.862,17.494,663531.35
1712332800,17.494,17.554,17.285,17.343,415638.24
1712347200,17.343,17.441,17.26,17.325,238560.06
1712361600,17.325,17.439,17.262,17.364,330913.77
1712376000,17.364,17.497,17.316,17.468,246130.56
1712390400,17.468,17.666,17.456,17.617,281581.92
1712404800,17.617,17.633,17.398,17.516,228171.48
1712419200,17.516,17.56,17.401,17.42,211005.92
1712433600,17.42,17.676,17.415,17.559,190083.41
1712448000,17.559,17.802,17.501,17.775,243360.65
1712462400,17.775,17.799,17.574,17.604,246318.5
1712476800,17.604,17.762,17.6,17.743,142728.29
1712491200,17.743,17.839,17.667,17.673,367583.66
1712505600,17.673,17.973,17.554,17.614,491574.91
1712520000,17.614,17.945,17.601,17.913,202529.77
1712534400,17.913,17.926,17.591,17.632,249563.96
1712548800,17.632,17.99,17.545,17.964,286292.02
1712563200,17.964,18.677,17.95,18.595,1194301.5
1712577600,18.595,18.674,18.205,18.288,809353.36
1712592000,18.288,18.355,17.973,18.093,995704.89
1712606400,18.093,18.247,18.04,18.101,313050.83
1712620800,18.101,18.181,17.873,17.913,352298.57
1712635200,17.913,18.014,17.665,17.708,528251.5
1712649600,17.708,17.834,17.448,17.833,553140.61
1712664000,17.833,17.877,17.241,17.517,877550.26
1712678400,17.517,17.679,17.338,17.592,426693.78
1712692800,17.592,17.66,17.27,17.362,292461.03
1712707200,17.362,17.461,17.078,17.396,436989.74
1712721600,17.396,17.579,17.37,17.445,351641.24
1712736000,17.445,17.541,17.252,17.386,593886.77
1712750400,17.386,17.439,16.801,17.154,1261539.45
1712764800,17.154,17.38,17.048,17.31,508647.7
1712779200,17.31,17.555,17.248,17.417,318058.32
1712793600,17.417,17.448,17.347,17.441,270946.86
1712808000,17.441,17.587,17.319,17.506,176076.6
1712822400,17.506,17.608,17.133,17.174,268071.32
1712836800,17.174,17.403,17.006,17.24,614283.19
1712851200,17.24,17.428,17.043,17.416,246225.27
1712865600,17.416,17.62,17.414,17.555,347980.23
1712880000,17.555,17.866,17.536,17.763,394747.88
1712894400,17.763,17.869,17.656,17.693,272274.46
1712908800,17.693,17.831,17.611,17.643,257158.36
1712923200,17.643,17.645,17.072,17.099,582955.27
1712937600,17.099,17.175,13.368,14.471,7883692.48
1712952000,14.471,15.185,14.423,15.156,2794613.68
1712966400,15.156,15.245,14.675,15.102,1299978.94
1712980800,15.102,15.398,15.05,15.156,601517.9
1712995200,15.156,15.282,15.01,15.065,506721.72
1713009600,15.065,15.292,14.88,14.891,709581.83
1713024000,14.891,14.943,13.1,13.446,3739022.89
1713038400,13.446,13.601,11.788,13.288,7649975.45
1713052800,13.288,13.366,12.717,13.104,1701603.43
1713067200,13.104,13.922,13.036,13.916,1362005.22
1713081600,13.916,14.003,13.407,13.451,1203906.08
1713096000,13.451,13.753,13.324,13.57,1761461.8
1713110400,13.57,13.819,13.133,13.604,2526491.14
1713124800,13.604,14.256,13.368,14.098,1514215.85
1713139200,14.098,14.102,13.715,13.861,839820.43
1713153600,13.861,14.602,13.7,14.415,1310448.48
1713168000,14.415,14.661,14.322,14.436,713907.44
1713182400,14.436,14.668,13.816,14.119,1632683.77
1713196800,14.119,14.193,13.222,13.701,2176892.91
1713211200,13.701,13.772,13.342,13.58,651930.99
1713225600,13.58,13.653,13.244,13.353,916758.91
1713240000,13.353,13.814,12.974,13.694,888852.99
1713254400,13.694,13.703,13.088,13.474,812739.7
1713268800,13.474,13.474,12.901,12.937,925937.17
1713283200,12.937,13.389,12.816,13.227,948568.78
1713297600,13.227,13.61,13.21,13.46,360997.76
1713312000,13.46,13.53,13.304,13.423,404824.2
1713326400,13.423,13.577,13.343,13.463,414394.97
1713340800,13.463,13.608,13.212,13.234,640749.63
1713355200,13.234,13.381,12.812,12.88,1748092.55
1713369600,12.88,13.47,12.718,13.248,1108347.01
1713384000,13.248,13.386,13.091,13.133,512151.8
1713398400,13.133,13.375,12.875,13.282,735520.27
1713412800,13.282,13.374,12.867,12.966,732390.06
1713427200,12.966,13.474,12.815,13.346,778449.03
1713441600,13.346,13.647,13.091,13.594,855229.46
1713456000,13.594,13.712,13.402,13.683,441153.14
1713470400,13.683,13.984,13.616,13.887,423576.3
1713484800,13.887,13.89,12.742,13.299,1862842.85
1713499200,13.299,13.996,13.183,13.641,1211917.51
1713513600,13.641,13.947,13.622,13.802,687621.12
1713528000,13.802,14.119,13.683,13.999,1205922.89
1713542400,13.999,14.042,13.809,14.031,542125.23
1713556800,14.031,14.108,13.7,13.946,510838.55
1713571200,13.946,14.158,13.746,13.957,573304.99
1713585600,13.957,14.094,13.895,14.048,470447.12
1713600000,14.048,14.2,13.934,14.171,414494.4
1713614400,14.171,14.603,14.117,14.602,531528.68
1713628800,14.602,14.966,14.498,14.917,770128.04
1713643200,14.917,15.037,14.878,14.959,357949.86
1713657600,14.959,15.075,14.704,14.929,366641.9
1713672000,14.929,14.993,14.799,14.9,214354.2
1713686400,14.9,14.962,14.751,14.897,234267.63
1713700800,14.897,14.94,14.697,14.82,292687.34
1713715200,14.82,14.858,14.527,14.771,464690.37
1713729600,14.771,15.178,14.728,15.105,542937.75
1713744000,15.105,15.911,15.012,15.831,1092486.67
1713758400,15.831,16.039,15.565,15.597,1089286.4
1713772800,15.597,15.63,15.274,15.319,556979.19
1713787200,15.319,15.407,15.148,15.343,706844.59
1713801600,15.343,15.456,15.19,15.398,433654.66
1713816000,15.398,15.643,15.379,15.445,444545.68
1713830400,15.445,15.538,15.297,15.405,432126.11
1713844800,15.405,15.572,15.23,15.359,463027.4
1713859200,15.359,15.443,15.213,15.288,332021.66
1713873600,15.288,15.47,15.224,15.249,481712.81
1713888000,15.249,15.376,15.098,15.359,521593.74
1713902400,15.359,15.365,15.122,15.178,349029.73
1713916800,15.178,15.355,15.096,15.29,319005.27
1713931200,15.29,15.512,15.286,15.392,313728.25
1713945600,15.392,15.635,15.371,15.598,301783.79
1713960000,15.598,15.638,14.689,14.72,1281329.13
1713974400,14.72,15.029,14.626,14.735,1158354.25
1713988800,14.735,14.79,14.361,14.536,761636.19
1714003200,14.536,14.682,14.366,14.545,456219.7
1714017600,14.545,14.902,14.385,14.776,727080.39
1714032000,14.776,14.871,14.429,14.636,826957.78
1714046400,14.636,14.752,14.352,14.733,747646.24
1714060800,14.733,14.807,14.643,14.724,392362.65
1714075200,14.724,14.858,14.544,14.593,281065.56
1714089600,14.593,14.742,14.348,14.617,583350.44
1714104000,14.617,14.929,14.55,14.818,378464.85
1714118400,14.818,14.934,14.504,14.586,415484.6
1714132800,14.586,14.784,14.377,14.676,704661.83
1714147200,14.676,14.803,14.624,14.654,379535.69
1714161600,14.654,14.758,14.432,14.49,278345.63
1714176000,14.49,14.525,13.954,14.176,981546.9
1714190400,14.176,14.3,14.118,14.121,333439.2
1714204800,14.121,14.16,13.942,14.038,313902.59
1714219200,14.038,14.222,13.924,13.956,312357.42
1714233600,13.956,14.403,13.87,14.172,709275.15
1714248000,14.172,14.299,14.099,14.267,262507.56
1714262400,14.267,14.443,14.217,14.333,323206.0
1714276800,14.333,14.391,14.26,14.332,242106.37
1714291200,14.332,14.355,14.005,14.032,287607.69
1714305600,14.032,14.243,14.022,14.109,228756.32
1714320000,14.109,14.226,14.065,14.113,181129.25
1714334400,14.113,14.117,13.729,13.809,363210.12
1714348800,13.809,14.006,13.75,13.826,323667.96
1714363200,13.826,14.083,13.783,13.872,398616.24
1714377600,13.872,13.957,13.722,13.936,345964.59
1714392000,13.936,14.026,13.714,13.976,549423.84
1714406400,13.976,14.042,13.828,14.042,292771.32
1714420800,14.042,14.186,13.917,14.074,333763.79
1714435200,14.074,14.207,13.779,13.984,373217.52
1714449600,13.984,14.024,13.873,13.905,234976.66
1714464000,13.905,13.941,13.174,13.196,862257.75
1714478400,13.196,13.292,12.993,13.09,765788.35
1714492800,13.09,13.09,12.768,12.885,972813.61
1714507200,12.885,13.273,12.885,13.129,458830.43
1714521600,13.129,13.171,12.963,13.146,451994.43
1714536000,13.146,13.262,12.61,12.715,875719.66
1714550400,12.715,12.96,12.35,12.944,1285075.34
1714564800,12.944,13.06,12.732,12.78,742999.51
1714579200,12.78,13.506,12.669,12.997,1159865.94
1714593600,12.997,13.403,12.959,13.347,422763.76
1714608000,13.347,13.367,12.926,13.162,362641.48
1714622400,13.162,13.378,13.139,13.277,218182.41
1714636800,13.277,13.703,13.253,13.662,397139.64
1714651200,13.662,13.681,13.38,13.624,621401.63
1714665600,13.624,13.732,13.49,13.69,302373.37
1714680000,13.69,13.776,13.467,13.59,506431.77
1714694400,13.59,13.794,13.523,13.689,268530.03
1714708800,13.689,13.742,13.478,13.5,278709.56
1714723200,13.5,13.72,13.459,13.67,257663.05
1714737600,13.67,13.982,13.614,13.942,780587.72
1714752000,13.942,14.062,13.868,14.061,265133.38
1714766400,14.061,14.2,14.02,14.093,334742.55
1714780800,14.093,14.165,13.973,14.085,236064.02
1714795200,14.085,14.191,14.041,14.141,501031.79
1714809600,14.141,14.44,14.113,14.192,508160.99
1714824000,14.192,14.31,14.133,14.265,317642.5
1714838400,14.265,14.48,14.249,14.383,330112.69
1714852800,14.383,14.43,14.275,14.316,257922.57
1714867200,14.316,14.37,14.11,14.207,460834.18
1714881600,14.207,14.281,14.138,14.235,130979.12
1714896000,14.235,14.354,14.224,14.302,135720.41
1714910400,14.302,14.539,14.215,14.517,274849.43
1714924800,14.517,14.662,14.312,14.366,322541.05
1714939200,14.366,14.394,14.301,14.371,169800.22
1714953600,14.371,14.489,14.277,14.377,161812.04
1714968000,14.377,14.748,14.365,14.741,294632.53
1714982400,14.741,15.165,14.741,15.032,1088716.79
1714996800,15.032,15.072,14.466,14.685,1036333.28
1715011200,14.685,14.764,14.515,14.668,446822.02
1715025600,14.668,14.762,14.481,14.484,216330.35
1715040000,14.484,14.662,14.18,14.33,433510.55
1715054400,14.33,14.386,14.187,14.275,318373.52
1715068800,14.275,14.633,14.251,14.337,428555.8
1715083200,14.337,14.725,14.337,14.494,559338.75
1715097600,14.494,14.547,14.16,14.255,369527.34
1715112000,14.255,14.356,13.963,13.997,449629.6
1715126400,13.997,14.101,13.828,14.034,328124.26
1715140800,14.034,14.066,13.77,13.805,363987.09
1715155200,13.805,13.909,13.74,13.778,342532.54
1715169600,13.778,14.106,13.689,14.003,629200.24
1715184000,14.003,14.121,13.863,13.968,458747.66
1715198400,13.968,14.02,13.689,13.9,566154.67
1715212800,13.9,14.08,13.887,13.997,284529.3
1715227200,13.997,14.141,13.892,14.063,364463.1
1715241600,14.063,14.21,13.924,14.004,588202.76
1715256000,14.004,14.131,13.842,14.055,417088.71
1715270400,14.055,14.266,14.011,14.256,392583.53
1715284800,14.256,14.369,14.151,14.237,246162.7
1715299200,14.237,14.339,14.168,14.319,226387.56
1715313600,14.319,14.37,14.222,14.336,231883.48
1715328000,14.336,14.345,14.229,14.337,258995.18
1715342400,14.337,14.363,13.726,13.83,859795.99
1715356800,13.83,13.84,13.519,13.635,841087.62
1715371200,13.635,13.677,13.5,13.564,406659.01
1715385600,13.564,13.812,13.552,13.62,289908.12
1715400000,13.62,13.654,13.582,13.632,137886.12
1715414400,13.632,13.638,13.415,13.495,232297.17
1715428800,13.495,13.638,13.463,13.495,176839.3
1715443200,13.495,13.557,13.366,13.475,235309.6
1715457600,13.475,13.476,13.28,13.306,250683.45
1715472000,13.306,13.437,13.285,13.366,128474.51
1715486400,13.366,13.449,13.284,13.31,115965.65
1715500800,13.31,13.516,13.288,13.47,174271.32
1715515200,13.47,13.564,13.433,13.528,162624.28
1715529600,13.528,13.595,13.431,13.508,150177.4
1715544000,13.508,13.592,13.439,13.559,200491.54
1715558400,13.559,13.635,13.122,13.322,550031.16
1715572800,13.322,13.526,13.076,13.488,487449.35
1715587200,13.488,13.678,13.385,13.445,439957.65
1715601600,13.445,13.629,13.356,13.499,452093.71
1715616000,13.499,13.672,13.279,13.49,458347.16
1715630400,13.49,13.54,13.356,13.393,126968.69
1715644800,13.393,13.493,13.32,13.44,356341.27
1715659200,13.44,13.566,13.098,13.534,555281.46
1715673600,13.534,13.6,13.34,13.341,333816.68
1715688000,13.341,13.398,13.054,13.265,622430.59
1715702400,13.265,13.267,12.974,13.082,529890.96
1715716800,13.082,13.098,12.933,12.98,214673.92
1715731200,12.98,13.066,12.904,12.956,243067.28
1715745600,12.956,13.118,12.84,13.1,517169.11
1715760000,13.1,13.208,12.971,13.05,360908.36
1715774400,13.05,13.693,13.023,13.619,1078988.96
1715788800,13.619,13.893,13.575,13.875,406173.96
1715803200,13.875,13.938,13.744,13.865,320582.2
1715817600,13.865,14.008,13.797,13.973,334980.28
1715832000,13.973,14.063,13.921,13.968,322064.85
1715846400,13.968,14.023,13.765,13.873,490440.05
1715860800,13.873,13.88,13.537,13.77,424738.41
1715875200,13.77,15.1,13.719,14.999,2213307.52
1715889600,14.999,15.866,14.666,15.516,3626898.24
1715904000,15.516,16.099,15.478,15.916,1929171.45
1715918400,15.916,16.363,15.624,16.315,1877073.03
1715932800,16.315,16.7,16.187,16.521,1833212.3
1715947200,16.521,16.765,15.94,16.098,2055965.1
1715961600,16.098,16.506,15.976,16.19,1277486.78
1715976000,16.19,16.303,16.066,16.231,427699.65
1715990400,16.231,16.4,16.119,16.168,481421.84
1716004800,16.168,16.362,16.05,16.287,575918.85
1716019200,16.287,16.402,16.127,16.19,551111.38
1716033600,16.19,16.567,16.067,16.46,1002171.86
1716048000,16.46,16.468,16.233,16.283,400112.09
1716062400,16.283,16.368,16.154,16.329,317827.93
1716076800,16.329,16.529,16.305,16.461,432888.52
1716091200,16.461,16.75,16.323,16.678,690706.79
1716105600,16.678,16.88,16.429,16.646,910359.13
1716120000,16.646,16.999,16.3,16.973,1153144.17
1716134400,16.973,17.136,16.633,16.694,1196753.09
1716148800,16.694,16.73,16.327,16.56,583783.76
1716163200,16.56,17.041,16.362,16.929,954702.76
1716177600,16.929,17.218,16.645,16.698,964341.71
1716192000,16.698,16.831,16.586,16.711,591811.26
1716206400,16.711,16.711,16.37,16.489,809321.64
1716220800,16.489,17.156,16.365,17.067,1543221.71
1716235200,17.067,17.46,16.673,17.262,1714298.84
1716249600,17.262,17.439,16.861,16.947,1111840.35
1716264000,16.947,17.149,16.809,16.961,689897.12
1716278400,16.961,17.035,16.859,16.94,662923.18
1716292800,16.94,17.111,16.551,16.609,1294694.81
1716307200,16.609,16.868,16.51,16.667,983951.85
1716321600,16.667,16.789,16.58,16.739,713628.91
1716336000,16.739,16.929,16.719,16.884,492045.44
1716350400,16.884,16.884,16.47,16.698,582277.79
1716364800,16.698,16.924,16.565,16.567,419806.34
1716379200,16.567,16.648,16.174,16.555,1159953.11
1716393600,16.555,16.736,16.148,16.347,909225.22
1716408000,16.347,16.545,16.201,16.354,460760.28
1716422400,16.354,16.519,16.286,16.439,531555.45
1716436800,16.439,16.688,16.282,16.67,552023.7
1716451200,16.67,16.772,16.507,16.699,637073.9
1716465600,16.699,16.808,15.65,16.119,1766644.66
1716480000,16.119,16.32,15.857,15.948,755330.37
1716494400,15.948,16.684,15.442,16.596,1523635.15
1716508800,16.596,17.618,16.56,17.491,1382908.57
1716523200,17.491,17.612,16.716,16.89,1611367.37
1716537600,16.89,17.798,16.742,17.562,1801060.84
1716552000,17.562,17.781,17.149,17.204,1325597.88
1716566400,17.204,17.538,17.0,17.306,727651.13
1716580800,17.306,17.517,17.182,17.25,449606.26
1716595200,17.25,17.25,17.02,17.133,466298.63
1716609600,17.133,17.258,17.047,17.1,349296.41
1716624000,17.1,17.224,17.016,17.086,410477.73
1716638400,17.086,17.25,16.912,17.181,542954.29
1716652800,17.181,17.472,17.181,17.356,375755.84
1716667200,17.356,17.47,17.289,17.443,281482.77
1716681600,17.443,17.845,17.348,17.76,691735.16
1716696000,17.76,17.915,17.594,17.617,621868.4
1716710400,17.617,17.638,17.258,17.348,655862.29
1716724800,17.348,17.351,17.069,17.132,506658.6
1716739200,17.132,17.213,17.044,17.093,328019.61
1716753600,17.093,17.18,16.991,17.042,410576.59
1716768000,17.042,17.239,16.89,17.128,431321.63
1716782400,17.128,17.152,16.878,17.087,374657.75
1716796800,17.087,17.361,17.048,17.331,552970.6
1716811200,17.331,18.038,17.297,18.018,951703.14
1716825600,18.018,18.85,18.013,18.583,2343772.61
1716840000,18.583,18.867,18.548,18.786,984112.08
1716854400,18.786,18.838,18.031,18.114,1460817.44
1716868800,18.114,18.315,17.975,18.044,1095902.2
1716883200,18.044,18.332,18.012,18.235,819725.23
1716897600,18.235,18.282,17.847,18.175,972192.58
1716912000,18.175,18.565,17.979,18.5,855872.14
1716926400,18.5,18.596,18.417,18.528,399372.2
1716940800,18.528,18.59,18.255,18.316,427975.24
1716955200,18.316,18.559,18.288,18.288,446246.13
1716969600,18.288,18.79,18.036,18.709,837567.45
1716984000,18.709,19.22,18.671,18.88,1774554.58
1716998400,18.88,19.012,18.504,18.505,530986.67
1717012800,18.505,18.731,18.453,18.453,359891.13
1717027200,18.453,19.207,18.442,18.727,744731.37
1717041600,18.727,18.804,18.193,18.343,828150.97
1717056000,18.343,18.424,18.065,18.08,553859.33
1717070400,18.08,18.493,18.057,18.293,677376.94
1717084800,18.293,18.425,18.004,18.083,546260.89
1717099200,18.083,18.083,17.781,17.944,401720.49
1717113600,17.944,18.083,17.782,17.913,296945.38
1717128000,17.913,18.027,17.709,17.876,320117.84
1717142400,17.876,18.058,17.787,18.045,329252.91
1717156800,18.045,18.232,17.535,17.565,853742.77
1717171200,17.565,18.264,17.461,18.228,570489.46
1717185600,18.228,18.74,18.207,18.414,692713.7
1717200000,18.414,18.446,18.266,18.334,264049.49
1717214400,18.334,18.637,18.312,18.516,304350.7
1717228800,18.516,18.654,18.38,18.547,269624.64
1717243200,18.547,18.686,18.496,18.605,227109.11
1717257600,18.605,18.669,18.467,18.469,182782.95
1717272000,18.469,18.542,18.373,18.443,162993.78
1717286400,18.443,18.566,18.352,18.463,189260.43
1717300800,18.463,18.552,18.355,18.409,184744.76
1717315200,18.409,18.441,18.202,18.418,271175.89
1717329600,18.418,18.534,18.172,18.349,470041.44
1717344000,18.349,18.368,18.112,18.162,262230.46
1717358400,18.162,18.207,18.072,18.143,146382.08
1717372800,18.143,18.23,17.918,18.069,296626.32
1717387200,18.069,18.359,17.957,18.131,337065.27
1717401600,18.131,18.228,17.902,17.954,277461.66
1717416000,17.954,18.271,17.802,17.951,702815.6
1717430400,17.951,17.96,17.629,17.724,495236.73
1717444800,17.724,17.766,17.539,17.629,337077.42
1717459200,17.629,17.663,17.51,17.663,303160.99
1717473600,17.663,17.679,17.526,17.658,194746.8
1717488000,17.658,17.713,17.474,17.637,237648.02
1717502400,17.637,17.852,17.629,17.785,442100.48
1717516800,17.785,17.848,17.552,17.658,402038.04
1717531200,17.658,17.741,17.595,17.716,292854.76
1717545600,17.716,17.956,17.658,17.714,503174.01
1717560000,17.714,18.082,17.7,17.96,504936.32
1717574400,17.96,17.96,17.782,17.895,192844.66
1717588800,17.895,17.908,17.6,17.741,500169.21
1717603200,17.741,17.955,17.69,17.869,300125.39
1717617600,17.869,17.901,17.655,17.741,228255.44
1717632000,17.741,17.776,17.609,17.613,510561.37
1717646400,17.613,17.628,17.309,17.476,701942.73
1717660800,17.476,17.477,17.309,17.363,508667.7
1717675200,17.363,17.55,17.265,17.462,533170.36
1717689600,17.462,17.507,17.155,17.25,368505.01
1717704000,17.25,17.43,17.102,17.248,311013.87
1717718400,17.248,17.402,17.234,17.371,291099.62
1717732800,17.371,17.574,17.2,17.498,338590.2
1717747200,17.498,17.668,17.413,17.608,284434.09
1717761600,17.608,17.722,17.269,17.59,581170.73
1717776000,17.59,17.619,15.3,16.279,2312080.1
1717790400,16.279,16.384,16.216,16.318,385331.88
1717804800,16.318,16.343,16.2,16.298,291724.6
1717819200,16.298,16.421,16.281,16.323,213457.59
1717833600,16.323,16.324,15.855,15.872,437615.31
1717848000,15.872,16.02,15.688,15.926,499301.77
1717862400,15.926,15.969,15.682,15.805,295010.87
1717876800,15.805,15.976,15.717,15.928,178816.36
1717891200,15.928,16.081,15.907,16.036,202579.69
1717905600,16.036,16.071,15.901,16.02,176034.63
1717920000,16.02,16.107,15.971,16.005,141608.19
1717934400,16.005,16.108,15.947,16.0,202974.97
1717948800,16.0,16.185,15.991,16.179,190942.34
1717963200,16.179,16.383,16.125,16.372,185488.32
1717977600,16.372,16.39,16.104,16.131,218233.2
1717992000,16.131,16.2,15.792,15.822,341973.2
1718006400,15.822,16.086,15.8,15.987,251193.44
1718020800,15.987,16.25,15.76,16.172,451509.25
1718035200,16.172,16.204,15.84,15.885,306163.75
1718049600,15.885,15.93,15.778,15.905,206692.59
1718064000,15.905,15.913,15.33,15.712,696737.94
1718078400,15.712,15.751,15.354,15.504,516131.96
1718092800,15.504,15.617,15.39,15.423,348665.65
1718107200,15.423,15.497,14.784,14.881,1132236.33
1718121600,14.881,15.074,14.662,15.032,572147.38
1718136000,15.032,15.094,14.941,14.988,220296.62
1718150400,14.988,15.199,14.73,15.175,332252.92
1718164800,15.175,15.3,15.158,15.274,262751.66
1718179200,15.274,15.526,15.177,15.199,622255.52
1718193600,15.199,16.143,15.191,16.074,954033.87
1718208000,16.074,16.236,15.607,15.699,1006845.89
1718222400,15.699,16.065,15.634,16.006,356309.88
1718236800,16.006,16.05,15.352,15.521,513533.39
1718251200,15.521,15.65,15.487,15.524,217902.69
1718265600,15.524,15.541,15.249,15.308,306516.91
1718280000,15.308,15.612,15.081,15.104,689851.99
1718294400,15.104,15.477,15.052,15.35,371337.1
1718308800,15.35,15.4,15.067,15.141,208968.03
1718323200,15.141,15.45,15.102,15.277,394160.27
1718337600,15.277,15.444,15.277,15.345,229597.91
1718352000,15.345,15.448,15.278,15.424,260019.96
1718366400,15.424,15.462,15.151,15.198,371078.46
1718380800,15.198,15.213,14.482,14.514,1205451.52
1718395200,14.514,14.936,14.469,14.744,502149.18
1718409600,14.744,14.903,14.702,14.872,249592.4
1718424000,14.872,15.113,14.802,15.018,443986.77
1718438400,15.018,15.07,14.895,14.905,194634.88
1718452800,14.905,15.049,14.859,14.991,241300.62
1718467200,14.991,15.028,14.841,14.91,198512.41
1718481600,14.91,14.923,14.788,14.857,235272.68
1718496000,14.857,14.869,14.641,14.662,253296.9
1718510400,14.662,14.879,14.57,14.845,229653.64
1718524800,14.845,14.97,14.779,14.927,227041.93
1718539200,14.927,15.199,14.907,15.156,475711.03
1718553600,15.156,15.166,15.039,15.114,153412.15
1718568000,15.114,15.23,15.091,15.144,175134.35
1718582400,15.144,15.22,14.785,14.799,320330.35
1718596800,14.799,14.933,14.596,14.778,342227.41
1718611200,14.778,14.82,14.203,14.331,701938.0
1718625600,14.331,14.437,14.134,14.291,619211.28
1718640000,14.291,14.839,14.017,14.69,674376.97
1718654400,14.69,14.708,14.513,14.523,336581.09
1718668800,14.523,14.62,12.931,13.738,2118071.72
1718683200,13.738,13.828,13.613,13.726,501990.27
1718697600,13.726,13.825,13.438,13.643,443407.67
1718712000,13.643,13.717,13.152,13.578,1227475.45
1718726400,13.578,13.615,13.27,13.603,691614.07
1718740800,13.603,13.998,13.494,13.986,593259.21
1718755200,13.986,14.329,13.913,14.206,612537.75
1718769600,14.206,14.403,14.196,14.402,295850.11
1718784000,14.402,14.425,14.172,14.28,311295.41
1718798400,14.28,14.345,14.077,14.193,332588.64
1718812800,14.193,14.485,14.158,14.376,273721.75
1718827200,14.376,14.503,14.236,14.345,249695.97
1718841600,14.345,14.513,14.281,14.365,350699.62
1718856000,14.365,14.754,14.315,14.734,335126.29
1718870400,14.734,14.86,14.576,14.657,337847.14
1718884800,14.657,14.697,14.28,14.337,387841.54
1718899200,14.337,14.514,14.192,14.513,350368.02
1718913600,14.513,14.546,14.251,14.255,146647.98
1718928000,14.255,14.355,14.109,14.219,330132.57
1718942400,14.219,14.455,14.155,14.308,404839.05
1718956800,14.308,14.561,14.051,14.521,531964.44
1718971200,14.521,14.595,14.169,14.308,758656.5
1718985600,14.308,14.363,13.951,14.13,715727.34
1719000000,14.13,14.206,13.844,13.848,368567.16
1719014400,13.848,13.912,13.739,13.83,236708.38
1719028800,13.83,13.894,13.735,13.758,185257.11
1719043200,13.758,13.766,13.577,13.631,248395.08
1719057600,13.631,13.858,13.588,13.745,332839.75
1719072000,13.745,13.772,13.593,13.624,190745.41
1719086400,13.624,13.63,13.468,13.482,195611.26
1719100800,13.482,13.667,13.481,13.644,224462.02
1719115200,13.644,13.685,13.534,13.652,169471.46
1719129600,13.652,13.67,13.484,13.575,168450.07
1719144000,13.575,13.59,13.386,13.454,246307.13
1719158400,13.454,13.464,13.314,13.403,256743.73
1719172800,13.403,13.403,13.123,13.194,395105.87
1719187200,13.194,13.28,13.05,13.219,348452.0
1719201600,13.219,13.234,12.936,13.03,432447.0
1719216000,13.03,13.245,12.63,13.145,896122.95
1719230400,13.145,13.689,13.098,13.179,1082053.25
1719244800,13.179,13.364,13.091,13.144,579393.83
1719259200,13.144,13.643,13.0,13.617,437776.21
1719273600,13.617,14.107,13.571,13.999,650400.34
1719288000,13.999,14.141,13.862,13.881,402833.66
1719302400,13.881,14.128,13.827,13.929,308207.7
1719316800,13.929,14.158,13.834,14.098,358274.64
1719331200,14.098,14.236,14.028,14.191,271440.39
1719345600,14.191,14.291,14.112,14.198,172629.03
1719360000,14.198,14.287,14.092,14.207,228942.63
1719374400,14.207,14.293,14.109,14.234,193498.03
1719388800,14.234,14.259,13.977,14.019,266412.99
1719403200,14.019,14.054,13.861,13.951,380464.42
1719417600,13.951,14.09,13.857,14.081,250327.91
1719432000,14.081,14.115,13.902,13.915,153532.4
1719446400,13.915,13.93,13.767,13.83,233974.73
1719460800,13.83,13.883,13.585,13.668,345513.4
1719475200,13.668,13.933,13.668,13.867,245449.36
1719489600,13.867,14.247,13.857,14.091,828909.17
1719504000,14.091,14.63,14.029,14.372,753917.05
1719518400,14.372,14.436,14.284,14.433,208642.43
1719532800,14.433,14.52,14.268,14.393,235821.31
1719547200,14.393,14.414,14.118,14.208,326453.45
1719561600,14.208,14.393,14.145,14.348,203939.96
1719576000,14.348,14.6,14.266,14.369,551693.75
1719590400,14.369,14.426,13.974,14.089,581669.32
1719604800,14.089,14.124,13.757,13.778,311502.03
1719619200,13.778,14.167,13.751,14.09,286115.6
1719633600,14.09,14.122,13.949,13.965,252490.94
1719648000,13.965,13.975,13.797,13.863,282206.34
1719662400,13.863,13.877,13.5,13.681,309176.5
1719676800,13.681,13.714,13.55,13.653,175206.7
1719691200,13.653,13.699,13.481,13.543,180035.59
1719705600,13.543,13.613,13.452,13.53,192871.52
1719720000,13.53,13.716,13.451,13.673,264206.29
1719734400,13.673,13.751,13.548,13.55,267934.17
1719748800,13.55,13.7,13.521,13.698,291758.18
1719763200,13.698,14.018,13.629,14.005,314016.39
1719777600,14.005,14.35,13.961,14.281,314453.93
1719792000,14.281,14.437,14.24,14.292,345351.34
1719806400,14.292,14.422,14.273,14.386,206842.08
1719820800,14.386,14.475,14.282,14.41,354326.09
1719835200,14.41,14.484,14.22,14.387,362583.15
1719849600,14.387,14.536,14.355,14.468,241529.59
1719864000,14.468,14.579,14.302,14.338,244459.0
1719878400,14.338,14.479,14.245,14.451,261916.98
1719892800,14.451,14.701,14.397,14.556,635415.71
1719907200,14.556,14.754,14.505,14.645,391912.67
1719921600,14.645,14.687,14.35,14.494,348309.33
1719936000,14.494,14.598,14.379,14.531,278906.78
1719950400,14.531,14.59,14.406,14.415,235281.81
1719964800,14.415,14.518,14.097,14.19,493312.31
1719979200,14.19,14.596,14.107,14.401,419066.92
1719993600,14.401,14.574,14.146,14.362,529219.09
1720008000,14.362,14.583,14.063,14.389,650487.39
1720022400,14.389,14.485,13.7,13.74,861780.12
1720036800,13.74,13.812,13.5,13.589,589913.71
1720051200,13.589,13.739,13.0,13.269,1302333.91
1720065600,13.269,13.411,13.095,13.147,510780.31
1720080000,13.147,13.289,13.012,13.066,613051.54
1720094400,13.066,13.091,12.611,13.08,1032684.24
1720108800,13.08,13.147,12.936,12.946,557230.45
1720123200,12.946,13.149,12.512,12.538,591912.68
1720137600,12.538,12.549,11.1,11.333,3213971.44
1720152000,11.333,11.721,11.053,11.506,1552869.77
1720166400,11.506,12.025,11.135,11.989,1150287.63
1720180800,11.989,12.411,11.788,12.317,1109105.13
1720195200,12.317,12.459,12.163,12.373,741520.01
1720209600,12.373,12.386,12.251,12.311,306229.31
1720224000,12.311,12.61,12.187,12.314,366317.52
1720238400,12.314,12.575,12.231,12.495,260517.57
1720252800,12.495,12.578,12.331,12.547,287929.98
1720267200,12.547,12.763,12.432,12.691,231184.21
1720281600,12.691,13.127,12.666,13.078,457584.23
1720296000,13.078,13.283,13.036,13.18,283660.23
1720310400,13.18,13.195,12.977,13.051,225487.67
1720324800,13.051,13.061,12.654,12.777,326416.72
1720339200,12.777,12.967,12.758,12.837,205369.81
1720353600,12.837,12.936,12.421,12.528,409849.11
1720368000,12.528,12.771,12.486,12.608,179508.27
1720382400,12.608,12.682,12.289,12.352,312813.54
1720396800,12.352,12.42,11.772,12.267,694487.46
1720411200,12.267,12.747,12.229,12.594,361902.61
1720425600,12.594,13.526,12.571,13.484,954143.21
1720440000,13.484,13.525,12.65,12.815,1049789.18
1720454400,12.815,12.997,12.716,12.918,437131.13
1720468800,12.918,13.246,12.809,13.121,405517.11
1720483200,13.121,13.316,12.921,13.037,586922.29
1720497600,13.037,13.119,12.931,12.946,480429.92
1720512000,12.946,13.254,12.895,13.175,358164.18
1720526400,13.175,13.219,12.742,12.88,721134.89
1720540800,12.88,12.986,12.73,12.848,534039.15
1720555200,12.848,12.949,12.747,12.841,344809.86
1720569600,12.841,12.91,12.69,12.872,327205.82
1720584000,12.872,13.168,12.863,12.978,701280.4
1720598400,12.978,12.987,12.835,12.898,303078.31
1720612800,12.898,12.939,12.734,12.902,436962.64
1720627200,12.902,13.024,12.759,12.789,316977.34
1720641600,12.789,12.83,12.71,12.79,230840.02
1720656000,12.79,12.931,12.545,12.624,421409.58
1720670400,12.624,12.83,12.601,12.827,273913.19
1720684800,12.827,12.973,12.762,12.929,213890.4
1720699200,12.929,13.191,12.649,12.716,1064598.02
1720713600,12.716,12.856,12.558,12.558,411809.35
1720728000,12.558,12.562,12.291,12.347,527777.57
1720742400,12.347,12.57,12.228,12.478,474531.38
1720756800,12.478,12.523,12.359,12.447,243167.61
1720771200,12.447,12.477,12.28,12.406,852273.96
1720785600,12.406,12.729,12.378,12.675,796082.23
1720800000,12.675,12.829,12.586,12.688,452586.87
1720814400,12.688,12.742,12.553,12.74,328638.59
1720828800,12.74,12.87,12.7,12.812,333849.52
1720843200,12.812,13.025,12.754,13.023,322000.77
1720857600,13.023,13.096,12.907,13.017,243465.35
1720872000,13.017,13.065,12.925,13.043,220188.19
1720886400,13.043,13.113,12.937,13.062,331276.46
1720900800,13.062,13.136,12.878,13.021,392248.84
1720915200,13.021,13.133,12.889,12.963,302917.31
1720929600,12.963,13.157,12.958,13.098,865038.48
1720944000,13.098,13.27,13.073,13.107,801657.09
1720958400,13.107,13.28,12.987,13.271,241233.07
1720972800,13.271,13.348,13.201,13.248,153610.51
1720987200,13.248,13.527,13.228,13.448,385388.94
1721001600,13.448,13.836,13.405,13.802,568516.91
1721016000,13.802,13.887,13.642,13.828,446582.59
1721030400,13.828,13.899,13.728,13.773,352058.29
1721044800,13.773,13.975,13.763,13.876,451416.49
1721059200,13.876,14.178,13.83,14.123,623119.72
1721073600,14.123,14.511,14.119,14.394,732446.86
1721088000,14.394,14.505,14.266,14.422,494163.59
1721102400,14.422,14.47,13.914,13.956,659312.46
1721116800,13.956,14.142,13.814,14.086,439795.76
1721131200,14.086,14.496,13.927,14.438,642841.38
1721145600,14.438,14.622,14.242,14.342,714644.55
1721160000,14.342,14.347,14.092,14.206,421161.8
1721174400,14.206,14.504,14.189,14.303,434904.54
1721188800,14.303,14.412,14.255,14.371,253353.84
1721203200,14.371,14.485,14.209,14.319,386754.25
1721217600,14.319,14.477,14.123,14.129,612404.24
1721232000,14.129,14.156,13.785,13.973,566062.22
1721246400,13.973,13.994,13.73,13.737,379006.17
1721260800,13.737,14.003,13.737,13.876,317349.32
1721275200,13.876,13.97,13.713,13.837,304352.41
1721289600,13.837,13.9,13.635,13.803,517465.11
1721304000,13.803,13.965,13.524,13.534,536488.71
1721318400,13.534,13.69,13.414,13.556,428619.08
1721332800,13.556,13.672,13.505,13.593,343712.63
1721347200,13.593,13.668,13.335,13.644,362377.61
1721361600,13.644,13.746,13.493,13.568,319663.08
1721376000,13.568,13.651,13.37,13.428,391969.89
1721390400,13.428,13.897,13.404,13.879,602509.16
1721404800,13.879,14.139,13.874,14.134,607348.98
1721419200,14.134,14.139,13.994,14.076,324827.49
1721433600,14.076,14.107,13.859,14.031,290066.19
1721448000,14.031,14.225,14.003,14.105,265521.14
1721462400,14.105,14.146,13.903,13.91,192748.11
1721476800,13.91,14.102,13.849,14.094,214116.81
1721491200,14.094,14.294,14.034,14.217,365373.03
1721505600,14.217,14.333,14.182,14.247,219169.77
1721520000,14.247,14.337,14.148,14.168,155725.92
1721534400,14.168,14.197,13.944,13.972,204914.69
1721548800,13.972,14.361,13.969,14.21,374013.42
1721563200,14.21,14.717,14.17,14.447,737388.43
1721577600,14.447,14.777,13.98,14.531,903350.78
1721592000,14.531,15.196,14.5,14.816,1052125.87
1721606400,14.816,14.881,14.446,14.48,384844.33
1721620800,14.48,14.553,14.21,14.28,196031.05
1721635200,14.28,14.39,14.171,14.37,223359.55
1721649600,14.37,14.4,14.03,14.15,297123.35
1721664000,14.15,14.23,14.05,14.2,212296.96
1721678400,14.2,14.22,13.78,13.93,333764.65
1721692800,13.93,14.17,13.91,14.04,148372.39
1721707200,14.04,14.05,13.67,13.87,220770.18
1721721600,13.87,14.13,13.86,13.98,220384.56
1721736000,13.98,13.99,13.64,13.81,379261.32
1721750400,13.81,13.94,13.494,13.9,293330.36
1721764800,13.9,14.01,13.79,13.91,159824.16
1721779200,13.91,13.93,13.77,13.87,108748.25
1721793600,13.87,13.87,13.69,13.86,233027.72
1721808000,13.86,13.89,13.73,13.87,179669.19
1721822400,13.87,13.96,13.72,13.74,187550.39
1721836800,13.74,13.88,13.56,13.58,167626.2
1721851200,13.58,13.64,13.25,13.4,379408.71
1721865600,13.4,13.45,12.8,12.97,559542.02
1721880000,12.97,13.15,12.9,13.02,197715.99
1721894400,13.02,13.07,12.88,12.95,226441.75
1721908800,12.95,13.03,12.71,12.83,280224.28
1721923200,12.83,12.91,12.51,12.63,327137.05
1721937600,12.63,12.98,12.47,12.94,294334.99
1721952000,12.94,13.31,12.91,13.24,299815.61
1721966400,13.24,13.51,13.22,13.4,186851.94
1721980800,13.4,13.48,13.27,13.33,200427.42
1721995200,13.33,13.57,13.27,13.52,278218.31
1722009600,13.52,13.64,13.48,13.58,129237.94
1722024000,13.58,13.59,13.48,13.53,80035.81
1722038400,13.53,13.6,13.39,13.53,209278.24
1722052800,13.53,13.69,13.53,13.64,93598.8
1722067200,13.64,13.7,13.56,13.65,422213.56
1722081600,13.65,13.88,13.52,13.62,227350.85
1722096000,13.62,13.66,13.36,13.52,217891.2
1722110400,13.52,13.74,13.26,13.54,290100.91
1722124800,13.54,13.59,13.43,13.44,113096.95
1722139200,13.44,13.5,13.3,13.44,130938.9
1722153600,13.44,13.64,13.39,13.59,85749.16
1722168000,13.59,13.65,13.4,13.42,108366.26
1722182400,13.42,13.5,13.34,13.35,161145.22
1722196800,13.35,13.36,13.19,13.3,106143.53
1722211200,13.3,13.8,13.3,13.71,337340.05
1722225600,13.71,13.9,13.66,13.89,199797.03
1722240000,13.89,13.91,13.76,13.82,176900.89
1722254400,13.82,13.85,13.47,13.56,395636.39
1722268800,13.56,13.65,13.37,13.59,320983.74
1722283200,13.59,13.68,13.49,13.53,93958.65
1722297600,13.53,13.78,13.41,13.76,233205.23
1722312000,13.76,13.8,13.61,13.69,114294.78
1722326400,13.69,13.73,13.49,13.53,216999.76
1722340800,13.53,13.68,13.43,13.55,200129.29
1722355200,13.55,13.57,13.07,13.14,275316.69
1722369600,13.14,13.24,12.98,13.14,322551.1
1722384000,13.14,13.32,13.07,13.26,170384.8
1722398400,13.26,13.42,13.09,13.31,284730.69
1722412800,13.31,13.32,13.1,13.15,208287.35
1722427200,13.15,13.27,13.05,13.07,228931.65
1722441600,13.07,13.15,12.82,12.92,351374.46
1722456000,12.92,12.99,12.768,12.83,254091.21
1722470400,12.83,12.94,12.77,12.81,272637.25
1722484800,12.81,12.9,12.63,12.83,246057.81
1722499200,12.83,13.06,12.82,13.03,137781.55
1722513600,13.03,13.1,12.5,12.51,388731.73
1722528000,12.51,12.53,12.12,12.43,572601.63
1722542400,12.43,12.97,12.33,12.88,252775.74
1722556800,12.88,12.96,12.58,12.78,201680.66
1722571200,12.78,12.81,12.38,12.49,582655.35
1722585600,12.49,12.6,12.4,12.52,237064.07
1722600000,12.52,12.67,11.79,12.1,836567.31
1722614400,12.1,12.11,11.76,11.9,426107.8
1722628800,11.9,12.06,11.79,11.93,374195.72
1722643200,11.93,11.98,11.605,11.96,358440.74
1722657600,11.96,12.1,11.93,12.06,124914.46
1722672000,12.06,12.11,11.95,12.04,109412.96
1722686400,12.04,12.14,11.78,11.82,237211.43
1722700800,11.82,11.85,11.38,11.4,667038.75
1722715200,11.4,11.78,11.34,11.68,250982.35
1722729600,11.68,11.79,11.58,11.74,120205.97
1722744000,11.74,11.78,11.56,11.58,127777.39
1722758400,11.58,11.66,11.5,11.57,146506.67
1722772800,11.57,11.64,11.0,11.02,487050.73
1722787200,11.02,11.14,10.48,11.08,1081639.54
1722801600,11.08,11.21,10.79,10.88,494559.96
1722816000,10.88,10.97,9.08,9.32,4215459.04
1722830400,9.32,9.43,8.08,9.05,5044019.98
1722844800,9.05,9.08,8.12,8.47,2265042.96
1722859200,8.47,9.54,8.11,9.44,3475687.88
1722873600,9.44,9.78,9.17,9.32,1541907.39
1722888000,9.32,9.7,9.31,9.49,664663.47
1722902400,9.49,10.19,9.47,9.95,828315.75
1722916800,9.95,10.15,9.89,10.11,569035.8
1722931200,10.11,10.12,9.81,9.99,539140.92
1722945600,9.99,10.7,9.76,10.38,976313.78
1722960000,10.38,10.46,10.04,10.12,559752.75
1722974400,10.12,10.27,10.01,10.07,325269.71
1722988800,10.07,10.42,9.96,10.32,313630.47
1723003200,10.32,10.49,10.25,10.34,333319.26
1723017600,10.34,10.45,10.12,10.14,277876.21
1723032000,10.14,10.22,9.64,9.82,725425.77
1723046400,9.82,9.83,9.51,9.6,591056.18
1723060800,9.6,9.7,9.39,9.48,675309.16
1723075200,9.48,10.05,9.34,9.96,612548.59
1723089600,9.96,10.06,9.9,9.91,284160.74
1723104000,9.91,10.08,9.89,10.03,263382.7
1723118400,10.03,10.32,9.91,10.2,661668.0
1723132800,10.2,10.46,10.18,10.32,430919.49
1723147200,10.32,10.84,10.3,10.75,511648.03
1723161600,10.75,10.75,10.54,10.6,312950.1
1723176000,10.6,10.62,10.42,10.56,211884.22
1723190400,10.56,10.61,10.36,10.43,284458.94
1723204800,10.43,10.53,10.16,10.18,481064.2
1723219200,10.18,10.47,10.16,10.43,246245.04
1723233600,10.43,10.56,10.35,10.53,207639.08
1723248000,10.53,10.68,10.48,10.54,288114.13
1723262400,10.54,10.68,10.47,10.64,113393.13
1723276800,10.64,10.71,10.56,10.67,136063.78
1723291200,10.67,10.68,10.54,10.58,226553.08
1723305600,10.58,10.62,10.53,10.58,141933.3
1723320000,10.58,10.62,10.51,10.55,65258.68
1723334400,10.55,10.75,10.53,10.66,126600.2
1723348800,10.66,10.74,10.6,10.73,165834.76
1723363200,10.73,10.84,10.53,10.57,293711.72
1723377600,10.57,10.6,10.32,10.4,311087.57
1723392000,10.4,10.47,10.2,10.2,246505.28
1723406400,10.2,10.21,9.94,10.0,403622.16
1723420800,10.0,10.12,9.94,10.07,325423.11
1723435200,10.07,10.27,9.94,10.24,318286.48
1723449600,10.24,10.68,10.2,10.64,433320.63
1723464000,10.64,10.75,10.14,10.59,895742.81
1723478400,10.59,10.65,10.26,10.37,368657.76
1723492800,10.37,10.62,10.32,10.56,230972.32
1723507200,10.56,10.59,10.29,10.32,264380.54
1723521600,10.32,10.39,10.26,10.27,203623.38
1723536000,10.27,10.31,10.09,10.23,277555.06
1723550400,10.23,10.48,10.2,10.31,451796.25
1723564800,10.31,10.67,10.29,10.6,436409.04
1723579200,10.6,10.69,10.54,10.58,319387.51
1723593600,10.58,10.66,10.51,10.59,184795.89
1723608000,10.59,10.7,10.55,10.61,174420.92
1723622400,10.61,10.71,10.52,10.6,346732.65
1723636800,10.6,10.74,10.21,10.47,544574.61
1723651200,10.47,10.48,10.31,10.38,202612.87
1723665600,10.38,10.44,10.27,10.39,152950.84
1723680000,10.39,10.48,10.35,10.47,250825.95
1723694400,10.47,10.5,10.26,10.34,254429.74
1723708800,10.34,10.48,10.31,10.45,233118.83
1723723200,10.45,10.69,10.41,10.64,398571.86
1723737600,10.64,10.69,10.01,10.08,604342.15
1723752000,10.08,10.21,9.98,10.17,324686.49
1723766400,10.17,10.31,10.08,10.18,170718.8
1723780800,10.18,10.4,10.15,10.32,119698.01
1723795200,10.32,10.35,10.16,10.18,143409.61
1723809600,10.18,10.28,9.91,10.02,492998.01
1723824000,10.02,10.24,9.97,10.21,337255.13
1723838400,10.21,10.26,10.12,10.12,148787.42
1723852800,10.12,10.16,10.04,10.09,120499.32
1723867200,10.09,10.11,10.04,10.09,78769.5
1723881600,10.09,10.14,10.03,10.06,104963.77
1723896000,10.06,10.18,10.05,10.1,160316.32
1723910400,10.1,10.18,10.07,10.13,105468.8
1723924800,10.13,10.17,10.09,10.16,90287.33
1723939200,10.16,10.23,10.07,10.09,126648.93
1723953600,10.09,10.11,10.06,10.07,107459.74
1723968000,10.07,10.26,10.06,10.24,182200.8
1723982400,10.24,10.45,10.2,10.38,453118.23
1723996800,10.38,10.48,10.28,10.35,267954.21
1724011200,10.35,10.38,10.07,10.09,157516.44
1724025600,10.09,10.2,10.01,10.17,244017.38
1724040000,10.17,10.18,10.08,10.1,135708.1
1724054400,10.1,10.16,9.94,10.05,295996.46
1724068800,10.05,10.13,9.95,10.03,378578.4
1724083200,10.03,10.18,9.95,10.09,240204.77
1724097600,10.09,10.2,10.07,10.19,151693.18
1724112000,10.19,10.42,10.16,10.41,376636.74
1724126400,10.41,10.55,10.38,10.51,268686.14
1724140800,10.51,10.52,10.37,10.4,210835.68
1724155200,10.4,10.47,10.04,10.11,383712.3
1724169600,10.11,10.29,10.08,10.27,195450.88
1724184000,10.27,10.32,10.18,10.23,149073.28
1724198400,10.23,10.41,10.21,10.37,166785.24
1724212800,10.37,10.46,10.33,10.42,120955.18
1724227200,10.42,10.46,10.26,10.3,172525.39
1724241600,10.3,10.46,10.14,10.41,429526.85
1724256000,10.41,11.14,10.37,11.13,843129.06
1724270400,11.13,11.4,11.08,11.22,870989.5
1724284800,11.22,11.41,11.14,11.39,746517.37
1724299200,11.39,11.43,11.27,11.34,270028.86
1724313600,11.34,11.4,11.26,11.33,284721.97
1724328000,11.33,11.57,11.28,11.46,502587.3
1724342400,11.46,11.62,11.31,11.32,377262.1
1724356800,11.32,11.48,11.31,11.48,191574.42
1724371200,11.48,11.6,11.45,11.56,200109.53
1724385600,11.56,11.69,11.52,11.64,449741.69
1724400000,11.64,11.74,11.5,11.51,298244.16
1724414400,11.51,11.82,11.45,11.67,668420.48
1724428800,11.67,12.0,11.63,11.95,526964.56
1724443200,11.95,12.21,11.94,12.05,368361.22
1724457600,12.05,12.09,11.95,11.96,246437.71
1724472000,11.96,12.03,11.9,11.97,190892.29
1724486400,11.97,12.16,11.93,12.05,299758.01
1724500800,12.05,12.25,12.03,12.23,275418.3
1724515200,12.23,12.56,12.17,12.42,545524.53
1724529600,12.42,12.53,12.17,12.35,332887.13
1724544000,12.35,12.39,11.99,12.14,374879.71
1724558400,12.14,12.2,11.94,12.06,343412.43
1724572800,12.06,12.18,11.99,12.1,263961.87
1724587200,12.1,12.32,12.08,12.2,281933.12
1724601600,12.2,12.3,12.08,12.13,203712.0
1724616000,12.13,12.31,12.08,12.1,212358.99
1724630400,12.1,12.19,11.94,12.11,237281.53
1724644800,12.11,12.45,12.1,12.37,522275.65
1724659200,12.37,12.7,12.27,12.34,818987.68
1724673600,12.34,12.38,12.08,12.19,461611.81
1724688000,12.19,12.25,11.89,11.99,453500.11
1724702400,11.99,12.08,11.83,11.83,232592.48
1724716800,11.83,11.96,11.81,11.87,211006.24
1724731200,11.87,12.06,11.75,11.82,471201.71
1724745600,11.82,11.86,11.6,11.63,369036.76
1724760000,11.63,11.7,11.49,11.52,399034.12
1724774400,11.52,11.7,11.46,11.62,266352.5
1724788800,11.62,11.63,10.9,11.16,796228.47
1724803200,11.16,11.2,10.98,11.19,407786.82
1724817600,11.19,11.22,10.97,10.99,259846.53
1724832000,10.99,11.55,10.93,11.51,434033.42
1724846400,11.51,11.71,11.2,11.3,549031.0
1724860800,11.3,11.49,11.03,11.22,500100.04
1724875200,11.22,11.42,11.1,11.17,240653.25
1724889600,11.17,11.24,11.12,11.21,228008.02
1724904000,11.21,11.31,11.15,11.24,140891.27
1724918400,11.24,11.33,11.15,11.25,191612.15
1724932800,11.25,11.47,11.23,11.35,265363.84
1724947200,11.35,11.38,10.85,10.96,474077.42
1724961600,10.96,11.01,10.81,10.94,188184.65
1724976000,10.94,11.03,10.9,11.02,211138.32
1724990400,11.02,11.14,10.95,11.11,153436.77
1725004800,11.11,11.2,11.02,11.03,159719.81
1725019200,11.03,11.17,10.51,10.54,550427.75
1725033600,10.54,11.11,10.5,11.0,367917.74
1725048000,11.0,11.14,10.96,11.11,163267.88
1725062400,11.11,11.18,11.07,11.11,125490.37
1725076800,11.11,11.18,11.09,11.12,87331.38
1725091200,11.12,11.2,11.03,11.15,159002.15
1725105600,11.15,11.21,11.03,11.09,131788.48
1725120000,11.09,11.11,10.93,11.03,177944.94
1725134400,11.03,11.1,10.99,11.02,81280.69
1725148800,11.02,11.02,10.83,10.94,165212.69
1725163200,10.94,10.97,10.78,10.88,186669.68
1725177600,10.88,10.9,10.7,10.81,165189.02
1725192000,10.81,10.82,10.52,10.7,348491.28
1725206400,10.7,10.77,10.52,10.71,256620.72
1725220800,10.71,10.77,10.23,10.37,386833.01
1725235200,10.37,10.51,10.32,10.48,190812.54
1725249600,10.48,10.52,10.33,10.38,171340.48
1725264000,10.38,10.79,10.37,10.74,295541.6
1725278400,10.74,10.79,10.59,10.66,308048.74
1725292800,10.66,10.71,10.55,10.66,190022.86
1725307200,10.66,10.84,10.64,10.77,159313.35
1725321600,10.77,10.88,10.69,10.7,158383.22
1725336000,10.7,10.73,10.61,10.69,174493.44
1725350400,10.69,10.71,10.54,10.67,186015.58
1725364800,10.67,10.74,10.27,10.3,439936.79
1725379200,10.3,10.51,10.21,10.5,389523.58
1725393600,10.5,10.52,10.29,10.31,248381.63
1725408000,10.31,10.39,9.82,10.25,697334.65
1725422400,10.25,10.41,10.17,10.26,312608.0
1725436800,10.26,10.3,10.09,10.12,241012.14
1725451200,10.12,10.41,10.06,10.4,561812.48
1725465600,10.4,10.5,10.27,10.32,324363.34
1725480000,10.32,10.43,10.28,10.34,137412.75
1725494400,10.34,10.4,10.15,10.17,196883.68
1725508800,10.17,10.31,10.11,10.27,139445.07
1725523200,10.27,10.29,10.14,10.17,127270.08
1725537600,10.17,10.25,9.94,10.01,449632.27
1725552000,10.01,10.11,9.91,9.96,197250.42
1725566400,9.96,10.04,9.94,10.03,123919.29
1725580800,10.03,10.18,9.95,10.11,232035.11
1725595200,10.11,10.12,9.81,9.92,248738.51
1725609600,9.92,9.98,9.88,9.91,189966.38
1725624000,9.91,10.1,9.57,9.69,882087.9
1725638400,9.69,9.69,9.46,9.52,632015.61
1725652800,9.52,9.6,9.28,9.57,541977.37
1725667200,9.57,9.69,9.56,9.66,152801.39
1725681600,9.66,10.03,9.65,9.95,380745.99
1725696000,9.95,10.02,9.87,10.0,227990.44
1725710400,10.0,10.16,9.99,10.12,196275.4
1725724800,10.12,10.14,9.99,10.05,242781.19
1725739200,10.05,10.06,9.93,10.03,142555.64
1725753600,10.03,10.15,9.97,10.14,153421.75
1725768000,10.14,10.31,10.14,10.29,260858.42
1725782400,10.29,10.38,10.25,10.27,261322.45
1725796800,10.27,10.31,10.16,10.17,300629.39
1725811200,10.17,10.3,10.12,10.23,157711.15
1725825600,10.23,10.46,10.21,10.35,216410.42
1725840000,10.35,10.46,10.27,10.36,247811.31
1725854400,10.36,10.69,10.28,10.62,394009.3
1725868800,10.62,10.83,10.49,10.51,577365.08
1725883200,10.51,10.53,10.29,10.38,442647.18
1725897600,10.38,10.63,10.38,10.63,534853.64
1725912000,10.63,10.74,10.52,10.53,339803.23
1725926400,10.53,10.55,10.34,10.36,189626.74
1725940800,10.36,10.56,10.33,10.53,298592.37
1725955200,10.53,10.58,10.42,10.54,189824.98
1725969600,10.54,10.59,10.4,10.47,295112.92
1725984000,10.47,10.74,10.45,10.65,342968.99
1725998400,10.65,10.68,10.56,10.58,158378.71
1726012800,10.58,10.6,10.35,10.44,224075.7
1726027200,10.44,10.49,10.31,10.48,170364.36
1726041600,10.48,10.5,10.3,10.36,242783.77
1726056000,10.36,10.51,10.17,10.35,507716.35
1726070400,10.35,10.5,10.33,10.44,266789.72
1726084800,10.44,10.46,10.38,10.4,115948.87
1726099200,10.4,10.62,10.39,10.52,258101.49
1726113600,10.52,10.61,10.5,10.57,164180.35
1726128000,10.57,10.66,10.56,10.64,180755.96
1726142400,10.64,10.72,10.53,10.55,371001.72
1726156800,10.55,10.77,10.54,10.74,252854.81
1726171200,10.74,10.81,10.66,10.78,219904.51
1726185600,10.78,10.87,10.73,10.74,210008.69
1726200000,10.74,10.77,10.64,10.71,159236.68
1726214400,10.71,11.01,10.69,10.93,481892.91
1726228800,10.93,11.36,10.92,11.31,1165259.4
1726243200,11.31,11.4,11.25,11.35,510928.6
1726257600,11.35,11.56,11.34,11.45,429617.37
1726272000,11.45,11.48,11.39,11.4,208387.2
1726286400,11.4,11.41,11.32,11.4,164967.89
1726300800,11.4,11.43,11.23,11.26,235900.45
1726315200,11.26,11.38,11.25,11.38,149583.69
1726329600,11.38,11.42,11.21,11.3,257665.32
1726344000,11.3,11.35,11.26,11.29,129386.77
1726358400,11.29,11.36,11.28,11.32,145718.75
1726372800,11.32,11.34,11.25,11.27,96744.88
1726387200,11.27,11.27,11.14,11.16,195305.82
1726401600,11.16,11.28,11.13,11.23,202311.16
1726416000,11.23,11.23,11.07,11.09,238362.54
1726430400,11.09,11.1,10.79,10.81,350490.42
1726444800,10.81,10.81,10.48,10.66,429738.73
1726459200,10.66,10.75,10.59,10.72,212525.74
1726473600,10.72,10.83,10.58,10.67,290379.47
1726488000,10.67,10.69,10.45,10.55,381185.02
1726502400,10.55,10.58,10.41,10.54,403409.4
1726516800,10.54,10.59,10.43,10.54,174696.78
1726531200,10.54,10.58,10.43,10.52,192161.7
1726545600,10.52,10.65,10.51,10.62,165440.23
1726560000,10.62,10.7,10.58,10.6,217380.08
1726574400,10.6,10.92,10.51,10.86,645630.39
1726588800,10.86,10.88,10.59,10.67,355237.32
1726603200,10.67,10.74,10.56,10.63,236926.63
1726617600,10.63,10.68,10.51,10.65,220435.33
1726632000,10.65,10.66,10.54,10.6,192939.83
1726646400,10.6,10.6,10.33,10.45,309030.1
1726660800,10.45,10.51,10.29,10.32,358586.76
1726675200,10.32,10.75,10.29,10.56,594301.96
1726689600,10.56,10.9,10.44,10.89,305025.07
1726704000,10.89,11.14,10.89,11.0,659970.45
1726718400,11.0,11.16,10.96,11.15,461214.81
1726732800,11.15,11.28,11.11,11.27,443153.24
1726747200,11.27,11.35,11.17,11.22,503350.61
1726761600,11.22,11.4,11.21,11.23,454550.39
1726776000,11.23,11.27,11.17,11.21,316033.51
1726790400,11.21,11.43,11.12,11.43,472578.8
1726804800,11.43,11.73,11.42,11.7,704515.57
1726819200,11.7,11.74,11.55,11.61,396308.67
1726833600,11.61,11.69,11.44,11.53,569057.58
1726848000,11.53,11.56,11.36,11.43,337015.75
1726862400,11.43,11.5,11.39,11.44,232075.78
1726876800,11.44,11.49,11.26,11.27,320611.8
1726891200,11.27,11.37,11.21,11.36,227887.31
1726905600,11.36,11.39,11.3,11.35,128963.67
1726920000,11.35,11.49,11.32,11.39,239392.58
1726934400,11.39,11.44,11.32,11.36,250881.2
1726948800,11.36,11.55,11.33,11.5,153924.18
1726963200,11.5,11.55,11.31,11.37,225647.94
1726977600,11.37,11.43,11.27,11.31,221389.54
1726992000,11.31,11.33,11.15,11.22,211969.2
1727006400,11.22,11.26,11.02,11.03,258752.55
1727020800,11.03,11.17,10.95,11.07,305498.97
1727035200,11.07,11.21,10.84,11.13,371291.89
1727049600,11.13,11.49,10.92,11.42,461319.16
1727064000,11.42,11.48,11.28,11.32,305638.18
1727078400,11.32,11.48,11.28,11.44,272259.6
1727092800,11.44,11.59,11.33,11.5,504197.0
1727107200,11.5,11.61,11.37,11.43,399143.05
1727121600,11.43,11.48,11.36,11.39,307713.72
1727136000,11.39,11.43,11.2,11.29,459193.58
1727150400,11.29,11.49,11.21,11.48,229307.67
1727164800,11.48,11.55,11.43,11.5,344634.86
1727179200,11.5,11.63,11.32,11.52,595471.53
1727193600,11.52,11.87,11.47,11.85,503878.72
1727208000,11.85,12.23,11.82,12.15,721672.85
1727222400,12.15,12.29,12.1,12.29,405201.59
1727236800,12.29,12.29,12.07,12.19,369171.81
1727251200,12.19,12.38,12.18,12.31,388353.81
1727265600,12.31,12.5,12.26,12.36,499503.59
1727280000,12.36,12.56,12.12,12.13,604283.1
1727294400,12.13,12.25,12.06,12.11,338765.61
1727308800,12.11,12.15,11.87,12.07,452606.37
1727323200,12.07,12.28,11.99,12.26,407850.44
1727337600,12.26,12.35,12.12,12.3,343980.8
1727352000,12.3,12.65,12.2,12.59,972432.97
1727366400,12.59,12.75,12.51,12.62,566058.65
1727380800,12.62,12.67,12.42,12.56,368567.1
1727395200,12.56,12.64,12.44,12.63,388022.15
1727409600,12.63,12.88,12.61,12.75,627950.54
1727424000,12.75,12.84,12.57,12.72,394408.63
1727438400,12.72,12.82,12.62,12.71,649321.22
1727452800,12.71,12.88,12.62,12.69,508622.99
1727467200,12.69,12.76,12.6,12.67,236420.07
1727481600,12.67,12.87,12.65,12.75,466043.62
1727496000,12.75,12.81,12.56,12.57,342440.0
1727510400,12.57,12.71,12.36,12.69,419493.98
1727524800,12.69,12.94,12.58,12.84,469399.38
1727539200,12.84,12.97,12.73,12.91,272282.46
1727553600,12.91,12.98,12.72,12.95,217798.67
1727568000,12.95,12.98,12.67,12.74,267669.56
1727582400,12.74,12.76,12.51,12.53,316911.15
1727596800,12.53,12.64,12.49,12.6,145525.67
1727611200,12.6,12.63,12.47,12.6,238690.52
1727625600,12.6,12.69,12.5,12.67,207253.05
1727640000,12.67,12.73,12.43,12.46,307981.17
1727654400,12.46,12.48,12.13,12.27,472274.33
1727668800,12.27,12.35,12.18,12.27,200602.63
1727683200,12.27,12.28,11.99,12.09,440712.71
1727697600,12.09,12.2,11.92,11.93,367363.95
1727712000,11.93,12.02,11.89,11.97,262404.39
1727726400,11.97,12.05,11.75,11.85,311649.12
1727740800,11.85,12.14,11.78,12.1,313655.15
1727755200,12.1,12.26,12.09,12.21,252069.76
1727769600,12.21,12.24,12.13,12.16,204204.32
1727784000,12.16,12.18,11.17,11.43,1395810.32
1727798400,11.43,11.48,10.84,11.04,1459592.78
1727812800,11.04,11.11,10.89,11.01,524055.37
1727827200,11.01,11.25,10.97,11.22,345811.17
1727841600,11.22,11.31,11.13,11.25,214137.79
1727856000,11.25,11.27,10.98,11.07,349541.09
1727870400,11.07,11.08,10.78,10.93,717066.99
1727884800,10.93,11.05,10.45,10.6,1056307.07
1727899200,10.6,10.69,10.45,10.66,452739.32
1727913600,10.66,10.85,10.59,10.85,378283.15
1727928000,10.85,10.87,10.61,10.63,294693.76
1727942400,10.63,10.69,10.34,10.53,593788.08
1727956800,10.53,10.65,10.34,10.54,743279.47
1727971200,10.54,10.66,10.38,10.66,400495.91
1727985600,10.66,10.69,10.54,10.66,199005.45
1728000000,10.66,10.8,10.59,10.74,255673.92
1728014400,10.74,11.0,10.74,10.97,318941.45
1728028800,10.97,11.07,10.92,10.99,358486.35
1728043200,10.99,11.17,10.89,11.17,627315.98
1728057600,11.17,11.25,11.07,11.13,406085.49
1728072000,11.13,11.15,11.03,11.08,214117.32
1728086400,11.08,11.16,10.98,11.04,252564.48
1728100800,11.04,11.25,11.03,11.21,230960.94
1728115200,11.21,11.38,11.21,11.3,151082.49
1728129600,11.3,11.38,11.23,11.35,170091.64
1728144000,11.35,11.36,11.15,11.16,252187.79
1728158400,11.16,11.28,11.07,11.27,149612.98
1728172800,11.27,11.32,11.19,11.27,156992.69
1728187200,11.27,11.4,11.23,11.32,189021.64
1728201600,11.32,11.35,11.22,11.26,148848.35
1728216000,11.26,11.38,11.19,11.31,359770.97
1728230400,11.31,11.37,11.19,11.2,323642.66
1728244800,11.2,11.32,11.16,11.27,260378.58
1728259200,11.27,11.62,11.21,11.61,545749.69
1728273600,11.61,11.67,11.52,11.55,319807.92
1728288000,11.55,11.6,11.24,11.43,431506.47
1728302400,11.43,11.76,11.33,11.52,607734.22
1728316800,11.52,11.6,11.21,11.35,552514.88
1728331200,11.35,11.38,11.12,11.16,446362.45
1728345600,11.16,11.29,11.15,11.22,308609.23
1728360000,11.22,11.25,10.96,11.02,476099.23
1728374400,11.02,11.18,10.98,11.18,279830.19
1728388800,11.18,11.2,10.86,10.94,659886.28
1728403200,10.94,11.05,10.82,10.9,486485.36
1728417600,10.9,10.98,10.78,10.82,300864.81
1728432000,10.82,10.97,10.75,10.87,431352.42
1728446400,10.87,10.92,10.76,10.79,391573.12
1728460800,10.79,10.81,10.66,10.67,306442.0
1728475200,10.67,10.75,10.55,10.72,603576.54
1728489600,10.72,10.73,10.55,10.61,418649.44
1728504000,10.61,10.61,10.41,10.53,420560.79
1728518400,10.53,10.64,10.5,10.64,213196.14
1728532800,10.64,10.75,10.6,10.63,396367.16
1728547200,10.63,10.68,10.5,10.65,265581.15
1728561600,10.65,10.67,10.39,10.63,550166.82
1728576000,10.63,10.67,10.25,10.47,658366.83
1728590400,10.47,10.57,10.41,10.56,228299.66
1728604800,10.56,10.66,10.5,10.63,190033.41
1728619200,10.63,10.69,10.59,10.66,201159.86
1728633600,10.66,10.75,10.65,10.68,219948.07
1728648000,10.68,10.89,10.62,10.86,620281.26
1728662400,10.86,11.0,10.84,10.96,325572.74
1728676800,10.96,11.03,10.88,10.91,172535.49
1728691200,10.91,11.02,10.83,10.86,187932.08
1728705600,10.86,10.99,10.86,10.98,159701.91
1728720000,10.98,11.13,10.96,11.06,295113.84
1728734400,11.06,11.15,11.02,11.09,327747.64
1728748800,11.09,11.15,10.99,11.02,216046.5
1728763200,11.02,11.1,10.99,11.01,222644.31
1728777600,11.01,11.05,10.93,10.95,238992.06
1728792000,10.95,11.08,10.94,10.98,143502.57
1728806400,10.98,11.04,10.88,10.89,197977.39
1728820800,10.89,10.96,10.63,10.68,362130.71
1728835200,10.68,10.78,10.62,10.71,278888.97
1728849600,10.71,10.84,10.68,10.75,243852.82
1728864000,10.75,11.05,10.6,11.02,585569.34
1728878400,11.02,11.05,10.85,11.03,470205.76
1728892800,11.03,11.06,10.89,11.01,377699.55
1728907200,11.01,11.29,10.97,11.26,737948.84
1728921600,11.26,11.33,11.17,11.23,337189.07
1728936000,11.23,11.35,11.18,11.28,261566.73
1728950400,11.28,11.54,11.25,11.46,692750.76
1728964800,11.46,11.59,11.35,11.5,523753.82
1728979200,11.5,11.6,11.33,11.38,657578.46
1728993600,11.38,11.7,10.93,11.14,2040718.39
1729008000,11.14,11.43,11.11,11.3,547540.8
1729022400,11.3,11.46,11.11,11.45,343859.42
1729036800,11.45,11.47,11.25,11.29,281349.29
1729051200,11.29,11.35,11.15,11.18,270802.53
1729065600,11.18,11.54,11.16,11.45,437384.65
1729080000,11.45,11.53,11.1,11.16,668234.9
1729094400,11.16,11.24,11.06,11.14,328262.85
1729108800,11.14,11.36,11.13,11.24,191454.2
1729123200,11.24,11.35,11.18,11.33,223175.25
1729137600,11.33,11.35,11.08,11.16,255925.98
1729152000,11.16,11.18,10.92,10.94,346927.09
1729166400,10.94,11.14,10.91,11.12,454881.89
1729180800,11.12,11.12,10.85,11.01,385641.03
1729195200,11.01,11.08,10.99,11.03,176686.41
1729209600,11.03,11.28,10.98,11.16,429077.63
1729224000,11.16,11.43,11.15,11.43,289077.41
1729238400,11.43,11.49,11.35,11.37,371465.72
1729252800,11.37,11.49,11.31,11.46,591922.63
1729267200,11.46,11.51,11.33,11.42,331286.92
1729281600,11.42,11.49,11.37,11.48,164966.79
1729296000,11.48,11.6,11.47,11.49,254106.31
1729310400,11.49,11.51,11.38,11.4,213683.17
1729324800,11.4,11.41,11.29,11.31,158549.54
1729339200,11.31,11.42,11.3,11.38,166431.13
1729353600,11.38,11.41,11.3,11.35,130470.8
1729368000,11.35,11.46,11.34,11.42,117595.1
1729382400,11.42,11.46,11.27,11.33,141767.3
1729396800,11.33,11.4,11.29,11.38,149535.75
1729411200,11.38,11.69,11.37,11.68,306062.42
1729425600,11.68,11.93,11.59,11.89,751008.87
1729440000,11.89,12.02,11.82,11.84,403633.28
1729454400,11.84,12.04,11.81,11.98,318360.45
1729468800,11.98,12.03,11.78,11.89,305718.05
1729483200,11.89,12.02,11.84,11.91,251003.1
1729497600,11.91,11.97,11.72,11.73,459628.06
1729512000,11.73,11.76,11.54,11.67,581771.41
1729526400,11.67,11.81,11.56,11.79,362088.19
1729540800,11.79,11.83,11.69,11.71,182687.13
1729555200,11.71,11.92,11.59,11.88,436901.99
1729569600,11.88,12.2,11.83,12.11,495976.09
1729584000,12.11,12.28,11.87,12.18,1096273.82
1729598400,12.18,12.35,12.03,12.14,1060937.85
1729612800,12.14,12.15,11.93,12.0,444578.4
1729627200,12.0,12.13,11.94,11.97,212194.36
1729641600,11.97,12.01,11.72,11.78,353976.64
1729656000,11.78,11.82,11.6,11.6,332773.07
1729670400,11.6,11.66,11.36,11.39,467011.04
1729684800,11.39,11.47,11.24,11.32,596567.02
1729699200,11.32,11.34,11.0,11.24,841556.97
1729713600,11.24,11.35,11.19,11.32,254342.8
1729728000,11.32,11.54,11.28,11.38,451076.17
1729742400,11.38,11.49,11.27,11.29,367827.05
1729756800,11.29,11.42,11.22,11.4,323808.18
1729771200,11.4,11.52,11.39,11.43,388674.26
1729785600,11.43,11.52,11.36,11.51,264535.66
1729800000,11.51,11.65,11.48,11.62,260263.55
1729814400,11.62,12.1,11.61,11.9,769413.48
1729828800,11.9,11.93,11.65,11.69,486192.71
1729843200,11.69,11.89,11.57,11.82,374766.25
1729857600,11.82,12.01,11.73,11.82,608144.94
1729872000,11.82,11.93,11.34,11.61,804223.49
1729886400,11.61,11.78,10.8,11.13,1107574.69
1729900800,11.13,11.4,10.96,11.34,815799.86
1729915200,11.34,11.39,11.09,11.1,315991.44
1729929600,11.1,11.23,11.07,11.1,289510.5
1729944000,11.1,11.13,10.82,10.86,560167.16
1729958400,10.86,11.04,10.82,10.98,276788.42
1729972800,10.98,11.11,10.96,11.01,173485.79
1729987200,11.01,11.06,10.9,11.04,190581.83
1730001600,11.04,11.06,10.92,10.94,126174.25
1730016000,10.94,10.99,10.84,10.9,180805.25
1730030400,10.9,11.13,10.87,11.1,301185.54
1730044800,11.1,11.18,10.89,10.97,294099.24
1730059200,10.97,11.12,10.93,10.99,199580.4
1730073600,10.99,11.03,10.77,10.79,275163.85
1730088000,10.79,11.03,10.71,10.97,318803.26
1730102400,10.97,11.17,10.95,11.11,238765.94
1730116800,11.11,11.2,10.81,10.82,575300.88
1730131200,10.82,11.08,10.74,11.0,444983.94
1730145600,11.0,11.27,10.97,11.18,379627.94
1730160000,11.18,11.49,11.15,11.42,417939.03
1730174400,11.42,11.54,11.41,11.49,318240.62
1730188800,11.49,11.58,11.46,11.49,309464.0
1730203200,11.49,11.56,11.4,11.55,416514.96
1730217600,11.55,11.74,11.47,11.54,588809.31
1730232000,11.54,11.81,11.46,11.8,362445.49
1730246400,11.8,12.02,11.65,11.99,446990.63
1730260800,11.99,12.15,11.93,11.96,438070.75
1730275200,11.96,12.12,11.86,11.95,542200.51
1730289600,11.95,12.38,11.91,12.21,855095.33
1730304000,12.21,12.31,12.14,12.24,366110.24
1730318400,12.24,12.45,12.09,12.39,466579.58
1730332800,12.39,12.47,12.2,12.4,414488.55
1730347200,12.4,12.41,12.06,12.2,378495.48
1730361600,12.2,12.2,12.0,12.14,313401.82
1730376000,12.14,12.17,11.71,11.79,798802.14
1730390400,11.79,11.79,11.38,11.41,404521.11
1730404800,11.41,11.55,11.31,11.41,362695.67
1730419200,11.41,11.5,11.21,11.39,382416.49
1730433600,11.39,11.51,11.25,11.32,230529.99
1730448000,11.32,11.4,11.25,11.32,394019.66
1730462400,11.32,11.73,11.19,11.33,1302867.43
1730476800,11.33,11.58,11.27,11.34,478829.33
1730491200,11.34,11.4,11.13,11.25,306722.57
1730505600,11.25,11.4,11.24,11.3,160690.75
1730520000,11.3,11.32,11.18,11.25,256845.12
1730534400,11.25,11.28,11.14,11.18,252964.66
1730548800,11.18,11.23,11.07,11.18,851654.49
1730563200,11.18,11.25,11.07,11.18,472452.67
1730577600,11.18,11.28,11.13,11.19,150374.23
1730592000,11.19,11.24,10.82,10.96,725158.51
1730606400,10.96,11.06,10.92,10.99,245407.91
1730620800,10.99,11.05,10.9,10.93,526470.94
1730635200,10.93,10.96,10.53,10.71,825637.63
1730649600,10.71,10.79,10.51,10.72,407652.84
1730664000,10.72,10.85,10.66,10.76,313621.09
1730678400,10.76,10.92,10.6,10.8,377694.9
1730692800,10.8,10.87,10.62,10.62,271610.12
1730707200,10.62,10.72,10.52,10.64,490374.82
1730721600,10.64,10.73,10.36,10.4,700232.85
1730736000,10.4,10.45,10.23,10.36,815420.12
1730750400,10.36,10.38,10.07,10.26,630062.43
1730764800,10.26,10.43,10.18,10.43,409504.74
1730779200,10.43,10.53,10.41,10.52,251121.87
1730793600,10.52,10.63,10.49,10.6,261841.48
1730808000,10.6,10.9,10.56,10.78,709047.96
1730822400,10.78,10.94,10.61,10.66,443973.03
1730836800,10.66,10.91,10.62,10.83,376158.93
1730851200,10.83,11.78,10.8,11.7,1569418.36
1730865600,11.7,11.96,11.57,11.75,1468423.34
1730880000,11.75,11.9,11.54,11.84,1018929.29
1730894400,11.84,11.9,11.65,11.81,718190.34
1730908800,11.81,11.98,11.79,11.97,510565.29
1730923200,11.97,12.32,11.93,12.17,735757.52
1730937600,12.17,12.71,12.06,12.55,1104727.28
1730952000,12.55,12.57,12.19,12.29,830352.51
1730966400,12.29,12.4,12.22,12.23,415838.77
1730980800,12.23,12.46,12.12,12.45,481555.72
1730995200,12.45,12.59,12.31,12.57,782135.35
1731009600,12.57,12.68,12.45,12.59,487548.32
1731024000,12.59,12.82,12.52,12.63,586975.16
1731038400,12.63,12.87,12.62,12.81,537388.82
1731052800,12.81,13.02,12.67,12.99,723899.68
1731067200,12.99,13.41,12.99,13.27,1821849.88
1731081600,13.27,13.59,12.98,13.52,1322281.93
1731096000,13.52,13.75,13.34,13.69,870428.89
1731110400,13.69,13.69,13.28,13.35,662019.12
1731124800,13.35,13.74,13.34,13.5,552729.58
1731139200,13.5,13.65,13.44,13.6,344995.12
1731153600,13.6,13.64,13.31,13.53,633101.91
1731168000,13.53,13.66,13.29,13.54,418904.92
1731182400,13.54,13.84,13.46,13.78,616117.93
1731196800,13.78,14.06,13.68,13.93,892604.93
1731211200,13.93,14.6,13.9,14.49,2109862.76
1731225600,14.49,14.64,14.38,14.57,733917.02
1731240000,14.57,14.76,14.41,14.58,1018093.6
1731254400,14.58,14.85,14.25,14.41,1134992.47
1731268800,14.41,14.51,13.65,14.25,1324425.4
1731283200,14.25,14.56,14.21,14.43,675731.8
1731297600,14.43,14.43,13.61,13.81,1462278.03
1731312000,13.81,14.19,13.79,14.13,576144.83
1731326400,14.13,14.47,13.81,14.31,1376440.2
1731340800,14.31,14.77,14.29,14.56,1571093.67
1731355200,14.56,14.94,14.3,14.91,1370487.23
1731369600,14.91,14.92,14.3,14.77,1392683.49
1731384000,14.77,14.91,14.54,14.84,906570.29
1731398400,14.84,15.34,13.79,14.2,3702445.8
1731412800,14.2,14.34,13.66,13.94,2041899.73
1731427200,13.94,14.24,13.68,14.13,879789.18
1731441600,14.13,14.29,13.91,13.95,785798.11
1731456000,13.95,14.11,13.37,13.4,1213886.92
1731470400,13.4,13.64,13.06,13.38,1175584.27
1731484800,13.38,13.59,13.23,13.49,700898.66
1731499200,13.49,14.38,13.32,14.22,2220806.31
1731513600,14.22,14.35,13.27,13.29,1687163.56
1731528000,13.29,13.55,13.05,13.48,985391.3
1731542400,13.48,13.53,13.18,13.49,520568.36
1731556800,13.49,13.83,13.37,13.61,834212.72
1731571200,13.61,13.65,13.14,13.29,872050.95
1731585600,13.29,13.57,12.88,12.97,1694333.76
1731600000,12.97,13.38,12.88,13.3,677275.62
1731614400,13.3,13.36,12.8,13.0,954816.08
1731628800,13.0,13.18,12.83,13.1,665685.97
1731643200,13.1,13.3,12.71,13.12,748195.67
1731657600,13.12,13.56,13.03,13.49,669530.77
1731672000,13.49,13.66,13.13,13.19,1043729.86
1731686400,13.19,13.55,13.15,13.47,624309.76
1731700800,13.47,13.9,13.46,13.84,704856.5
1731715200,13.84,14.26,13.73,14.25,676988.76
1731729600,14.25,14.31,14.0,14.03,726807.74
1731744000,14.03,14.46,14.02,14.45,867461.86
1731758400,14.45,14.54,14.05,14.15,1348386.59
1731772800,14.15,14.8,14.06,14.74,1451909.18
1731787200,14.74,14.79,14.45,14.52,785036.87
1731801600,14.52,14.9,13.78,14.13,1701321.33
1731816000,14.13,14.54,14.03,14.42,972296.84
1731830400,14.42,14.55,14.02,14.03,544801.81
1731844800,14.03,14.22,13.88,13.93,588715.72
1731859200,13.93,14.11,13.73,13.87,587340.92
1731873600,13.87,13.94,13.56,13.78,531057.13
1731888000,13.78,14.37,13.75,14.37,663344.6
1731902400,14.37,14.88,14.19,14.86,904630.44
1731916800,14.86,14.94,14.26,14.34,1014121.09
1731931200,14.34,15.2,14.23,15.15,1564358.94
1731945600,15.15,16.0,14.78,14.94,3334100.99
1731960000,14.94,15.43,14.82,15.26,1026661.46
1731974400,15.26,15.43,14.9,15.07,594296.08
1731988800,15.07,15.12,14.82,14.84,495823.42
1732003200,14.84,15.0,14.64,15.0,594172.82
1732017600,15.0,15.15,14.58,14.76,1209651.98
1732032000,14.76,15.04,14.65,14.88,685214.26
1732046400,14.88,14.98,14.33,14.62,972665.26
1732060800,14.62,14.7,14.17,14.41,771462.41
1732075200,14.41,14.64,14.25,14.46,566267.7
1732089600,14.46,14.93,14.41,14.67,830239.72
1732104000,14.67,15.32,14.6,15.0,1484694.48
1732118400,15.0,15.0,14.03,14.16,1418133.51
1732132800,14.16,14.55,14.08,14.24,639049.57
1732147200,14.24,14.46,13.83,14.14,875876.21
1732161600,14.14,14.68,14.14,14.67,1012286.61
1732176000,14.67,14.74,14.34,14.63,656865.54
1732190400,14.63,15.38,14.6,14.81,1907442.62
1732204800,14.81,15.17,14.79,14.9,983056.24
1732219200,14.9,15.02,14.68,14.89,621374.74
1732233600,14.89,15.16,14.72,15.08,1623740.9
1732248000,15.08,15.44,15.03,15.22,1440082.45
1732262400,15.22,15.37,14.94,15.34,776876.8
1732276800,15.34,15.56,14.85,15.41,2237866.79
1732291200,15.41,15.8,15.15,15.26,1703131.06
1732305600,15.26,16.59,15.18,16.57,2478620.34
1732320000,16.57,17.087,16.3,16.76,2711428.91
1732334400,16.76,17.04,16.44,16.99,1258090.58
1732348800,16.99,17.24,16.65,17.03,1366932.58
1732363200,17.03,17.92,16.93,17.92,2246737.98
1732377600,17.92,18.39,17.18,17.54,2958851.9
1732392000,17.54,17.79,17.03,17.38,991858.76
1732406400,17.38,18.34,17.31,18.07,1897869.9
1732420800,18.07,18.15,17.55,17.79,891747.8
1732435200,17.79,17.87,16.69,16.7,1266702.9
1732449600,16.7,16.89,16.1,16.33,2216814.71
1732464000,16.33,17.14,16.25,17.01,994798.05
1732478400,17.01,18.1,16.94,17.91,1090884.49
1732492800,17.91,18.22,17.32,17.8,1265162.86
1732507200,17.8,18.41,17.78,18.3,1515737.83
1732521600,18.3,19.06,18.2,18.65,2186477.66
1732536000,18.65,18.84,17.52,18.5,2418142.94
1732550400,18.5,18.76,17.59,17.87,1850372.57
1732564800,17.87,18.19,17.14,17.34,1063680.24
1732579200,17.34,17.84,17.24,17.55,889056.11
1732593600,17.55,17.68,17.11,17.23,668694.67
1732608000,17.23,17.24,16.18,16.55,1988320.74
1732622400,16.55,17.5,16.47,16.92,1588161.57
1732636800,16.92,17.42,16.68,17.08,941552.85
1732651200,17.08,17.5,16.94,17.34,736131.41
1732665600,17.34,17.59,16.96,17.38,862544.86
1732680000,17.38,18.26,17.35,18.15,1351169.96
1732694400,18.15,18.52,17.86,18.12,971527.11
1732708800,18.12,18.29,17.72,18.06,1533581.31
1732723200,18.06,18.28,17.72,18.05,1066624.92
1732737600,18.05,19.0,18.03,18.66,1488375.92
1732752000,18.66,18.69,17.85,18.05,1011193.39
1732766400,18.05,18.25,17.82,17.89,650404.16
1732780800,17.89,18.09,17.75,18.01,679914.38
1732795200,18.01,18.09,17.48,17.5,1153777.44
1732809600,17.5,17.97,17.49,17.82,568764.43
1732824000,17.82,18.07,17.64,17.93,549798.8
1732838400,17.93,18.11,17.76,17.8,536550.02
1732852800,17.8,17.85,17.52,17.53,528300.26
1732867200,17.53,18.18,17.53,18.12,449736.13
1732881600,18.12,18.4,17.89,18.04,1061161.87
1732896000,18.04,18.15,17.82,18.1,710297.45
1732910400,18.1,18.41,18.0,18.24,569521.56
1732924800,18.24,18.53,17.93,18.5,840690.12
1732939200,18.5,18.71,18.25,18.63,747745.34
1732953600,18.63,18.74,18.08,18.23,644444.16
1732968000,18.23,18.97,18.2,18.88,1024395.48
1732982400,18.88,19.362,18.62,19.33,1104697.98
1732996800,19.33,19.441,18.97,19.0,690799.22
1733011200,19.0,19.11,18.44,18.72,954089.96
1733025600,18.72,18.95,18.53,18.66,412335.48
1733040000,18.66,18.82,18.5,18.73,431325.34
1733054400,18.73,19.01,18.58,18.81,767864.89
1733068800,18.81,18.95,18.58,18.72,733803.66
1733083200,18.72,19.05,18.43,18.92,850026.05
1733097600,18.92,19.71,18.77,18.88,1827986.94
1733112000,18.88,20.03,18.57,19.81,3252205.6
1733126400,19.81,20.96,18.84,19.77,7505581.32
1733140800,19.77,21.84,19.47,21.8,6914268.05
1733155200,21.8,24.04,21.08,23.81,7033727.3
1733169600,23.81,26.9,23.63,25.23,9688978.56
1733184000,25.23,25.45,23.78,24.2,4187322.74
1733198400,24.2,25.49,24.01,25.11,3482988.32
1733212800,25.11,26.32,24.52,24.58,4246085.83
1733227200,24.58,24.94,22.54,23.98,5831009.46
1733241600,23.98,24.56,23.41,24.31,2210966.32
1733256000,24.31,25.22,24.07,24.09,2069957.69
1733270400,24.09,24.6,23.6,24.0,1911806.73
1733284800,24.0,24.61,23.89,24.45,1256549.83
1733299200,24.45,25.07,24.0,24.61,1837614.89
1733313600,24.61,26.59,24.02,25.35,5021214.17
1733328000,25.35,25.47,24.02,24.93,2296010.49
1733342400,24.93,25.08,23.72,24.07,1790145.55
1733356800,24.07,24.22,22.98,23.58,2156519.41
1733371200,23.58,24.37,23.47,23.91,1105085.09
1733385600,23.91,24.27,23.7,24.23,1102658.56
1733400000,24.23,24.82,23.9,24.26,2095342.07
1733414400,24.26,24.59,23.59,23.68,1261011.29
1733428800,23.68,23.98,22.41,23.15,1988547.44
1733443200,23.15,24.11,23.04,24.01,1464571.94
1733457600,24.01,24.26,23.76,23.78,781793.38
1733472000,23.78,24.16,23.11,23.29,1064357.4
1733486400,23.29,24.12,22.75,23.77,1849027.95
1733500800,23.77,25.09,23.73,24.89,1216016.05
1733515200,24.89,25.94,24.79,25.87,2165820.15
1733529600,25.87,26.89,25.13,26.6,2221112.73
1733544000,26.6,26.84,25.3,25.37,1840105.42
1733558400,25.37,25.43,24.71,24.93,1041333.52
1733572800,24.93,25.17,24.85,24.98,672079.18
1733587200,24.98,25.0,24.44,24.77,653530.39
1733601600,24.77,24.93,24.59,24.79,445643.18
1733616000,24.79,25.0,24.7,24.81,413069.62
1733630400,24.81,25.58,24.68,25.34,1443095.27
1733644800,25.34,26.87,25.06,26.62,2630024.27
1733659200,26.62,27.41,26.03,26.23,2956496.96
1733673600,26.23,26.28,25.52,25.94,1025869.15
1733688000,25.94,26.63,25.62,26.09,953483.64
1733702400,26.09,27.36,25.87,26.62,2965700.13
1733716800,26.62,27.3,25.59,26.2,2502539.57
1733731200,26.2,26.23,24.5,24.62,2060964.53
1733745600,24.62,25.86,24.28,24.38,2107665.31
1733760000,24.38,24.64,23.63,23.67,1700090.54
1733774400,23.67,23.72,19.56,22.25,7846285.3
1733788800,22.25,22.72,20.69,21.62,2741355.29
1733803200,21.62,23.42,20.75,23.08,2457041.96
1733817600,23.08,23.78,22.71,23.19,1932384.93
1733832000,23.19,23.3,21.31,21.31,2967761.45
1733846400,21.31,21.67,20.27,21.43,3776194.26
1733860800,21.43,22.47,21.3,22.12,1673808.76
1733875200,22.12,22.51,21.14,22.44,1438505.0
1733889600,22.44,22.68,22.2,22.22,925548.85
1733904000,22.22,23.03,22.22,22.85,973086.63
1733918400,22.85,24.23,22.83,23.91,2671773.57
1733932800,23.91,24.2,23.38,23.8,1084181.97
1733947200,23.8,24.33,23.68,24.07,707933.69
1733961600,24.07,27.15,23.87,27.03,3892076.49
1733976000,27.03,29.45,26.96,28.83,5726250.72
1733990400,28.83,29.2,27.55,27.84,2838681.0
1734004800,27.84,28.51,27.33,28.21,3034632.13
1734019200,28.21,28.58,26.88,26.94,1822397.09
1734033600,26.94,29.36,26.75,29.13,3687315.39
1734048000,29.13,30.94,28.26,30.15,5538539.45
1734062400,30.15,30.31,28.66,28.9,2589447.54
1734076800,28.9,29.03,28.13,28.38,1704883.03
1734091200,28.38,28.58,27.53,27.61,2065613.19
1734105600,27.61,28.33,27.58,28.1,1332917.73
1734120000,28.1,29.12,27.75,28.99,1150419.7
1734134400,28.99,30.69,28.75,29.44,2628162.93
1734148800,29.44,29.83,29.17,29.51,875363.13
1734163200,29.51,30.37,29.29,29.78,1456171.37
1734177600,29.78,30.77,28.71,30.36,2782242.0
1734192000,30.36,30.47,28.93,29.2,1823265.2
1734206400,29.2,29.67,28.84,29.12,1139864.5
1734220800,29.12,29.55,28.55,29.3,1251900.21
1734235200,29.3,29.88,28.58,28.76,1401130.09
1734249600,28.76,29.11,28.54,28.8,1004490.87
1734264000,28.8,29.34,28.29,29.13,1192553.57
1734278400,29.13,29.6,28.78,28.97,683724.96
1734292800,28.97,29.62,28.02,29.26,1617101.06
1734307200,29.26,29.77,28.41,28.66,1467152.35
1734321600,28.66,29.49,28.43,29.28,980905.23
1734336000,29.28,30.85,28.89,29.82,2901554.15
1734350400,29.82,30.62,29.24,30.28,2594329.04
1734364800,30.28,30.43,29.3,29.52,2100665.81
1734379200,29.52,29.78,28.7,28.73,1208637.69
1734393600,28.73,29.07,28.32,28.76,1345975.27
1734408000,28.76,28.76,28.03,28.12,1021186.94
1734422400,28.12,28.87,27.85,28.4,1636395.66
1734436800,28.4,28.63,27.48,27.61,1860241.86
1734451200,27.61,28.27,27.3,27.73,1141854.71
1734465600,27.73,28.29,27.47,27.86,1156522.57
1734480000,27.86,28.4,27.44,27.67,1354931.46
1734494400,27.67,27.74,26.8,27.18,1439897.3
1734508800,27.18,27.94,26.93,27.92,967310.55
1734523200,27.92,27.93,26.53,27.08,1758198.51
1734537600,27.08,27.96,26.41,26.41,1644227.92
1734552000,26.41,26.6,24.72,24.86,3726633.14
1734566400,24.86,25.32,23.35,24.89,3739274.64
1734580800,24.89,24.98,24.43,24.91,1301441.28
1734595200,24.91,25.61,24.5,25.41,1428131.47
1734609600,25.41,25.42,23.74,24.18,1806232.61
1734624000,24.18,24.38,21.92,22.32,4533453.92
1734638400,22.32,23.28,21.72,22.81,2107593.09
1734652800,22.81,23.72,22.63,23.19,1487311.91
1734667200,23.19,23.34,22.15,22.64,1397700.25
1734681600,22.64,22.64,20.02,20.04,4315416.72
1734696000,20.04,22.95,20.03,22.7,3622358.88
1734710400,22.7,23.69,22.43,23.3,1630697.1
1734724800,23.3,23.66,22.65,23.39,979658.29
1734739200,23.39,23.73,23.02,23.15,1024990.4
1734753600,23.15,24.94,23.13,24.54,1904526.04
1734768000,24.54,24.76,23.61,23.82,1340244.02
1734782400,23.82,23.83,22.26,22.88,2229375.26
1734796800,22.88,22.93,21.91,22.33,1495527.69
1734811200,22.33,22.56,21.78,22.13,754039.51
1734825600,22.13,22.45,21.85,22.19,656484.4
1734840000,22.19,22.27,21.53,21.96,738754.21
1734854400,21.96,22.79,21.95,22.46,725728.92
1734868800,22.46,22.68,21.57,21.8,832750.62
1734883200,21.8,22.53,21.57,21.65,726693.71
1734897600,21.65,22.43,21.31,22.08,803090.68
1734912000,22.08,23.32,21.49,23.09,1580631.99
1734926400,23.09,23.45,22.27,22.65,1236523.72
1734940800,22.65,23.37,22.52,23.11,1020729.81
1734955200,23.11,23.39,22.11,22.15,1544199.86
1734969600,22.15,23.11,22.07,22.94,1316235.66
1734984000,22.94,24.97,22.92,24.55,2516875.72
1734998400,24.55,24.68,23.54,24.14,1362410.58
1735012800,24.14,24.33,23.77,23.87,823021.67
1735027200,23.87,24.41,23.81,24.22,1027388.62
1735041600,24.22,24.93,23.8,24.64,1789292.94
1735056000,24.64,25.45,24.38,25.05,1579018.93
1735070400,25.05,25.99,24.59,25.42,1790786.32
1735084800,25.42,25.51,24.56,24.65,949287.49
1735099200,24.65,25.14,24.56,24.76,819169.29
1735113600,24.76,25.59,24.47,24.52,1221925.89
1735128000,24.52,24.87,24.42,24.68,780762.41
1735142400,24.68,24.76,24.24,24.74,484377.76
1735156800,24.74,24.78,24.15,24.44,461450.65
1735171200,24.44,24.7,23.85,23.94,726835.45
1735185600,23.94,23.94,23.37,23.42,669819.23
1735200000,23.42,23.46,22.79,23.05,943956.02
1735214400,23.05,23.17,22.68,22.75,685889.32
1735228800,22.75,23.14,22.56,22.82,840405.73
1735243200,22.82,22.9,22.42,22.68,377962.69
1735257600,22.68,23.27,22.51,23.0,692524.64
1735272000,23.0,23.19,22.37,22.6,615482.68
1735286400,22.6,23.67,22.6,23.44,947475.77
1735300800,23.44,23.5,22.22,22.31,961149.44
1735315200,22.31,22.77,22.01,22.23,884233.26
1735329600,22.23,22.27,21.37,21.57,1043960.37
1735344000,21.57,21.65,21.21,21.39,658612.71
1735358400,21.39,21.45,21.06,21.07,527326.9
1735372800,21.07,21.46,21.06,21.31,810242.48
1735387200,21.31,21.87,21.16,21.48,1148106.85
1735401600,21.48,22.2,21.35,21.82,930796.15
1735416000,21.82,22.38,21.73,21.99,569093.3
1735430400,21.99,22.02,21.63,21.83,380095.75
1735444800,21.83,21.95,21.53,21.93,441471.72
1735459200,21.93,21.96,21.49,21.51,286816.04
1735473600,21.51,21.77,21.27,21.44,470815.96
1735488000,21.44,21.47,21.21,21.27,312145.78
1735502400,21.27,21.27,20.77,20.96,646628.68
1735516800,20.96,21.83,20.85,21.11,615122.48
1735531200,21.11,21.42,20.95,21.19,376417.96
1735545600,21.19,21.45,21.0,21.23,481742.37
1735560000,21.23,21.45,20.09,20.31,1237747.72
1735574400,20.31,21.19,20.12,21.09,963186.99
1735588800,21.09,21.35,20.36,20.58,849893.22
1735603200,20.58,20.66,20.25,20.26,501941.82
1735617600,20.26,20.48,20.18,20.32,515973.46
1735632000,20.32,20.94,20.31,20.54,845676.98
1735646400,20.54,21.2,20.47,20.82,1066169.99
1735660800,20.82,20.85,19.96,20.09,938121.55
1735675200,20.09,20.19,19.82,20.01,630180.2
1735689600,20.01,20.25,19.97,20.07,554488.18
1735704000,20.07,20.11,19.9,19.99,406294.58
1735718400,19.99,20.15,19.67,20.04,778908.47
1735732800,20.04,20.59,20.0,20.57,643072.8
1735747200,20.57,21.56,20.35,21.48,1373354.63
1735761600,21.48,21.86,21.46,21.73,1028387.84
1735776000,21.73,22.38,21.72,21.88,1199831.2
1735790400,21.88,22.38,21.84,22.35,779278.44
1735804800,22.35,22.81,22.06,22.59,1391724.68
1735819200,22.59,22.91,22.12,22.21,1406906.43
1735833600,22.21,22.58,22.05,22.13,697582.34
1735848000,22.13,22.25,21.81,22.07,467566.39
1735862400,22.07,22.43,21.9,22.24,985167.53
1735876800,22.24,22.25,21.78,21.79,856210.69
1735891200,21.79,22.68,21.63,22.67,1064624.87
1735905600,22.67,23.49,22.45,23.47,1509795.83
1735920000,23.47,23.9,23.35,23.77,1122773.84
1735934400,23.77,23.81,23.34,23.48,743338.9
1735948800,23.48,23.53,23.12,23.19,679501.48
1735963200,23.19,23.35,23.02,23.3,423631.52
1735977600,23.3,23.31,22.87,23.06,501673.86
1735992000,23.06,23.93,23.06,23.17,980213.0
1736006400,23.17,23.77,23.16,23.63,430003.27
1736020800,23.63,24.05,23.57,23.6,434430.86
1736035200,23.6,23.8,23.22,23.34,378227.84
1736049600,23.34,23.83,23.34,23.5,344729.6
1736064000,23.5,23.56,23.01,23.09,534494.21
1736078400,23.09,23.4,22.85,23.3,547832.11
1736092800,23.3,23.5,23.1,23.35,371063.31
1736107200,23.35,23.73,23.24,23.58,340263.6
1736121600,23.58,24.07,23.01,24.05,1021032.07
1736136000,24.05,24.19,23.5,23.52,855576.26
1736150400,23.52,23.83,23.33,23.83,497717.69
1736164800,23.83,24.46,23.5,24.38,1844911.63
1736179200,24.38,24.78,23.78,23.91,1139722.69
1736193600,23.91,24.06,23.65,23.83,512893.56
1736208000,23.83,23.84,23.43,23.51,781212.54
1736222400,23.51,23.67,23.34,23.4,482519.51
1736236800,23.4,23.66,23.07,23.19,550116.89
1736251200,23.19,23.38,21.7,22.06,3234976.58
1736265600,22.06,22.21,21.39,21.48,1588095.58
1736280000,21.48,21.71,21.18,21.38,966663.58
1736294400,21.38,21.73,20.9,21.15,1022692.96
1736308800,21.15,21.24,20.53,20.88,876288.61
1736323200,20.88,21.13,20.58,20.73,698392.21
1736337600,20.73,20.98,20.49,20.67,1055716.24
1736352000,20.67,20.74,19.59,20.2,2442020.08
1736366400,20.2,20.64,19.96,20.44,695995.19
1736380800,20.44,20.73,20.21,20.29,788023.21
1736395200,20.29,20.37,19.75,19.8,683928.44
1736409600,19.8,20.14,19.67,19.94,766159.67
1736424000,19.94,20.33,19.31,20.2,1484658.41
1736438400,20.2,20.31,19.39,19.43,908254.79
1736452800,19.43,19.91,19.14,19.65,839078.2
1736467200,19.65,20.04,19.64,19.96,600249.59
1736481600,19.96,20.54,19.84,20.35,679194.58
1736496000,20.35,20.5,20.24,20.36,594357.6
1736510400,20.36,20.43,19.53,19.98,1972898.92
1736524800,19.98,20.5,19.78,20.38,813158.45
1736539200,20.38,20.42,20.18,20.24,419166.34
1736553600,20.24,20.31,19.91,19.94,348748.65
1736568000,19.94,20.1,19.84,19.94,310555.74
1736582400,19.94,20.26,19.81,20.16,404592.21
1736596800,20.16,20.2,19.91,19.99,363967.82
1736611200,19.99,20.05,19.84,20.01,380991.24
1736625600,20.01,20.69,19.95,20.21,767037.09
1736640000,20.21,20.34,20.05,20.25,356691.88
1736654400,20.25,20.33,19.97,20.08,330293.28
1736668800,20.08,20.13,19.79,19.96,357071.48
1736683200,19.96,20.26,19.86,20.15,550745.24
1736697600,20.15,20.21,19.97,20.04,396664.3
1736712000,20.04,20.11,19.59,19.84,362734.46
1736726400,19.84,20.44,19.33,19.39,1101754.45
1736740800,19.39,19.74,19.0,19.11,820086.81
1736755200,19.11,19.13,18.05,18.1,1878175.75
1736769600,18.1,19.11,17.83,18.94,2781173.32
1736784000,18.94,19.06,18.22,18.48,1231026.97
1736798400,18.48,19.56,18.38,19.35,1117355.42
1736812800,19.35,19.6,19.25,19.5,596331.0
1736827200,19.5,19.76,19.42,19.44,468272.27
1736841600,19.44,20.3,19.44,19.94,981478.18
1736856000,19.94,20.39,19.76,20.15,1118829.02
1736870400,20.15,20.49,19.97,20.3,700265.83
1736884800,20.3,20.51,20.18,20.32,369803.41
1736899200,20.32,20.7,20.21,20.45,706680.96
1736913600,20.45,20.83,20.25,20.72,507269.82
1736928000,20.72,20.99,20.1,20.32,1037377.72
1736942400,20.32,21.76,20.15,21.6,2708835.87
1736956800,21.6,21.86,21.24,21.59,1346900.85
1736971200,21.59,22.15,21.56,22.1,886317.71
1736985600,22.1,22.16,21.46,21.61,868065.72
1737000000,21.61,21.85,21.57,21.75,438142.13
1737014400,21.75,22.51,21.3,22.48,1706139.89
1737028800,22.48,23.35,22.24,23.31,2915705.36
1737043200,23.31,23.75,23.15,23.71,1389903.63
1737057600,23.71,23.78,22.79,23.03,782385.01
1737072000,23.03,23.99,23.02,23.54,1014151.19
1737086400,23.54,24.29,23.49,24.13,846217.92
1737100800,24.13,24.45,23.82,24.15,949617.92
1737115200,24.15,24.51,23.85,24.44,1064154.95
1737129600,24.44,24.71,24.2,24.52,654177.0
1737144000,24.52,25.23,24.47,25.09,805625.48
1737158400,25.09,25.67,24.45,24.54,1251036.24
1737172800,24.54,24.73,23.42,23.84,1733817.16
1737187200,23.84,24.62,23.51,24.43,1288862.35
1737201600,24.43,24.84,23.94,24.08,1297457.17
1737216000,24.08,24.14,23.37,23.97,1093121.29
1737230400,23.97,24.22,23.54,24.12,516591.03
1737244800,24.12,24.6,23.8,23.86,976720.67
1737259200,23.86,23.88,23.13,23.37,1018251.24
1737273600,23.37,23.37,22.19,22.4,2617097.5
1737288000,22.4,25.95,22.37,25.42,4544476.97
1737302400,25.42,26.71,25.31,26.03,2883294.65
1737316800,26.03,26.5,23.57,24.34,6470330.51
1737331200,24.34,24.82,23.4,24.34,4430386.69
1737345600,24.34,26.45,24.0,26.3,4089111.36
1737360000,26.3,26.94,25.27,25.74,2121617.11
1737374400,25.74,26.66,24.53,25.86,5470216.97
1737388800,25.86,26.4,23.96,25.71,4487882.59
1737403200,25.71,25.87,24.95,25.09,1089706.57
1737417600,25.09,25.19,24.04,24.45,1734916.6
1737432000,24.45,24.46,23.68,24.08,1094094.49
1737446400,24.08,26.24,23.89,25.66,2270366.9
1737460800,25.66,26.49,25.41,25.84,2251776.96
1737475200,25.84,27.09,25.79,26.63,1948963.33
1737489600,26.63,26.9,26.14,26.67,1209608.89
1737504000,26.67,27.21,26.24,26.31,1114093.0
1737518400,26.31,26.36,25.7,25.8,605481.14
1737532800,25.8,26.01,25.58,25.86,644992.85
1737547200,25.86,25.96,25.32,25.41,785929.51
1737561600,25.41,25.67,25.17,25.41,590965.63
1737576000,25.41,25.62,25.13,25.3,557170.72
1737590400,25.3,25.33,24.48,24.83,754471.34
1737604800,24.83,24.84,24.31,24.58,452092.09
1737619200,24.58,24.63,23.98,24.46,571541.99
1737633600,24.46,25.93,24.06,25.47,2137154.19
1737648000,25.47,26.25,24.7,24.76,1321331.3
1737662400,24.76,25.83,24.58,25.65,1421670.26
1737676800,25.65,25.85,24.86,25.23,844330.02
1737691200,25.23,26.33,25.01,25.94,1062618.85
1737705600,25.94,26.44,25.85,26.17,772050.15
1737720000,26.17,26.33,25.68,26.14,874543.4
1737734400,26.14,26.26,25.7,25.79,475266.29
1737748800,25.79,25.89,25.09,25.18,543162.0
1737763200,25.18,25.34,24.81,25.29,582099.0
1737777600,25.29,25.32,24.91,24.99,290004.73
1737792000,24.99,25.1,24.68,24.98,407302.67
1737806400,24.98,25.28,24.72,25.14,652122.19
1737820800,25.14,25.36,24.8,25.25,563708.95
1737835200,25.25,25.44,24.89,24.93,272699.34
1737849600,24.93,25.63,24.86,25.58,466788.41
1737864000,25.58,25.89,25.43,25.67,403165.98
1737878400,25.67,25.83,25.15,25.32,394835.91
1737892800,25.32,25.48,25.11,25.45,390348.56
1737907200,25.45,26.27,25.27,26.21,720532.85
1737921600,26.21,26.39,24.86,24.88,1154830.97
1737936000,24.88,25.14,23.73,23.98,1703222.85
1737950400,23.98,23.99,22.25,22.86,2173320.62
1737964800,22.86,22.91,22.18,22.43,1527874.54
1737979200,22.43,24.1,22.33,23.68,2292794.59
1737993600,23.68,23.91,22.78,23.13,864768.63
1738008000,23.13,24.43,23.12,24.21,889709.51
1738022400,24.21,24.56,23.77,24.28,945522.29
1738036800,24.28,24.66,24.07,24.12,493868.72
1738051200,24.12,24.21,23.83,23.97,519286.77
1738065600,23.97,24.24,23.51,23.93,996407.38
1738080000,23.93,23.97,23.13,23.29,612827.38
1738094400,23.29,23.39,22.36,22.61,771009.22
1738108800,22.61,23.41,22.57,23.25,672674.52
1738123200,23.25,23.57,23.11,23.54,359793.39
1738137600,23.54,23.61,23.03,23.46,438846.1
1738152000,23.46,23.56,22.47,22.76,1040464.58
1738166400,22.76,23.78,22.32,23.53,1547761.08
1738180800,23.53,24.45,23.14,23.66,1369655.35
1738195200,23.66,24.33,23.41,24.29,665214.96
1738209600,24.29,24.59,24.16,24.3,593714.89
1738224000,24.3,24.74,24.17,24.48,535648.42
1738238400,24.48,25.21,24.21,24.85,1268618.04
1738252800,24.85,25.09,24.61,24.76,586426.69
1738267200,24.76,24.81,24.4,24.46,489156.01
1738281600,24.46,24.88,24.25,24.33,412238.14
1738296000,24.33,25.39,24.12,24.89,723376.2
1738310400,24.89,25.7,24.7,25.67,763413.72
1738324800,25.67,26.09,25.36,25.9,1421049.41
1738339200,25.9,26.4,24.83,24.91,1415834.45
1738353600,24.91,25.23,24.49,25.17,888286.54
1738368000,25.17,25.99,25.07,25.65,1280276.3
1738382400,25.65,25.86,25.22,25.24,409548.67
1738396800,25.24,25.34,24.53,24.78,806458.26
1738411200,24.78,24.94,24.25,24.47,457542.23
1738425600,24.47,24.64,23.53,23.56,517893.61
1738440000,23.56,23.59,22.76,22.98,1124121.97
1738454400,22.98,23.33,22.1,22.32,1315588.04
1738468800,22.32,22.91,22.27,22.66,988835.58
1738483200,22.66,23.19,22.06,22.12,1080289.61
1738497600,22.12,22.46,21.86,22.19,1225506.08
1738512000,22.19,22.2,20.08,20.77,4541562.9
1738526400,20.77,21.04,19.29,20.46,3405566.35
1738540800,20.46,20.47,15.4,17.71,12099306.92
1738555200,17.71,19.48,17.05,19.43,3872890.21
1738569600,19.43,19.43,18.43,18.91,2446846.97
1738584000,18.91,20.67,18.12,20.42,6352704.65
1738598400,20.42,22.03,20.11,21.89,3974269.62
1738612800,21.89,22.05,20.96,21.64,2545113.46
1738627200,21.64,21.71,20.73,20.88,995073.54
1738641600,20.88,21.12,19.54,19.64,2077036.1
1738656000,19.64,20.8,19.45,20.33,1545779.26
1738670400,20.33,20.98,20.18,20.53,1932520.02
1738684800,20.53,21.27,20.32,20.32,1194117.09
1738699200,20.32,20.51,19.32,19.97,2556679.01
1738713600,19.97,20.27,19.74,19.99,918868.86
1738728000,19.99,20.09,19.43,19.63,1443670.71
1738742400,19.63,20.1,19.39,20.0,887185.21
1738756800,20.0,20.1,19.47,19.64,1147397.98
1738771200,19.64,19.71,18.97,19.46,1073069.19
1738785600,19.46,19.58,18.96,19.19,494467.72
1738800000,19.19,19.59,19.04,19.5,501147.72
1738814400,19.5,19.94,19.45,19.69,514323.25
1738828800,19.69,19.92,19.48,19.72,558976.15
1738843200,19.72,19.76,18.56,18.71,1315649.9
1738857600,18.71,18.87,18.41,18.52,984974.23
1738872000,18.52,18.95,18.42,18.58,707456.04
1738886400,18.58,19.06,18.56,18.82,641264.02
1738900800,18.82,19.0,18.43,18.78,517685.79
1738915200,18.78,19.39,18.7,19.29,785468.26
1738929600,19.29,19.86,18.96,19.37,2145156.45
1738944000,19.37,19.39,18.6,18.72,845690.12
1738958400,18.72,18.74,17.79,18.39,972930.29
1738972800,18.39,18.63,18.2,18.22,419479.35
1738987200,18.22,18.31,17.92,18.18,439956.2
1739001600,18.18,18.23,17.91,18.06,359086.16
1739016000,18.06,18.25,17.87,18.05,582444.43
1739030400,18.05,18.45,17.89,18.34,366749.25
1739044800,18.34,18.55,18.18,18.45,319700.68
1739059200,18.45,19.0,18.25,18.92,668467.4
1739073600,18.92,18.92,18.52,18.76,283842.15
1739088000,18.76,18.9,18.54,18.55,329458.27
1739102400,18.55,18.8,18.1,18.72,556860.25
1739116800,18.72,18.94,18.36,18.37,332608.5
1739131200,18.37,18.73,17.44,18.26,1182605.34
1739145600,18.26,18.65,17.67,18.36,1025384.84
1739160000,18.36,18.8,18.24,18.65,680765.9
1739174400,18.65,18.98,18.62,18.76,596894.95
1739188800,18.76,19.13,18.47,18.59,700315.98
1739203200,18.59,18.95,18.49,18.84,484991.93
1739217600,18.84,18.95,18.61,18.81,224734.19
1739232000,18.81,19.37,18.76,19.33,635470.43
1739246400,19.33,19.79,19.29,19.63,907076.38
1739260800,19.63,19.74,19.33,19.55,519837.25
1739275200,19.55,19.58,18.83,19.1,719953.43
1739289600,19.1,19.18,18.22,18.45,925270.09
1739304000,18.45,18.99,18.42,18.66,555916.45
1739318400,18.66,18.9,18.4,18.48,395765.53
1739332800,18.48,18.71,18.34,18.59,328877.31
1739347200,18.59,18.77,18.39,18.54,403552.71
1739361600,18.54,18.83,17.64,18.13,2840661.6
1739376000,18.13,18.9,17.95,18.84,926933.6
1739390400,18.84,19.51,18.74,19.2,737769.77
1739404800,19.2,19.34,18.98,19.23,346289.88
1739419200,19.23,19.25,18.72,18.82,492887.72
1739433600,18.82,18.89,18.56,18.68,359663.67
1739448000,18.68,18.71,18.18,18.5,724022.66
1739462400,18.5,18.62,18.2,18.35,395311.39
1739476800,18.35,18.63,18.34,18.56,231239.56
1739491200,18.56,18.97,18.45,18.94,219242.42
1739505600,18.94,19.0,18.62,18.76,227057.34
1739520000,18.76,19.34,18.67,19.03,718263.03
1739534400,19.03,19.62,18.87,19.49,789987.44
1739548800,19.49,19.84,19.19,19.51,752172.72
1739563200,19.51,19.66,19.12,19.38,566904.99
1739577600,19.38,19.61,19.18,19.41,223465.37
1739592000,19.41,19.67,19.26,19.28,342366.61
1739606400,19.28,19.4,19.03,19.11,258475.47
1739620800,19.11,19.29,18.84,18.95,437000.5
1739635200,18.95,19.05,18.79,18.87,249180.47
1739649600,18.87,19.01,18.73,18.99,168571.64
1739664000,18.99,19.12,18.7,18.85,259231.75
1739678400,18.85,19.26,18.82,18.89,442690.55
1739692800,18.89,19.16,18.83,19.15,230641.49
1739707200,19.15,19.2,18.71,18.9,280638.09
1739721600,18.9,19.12,18.56,18.83,350949.72
1739736000,18.83,19.04,18.65,18.69,264783.46
1739750400,18.69,19.02,18.62,18.82,281967.97
1739764800,18.82,19.16,18.36,18.81,663198.3
1739779200,18.81,19.5,18.72,19.36,606588.03
1739793600,19.36,19.8,19.21,19.24,766663.69
1739808000,19.24,19.39,18.71,19.08,772662.01
1739822400,19.08,19.51,18.98,19.12,552001.5
1739836800,19.12,19.2,18.78,18.87,410919.69
1739851200,18.87,18.88,18.08,18.09,910207.06
1739865600,18.09,18.31,17.85,18.0,598904.64
1739880000,18.0,18.4,17.57,17.68,895319.07
1739894400,17.68,17.82,17.28,17.61,1085811.52
1739908800,17.61,17.92,17.44,17.88,604179.16
1739923200,17.88,18.0,17.53,17.85,353126.44
1739937600,17.85,18.14,17.44,18.04,560294.35
1739952000,18.04,18.13,17.88,18.11,506417.15
1739966400,18.11,18.21,17.74,17.8,639711.17
1739980800,17.8,18.07,17.72,17.91,363414.35
1739995200,17.91,18.09,17.76,17.98,252187.73
1740009600,17.98,18.38,17.89,18.33,456532.22
1740024000,18.33,18.48,18.06,18.11,344091.09
1740038400,18.11,18.2,17.81,18.13,807275.65
1740052800,18.13,18.37,17.86,17.89,492968.36
1740067200,17.89,18.43,17.87,18.33,393225.42
1740081600,18.33,18.43,18.13,18.28,237904.16
1740096000,18.28,18.32,18.04,18.09,245155.45
1740110400,18.09,18.4,18.09,18.25,190866.04
1740124800,18.25,18.75,18.21,18.58,661301.53
1740139200,18.58,19.06,18.07,18.39,1354336.1
1740153600,18.39,18.55,17.12,17.27,1501983.09
1740168000,17.27,17.46,17.13,17.43,634253.16
1740182400,17.43,17.68,17.3,17.46,436628.47
1740196800,17.46,17.65,17.43,17.49,331427.56
1740211200,17.49,17.72,17.42,17.62,257894.4
1740225600,17.62,17.84,17.52,17.78,436212.93
1740240000,17.78,18.03,17.76,17.86,371990.66
1740254400,17.86,17.88,17.71,17.76,221486.21
1740268800,17.76,17.91,17.64,17.79,356420.78
1740283200,17.79,18.13,17.74,18.12,201142.61
1740297600,18.12,18.13,17.71,17.77,230381.2
1740312000,17.77,17.85,17.44,17.47,528288.86
1740326400,17.47,17.68,17.46,17.53,177521.57
1740340800,17.53,17.74,17.42,17.62,226263.42
1740355200,17.62,17.75,16.78,16.83,571737.03
1740369600,16.83,16.98,16.48,16.86,523480.17
1740384000,16.86,16.87,16.44,16.67,642716.48
1740398400,16.67,16.78,16.04,16.22,1079806.76
1740412800,16.22,16.51,15.92,16.1,721070.17
1740427200,16.1,16.29,14.97,15.26,1754213.27
1740441600,15.26,15.42,14.84,15.13,1275973.01
1740456000,15.13,15.27,14.02,14.53,2916910.76
1740470400,14.53,14.91,14.25,14.85,2359655.56
1740484800,14.85,15.0,14.4,14.75,1609877.88
1740499200,14.75,15.13,14.51,15.11,1134398.68
1740513600,15.11,15.59,14.98,15.31,931276.38
1740528000,15.31,15.55,15.1,15.38,396794.5
1740542400,15.38,15.52,15.16,15.3,521045.56
1740556800,15.3,15.65,15.15,15.52,1209881.44
1740571200,15.52,15.78,14.97,15.54,1190877.67
1740585600,15.54,15.61,14.68,14.89,1432976.44
1740600000,14.89,15.72,14.67,15.26,1392841.53
1740614400,15.26,15.47,15.05,15.3,531407.7
1740628800,15.3,15.7,15.12,15.62,494768.29
1740643200,15.62,15.78,15.44,15.61,470545.93
1740657600,15.61,15.76,15.19,15.38,928425.29
1740672000,15.38,15.5,15.02,15.09,431013.36
1740686400,15.09,15.22,14.78,15.1,510381.82
1740700800,15.1,15.2,13.82,13.88,2440594.29
1740715200,13.88,13.99,13.48,13.67,1460659.99
1740729600,13.67,14.06,13.45,13.77,899948.61
1740744000,13.77,14.73,13.67,14.61,1195463.56
1740758400,14.61,14.86,14.48,14.77,412183.51
1740772800,14.77,14.87,14.59,14.81,313747.05
1740787200,14.81,14.96,14.56,14.81,369961.58
1740801600,14.81,15.01,14.51,14.55,595616.05
1740816000,14.55,14.86,14.4,14.45,428373.49
1740830400,14.45,14.56,14.22,14.48,623128.85
1740844800,14.48,14.91,14.42,14.89,309916.34
1740859200,14.89,15.14,14.74,14.75,441883.43
1740873600,14.75,14.91,14.65,14.85,386226.26
1740888000,14.85,14.93,14.72,14.76,150181.98
1740902400,14.76,14.92,14.68,14.77,154997.79
1740916800,14.77,15.53,14.4,15.27,1561482.17
1740931200,15.27,17.38,15.25,16.96,4750623.42
1740945600,16.96,17.55,16.9,17.42,911594.8
1740960000,17.42,17.49,16.56,16.8,811820.4
1740974400,16.8,16.98,16.08,16.49,906758.47
1740988800,16.49,16.51,15.95,16.31,885666.92
1741003200,16.31,16.88,16.1,16.25,1580963.67
1741017600,16.25,16.44,14.69,14.75,2897799.72
1741032000,14.75,14.93,14.36,14.46,1174399.15
1741046400,14.46,14.6,13.41,13.77,2536326.34
1741060800,13.77,14.11,13.73,13.8,701786.36
1741075200,13.8,13.98,13.67,13.8,644129.12
1741089600,13.8,14.24,13.33,13.83,2676367.17
1741104000,13.83,14.53,13.08,14.52,1751902.08
1741118400,14.52,15.36,14.31,14.86,2015916.42
1741132800,14.86,15.11,14.63,14.83,816674.6
1741147200,14.83,15.47,14.83,15.45,801487.23
1741161600,15.45,16.52,15.37,16.07,3213198.12
1741176000,16.07,16.18,15.55,15.68,1494412.67
1741190400,15.68,16.44,15.57,16.35,966887.41
1741204800,16.35,16.59,16.27,16.43,824073.81
1741219200,16.43,17.35,16.37,17.22,1629444.23
1741233600,17.22,17.39,16.86,16.91,984785.6
1741248000,16.91,17.67,16.85,17.49,1308908.59
1741262400,17.49,17.56,16.61,17.25,2512126.2
1741276800,17.25,17.35,16.53,16.81,1188386.48
1741291200,16.81,17.3,16.78,17.06,1073425.94
1741305600,17.06,17.23,15.86,16.17,2957720.29
1741320000,16.17,17.2,16.16,17.19,983028.6
1741334400,17.19,17.38,16.79,17.14,1123741.69
1741348800,17.14,17.54,16.78,16.93,2256085.3
1741363200,16.93,17.0,16.13,16.64,1444493.93
1741377600,16.64,16.77,15.73,15.94,1534020.66
1741392000,15.94,16.04,15.44,15.69,764334.7
1741406400,15.69,15.87,15.52,15.55,339949.84
1741420800,15.55,15.57,15.25,15.34,745053.32
1741435200,15.34,15.59,15.19,15.31,612478.79
1741449600,15.31,15.58,15.13,15.55,436663.97
1741464000,15.55,15.56,15.19,15.26,235833.2
1741478400,15.26,15.37,15.02,15.27,387081.5
1741492800,15.27,15.36,15.09,15.14,219177.67
1741507200,15.14,15.14,14.63,14.69,642516.77
1741521600,14.69,14.71,14.26,14.3,943912.81
1741536000,14.3,14.38,13.65,14.0,1329706.6
1741550400,14.0,14.13,13.6,13.81,726444.34
1741564800,13.81,14.24,13.65,14.13,962662.13
1741579200,14.13,14.34,13.98,14.1,613979.17
1741593600,14.1,14.57,13.82,14.26,1079589.7
1741608000,14.26,14.36,13.25,13.48,1971792.29
1741622400,13.48,13.55,12.41,12.81,2206988.08
1741636800,12.81,13.01,12.59,12.65,842008.6
1741651200,12.65,12.83,11.85,12.44,2025968.3
1741665600,12.44,12.95,12.4,12.73,1373996.35
1741680000,12.73,13.19,12.65,13.05,1460885.44
1741694400,13.05,13.2,12.36,12.99,2929323.95
1741708800,12.99,13.66,12.79,13.6,1637645.8
1741723200,13.6,13.65,13.08,13.13,588806.55
1741737600,13.13,13.5,12.82,12.84,763211.57
1741752000,12.84,13.13,12.64,13.09,1004194.42
1741766400,13.09,13.41,12.99,13.36,1019068.68
1741780800,13.36,13.81,12.77,13.07,2133626.52
1741795200,13.07,13.37,13.03,13.28,911059.19
1741809600,13.28,13.52,13.2,13.49,496799.68
1741824000,13.49,13.54,13.22,13.28,624051.42
1741838400,13.28,13.34,13.05,13.13,694591.57
1741852800,13.13,13.49,12.98,13.44,692526.12
1741867200,13.44,13.6,12.97,13.02,1067839.97
1741881600,13.02,13.06,12.71,12.82,622652.88
1741896000,12.82,13.22,12.73,13.04,440091.06
1741910400,13.04,13.36,12.99,13.26,284880.6
1741924800,13.26,13.45,13.24,13.34,413940.33
1741939200,13.34,14.43,13.31,14.1,6141834.74
1741953600,14.1,14.71,13.95,14.37,2502389.42
1741968000,14.37,14.69,13.9,13.94,1538079.25
1741982400,13.94,13.96,13.6,13.66,1874164.98
1741996800,13.66,14.09,13.63,14.01,629955.71
1742011200,14.01,14.25,13.71,13.79,711107.19
1742025600,13.79,14.1,13.75,14.04,691863.69
1742040000,14.04,14.15,13.91,14.04,588371.39
1742054400,14.04,14.16,13.95,14.05,466871.78
1742068800,14.05,14.16,14.0,14.01,320108.03
1742083200,14.01,14.04,13.77,13.98,307728.43
1742097600,13.98,14.18,13.97,14.16,346902.27
1742112000,14.16,14.19,13.48,13.52,719406.63
1742126400,13.52,13.66,13.33,13.48,543896.95
1742140800,13.48,13.8,13.36,13.41,551960.47
1742155200,13.41,13.51,13.21,13.37,310215.79
1742169600,13.37,13.76,13.34,13.69,337904.79
1742184000,13.69,13.84,13.48,13.77,540466.06
1742198400,13.77,13.9,13.66,13.8,428352.12
1742212800,13.8,13.95,13.54,13.76,969930.91
1742227200,13.76,14.21,13.65,14.12,679735.75
1742241600,14.12,14.24,13.96,14.03,363093.48
1742256000,14.03,14.1,13.74,13.83,407797.86
1742270400,13.83,14.22,13.8,14.14,493358.79
1742284800,14.14,14.28,13.69,13.72,695695.46
1742299200,13.72,13.85,13.54,13.6,568513.91
1742313600,13.6,13.76,13.46,13.71,439266.54
1742328000,13.71,13.96,13.59,13.91,317401.81
1742342400,13.91,14.08,13.77,13.99,406537.57
1742356800,13.99,14.02,13.84,13.86,319911.05
1742371200,13.86,14.5,13.85,14.46,992875.85
1742385600,14.46,14.68,14.28,14.62,1231616.96
1742400000,14.62,14.67,14.19,14.48,1228614.29
1742414400,14.48,15.05,14.45,15.03,903214.88
1742428800,15.03,15.17,14.7,14.72,717063.42
1742443200,14.72,14.79,14.58,14.63,358208.91
1742457600,14.63,14.81,14.37,14.49,572953.81
1742472000,14.49,14.76,14.32,14.35,644220.7
1742486400,14.35,14.43,14.08,14.17,548687.56
1742500800,14.17,14.29,14.11,14.22,251780.11
1742515200,14.22,14.39,14.13,14.14,325373.71
1742529600,14.14,14.27,14.06,14.19,205706.54
1742544000,14.19,14.28,13.95,14.07,309832.35
1742558400,14.07,14.14,13.84,13.89,444272.92
1742572800,13.89,14.12,13.82,14.0,268709.14
1742587200,14.0,14.18,13.93,13.97,197793.42
1742601600,13.97,14.14,13.93,14.07,200054.96
1742616000,14.07,14.16,14.05,14.07,176158.59
1742630400,14.07,14.3,14.05,14.2,353195.89
1742644800,14.2,14.35,14.12,14.23,229606.81
1742659200,14.23,14.5,14.2,14.46,271444.77
1742673600,14.46,14.5,14.15,14.25,244298.39
1742688000,14.25,14.47,14.21,14.46,224958.54
1742702400,14.46,14.47,14.27,14.29,152809.75
1742716800,14.29,14.49,14.24,14.38,313829.68
1742731200,14.38,14.5,14.28,14.43,305880.65
1742745600,14.43,14.45,14.24,14.35,237489.08
1742760000,14.35,14.47,14.23,14.47,166148.8
1742774400,14.47,14.71,14.16,14.66,666273.99
1742788800,14.66,15.16,14.66,15.03,706011.25
1742803200,15.03,15.31,15.02,15.19,563515.05
1742817600,15.19,15.41,15.05,15.21,957224.69
1742832000,15.21,15.25,14.99,15.16,393960.62
1742846400,15.16,15.26,14.99,15.13,222470.98
1742860800,15.13,15.25,14.87,14.9,345227.39
1742875200,14.9,15.25,14.87,15.2,414276.12
1742889600,15.2,15.5,15.2,15.44,382937.67
1742904000,15.44,15.59,15.27,15.33,523242.89
1742918400,15.33,15.52,15.28,15.46,261656.46
1742932800,15.46,15.61,15.33,15.44,292387.17
1742947200,15.44,15.62,15.24,15.32,322867.31
1742961600,15.32,15.95,15.3,15.92,428431.8
1742976000,15.92,16.0,15.78,15.87,514420.65
1742990400,15.87,15.88,15.22,15.3,974242.92
1743004800,15.3,15.47,14.94,15.15,519570.68
1743019200,15.15,15.32,15.03,15.24,391370.12
1743033600,15.24,15.79,15.17,15.72,437752.58
1743048000,15.72,15.74,15.51,15.63,286538.69
1743062400,15.63,15.75,15.48,15.51,431651.79
1743076800,15.51,15.8,15.26,15.56,844874.67
1743091200,15.56,15.62,15.3,15.48,298243.04
1743105600,15.48,15.69,15.4,15.52,200672.26
1743120000,15.52,15.59,15.25,15.35,353096.42
1743134400,15.35,15.4,14.39,14.47,1023683.13
1743148800,14.47,14.53,14.2,14.39,706149.42
1743163200,14.39,14.47,14.14,14.16,809965.11
1743177600,14.16,14.22,14.0,14.07,303849.02
1743192000,14.07,14.33,14.02,14.25,335430.95
1743206400,14.25,14.42,14.05,14.24,259979.93
1743220800,14.24,14.29,13.84,13.91,370001.12
1743235200,13.91,14.04,13.54,13.65,723240.62
1743249600,13.65,13.84,13.6,13.64,286044.63
1743264000,13.64,13.7,13.38,13.58,545183.8
1743278400,13.58,13.58,13.37,13.55,229446.48
1743292800,13.55,13.8,13.39,13.67,453429.08
1743307200,13.67,13.78,13.59,13.67,192209.74
1743321600,13.67,13.87,13.65,13.74,316308.08
1743336000,13.74,13.79,13.46,13.61,362827.81
1743350400,13.61,13.73,13.38,13.6,373454.99
1743364800,13.6,13.63,13.19,13.41,363165.78
1743379200,13.41,13.54,13.12,13.25,406329.17
1743393600,13.25,13.45,13.13,13.21,443902.53
1743408000,13.21,13.32,12.96,13.23,593390.15
1743422400,13.23,13.69,13.13,13.56,760562.83
1743436800,13.56,13.72,13.41,13.53,300444.35
1743451200,13.53,13.65,13.44,13.51,159976.75
1743465600,13.51,13.77,13.49,13.64,297078.5
1743480000,13.64,13.8,13.57,13.74,190669.05
1743494400,13.74,14.09,13.73,13.96,437130.27
1743508800,13.96,14.39,13.69,14.3,765504.1
1743523200,14.3,14.4,14.11,14.18,617691.75
1743537600,14.18,14.27,14.02,14.04,361637.23
1743552000,14.04,14.05,13.65,13.74,603920.45
1743566400,13.74,13.85,13.34,13.38,938408.79
1743580800,13.38,13.7,13.32,13.5,556361.97
1743595200,13.5,14.2,13.36,14.05,1600570.51
1743609600,14.05,14.17,13.72,14.0,686845.92
1743624000,14.0,14.4,12.81,12.9,2428281.85
1743638400,12.9,13.31,12.84,13.19,665795.66
1743652800,13.19,13.29,12.87,12.95,449876.24
1743667200,12.95,13.08,12.69,12.82,611541.23
1743681600,12.82,12.83,12.3,12.56,2191335.88
1743696000,12.56,12.72,12.41,12.65,720861.27
1743710400,12.65,12.91,12.6,12.9,500314.29
1743724800,12.9,12.96,12.65,12.71,420286.47
1743739200,12.71,13.11,12.6,13.07,428169.13
1743753600,13.07,13.2,12.35,12.56,1361963.0
1743768000,12.56,12.93,12.44,12.74,1324938.75
1743782400,12.74,13.08,12.67,12.93,722852.02
1743796800,12.93,13.09,12.87,12.94,300937.32
1743811200,12.94,13.04,12.84,12.85,289983.97
1743825600,12.85,12.92,12.78,12.88,207607.19
1743840000,12.88,13.06,12.83,12.89,286143.67
1743854400,12.89,12.93,12.57,12.64,322069.84
1743868800,12.64,12.73,12.6,12.61,121314.97
1743883200,12.61,12.88,12.58,12.85,187656.12
1743897600,12.85,12.96,12.71,12.79,159325.35
1743912000,12.79,12.83,12.63,12.65,134186.09
1743926400,12.65,12.71,12.54,12.62,198008.44
1743940800,12.62,12.65,12.07,12.33,875592.24
1743955200,12.33,12.35,11.44,11.59,1549650.07
1743969600,11.59,11.65,11.0,11.28,1453878.54
1743984000,11.28,11.52,10.8,10.94,1331208.36
1743998400,10.94,11.16,10.1,10.35,3220003.52
1744012800,10.35,10.94,10.3,10.71,1810193.58
1744027200,10.71,11.89,10.66,11.29,5251750.08
1744041600,11.29,11.5,11.08,11.33,1318264.33
1744056000,11.33,11.67,11.33,11.45,477921.42
1744070400,11.45,11.88,11.36,11.65,459370.46
1744084800,11.65,11.87,11.51,11.61,503057.12
1744099200,11.61,11.81,11.42,11.78,666533.13
1744113600,11.78,11.89,11.37,11.42,832884.99
1744128000,11.42,11.45,10.84,10.91,1233363.41
1744142400,10.91,11.09,10.78,10.93,688907.72
1744156800,10.93,11.01,10.44,10.69,995020.37
1744171200,10.69,11.51,10.67,11.39,2047256.85
1744185600,11.39,11.48,11.1,11.18,1081775.5
1744200000,11.18,11.5,11.05,11.37,903453.74
1744214400,11.37,12.76,11.35,12.6,3311938.78
1744228800,12.6,12.82,12.6,12.65,641446.45
1744243200,12.65,12.67,12.16,12.32,559243.57
1744257600,12.32,12.51,12.23,12.32,392930.31
1744272000,12.32,12.44,12.26,12.41,369563.9
1744286400,12.41,12.62,11.77,11.83,1603442.41
1744300800,11.83,12.11,11.68,12.0,942166.23
1744315200,12.0,12.13,11.98,12.08,270899.28
1744329600,12.08,12.47,12.02,12.39,617147.68
1744344000,12.39,12.54,12.32,12.4,364680.3
1744358400,12.4,12.71,12.32,12.47,601203.97
1744372800,12.47,12.68,12.37,12.55,950788.64
1744387200,12.55,12.81,12.46,12.71,519189.39
1744401600,12.71,12.9,12.59,12.64,270578.25
1744416000,12.64,12.7,12.47,12.55,221930.01
1744430400,12.55,12.8,12.5,12.78,237623.99
1744444800,12.78,12.95,12.67,12.75,256090.9
1744459200,12.75,13.27,12.71,13.12,1038743.94
1744473600,13.12,13.19,12.96,13.08,367710.67
1744488000,13.08,13.29,13.08,13.15,346243.28
1744502400,13.15,13.23,12.98,13.05,330850.09
1744516800,13.05,13.05,12.87,12.93,257512.28
1744531200,12.93,13.17,12.78,12.78,611218.29
1744545600,12.78,12.91,12.59,12.67,558981.52
1744560000,12.67,13.23,12.48,12.67,807048.95
1744574400,12.67,12.82,12.43,12.62,588684.95
1744588800,12.62,13.16,12.58,12.78,610952.48
1744603200,12.78,12.91,12.57,12.74,319285.23
1744617600,12.74,13.25,12.69,13.16,479460.45
1744632000,13.16,13.24,12.66,12.71,696049.1
1744646400,12.71,13.02,12.64,12.86,436057.13
1744660800,12.86,12.88,12.57,12.63,259293.78
1744675200,12.63,12.76,12.52,12.73,367557.68
1744689600,12.73,12.81,12.61,12.73,390380.74
1744704000,12.73,12.8,12.51,12.6,384045.05
1744718400,12.6,12.84,12.29,12.37,1083690.84
1744732800,12.37,12.45,12.26,12.37,460056.63
1744747200,12.37,12.44,12.21,12.24,402815.53
1744761600,12.24,12.43,12.17,12.4,354441.89
1744776000,12.4,12.44,12.13,12.15,310108.18
1744790400,12.15,12.31,12.04,12.17,354578.92
1744804800,12.17,12.53,12.04,12.32,522424.32
1744819200,12.32,12.5,11.89,12.39,1005388.16
1744833600,12.39,12.51,12.27,12.35,349910.36
1744848000,12.35,12.51,12.3,12.39,205320.05
1744862400,12.39,12.7,12.35,12.61,333452.84
1744876800,12.61,12.63,12.39,12.44,344811.07
1744891200,12.44,12.55,12.2,12.44,497586.18
1744905600,12.44,12.71,12.38,12.5,662551.72
1744920000,12.5,12.63,12.48,12.54,211896.91
1744934400,12.54,12.59,12.4,12.57,209046.12
1744948800,12.57,12.69,12.53,12.64,197804.12
1744963200,12.64,12.72,12.59,12.63,249963.82
1744977600,12.63,12.65,12.46,12.51,252350.18
1744992000,12.51,12.65,12.5,12.64,123454.7
1745006400,12.64,12.66,12.52,12.56,122611.54
1745020800,12.56,12.77,12.53,12.72,199463.95
1745035200,12.72,12.89,12.71,12.86,241660.34
1745049600,12.86,12.93,12.75,12.76,194872.52
1745064000,12.76,12.84,12.71,12.75,152409.44
1745078400,12.75,13.01,12.7,12.94,229437.57
1745092800,12.94,13.06,12.9,12.94,170560.25
1745107200,12.94,13.05,12.91,13.03,185978.68
1745121600,13.03,13.1,12.88,12.97,241633.8
1745136000,12.97,13.14,12.87,12.91,497028.29
1745150400,12.91,13.21,12.9,13.1,413988.17
1745164800,13.1,13.45,13.05,13.41,417944.81
1745179200,13.41,13.6,13.24,13.28,520992.39
1745193600,13.28,13.66,13.25,13.53,582629.33
1745208000,13.53,13.65,13.46,13.64,429760.18
1745222400,13.64,13.7,13.39,13.45,379330.21
1745236800,13.45,13.59,13.32,13.36,546585.93
1745251200,13.36,13.39,12.96,13.14,510975.64
1745265600,13.14,13.15,13.01,13.11,174117.45
1745280000,13.11,13.32,12.88,13.12,457601.29
1745294400,13.12,13.34,13.01,13.29,340224.61
1745308800,13.29,13.53,13.24,13.46,507730.62
1745323200,13.46,14.09,13.4,13.86,1379487.1
1745337600,13.86,13.93,13.72,13.86,520201.99
1745352000,13.86,14.18,13.77,14.13,667236.95
1745366400,14.13,14.43,14.01,14.42,789412.01
1745380800,14.42,14.77,14.35,14.74,610004.21
1745395200,14.74,15.16,14.7,15.01,777466.59
1745409600,15.01,15.28,14.58,14.85,1559101.07
1745424000,14.85,15.04,14.71,14.86,475672.07
1745438400,14.86,15.15,14.84,15.02,267825.45
1745452800,15.02,15.12,14.56,14.57,453912.05
1745467200,14.57,14.63,14.27,14.32,663026.01
1745481600,14.32,14.46,14.15,14.44,509097.03
1745496000,14.44,15.15,14.36,14.88,833902.84
1745510400,14.88,15.08,14.71,14.95,495766.89
1745524800,14.95,15.11,14.85,15.06,307621.78
1745539200,15.06,15.2,14.71,14.98,597228.81
1745553600,14.98,15.29,14.84,15.12,518025.35
1745568000,15.12,15.3,14.98,15.16,601934.96
1745582400,15.16,15.36,14.81,15.19,1362319.36
1745596800,15.19,15.25,14.93,15.06,507042.38
1745611200,15.06,15.08,14.88,14.92,204227.05
1745625600,14.92,15.28,14.91,15.09,408683.52
1745640000,15.09,15.22,14.95,15.09,298964.89
1745654400,15.09,15.26,14.73,14.78,614854.22
1745668800,14.78,14.94,14.67,14.92,390961.02
1745683200,14.92,14.96,14.79,14.89,210263.55
1745697600,14.89,14.97,14.79,14.86,203997.08
1745712000,14.86,15.1,14.6,14.76,565750.17
1745726400,14.76,14.84,14.42,14.56,499830.63
1745740800,14.56,14.67,14.5,14.52,273116.82
1745755200,14.52,14.66,14.37,14.47,470055.11
1745769600,14.47,14.82,14.39,14.82,278409.66
1745784000,14.82,14.82,14.55,14.56,369460.34
1745798400,14.56,14.87,14.24,14.85,683053.52
1745812800,14.85,15.04,14.74,15.01,499802.78
1745827200,15.01,15.11,14.8,14.96,506905.17
1745841600,14.96,14.98,14.45,14.55,580549.13
1745856000,14.55,15.01,14.41,14.96,416574.01
1745870400,14.96,15.11,14.8,15.03,362456.29
1745884800,15.03,15.24,14.93,15.07,482791.05
1745899200,15.07,15.21,14.84,15.17,335839.43
1745913600,15.17,15.23,15.0,15.02,403612.2
1745928000,15.02,15.05,14.84,14.91,429869.93
1745942400,14.91,15.02,14.78,14.86,190584.38
1745956800,14.86,14.9,14.47,14.6,330499.18
1745971200,14.6,14.76,14.5,14.72,253879.07
1745985600,14.72,14.74,14.46,14.54,185277.78
1746000000,14.54,14.67,14.46,14.63,190304.19
1746014400,14.63,14.64,13.83,14.13,963907.38
1746028800,14.13,14.38,13.99,14.21,298918.93
1746043200,14.21,14.43,14.21,14.3,235301.29
1746057600,14.3,14.68,14.3,14.54,311014.06
1746072000,14.54,14.75,14.48,14.72,215640.86
1746086400,14.72,15.03,14.7,14.98,517237.83
1746100800,14.98,15.04,14.71,14.86,958447.93
1746115200,14.86,15.02,14.82,14.85,574415.44
1746129600,14.85,14.96,14.73,14.74,375948.36
1746144000,14.74,15.03,14.7,14.88,492930.07
1746158400,14.88,14.9,14.55,14.56,396679.97
1746172800,14.56,14.77,14.55,14.59,334375.51
1746187200,14.59,14.88,14.49,14.79,863006.81
1746201600,14.79,15.02,14.61,14.64,442411.77
1746216000,14.64,14.8,14.57,14.65,272544.44
1746230400,14.65,14.67,14.49,14.52,259192.95
1746244800,14.52,14.55,14.36,14.39,280127.17
1746259200,14.39,14.43,14.28,14.3,317330.94
1746273600,14.3,14.53,14.3,14.42,283074.26
1746288000,14.42,14.43,14.16,14.38,390109.7
1746302400,14.38,14.45,14.23,14.24,259015.72
1746316800,14.24,14.37,14.15,14.18,298013.87
1746331200,14.18,14.27,14.07,14.12,223844.94
1746345600,14.12,14.14,13.97,14.05,277083.07
1746360000,14.05,14.18,13.99,14.1,237143.31
1746374400,14.1,14.13,13.96,14.01,243653.47
1746388800,14.01,14.19,13.81,13.86,299691.24
1746403200,13.86,14.03,13.77,13.88,427872.7
1746417600,13.88,14.2,13.85,14.12,215583.04
1746432000,14.12,14.15,13.66,13.74,521561.11
1746446400,13.74,13.83,13.52,13.56,746752.24
1746460800,13.56,13.82,13.55,13.64,291918.28
1746475200,13.64,13.77,13.48,13.65,244711.98
1746489600,13.65,13.68,13.4,13.59,260647.02
1746504000,13.59,13.63,13.49,13.52,214852.57
1746518400,13.52,13.53,13.22,13.28,451536.62
1746532800,13.28,13.51,13.2,13.39,364399.47
1746547200,13.39,13.7,13.32,13.61,401088.59
1746561600,13.61,13.89,13.32,13.82,474387.79
1746576000,13.82,14.09,13.78,13.93,448640.76
1746590400,13.93,14.01,13.71,13.93,299620.97
1746604800,13.93,13.99,13.77,13.87,309414.23
1746619200,13.87,13.88,13.57,13.59,220398.17
1746633600,13.59,13.71,13.46,13.56,367957.48
1746648000,13.56,13.92,13.54,13.82,227305.71
1746662400,13.82,14.51,13.81,14.5,682895.41
1746676800,14.5,14.74,14.46,14.69,684532.12
1746691200,14.69,14.97,14.67,14.89,614355.24
1746705600,14.89,15.43,14.8,15.23,1295062.25
1746720000,15.23,15.6,15.17,15.55,1104355.7
1746734400,15.55,15.99,15.48,15.88,1294837.49
1746748800,15.88,15.96,15.64,15.69,810520.53
1746763200,15.69,16.29,15.58,16.11,1339704.94
1746777600,16.11,16.73,15.85,16.22,2509463.59
1746792000,16.22,16.39,15.76,15.96,1069333.08
1746806400,15.96,16.2,15.74,16.01,614454.74
1746820800,16.01,16.09,15.91,16.01,559212.84
1746835200,16.01,16.3,15.86,16.05,746506.41
1746849600,16.05,16.42,15.89,16.36,693713.11
1746864000,16.36,16.5,16.03,16.1,894890.82
1746878400,16.1,16.51,16.09,16.42,720616.57
1746892800,16.42,17.0,16.4,16.79,1134196.79
1746907200,16.79,17.47,16.64,17.34,1040412.43
1746921600,17.34,17.42,16.79,16.94,1118598.04
1746936000,16.94,17.04,16.3,16.45,871237.63
1746950400,16.45,16.69,16.38,16.67,534844.36
1746964800,16.67,16.84,16.41,16.61,984722.25
1746979200,16.61,17.07,16.43,16.95,699586.76
1746993600,16.95,17.16,16.85,17.1,615663.74
1747008000,17.1,17.35,16.79,17.16,781888.85
1747022400,17.16,17.98,16.94,17.51,1086783.97
1747036800,17.51,17.64,17.1,17.14,980603.73
1747051200,17.14,17.59,16.69,16.84,1508579.49
1747065600,16.84,17.03,16.03,16.53,1702801.09
1747080000,16.53,16.84,16.4,16.74,425179.85
1747094400,16.74,16.74,16.05,16.08,826647.47
1747108800,16.08,16.57,16.03,16.41,455879.18
1747123200,16.41,16.78,16.36,16.66,521777.9
1747137600,16.66,16.9,16.53,16.87,1183667.12
1747152000,16.87,17.81,16.83,17.62,1240582.67
1747166400,17.62,17.75,17.35,17.39,912211.08
1747180800,17.39,17.53,17.06,17.23,824908.57
1747195200,17.23,17.45,17.09,17.19,459157.97
1747209600,17.19,17.25,16.81,17.11,661619.92
1747224000,17.11,17.27,16.77,17.01,908000.81
1747238400,17.01,17.1,16.67,17.01,496356.8
1747252800,17.01,17.12,16.8,17.01,389112.8
1747267200,17.01,17.21,16.68,16.71,418849.58
1747281600,16.71,16.83,16.18,16.2,631545.66
1747296000,16.2,16.56,16.08,16.32,737099.28
1747310400,16.32,16.48,15.85,16.45,1052740.3
1747324800,16.45,16.72,15.99,16.17,865108.06
1747339200,16.17,16.32,15.69,16.04,894297.44
1747353600,16.04,16.34,15.92,16.29,716385.75
1747368000,16.29,16.5,16.15,16.35,414042.59
1747382400,16.35,16.54,16.03,16.35,525546.67
1747396800,16.35,16.39,16.08,16.25,538598.56
1747411200,16.25,16.34,15.98,16.06,356536.16
1747425600,16.06,16.09,15.61,15.76,486217.96
1747440000,15.76,15.79,15.24,15.51,730701.24
1747454400,15.51,15.63,15.33,15.4,224120.58
1747468800,15.4,15.48,15.25,15.31,396308.6
1747483200,15.31,15.42,15.12,15.3,362713.53
1747497600,15.3,15.44,15.07,15.24,502209.22
1747512000,15.24,15.49,15.14,15.32,418515.66
1747526400,15.32,15.44,15.26,15.36,403530.87
1747540800,15.36,15.75,15.36,15.73,373844.22
1747555200,15.73,15.88,15.63,15.63,379636.04
1747569600,15.63,16.36,15.55,16.35,680985.45
1747584000,16.35,16.4,15.18,15.19,1241115.22
1747598400,15.19,15.97,14.88,15.88,1207767.07
1747612800,15.88,16.01,15.12,15.14,692296.96
1747627200,15.14,15.29,14.84,15.18,670242.39
1747641600,15.18,15.31,15.1,15.21,434787.79
1747656000,15.21,15.51,15.01,15.47,738618.86
1747670400,15.47,15.92,15.35,15.78,1282448.38
1747684800,15.78,15.85,15.65,15.78,512425.01
1747699200,15.78,16.42,15.66,16.13,1044221.23
1747713600,16.13,16.3,15.89,15.95,786018.59
1747728000,15.95,16.04,15.53,15.67,690821.76
1747742400,15.67,15.68,15.42,15.54,725433.14
1747756800,15.54,15.68,15.24,15.6,601321.06
1747771200,15.6,15.82,15.5,15.71,541453.32
1747785600,15.71,15.93,15.52,15.86,568213.47
1747800000,15.86,16.09,15.79,15.84,847496.17
1747814400,15.84,16.25,15.57,15.87,1077255.3
1747828800,15.87,16.17,15.62,16.11,1041454.38
1747843200,16.11,16.49,15.54,15.96,1840549.75
1747857600,15.96,16.33,15.76,16.1,718493.0
1747872000,16.1,16.52,16.04,16.42,705386.08
1747886400,16.42,16.49,16.21,16.42,670357.43
1747900800,16.42,16.75,16.39,16.61,934683.16
1747915200,16.61,16.9,16.38,16.8,1199534.12
1747929600,16.8,16.91,16.61,16.65,536637.65
1747944000,16.65,16.78,16.53,16.74,496285.92
1747958400,16.74,17.16,16.59,17.12,966431.12
1747972800,17.12,17.15,16.56,16.67,837141.56
1747987200,16.67,17.12,16.21,16.3,1186958.3
1748001600,16.3,16.48,15.78,16.2,1892240.14
1748016000,16.2,16.38,16.03,16.04,555127.79
1748030400,16.04,16.05,15.42,15.53,752733.88
1748044800,15.53,15.82,15.44,15.74,627592.64
1748059200,15.74,15.88,15.64,15.68,391870.66
1748073600,15.68,15.91,15.62,15.76,402286.01
1748088000,15.76,15.8,15.58,15.65,418091.66
1748102400,15.65,15.69,15.42,15.5,311877.42
1748116800,15.5,15.51,15.24,15.34,450021.15
1748131200,15.34,15.51,15.11,15.47,491803.91
1748145600,15.47,15.47,15.26,15.29,220337.7
1748160000,15.29,15.3,15.06,15.15,314541.64
1748174400,15.15,15.31,14.86,15.03,563991.15
1748188800,15.03,15.18,14.88,15.13,262436.51
1748203200,15.13,15.56,15.0,15.54,383006.77
1748217600,15.54,15.8,15.49,15.69,406930.98
1748232000,15.69,15.94,15.58,15.93,286683.97
1748246400,15.93,15.96,15.69,15.74,340260.35
1748260800,15.74,15.81,15.42,15.77,487407.44
1748275200,15.77,15.83,15.4,15.49,294424.79
1748289600,15.49,15.68,15.4,15.54,327929.71
1748304000,15.54,15.6,15.15,15.45,457322.64
1748318400,15.45,15.9,15.44,15.84,495968.78
1748332800,15.84,15.98,15.82,15.95,459345.67
1748347200,15.95,16.11,15.72,16.0,558632.01
1748361600,16.0,16.13,15.87,15.93,269134.46
1748376000,15.93,16.02,15.78,15.91,273046.66
1748390400,15.91,16.06,15.71,16.04,270550.46
1748404800,16.04,16.16,15.78,15.87,256929.48
1748419200,15.87,16.01,15.73,15.98,280122.09
1748433600,15.98,16.1,15.43,15.45,746704.82
1748448000,15.45,15.68,15.31,15.32,390594.2
1748462400,15.32,15.77,15.31,15.69,342384.37
1748476800,15.69,16.19,15.58,16.03,905952.59
1748491200,16.03,16.07,15.68,15.79,500053.02
1748505600,15.79,15.93,15.71,15.85,348663.98
1748520000,15.85,15.86,15.31,15.36,729022.97
1748534400,15.36,15.49,15.14,15.19,532111.79
1748548800,15.19,15.3,15.0,15.05,454624.34
1748563200,15.05,15.12,14.19,14.7,2344625.63
1748577600,14.7,14.76,14.43,14.49,555198.42
1748592000,14.49,14.59,14.29,14.54,820130.58
1748606400,14.54,14.6,14.23,14.25,771571.83
1748620800,14.25,14.35,13.81,14.26,1065001.99
1748635200,14.26,14.28,13.76,13.9,549568.3
1748649600,13.9,13.94,13.39,13.56,1148085.84
1748664000,13.56,13.76,13.42,13.71,578184.94
1748678400,13.71,13.9,13.62,13.67,367617.19
1748692800,13.67,14.02,13.65,13.87,448741.43
1748707200,13.87,14.18,13.83,14.12,345039.34
1748721600,14.12,14.19,13.95,13.97,354208.83
1748736000,13.97,13.98,13.75,13.84,291496.05
1748750400,13.84,14.0,13.8,13.87,170485.85
1748764800,13.87,13.89,13.58,13.81,420721.03
1748779200,13.81,13.97,13.7,13.95,210790.14
1748793600,13.95,14.1,13.78,14.0,359307.55
1748808000,14.0,14.13,13.94,14.06,220636.8
1748822400,14.06,14.09,13.81,13.87,207241.7
1748836800,13.87,13.99,13.78,13.89,144917.47
1748851200,13.89,13.97,13.64,13.68,310148.23
1748865600,13.68,13.83,13.63,13.71,392596.54
1748880000,13.71,13.85,13.59,13.68,300724.22
1748894400,13.68,14.12,13.68,14.07,448042.32
1748908800,14.07,14.45,14.03,14.15,626414.34
1748923200,14.15,14.23,14.04,14.13,299332.23
1748937600,14.13,14.17,14.0,14.09,274641.08
1748952000,14.09,14.45,14.04,14.33,703578.47
1748966400,14.33,14.41,14.22,14.35,236259.09
1748980800,14.35,14.36,13.98,14.11,257145.46
1748995200,14.11,14.4,14.05,14.33,250678.59
1749009600,14.33,14.41,14.23,14.28,196691.74
1749024000,14.28,14.48,14.19,14.19,287627.16
1749038400,14.19,14.24,13.96,14.18,424991.73
1749052800,14.18,14.18,13.89,13.9,220580.42
1749067200,13.9,13.95,13.7,13.83,317640.73
1749081600,13.83,13.96,13.74,13.88,338281.31
1749096000,13.88,13.94,13.71,13.74,316331.87
1749110400,13.74,13.84,13.63,13.77,330820.18
1749124800,13.77,14.04,13.52,13.72,642776.17
1749139200,13.72,13.73,13.08,13.19,1105220.98
1749153600,13.19,13.24,12.64,12.89,1591761.28
1749168000,12.89,13.2,12.82,13.19,395648.92
1749182400,13.19,13.27,13.09,13.18,304236.37
1749196800,13.18,13.28,13.15,13.21,337474.42
1749211200,13.21,13.69,13.19,13.54,1238177.35
1749225600,13.54,13.62,13.41,13.47,413414.06
1749240000,13.47,13.62,13.44,13.56,203303.68
1749254400,13.56,13.84,13.48,13.8,275178.55
1749268800,13.8,14.07,13.74,14.02,366892.84
1749283200,14.02,14.08,13.91,13.99,380698.79
1749297600,13.99,14.08,13.89,13.94,362914.17
1749312000,13.94,13.96,13.76,13.82,198891.17
1749326400,13.82,13.92,13.76,13.83,212331.57
1749340800,13.83,13.86,13.74,13.79,182748.95
1749355200,13.79,13.83,13.72,13.74,122034.18
1749369600,13.74,13.78,13.55,13.76,298138.58
1749384000,13.76,13.88,13.68,13.76,210088.37
1749398400,13.76,13.91,13.75,13.91,208799.96
1749412800,13.91,13.98,13.66,13.73,279821.29
1749427200,13.73,13.8,13.62,13.72,202799.99
1749441600,13.72,13.73,13.54,13.67,178218.73
1749456000,13.67,13.96,13.56,13.9,559717.47
1749470400,13.9,14.01,13.76,13.93,336592.84
1749484800,13.93,14.1,13.93,14.01,361184.58
1749499200,14.01,14.4,14.01,14.36,501077.56
1749513600,14.36,14.63,14.32,14.48,453851.67
1749528000,14.48,14.57,14.32,14.48,324164.57
1749542400,14.48,15.23,14.42,15.17,953757.91
1749556800,15.17,15.35,14.81,15.09,1170107.29
1749571200,15.09,15.53,15.04,15.27,1285736.23
1749585600,15.27,15.46,15.13,15.45,422629.13
1749600000,15.45,15.52,15.13,15.3,455232.77
1749614400,15.3,15.45,15.19,15.39,306329.7
1749628800,15.39,15.51,15.07,15.18,952608.95
1749643200,15.18,15.66,15.08,15.61,1310473.59
1749657600,15.61,15.64,15.09,15.15,774537.28
1749672000,15.15,15.25,14.77,14.89,543514.28
1749686400,14.89,14.93,14.58,14.65,438151.31
1749700800,14.65,14.68,14.42,14.42,424407.51
1749715200,14.42,14.48,14.05,14.13,1168159.76
1749729600,14.13,14.51,14.09,14.26,716278.6
1749744000,14.26,14.58,14.08,14.13,496998.68
1749758400,14.13,14.19,13.83,13.97,713938.92
1749772800,13.97,13.99,12.75,13.26,3165139.89
1749787200,13.26,13.3,13.02,13.24,799724.8
1749801600,13.24,13.41,13.13,13.33,502729.84
1749816000,13.33,13.49,13.11,13.41,893413.88
1749830400,13.41,13.6,13.03,13.13,867105.8
1749844800,13.13,13.46,13.09,13.44,301565.11
1749859200,13.44,13.46,13.24,13.26,322025.22
1749873600,13.26,13.34,13.13,13.21,196573.18
1749888000,13.21,13.22,13.09,13.16,315407.29
1749902400,13.16,13.2,12.9,13.0,429968.05
1749916800,13.0,13.08,12.83,13.0,385628.23
1749931200,13.0,13.21,12.92,13.15,199475.32
1749945600,13.15,13.27,13.14,13.23,119431.15
1749960000,13.23,13.33,13.11,13.16,225988.28
1749974400,13.16,13.17,13.02,13.08,154710.74
1749988800,13.08,13.31,13.05,13.17,388566.09
1750003200,13.17,13.24,13.1,13.13,220979.95
1750017600,13.13,13.32,13.0,13.3,348278.14
1750032000,13.3,13.49,13.17,13.38,284977.72
1750046400,13.38,13.74,13.37,13.68,429516.23
1750060800,13.68,13.75,13.55,13.68,232535.54
1750075200,13.68,13.9,13.63,13.8,487285.36
1750089600,13.8,14.09,13.79,14.06,322209.61
1750104000,14.06,14.17,13.52,13.56,1002024.3
1750118400,13.56,13.79,13.31,13.67,1289480.21
1750132800,13.67,13.74,13.47,13.5,419238.82
1750147200,13.5,13.52,13.2,13.26,293563.22
1750161600,13.26,13.37,12.93,13.06,692083.62
1750176000,13.06,13.25,12.8,13.16,694598.64
1750190400,13.16,13.2,12.86,12.99,337645.68
1750204800,12.99,13.16,12.97,13.07,261078.16
1750219200,13.07,13.23,13.03,13.09,218902.75
1750233600,13.09,13.14,12.69,12.86,454032.73
1750248000,12.86,13.0,12.63,12.89,658658.94
1750262400,12.89,12.94,12.69,12.77,567924.55
1750276800,12.77,13.15,12.74,13.11,413315.09
1750291200,13.11,13.25,13.02,13.21,260476.11
1750305600,13.21,13.28,13.12,13.13,299626.1
1750320000,13.13,13.38,13.12,13.16,315137.43
1750334400,13.16,13.22,12.94,12.95,407307.92
1750348800,12.95,13.17,12.91,13.03,272118.48
1750363200,13.03,13.16,12.99,13.07,296619.79
1750377600,13.07,13.12,12.99,13.0,183331.51
1750392000,13.0,13.19,12.89,13.18,278675.5
1750406400,13.18,13.29,13.07,13.13,369833.79
1750420800,13.13,13.25,12.83,12.9,458546.79
1750435200,12.9,12.92,12.3,12.58,1069591.46
1750449600,12.58,12.73,12.37,12.51,378617.0
1750464000,12.51,12.73,12.49,12.69,130001.04
1750478400,12.69,12.71,12.58,12.63,185795.65
1750492800,12.63,12.75,12.63,12.68,155250.58
1750507200,12.68,12.7,12.39,12.5,254392.42
1750521600,12.5,12.56,12.18,12.2,355267.81
1750536000,12.2,12.33,11.69,12.03,1525072.65
1750550400,12.03,12.2,11.83,11.91,652897.52
1750564800,11.91,12.1,11.87,11.97,310418.88
1750579200,11.97,12.01,11.78,11.89,521180.93
1750593600,11.89,11.97,11.29,11.45,2455896.51
1750608000,11.45,11.58,11.2,11.22,594787.21
1750622400,11.22,11.67,10.94,11.65,1383608.55
1750636800,11.65,11.77,11.55,11.64,468846.21
1750651200,11.64,11.92,11.62,11.85,311046.78
1750665600,11.85,11.91,11.75,11.85,297062.69
1750680000,11.85,12.1,11.68,11.76,910022.92
1750694400,11.76,12.18,11.39,12.15,1280708.32
1750708800,12.15,12.97,12.12,12.82,1143647.59
1750723200,12.82,13.06,12.78,12.95,571257.96
1750737600,12.95,13.33,12.92,13.03,615006.68
1750752000,13.03,13.27,12.93,13.16,625879.57
1750766400,13.16,13.43,13.06,13.35,1393514.34
1750780800,13.35,13.73,13.27,13.35,727513.45
1750795200,13.35,13.42,13.28,13.42,255194.46
1750809600,13.42,13.51,13.29,13.36,368113.15
1750824000,13.36,13.47,13.25,13.46,340689.52
1750838400,13.46,13.48,13.19,13.28,418876.6
1750852800,13.28,13.33,13.02,13.05,807196.97
1750867200,13.05,13.25,12.99,13.23,353927.25
1750881600,13.23,13.31,13.04,13.13,182967.54
1750896000,13.13,13.57,13.06,13.34,410048.52
1750910400,13.34,13.44,13.2,13.38,216332.13
1750924800,13.38,13.46,13.14,13.19,308110.88
1750939200,13.19,13.21,12.94,13.12,468869.52
1750953600,13.12,13.16,12.99,13.11,192336.64
1750968000,13.11,13.28,12.88,12.94,297649.11
1750982400,12.94,13.17,12.77,13.13,251353.53
1750996800,13.13,13.23,13.0,13.03,169537.71
1751011200,13.03,13.21,13.01,13.04,208709.07
1751025600,13.04,13.12,12.86,13.05,381257.56
1751040000,13.05,13.19,12.73,12.88,397945.3
1751054400,12.88,13.07,12.86,13.05,149402.14
1751068800,13.05,13.18,13.0,13.15,183366.47
1751083200,13.15,13.18,13.08,13.16,176391.73
1751097600,13.16,13.19,13.09,13.09,162716.8
1751112000,13.09,13.29,13.04,13.27,169552.09
1751126400,13.27,13.41,13.22,13.31,327046.28
1751140800,13.31,13.45,13.28,13.39,181040.53
1751155200,13.39,13.44,13.27,13.29,140852.66
1751169600,13.29,13.44,13.26,13.44,109902.76
1751184000,13.44,13.48,13.38,13.44,203747.18
1751198400,13.44,13.46,13.26,13.28,181170.55
1751212800,13.28,13.42,13.24,13.34,168851.31
1751227200,13.34,13.88,13.25,13.7,694153.77
1751241600,13.7,13.78,13.48,13.5,406497.39
1751256000,13.5,13.5,13.19,13.34,336734.04
1751270400,13.34,13.37,13.17,13.2,258578.62
1751284800,13.2,13.45,13.12,13.38,762850.58
1751299200,13.38,13.64,13.26,13.62,463015.56
1751313600,13.62,13.67,13.36,13.38,286329.58
1751328000,13.38,13.44,13.23,13.32,212604.3
1751342400,13.32,13.32,13.09,13.23,231379.67
1751356800,13.23,13.27,13.11,13.14,254226.36
1751371200,13.14,13.17,12.94,13.0,449384.45
1751385600,13.0,13.07,12.82,12.82,310354.75
1751400000,12.82,12.93,12.78,12.9,276113.28
1751414400,12.9,12.96,12.73,12.91,308125.36
1751428800,12.91,13.09,12.88,13.04,334356.69
1751443200,13.04,13.19,13.04,13.08,204703.18
1751457600,13.08,13.38,12.99,13.36,547210.32
1751472000,13.36,13.79,13.36,13.77,1336926.47
1751486400,13.77,13.85,13.54,13.56,532628.44
1751500800,13.56,13.61,13.43,13.46,325421.09
1751515200,13.46,13.91,13.45,13.88,558032.51
1751529600,13.88,13.97,13.72,13.81,393345.98
1751544000,13.81,14.08,13.58,13.62,1245508.48
1751558400,13.62,13.78,13.6,13.7,305545.25
1751572800,13.7,13.8,13.64,13.67,233199.95
1751587200,13.67,13.78,13.55,13.6,292193.35
1751601600,13.6,13.62,13.36,13.37,331956.47
1751616000,13.37,13.47,13.22,13.35,596218.76
1751630400,13.35,13.4,13.05,13.08,410299.8
1751644800,13.08,13.11,12.93,13.02,311836.13
1751659200,13.02,13.25,13.0,13.16,203460.26
1751673600,13.16,13.23,13.07,13.2,166592.09
1751688000,13.2,13.27,13.15,13.19,136669.15
1751702400,13.19,13.26,13.1,13.24,113365.62
1751716800,13.24,13.25,13.11,13.12,129798.14
1751731200,13.12,13.17,12.99,13.12,136788.2
1751745600,13.12,13.27,13.1,13.23,217313.34
1751760000,13.23,13.24,13.15,13.21,108425.83
1751774400,13.21,13.26,13.14,13.15,122166.77
1751788800,13.15,13.21,13.1,13.21,112576.12
1751803200,13.21,13.5,13.16,13.43,394107.16
1751817600,13.43,13.49,13.28,13.38,251970.9
1751832000,13.38,13.7,13.38,13.48,360308.96
1751846400,13.48,13.67,13.41,13.55,189171.88
1751860800,13.55,13.73,13.49,13.62,474258.44
1751875200,13.62,13.67,13.52,13.57,247385.78
1751889600,13.57,13.69,13.45,13.53,364710.98
1751904000,13.53,13.59,13.31,13.43,368456.77
1751918400,13.43,13.44,13.25,13.44,186724.97
1751932800,13.44,13.47,13.2,13.24,270126.25
1751947200,13.24,13.36,13.2,13.36,155622.35
1751961600,13.36,13.54,13.25,13.5,176896.74
1751976000,13.5,13.69,13.42,13.5,620308.15
1751990400,13.5,13.94,13.45,13.92,550880.98
1752004800,13.92,14.0,13.78,13.96,291127.75
1752019200,13.96,13.99,13.83,13.84,248290.04
1752033600,13.84,14.22,13.81,14.15,637951.47
1752048000,14.15,14.19,13.97,14.02,388382.95
1752062400,14.02,14.19,13.9,14.01,715197.56
1752076800,14.01,14.37,13.92,14.29,789394.48
1752091200,14.29,14.38,14.1,14.25,608170.9
1752105600,14.25,14.38,14.15,14.32,357595.0
1752120000,14.32,14.49,14.23,14.4,789428.81
1752134400,14.4,14.48,14.29,14.33,247336.5
1752148800,14.33,14.4,14.22,14.34,376770.15
1752163200,14.34,14.75,14.32,14.66,640178.71
1752177600,14.66,15.34,14.64,15.23,1377937.51
1752192000,15.23,15.43,15.01,15.37,701119.25
1752206400,15.37,15.61,15.22,15.27,795611.56
1752220800,15.27,15.6,15.23,15.44,742141.55
1752235200,15.44,15.88,15.41,15.48,1488188.69
1752249600,15.48,15.84,15.42,15.81,644146.51
1752264000,15.81,15.82,15.02,15.28,709443.3
1752278400,15.28,15.48,15.04,15.37,414766.36
1752292800,15.37,15.4,15.11,15.24,354196.13
1752307200,15.24,15.42,15.19,15.26,285572.4
1752321600,15.26,15.31,14.7,14.83,653862.11
1752336000,14.83,15.09,14.76,15.05,204512.14
1752350400,15.05,15.14,14.85,15.11,148010.78
1752364800,15.11,15.21,15.04,15.14,208427.17
1752379200,15.14,15.37,15.09,15.36,266831.1
1752393600,15.36,15.42,15.25,15.42,218717.93
1752408000,15.42,15.95,15.36,15.69,1130525.49
1752422400,15.69,15.92,15.54,15.79,477132.46
1752436800,15.79,15.9,15.47,15.66,462639.62
1752451200,15.66,16.28,15.61,16.15,742611.92
1752465600,16.15,16.3,15.94,16.16,768438.14
1752480000,16.16,16.32,15.93,16.24,699451.46
1752494400,16.24,16.47,15.82,15.98,985075.72
1752508800,15.98,16.16,15.69,15.75,562342.76
1752523200,15.75,15.88,15.57,15.75,749667.92
1752537600,15.75,15.89,15.17,15.28,1058071.26
1752552000,15.28,15.52,15.14,15.4,435114.96
1752566400,15.4,15.53,15.28,15.36,390920.4
1752580800,15.36,15.73,15.18,15.57,922439.62
1752595200,15.57,16.2,15.56,15.63,1199336.0
1752609600,15.63,16.17,15.57,16.11,638098.7
1752624000,16.11,16.22,15.85,15.92,521266.44
1752638400,15.92,16.4,15.82,16.31,536370.09
1752652800,16.31,16.62,16.31,16.4,1333595.12
1752667200,16.4,16.84,16.39,16.61,1150668.64
1752681600,16.61,17.04,16.58,16.87,990543.66
1752696000,16.87,17.03,16.6,16.67,754643.47
1752710400,16.67,16.86,16.32,16.42,580124.29
1752724800,16.42,17.01,16.36,16.99,684395.68
1752739200,16.99,17.28,16.88,17.09,834586.22
1752753600,17.09,17.32,16.79,17.15,974189.5
1752768000,17.15,17.33,16.77,17.06,832737.84
1752782400,17.06,18.1,16.83,18.0,1998630.26
1752796800,18.0,18.76,17.85,18.74,2441763.69
1752811200,18.74,19.17,18.49,18.5,1761180.59
1752825600,18.5,18.8,18.25,18.35,1233836.66
1752840000,18.35,18.71,17.73,17.92,1793904.98
1752854400,17.92,18.15,17.64,17.73,875891.0
1752868800,17.73,17.93,17.32,17.83,1067541.22
1752883200,17.83,18.23,17.53,18.19,680920.3
1752897600,18.19,18.34,17.92,17.95,455270.02
1752912000,17.95,18.01,17.69,17.71,436698.6
1752926400,17.71,17.96,17.59,17.93,464309.05
1752940800,17.93,18.51,17.85,18.36,847477.76
1752955200,18.36,18.55,18.1,18.39,765959.82
1752969600,18.39,18.83,18.32,18.67,519605.94
1752984000,18.67,18.97,18.5,18.81,762923.13
1752998400,18.81,19.65,18.81,19.4,1571036.84
1753012800,19.4,20.01,19.17,19.71,1785195.99
1753027200,19.71,19.8,19.19,19.44,1380904.88
1753041600,19.44,19.51,18.88,19.27,891927.66
1753056000,19.27,19.59,18.98,19.57,688828.88
1753070400,19.57,19.94,19.38,19.74,720821.12
1753084800,19.74,20.28,19.58,20.05,1145146.39
1753099200,20.05,20.25,19.69,19.79,1389027.91
1753113600,19.79,19.85,19.17,19.26,1149702.9
1753128000,19.26,19.62,19.18,19.5,525922.98
1753142400,19.5,19.99,19.01,19.55,1188772.16
1753156800,19.55,19.56,18.84,19.06,1194677.27
1753171200,19.06,19.33,18.63,19.23,1004976.97
1753185600,19.23,19.48,18.75,19.35,1335424.69
1753200000,19.35,19.57,18.97,19.06,692702.33
1753214400,19.06,19.69,19.01,19.66,438727.34
1753228800,19.66,19.76,19.41,19.46,511761.33
1753243200,19.46,19.71,19.0,19.14,461296.79
1753257600,19.14,19.26,18.77,18.91,473731.47
1753272000,18.91,18.95,17.84,18.5,1792746.99
1753286400,18.5,18.5,17.69,17.99,1008022.55
1753300800,17.99,18.29,17.55,18.18,762519.05
1753315200,18.18,18.5,18.05,18.22,601712.47
1753329600,18.22,18.3,17.15,17.73,1228601.17
1753344000,17.73,18.14,17.57,18.07,846969.83
1753358400,18.07,18.69,17.78,18.47,959972.64
1753372800,18.47,18.59,18.09,18.34,538821.65
1753387200,18.34,18.43,17.85,17.91,307087.93
1753401600,17.91,17.92,17.23,17.5,707594.08
1753416000,17.5,17.74,17.29,17.5,764761.96
1753430400,17.5,18.42,17.43,18.32,718530.05
1753444800,18.32,18.49,17.41,17.61,790171.66
1753459200,17.61,17.87,17.45,17.72,492520.25
1753473600,17.72,18.43,17.68,18.28,558851.61
1753488000,18.28,18.46,18.18,18.37,292899.78
1753502400,18.37,18.41,18.2,18.22,250173.21
1753516800,18.22,18.49,18.22,18.25,330369.56
1753531200,18.25,18.45,18.16,18.4,365797.93
1753545600,18.4,18.59,18.22,18.55,285826.31
1753560000,18.55,18.64,18.33,18.41,524288.11
1753574400,18.41,18.78,18.35,18.7,356029.6
1753588800,18.7,19.07,18.66,18.78,490771.42
1753603200,18.78,19.01,18.55,18.75,520291.4
1753617600,18.75,18.95,18.65,18.85,405977.28
1753632000,18.85,19.11,18.85,19.0,659514.06
1753646400,19.0,19.3,18.9,19.24,505775.95
1753660800,19.24,19.4,18.92,19.14,546146.58
1753675200,19.14,19.56,19.04,19.29,552244.14
1753689600,19.29,19.35,18.93,19.08,495242.53
1753704000,19.08,19.12,18.28,18.39,979052.69
1753718400,18.39,18.51,18.08,18.23,631003.93
1753732800,18.23,18.27,17.97,18.12,533027.16
1753747200,18.12,18.31,17.87,18.27,711278.1
1753761600,18.27,18.6,18.1,18.58,495615.73
1753776000,18.58,18.64,18.0,18.14,504084.6
1753790400,18.14,18.35,17.6,17.68,832679.39
1753804800,17.68,17.92,17.47,17.7,795554.63
1753819200,17.7,17.89,17.55,17.83,463320.12
1753833600,17.83,17.95,17.62,17.83,394284.13
1753848000,17.83,17.89,17.61,17.7,329128.42
1753862400,17.7,17.82,17.22,17.3,544399.79
1753876800,17.3,17.72,17.2,17.59,589646.77
1753891200,17.59,17.79,16.77,17.47,1283126.14
1753905600,17.47,17.78,17.35,17.71,519268.64
1753920000,17.71,18.11,17.64,18.06,458306.39
1753934400,18.06,18.12,17.94,18.03,285158.76
1753948800,18.03,18.24,17.92,17.98,399588.52
1753963200,17.98,18.01,17.3,17.53,724662.94
1753977600,17.53,17.86,17.16,17.22,778109.19
1753992000,17.22,17.29,16.84,16.92,870877.62
1754006400,16.92,17.03,16.44,16.87,1148465.51
1754020800,16.87,16.87,16.5,16.64,834645.86
1754035200,16.64,16.64,16.28,16.61,886334.32
1754049600,16.61,16.8,16.16,16.64,1163733.14
1754064000,16.64,16.75,16.16,16.38,1135855.4
1754078400,16.38,16.43,15.67,16.07,1441512.07
1754092800,16.07,16.27,16.04,16.2,694831.47
1754107200,16.2,16.25,15.78,16.14,440671.3
1754121600,16.14,16.18,15.79,16.03,399683.81
1754136000,16.03,16.09,15.73,15.79,361170.34
1754150400,15.79,15.93,15.43,15.58,864011.55
1754164800,15.58,15.81,15.52,15.65,263025.82
1754179200,15.65,15.93,15.44,15.9,322442.98
1754193600,15.9,16.03,15.82,16.02,244552.64
1754208000,16.02,16.24,16.0,16.17,262622.28
1754222400,16.17,16.24,16.08,16.23,303197.31
1754236800,16.23,16.35,16.18,16.27,218213.03
1754251200,16.27,16.4,16.2,16.3,228812.03
1754265600,16.3,16.66,16.27,16.59,337204.76
1754280000,16.59,16.67,16.43,16.63,263406.71
1754294400,16.63,16.75,16.55,16.59,298306.51
1754308800,16.59,16.96,16.54,16.93,909710.57
1754323200,16.93,17.2,16.81,16.85,643368.61
1754337600,16.85,17.17,16.82,17.11,249939.66
1754352000,17.11,17.12,16.76,16.79,338655.51
1754366400,16.79,16.91,16.44,16.51,453309.29
1754380800,16.51,16.98,16.45,16.87,666226.11
1754395200,16.87,16.9,16.2,16.27,1121004.5
1754409600,16.27,16.45,16.21,16.27,227722.2
1754424000,16.27,16.43,16.08,16.38,239247.87
1754438400,16.38,16.39,16.05,16.11,176284.07
1754452800,16.11,16.53,16.03,16.52,332628.42
1754467200,16.52,16.54,16.32,16.4,260499.94
1754481600,16.4,16.81,16.24,16.77,497056.08
1754496000,16.77,16.91,16.61,16.79,241350.29
1754510400,16.79,16.8,16.66,16.67,336210.87
1754524800,16.67,16.81,16.57,16.61,243507.32
1754539200,16.61,16.85,16.59,16.83,530785.06
1754553600,16.83,17.42,16.81,17.35,664019.39
1754568000,17.35,18.11,17.3,17.84,2239185.88
1754582400,17.84,18.3,17.62,18.29,1080455.37
1754596800,18.29,18.5,18.18,18.48,813797.58
1754611200,18.48,19.21,18.08,19.21,2813320.56
1754625600,19.21,19.43,18.76,19.33,861825.44
1754640000,19.33,19.52,19.15,19.5,867528.26
1754654400,19.5,19.92,19.06,19.21,1526911.66
1754668800,19.21,19.76,19.07,19.75,988025.32
1754683200,19.75,19.98,19.53,19.89,605949.39
1754697600,19.89,20.95,19.78,20.88,1909090.69
1754712000,20.88,21.47,20.67,20.8,1797351.81
1754726400,20.8,21.19,20.7,20.89,853903.64
1754740800,20.89,21.42,20.83,21.07,1226015.24
1754755200,21.07,21.45,21.06,21.22,690895.74
1754769600,21.22,21.99,21.13,21.94,1086157.85
1754784000,21.94,22.21,21.24,21.5,1400338.99
1754798400,21.5,22.7,21.38,21.89,2216732.7
1754812800,21.89,22.3,21.53,21.57,1301358.34
1754827200,21.57,22.54,21.15,22.49,1880947.53
1754841600,22.49,22.67,22.01,22.14,1199033.39
1754856000,22.14,22.23,21.78,22.06,657161.61
1754870400,22.06,22.44,21.81,22.32,1299902.9
1754884800,22.32,22.61,21.89,21.95,1169608.85
1754899200,21.95,22.08,21.19,21.28,1153171.22
1754913600,21.28,22.08,21.19,21.97,1766385.16
1754928000,21.97,22.26,21.24,21.39,911491.67
1754942400,21.39,21.44,20.84,21.07,795164.49
1754956800,21.07,21.73,21.04,21.45,750141.31
1754971200,21.45,21.74,21.29,21.49,843173.34
1754985600,21.49,21.66,21.0,21.3,1013284.51
1755000000,21.3,24.11,21.28,24.02,5474182.61
1755014400,24.02,24.2,23.16,23.42,1858611.93
1755028800,23.42,23.7,23.11,23.6,1435188.59
1755043200,23.6,24.58,23.3,24.55,2842886.0
1755057600,24.55,24.74,23.23,23.41,2340387.61
1755072000,23.41,24.37,23.33,24.18,2204978.25
1755086400,24.18,24.22,23.31,23.61,2081746.7
1755100800,23.61,23.94,23.49,23.78,845104.93
1755115200,23.78,24.17,23.6,23.98,920386.56
1755129600,23.98,24.31,23.77,24.25,1225060.44
1755144000,24.25,24.28,23.41,23.53,1462573.04
1755158400,23.53,23.81,23.2,23.34,1190529.88
1755172800,23.34,23.57,21.51,22.76,4958783.83
1755187200,22.76,22.8,22.09,22.4,1257504.7
1755201600,22.4,22.56,21.84,22.46,743808.86
1755216000,22.46,22.87,22.17,22.8,710416.46
1755230400,22.8,23.04,22.43,22.58,773806.86
1755244800,22.58,22.67,22.14,22.18,688521.57
1755259200,22.18,22.63,21.42,21.58,2000259.89
1755273600,21.58,21.89,21.36,21.45,782308.61
1755288000,21.45,22.04,21.37,21.76,546945.17
1755302400,21.76,22.15,21.68,21.8,492547.28
1755316800,21.8,22.15,21.51,22.05,515911.59
1755331200,22.05,22.17,21.43,21.45,711506.4
1755345600,21.45,22.14,21.39,22.01,1261166.22
1755360000,22.01,22.9,21.94,22.7,1243831.49
1755374400,22.7,22.97,22.56,22.64,622940.23
1755388800,22.64,23.42,22.36,23.39,829460.37
1755403200,23.39,24.55,23.35,24.29,2378188.15
1755417600,24.29,24.83,24.16,24.7,1402634.29
1755432000,24.7,26.31,24.42,26.29,3130810.23
1755446400,26.29,26.33,25.31,25.46,2646843.39
1755460800,25.46,25.95,25.41,25.64,1219305.93
1755475200,25.64,26.5,24.58,25.1,4304000.83
1755489600,25.1,25.13,24.29,24.71,1998018.33
1755504000,24.71,25.3,24.37,24.55,1746562.29
1755518400,24.55,25.95,24.47,25.38,3630893.81
1755532800,25.38,25.94,24.8,25.52,1755193.81
1755547200,25.52,26.76,25.12,25.78,2570823.33
1755561600,25.78,25.81,24.07,24.21,2074739.1
1755576000,24.21,24.65,23.89,24.3,2319835.5
1755590400,24.3,24.91,24.08,24.69,1942725.36
1755604800,24.69,24.95,23.87,24.27,2668668.44
1755619200,24.27,24.52,23.42,23.87,2346241.96
1755633600,23.87,24.07,23.45,23.56,1104811.85
1755648000,23.56,24.47,23.36,23.99,1731927.93
1755662400,23.99,24.85,23.98,24.43,1653104.47
1755676800,24.43,25.3,24.35,24.95,2333520.86
1755691200,24.95,26.47,24.57,25.95,4447097.74
1755705600,25.95,26.37,25.44,26.16,2414097.59
1755720000,26.16,26.89,26.03,26.45,2000554.81
1755734400,26.45,26.6,25.78,25.81,1621058.89
1755748800,25.81,25.87,25.49,25.71,1028047.89
1755763200,25.71,26.39,25.61,26.11,1743808.78
1755777600,26.11,26.24,24.98,25.09,2170755.87
1755792000,25.09,25.26,24.7,24.94,1326036.38
1755806400,24.94,25.15,24.63,24.82,690018.62
1755820800,24.82,25.24,24.52,24.67,1126048.62
1755835200,24.67,25.2,24.61,25.04,924901.91
1755849600,25.04,25.3,24.24,24.31,1490754.21
1755864000,24.31,26.75,24.09,26.47,8020796.29
1755878400,26.47,27.87,26.46,27.17,4438116.5
1755892800,27.17,27.34,26.63,26.79,1390503.29
1755907200,26.79,26.83,25.86,25.95,1440528.04
1755921600,25.95,26.25,25.73,25.88,1334907.75
1755936000,25.88,26.02,25.59,25.66,1210881.2
1755950400,25.66,26.22,25.52,26.0,1328795.86
1755964800,26.0,26.21,25.83,26.12,561919.36
1755979200,26.12,26.38,25.98,26.28,465712.85
1755993600,26.28,26.33,26.12,26.19,129077.85
1756281600,24.17,24.66,23.97,24.37,827294.77
1756296000,24.37,24.67,24.07,24.29,1288884.08
1756310400,24.29,24.58,24.02,24.17,747276.44
1756324800,24.17,24.48,23.58,23.78,2267683.12
1756339200,23.78,23.95,23.56,23.92,773049.03
1756353600,23.92,24.37,23.8,24.21,840464.5
1756368000,24.21,24.46,23.59,23.89,1212861.49
1756382400,23.89,26.03,23.78,24.8,7342472.36
1756396800,24.8,25.28,24.48,24.5,1693155.33
1756411200,24.5,25.41,24.42,25.18,1010416.18
1756425600,25.18,25.23,24.12,24.23,1478050.05
1756440000,24.23,24.29,23.17,23.55,2492251.25
1756454400,23.55,23.59,23.23,23.44,1307150.39
1756468800,23.44,24.13,23.11,23.44,3050035.2
1756483200,23.44,23.61,23.12,23.35,746755.21
1756497600,23.35,23.51,23.13,23.43,566128.82
1756512000,23.43,23.52,22.83,23.24,931303.65
1756526400,23.24,23.52,23.18,23.36,604848.3
1756540800,23.36,23.5,23.2,23.39,391677.81
1756555200,23.39,23.45,22.96,23.41,415506.52
1756569600,23.41,23.46,23.28,23.36,237019.76
1756584000,23.36,23.51,23.27,23.51,179533.5
1756598400,23.51,23.91,23.41,23.88,714031.14
1756612800,23.88,23.96,23.64,23.73,651666.48
1756627200,23.73,23.89,23.55,23.8,423299.41
1756641600,23.8,24.06,23.6,23.77,745126.93
1756656000,23.77,23.88,23.6,23.66,295657.64
1756670400,23.66,23.73,23.18,23.2,1391767.46
1756684800,23.2,23.37,22.92,23.06,1489331.69
1756699200,23.06,23.64,22.71,23.59,1676912.26
1756713600,23.59,23.87,23.15,23.22,1194894.01
1756728000,23.22,23.36,22.73,22.79,734506.61
1756742400,22.79,22.85,22.53,22.83,570692.76
1756756800,22.83,22.83,22.09,22.51,1256261.04
1756771200,22.51,23.22,22.34,23.13,854096.86
1756785600,23.13,23.53,23.09,23.24,739737.56
1756800000,23.24,23.45,23.07,23.1,514150.76
1756814400,23.1,23.54,22.65,22.85,2148966.71
1756828800,22.85,23.16,22.79,23.07,642730.27
1756843200,23.07,23.6,23.01,23.49,671316.49
1756857600,23.49,23.61,23.21,23.41,778924.35
1756872000,23.41,23.5,23.21,23.28,469571.27
1756886400,23.28,23.62,23.22,23.49,502615.64
1756900800,23.49,23.83,23.37,23.82,959039.67
1756915200,23.82,23.91,23.61,23.84,617151.56
1756929600,23.84,23.85,23.66,23.69,366992.88
1756944000,23.69,23.97,23.49,23.53,458044.19
1756958400,23.53,23.57,23.14,23.27,472179.75
1756972800,23.27,23.44,23.18,23.29,432024.73
1756987200,23.29,23.39,22.46,22.47,1159294.38
1757001600,22.47,22.56,22.18,22.27,650119.64
1757016000,22.27,22.63,22.23,22.32,776190.67
1757030400,22.32,22.5,22.26,22.49,572432.84
1757044800,22.49,23.11,22.39,23.08,817859.61
1757059200,23.08,23.08,22.66,22.82,1081352.64
1757073600,22.82,23.24,22.09,22.23,2784175.72
1757088000,22.23,22.48,22.04,22.47,817823.66
1757102400,22.47,22.55,22.21,22.28,653744.23
1757116800,22.28,22.52,22.25,22.4,368241.06
1757131200,22.4,22.41,22.13,22.22,380582.0
1757145600,22.22,22.29,22.05,22.27,450309.6
1757160000,22.27,22.33,22.03,22.07,503249.28
1757174400,22.07,22.29,21.87,21.9,479183.99
1757188800,21.9,22.29,21.89,22.19,305888.78
1757203200,22.19,22.45,22.18,22.38,243975.89
1757217600,22.38,22.47,22.25,22.3,252518.96
1757232000,22.3,22.47,22.13,22.37,518133.37
1757246400,22.37,22.47,22.22,22.4,406445.7
1757260800,22.4,22.41,22.12,22.21,203225.97
1757275200,22.21,22.61,22.16,22.47,267046.18
1757289600,22.47,22.8,22.23,22.6,557382.94
1757304000,22.6,22.62,22.33,22.4,300348.92
1757318400,22.4,23.2,22.36,22.98,1230025.27
1757332800,22.98,23.3,22.9,23.22,805314.84
1757347200,23.22,23.31,22.9,22.99,514991.19
1757361600,22.99,23.18,22.84,23.04,359482.79
1757376000,23.04,23.3,22.86,23.18,778611.93
1757390400,23.18,23.78,23.08,23.67,1030117.78
1757404800,23.67,23.82,23.51,23.52,631822.81
1757419200,23.52,23.76,22.83,22.94,1425571.16
1757433600,22.94,23.11,22.84,23.07,477807.05
1757448000,23.07,23.2,22.96,23.05,289110.89
1757462400,23.05,23.42,22.89,23.39,479250.49
1757476800,23.39,23.67,23.15,23.44,520045.76
1757491200,23.44,23.53,23.28,23.35,302525.3
1757505600,23.35,23.93,23.34,23.68,1246584.69
1757520000,23.68,23.7,23.2,23.32,442499.64
1757534400,23.32,23.62,23.3,23.57,311847.29
1757548800,23.57,23.84,23.43,23.81,280642.03
1757563200,23.81,23.9,23.65,23.83,414166.64
1757577600,23.83,23.86,23.68,23.76,284090.04
1757592000,23.76,24.27,23.31,23.52,1773969.81
1757606400,23.52,23.99,23.51,23.94,339610.1
1757620800,23.94,24.5,23.88,24.47,933384.94
1757635200,24.47,24.75,24.36,24.69,961205.11
1757649600,24.69,24.83,24.52,24.53,483545.81
1757664000,24.53,24.55,24.29,24.32,513338.62
1757678400,24.32,24.67,24.16,24.49,1026884.81
1757692800,24.49,25.15,24.42,25.12,940830.59
1757707200,25.12,25.33,24.92,25.13,719913.76
1757721600,25.13,25.3,24.93,25.23,663831.54
1757736000,25.23,25.24,25.01,25.16,476792.38
1757750400,25.16,25.64,25.07,25.29,1084062.98
1757764800,25.29,25.41,24.69,24.83,881489.42
1757779200,24.83,24.92,24.44,24.76,721189.37
1757793600,24.76,24.98,24.75,24.88,326890.09
1757808000,24.88,25.02,24.63,24.66,396353.17
1757822400,24.66,24.89,24.47,24.6,408842.04
1757836800,24.6,24.77,24.31,24.37,366395.43
1757851200,24.37,24.49,23.84,24.04,721505.6
1757865600,24.04,24.27,24.0,24.16,364487.14
1757880000,24.16,24.4,24.04,24.09,343559.78
1757894400,24.09,24.32,23.91,24.26,329894.87
1757908800,24.26,24.44,23.76,23.85,619774.18
1757923200,23.85,23.86,23.19,23.42,1254895.76
1757937600,23.42,23.45,22.99,23.17,792056.75
1757952000,23.17,23.41,22.97,23.35,362762.17
1757966400,23.35,23.87,23.32,23.56,339112.21
1757980800,23.56,23.63,23.36,23.36,342397.62
1757995200,23.36,23.58,23.16,23.49,299537.92
1758009600,23.49,23.76,23.49,23.62,382639.34
1758024000,23.62,23.7,23.1,23.45,585615.86
1758038400,23.45,23.74,23.24,23.58,546447.74
1758052800,23.58,23.75,23.45,23.48,409371.97
1758067200,23.48,23.63,23.29,23.31,298514.51
1758081600,23.31,23.62,23.19,23.56,296156.53
1758096000,23.56,23.57,23.0,23.08,733895.81
1758110400,23.08,23.11,22.75,22.97,1105065.99
1758124800,22.97,23.5,22.77,23.45,1607316.88
1758139200,23.45,24.24,23.23,23.99,1274629.96
1758153600,23.99,24.19,23.83,24.13,583621.87
1758168000,24.13,24.16,23.68,23.96,443235.12
1758182400,23.96,24.43,23.91,24.2,564272.86
1758196800,24.2,24.5,24.05,24.47,837698.07
1758211200,24.47,24.6,24.34,24.49,500918.73
1758225600,24.49,24.75,24.45,24.62,574685.38
1758240000,24.62,24.89,24.42,24.47,726847.74
1758254400,24.47,24.85,24.23,24.73,977191.28
1758268800,24.73,24.86,23.8,23.85,873043.98
1758283200,23.85,23.99,23.33,23.61,1000419.91
1758297600,23.61,23.72,23.27,23.39,366763.18
1758312000,23.39,23.67,23.36,23.47,313792.81
1758326400,23.47,23.66,23.34,23.42,247642.16
1758340800,23.42,23.59,23.36,23.51,277145.37
1758355200,23.51,23.51,23.14,23.29,437691.63
1758369600,23.29,23.58,23.09,23.42,386988.66
1758384000,23.42,23.5,23.23,23.3,188831.46
1758398400,23.3,23.46,23.27,23.34,153710.25
1758412800,23.34,23.43,23.24,23.37,153207.03
1758427200,23.37,23.49,23.27,23.36,192866.05
1758441600,23.36,23.4,23.02,23.11,383867.61
1758456000,23.11,23.27,23.04,23.09,190878.62
1758470400,23.09,23.2,22.9,23.18,219279.28
1758484800,23.18,23.19,22.91,22.96,181795.16
1758499200,22.96,23.05,21.91,22.17,1911306.86
1758513600,22.17,22.24,20.24,21.28,3374407.04
1758528000,21.28,21.4,21.06,21.21,715809.49
1758542400,21.21,21.61,21.16,21.19,966102.23
1758556800,21.19,21.35,21.11,21.17,807905.59
1758571200,21.17,21.68,21.15,21.65,449126.62
1758585600,21.65,21.77,21.17,21.57,661686.69
1758600000,21.57,21.89,21.36,21.8,630100.73
1758614400,21.8,21.88,21.69,21.78,462509.15
1758628800,21.78,22.05,21.72,21.86,663713.18
1758643200,21.86,21.99,21.53,21.58,604724.24
1758657600,21.58,21.82,21.48,21.52,316069.51
1758672000,21.52,21.69,21.17,21.29,572249.92
1758686400,21.29,21.81,20.98,21.71,2270367.87
1758700800,21.71,21.88,21.62,21.77,283968.11
1758715200,21.77,21.96,21.55,21.76,493030.16
1758729600,21.76,21.97,21.71,21.82,275378.47
1758744000,21.82,21.85,21.55,21.6,275761.76
1758758400,21.6,21.66,21.13,21.3,752391.42
1758772800,21.3,21.36,20.9,20.96,801089.31
1758787200,20.96,21.16,20.71,20.74,663535.65
1758801600,20.74,21.15,20.37,20.88,1470665.1
1758816000,20.88,20.9,19.82,20.4,1747921.9
1758830400,20.4,20.54,19.98,20.14,785949.93
1758844800,20.14,20.61,20.09,20.55,507884.5
1758859200,20.55,20.65,20.23,20.37,539891.96
1758873600,20.37,20.53,19.93,20.17,674728.04
1758888000,20.17,20.66,20.0,20.6,1201568.27
1758902400,20.6,21.24,20.57,20.96,649392.9
1758916800,20.96,21.13,20.89,21.07,268216.29
1758931200,21.07,21.13,20.96,21.09,216458.91
1758945600,21.09,21.15,20.9,20.95,158732.6
1758960000,20.95,21.11,20.82,20.99,246559.25
1758974400,20.99,21.06,20.85,20.96,157994.66
1758988800,20.96,20.96,20.73,20.84,123648.63
1759003200,20.84,21.1,20.82,20.91,82616.1
1759017600,20.91,20.95,20.64,20.71,152709.7
1759032000,20.71,20.83,20.64,20.73,109138.93
1759046400,20.73,20.79,20.49,20.56,247726.79
1759060800,20.56,21.0,20.43,20.99,296262.75
1759075200,20.99,21.33,20.99,21.21,416587.61
1759089600,21.21,21.71,21.18,21.68,377214.82
1759104000,21.68,21.69,21.38,21.49,256339.54
1759118400,21.49,21.49,21.15,21.25,289703.31
1759132800,21.25,21.41,21.06,21.2,314073.22
1759147200,21.2,21.7,20.9,21.39,945344.28
1759161600,21.39,21.75,21.2,21.73,313922.37
1759176000,21.73,21.9,21.67,21.74,377952.95
1759190400,21.74,21.87,21.44,21.48,521350.74
1759204800,21.48,21.7,21.35,21.41,396749.04
1759219200,21.41,21.5,21.23,21.41,441325.96
1759233600,21.41,21.51,20.96,21.1,568317.21
1759248000,21.1,21.55,20.99,21.53,541406.73
1759262400,21.53,21.69,21.28,21.3,414087.85
1759276800,21.3,21.58,21.05,21.17,468536.08
1759291200,21.17,21.4,21.13,21.34,210975.9
1759305600,21.34,22.31,21.31,22.24,1026727.77
1759320000,22.24,22.49,22.12,22.4,588354.0
1759334400,22.4,22.63,22.29,22.54,483873.92
1759348800,22.54,22.61,22.25,22.58,428917.4
1759363200,22.58,22.8,22.41,22.69,586137.62
1759377600,22.69,22.86,22.55,22.57,426539.7
1759392000,22.57,22.63,22.37,22.41,437182.79
1759406400,22.41,22.57,21.93,22.43,1101655.43
1759420800,22.43,23.13,22.38,22.93,759991.11
1759435200,22.93,22.98,22.65,22.77,454722.22
1759449600,22.77,22.87,22.54,22.59,461991.7
1759464000,22.59,22.7,22.3,22.39,327325.34
1759478400,22.39,22.43,22.23,22.26,343369.74
1759492800,22.26,22.75,22.09,22.72,999666.46
1759507200,22.72,23.09,22.1,22.62,1466910.85
1759521600,22.62,22.71,22.48,22.5,505334.94
1759536000,22.5,22.62,22.15,22.22,411813.66
1759550400,22.22,22.29,22.04,22.08,341396.19
1759564800,22.08,22.08,21.76,21.85,514548.25
1759579200,21.85,22.17,21.77,21.84,484367.59
1759593600,21.84,22.03,21.81,22.0,180833.57
1759608000,22.0,22.14,21.99,22.01,148870.51
1759622400,22.01,22.61,21.93,22.35,433360.28
1759636800,22.35,22.85,22.33,22.81,498119.81
1759651200,22.81,22.94,22.49,22.75,633914.89
1759665600,22.75,22.76,22.4,22.47,262468.2
1759680000,22.47,22.64,21.89,21.95,510290.69
1759694400,21.95,22.15,21.88,22.0,280123.4
1759708800,22.0,22.2,21.47,21.9,2065843.85
1759723200,21.9,22.16,21.74,21.93,316344.56
1759737600,21.93,22.24,21.93,22.11,350271.54
1759752000,22.11,22.98,22.11,22.82,951397.82
1759766400,22.82,23.52,22.78,23.43,1187301.26
1759780800,23.43,23.6,23.26,23.37,738440.62
1759795200,23.37,23.73,23.33,23.34,902295.63
1759809600,23.34,23.65,22.82,22.85,908673.99
1759824000,22.85,22.9,22.56,22.87,938069.69
1759838400,22.87,23.09,21.84,22.0,1818634.47
1759852800,22.0,22.21,21.8,21.88,653684.04
1759867200,21.88,22.19,21.75,21.79,623544.74
1759881600,21.79,22.15,21.66,21.75,481679.66
1759896000,21.75,21.97,21.62,21.91,505566.2
1759910400,21.91,22.16,21.86,22.06,495699.6
1759924800,22.06,22.35,21.84,22.0,514505.73
1759939200,22.0,22.58,21.95,22.49,504930.45
1759953600,22.49,22.67,22.4,22.63,288144.59
1759968000,22.63,22.67,21.94,22.27,493175.06
1759982400,22.27,22.49,21.94,21.97,374786.39
1759996800,21.97,21.98,21.59,21.73,622157.99
1760011200,21.73,22.04,21.32,21.49,896395.85
1760025600,21.49,21.91,21.33,21.73,629275.93
1760040000,21.73,22.13,21.69,21.99,305254.5
1760054400,21.99,22.6,21.97,22.4,730774.55
1760068800,22.4,22.62,22.25,22.29,585544.2
1760083200,22.29,22.78,22.27,22.4,624485.79
1760097600,22.4,22.78,21.2,21.37,2027908.04
1760112000,21.37,21.55,20.39,20.5,1906519.28
1760126400,20.5,20.7,7.9,17.31,18044492.0
1760140800,17.31,18.16,16.88,17.48,4072657.62
1760155200,17.48,17.85,17.32,17.73,2173222.15
1760169600,17.73,18.52,17.64,18.05,1424634.42
1760184000,18.05,18.14,17.42,17.98,1046297.17
1760198400,17.98,18.15,17.11,17.28,1044496.31
1760212800,17.28,19.0,16.6,17.2,1696920.2
1760227200,17.2,17.25,16.68,17.08,1053468.1
1760241600,17.08,17.52,17.04,17.41,573670.1
1760256000,17.41,17.57,17.18,17.4,485110.01
1760270400,17.4,18.81,17.23,18.77,2469881.96
1760284800,18.77,19.37,18.77,19.36,1877608.38
1760299200,19.36,19.42,18.82,19.0,860583.11
1760313600,19.0,19.26,18.73,19.03,1096767.47
1760328000,19.03,19.68,18.92,19.54,878933.25
1760342400,19.54,19.77,18.94,19.19,1520045.6
1760356800,19.19,19.84,19.06,19.74,2718894.6
1760371200,19.74,20.12,19.47,20.04,1322523.7
1760385600,20.04,20.19,19.83,19.84,512249.27
1760400000,19.84,20.07,19.31,19.46,830939.52
1760414400,19.46,19.54,18.28,18.56,1805398.9
1760428800,18.56,18.76,18.07,18.58,1084538.11
1760443200,18.58,19.05,18.14,19.04,1895799.64
1760457600,19.04,19.37,18.64,18.88,1418173.94
1760472000,18.88,19.18,18.81,19.1,427598.72
1760486400,19.1,19.26,18.84,18.91,744882.11
1760500800,18.91,19.15,18.83,18.87,452806.74
1760515200,18.87,19.25,18.57,18.68,870229.56
1760529600,18.68,18.73,17.95,18.12,1138285.74
1760544000,18.12,18.26,17.84,18.03,744082.22
1760558400,18.03,18.13,17.73,18.06,559696.72
1760572800,18.06,18.21,17.91,18.04,520200.73
1760587200,18.04,18.21,17.92,18.06,454765.97
1760601600,18.06,18.5,17.55,18.49,957032.05
1760616000,18.49,18.63,17.6,17.65,1217145.04
1760630400,17.65,18.08,17.26,17.39,1357263.81
1760644800,17.39,17.47,17.1,17.43,496940.91
1760659200,17.43,17.69,17.35,17.52,378028.39
1760673600,17.52,17.53,16.17,16.2,2155115.28
1760688000,16.2,16.59,15.69,16.53,2745025.65
1760702400,16.53,16.7,16.15,16.63,1285411.82
1760716800,16.63,16.86,16.25,16.39,803932.33
1760731200,16.39,16.77,16.32,16.61,468332.76
1760745600,16.61,16.9,16.58,16.79,399110.94
1760760000,16.79,17.01,16.57,16.71,501696.02
1760774400,16.71,16.94,16.69,16.87,339592.46
1760788800,16.87,16.97,16.62,16.79,330161.18
1760803200,16.79,16.9,16.63,16.85,182948.06
1760817600,16.85,16.96,16.75,16.82,153929.57
1760832000,16.82,16.89,16.64,16.86,272324.31
1760846400,16.86,16.92,16.66,16.8,582374.18
1760860800,16.8,17.3,16.53,17.14,1668860.7
1760875200,17.14,17.54,17.02,17.41,667079.26
1760889600,17.41,17.66,17.31,17.46,449315.46
1760904000,17.46,17.55,17.24,17.29,259329.45
1760918400,17.29,17.68,16.93,17.62,470682.25
1760932800,17.62,18.96,17.58,18.61,2908792.81
1760947200,18.61,19.04,18.56,19.01,1185034.24
1760961600,19.01,19.19,18.76,18.76,1152387.58
1760976000,18.76,18.93,18.43,18.85,1216211.64
1760990400,18.85,18.95,18.6,18.66,417661.13
1761004800,18.66,18.96,18.13,18.15,765353.86
1761019200,18.15,18.17,17.66,18.07,1246827.41
1761033600,18.07,18.12,17.8,18.08,507268.73
1761048000,18.08,18.97,17.83,18.8,2541244.33
1761062400,18.8,18.9,18.07,18.18,1312716.14
1761076800,18.18,18.22,17.53,17.61,1022508.85
1761091200,17.61,17.74,17.42,17.63,567004.6
1761105600,17.63,17.84,17.43,17.62,572695.53
1761120000,17.62,17.62,17.13,17.41,734985.08
1761134400,17.41,17.61,17.14,17.47,1087608.23
1761148800,17.47,17.51,17.1,17.25,700620.59
1761163200,17.25,17.28,16.71,17.2,1085708.07
1761177600,17.2,17.37,17.17,17.26,276760.58
1761192000,17.26,17.68,17.25,17.57,533368.5
1761206400,17.57,17.71,17.25,17.3,939865.84
1761220800,17.3,17.55,17.09,17.4,755213.81
1761235200,17.4,17.79,17.35,17.48,584481.13
1761249600,17.48,17.48,17.18,17.44,257972.5
1761264000,17.44,17.48,17.29,17.35,333123.03
1761278400,17.35,17.74,17.3,17.65,457374.27
1761292800,17.65,17.82,17.54,17.74,576337.56
1761307200,17.74,18.1,17.45,17.56,943797.71
1761321600,17.56,17.85,17.47,17.78,410725.48
1761336000,17.78,17.99,17.76,17.89,386748.33
1761350400,17.89,17.97,17.79,17.81,157113.37
1761364800,17.81,18.02,17.8,17.88,255491.89
1761379200,17.88,18.04,17.87,18.0,214400.02
1761393600,18.0,18.09,17.94,17.98,289668.66
1761408000,17.98,18.2,17.95,18.19,185067.58
1761422400,18.19,18.25,17.98,18.02,233347.18
1761436800,18.02,18.02,17.69,17.73,459245.38
1761451200,17.73,17.87,17.72,17.86,400053.05
1761465600,17.86,18.35,17.85,18.32,567008.2
1761480000,18.32,18.49,18.22,18.33,552486.51
1761494400,18.33,18.35,18.08,18.17,570317.23
1761508800,18.17,18.69,18.06,18.55,816141.32
1761523200,18.55,19.05,18.49,18.95,793141.35
1761537600,18.95,19.06,18.69,18.83,655539.48
1761552000,18.83,18.92,18.37,18.49,623893.89
1761566400,18.49,18.51,18.17,18.41,561604.09
1761580800,18.41,18.9,18.41,18.48,717512.11
1761595200,18.48,18.49,18.08,18.22,592270.97
1761609600,18.22,18.41,18.07,18.22,391406.13
1761624000,18.22,18.51,18.02,18.33,396857.31
1761638400,18.33,18.55,18.29,18.39,388265.74
1761652800,18.39,18.83,18.07,18.38,1037542.49
1761667200,18.38,18.66,17.88,17.99,677931.31
1761681600,17.99,18.0,17.43,17.83,1204930.59
1761696000,17.83,18.01,17.74,17.8,351425.69
1761710400,17.8,17.99,17.77,17.93,286057.02
1761724800,17.93,18.16,17.73,18.11,538518.32
1761739200,18.11,18.32,17.89,18.02,833303.81
1761753600,18.02,18.52,17.54,18.26,2649953.09
1761768000,18.26,18.67,17.98,18.13,757417.79
1761782400,18.13,18.32,18.01,18.17,460510.49
1761796800,18.17,18.43,17.47,18.37,1378198.19
1761811200,18.37,18.39,17.65,17.67,998588.88
1761825600,17.67,17.72,16.85,16.91,1823701.22
1761840000,16.91,17.02,16.34,16.4,1004863.01
1761854400,16.4,16.82,16.32,16.8,733299.7
1761868800,16.8,17.09,16.73,16.94,1090292.16
1761883200,16.94,17.31,16.93,17.22,610449.16
1761897600,17.22,17.35,17.14,17.34,412173.65
1761912000,17.34,17.46,17.09,17.28,666775.82
1761926400,17.28,17.37,16.77,17.31,680752.26
1761940800,17.31,17.36,17.12,17.24,271001.03
1761955200,17.24,17.33,17.06,17.31,329200.44
1761969600,17.31,17.34,17.13,17.33,201711.06
1761984000,17.33,17.44,17.24,17.34,302050.67
1761998400,17.34,17.42,17.13,17.25,319327.41
1762012800,17.25,17.34,17.04,17.23,327446.22
1762027200,17.23,17.32,17.05,17.14,274556.51
1762041600,17.14,17.21,17.04,17.16,154393.29
1762056000,17.16,17.6,17.11,17.54,580843.37
1762070400,17.54,17.64,17.25,17.58,358636.16
1762084800,17.58,17.59,17.06,17.13,391902.12
1762099200,17.13,17.29,16.99,17.05,289388.1
1762113600,17.05,17.63,16.99,17.58,406944.91
1762128000,17.58,17.66,16.33,16.36,1134952.19
1762142400,16.36,16.52,15.87,16.13,1059559.27
1762156800,16.13,16.24,15.8,16.07,897966.69
1762171200,16.07,16.34,14.51,15.29,3194893.88
1762185600,15.29,15.86,15.24,15.35,1334485.74
1762200000,15.35,15.43,15.05,15.25,930904.62
1762214400,15.25,15.51,15.11,15.43,716435.46
1762228800,15.43,15.51,14.56,14.63,1698691.91
1762243200,14.63,15.28,14.52,15.06,1399711.29
1762257600,15.06,15.43,14.67,15.12,1665055.57
1762272000,15.12,15.24,14.13,14.29,2495012.77
1762286400,14.29,14.87,13.69,14.68,2875848.72
1762300800,14.68,14.9,13.98,14.85,1689755.74
1762315200,14.85,15.02,14.75,14.91,553855.49
1762329600,14.91,14.91,14.54,14.83,564424.99
1762344000,14.83,15.11,14.74,15.1,841598.27
1762358400,15.1,15.4,14.91,15.25,893265.74
1762372800,15.25,15.36,15.05,15.09,1351131.9
1762387200,15.09,15.21,14.84,15.12,697916.0
1762401600,15.12,15.24,14.82,14.91,541505.58
1762416000,14.91,14.98,14.75,14.94,449684.94
1762430400,14.94,15.1,14.38,14.46,782853.85
1762444800,14.46,14.78,14.24,14.74,881631.91
1762459200,14.74,14.8,14.5,14.74,486341.9
1762473600,14.74,15.04,14.58,14.96,922672.96
1762488000,14.96,15.17,14.83,15.16,495927.92
1762502400,15.16,15.19,14.5,14.68,780830.58
1762516800,14.68,15.11,14.31,15.03,1233557.99
1762531200,15.03,16.23,14.95,16.06,1867099.23
1762545600,16.06,16.18,15.73,15.79,693144.16
1762560000,15.79,16.03,15.62,15.77,1135220.7
1762574400,15.77,15.93,15.53,15.72,708227.99
1762588800,15.72,15.93,15.6,15.68,835493.45
1762603200,15.68,15.73,15.17,15.22,784313.08
1762617600,15.22,15.45,15.12,15.37,411627.25
1762632000,15.37,15.55,15.27,15.51,239573.52
1762646400,15.51,15.53,15.02,15.1,653669.77
1762660800,15.1,15.43,15.05,15.37,340487.4
1762675200,15.37,15.5,15.08,15.44,508248.14
1762689600,15.44,15.94,15.39,15.82,732645.35
1762704000,15.82,16.1,15.72,16.09,433964.52
1762718400,16.09,16.13,15.83,15.93,401384.83
1762732800,15.93,16.31,15.79,16.24,648364.63
1762747200,16.24,16.43,16.15,16.36,502295.28
1762761600,16.36,16.65,16.19,16.51,795083.36
1762776000,16.51,16.67,15.98,16.08,1747374.74
1762790400,16.08,16.29,15.93,16.16,482243.95
1762804800,16.16,16.46,15.96,16.36,572053.94
1762819200,16.36,16.8,16.17,16.64,917524.4
1762833600,16.64,16.69,15.99,16.0,688115.04
1762848000,16.0,16.23,15.95,16.2,376123.36
1762862400,16.2,16.3,15.7,15.79,1049514.85
1762876800,15.79,15.89,15.59,15.64,471244.62
1762891200,15.64,15.66,15.25,15.28,640944.16
1762905600,15.28,15.47,15.18,15.4,449231.64
1762920000,15.4,15.55,15.3,15.33,322962.4
1762934400,15.33,16.17,15.33,16.11,870315.45
1762948800,16.11,16.25,15.34,15.38,1229969.14
1762963200,15.38,15.42,14.92,15.09,1118010.0
1762977600,15.09,15.32,15.03,15.15,434084.68
1762992000,15.15,15.65,15.07,15.54,761053.13
1763006400,15.54,16.02,15.43,15.88,767460.0
1763020800,15.88,15.96,15.64,15.74,464168.95
1763035200,15.74,15.78,15.24,15.33,953348.79
1763049600,15.33,15.37,14.2,14.29,1731296.78
1763064000,14.29,14.73,14.14,14.54,1271924.49
1763078400,14.54,14.61,14.35,14.43,748713.59
1763092800,14.43,14.57,13.9,14.45,1658548.28
1763107200,14.45,14.46,14.12,14.19,1054165.71
1763121600,14.19,14.46,13.82,14.29,1783938.3
1763136000,14.29,14.5,14.06,14.3,597675.25
1763150400,14.3,14.31,13.58,13.81,756213.13
1763164800,13.81,14.29,13.79,14.21,470950.61
1763179200,14.21,14.29,14.06,14.08,457541.37
1763193600,14.08,14.11,13.83,14.01,519422.28
1763208000,14.01,14.3,13.97,14.17,389437.14
1763222400,14.17,14.34,14.06,14.21,445717.73
1763236800,14.21,14.22,13.99,14.14,269205.65
1763251200,14.14,14.26,13.85,14.18,441700.58
1763265600,14.18,14.34,14.1,14.34,209900.66
1763280000,14.34,14.54,14.03,14.06,1191860.87
1763294400,14.06,14.18,13.76,13.78,1100555.81
1763308800,13.78,13.89,13.4,13.62,1621765.84
1763323200,13.62,13.85,13.4,13.73,836096.09
1763337600,13.73,13.99,13.58,13.98,551363.63
1763352000,13.98,14.17,13.92,14.12,393537.35
1763366400,14.12,14.21,14.02,14.17,254197.64
1763380800,14.17,14.29,13.59,13.71,1810965.5
1763395200,13.71,13.8,13.09,13.22,1536311.87
1763409600,13.22,13.36,13.08,13.33,834827.21
1763424000,13.33,13.52,13.06,13.46,1135776.51
1763438400,13.46,13.59,13.24,13.39,902308.84
1763452800,13.39,13.6,13.37,13.49,434780.89
1763467200,13.49,13.83,13.29,13.71,1354108.84
1763481600,13.71,14.0,13.68,13.9,659758.94
1763496000,13.9,13.96,13.7,13.79,416506.68
1763510400,13.79,13.83,13.47,13.5,881046.31
1763524800,13.5,13.55,13.12,13.49,638368.34
1763539200,13.49,13.56,13.33,13.4,470794.07
1763553600,13.4,13.51,12.98,13.02,1097862.71
1763568000,13.02,13.14,12.77,12.89,1415998.7
1763582400,12.89,13.58,12.85,13.53,771779.12
1763596800,13.53,13.71,13.46,13.65,486225.52
1763611200,13.65,13.95,13.58,13.94,777027.4
1763625600,13.94,14.0,13.57,13.71,1074484.32
1763640000,13.71,13.92,13.4,13.42,1442381.56
1763654400,13.42,13.44,12.77,13.0,2643873.72
1763668800,13.0,13.34,12.84,12.93,828074.88
1763683200,12.93,13.22,12.79,12.86,917391.84
1763697600,12.86,12.93,11.81,12.28,2646950.87
1763712000,12.28,12.43,11.85,11.89,2068839.33
1763726400,11.89,12.33,11.61,11.91,2263575.59
1763740800,11.91,12.37,11.72,12.12,1442867.53
1763755200,12.12,12.25,11.79,12.11,1018805.24
1763769600,12.11,12.25,12.03,12.11,445708.62
1763784000,12.11,12.12,11.84,12.0,829995.17
1763798400,12.0,12.03,11.75,11.96,604916.84
1763812800,11.96,12.01,11.74,11.92,596203.87
1763827200,11.92,12.1,11.91,12.0,497146.87
1763841600,12.0,12.31,11.94,12.17,482932.26
1763856000,12.17,12.48,12.11,12.47,671466.67
1763870400,12.47,12.6,12.3,12.37,530991.54
1763884800,12.37,12.62,12.36,12.51,1468606.55
1763899200,12.51,12.73,12.49,12.68,704090.69
1763913600,12.68,12.75,12.45,12.64,508986.41
1763928000,12.64,12.75,12.49,12.53,449993.7
1763942400,12.53,12.84,12.35,12.69,840332.33
1763956800,12.69,12.85,12.47,12.59,607791.04
1763971200,12.59,12.65,12.35,12.5,407868.2
1763985600,12.5,12.69,12.3,12.62,773486.88
1764000000,12.62,13.21,12.61,13.0,1337538.22
1764014400,13.0,13.16,12.95,12.97,529982.6
1764028800,12.97,13.03,12.87,12.91,525213.27
1764043200,12.91,13.05,12.8,12.81,415933.66
1764057600,12.81,12.88,12.66,12.77,511645.53
1764072000,12.77,12.95,12.55,12.74,869245.38
1764086400,12.74,13.15,12.73,12.98,1266580.78
1764100800,12.98,13.22,12.86,13.09,966567.88
1764115200,13.09,13.17,12.93,12.96,444835.18
1764129600,12.96,13.08,12.92,13.08,214099.06
1764144000,13.08,13.09,12.79,12.84,698079.5
1764158400,12.84,13.01,12.75,12.87,363235.09
1764172800,12.87,13.51,12.87,13.45,949205.61
1764187200,13.45,13.5,13.36,13.46,359533.97
1764201600,13.46,13.57,13.36,13.37,458506.12
1764216000,13.37,13.46,13.28,13.35,232612.1
1764230400,13.35,13.44,13.27,13.35,246412.89
1764244800,13.35,13.48,13.23,13.46,318013.64
1764259200,13.46,13.54,13.4,13.47,237586.21
1764273600,13.47,13.52,13.3,13.34,208328.86
1764288000,13.34,13.39,13.14,13.29,339553.04
1764302400,13.29,13.34,13.19,13.22,152319.54
1764316800,13.22,13.55,13.22,13.3,466035.23
1764331200,13.3,13.53,13.25,13.42,398344.95
1764345600,13.42,13.43,13.04,13.21,463874.61
1764360000,13.21,13.22,13.07,13.13,303082.4
1764374400,13.13,13.21,13.05,13.08,205639.49
1764388800,13.08,13.16,12.98,13.1,443505.1
1764403200,13.1,13.17,13.02,13.15,208016.88
1764417600,13.15,13.22,13.04,13.17,159604.22
1764432000,13.17,13.18,12.91,13.02,252968.46
1764446400,13.02,13.06,12.95,12.99,146363.84
1764460800,12.99,13.12,12.94,13.11,143968.39
1764475200,13.11,13.11,12.98,13.05,175941.69
1764489600,13.05,13.12,12.99,13.0,207306.56
1764504000,13.0,13.33,12.97,13.24,442068.3
1764518400,13.24,13.42,13.24,13.32,235073.79
1764532800,13.32,13.37,12.93,12.95,296009.63
1764547200,12.95,12.99,12.1,12.15,1966460.1
1764561600,12.15,12.28,12.04,12.2,550785.89
1764576000,12.2,12.22,12.11,12.11,288723.15
1764590400,12.11,12.22,11.81,12.0,1318293.02
1764604800,12.0,12.0,11.74,11.84,828198.25
1764619200,11.84,12.17,11.84,12.07,569990.62
1764633600,12.07,12.22,11.98,12.09,404288.97
1764648000,12.09,12.19,12.07,12.13,359061.9
1764662400,12.13,12.28,11.99,12.26,458154.94
1764676800,12.26,13.42,12.19,13.3,1745412.9
1764691200,13.3,13.5,13.23,13.41,1118981.92
1764705600,13.41,13.59,13.27,13.47,883755.36
1764720000,13.47,14.01,13.43,13.95,1208755.87
1764734400,13.95,14.43,13.91,14.38,1537160.34
1764748800,14.38,14.6,14.29,14.44,1227441.8
1764763200,14.44,14.7,14.2,14.4,2174684.94
1764777600,14.4,14.57,14.28,14.42,739019.15
1764792000,14.42,14.75,14.35,14.64,981464.63
1764806400,14.64,14.93,14.52,14.62,908604.07
1764820800,14.62,14.64,14.35,14.54,556838.86
1764835200,14.54,14.79,14.44,14.49,573749.56
1764849600,14.49,14.59,14.22,14.48,645112.54
1764864000,14.48,14.55,13.97,14.2,801262.07
1764878400,14.2,14.38,14.15,14.25,273202.98
1764892800,14.25,14.4,14.19,14.25,363653.36
1764907200,14.25,14.31,14.14,14.25,197986.84
1764921600,14.25,14.33,13.97,14.06,525930.88
1764936000,14.06,14.17,13.74,13.94,1051413.77
1764950400,13.94,13.95,13.36,13.56,1046972.44
1764964800,13.56,13.66,13.47,13.59,294629.51
1764979200,13.59,13.78,13.49,13.67,247295.74
1764993600,13.67,13.69,13.52,13.6,210605.56
1765008000,13.6,13.77,13.5,13.75,262349.88
1765022400,13.75,13.94,13.64,13.81,531720.23
1765036800,13.81,14.08,13.8,13.88,373128.74
1765051200,13.88,14.02,13.85,13.92,228389.08
1765065600,13.92,14.02,13.88,14.01,162857.61
1765080000,14.01,14.04,13.86,13.92,149096.9
1765094400,13.92,13.94,13.74,13.78,224928.61
1765108800,13.78,13.95,13.17,13.61,1316210.2
1765123200,13.61,14.18,13.47,14.05,767303.9
1765137600,14.05,14.12,13.42,13.65,671778.48
1765152000,13.65,14.05,13.58,13.89,492708.69
1765166400,13.89,14.07,13.87,14.01,264712.92
1765180800,14.01,14.29,13.91,13.94,523260.03
1765195200,13.94,14.1,13.67,13.74,678026.54
1765209600,13.74,13.9,13.56,13.7,450036.41
1765224000,13.7,13.92,13.7,13.76,262088.05
1765238400,13.76,13.86,13.53,13.71,326004.36
1765252800,13.71,13.85,13.57,13.83,314431.74
1765267200,13.83,13.87,13.61,13.73,308184.57
1765281600,13.73,14.44,13.64,14.41,887774.37
1765296000,14.41,15.01,14.41,14.65,1430971.96
1765310400,14.65,14.65,14.23,14.41,454957.34
1765324800,14.41,14.46,14.21,14.22,270750.26
1765339200,14.22,14.28,14.11,14.18,272815.32
1765353600,14.18,14.44,14.05,14.18,525576.05
1765368000,14.18,14.19,13.94,14.03,520844.46
1765382400,14.03,14.64,13.98,14.49,1363061.99
1765396800,14.49,14.89,14.06,14.1,1310102.52
1765411200,14.1,14.14,13.44,13.52,659870.71
1765425600,13.52,13.69,13.46,13.54,439721.62
1765440000,13.54,13.63,13.42,13.6,340690.82
1765454400,13.6,13.72,13.43,13.52,515316.13
1765468800,13.52,13.86,13.4,13.71,586014.71
1765483200,13.71,14.21,13.7,14.07,797048.9
1765497600,14.07,14.18,13.83,14.01,464961.67
1765512000,14.01,14.21,13.95,14.06,199405.0
1765526400,14.06,14.13,13.93,14.12,264839.17
1765540800,14.12,14.35,13.44,13.53,872930.29
1765555200,13.53,13.67,13.27,13.59,778169.97
1765569600,13.59,13.7,13.54,13.63,192147.13
1765584000,13.63,13.74,13.6,13.71,125360.77
1765598400,13.71,13.8,13.69,13.79,182213.83
1765612800,13.79,13.97,13.78,13.81,334179.37
1765627200,13.81,13.85,13.65,13.81,236035.16
1765641600,13.81,13.87,13.69,13.74,131327.02
1765656000,13.74,13.76,13.62,13.74,129827.39
1765670400,13.74,13.8,13.7,13.71,109447.34
1765684800,13.71,13.74,13.62,13.71,112581.81
1765699200,13.71,13.76,13.44,13.56,300681.68
1765713600,13.56,13.67,13.42,13.47,247331.95
1765728000,13.47,13.57,13.34,13.4,247021.75
1765742400,13.4,13.44,13.09,13.28,427566.06
1765756800,13.28,13.72,13.26,13.54,345630.82
1765771200,13.54,13.69,13.47,13.58,233098.99
1765785600,13.58,13.74,13.55,13.62,235631.96
1765800000,13.62,13.7,12.73,12.78,1487680.92
1765814400,12.78,12.84,12.47,12.75,897938.2
1765828800,12.75,12.9,12.61,12.85,483749.8
1765843200,12.85,12.89,12.67,12.75,399346.57
1765857600,12.75,12.89,12.55,12.69,415572.63
1765872000,12.69,12.99,12.69,12.96,608599.71
1765886400,12.96,13.13,12.69,13.05,1108545.96
1765900800,13.05,13.06,12.78,12.94,403948.4
1765915200,12.94,13.0,12.87,12.93,143208.96
1765929600,12.93,13.0,12.76,12.82,276540.23
1765944000,12.82,12.84,12.64,12.77,259822.31
1765958400,12.77,12.78,12.58,12.7,209270.3
1765972800,12.7,13.18,12.49,12.57,1400306.35
1765987200,12.57,12.66,12.12,12.28,2031992.65
1766001600,12.28,12.38,12.16,12.27,304835.02
1766016000,12.27,12.3,12.14,12.2,308581.73
1766030400,12.2,12.25,12.06,12.18,313848.71
1766044800,12.18,12.3,12.16,12.29,390651.49
1766059200,12.29,12.88,12.23,12.63,1339986.95
1766073600,12.63,12.66,11.74,11.76,1430088.11
1766088000,11.76,12.07,11.74,11.93,574941.13
1766102400,11.93,12.35,11.84,12.22,728329.39
1766116800,12.22,12.51,12.19,12.37,490834.2
1766131200,12.37,12.46,12.34,12.45,567729.59
1766145600,12.45,12.76,12.38,12.47,786022.43
1766160000,12.47,12.7,12.37,12.63,517244.88
1766174400,12.63,12.67,12.52,12.54,156953.02
1766188800,12.54,12.58,12.48,12.55,89688.53
1766203200,12.55,12.63,12.48,12.61,149434.95
1766217600,12.61,12.72,12.59,12.69,212729.49
1766232000,12.69,12.7,12.55,12.61,205950.3
1766246400,12.61,12.65,12.56,12.59,132656.68
1766260800,12.59,12.65,12.54,12.56,141364.33
1766275200,12.56,12.6,12.38,12.49,249614.3
1766289600,12.49,12.56,12.48,12.52,102835.99
1766304000,12.52,12.71,12.48,12.57,235727.9
1766318400,12.57,12.64,12.22,12.34,507871.38
1766332800,12.34,12.44,12.27,12.41,183966.19
1766347200,12.41,12.49,12.28,12.44,185451.77
1766361600,12.44,12.71,12.33,12.55,483667.28
1766376000,12.55,12.65,12.49,12.58,238576.82
1766390400,12.58,12.74,12.56,12.7,379164.99
1766404800,12.7,12.95,12.63,12.8,510799.43
1766419200,12.8,12.86,12.42,12.45,324534.98
1766433600,12.45,12.67,12.36,12.58,357049.63
1766448000,12.58,12.7,12.44,12.49,326601.48
1766462400,12.49,12.53,12.23,12.34,505953.19
1766476800,12.34,12.41,12.27,12.37,303016.32
1766491200,12.37,12.37,12.07,12.29,732499.72
1766505600,12.29,12.45,12.24,12.36,748294.73
1766520000,12.36,12.52,12.32,12.39,180208.13
1766534400,12.39,12.44,12.17,12.26,245860.49
1766548800,12.26,12.32,12.12,12.19,240395.96
1766563200,12.19,12.25,12.12,12.23,181069.13
1766577600,12.23,12.28,12.01,12.18,421179.93
1766592000,12.18,12.28,12.12,12.25,315377.55
1766606400,12.25,12.38,12.22,12.28,212034.42
1766620800,12.28,12.37,12.23,12.34,152855.47
1766635200,12.34,12.36,12.28,12.31,112061.03
1766649600,12.31,12.36,12.11,12.2,252758.47
1766664000,12.2,12.43,12.17,12.37,263639.64
1766678400,12.37,12.43,12.27,12.39,223889.77
1766692800,12.39,12.4,11.99,12.07,328415.77
1766707200,12.07,12.54,12.02,12.39,542218.14
1766721600,12.39,12.48,12.32,12.35,226792.32
1766736000,12.35,12.46,12.35,12.42,126942.67
1766750400,12.42,12.51,12.05,12.17,675606.93
1766764800,12.17,12.26,12.12,12.2,224293.1
1766779200,12.2,12.26,12.15,12.19,128384.52
1766793600,12.19,12.27,12.16,12.24,165949.59
1766808000,12.24,12.28,12.18,12.25,128073.76
1766822400,12.25,12.3,12.17,12.26,116414.97
1766836800,12.26,12.35,12.23,12.32,194484.48
1766851200,12.32,12.35,12.26,12.34,112518.54
1766865600,12.34,12.55,12.3,12.52,352225.63
1766880000,12.52,12.55,12.43,12.5,285465.05
1766894400,12.5,12.52,12.41,12.43,148394.57
1766908800,12.43,12.51,12.37,12.45,178534.84
1766923200,12.45,12.57,12.43,12.53,212533.23
1766937600,12.53,12.6,12.33,12.35,291933.24
1766952000,12.35,12.5,12.32,12.5,160426.45
1766966400,12.5,12.99,12.46,12.94,817123.1
1766980800,12.94,13.03,12.73,12.8,584426.96
1766995200,12.8,12.84,12.47,12.51,420387.93
1767009600,12.51,12.51,12.25,12.4,767969.29
1767024000,12.4,12.45,12.28,12.3,220172.35
1767038400,12.3,12.37,12.26,12.3,144774.46
1767052800,12.3,12.42,12.26,12.39,191122.64
1767067200,12.39,12.42,12.3,12.37,182076.4
1767081600,12.37,12.56,12.37,12.49,358721.81
1767096000,12.49,12.61,12.38,12.53,442914.56
1767110400,12.53,12.59,12.34,12.43,313438.31
1767124800,12.43,12.44,12.34,12.42,157835.36
1767139200,12.42,12.47,12.35,12.39,167150.94
1767153600,12.39,12.44,12.34,12.42,183911.29
1767168000,12.42,12.49,12.37,12.48,196370.22
1767182400,12.48,12.55,12.33,12.39,298373.99
1767196800,12.39,12.42,12.19,12.24,503691.01
1767211200,12.24,12.32,12.2,12.21,273506.9
1767225600,12.21,12.28,12.2,12.23,130843.23
1767240000,12.23,12.29,12.15,12.19,155699.04
1767254400,12.19,12.31,12.18,12.3,125531.07
1767268800,12.3,12.44,12.24,12.39,194999.64
1767283200,12.39,12.53,12.33,12.52,294916.67
1767297600,12.52,12.64,12.47,12.6,396327.7
1767312000,12.6,12.94,12.58,12.92,726847.98
1767326400,12.92,12.99,12.83,12.84,650582.21
1767340800,12.84,13.15,12.83,12.94,521945.26
1767355200,12.94,13.19,12.82,13.08,755942.22
1767369600,13.08,13.36,13.06,13.28,767068.21
1767384000,13.28,13.43,13.21,13.27,489698.24
1767398400,13.27,13.37,13.22,13.32,387302.5
1767412800,13.32,13.33,12.97,13.01,445840.77
1767427200,13.01,13.15,12.99,13.07,318306.17
1767441600,13.07,13.18,13.05,13.07,334158.13
1767456000,13.07,13.23,13.07,13.18,163721.44
1767470400,13.18,13.27,13.11,13.23,166226.32
1767484800,13.23,13.39,13.21,13.36,286967.44
1767499200,13.36,13.46,13.27,13.34,332313.96
1767513600,13.34,13.45,13.27,13.44,344576.26
1767528000,13.44,13.57,13.36,13.5,464200.49
1767542400,13.5,13.58,13.31,13.39,316321.38
1767556800,13.39,13.5,13.36,13.43,152153.09
1767571200,13.43,13.88,13.41,13.67,791705.4
1767585600,13.67,13.7,13.4,13.58,432714.59
1767600000,13.58,13.62,13.44,13.59,341957.1
1767614400,13.59,13.75,13.4,13.72,744332.54
1767628800,13.72,13.88,13.54,13.77,640001.13
1767643200,13.77,14.13,13.75,13.9,1158763.96
1767657600,13.9,13.96,13.58,13.79,948303.3
1767672000,13.79,13.98,13.68,13.73,576005.87
1767686400,13.73,13.91,13.7,13.89,349984.12
1767700800,13.89,14.24,13.82,13.99,1136158.21
1767715200,13.99,14.02,13.47,13.63,1229775.98
1767729600,13.63,14.07,13.63,14.04,525379.91
1767744000,14.04,14.04,13.68,13.81,571526.96
1767758400,13.81,13.89,13.7,13.88,407807.4
1767772800,13.88,13.94,13.58,13.69,570725.07
1767787200,13.69,13.73,13.29,13.37,847970.98
1767801600,13.37,13.5,13.31,13.4,454473.3
1767816000,13.4,13.47,13.3,13.44,285458.91
1767830400,13.44,13.56,13.32,13.34,316047.01
1767844800,13.34,13.48,13.07,13.32,478895.47
1767859200,13.32,13.37,13.09,13.22,422997.28
1767873600,13.22,13.31,13.03,13.3,961614.73
1767888000,13.3,13.35,13.15,13.2,304464.72
1767902400,13.2,13.34,13.1,13.21,218496.46
1767916800,13.21,13.38,13.17,13.32,343683.86
1767931200,13.32,13.33,13.19,13.27,275852.56
1767945600,13.27,13.3,13.06,13.17,322896.75
1767960000,13.17,13.44,13.03,13.29,658906.84
1767974400,13.29,13.45,13.06,13.09,468724.6
1767988800,13.09,13.19,13.08,13.14,190087.8
1768003200,13.14,13.17,13.07,13.13,149259.9
1768017600,13.13,13.18,13.07,13.17,122404.47
1768032000,13.17,13.23,13.1,13.17,188787.75
1768046400,13.17,13.26,13.13,13.17,167662.05
1768060800,13.17,13.22,13.12,13.22,80885.64
1768075200,13.22,13.24,13.08,13.13,322188.35
1768089600,13.13,13.25,13.11,13.24,79339.21
1768104000,13.24,13.28,13.18,13.24,117432.54
1768118400,13.24,13.25,13.18,13.21,108492.15
1768132800,13.21,13.3,13.14,13.21,253111.14
1768147200,13.21,13.37,13.2,13.25,271711.33
1768161600,13.25,13.26,13.05,13.21,347237.77
1768176000,13.21,13.52,13.12,13.36,577081.34
1768190400,13.36,13.46,13.25,13.28,280108.49
1768204800,13.28,13.33,13.1,13.16,348875.24
1768219200,13.16,13.26,12.93,13.25,482568.13
1768233600,13.25,13.33,13.09,13.19,324663.99
1768248000,13.19,13.24,13.0,13.08,164386.54
1768262400,13.08,13.17,13.05,13.12,213447.34
1768276800,13.12,13.3,13.11,13.19,231303.96
1768291200,13.19,13.32,13.18,13.27,233184.92
1768305600,13.27,13.58,13.23,13.58,749517.58
1768320000,13.58,13.71,13.53,13.69,644905.97
1768334400,13.69,14.18,13.68,14.06,1219719.13
1768348800,14.06,14.2,14.02,14.13,453857.9
1768363200,14.13,14.17,13.94,14.05,509737.88
1768377600,14.05,14.12,13.85,13.87,366189.37
1768392000,13.87,14.28,13.86,14.24,659516.29
1768406400,14.24,14.4,14.04,14.23,967140.07
1768420800,14.23,14.32,14.08,14.11,437225.61
1768435200,14.11,14.12,13.73,13.76,537189.48
1768449600,13.76,13.97,13.75,13.94,268098.61
1768464000,13.94,14.09,13.86,13.95,347582.37
1768478400,13.95,14.22,13.72,13.96,916024.82
1768492800,13.96,14.0,13.59,13.69,693732.73
1768507200,13.69,13.8,13.56,13.8,311605.51
1768521600,13.8,13.87,13.67,13.68,232327.4
1768536000,13.68,13.82,13.59,13.79,240179.78
1768550400,13.79,13.86,13.69,13.73,269534.07
1768564800,13.73,13.79,13.43,13.49,463694.65
1768579200,13.49,13.67,13.46,13.59,380822.09
1768593600,13.59,13.75,13.52,13.73,257204.87
1768608000,13.73,13.75,13.63,13.68,151283.16
1768622400,13.68,13.74,13.65,13.7,90597.12
1768636800,13.7,13.79,13.68,13.71,161378.89
1768651200,13.71,13.89,13.69,13.89,241650.76
1768665600,13.89,13.9,13.76,13.79,167905.72
1768680000,13.79,13.82,13.66,13.75,118385.48
1768694400,13.75,13.78,13.62,13.71,142510.06
1768708800,13.71,13.77,13.67,13.74,171571.98
1768723200,13.74,13.83,13.71,13.73,177060.32
1768737600,13.73,13.83,13.7,13.78,375829.04
1768752000,13.78,13.88,13.74,13.77,165076.4
1768766400,13.77,13.87,13.3,13.32,709342.03
1768780800,13.32,13.32,12.37,12.86,2975445.81
1768795200,12.86,12.86,12.72,12.77,457441.73
1768809600,12.77,12.87,12.74,12.77,372855.05
1768824000,12.77,12.87,12.73,12.76,332894.38
1768838400,12.76,12.97,12.75,12.94,197798.53
1768852800,12.94,13.01,12.78,12.88,283606.43
1768867200,12.88,12.91,12.8,12.87,146080.91
1768881600,12.87,12.88,12.61,12.61,357283.68
1768896000,12.61,12.63,12.48,12.51,458511.19
1768910400,12.51,12.61,12.34,12.44,677409.8
1768924800,12.44,12.47,12.18,12.28,481718.76
1768939200,12.28,12.36,12.03,12.12,442313.07
1768953600,12.12,12.36,12.1,12.31,346804.56
1768968000,12.31,12.47,12.29,12.32,163511.51
1768982400,12.32,12.34,12.17,12.18,324938.57
1768996800,12.18,12.55,12.06,12.44,705639.64
1769011200,12.44,12.62,11.89,12.6,958176.36
1769025600,12.6,12.66,12.36,12.4,446593.08
1769040000,12.4,12.58,12.4,12.45,562006.63
1769054400,12.45,12.54,12.4,12.43,253783.24
1769068800,12.43,12.49,12.37,12.38,184250.05
1769083200,12.38,12.48,12.12,12.23,429022.51
1769097600,12.23,12.33,12.19,12.28,245128.02
1769112000,12.28,12.31,12.2,12.27,139876.6
1769126400,12.27,12.35,12.22,12.33,121909.74
1769140800,12.33,12.41,12.25,12.28,178651.08
1769155200,12.28,12.3,12.17,12.27,132182.12
1769169600,12.27,12.28,12.04,12.25,367351.02
1769184000,12.25,12.5,12.2,12.25,397723.84
1769198400,12.25,12.28,12.12,12.22,173571.69
1769212800,12.22,12.28,12.18,12.25,357172.52
1769227200,12.25,12.28,12.21,12.21,60358.57
1769241600,12.21,12.25,12.19,12.21,77478.36
1769256000,12.21,12.24,12.15,12.15,152415.72
1769270400,12.15,12.24,12.13,12.19,104462.18
1769284800,12.19,12.26,12.18,12.2,122040.48
1769299200,12.2,12.22,12.06,12.08,165723.76
1769313600,12.08,12.13,12.05,12.08,124681.0
1769328000,12.08,12.14,12.01,12.08,206116.54
1769342400,12.08,12.11,11.94,11.97,398501.44
1769356800,11.97,11.97,11.38,11.44,1484390.15
1769371200,11.44,11.54,11.36,11.52,562541.35
1769385600,11.52,11.87,11.51,11.7,467680.0
1769400000,11.7,11.88,11.7,11.86,224619.2
1769414400,11.86,11.96,11.76,11.8,257101.77
1769428800,11.8,12.13,11.8,11.92,485382.72
1769443200,11.92,12.03,11.82,11.94,350722.85
1769457600,11.94,12.04,11.87,11.95,247368.24
1769472000,11.95,12.06,11.93,12.0,154198.1
1769486400,12.0,12.05,11.94,11.99,106784.72
1769500800,11.99,12.01,11.87,11.9,90487.64
1769515200,11.9,12.01,11.84,12.0,214815.83
1769529600,12.0,12.19,11.86,11.97,690813.73
1769544000,11.97,12.16,11.97,12.03,915477.79
1769558400,12.03,12.07,11.95,11.98,164931.76
1769572800,11.98,12.0,11.88,11.94,183570.92
1769587200,11.94,12.06,11.86,12.05,268274.91
1769601600,12.05,12.05,11.71,11.77,485289.56
1769616000,11.77,11.9,11.69,11.85,317064.58
1769630400,11.85,11.95,11.75,11.84,225351.79
1769644800,11.84,11.87,11.61,11.64,283955.17
1769659200,11.64,11.66,11.54,11.63,146343.77
1769673600,11.63,11.67,11.51,11.54,204084.92
1769688000,11.54,11.61,10.86,11.04,1296491.05
1769702400,11.04,11.2,10.83,10.94,1291244.37
1769716800,10.94,11.14,10.92,11.13,403938.6
1769731200,11.13,11.17,10.62,10.86,1430318.24
1769745600,10.86,11.0,10.65,10.84,517546.89
1769760000,10.84,10.91,10.73,10.86,526066.9
1769774400,10.86,10.88,10.6,10.76,812475.9
1769788800,10.76,11.0,10.51,10.91,836943.48
1769803200,10.91,10.91,10.69,10.79,662835.91
1769817600,10.79,10.84,10.73,10.75,187074.21
1769832000,10.75,10.79,10.55,10.61,238420.26
1769846400,10.61,10.64,10.36,10.5,686534.96
1769860800,10.5,10.51,9.92,10.05,1747160.32
1769875200,10.05,10.18,8.97,9.66,5888307.17
1769889600,9.66,10.04,9.56,9.99,976012.05
1769904000,9.99,10.08,9.91,10.04,565300.03
1769918400,10.04,10.08,9.86,9.94,538544.24
1769932800,9.94,10.03,9.77,9.87,626255.87
1769947200,9.87,9.91,9.41,9.54,1070707.27
1769961600,9.54,9.72,9.4,9.53,1436853.92
1769976000,9.53,9.66,9.22,9.41,1197738.59
1769990400,9.41,9.64,9.02,9.38,1805118.56
1770004800,9.38,9.49,9.07,9.4,1907242.1
1770019200,9.4,9.65,9.38,9.53,915632.41
1770033600,9.53,10.04,9.53,9.93,1404009.74
1770048000,9.93,10.0,9.77,9.79,655894.1
1770062400,9.79,9.87,9.7,9.81,446868.88
1770076800,9.81,9.85,9.58,9.77,484588.28
1770091200,9.77,9.86,9.65,9.73,496743.2
1770105600,9.73,9.76,9.52,9.58,620604.17
1770120000,9.58,9.77,9.49,9.75,876797.6
1770134400,9.75,9.75,9.08,9.48,2082559.17
1770148800,9.48,9.9,9.39,9.49,1278993.61
1770163200,9.49,9.69,9.45,9.66,136850.13
