timestamp,open,high,low,close,volume
1513641600,352.0,356.35,337.52,351.0,3279.90225
1513656000,351.0,366.96,351.0,354.25,2954.5886
1513670400,354.25,359.0,303.01,331.0,5369.33009
1513684800,331.0,348.41,313.0,331.53,3997.19394
1513699200,331.53,355.59,329.88,346.01,3158.12585
1513713600,346.01,348.79,321.0,338.48,4431.18469
1513728000,338.48,338.48,260.0,318.98,10759.50326
1513742400,318.98,332.98,300.01,316.0,3779.69098
1513756800,316.0,328.34,312.07,321.37,2918.37543
1513771200,321.37,357.0,305.21,307.19,5554.17109
1513785600,307.19,319.73,296.1,316.0,4621.0092
1513800000,316.0,316.0,293.0,302.7,3954.01715
1513814400,302.7,319.49,301.11,317.0,3571.04747
1513828800,317.0,325.16,308.0,317.78,3625.06549
1513843200,317.78,317.92,304.01,311.43,2159.80665
1513857600,311.43,313.2,267.01,268.3,7816.17858
1513872000,268.3,292.3,268.3,281.25,5472.07082
1513886400,281.25,303.89,275.5,302.0,3567.98929
1513900800,302.0,315.0,243.5,260.02,11269.16039
1513915200,260.02,291.0,210.28,227.33,10705.88181
1513929600,227.33,267.0,216.44,242.8,9289.82143
1513944000,242.8,250.91,177.58,233.91,26228.45634
1513958400,233.91,254.17,204.01,247.0,12668.19818
1513972800,247.0,280.03,235.0,250.99,11071.9061
1513987200,250.99,280.0,214.91,277.18,6932.21044
1514001600,277.18,277.19,243.95,261.0,6485.37328
1514016000,261.0,287.0,255.18,281.0,4946.09445
1514030400,281.0,299.14,250.0,274.0,8661.0679
1514044800,274.0,284.84,262.91,277.1,4447.96588
1514059200,277.1,301.52,252.12,253.44,7236.42813
1514073600,253.44,277.0,228.07,254.98,11288.54427
1514088000,254.98,268.81,245.0,255.95,4171.32576
1514102400,255.95,266.0,227.0,237.79,4537.45169
1514116800,237.79,255.0,220.03,245.39,5972.37822
1514131200,245.39,255.05,235.0,238.02,3640.47143
1514145600,238.02,263.17,238.0,262.9,3825.20065
1514160000,262.9,270.0,253.01,255.52,4908.24557
1514174400,255.52,273.02,251.4,268.97,5641.49869
1514188800,268.97,272.89,265.0,268.95,4814.99334
1514203200,268.95,277.5,254.0,261.99,5043.08962
1514217600,261.99,267.0,259.03,263.6,1885.186
1514232000,263.6,266.0,257.19,261.2,2122.67848
1514246400,261.2,271.52,258.0,271.52,3156.44346
1514260800,271.52,275.42,266.71,271.98,5467.17966
1514275200,271.98,274.44,266.71,269.22,2814.6474
1514289600,269.22,277.5,267.92,273.54,3836.38841
1514304000,273.54,282.82,271.04,278.3,4165.65158
1514318400,278.3,280.9,272.47,277.98,2547.5797
1514332800,277.98,280.0,275.86,277.17,3424.60632
1514347200,277.17,284.34,275.51,278.0,5666.8136
1514361600,278.0,281.0,265.0,270.5,3324.46568
1514376000,270.5,276.34,258.0,262.7,3814.52076
1514390400,262.7,267.74,245.29,256.52,5911.58527
1514404800,256.52,267.07,250.0,262.59,2894.79419
1514419200,262.59,266.7,230.01,241.48,8311.24054
1514433600,241.48,248.92,234.03,245.0,5809.66513
1514448000,245.0,248.91,230.1,234.27,4324.48017
1514462400,234.27,247.09,233.01,242.61,3943.5231
1514476800,242.61,242.61,222.03,235.0,7539.26538
1514491200,235.0,245.7,232.06,244.68,4904.09706
1514505600,244.68,255.6,239.94,251.4,6499.82015
1514520000,251.4,255.1,241.33,245.12,4144.27625
1514534400,245.12,249.25,233.97,239.04,3865.73796
1514548800,239.04,248.98,233.99,248.98,5901.39639
1514563200,248.98,261.0,241.01,245.0,6838.47131
1514577600,245.0,245.99,236.01,238.27,7735.32961
1514592000,238.27,244.0,212.51,222.66,12552.70776
1514606400,222.66,226.0,215.44,224.01,7372.87544
1514620800,224.01,224.97,211.01,216.0,6790.1729
1514635200,216.0,216.43,198.2,203.67,11171.2941
1514649600,203.67,217.03,193.2,217.0,10455.17624
1514664000,217.0,217.0,203.03,206.03,4587.95176
1514678400,206.03,227.11,202.98,218.75,6465.81465
1514692800,218.75,219.08,204.33,209.31,4803.87774
1514707200,209.31,214.3,204.32,211.3,3054.14084
1514721600,211.3,220.12,209.51,215.11,4468.05201
1514736000,215.11,234.37,215.11,225.13,7037.53957
1514750400,225.13,229.38,222.53,223.69,3909.676
1514764800,223.69,223.69,212.74,218.12,3885.44056
1514779200,218.12,230.8,218.12,225.09,3088.02519
1514793600,225.09,228.39,219.45,223.4,2799.73597
1514808000,223.4,231.19,215.5,223.51,3375.0217
1514822400,223.51,223.69,216.55,219.47,2602.28491
1514836800,219.47,227.21,218.87,222.61,4470.74467
1514851200,222.61,250.52,222.61,238.81,19246.36954
1514865600,238.81,241.55,231.25,240.0,4677.42731
1514880000,240.0,242.18,238.2,240.0,4779.13897
1514894400,240.0,256.49,239.5,248.4,14247.95079
1514908800,248.4,253.42,238.0,247.39,12882.79416
1514923200,247.39,249.81,240.0,247.33,7459.44857
1514937600,247.33,253.4,244.38,245.36,7510.16756
1514952000,245.36,252.1,244.0,249.74,13978.46658
1514966400,249.74,250.01,233.56,244.75,21470.47027
1514980800,244.75,248.0,237.98,244.9,8800.12868
1514995200,244.9,246.0,236.21,240.98,10730.04386
1515009600,240.98,245.48,237.07,238.77,8879.99789
1515024000,238.77,240.0,230.05,234.0,10534.34346
1515038400,234.0,237.86,227.6,228.01,9132.64792
1515052800,228.01,231.1,219.38,229.38,12880.98864
1515067200,229.38,230.0,220.89,222.81,16335.39377
1515081600,222.81,238.0,220.0,231.98,19122.23518
1515096000,231.98,233.88,224.32,233.0,10176.69596
1515110400,233.0,245.51,230.0,239.44,9820.54598
1515124800,239.44,243.53,235.0,240.93,10411.3047
1515139200,240.93,249.32,239.62,247.11,10816.35066
1515153600,247.11,248.98,242.68,244.24,8888.12129
1515168000,244.24,250.99,235.0,243.36,14529.61788
1515182400,243.36,244.01,237.0,240.54,10544.20414
1515196800,240.54,294.45,238.73,293.38,33051.24723
1515211200,293.38,295.52,271.06,278.77,18825.65969
1515225600,278.77,308.89,278.03,307.36,12412.32024
1515240000,307.36,315.0,280.5,282.75,18250.58001
1515254400,282.75,288.1,273.83,275.5,7944.83815
1515268800,275.5,283.55,274.44,275.28,10327.56838
1515283200,275.28,285.03,272.96,277.1,7409.67918
1515297600,277.1,287.0,276.63,281.5,8212.75612
1515312000,281.5,285.03,281.16,282.13,4140.87442
1515326400,282.13,282.93,275.15,277.59,5382.66329
1515340800,277.59,277.62,262.0,268.72,12060.96612
1515355200,268.72,277.0,266.36,269.01,6604.67195
1515369600,269.01,271.82,260.1,261.57,9687.57165
1515384000,261.57,268.53,259.39,265.49,7921.16148
1515398400,265.49,265.49,244.99,258.29,13259.09542
1515412800,258.29,259.84,212.74,240.97,29072.82816
1515427200,240.97,257.77,240.96,255.96,8299.17513
1515441600,255.96,258.5,243.01,252.65,8017.13902
1515456000,252.65,257.64,249.41,253.39,6685.89835
1515470400,253.39,257.64,243.4,250.45,7301.66548
1515484800,250.45,254.39,228.24,245.99,7518.86294
1515499200,245.99,255.05,235.15,250.01,9981.96402
1515513600,250.01,257.63,247.51,249.38,8967.2119
1515528000,249.38,253.84,239.61,244.48,13466.30148
1515542400,244.48,246.42,235.82,236.27,10037.07333
1515556800,236.27,245.0,235.59,238.08,14017.85883
1515571200,238.08,245.0,225.05,237.35,25958.58139
1515585600,237.35,247.28,228.98,245.03,9487.80452
1515600000,245.03,248.99,240.06,241.37,6541.28831
1515614400,241.37,248.35,239.0,247.63,4888.69447
1515628800,247.63,252.27,216.0,221.68,19566.41071
1515643200,221.68,235.0,195.03,229.7,29262.19267
1515657600,229.7,236.57,222.57,227.91,6688.61734
1515672000,227.91,245.0,227.5,236.73,7475.1692
1515686400,236.73,241.0,225.83,228.54,8586.31295
1515700800,228.54,231.0,214.3,223.77,12263.77007
1515715200,223.77,234.23,213.01,233.98,10321.23419
1515729600,233.98,236.1,227.09,232.81,8017.00931
1515744000,232.81,239.4,227.0,236.4,7224.10774
1515758400,236.4,240.45,229.16,229.32,9515.42422
1515772800,229.32,234.09,225.01,231.8,6614.29718
1515787200,231.8,236.0,228.7,233.11,3984.73439
1515801600,233.11,239.69,232.54,235.83,7661.80569
1515816000,235.83,245.0,233.21,243.75,7492.08105
1515830400,243.75,244.32,239.37,243.01,3725.95632
1515844800,243.01,249.99,241.47,242.52,6623.92271
1515859200,242.52,252.0,239.75,245.5,7935.80107
1515873600,245.5,263.99,244.1,257.98,9371.56174
1515888000,257.98,271.64,248.98,253.02,16662.66266
1515902400,253.02,259.0,238.01,241.55,11204.79103
1515916800,241.55,244.64,232.01,234.54,6878.18899
1515931200,234.54,243.0,223.01,230.61,13388.02677
1515945600,230.61,239.91,222.0,232.23,7454.92339
1515960000,232.23,239.36,231.23,234.12,6614.80973
1515974400,234.12,239.02,230.0,233.69,5691.71235
1515988800,233.69,238.27,231.78,232.5,5025.31835
1516003200,232.5,237.38,227.6,233.98,6070.91042
1516017600,233.98,242.31,231.13,236.73,6903.35566
1516032000,236.73,239.28,232.64,234.67,5612.46723
1516046400,234.67,235.0,229.0,229.5,6452.1846
1516060800,229.5,230.23,214.13,219.81,15296.74054
1516075200,219.81,242.0,189.0,210.18,13739.70141
1516089600,210.18,225.0,176.0,205.39,31239.2774
1516104000,205.39,206.18,188.09,204.97,18599.73325
1516118400,204.97,205.0,179.01,188.5,20832.66133
1516132800,188.5,199.0,135.67,179.28,50335.95929
1516147200,179.28,195.0,157.12,172.02,32825.22119
1516161600,172.02,185.0,150.0,175.5,19062.2678
1516176000,175.5,175.5,155.55,159.28,12407.41869
1516190400,159.28,167.0,136.2,139.1,23087.56303
1516204800,139.1,170.49,139.1,166.0,27466.44655
1516219200,166.0,198.89,163.7,182.44,40791.09195
1516233600,182.44,195.0,176.11,182.67,17501.67742
1516248000,182.67,189.0,171.49,172.5,16274.53147
1516262400,172.5,191.91,170.5,188.98,10275.23358
1516276800,188.98,202.19,188.01,201.42,18731.19525
1516291200,201.42,202.06,186.19,196.98,18854.93837
1516305600,196.98,199.31,178.01,186.14,16735.17986
1516320000,186.14,195.5,176.04,184.08,16005.29168
1516334400,184.08,190.98,178.49,186.25,9761.65505
1516348800,186.25,194.63,183.06,193.98,7895.91362
1516363200,193.98,199.0,187.74,190.5,12259.78107
1516377600,190.5,194.78,185.0,187.93,8053.48652
1516392000,187.93,191.76,186.95,191.42,5393.32525
1516406400,191.42,197.42,190.67,195.94,7512.34625
1516420800,195.94,209.23,193.86,205.46,18535.58169
1516435200,205.46,207.33,200.0,200.0,8894.65471
1516449600,200.0,204.88,198.3,203.42,6319.03143
1516464000,203.42,215.0,203.3,209.42,12764.03403
1516478400,209.42,213.27,207.0,210.4,5136.99944
1516492800,210.4,210.69,200.1,201.99,9568.63196
1516507200,201.99,202.21,184.55,190.34,15946.62685
1516521600,190.34,198.4,186.83,198.38,8210.04698
1516536000,198.38,200.0,187.23,187.23,8555.85302
1516550400,187.23,192.91,180.0,188.74,14292.07433
1516564800,188.74,190.16,182.2,190.16,8243.77447
1516579200,190.16,194.0,186.07,190.61,7782.50517
1516593600,190.61,194.18,188.63,192.79,4297.25712
1516608000,192.79,195.0,185.1,185.96,6195.37196
1516622400,185.96,187.81,169.0,171.89,16462.00682
1516636800,171.89,178.19,169.85,174.68,12826.18945
1516651200,174.68,179.41,163.44,178.0,12813.02998
1516665600,178.0,181.25,173.33,177.77,6762.86861
1516680000,177.77,179.53,166.74,168.62,6352.35859
1516694400,168.62,175.0,163.02,166.59,6213.32122
1516708800,166.59,177.6,165.17,177.01,8139.16357
1516723200,177.01,186.42,176.41,178.7,13883.20417
1516737600,178.7,185.17,175.22,176.98,8159.47022
1516752000,176.98,178.3,171.58,177.11,6770.86157
1516766400,177.11,180.7,172.0,178.01,5549.77511
1516780800,178.01,182.54,176.14,180.44,4531.99383
1516795200,180.44,186.3,178.0,178.0,12717.33755
1516809600,178.0,180.28,175.25,180.25,7243.04322
1516824000,180.25,181.23,177.99,180.89,6485.48672
1516838400,180.89,186.0,179.33,185.15,9931.65879
1516852800,185.15,185.99,182.1,182.55,8102.93513
1516867200,182.55,183.0,178.84,179.99,4762.59699
1516881600,179.99,181.22,175.59,175.98,5681.74326
1516896000,175.98,181.47,175.58,179.97,6921.41438
1516910400,179.97,181.0,178.3,179.59,4419.64224
1516924800,179.59,183.0,178.41,181.56,5354.5875
1516939200,181.56,183.06,175.0,175.35,5652.8235
1516953600,175.35,175.53,165.0,168.76,15054.58286
1516968000,168.76,178.61,166.79,177.95,9580.5519
1516982400,177.95,181.0,172.8,174.0,7962.35401
1516996800,174.0,177.55,171.75,177.09,5868.75678
1517011200,177.09,177.45,173.0,174.4,3262.00164
1517025600,174.4,183.1,173.93,180.0,5047.50252
1517040000,180.0,182.0,174.55,176.08,3678.04364
1517054400,176.08,183.0,175.0,182.04,5790.86079
1517068800,182.04,183.4,180.1,181.98,7160.64179
1517083200,181.98,184.0,181.12,182.1,6485.82272
1517097600,182.1,185.1,181.7,184.38,5449.32969
1517112000,184.38,193.8,184.13,188.53,10802.82457
1517126400,188.53,193.0,186.0,191.8,6064.97555
1517140800,191.8,194.35,189.01,190.53,10121.46434
1517155200,190.53,191.99,189.3,191.94,5947.2176
1517169600,191.94,198.0,191.59,196.74,8889.75171
1517184000,196.74,197.19,184.97,188.35,9184.74908
1517198400,188.35,193.3,183.26,183.26,7937.53399
1517212800,183.26,187.14,180.01,181.94,5908.70798
1517227200,181.94,186.6,180.98,184.41,5243.07568
1517241600,184.41,185.0,181.0,181.3,3845.76489
1517256000,181.3,183.09,180.06,181.5,4780.41223
1517270400,181.5,181.96,174.64,177.32,7374.94999
1517284800,177.32,180.0,175.96,178.61,3716.74821
1517299200,178.61,180.07,174.89,177.5,4464.21938
1517313600,177.5,179.79,167.28,168.96,10849.4755
1517328000,168.96,173.0,160.59,172.0,20376.21623
1517342400,172.0,173.5,165.96,168.21,9817.87117
1517356800,168.21,169.31,157.5,163.45,11737.01955
1517371200,163.45,168.81,159.34,166.04,6407.01252
1517385600,166.04,168.8,162.39,165.97,4160.44492
1517400000,165.97,167.49,160.0,160.9,4952.56436
1517414400,160.9,163.5,158.62,162.11,5361.89457
1517428800,162.11,165.19,161.34,165.19,4634.69545
1517443200,165.19,167.2,162.0,162.63,6458.19502
1517457600,162.63,166.26,161.38,161.38,4374.93315
1517472000,161.38,161.61,150.78,153.22,7375.40748
1517486400,153.22,154.27,145.61,147.47,11358.11643
1517500800,147.47,150.42,137.63,137.81,14264.33678
1517515200,137.81,151.22,132.0,143.69,20987.92858
1517529600,143.69,144.28,135.05,137.73,11921.18493
1517544000,137.73,138.19,124.0,127.9,13976.47798
1517558400,127.9,128.34,115.94,116.65,23613.0322
1517572800,116.65,147.0,108.52,134.93,41478.51483
1517587200,134.93,137.99,124.15,126.55,20489.60413
1517601600,126.55,136.02,126.41,131.68,12714.22185
1517616000,131.68,132.19,120.37,122.9,11093.01004
1517630400,122.9,131.16,120.06,129.43,7923.12356
1517644800,129.43,137.47,127.85,137.26,8969.36329
1517659200,137.26,151.61,135.15,144.59,23037.56404
1517673600,144.59,162.58,140.7,159.0,29758.96366
1517688000,159.0,166.99,152.39,160.3,62460.68516
1517702400,160.3,165.45,155.69,162.6,34393.87779
1517716800,162.6,174.75,159.0,168.96,46031.513
1517731200,168.96,169.6,149.0,154.32,49577.0333
1517745600,154.32,163.0,145.0,150.6,69662.39593
1517760000,150.6,155.68,143.11,145.17,48835.13108
1517774400,145.17,154.81,138.0,147.09,51559.24161
1517788800,147.09,153.0,140.5,149.65,30852.36929
1517803200,149.65,153.96,142.47,143.41,19729.86812
1517817600,143.41,147.4,132.1,133.52,27820.87201
1517832000,133.52,141.6,121.0,133.84,59925.97081
1517846400,133.84,142.0,117.0,118.6,67713.84373
1517860800,118.6,140.0,116.6,125.17,93927.49678
1517875200,125.17,131.5,110.34,115.41,52380.28934
1517889600,115.41,122.41,106.5,107.33,80733.31394
1517904000,107.33,125.25,107.33,115.58,53328.65033
1517918400,115.58,136.69,114.21,133.38,88548.01946
1517932800,133.38,139.9,123.03,137.66,52914.17221
1517947200,137.66,147.0,135.52,141.0,65204.30262
1517961600,141.0,143.5,130.01,131.57,33848.2546
1517976000,131.57,143.88,130.26,143.0,27142.23202
1517990400,143.0,153.99,140.1,149.62,34240.56172
1518004800,149.62,157.0,141.9,149.42,30687.06955
1518019200,149.42,154.0,142.1,148.49,24896.72435
1518033600,148.49,151.0,134.0,137.21,27773.7283
1518048000,137.21,143.5,137.2,142.37,3877.47235
1518062400,142.37,142.37,142.37,142.37,0.0
1518076800,142.37,142.37,142.37,142.37,0.0
1518091200,142.37,142.37,142.37,142.37,0.0
1518105600,142.37,142.37,142.37,142.37,0.0
1518120000,142.37,142.37,142.37,142.37,0.0
1518134400,142.37,142.37,142.37,142.37,0.0
1518148800,142.37,142.37,142.37,142.37,0.0
1518163200,142.37,149.6,142.37,148.0,6642.1313
1518177600,148.0,156.1,147.37,151.9,17107.31002
1518192000,151.9,161.5,151.58,159.91,21559.93334
1518206400,159.91,164.4,155.0,163.73,19895.7127
1518220800,163.73,168.89,160.03,165.74,28283.41508
1518235200,165.74,169.0,163.2,166.38,14204.92642
1518249600,166.38,166.38,156.11,160.86,22317.72279
1518264000,160.86,163.99,150.05,150.43,22629.21419
1518278400,150.43,154.9,146.11,153.0,26736.8281
1518292800,153.0,158.88,146.01,154.65,18935.05531
1518307200,154.65,155.0,143.0,145.3,15807.82253
1518321600,145.3,148.92,140.32,141.38,14615.87865
1518336000,141.38,148.66,139.0,147.6,13585.93197
1518350400,147.6,155.66,147.02,154.7,16492.01601
1518364800,154.7,156.1,149.08,152.53,15023.51071
1518379200,152.53,154.28,147.88,148.28,15113.66262
1518393600,148.28,156.0,146.04,154.21,15547.03818
1518408000,154.21,156.1,150.51,153.3,11402.01506
1518422400,153.3,162.38,153.3,157.49,21032.71975
1518436800,157.49,160.9,154.6,156.63,14579.74832
1518451200,156.63,161.66,156.0,161.49,12820.31351
1518465600,161.49,163.75,159.0,161.49,17133.46204
1518480000,161.49,162.95,156.7,159.39,14116.45848
1518494400,159.39,160.88,155.2,157.38,11638.09976
1518508800,157.38,160.99,152.0,155.7,17273.85829
1518523200,155.7,159.99,154.14,156.13,13470.30125
1518537600,156.13,158.69,155.08,158.47,7856.6322
1518552000,158.47,161.1,157.79,159.63,12209.8663
1518566400,159.63,185.0,158.94,180.81,122150.34376
1518580800,180.81,187.0,175.75,182.19,74665.11329
1518595200,182.19,200.8,178.36,195.65,113573.14866
1518609600,195.65,218.6,190.1,210.96,218284.71628
1518624000,210.96,211.45,196.13,205.91,117711.7474
1518638400,205.91,215.0,204.0,212.25,87625.58171
1518652800,212.25,236.66,209.87,230.38,191025.51336
1518667200,230.38,234.94,221.01,231.98,88686.86857
1518681600,231.98,233.49,210.0,219.65,142088.91737
1518696000,219.65,226.19,216.08,218.74,78971.52308
1518710400,218.74,222.58,214.0,217.15,74327.76578
1518724800,217.15,224.98,206.5,220.64,101300.10645
1518739200,220.64,222.99,210.5,212.0,62260.77988
1518753600,212.0,218.74,208.6,208.97,57501.47778
1518768000,208.97,216.19,208.56,214.19,37026.2719
1518782400,214.19,234.77,213.95,229.43,123393.26637
1518796800,229.43,235.58,222.0,228.17,85743.39601
1518811200,228.17,230.79,224.8,228.08,42115.25929
1518825600,228.08,232.2,225.57,231.24,43045.68446
1518840000,231.24,231.93,227.0,228.72,34849.07811
1518854400,228.72,229.5,223.44,224.78,32574.20433
1518868800,224.78,228.5,222.78,224.14,26691.43696
1518883200,224.14,231.0,223.78,226.56,29337.8594
1518897600,226.56,229.82,225.7,228.0,23566.28805
1518912000,228.0,231.39,225.0,225.94,39026.78813
1518926400,225.94,227.25,212.0,219.4,56969.08588
1518940800,219.4,220.5,210.1,218.36,40732.65144
1518955200,218.36,229.33,215.09,224.79,44462.16396
1518969600,224.79,229.89,217.4,220.0,61118.38599
1518984000,220.0,223.0,212.0,213.66,59855.83048
1518998400,213.66,220.0,212.0,215.36,27984.97053
1519012800,215.36,222.25,196.0,222.09,42971.83574
1519027200,222.09,225.98,219.71,221.4,28636.29842
1519041600,221.4,226.5,220.92,225.27,28069.76857
1519056000,225.27,226.4,222.0,224.5,24853.15441
1519070400,224.5,225.2,220.06,221.44,19200.16916
1519084800,221.44,224.39,221.0,222.82,20989.69067
1519099200,222.82,254.8,222.53,241.21,192534.14704
1519113600,241.21,246.91,233.71,242.2,82152.0168
1519128000,242.2,244.39,236.11,240.82,43505.47926
1519142400,240.82,248.69,239.3,241.41,66175.51636
1519156800,241.41,249.67,222.43,228.51,128977.99133
1519171200,228.51,233.53,213.22,220.93,160367.89752
1519185600,220.93,225.32,214.29,224.16,74205.46458
1519200000,224.16,224.16,216.36,219.5,41941.07335
1519214400,219.5,223.69,203.12,207.68,76444.60785
1519228800,207.68,216.24,203.97,209.18,74531.36618
1519243200,209.18,214.19,203.33,209.6,65952.59054
1519257600,209.6,220.3,205.86,215.97,63938.78491
1519272000,215.97,222.0,211.76,213.05,53820.49249
1519286400,213.05,214.28,200.1,206.27,52015.95627
1519300800,206.27,208.79,188.0,196.89,117540.55312
1519315200,196.89,199.0,189.0,196.5,67721.72531
1519329600,196.5,197.88,190.78,192.61,41459.0368
1519344000,192.61,192.69,182.0,191.08,69295.49096
1519358400,191.08,197.53,188.05,193.67,70499.7848
1519372800,193.67,210.38,193.18,209.39,78536.84043
1519387200,209.39,216.28,205.25,210.0,80001.86475
1519401600,210.0,210.34,202.1,203.91,70062.82933
1519416000,203.91,208.76,198.25,206.4,58637.34392
1519430400,206.4,219.0,205.9,214.3,80728.52289
1519444800,214.3,217.5,200.12,207.7,63543.19334
1519459200,207.7,209.0,197.16,200.64,52038.35695
1519473600,200.64,203.12,195.5,201.41,45174.15963
1519488000,201.41,204.1,197.11,197.79,32032.63355
1519502400,197.79,208.0,192.3,206.5,52926.22625
1519516800,206.5,208.99,198.94,202.22,38066.89067
1519531200,202.22,209.77,201.6,206.59,29287.93355
1519545600,206.59,215.78,205.97,212.77,50534.36013
1519560000,212.77,214.0,202.41,209.38,48353.60311
1519574400,209.38,212.86,206.92,211.61,53734.6268
1519588800,211.61,223.17,210.13,217.78,94711.84763
1519603200,217.78,232.3,217.78,225.95,100939.5867
1519617600,225.95,228.89,214.43,218.96,72567.24185
1519632000,218.96,229.2,214.8,226.51,60435.94756
1519646400,226.51,230.59,219.34,223.33,80161.46961
1519660800,223.33,225.0,216.29,216.9,47713.97561
1519675200,216.9,224.89,216.76,218.5,46661.90343
1519689600,218.5,221.77,211.8,214.7,49273.68699
1519704000,214.7,222.5,214.7,221.04,45968.38454
1519718400,221.04,224.36,215.1,219.32,68704.40316
1519732800,219.32,220.31,214.06,215.85,35745.5865
1519747200,215.85,217.38,214.64,216.22,21767.1922
1519761600,216.22,219.79,214.25,214.6,27486.5339
1519776000,214.6,223.71,214.55,219.36,45826.46633
1519790400,219.36,223.0,214.55,215.39,30167.30541
1519804800,215.39,216.64,208.4,209.35,34073.94957
1519819200,209.35,210.99,204.11,208.22,30319.55812
1519833600,208.22,208.76,204.0,207.62,19994.58365
1519848000,207.62,210.1,201.5,201.86,25206.22491
1519862400,201.86,205.0,200.2,201.5,25492.15476
1519876800,201.5,206.91,201.2,205.65,15245.15569
1519891200,205.65,210.25,205.54,207.74,16603.63156
1519905600,207.74,214.85,206.4,213.21,26105.96466
1519920000,213.21,215.0,211.55,212.31,19284.83214
1519934400,212.31,214.13,208.2,209.17,18789.47412
1519948800,209.17,213.29,208.46,209.72,19032.27942
1519963200,209.72,210.88,206.25,207.95,14836.76905
1519977600,207.95,209.0,204.96,205.95,13593.4606
1519992000,205.95,208.33,203.43,205.78,12170.47009
1520006400,205.78,206.5,204.18,205.44,7091.42623
1520020800,205.44,214.47,205.0,212.8,23128.77659
1520035200,212.8,218.39,212.75,214.9,62705.76432
1520049600,214.9,216.64,211.42,211.85,14752.28525
1520064000,211.85,214.74,211.0,213.38,8524.38762
1520078400,213.38,217.0,212.04,212.44,13741.83308
1520092800,212.44,213.89,211.15,211.21,7455.74413
1520107200,211.21,211.56,208.0,210.04,12940.96609
1520121600,210.04,210.45,205.41,205.41,14121.84295
1520136000,205.41,208.0,204.5,205.75,9250.3818
1520150400,205.75,209.93,205.54,208.5,9059.86207
1520164800,208.5,209.9,207.57,208.67,5440.54424
1520179200,208.67,212.2,207.5,210.95,12289.97574
1520193600,210.95,215.34,210.73,213.19,16917.3285
1520208000,213.19,213.77,209.04,212.21,11588.04142
1520222400,212.21,213.2,209.48,210.39,7508.37215
1520236800,210.39,217.0,208.17,214.31,19494.47094
1520251200,214.31,217.0,212.15,212.71,12781.89751
1520265600,212.71,213.6,210.1,211.93,11469.03069
1520280000,211.93,212.5,210.0,210.14,8838.58821
1520294400,210.14,210.49,205.56,208.01,18713.43632
1520308800,208.01,209.48,206.5,206.76,7505.63566
1520323200,206.76,207.86,200.25,202.87,21583.12747
1520337600,202.87,203.71,195.84,202.55,27477.59562
1520352000,202.55,202.6,191.31,196.33,27462.81775
1520366400,196.33,200.5,193.19,196.24,27263.92443
1520380800,196.24,199.28,194.72,195.55,16974.18871
1520395200,195.55,198.12,187.89,191.02,23936.51596
1520409600,191.02,193.2,187.46,193.2,20351.50467
1520424000,193.2,195.25,191.16,193.44,23319.84626
1520438400,193.44,193.5,173.08,181.67,104596.73872
1520452800,181.67,189.0,179.0,185.25,40193.41584
1520467200,185.25,187.37,177.11,177.46,34945.19659
1520481600,177.46,184.72,177.02,184.23,17269.46066
1520496000,184.23,187.5,182.57,183.5,17380.10373
1520510400,183.5,184.89,178.05,184.56,29815.94606
1520524800,184.56,184.85,173.69,176.83,41755.89034
1520539200,176.83,180.76,174.47,175.24,18965.93914
1520553600,175.24,177.3,164.37,166.82,41596.7446
1520568000,166.82,168.0,157.68,164.69,63796.37833
1520582400,164.69,171.88,159.2,171.88,31130.12677
1520596800,171.88,184.5,169.9,177.65,61759.47212
1520611200,177.65,182.97,172.51,180.0,45530.12627
1520625600,180.0,190.0,178.94,185.79,64961.07616
1520640000,185.79,191.73,182.85,186.15,37187.52441
1520654400,186.15,194.99,184.5,189.47,31734.62097
1520668800,189.47,190.99,183.5,186.69,23420.95139
1520683200,186.69,190.43,181.42,186.98,27352.10036
1520697600,186.98,189.67,180.0,183.26,30770.07904
1520712000,183.26,183.34,174.48,176.74,36578.57801
1520726400,176.74,179.95,169.85,176.4,52840.83805
1520740800,176.4,182.18,174.2,179.14,26086.27926
1520755200,179.14,186.95,175.57,186.45,19387.01564
1520769600,186.45,189.9,182.8,183.67,33226.41487
1520784000,183.67,194.0,183.3,190.13,39425.12177
1520798400,190.13,190.9,186.0,188.16,26739.9961
1520812800,188.16,190.64,183.77,184.75,18636.70314
1520827200,184.75,188.97,183.46,187.19,15956.32201
1520841600,187.19,192.88,185.61,190.88,20553.85586
1520856000,190.88,190.88,177.66,178.6,35343.15798
1520870400,178.6,181.31,175.0,175.27,30448.65807
1520884800,175.27,181.99,173.58,177.8,21896.41039
1520899200,177.8,180.46,174.0,175.45,15824.41198
1520913600,175.45,182.9,174.32,176.78,24220.97759
1520928000,176.78,179.4,171.25,174.08,16029.73039
1520942400,174.08,176.64,170.51,174.16,28566.85145
1520956800,174.16,177.63,172.66,174.14,17608.2761
1520971200,174.14,177.0,172.55,175.01,13714.70864
1520985600,175.01,177.52,174.6,176.71,12652.90405
1521000000,176.71,176.71,172.69,173.29,12876.11772
1521014400,173.29,174.25,164.37,165.83,22144.53288
1521028800,165.83,170.24,164.35,167.63,16875.33658
1521043200,167.63,168.0,160.53,163.8,44874.09348
1521057600,163.8,164.55,156.5,160.15,41897.19411
1521072000,160.15,161.5,153.0,153.7,37007.41837
1521086400,153.7,158.13,149.55,157.45,35814.92761
1521100800,157.45,167.39,154.5,166.54,38494.44802
1521115200,166.54,167.7,156.31,160.08,35310.6054
1521129600,160.08,164.0,157.05,161.75,27303.17848
1521144000,161.75,167.47,161.41,164.0,33497.46661
1521158400,164.0,166.2,157.5,161.36,26977.16583
1521172800,161.36,164.31,160.73,162.59,11633.56919
1521187200,162.59,162.87,158.09,161.03,15152.5212
1521201600,161.03,170.55,160.0,169.64,27422.79692
1521216000,169.64,171.6,167.01,170.97,16701.57242
1521230400,170.97,171.48,164.1,164.1,15930.82772
1521244800,164.1,165.96,161.14,162.67,14897.38883
1521259200,162.67,163.0,159.7,160.92,10373.19588
1521273600,160.92,164.0,159.8,160.78,9797.08139
1521288000,160.78,160.97,154.64,155.38,19534.88788
1521302400,155.38,157.18,150.3,151.59,21854.73891
1521316800,151.59,157.19,150.2,151.75,28671.63913
1521331200,151.75,152.04,144.86,149.6,39387.06431
1521345600,149.6,152.37,145.3,146.9,31249.59068
1521360000,146.9,149.51,142.9,146.8,22697.70925
1521374400,146.8,147.7,137.2,138.28,42548.71912
1521388800,138.28,145.0,136.86,141.41,34226.48248
1521403200,141.41,158.0,141.12,153.5,71584.13171
1521417600,153.5,157.25,150.66,151.35,39332.4544
1521432000,151.35,155.5,151.05,155.15,16275.46405
1521446400,155.15,159.45,151.52,156.13,20479.76214
1521460800,156.13,163.88,153.29,161.5,36805.43211
1521475200,161.5,163.29,154.1,156.39,35732.81165
1521489600,156.39,161.99,155.49,161.2,23229.39573
1521504000,161.2,162.55,157.19,161.21,21066.10365
1521518400,161.21,161.5,155.69,156.25,11144.2176
1521532800,156.25,161.01,155.41,160.33,11210.87219
1521547200,160.33,161.25,158.22,160.17,12758.9475
1521561600,160.17,172.0,160.01,170.85,42673.25042
1521576000,170.85,174.0,167.18,168.24,26930.17358
1521590400,168.24,173.96,167.82,173.44,15168.81906
1521604800,173.44,175.88,169.82,170.52,21918.7589
1521619200,170.52,174.87,169.44,173.32,12017.20411
1521633600,173.32,175.38,171.55,173.16,13284.23722
1521648000,173.16,173.78,165.22,169.25,34566.58603
1521662400,169.25,169.85,165.35,168.54,13947.20714
1521676800,168.54,172.64,167.78,170.51,16490.39999
1521691200,170.51,171.9,167.21,168.5,10482.76571
1521705600,168.5,170.31,163.35,164.95,21078.66362
1521720000,164.95,166.65,159.51,164.08,22435.12824
1521734400,164.08,165.82,160.95,162.48,14745.64657
1521748800,162.48,165.15,159.89,163.65,15372.02328
1521763200,163.65,163.65,157.24,158.89,14342.31936
1521777600,158.89,160.14,157.0,158.02,11431.98688
1521792000,158.02,161.16,157.63,160.7,9513.31791
1521806400,160.7,164.0,156.13,162.36,20031.21378
1521820800,162.36,164.99,161.17,163.58,11192.9234
1521835200,163.58,169.5,162.18,168.66,14228.13978
1521849600,168.66,169.74,165.8,166.7,11408.91125
1521864000,166.7,168.12,164.5,165.98,7743.99381
1521878400,165.98,166.11,161.4,161.97,12322.98921
1521892800,161.97,166.19,161.04,165.03,12278.13538
1521907200,165.03,165.6,163.49,164.25,10582.98568
1521921600,164.25,166.0,157.73,158.92,19436.7371
1521936000,158.92,160.18,157.6,160.02,8090.25396
1521950400,160.02,160.71,157.01,158.65,4964.00068
1521964800,158.65,160.66,156.75,157.95,6232.19516
1521979200,157.95,160.99,157.17,158.6,8248.18154
1521993600,158.6,162.35,158.6,161.4,9843.17753
1522008000,161.4,162.89,159.22,160.01,8825.37782
1522022400,160.01,161.05,158.25,160.32,8758.33454
1522036800,160.32,161.06,158.6,159.17,4030.82276
1522051200,159.17,159.79,148.13,150.76,19022.42949
1522065600,150.76,152.83,145.19,146.48,23980.54042
1522080000,146.48,147.7,141.56,143.77,23114.08959
1522094400,143.77,151.99,142.38,147.83,20602.07546
1522108800,147.83,149.34,137.58,139.73,22768.13087
1522123200,139.73,142.88,137.02,140.89,20036.85717
1522137600,140.89,142.99,139.0,140.18,13779.44594
1522152000,140.18,145.71,138.72,142.7,15557.89117
1522166400,142.7,144.68,137.65,138.71,15671.77478
1522180800,138.71,141.05,134.4,135.0,15649.28917
1522195200,135.0,139.39,132.01,134.33,18899.51077
1522209600,134.33,137.59,132.69,134.87,12936.42256
1522224000,134.87,139.75,133.97,138.5,12383.67324
1522238400,138.5,138.84,131.78,132.4,13416.39927
1522252800,132.4,133.89,130.59,132.88,16162.69006
1522267200,132.88,133.47,130.1,131.22,10041.16354
1522281600,131.22,132.6,130.03,130.33,8549.78834
1522296000,130.33,130.33,120.05,121.01,35585.08504
1522310400,121.01,122.45,116.2,117.55,22127.43432
1522324800,117.55,121.81,115.95,121.42,31933.34276
1522339200,121.42,125.0,117.03,118.01,23482.90683
1522353600,118.01,119.76,112.51,114.7,65714.2126
1522368000,114.7,116.2,109.77,113.13,42234.73169
1522382400,113.13,126.45,111.0,123.65,67358.74015
1522396800,123.65,125.5,115.66,118.98,28424.08611
1522411200,118.98,120.72,113.18,116.59,34233.54878
1522425600,116.59,117.4,112.0,115.63,43227.86833
1522440000,115.63,120.59,114.38,118.35,36600.16734
1522454400,118.35,124.28,118.1,120.74,35184.91005
1522468800,120.74,121.46,116.57,117.07,16640.74265
1522483200,117.07,122.0,117.07,119.88,23004.59464
1522497600,119.88,122.49,118.42,120.18,17878.666
1522512000,120.18,121.57,118.7,119.37,15490.91508
1522526400,119.37,119.55,115.26,116.05,20037.95998
1522540800,116.05,118.38,115.5,116.34,8137.83608
1522555200,116.34,117.14,111.69,113.1,13970.36567
1522569600,113.1,114.2,110.71,112.05,14452.36113
1522584000,112.05,113.2,109.03,109.94,21691.9846
1522598400,109.94,117.0,109.7,115.27,38595.11303
1522612800,115.27,116.75,113.71,114.74,16362.22357
1522627200,114.74,119.55,113.54,118.98,20656.17627
1522641600,118.98,120.26,115.9,119.5,14845.88167
1522656000,119.5,121.71,118.61,119.84,12460.32514
1522670400,119.84,120.5,117.02,119.67,15235.44348
1522684800,119.67,120.14,117.58,118.38,11573.65145
1522699200,118.38,119.19,116.41,119.05,16396.96622
1522713600,119.05,120.7,118.0,120.54,12075.52238
1522728000,120.54,124.24,120.38,123.75,25138.60246
1522742400,123.75,125.2,122.5,122.89,13785.18583
1522756800,122.89,127.22,122.53,126.6,14724.90595
1522771200,126.6,137.25,126.26,133.05,51261.3118
1522785600,133.05,135.52,130.88,134.04,22297.89888
1522800000,134.04,134.77,128.28,129.1,24595.48943
1522814400,129.1,131.5,127.35,129.19,18176.08515
1522828800,129.19,129.86,119.0,121.14,34862.64784
1522843200,121.14,123.7,115.51,116.28,39337.42964
1522857600,116.28,120.1,115.2,119.64,28751.94659
1522872000,119.64,121.06,116.0,118.07,23251.38085
1522886400,118.07,119.43,113.63,118.99,28843.15816
1522900800,118.99,121.37,116.76,118.55,22390.01694
1522915200,118.55,121.0,117.86,118.41,12380.45853
1522929600,118.41,122.5,115.39,118.96,30481.29978
1522944000,118.96,119.85,117.59,118.42,20112.97104
1522958400,118.42,120.0,117.0,118.26,11403.69386
1522972800,118.26,120.15,117.5,117.98,9758.85548
1522987200,117.98,119.0,112.0,114.1,25602.05877
1523001600,114.1,115.7,111.78,114.77,15313.54049
1523016000,114.77,115.0,112.71,113.36,13694.13
1523030400,113.36,114.11,112.0,113.29,10685.50063
1523044800,113.29,113.4,111.31,112.79,8083.88635
1523059200,112.79,118.95,112.19,118.02,23443.1382
1523073600,118.02,118.99,116.86,117.6,9074.56205
1523088000,117.6,118.43,116.44,117.16,5526.39701
1523102400,117.16,118.98,114.1,118.59,17371.0123
1523116800,118.59,119.72,116.92,117.22,11192.11063
1523131200,117.22,118.02,114.77,115.8,6571.06798
1523145600,115.8,117.67,115.46,116.74,8739.3734
1523160000,116.74,117.49,115.34,115.76,4400.42026
1523174400,115.76,118.49,115.52,118.17,8369.91798
1523188800,118.17,118.47,117.01,117.54,7361.63311
1523203200,117.54,117.74,115.58,117.5,8927.4785
1523217600,117.5,118.24,116.73,117.55,4741.55254
1523232000,117.55,122.99,117.55,122.27,20447.91605
1523246400,122.27,122.5,120.05,121.5,7330.67776
1523260800,121.5,122.4,113.31,114.7,35968.52888
1523275200,114.7,115.31,113.8,114.75,13497.99405
1523289600,114.75,115.22,113.01,113.03,8587.78662
1523304000,113.03,115.16,112.48,114.79,12806.88708
1523318400,114.79,115.26,113.88,114.79,6243.67392
1523332800,114.79,115.12,112.77,113.27,6586.18462
1523347200,113.27,114.41,111.25,113.64,9852.81541
1523361600,113.64,114.64,112.97,114.18,14008.03758
1523376000,114.18,114.99,113.7,114.37,8687.49779
1523390400,114.37,114.97,113.28,114.25,9176.3228
1523404800,114.25,114.8,112.92,113.07,6901.67498
1523419200,113.07,114.25,113.0,114.0,5261.79199
1523433600,114.0,114.5,113.09,114.4,5147.29981
1523448000,114.4,116.46,113.8,115.04,17419.57159
1523462400,115.04,115.1,113.87,114.54,9633.4494
1523476800,114.54,119.59,113.97,118.4,18272.6223
1523491200,118.4,118.69,115.82,116.57,20116.63041
1523505600,116.57,118.0,112.92,114.33,20679.33895
1523520000,114.33,127.0,113.21,122.7,68423.67424
1523534400,122.7,124.2,120.54,121.27,47238.67033
1523548800,121.27,125.0,118.74,123.84,28012.51498
1523563200,123.84,130.9,123.03,129.67,47720.39937
1523577600,129.67,130.42,123.55,125.62,37219.04312
1523592000,125.62,132.49,124.8,130.75,25057.49542
1523606400,130.75,132.61,127.47,131.65,37253.41684
1523620800,131.65,133.98,129.25,131.2,32710.38195
1523635200,131.2,132.6,130.09,130.72,17211.59991
1523649600,130.72,131.0,124.0,125.1,38390.68416
1523664000,125.1,128.37,124.5,127.53,19996.39258
1523678400,127.53,129.71,125.1,128.93,12612.39606
1523692800,128.93,129.58,125.45,126.36,11431.87293
1523707200,126.36,126.57,124.0,126.0,11742.73324
1523721600,126.0,127.43,125.15,126.9,9773.30818
1523736000,126.9,128.25,125.55,126.4,11551.72643
1523750400,126.4,128.59,126.4,128.0,8675.96725
1523764800,128.0,129.05,127.52,128.17,8232.3816
1523779200,128.17,132.99,127.91,132.0,15063.07584
1523793600,132.0,132.68,129.57,130.36,15046.2929
1523808000,130.36,131.49,130.12,131.09,6522.88414
1523822400,131.09,132.82,130.5,132.45,7564.72421
1523836800,132.45,133.49,126.99,128.45,26087.06158
1523851200,128.45,128.45,126.0,127.63,14420.54554
1523865600,127.63,128.6,126.8,127.69,8406.49562
1523880000,127.69,127.72,124.88,126.42,17335.38347
1523894400,126.42,128.83,125.73,127.5,9250.65012
1523908800,127.5,128.96,127.0,128.96,11044.61417
1523923200,128.96,132.24,128.73,130.5,16886.5199
1523937600,130.5,136.2,128.76,134.8,32954.45959
1523952000,134.8,140.49,134.62,139.47,38305.08349
1523966400,139.47,139.91,135.73,136.57,21051.00657
1523980800,136.57,140.5,132.85,134.1,38690.38802
1523995200,134.1,135.13,131.86,132.09,17714.42264
1524009600,132.09,135.63,131.5,134.51,14742.88805
1524024000,134.51,138.44,134.21,137.54,21417.66763
1524038400,137.54,137.81,136.26,137.6,10928.43975
1524052800,137.6,137.97,134.03,135.68,13448.72638
1524067200,135.68,139.3,135.34,138.68,14872.08229
1524081600,138.68,141.43,138.0,140.36,25532.98435
1524096000,140.36,143.0,138.51,141.38,15633.55431
1524110400,141.38,141.7,138.56,139.37,13236.36298
1524124800,139.37,141.5,138.76,140.16,9092.85317
1524139200,140.16,142.78,139.69,141.82,15072.20927
1524153600,141.82,147.48,141.67,144.96,31691.1763
1524168000,144.96,147.04,144.45,146.71,12705.78716
1524182400,146.71,150.4,146.36,148.54,24850.47062
1524196800,148.54,148.55,142.62,145.9,24109.30135
1524211200,145.9,150.7,145.0,150.27,20500.39993
1524225600,150.27,152.3,148.56,149.54,20172.45397
1524240000,149.54,153.51,148.68,152.22,17611.12225
1524254400,152.22,156.49,151.15,155.71,31859.08554
1524268800,155.71,156.94,150.49,153.73,24230.43312
1524283200,153.73,156.75,152.15,153.75,15561.60559
1524297600,153.75,154.38,139.8,143.49,53071.72879
1524312000,143.49,149.85,143.22,149.18,25943.37075
1524326400,149.18,152.0,146.91,148.35,18986.70664
1524340800,148.35,148.76,144.03,148.4,13146.59263
1524355200,148.4,148.7,144.26,145.66,9872.27836
1524369600,145.66,148.4,145.1,147.08,6059.19146
1524384000,147.08,153.14,147.08,150.41,19312.24232
1524398400,150.41,151.9,147.75,149.99,20669.62602
1524412800,149.99,151.9,148.44,149.08,16397.6564
1524427200,149.08,149.84,145.65,146.38,11975.80064
1524441600,146.38,149.13,145.8,147.5,9152.90998
1524456000,147.5,152.9,147.24,152.5,14733.84331
1524470400,152.5,153.67,149.09,151.32,17210.3215
1524484800,151.32,153.2,150.5,151.85,13200.69073
1524499200,151.85,152.71,148.75,149.93,11685.2296
1524513600,149.93,152.85,149.66,152.56,7908.76259
1524528000,152.56,161.57,152.44,159.7,52025.09907
1524542400,159.7,163.37,158.26,159.68,26418.74833
1524556800,159.68,162.28,159.68,160.69,13793.52197
1524571200,160.69,165.31,158.44,161.82,32833.55763
1524585600,161.82,165.47,161.01,165.1,25563.6997
1524600000,165.1,166.29,163.6,164.78,22083.44139
1524614400,164.78,164.79,153.29,153.51,42705.38482
1524628800,153.51,157.0,147.0,154.76,40358.52438
1524643200,154.76,155.28,143.0,148.39,31355.324
1524657600,148.39,150.78,141.85,146.48,33966.52412
1524672000,146.48,148.74,142.69,146.67,21378.97089
1524686400,146.67,151.0,143.0,144.75,22992.46702
1524700800,144.75,146.38,142.0,144.92,16935.01006
1524715200,144.92,148.08,143.73,145.9,9540.78022
1524729600,145.9,146.8,142.2,145.85,10594.61689
1524744000,145.85,147.3,144.84,145.76,14366.3842
1524758400,145.76,148.85,145.17,147.38,15149.92465
1524772800,147.38,154.84,147.11,153.19,31892.14854
1524787200,153.19,153.8,148.8,149.42,19870.49388
1524801600,149.42,151.06,148.35,149.99,12335.39007
1524816000,149.99,153.8,149.73,152.08,14663.08372
1524830400,152.08,153.03,148.5,150.46,17854.51618
1524844800,150.46,152.76,148.51,148.91,11859.94759
1524859200,148.91,149.51,144.44,144.9,18590.90709
1524873600,144.9,149.63,144.49,148.81,12174.39439
1524888000,148.81,150.48,147.76,148.62,8834.84486
1524902400,148.62,151.37,147.74,148.69,13194.87869
1524916800,148.69,153.2,148.69,151.7,19514.5877
1524931200,151.7,152.84,150.01,152.82,15085.64512
1524945600,152.82,153.74,151.0,152.1,11838.3262
1524960000,152.1,156.87,151.72,154.81,19179.07344
1524974400,154.81,155.39,153.32,153.95,8559.55544
1524988800,153.95,154.34,148.0,149.77,19187.7512
1525003200,149.77,153.2,148.68,151.99,18772.3791
1525017600,151.99,152.77,150.0,151.7,10973.63407
1525032000,151.7,154.5,150.63,153.5,16771.13695
1525046400,153.5,154.9,150.5,150.78,19370.43966
1525060800,150.78,152.17,149.01,150.12,14709.48126
1525075200,150.12,151.52,148.5,150.62,13007.18961
1525089600,150.62,151.85,149.85,150.96,13529.03879
1525104000,150.96,152.05,150.01,150.78,11481.02601
1525118400,150.78,151.21,147.0,148.37,20348.39646
1525132800,148.37,148.37,142.44,143.79,36689.83187
1525147200,143.79,146.2,143.79,145.36,9561.95461
1525161600,145.36,147.57,144.97,145.42,10380.1472
1525176000,145.42,145.66,143.26,143.86,12996.65775
1525190400,143.86,146.0,143.86,145.65,8124.83256
1525204800,145.65,148.89,145.35,148.29,10614.09112
1525219200,148.29,148.83,146.21,146.85,8509.7299
1525233600,146.85,148.9,146.8,147.98,12407.09872
1525248000,147.98,149.72,147.0,149.4,10445.97241
1525262400,149.4,149.75,146.95,149.56,12729.8169
1525276800,149.56,150.07,148.49,149.36,13433.50201
1525291200,149.36,153.76,148.61,151.58,18960.13112
1525305600,151.58,154.6,151.38,153.82,19630.63892
1525320000,153.82,155.49,150.57,152.21,25876.97094
1525334400,152.21,152.48,150.0,151.59,13564.36713
1525348800,151.59,164.0,151.04,161.99,66292.37205
1525363200,161.99,165.04,158.77,160.01,43638.00511
1525377600,160.01,163.89,159.59,161.38,21730.32331
1525392000,161.38,161.45,157.1,157.95,25448.70265
1525406400,157.95,161.11,157.76,159.41,15374.34537
1525420800,159.41,166.1,159.33,163.69,26326.34865
1525435200,163.69,165.2,158.32,160.47,25285.35781
1525449600,160.47,165.0,158.83,163.33,21955.14548
1525464000,163.33,172.1,162.85,169.44,60784.44132
1525478400,169.44,173.31,168.13,173.02,30702.83357
1525492800,173.02,173.53,169.71,170.54,16914.87133
1525507200,170.54,175.23,170.51,173.04,22734.38806
1525521600,173.04,184.67,172.8,179.95,69022.95934
1525536000,179.95,182.72,176.6,180.49,42898.95025
1525550400,180.49,181.02,174.37,179.04,44673.815
1525564800,179.04,184.98,178.65,180.0,38744.32278
1525579200,180.0,181.5,168.75,174.37,45756.85662
1525593600,174.37,174.5,168.02,168.8,27925.23865
1525608000,168.8,171.98,164.8,168.33,39663.92516
1525622400,168.33,172.23,168.19,169.09,22166.14716
1525636800,169.09,173.33,168.45,172.32,23935.08344
1525651200,172.32,172.81,161.52,165.0,47608.28586
1525665600,165.0,166.59,160.62,161.59,19375.53005
1525680000,161.59,165.13,160.24,162.35,20312.12901
1525694400,162.35,163.0,157.3,162.9,27192.8791
1525708800,162.9,167.16,161.42,166.05,34970.59203
1525723200,166.05,167.4,162.48,164.59,21064.41974
1525737600,164.59,168.66,164.31,167.2,28083.07123
1525752000,167.2,167.86,163.42,164.82,10176.45552
1525766400,164.82,165.54,157.65,159.55,19751.09223
1525780800,159.55,161.23,157.33,160.27,24577.56743
1525795200,160.27,160.52,155.05,159.7,20164.0473
1525809600,159.7,160.23,157.35,158.89,10563.70254
1525824000,158.89,159.47,152.0,152.44,19018.08131
1525838400,152.44,154.82,150.0,152.74,20307.88429
1525852800,152.74,158.44,152.55,158.3,17039.83129
1525867200,158.3,159.79,155.72,157.86,15654.98519
1525881600,157.86,160.32,157.08,158.32,17519.49585
1525896000,158.32,158.98,156.0,156.72,7297.29243
1525910400,156.72,160.49,156.35,159.81,12154.45937
1525924800,159.81,160.9,157.5,159.25,13260.59478
1525939200,159.25,159.83,156.72,156.88,9641.65954
1525953600,156.88,158.3,156.28,157.1,10916.13779
1525968000,157.1,157.96,151.26,151.99,22449.16406
1525982400,151.99,152.55,147.22,148.16,18593.4036
1525996800,148.16,148.5,144.35,146.8,27080.19652
1526011200,146.8,148.18,139.66,141.1,23015.80786
1526025600,141.1,144.38,138.01,138.46,26319.56069
1526040000,138.46,141.33,136.6,139.4,33435.48086
1526054400,139.4,141.56,138.45,139.9,13630.29996
1526068800,139.9,140.43,132.97,136.32,23944.25786
1526083200,136.32,138.93,134.75,136.51,10786.68646
1526097600,136.51,137.27,130.32,134.5,14011.94154
1526112000,134.5,143.06,132.14,141.57,17242.65568
1526126400,141.57,144.47,135.8,136.63,25909.5278
1526140800,136.63,141.99,135.87,141.16,11730.01408
1526155200,141.16,143.64,139.05,141.57,12294.48831
1526169600,141.57,142.72,138.34,139.21,10931.16196
1526184000,139.21,140.55,136.25,139.08,11434.98048
1526198400,139.08,141.9,136.1,139.72,17057.91209
1526212800,139.72,144.23,139.53,143.8,16922.64471
1526227200,143.8,146.15,142.35,144.07,19308.86337
1526241600,144.07,146.89,143.5,144.24,13821.30462
1526256000,144.24,144.24,136.22,136.87,24560.35993
1526270400,136.87,139.46,134.79,136.31,21793.27676
1526284800,136.31,138.47,134.61,137.92,15549.29812
1526299200,137.92,147.54,134.19,145.41,43173.8028
1526313600,145.41,151.31,145.35,150.02,39302.34209
1526328000,150.02,152.95,144.48,147.42,27110.09128
1526342400,147.42,149.67,144.26,146.66,17980.90563
1526356800,146.66,148.83,145.0,146.84,10015.46951
1526371200,146.84,148.5,144.0,146.17,20068.68065
1526385600,146.17,146.41,138.72,140.46,29395.3909
1526400000,140.46,141.91,138.51,140.52,17185.39991
1526414400,140.52,140.75,136.91,139.35,10467.05611
1526428800,139.35,139.7,133.5,135.85,21261.96209
1526443200,135.85,137.21,134.81,136.23,9483.28841
1526457600,136.23,140.86,135.17,139.12,9887.31259
1526472000,139.12,139.71,134.87,136.87,14314.28379
1526486400,136.87,138.66,136.49,137.19,10111.85159
1526500800,137.19,139.3,136.94,138.92,5793.48951
1526515200,138.92,141.5,138.57,139.33,12531.69315
1526529600,139.33,139.68,136.65,137.16,8007.09957
1526544000,137.16,138.75,136.81,137.92,5355.26962
1526558400,137.92,139.99,137.54,138.77,4875.05983
1526572800,138.77,139.17,133.23,134.32,11514.92085
1526587200,134.32,135.31,131.0,132.31,15925.54178
1526601600,132.31,132.31,128.0,131.17,17769.73699
1526616000,131.17,133.17,129.86,132.11,9679.18898
1526630400,132.11,133.86,131.51,132.22,7924.87639
1526644800,132.22,133.43,130.66,132.18,10666.75666
1526659200,132.18,137.41,131.53,136.72,12796.17295
1526673600,136.72,137.49,135.26,135.95,7720.06107
1526688000,135.95,136.42,133.56,135.68,4754.28269
1526702400,135.68,136.46,132.64,133.56,5480.9366
1526716800,133.56,137.0,132.6,136.73,5730.41273
1526731200,136.73,137.77,135.29,136.48,9300.14544
1526745600,136.48,136.87,134.96,135.52,5291.59483
1526760000,135.52,135.84,133.01,134.95,7273.19632
1526774400,134.95,135.73,132.5,134.09,7056.57517
1526788800,134.09,135.89,133.94,135.14,3330.58797
1526803200,135.14,138.59,135.06,137.02,8559.99047
1526817600,137.02,138.09,136.11,138.09,3458.42028
1526832000,138.09,141.0,137.82,139.5,15618.95806
1526846400,139.5,140.8,138.4,139.64,8979.29072
1526860800,139.64,140.25,137.2,138.36,6887.86911
1526875200,138.36,139.53,138.07,138.5,5504.12933
1526889600,138.5,138.75,134.33,135.76,10044.06697
1526904000,135.76,136.64,134.0,135.25,9368.44434
1526918400,135.25,135.4,133.43,134.36,6832.1823
1526932800,134.36,135.43,134.0,134.25,4879.52685
1526947200,134.25,134.61,132.01,133.32,5627.71859
1526961600,133.32,136.25,132.59,134.66,5301.63567
1526976000,134.66,134.69,132.0,132.31,5072.65898
1526990400,132.31,133.35,131.13,132.39,6365.76012
1527004800,132.39,133.43,130.66,131.02,4860.9551
1527019200,131.02,131.3,127.31,127.89,14516.81061
1527033600,127.89,129.35,125.61,127.45,14137.14175
1527048000,127.45,127.58,124.41,125.1,9634.78998
1527062400,125.1,125.66,122.84,123.83,10680.24418
1527076800,123.83,125.55,119.91,120.65,18727.51138
1527091200,120.65,121.77,115.83,121.3,30720.58965
1527105600,121.3,122.79,117.28,118.37,23180.23789
1527120000,118.37,121.35,118.07,120.15,10789.92031
1527134400,120.15,122.0,116.99,118.6,12448.77527
1527148800,118.6,118.65,114.7,117.15,17351.75158
1527163200,117.15,123.4,116.0,123.21,14551.87084
1527177600,123.21,124.85,121.0,124.26,13921.94542
1527192000,124.26,124.36,121.14,122.58,10156.22364
1527206400,122.58,123.57,121.22,122.77,6241.13993
1527220800,122.77,124.58,118.17,119.43,10665.55532
1527235200,119.43,121.24,117.93,120.5,21300.82607
1527249600,120.5,121.5,118.7,120.75,18831.95616
1527264000,120.75,120.75,116.88,117.99,22921.20281
1527278400,117.99,119.13,116.63,118.87,18281.72302
1527292800,118.87,119.45,118.27,118.64,17553.89188
1527307200,118.64,122.46,117.68,121.46,22272.80459
1527321600,121.46,122.12,120.53,120.72,19545.40829
1527336000,120.72,121.32,119.62,120.54,18231.48818
1527350400,120.54,121.82,120.07,121.33,18207.68091
1527364800,121.33,122.17,117.18,118.45,25782.99575
1527379200,118.45,118.65,116.58,117.28,23495.67095
1527393600,117.28,118.41,116.8,117.8,17606.15205
1527408000,117.8,118.6,116.81,117.73,16313.74974
1527422400,117.73,118.5,116.82,118.18,19872.14308
1527436800,118.18,119.0,116.75,117.29,21460.81183
1527451200,117.29,117.92,116.63,117.71,20323.62813
1527465600,117.71,118.97,117.54,118.18,19860.9131
1527480000,118.18,118.55,111.58,113.36,21687.41732
1527494400,113.36,113.41,111.96,112.1,7787.1925
1527508800,112.1,115.19,111.34,114.14,8863.72757
1527523200,114.14,114.33,113.07,113.74,5253.90535
1527537600,113.74,113.96,110.0,110.82,11688.91103
1527552000,110.82,112.75,109.41,112.06,7764.24855
1527566400,112.06,113.4,110.05,112.87,8813.59583
1527580800,112.87,121.31,112.35,120.0,19650.42572
1527595200,120.0,122.71,118.25,120.1,17652.73839
1527609600,120.1,122.22,119.41,120.01,9741.8531
1527624000,120.01,121.19,118.53,119.28,7213.02976
1527638400,119.28,122.73,118.84,119.78,10648.91925
1527652800,119.78,121.41,119.56,120.52,4559.33707
1527667200,120.52,122.35,119.6,121.5,7572.54458
1527681600,121.5,122.01,114.69,116.35,15062.38013
1527696000,116.35,117.16,115.21,116.48,5443.22323
1527710400,116.48,117.93,116.3,117.18,4254.66006
1527724800,117.18,117.65,116.04,117.02,5879.78938
1527739200,117.02,121.01,117.0,120.06,12007.99726
1527753600,120.06,120.55,118.37,119.07,11317.61328
1527768000,119.07,120.46,118.53,118.97,8499.85834
1527782400,118.97,121.0,118.46,119.23,8476.28705
1527796800,119.23,119.93,117.0,118.25,9649.74085
1527811200,118.25,119.0,117.8,118.32,5253.96269
1527825600,118.32,120.0,117.7,118.98,10078.6784
1527840000,118.98,120.36,117.11,117.11,10703.67081
1527854400,117.11,118.89,116.62,118.53,8875.43579
1527868800,118.53,119.08,117.92,118.69,7771.51813
1527883200,118.69,120.4,118.25,120.19,8922.14952
1527897600,120.19,120.43,118.66,119.76,6788.59378
1527912000,119.76,123.52,119.33,122.96,11531.59097
1527926400,122.96,124.22,121.89,122.9,7104.35993
1527940800,122.9,123.78,121.64,122.63,7366.2575
1527955200,122.63,124.5,121.68,124.09,6582.04279
1527969600,124.09,124.3,122.91,123.44,5686.48801
1527984000,123.44,123.92,122.23,122.57,4447.95173
1527998400,122.57,125.12,122.44,124.89,7031.94721
1528012800,124.89,127.98,124.68,126.93,12543.53291
1528027200,126.93,127.84,125.82,127.0,8905.08435
1528041600,127.0,127.5,123.53,124.8,12753.88303
1528056000,124.8,125.86,124.53,125.33,7202.08475
1528070400,125.33,127.01,124.63,124.69,7852.76302
1528084800,124.69,125.25,121.55,122.51,8061.79397
1528099200,122.51,122.66,119.34,119.97,10547.40566
1528113600,119.97,120.67,118.0,119.45,21251.6669
1528128000,119.45,119.72,118.32,118.98,3945.76195
1528142400,118.98,120.51,118.74,119.77,8026.854
1528156800,119.77,120.2,116.38,116.8,8652.70623
1528171200,116.8,117.78,115.77,117.2,7088.19009
1528185600,117.2,118.66,116.8,117.51,5192.70813
1528200000,117.51,120.31,116.6,120.31,7360.09698
1528214400,120.31,122.5,119.94,121.18,14102.4602
1528228800,121.18,122.6,120.14,122.18,6483.46587
1528243200,122.18,122.6,120.65,121.02,4396.61353
1528257600,121.02,122.6,119.99,121.84,6176.63267
1528272000,121.84,122.45,120.51,121.52,2969.35237
1528286400,121.52,122.94,120.91,121.92,7339.59881
1528300800,121.92,122.18,118.0,119.27,9029.65219
1528315200,119.27,122.54,118.57,121.61,6905.81134
1528329600,121.61,123.84,121.4,122.23,8729.80206
1528344000,122.23,122.76,121.6,122.16,3613.77588
1528358400,122.16,122.63,121.02,121.4,4873.74195
1528372800,121.4,122.19,120.71,121.33,4639.3113
1528387200,121.33,122.53,120.83,121.58,5606.22182
1528401600,121.58,122.0,119.4,121.54,12110.44307
1528416000,121.54,122.18,119.81,119.95,6930.25162
1528430400,119.95,120.25,118.77,119.31,5666.58045
1528444800,119.31,119.61,118.3,118.7,6471.97032
1528459200,118.7,119.67,118.04,119.28,5038.16906
1528473600,119.28,120.12,119.19,119.89,2966.83163
1528488000,119.89,120.45,119.55,119.68,1908.39446
1528502400,119.68,120.93,119.64,120.6,2284.80093
1528516800,120.6,120.77,120.1,120.25,1391.85463
1528531200,120.25,120.42,119.49,119.89,3213.98997
1528545600,119.89,120.05,118.66,119.53,3778.93723
1528560000,119.53,119.53,118.36,118.88,2578.41401
1528574400,118.88,119.17,116.7,117.4,3812.66659
1528588800,117.4,117.47,112.57,113.42,16804.66464
1528603200,113.42,114.66,111.5,111.86,8015.62266
1528617600,111.86,113.1,111.76,113.1,4725.44784
1528632000,113.1,114.4,111.61,113.05,6604.86658
1528646400,113.05,113.28,103.87,106.93,33455.7159
1528660800,106.93,107.2,102.75,106.48,19076.8759
1528675200,106.48,108.42,103.71,107.74,12033.19295
1528689600,107.74,108.4,104.01,104.24,8095.81216
1528704000,104.24,108.0,104.0,106.95,6249.27964
1528718400,106.95,107.14,102.7,103.73,11285.40341
1528732800,103.73,106.5,103.53,105.62,10067.55178
1528747200,105.62,107.46,103.76,107.2,9104.98741
1528761600,107.2,107.86,104.55,105.0,12423.22661
1528776000,105.0,107.69,105.0,106.8,6888.8282
1528790400,106.8,107.8,105.7,106.64,5221.86852
1528804800,106.64,106.64,103.9,105.15,7551.99018
1528819200,105.15,105.56,94.05,99.56,23185.44651
1528833600,99.56,100.84,97.51,99.68,18173.23885
1528848000,99.68,100.16,98.8,99.13,12533.61884
1528862400,99.13,100.45,98.28,99.03,20304.97391
1528876800,99.03,99.25,93.0,95.05,32922.22709
1528891200,95.05,96.29,91.1,91.55,32187.37627
1528905600,91.55,95.24,86.71,91.84,43093.42743
1528920000,91.84,94.0,90.75,93.37,27106.43339
1528934400,93.37,97.18,91.65,96.49,33917.94966
1528948800,96.49,96.89,94.84,96.0,21805.79625
1528963200,96.0,98.0,95.9,97.69,26359.26144
1528977600,97.69,97.97,93.53,94.36,29171.06462
1528992000,94.36,102.7,94.31,100.67,38149.88019
1529006400,100.67,102.87,99.21,100.88,28485.9059
1529020800,100.88,100.98,98.51,99.46,23713.56951
1529035200,99.46,99.97,96.9,97.08,32132.97323
1529049600,97.08,99.9,96.68,97.74,26272.54908
1529064000,97.74,98.71,96.23,98.63,22818.9212
1529078400,98.63,99.8,97.01,98.02,24155.56673
1529092800,98.02,98.08,94.49,95.5,26801.66644
1529107200,95.5,96.4,94.94,95.49,17077.36726
1529121600,95.49,96.26,94.79,95.69,21938.1682
1529136000,95.69,97.1,95.1,95.87,22120.90857
1529150400,95.87,96.73,92.68,93.66,24703.74453
1529164800,93.66,97.34,93.11,96.24,23815.89285
1529179200,96.24,97.58,95.82,96.66,20357.91385
1529193600,96.66,97.81,96.52,97.62,18665.55027
1529208000,97.62,97.79,96.7,97.35,20333.99902
1529222400,97.35,98.2,95.57,95.92,20023.40695
1529236800,95.92,96.19,94.8,95.96,20163.46083
1529251200,95.96,97.38,95.48,96.93,19899.88579
1529265600,96.93,96.93,94.51,94.95,20646.78977
1529280000,94.95,95.19,93.59,94.24,22740.13112
1529294400,94.24,94.57,93.34,94.08,21972.53139
1529308800,94.08,95.64,92.89,93.46,23197.45116
1529323200,93.46,94.93,93.0,94.38,24728.92699
1529337600,94.38,99.49,93.85,98.12,46969.64947
1529352000,98.12,99.88,98.12,98.7,22195.7724
1529366400,98.7,99.19,97.13,97.36,8500.89841
1529380800,97.36,98.01,96.91,97.73,19039.25077
1529395200,97.73,100.47,97.38,98.97,20757.30805
1529409600,98.97,120.0,98.26,98.41,34448.24766
1529424000,98.41,98.8,97.04,98.67,22426.08118
1529438400,98.67,99.26,97.74,98.67,24893.72518
1529452800,98.67,99.02,95.88,96.02,31832.62958
1529467200,96.02,96.55,95.21,96.45,13600.78908
1529481600,96.45,96.7,95.7,96.08,22172.16042
1529496000,96.08,98.72,95.3,98.04,29032.91551
1529510400,98.04,99.13,97.44,97.67,23453.39038
1529524800,97.67,97.92,97.0,97.72,21893.75676
1529539200,97.72,99.3,97.41,98.36,22152.07809
1529553600,98.36,98.46,97.25,97.99,23958.59219
1529568000,97.99,98.0,96.38,96.72,23278.09933
1529582400,96.72,97.0,96.0,96.82,23856.93861
1529596800,96.82,97.11,96.18,96.35,22521.55276
1529611200,96.35,97.17,96.07,96.72,21797.56402
1529625600,96.72,96.87,92.9,94.28,27943.03946
1529640000,94.28,94.46,89.44,90.35,28380.53282
1529654400,90.35,91.21,87.23,88.8,36262.02406
1529668800,88.8,88.96,83.02,85.43,51585.39971
1529683200,85.43,86.99,84.56,85.86,31959.2043
1529697600,85.86,86.01,80.02,84.8,55978.71363
1529712000,84.8,86.77,84.17,84.4,28727.52047
1529726400,84.4,85.12,81.46,84.06,29194.79549
1529740800,84.06,84.67,82.44,83.96,27054.8611
1529755200,83.96,84.06,81.31,81.98,31441.38573
1529769600,81.98,82.88,81.98,82.55,23512.13528
1529784000,82.55,84.67,81.87,82.73,25919.05755
1529798400,82.73,83.18,80.26,80.57,28485.20499
1529812800,80.57,80.58,74.76,75.96,54844.35524
1529827200,75.96,78.45,75.76,77.97,30783.17799
1529841600,77.97,78.08,73.22,73.5,36489.54283
1529856000,73.5,82.14,73.38,80.75,63739.13555
1529870400,80.75,83.63,79.83,80.37,35963.40258
1529884800,80.37,80.5,78.55,79.68,30632.68857
1529899200,79.68,81.98,79.68,80.28,23824.8948
1529913600,80.28,82.7,79.71,82.67,23680.67733
1529928000,82.67,83.81,79.78,82.85,35212.94318
1529942400,82.85,84.38,81.2,81.73,29836.41556
1529956800,81.73,82.31,81.28,81.48,21548.75383
1529971200,81.48,81.99,80.7,81.44,15552.138
1529985600,81.44,81.44,81.44,81.44,0.0
1530000000,81.44,81.44,81.44,81.44,0.0
1530014400,81.44,81.47,78.05,79.64,42295.73642
1530028800,79.64,80.6,78.14,78.7,25832.68571
1530043200,78.7,79.74,75.0,75.54,34442.62021
1530057600,75.54,76.84,74.87,74.99,25218.50544
1530072000,74.99,76.58,74.99,76.31,19555.52616
1530086400,76.31,79.57,76.27,78.68,22953.91256
1530100800,78.68,80.86,77.01,79.92,18377.9329
1530115200,79.92,81.0,79.21,80.64,25497.57757
1530129600,80.64,81.75,79.7,80.6,27571.87946
1530144000,80.6,81.43,78.1,79.19,28462.3422
1530158400,79.19,79.74,78.38,78.94,23161.79639
1530172800,78.94,79.09,77.83,78.44,23642.43851
1530187200,78.44,79.93,78.26,79.43,25142.68713
1530201600,79.43,80.19,78.44,78.75,27546.83187
1530216000,78.75,79.07,73.89,74.05,51872.96956
1530230400,74.05,75.83,74.05,74.95,28528.53574
1530244800,74.95,75.17,72.81,73.61,34246.60542
1530259200,73.61,74.28,73.01,73.44,23946.95469
1530273600,73.44,74.1,72.15,73.88,27200.81718
1530288000,73.88,74.07,72.74,73.34,22302.83336
1530302400,73.34,80.79,73.21,78.94,45959.11809
1530316800,78.94,84.59,78.84,81.88,48001.75845
1530331200,81.88,82.49,81.66,82.24,23599.92284
1530345600,82.24,82.97,81.41,82.13,21648.10413
1530360000,82.13,83.1,80.6,81.28,27777.86273
1530374400,81.28,81.31,79.21,79.78,25820.10021
1530388800,79.78,81.88,79.47,81.33,23559.55087
1530403200,81.33,81.83,79.6,80.0,24768.36992
1530417600,80.0,80.75,79.51,80.16,18867.59965
1530432000,80.16,80.45,79.57,80.42,23590.12953
1530446400,80.42,80.66,77.73,79.15,28746.22823
1530460800,79.15,79.6,78.71,79.1,23619.25806
1530475200,79.1,80.54,78.98,79.95,25603.81942
1530489600,79.95,80.46,79.49,79.79,20250.5942
1530504000,79.79,80.0,78.11,79.42,24098.8691
1530518400,79.42,80.45,79.2,80.06,21647.80519
1530532800,80.06,85.97,79.92,85.57,46238.86549
1530547200,85.57,86.43,84.4,85.12,31456.34389
1530561600,85.12,87.06,85.06,85.36,27335.65382
1530576000,85.36,88.6,84.75,87.7,29141.72405
1530590400,87.7,90.0,87.64,88.4,31549.93107
1530604800,88.4,88.45,85.14,86.15,33708.51543
1530619200,86.15,86.59,85.3,86.29,28083.75103
1530633600,86.29,88.71,85.66,87.12,30110.60105
1530648000,87.12,88.1,83.64,85.09,39944.46486
1530662400,85.09,85.3,84.13,84.53,3469.04919
1530676800,84.53,84.53,84.53,84.53,0.0
1530691200,84.53,85.73,83.98,85.72,20684.2963
1530705600,85.72,89.01,85.39,86.84,36494.57866
1530720000,86.84,87.17,85.75,86.45,27307.67412
1530734400,86.45,87.17,84.83,85.28,31254.2803
1530748800,85.28,87.11,84.05,85.15,27522.09682
1530763200,85.15,86.06,84.28,84.6,28147.47874
1530777600,84.6,85.93,84.01,84.14,25987.17997
1530792000,84.14,85.64,82.74,84.23,37959.7168
1530806400,84.23,85.19,81.77,82.72,31162.51094
1530820800,82.72,83.89,82.0,83.33,19782.64992
1530835200,83.33,84.23,82.74,83.7,23648.138
1530849600,83.7,83.74,80.67,81.23,28271.98561
1530864000,81.23,82.7,81.08,82.17,24601.32414
1530878400,82.17,84.11,82.02,82.75,29545.75514
1530892800,82.75,83.99,82.12,82.58,27562.47255
1530907200,82.58,83.41,82.26,83.1,22612.31177
1530921600,83.1,83.21,82.37,82.67,21889.45571
1530936000,82.67,83.66,82.54,82.58,21056.46741
1530950400,82.58,82.79,80.97,81.64,27062.36544
1530964800,81.64,82.39,80.0,80.61,31119.26983
1530979200,80.61,80.99,79.83,80.13,23442.31325
1530993600,80.13,85.35,79.4,84.79,36927.99782
1531008000,84.79,85.7,83.95,84.09,28121.16809
1531022400,84.09,84.5,83.22,83.71,21827.18225
1531036800,83.71,84.24,83.5,84.07,20998.14272
1531051200,84.07,85.31,83.51,84.52,28460.95187
1531065600,84.52,85.0,84.24,84.4,22796.24846
1531080000,84.4,84.48,81.81,82.22,28959.2056
1531094400,82.22,82.94,81.18,82.11,27479.14999
1531108800,82.11,82.6,81.69,82.22,25841.25968
1531123200,82.22,82.6,80.85,82.23,26511.78137
1531137600,82.23,82.93,81.78,82.49,22905.85306
1531152000,82.49,82.53,80.85,81.57,28644.88501
1531166400,81.57,83.12,79.8,80.46,33559.86184
1531180800,80.46,80.62,77.9,78.52,35003.39411
1531195200,78.52,78.94,76.7,77.61,39175.00509
1531209600,77.61,77.99,74.47,75.23,40991.5831
1531224000,75.23,76.58,74.25,75.98,33420.60214
1531238400,75.98,76.93,75.51,76.75,29604.28978
1531252800,76.75,78.5,74.52,75.81,33513.09747
1531267200,75.81,77.87,75.38,76.24,30494.47968
1531281600,76.24,77.2,75.31,76.67,33684.43748
1531296000,76.67,80.98,76.52,79.52,31303.18034
1531310400,79.52,80.02,77.34,77.66,34528.86363
1531324800,77.66,78.73,75.87,76.99,34938.24802
1531339200,76.99,78.28,76.37,78.18,27232.79756
1531353600,78.18,78.25,76.52,77.15,25078.01281
1531368000,77.15,77.32,74.0,74.76,36936.68343
1531382400,74.76,75.99,74.58,75.45,28420.97238
1531396800,75.45,76.83,75.18,75.93,27532.12975
1531411200,75.93,76.6,75.38,75.84,27125.64765
1531425600,75.84,77.12,74.2,76.79,36873.29633
1531440000,76.79,78.15,76.6,77.7,28184.06247
1531454400,77.7,77.86,76.93,77.23,24294.63971
1531468800,77.23,77.24,76.63,77.16,24638.46787
1531483200,77.16,78.14,77.0,77.6,25134.44817
1531497600,77.6,78.6,75.47,75.77,33746.72412
1531512000,75.77,76.9,74.96,76.53,31656.92698
1531526400,76.53,77.5,75.73,76.05,24343.95379
1531540800,76.05,76.37,75.59,76.15,22938.07433
1531555200,76.15,76.35,75.37,75.99,22781.88538
1531569600,75.99,76.3,75.81,76.19,24132.35002
1531584000,76.19,76.92,75.78,76.86,25906.76174
1531598400,76.86,77.5,75.75,76.18,22695.42915
1531612800,76.18,77.14,75.1,76.74,24999.65878
1531627200,76.74,77.29,76.62,76.93,23206.70354
1531641600,76.93,78.13,76.79,77.43,25052.48435
1531656000,77.43,77.91,76.81,77.91,24237.07366
1531670400,77.91,78.5,77.5,78.35,28365.23869
1531684800,78.35,79.5,78.17,78.54,24094.64179
1531699200,78.54,79.17,77.6,78.07,26314.81453
1531713600,78.07,78.8,77.76,78.55,23952.59469
1531728000,78.55,83.25,78.0,82.64,45087.53285
1531742400,82.64,83.77,81.5,83.36,30614.47845
1531756800,83.36,84.28,82.45,83.35,30383.7828
1531771200,83.35,84.0,82.42,83.49,26564.01742
1531785600,83.49,84.5,82.96,84.3,27066.6812
1531800000,84.3,84.48,82.14,82.67,26961.46761
1531814400,82.67,83.38,81.57,81.69,29607.14206
1531828800,81.69,83.54,81.3,83.44,29875.88157
1531843200,83.44,90.0,82.64,88.67,67288.21623
1531857600,88.67,90.0,88.42,89.06,23890.08889
1531872000,89.06,94.41,88.77,91.45,37139.89982
1531886400,91.45,92.25,90.5,90.95,25470.01977
1531900800,90.95,91.6,89.26,90.81,27221.12006
1531915200,90.81,92.07,89.78,90.06,30764.48116
1531929600,90.06,92.6,87.52,88.05,41056.25282
1531944000,88.05,88.29,84.2,86.21,45823.15438
1531958400,86.21,86.81,84.8,85.79,26125.71042
1531972800,85.79,87.69,85.6,86.36,23197.63526
1531987200,86.36,87.94,85.91,87.6,22795.76643
1532001600,87.6,89.0,85.6,86.0,32469.051
1532016000,86.0,87.5,85.58,86.59,25588.41276
1532030400,86.59,88.16,85.53,86.0,24158.3759
1532044800,86.0,86.12,84.6,85.34,26924.2467
1532059200,85.34,85.48,82.66,83.94,28603.19265
1532073600,83.94,85.45,83.65,84.88,22944.47617
1532088000,84.88,85.26,83.64,83.75,23183.22957
1532102400,83.75,86.69,80.72,81.96,47790.85361
1532116800,81.96,82.61,81.4,81.87,22621.63256
1532131200,81.87,81.88,79.5,80.78,24525.97553
1532145600,80.78,82.69,80.48,82.18,20673.30234
1532160000,82.18,82.9,81.39,82.51,20309.56408
1532174400,82.51,84.86,82.18,84.42,23534.99591
1532188800,84.42,84.93,83.57,84.32,23002.01853
1532203200,84.32,84.8,83.36,83.44,22096.5923
1532217600,83.44,84.0,82.52,82.97,21724.96369
1532232000,82.97,83.18,82.39,82.62,19815.55851
1532246400,82.62,83.53,82.43,83.13,20919.5246
1532260800,83.13,83.77,81.78,83.25,27338.96814
1532275200,83.25,83.74,82.53,83.37,22423.47491
1532289600,83.37,84.2,82.0,82.21,25235.32665
1532304000,82.21,85.96,81.97,85.06,24259.08892
1532318400,85.06,85.76,84.52,84.91,13062.72435
1532332800,84.91,84.94,83.58,84.0,26496.24513
1532347200,84.0,85.48,83.52,84.4,24889.44918
1532361600,84.4,84.47,81.94,82.62,28608.03689
1532376000,82.62,83.05,81.1,81.38,26353.49102
1532390400,81.38,83.22,80.79,82.04,27280.88182
1532404800,82.04,89.5,81.3,87.31,50559.94849
1532419200,87.31,88.65,86.3,87.83,31749.92912
1532433600,87.83,89.18,86.39,87.39,39664.54368
1532448000,87.39,88.24,86.9,87.86,24657.21469
1532462400,87.86,89.79,87.14,89.12,33978.65793
1532476800,89.12,90.75,87.19,88.03,31836.26846
1532491200,88.03,88.43,87.0,87.36,26082.5245
1532505600,87.36,87.37,85.02,85.98,25863.73974
1532520000,85.98,86.5,84.81,85.84,25166.15766
1532534400,85.84,87.52,85.36,87.48,27660.46122
1532548800,87.48,87.92,86.23,86.38,27567.64763
1532563200,86.38,87.48,86.12,86.66,20655.19095
1532577600,86.66,87.9,86.36,87.02,26171.67956
1532592000,87.02,87.81,86.92,87.12,23687.37009
1532606400,87.12,87.31,86.35,86.64,21848.42711
1532620800,86.64,87.32,86.32,86.85,20914.0806
1532635200,86.85,87.28,82.75,83.37,38511.09689
1532649600,83.37,83.74,82.56,83.22,24178.92613
1532664000,83.22,83.85,81.57,82.23,23684.18642
1532678400,82.23,83.89,82.0,82.46,27299.09348
1532692800,82.46,84.63,81.37,84.21,32351.62601
1532707200,84.21,85.12,83.95,84.19,26179.00518
1532721600,84.19,84.98,84.0,84.39,25041.607
1532736000,84.39,84.7,83.56,83.81,21395.62123
1532750400,83.81,84.26,83.5,83.89,18147.05493
1532764800,83.89,84.37,83.74,83.9,21121.71358
1532779200,83.9,84.09,82.26,82.86,22531.39629
1532793600,82.86,84.0,82.66,83.75,22007.88561
1532808000,83.75,84.33,83.56,84.07,19770.79826
1532822400,84.07,85.38,83.94,84.02,21171.30278
1532836800,84.02,84.16,83.41,83.56,19581.71878
1532851200,83.56,83.99,83.22,83.59,19200.10723
1532865600,83.59,84.29,83.32,84.01,20066.64796
1532880000,84.01,84.01,83.49,83.79,19668.04823
1532894400,83.79,84.55,83.38,83.85,19824.92942
1532908800,83.85,84.62,82.57,83.94,25427.53418
1532923200,83.94,84.18,82.92,83.39,20307.5385
1532937600,83.39,83.6,82.69,82.92,24541.16824
1532952000,82.92,83.32,82.12,82.24,25203.45176
1532966400,82.24,82.54,79.76,81.9,29954.73581
1532980800,81.9,82.68,81.48,82.18,21512.62162
1532995200,82.18,82.63,81.35,81.53,19528.49047
1533009600,81.53,81.83,80.98,81.12,20621.27803
1533024000,81.12,81.14,78.7,79.1,27617.49883
1533038400,79.1,79.14,76.02,77.38,38057.4363
1533052800,77.38,78.68,77.1,78.2,24664.94009
1533067200,78.2,79.23,77.14,78.69,27422.16038
1533081600,78.69,79.06,76.53,76.89,24290.17976
1533096000,76.89,77.63,76.1,77.34,20915.8001
1533110400,77.34,78.62,77.3,77.84,22428.19594
1533124800,77.84,78.4,77.43,77.67,20790.73527
1533139200,77.67,77.76,76.87,77.56,21824.97028
1533153600,77.56,78.43,75.78,77.53,29384.91634
1533168000,77.53,78.46,77.44,77.62,20936.42947
1533182400,77.62,77.98,77.4,77.59,22339.91601
1533196800,77.59,77.73,76.35,76.38,22509.39014
1533211200,76.38,76.58,75.33,76.15,24178.34565
1533225600,76.15,77.46,75.68,76.21,24190.6865
1533240000,76.21,76.59,75.91,76.11,20303.73193
1533254400,76.11,76.22,74.66,75.0,22147.8379
1533268800,75.0,75.86,74.83,75.56,26886.90762
1533283200,75.56,76.04,75.07,75.32,20593.17014
1533297600,75.32,76.68,75.2,76.27,21947.85291
1533312000,76.27,77.37,75.9,76.46,26225.56523
1533326400,76.46,77.84,76.41,77.7,23701.5649
1533340800,77.7,78.15,77.11,77.51,20641.47126
1533355200,77.51,77.66,77.12,77.27,20298.74174
1533369600,77.27,77.5,76.16,76.54,21676.93894
1533384000,76.54,76.66,74.05,74.47,31778.31492
1533398400,74.47,74.7,72.1,72.98,31885.28051
1533412800,72.98,73.51,72.79,73.13,22668.4172
1533427200,73.13,73.42,72.23,73.42,21414.39284
1533441600,73.42,73.48,72.85,72.88,21032.2062
1533456000,72.88,74.4,72.8,73.78,24797.4381
1533470400,73.78,74.64,73.08,74.02,23045.53335
1533484800,74.02,74.63,73.69,74.24,22898.96655
1533499200,74.24,74.73,74.09,74.61,20757.30647
1533513600,74.61,76.7,74.53,75.53,24052.84338
1533528000,75.53,76.21,74.9,75.0,21862.57102
1533542400,75.0,75.09,73.4,74.01,22784.173
1533556800,74.01,74.08,73.21,73.58,22752.87565
1533571200,73.58,73.8,72.92,73.33,23980.94089
1533585600,73.33,73.89,72.35,73.62,22173.66879
1533600000,73.62,74.24,73.09,73.42,21904.67207
1533614400,73.42,75.12,73.05,74.67,22675.34241
1533628800,74.67,75.12,74.35,74.81,22535.09632
1533643200,74.81,75.24,74.08,74.49,21175.38793
1533657600,74.49,75.1,72.46,72.54,27422.98909
1533672000,72.54,72.58,66.58,67.35,48305.98045
1533686400,67.35,67.49,65.64,66.97,30216.67036
1533700800,66.97,66.98,65.07,65.17,30233.80872
1533715200,65.17,66.21,64.88,66.02,25471.45041
1533729600,66.02,66.08,62.61,64.23,36364.45979
1533744000,64.23,64.4,60.8,63.24,40957.5227
1533758400,63.24,63.46,61.38,62.13,22476.47599
1533772800,62.13,63.25,62.02,62.73,22179.99713
1533787200,62.73,64.19,62.21,62.77,24495.41937
1533801600,62.77,62.95,61.46,61.73,33131.08718
1533816000,61.73,64.18,60.0,62.93,40232.42075
1533830400,62.93,63.9,62.78,63.06,26247.14779
1533844800,63.06,64.94,62.81,62.89,32923.1554
1533859200,62.89,63.14,61.93,62.17,28380.18353
1533873600,62.17,62.66,61.66,62.46,24859.6223
1533888000,62.46,62.53,60.6,61.01,24312.48735
1533902400,61.01,62.74,60.82,61.72,32939.65244
1533916800,61.72,62.24,60.8,61.53,27672.45588
1533931200,61.53,61.78,58.12,59.16,43329.45387
1533945600,59.16,59.26,56.5,56.84,29612.70664
1533960000,56.84,57.34,55.0,56.03,34228.45518
1533974400,56.03,56.52,55.16,55.61,28184.86017
1533988800,55.61,56.69,55.12,55.88,29270.37551
1534003200,55.88,59.98,55.22,58.37,43109.75822
1534017600,58.37,59.8,57.51,57.6,31054.19569
1534032000,57.6,59.95,57.02,59.28,28396.98167
1534046400,59.28,61.55,59.13,60.47,31358.2113
1534060800,60.47,60.61,59.3,60.08,25763.11813
1534075200,60.08,60.23,58.66,59.82,31369.20949
1534089600,59.82,60.25,58.56,59.36,29656.60601
1534104000,59.36,59.76,58.91,59.32,26911.05687
1534118400,59.32,59.44,58.64,59.08,22604.13585
1534132800,59.08,59.78,58.63,59.69,24349.82854
1534147200,59.69,60.61,59.33,59.91,27067.52939
1534161600,59.91,60.24,56.94,57.18,36800.33125
1534176000,57.18,57.57,55.52,55.99,50125.14137
1534190400,55.99,56.83,55.67,56.44,31437.20979
1534204800,56.44,56.5,49.2,52.03,64249.26348
1534219200,52.03,52.61,50.58,51.51,36683.71512
1534233600,51.51,51.97,50.72,51.11,26474.60905
1534248000,51.11,53.83,50.89,52.0,39032.61883
1534262400,52.0,52.67,50.74,52.2,31700.14357
1534276800,52.2,54.53,51.62,54.24,32582.4794
1534291200,54.24,56.4,54.11,55.75,49565.65382
1534305600,55.75,56.24,54.69,56.07,38491.20941
1534320000,56.07,57.15,55.09,55.18,29919.0788
1534334400,55.18,57.63,54.83,57.15,33796.92401
1534348800,57.15,59.2,55.68,55.95,46873.47743
1534363200,55.95,56.66,53.7,54.32,33919.10165
1534377600,54.32,55.64,54.06,54.62,26252.3576
1534392000,54.62,56.04,54.5,55.64,22961.91877
1534406400,55.64,57.58,55.45,57.02,25093.7521
1534420800,57.02,57.55,55.21,56.08,26192.75691
1534435200,56.08,56.95,55.39,56.72,24750.78582
1534449600,56.72,56.85,54.54,55.29,28374.01365
1534464000,55.29,56.92,54.99,56.22,27144.8122
1534478400,56.22,57.39,56.09,57.27,32181.53779
1534492800,57.27,58.19,56.64,57.28,31133.02749
1534507200,57.28,59.65,57.03,58.45,53762.56382
1534521600,58.45,59.95,58.09,58.98,38616.54967
1534536000,58.98,61.89,58.47,61.75,47487.87934
1534550400,61.75,62.31,59.14,60.36,40168.60409
1534564800,60.36,60.59,57.53,58.03,33310.27485
1534579200,58.03,59.27,58.03,58.81,25101.24974
1534593600,58.81,59.46,55.55,56.92,46220.48224
1534608000,56.92,56.92,55.12,56.23,34852.83005
1534622400,56.23,57.42,55.54,57.04,26264.10169
1534636800,57.04,57.44,56.1,57.3,24294.00541
1534651200,57.3,57.46,56.23,56.33,25818.14348
1534665600,56.33,58.17,56.24,57.27,26386.05278
1534680000,57.27,58.98,56.9,58.4,43296.5424
1534694400,58.4,58.44,56.48,57.32,30766.29765
1534708800,57.32,58.5,56.72,57.67,32674.68438
1534723200,57.67,58.5,57.64,57.83,23965.07192
1534737600,57.83,57.9,56.37,56.64,28920.52863
1534752000,56.64,56.72,54.76,56.33,41020.02654
1534766400,56.33,56.78,54.84,56.04,33533.46402
1534780800,56.04,57.25,55.8,56.22,30790.91143
1534795200,56.22,56.44,53.18,53.39,62067.28481
1534809600,53.39,54.5,53.21,54.15,32132.8662
1534824000,54.15,55.38,53.78,55.13,25362.60638
1534838400,55.13,56.67,55.1,55.73,29983.27297
1534852800,55.73,56.0,54.57,54.96,27378.5956
1534867200,54.96,55.8,54.43,55.41,29783.75957
1534881600,55.41,56.82,55.25,56.42,31547.99337
1534896000,56.42,59.75,55.45,57.95,69970.97084
1534910400,57.95,58.21,57.25,57.44,27344.13937
1534924800,57.44,57.96,57.04,57.87,29242.83954
1534939200,57.87,58.1,56.0,56.12,28491.48495
1534953600,56.12,56.2,54.7,54.98,34653.15721
1534968000,54.98,55.93,53.82,55.14,53322.32055
1534982400,55.14,55.7,54.85,55.1,27176.5848
1534996800,55.1,55.81,54.87,55.58,25662.40395
1535011200,55.58,55.65,54.89,54.96,23571.58147
1535025600,54.96,56.3,54.8,55.32,28933.37917
1535040000,55.32,56.67,55.31,55.74,30278.41198
1535054400,55.74,57.89,55.43,57.29,32572.51227
1535068800,57.29,57.49,56.49,56.63,21629.63412
1535083200,56.63,57.12,56.5,56.89,21572.75441
1535097600,56.89,57.1,56.37,56.87,22252.43336
1535112000,56.87,56.88,55.5,55.98,28149.16063
1535126400,55.98,58.25,55.88,57.58,39509.68046
1535140800,57.58,58.36,57.46,57.82,29736.42028
1535155200,57.82,58.37,57.64,57.64,24993.68527
1535169600,57.64,57.82,56.93,57.42,24998.48145
1535184000,57.42,57.97,57.35,57.54,20195.31085
1535198400,57.54,58.38,57.39,58.11,22029.84441
1535212800,58.11,58.2,57.46,57.78,26693.03321
1535227200,57.78,58.06,57.51,57.89,22290.05467
1535241600,57.89,58.08,55.87,56.26,29412.39914
1535256000,56.26,56.45,55.74,56.42,23565.74171
1535270400,56.42,57.28,56.31,57.12,24350.1106
1535284800,57.12,57.49,56.72,56.82,26559.00476
1535299200,56.82,57.1,56.37,56.91,23067.1613
1535313600,56.91,57.15,56.46,56.99,22050.0971
1535328000,56.99,57.12,56.52,56.58,20984.19203
1535342400,56.58,58.3,56.55,57.52,34889.74942
1535356800,57.52,57.6,57.07,57.49,21685.5252
1535371200,57.49,57.87,56.8,57.61,26051.50428
1535385600,57.61,58.28,57.3,58.13,27108.13705
1535400000,58.13,61.17,57.67,60.61,42828.3882
1535414400,60.61,61.05,59.65,60.09,45737.99014
1535428800,60.09,60.54,60.09,60.32,29560.18373
1535443200,60.32,61.44,60.0,61.14,34545.94427
1535457600,61.14,62.29,60.71,61.63,37092.17011
1535472000,61.63,62.93,61.08,62.81,30605.72429
1535486400,62.81,63.74,62.36,63.13,36384.33993
1535500800,63.13,63.4,61.06,61.3,34080.69343
1535515200,61.3,62.28,61.22,61.9,23940.10084
1535529600,61.9,63.38,61.72,62.64,32368.71986
1535544000,62.64,62.97,60.14,60.63,39680.78445
1535558400,60.63,61.73,60.24,61.03,30918.92408
1535572800,61.03,62.26,60.97,61.41,24495.72495
1535587200,61.41,61.65,60.36,61.19,27900.51475
1535601600,61.19,61.29,59.89,60.37,30572.17213
1535616000,60.37,60.6,58.82,59.1,31409.39942
1535630400,59.1,59.62,58.55,59.22,30879.15237
1535644800,59.22,59.64,58.58,58.98,28979.23042
1535659200,58.98,60.48,58.69,60.23,29848.66737
1535673600,60.23,60.39,59.55,60.12,22901.92876
1535688000,60.12,60.88,59.94,60.2,24892.85747
1535702400,60.2,61.0,60.08,60.63,23450.34083
1535716800,60.63,61.26,59.61,60.45,39073.01289
1535731200,60.45,62.75,60.35,62.04,38957.05193
1535745600,62.04,62.55,61.79,62.04,27121.54403
1535760000,62.04,64.07,61.97,63.98,40121.57805
1535774400,63.98,64.32,63.15,63.72,28017.78657
1535788800,63.72,65.4,63.69,64.02,32787.80309
1535803200,64.02,66.18,63.54,65.77,40387.46437
1535817600,65.77,67.93,65.68,67.74,36831.10304
1535832000,67.74,67.88,66.12,66.49,32086.34601
1535846400,66.49,66.59,64.57,66.22,35003.83122
1535860800,66.22,67.3,66.06,66.34,27897.07079
1535875200,66.34,66.91,64.17,64.5,36960.09481
1535889600,64.5,65.32,64.15,64.76,29069.50621
1535904000,64.76,66.14,64.53,65.81,27354.66446
1535918400,65.81,66.5,65.21,66.21,24051.02217
1535932800,66.21,66.55,64.8,65.3,30774.06191
1535947200,65.3,65.33,64.21,64.94,24258.69541
1535961600,64.94,65.28,64.37,64.42,25178.57141
1535976000,64.42,65.3,64.41,65.0,25176.64701
1535990400,65.0,66.02,64.64,65.88,29335.75946
1536004800,65.88,66.44,65.13,65.44,27465.96057
1536019200,65.44,67.44,65.36,66.52,38534.83499
1536033600,66.52,67.09,65.88,67.06,25760.85762
1536048000,67.06,68.99,66.6,68.86,34410.78722
1536062400,68.86,69.22,67.7,68.56,47203.19338
1536076800,68.56,69.45,67.77,67.98,45186.79839
1536091200,67.98,68.63,67.5,67.6,29633.9985
1536105600,67.6,68.36,67.54,67.7,25524.64692
1536120000,67.7,68.26,67.28,67.9,27827.18366
1536134400,67.9,68.12,60.64,62.3,80419.37168
1536148800,62.3,63.45,60.85,62.15,55887.06273
1536163200,62.15,62.84,59.1,59.78,95235.28782
1536177600,59.78,60.73,57.61,57.82,46428.02113
1536192000,57.82,57.89,53.96,55.27,64025.66987
1536206400,55.27,55.99,54.62,55.24,39959.83901
1536220800,55.24,55.55,54.0,55.05,34487.11341
1536235200,55.05,56.76,54.63,55.49,35579.62926
1536249600,55.49,56.61,54.91,56.4,44352.51494
1536264000,56.4,57.84,55.88,57.61,33124.5705
1536278400,57.61,58.53,57.0,58.03,30913.12698
1536292800,58.03,58.08,56.64,56.95,33989.85864
1536307200,56.95,56.99,55.0,55.51,34638.74242
1536321600,55.51,56.77,55.45,55.73,32920.899
1536336000,55.73,56.89,55.68,56.26,34749.83924
1536350400,56.26,56.78,55.53,55.66,26717.15261
1536364800,55.66,56.52,55.53,56.26,23744.04013
1536379200,56.26,56.52,56.07,56.3,21250.51316
1536393600,56.3,57.22,56.28,56.64,25166.01501
1536408000,56.64,56.73,55.74,56.48,28545.68145
1536422400,56.48,56.59,51.87,52.72,56922.48309
1536436800,52.72,53.26,51.87,53.07,32030.89733
1536451200,53.07,53.17,52.2,52.5,24637.14509
1536465600,52.5,52.91,52.46,52.69,23353.20845
1536480000,52.69,55.6,52.64,55.03,44769.22343
1536494400,55.03,56.27,54.81,55.41,30553.38847
1536508800,55.41,56.23,54.96,55.94,39730.50802
1536523200,55.94,56.72,54.1,54.74,45896.61457
1536537600,54.74,56.59,54.68,55.7,45841.87365
1536552000,55.7,55.73,54.95,55.36,34219.55841
1536566400,55.36,55.45,53.66,54.35,43105.26538
1536580800,54.35,54.83,53.68,54.17,32256.26572
1536595200,54.17,54.61,53.03,53.74,41246.29541
1536609600,53.74,54.44,53.27,54.34,30170.79557
1536624000,54.34,54.75,53.82,54.03,40159.09362
1536638400,54.03,54.44,53.56,53.91,35639.93536
1536652800,53.91,54.32,52.82,53.49,30136.55905
1536667200,53.49,53.76,52.07,52.57,43781.8169
1536681600,52.57,52.65,49.74,51.19,60489.17997
1536696000,51.19,52.12,50.47,52.04,29624.36584
1536710400,52.04,52.1,49.66,50.3,43868.77163
1536724800,50.3,50.77,48.68,48.92,34817.14452
1536739200,48.92,49.13,47.21,47.77,62937.84738
1536753600,47.77,49.39,47.74,48.83,40128.67998
1536768000,48.83,52.03,48.83,51.5,62193.01397
1536782400,51.5,52.14,51.12,51.69,32430.18588
1536796800,51.69,53.55,51.66,53.01,36433.24279
1536811200,53.01,53.16,51.9,52.11,28735.41503
1536825600,52.11,54.16,52.11,53.76,39528.11938
1536840000,53.76,55.21,53.46,54.09,44061.29241
1536854400,54.09,55.49,53.56,54.03,47033.58358
1536868800,54.03,55.05,53.23,54.44,37092.57605
1536883200,54.44,55.8,53.85,54.91,41220.72164
1536897600,54.91,55.5,54.13,54.22,33543.86359
1536912000,54.22,54.73,52.83,53.71,39942.0203
1536926400,53.71,54.62,52.87,54.49,35233.24541
1536940800,54.49,58.85,54.47,58.02,66301.71225
1536955200,58.02,59.0,56.14,56.24,62761.41206
1536969600,56.24,57.87,56.05,57.01,38635.36879
1536984000,57.01,57.45,56.34,57.31,28959.98768
1536998400,57.31,58.62,57.23,57.65,43128.71442
1537012800,57.65,58.73,57.6,58.03,42344.85373
1537027200,58.03,58.37,57.28,57.63,38460.91196
1537041600,57.63,57.69,55.61,56.22,44568.2646
1537056000,56.22,56.56,55.16,55.44,30032.05821
1537070400,55.44,55.84,54.35,55.49,36519.43598
1537084800,55.49,56.76,55.45,56.45,34698.8012
1537099200,56.45,57.3,55.83,56.31,27515.17819
1537113600,56.31,57.17,55.5,57.01,30859.06905
1537128000,57.01,57.55,56.68,56.75,33551.24234
1537142400,56.75,57.85,56.75,57.34,30545.97334
1537156800,57.34,57.41,56.08,56.21,37512.63897
1537171200,56.21,56.44,54.87,55.99,43359.51254
1537185600,55.99,56.07,52.43,53.29,52534.60486
1537200000,53.29,53.97,52.12,52.38,41779.35143
1537214400,52.38,52.57,51.37,52.07,50744.22285
1537228800,52.07,52.47,50.51,50.54,33396.91078
1537243200,50.54,52.21,50.41,52.05,37801.43737
1537257600,52.05,52.69,50.6,52.57,38926.8823
1537272000,52.57,55.52,52.23,54.6,45929.13168
1537286400,54.6,55.27,53.53,53.72,37191.78961
1537300800,53.72,54.39,53.26,53.96,31505.27856
1537315200,53.96,54.86,53.8,54.76,24706.31921
1537329600,54.76,54.76,53.33,54.05,30854.70992
1537344000,54.05,54.25,52.27,52.5,35839.89109
1537358400,52.5,54.0,52.02,53.39,30804.13504
1537372800,53.39,55.28,51.62,54.47,71978.53491
1537387200,54.47,55.13,53.72,54.27,34660.66185
1537401600,54.27,54.61,53.28,53.8,25557.85692
1537416000,53.8,54.19,53.53,53.83,22881.60061
1537430400,53.83,54.72,53.48,54.67,24111.44111
1537444800,54.67,55.18,53.95,54.28,33487.19201
1537459200,54.28,54.54,53.81,54.06,28307.7546
1537473600,54.06,57.42,53.45,56.53,59663.20232
1537488000,56.53,57.6,56.33,57.25,40662.07819
1537502400,57.25,58.36,56.65,57.73,40874.36436
1537516800,57.73,58.85,57.51,58.62,48406.8223
1537531200,58.62,59.09,56.64,57.27,62611.00846
1537545600,57.27,62.73,57.2,61.31,72240.97074
1537560000,61.31,62.19,59.94,60.83,58728.19806
1537574400,60.83,61.9,59.52,60.07,48818.80826
1537588800,60.07,60.43,59.25,59.74,34555.52661
1537603200,59.74,59.79,58.0,58.59,51743.40893
1537617600,58.59,60.29,58.5,60.0,29957.18967
1537632000,60.0,61.76,59.49,60.6,32454.70304
1537646400,60.6,61.0,60.03,60.65,13332.0583
1537660800,60.65,61.41,59.86,61.27,30067.54022
1537675200,61.27,62.4,61.11,61.3,40387.7618
1537689600,61.3,63.82,61.3,62.88,60433.34068
1537704000,62.88,62.9,60.45,61.1,45347.33944
1537718400,61.1,61.28,60.47,60.76,33471.23129
1537732800,60.76,61.89,60.44,61.38,35101.13046
1537747200,61.38,61.56,60.62,61.04,30739.85642
1537761600,61.04,61.06,57.86,58.47,54989.17918
1537776000,58.47,58.69,57.17,57.37,45148.75445
1537790400,57.37,58.84,57.02,58.15,41289.99234
1537804800,58.15,59.25,57.91,58.44,28717.55977
1537819200,58.44,58.69,57.38,58.01,30741.0468
1537833600,58.01,58.08,55.76,57.04,55230.12521
1537848000,57.04,57.39,55.0,55.24,38426.17182
1537862400,55.24,56.49,54.35,54.92,41997.79065
1537876800,54.92,55.89,54.25,55.78,53584.29388
1537891200,55.78,56.75,54.9,56.28,46416.49518
1537905600,56.28,58.16,56.2,57.61,44291.44479
1537920000,57.61,57.66,56.4,56.77,25604.18132
1537934400,56.77,57.78,56.65,57.39,31129.20521
1537948800,57.39,57.99,56.46,57.59,43155.94686
1537963200,57.59,58.99,56.64,58.3,40302.01427
1537977600,58.3,59.85,58.26,58.45,45597.45684
1537992000,58.45,58.98,57.05,57.18,40388.63555
1538006400,57.18,58.9,57.09,58.45,36049.81598
1538020800,58.45,58.7,56.93,57.19,34566.49874
1538035200,57.19,58.38,56.58,58.27,43317.89382
1538049600,58.27,64.7,58.12,62.35,193794.307
1538064000,62.35,65.27,62.26,64.86,107077.44911
1538078400,64.86,65.67,62.73,63.28,81264.93595
1538092800,63.28,64.64,62.97,63.44,55520.23171
1538107200,63.44,65.0,62.99,64.53,49780.55175
1538121600,64.53,64.53,61.0,61.38,66714.04381
1538136000,61.38,62.59,60.63,62.34,55782.75382
1538150400,62.34,62.43,60.14,61.92,45042.02132
1538164800,61.92,62.15,61.24,61.95,33202.40645
1538179200,61.95,61.95,59.06,60.04,48816.20789
1538193600,60.04,60.35,58.95,60.29,28854.53577
1538208000,60.29,62.34,60.06,61.94,39699.06571
1538222400,61.94,62.26,61.07,61.66,32720.83631
1538236800,61.66,61.91,61.13,61.39,23755.48988
1538251200,61.39,62.26,61.1,61.61,32506.33737
1538265600,61.61,61.76,60.44,61.16,33865.48439
1538280000,61.16,61.35,60.23,61.01,26297.83561
1538294400,61.01,63.0,60.56,61.55,45700.42634
1538308800,61.55,61.9,60.55,60.71,34535.3073
1538323200,60.71,61.6,60.53,60.93,40905.40117
1538337600,60.93,61.61,59.81,61.21,43441.80611
1538352000,61.21,62.09,61.18,61.59,37028.68601
1538366400,61.59,61.97,60.57,60.59,29329.1866
1538380800,60.59,61.25,60.37,60.93,26647.2816
1538395200,60.93,61.27,59.51,60.06,38441.6675
1538409600,60.06,60.43,59.52,59.98,29899.00395
1538424000,59.98,60.76,59.91,60.45,27790.7892
1538438400,60.45,61.8,60.09,61.14,32021.20131
1538452800,61.14,61.58,61.03,61.27,28487.9146
1538467200,61.27,61.46,59.75,59.81,29439.84701
1538481600,59.81,60.5,59.56,60.09,33201.63714
1538496000,60.09,60.17,59.02,59.69,41307.66095
1538510400,59.69,60.11,59.42,59.46,25749.65916
1538524800,59.46,59.66,56.67,57.22,48023.41401
1538539200,57.22,58.19,56.8,57.95,28497.13998
1538553600,57.95,58.32,57.39,57.95,27284.07971
1538568000,57.95,58.45,57.31,58.17,32209.56074
1538582400,58.17,58.37,56.99,57.22,33936.5885
1538596800,57.22,57.98,56.83,57.56,29342.64018
1538611200,57.56,59.4,57.39,58.92,38214.4402
1538625600,58.92,59.24,58.42,58.55,26869.56555
1538640000,58.55,58.98,58.48,58.63,23528.6792
1538654400,58.63,59.01,58.33,58.94,25270.837
1538668800,58.94,59.16,58.56,59.02,23077.48757
1538683200,59.02,59.12,57.86,58.42,27210.36041
1538697600,58.42,58.96,57.71,58.3,26628.81737
1538712000,58.3,58.5,57.92,58.0,19749.22715
1538726400,58.0,58.5,57.65,58.24,23811.08946
1538740800,58.24,58.8,58.07,58.1,24777.88391
1538755200,58.1,58.31,57.69,57.95,25738.4612
1538769600,57.95,59.85,57.93,58.93,31310.62988
1538784000,58.93,59.08,58.33,58.57,22547.66255
1538798400,58.57,59.12,58.53,58.97,23679.34622
1538812800,58.97,59.17,56.92,57.47,30764.76269
1538827200,57.47,57.77,57.13,57.75,25585.08606
1538841600,57.75,57.75,57.38,57.51,21423.03216
1538856000,57.51,58.02,57.33,57.96,22487.8514
1538870400,57.96,58.36,57.55,58.18,19917.67811
1538884800,58.18,58.29,57.57,57.6,21676.85021
1538899200,57.6,58.64,56.88,58.06,26537.32699
1538913600,58.06,58.42,57.5,57.85,21543.7569
1538928000,57.85,58.08,57.66,57.68,23823.92031
1538942400,57.68,58.63,57.63,58.33,24243.05652
1538956800,58.33,58.59,58.03,58.08,23391.88317
1538971200,58.08,58.24,57.71,57.89,24118.57788
1538985600,57.89,58.5,57.63,58.27,28640.62394
1539000000,58.27,59.9,58.25,59.4,43586.34015
1539014400,59.4,60.13,59.1,60.03,27881.53428
1539028800,60.03,60.26,59.41,59.66,30628.32411
1539043200,59.66,59.84,59.25,59.53,24874.60351
1539057600,59.53,59.79,59.26,59.54,24900.48376
1539072000,59.54,59.6,58.84,59.0,28839.34337
1539086400,59.0,59.01,58.29,58.78,28184.20434
1539100800,58.78,59.03,58.53,58.74,25574.67494
1539115200,58.74,59.19,58.49,59.03,24405.54233
1539129600,59.03,59.18,57.65,58.0,30098.75793
1539144000,58.0,58.15,57.37,57.91,29283.9781
1539158400,57.91,58.19,57.71,58.02,24214.89392
1539172800,58.02,58.39,57.81,57.82,26759.48637
1539187200,57.82,58.49,57.77,58.26,24252.76056
1539201600,58.26,58.48,58.09,58.46,21534.17793
1539216000,58.46,58.66,52.75,53.32,84928.87961
1539230400,53.32,53.69,51.25,52.17,42635.92989
1539244800,52.17,52.6,51.65,52.09,32300.37618
1539259200,52.09,53.28,51.24,52.69,41967.50509
1539273600,52.69,53.1,52.54,52.62,28211.45358
1539288000,52.62,52.93,50.62,51.36,39740.5497
1539302400,51.36,52.76,50.87,52.67,40630.9965
1539316800,52.67,54.01,52.39,53.59,35493.42626
1539331200,53.59,53.66,52.58,52.92,30576.60727
1539345600,52.92,54.26,52.83,53.92,40298.54015
1539360000,53.92,54.05,53.13,53.6,30874.99101
1539374400,53.6,54.15,53.26,53.74,26845.30294
1539388800,53.74,54.88,53.2,53.72,30485.5815
1539403200,53.72,54.11,53.53,53.95,25110.31204
1539417600,53.95,54.7,53.76,54.19,27778.09032
1539432000,54.19,54.47,53.63,53.95,30287.05062
1539446400,53.95,54.14,53.55,53.91,25647.07744
1539460800,53.91,54.2,53.69,54.05,23052.5867
1539475200,54.05,54.13,53.6,53.99,24912.41364
1539489600,53.99,54.44,53.77,53.94,27787.66458
1539504000,53.94,54.0,53.51,53.8,25670.1958
1539518400,53.8,54.22,53.67,54.11,27973.30358
1539532800,54.11,54.21,53.7,54.1,24296.61835
1539547200,54.1,54.11,52.11,52.61,42604.15879
1539561600,52.61,53.0,52.17,52.9,27727.12963
1539576000,52.9,61.86,52.65,56.68,159261.91219
1539590400,56.68,58.62,55.83,57.36,71491.37636
1539604800,57.36,57.79,56.72,57.05,44805.95829
1539619200,57.05,57.8,56.4,56.53,39621.20243
1539633600,56.53,56.59,55.41,56.16,38060.15326
1539648000,56.16,56.21,55.61,55.74,30097.87931
1539662400,55.74,57.34,55.62,57.0,32877.24464
1539676800,57.0,57.11,56.18,56.62,24392.07556
1539691200,56.62,56.66,55.8,55.86,27465.34213
1539705600,55.86,55.9,54.8,55.26,34015.98622
1539720000,55.26,55.94,54.71,55.54,29919.14236
1539734400,55.54,55.72,55.16,55.52,27550.34767
1539748800,55.52,55.6,55.19,55.27,24540.22463
1539763200,55.27,55.57,54.32,54.75,40240.21851
1539777600,54.75,55.49,54.59,55.37,31871.13451
1539792000,55.37,55.48,54.87,54.88,40073.94654
1539806400,54.88,55.37,54.87,55.27,25225.47549
1539820800,55.27,55.85,55.14,55.49,23816.46007
1539835200,55.49,55.54,55.0,55.01,23710.69427
1539849600,55.01,55.05,54.42,54.46,27382.85828
1539864000,54.46,54.59,53.71,54.14,33723.99695
1539878400,54.14,54.18,53.1,53.34,32491.90077
1539892800,53.34,53.63,53.0,53.53,22652.8103
1539907200,53.53,54.0,53.33,53.44,23302.05645
1539921600,53.44,53.71,53.31,53.33,10582.63546
1539936000,53.33,54.14,53.33,53.71,16376.94778
1539950400,53.71,54.16,53.58,54.04,32751.6193
1539964800,54.04,54.74,53.85,54.07,26690.0524
1539979200,54.07,54.19,53.58,53.71,21449.74778
1539993600,53.71,53.89,53.28,53.72,23324.90761
1540008000,53.72,54.43,53.59,54.11,24810.34841
1540022400,54.11,54.15,53.87,54.13,21457.80567
1540036800,54.13,54.23,53.8,53.91,21107.79003
1540051200,53.91,54.65,53.8,54.41,22856.71723
1540065600,54.41,54.56,54.2,54.28,20691.05584
1540080000,54.28,54.9,54.21,54.46,24049.8577
1540094400,54.46,54.52,53.87,54.2,23277.2629
1540108800,54.2,54.38,53.87,53.92,22841.76497
1540123200,53.92,54.52,53.88,54.28,23177.17719
1540137600,54.28,54.41,54.02,54.2,22084.83321
1540152000,54.2,54.29,53.44,53.61,24437.50151
1540166400,53.61,53.85,53.08,53.51,24313.49909
1540180800,53.51,54.16,53.5,53.71,24095.09904
1540195200,53.71,53.8,53.27,53.61,19190.3131
1540209600,53.61,53.63,52.78,52.89,21824.31943
1540224000,52.89,53.2,52.67,52.9,12121.00494
1540238400,52.9,53.46,52.88,53.12,11551.95911
1540252800,53.12,53.36,52.89,52.99,8031.00383
1540267200,52.99,53.2,52.98,53.03,7669.21971
1540281600,53.03,53.16,52.53,52.89,9463.48067
1540296000,52.89,53.97,52.85,53.21,13505.55529
1540310400,53.21,53.55,53.08,53.37,10061.32496
1540324800,53.37,53.57,53.22,53.33,7772.36314
1540339200,53.33,53.58,53.27,53.5,6192.42842
1540353600,53.5,53.92,53.11,53.26,10321.60287
1540368000,53.26,53.76,53.07,53.61,8792.80823
1540382400,53.61,53.82,53.12,53.29,9087.17476
1540396800,53.29,53.41,53.0,53.16,8544.94634
1540411200,53.16,53.3,53.0,53.11,7341.02466
1540425600,53.11,53.23,52.52,52.98,8681.87946
1540440000,52.98,53.08,52.82,52.9,7981.88189
1540454400,52.9,53.05,52.69,52.83,7190.74082
1540468800,52.83,53.15,52.74,52.92,6364.90961
1540483200,52.92,53.27,52.85,53.05,6497.57698
1540497600,53.05,53.12,52.77,52.84,6498.96596
1540512000,52.84,52.95,52.51,52.62,7773.91078
1540526400,52.62,52.93,52.24,52.34,8004.04253
1540540800,52.34,53.55,52.23,52.97,13451.65335
1540555200,52.97,53.1,52.43,52.61,8291.10397
1540569600,52.61,52.96,52.58,52.74,6729.51891
1540584000,52.74,52.88,52.54,52.56,5419.42432
1540598400,52.56,52.87,52.54,52.72,6023.27311
1540612800,52.72,53.08,52.57,52.74,6098.73233
1540627200,52.74,52.85,52.48,52.55,5398.25369
1540641600,52.55,52.73,51.72,52.12,8892.57949
1540656000,52.12,52.42,51.83,52.06,7128.80028
1540670400,52.06,52.3,51.95,52.25,6043.49195
1540684800,52.25,52.34,52.05,52.15,4815.72018
1540699200,52.15,52.66,52.07,52.21,7048.67902
1540713600,52.21,52.32,51.97,52.19,4801.14198
1540728000,52.19,52.41,52.05,52.07,5527.41698
1540742400,52.07,52.17,51.82,51.94,6214.77416
1540756800,51.94,52.14,51.7,52.07,6880.6647
1540771200,52.07,52.21,51.97,52.13,6928.68902
1540785600,52.13,52.22,52.03,52.15,5185.70043
1540800000,52.15,52.26,51.15,51.36,15356.89048
1540814400,51.36,51.37,48.17,49.72,46368.63328
1540828800,49.72,49.73,49.05,49.22,11708.80522
1540843200,49.22,49.59,48.9,49.21,7507.8379
1540857600,49.21,49.52,49.12,49.39,7444.78482
1540872000,49.39,49.96,49.13,49.7,8521.67068
1540886400,49.7,49.74,49.34,49.6,6232.27699
1540900800,49.6,49.78,49.51,49.59,5246.75056
1540915200,49.59,49.66,49.03,49.17,7846.361
1540929600,49.17,49.51,49.02,49.34,6577.94028
1540944000,49.34,49.68,49.27,49.55,5606.3899
1540958400,49.55,49.65,49.15,49.24,5221.63135
1540972800,49.24,49.48,49.08,49.33,5884.07114
1540987200,49.33,50.71,47.71,50.26,22789.35261
1541001600,50.26,50.62,49.96,50.27,12559.93087
1541016000,50.27,50.33,49.7,49.93,7008.56053
1541030400,49.93,50.28,49.81,50.03,6851.73115
1541044800,50.03,50.31,49.92,50.23,6079.32502
1541059200,50.23,50.24,49.83,49.91,6362.76878
1541073600,49.91,50.18,49.78,50.02,5721.74572
1541088000,50.02,50.47,49.99,50.33,7626.65931
1541102400,50.33,50.85,50.3,50.61,8101.31906
1541116800,50.61,51.49,50.56,51.14,8174.96286
1541131200,51.14,51.23,50.73,50.92,6041.77161
1541145600,50.92,51.12,50.75,51.03,5945.42039
1541160000,51.03,52.2,50.95,51.95,14956.92106
1541174400,51.95,52.12,51.65,51.86,11900.64391
1541188800,51.86,51.88,51.38,51.78,8419.82244
1541203200,51.78,51.81,51.35,51.43,6707.53273
1541217600,51.43,51.73,51.2,51.38,5581.04602
1541232000,51.38,51.52,50.6,51.18,11778.87767
1541246400,51.18,51.48,50.85,51.09,7273.99619
1541260800,51.09,51.38,50.85,51.29,6191.43486
1541275200,51.29,51.5,50.96,51.04,6993.55379
1541289600,51.04,51.23,50.77,51.02,6223.42912
1541304000,51.02,52.0,50.86,51.86,10646.49676
1541318400,51.86,53.85,51.84,53.06,25131.36122
1541332800,53.06,54.62,53.06,54.25,23331.82519
1541347200,54.25,56.33,53.95,54.5,56116.20554
1541361600,54.5,54.71,54.09,54.6,10113.90127
1541376000,54.6,55.15,53.06,53.48,18040.67063
1541390400,53.48,54.33,53.42,54.13,10479.66017
1541404800,54.13,54.13,53.01,53.52,10701.2088
1541419200,53.52,54.46,53.52,53.83,10724.34561
1541433600,53.83,53.92,53.3,53.49,11609.27533
1541448000,53.49,54.0,53.42,53.91,9870.52133
1541462400,53.91,54.5,53.87,53.96,10301.11087
1541476800,53.96,54.77,53.92,54.54,8850.33454
1541491200,54.54,55.66,54.32,54.39,17616.28227
1541505600,54.39,55.42,54.31,54.81,16514.84629
1541520000,54.81,55.2,54.5,54.85,11008.92891
1541534400,54.85,56.88,54.78,56.48,18441.69087
1541548800,56.48,56.92,55.86,56.17,26539.49619
1541563200,56.17,56.22,55.3,55.76,8941.05773
1541577600,55.76,56.38,54.88,55.39,18054.27383
1541592000,55.39,55.54,53.52,53.97,21838.58959
1541606400,53.97,54.89,53.65,54.26,14267.10118
1541620800,54.26,54.62,54.0,54.47,7056.58719
1541635200,54.47,55.12,53.11,53.32,19736.22319
1541649600,53.32,53.77,53.21,53.66,9451.07902
1541664000,53.66,53.88,53.34,53.39,6784.17089
1541678400,53.39,54.36,53.36,53.74,9372.49568
1541692800,53.74,53.77,53.09,53.4,14153.56583
1541707200,53.4,53.75,52.42,52.72,12287.71656
1541721600,52.72,53.07,52.45,52.93,7247.21393
1541736000,52.93,53.12,52.67,52.95,7211.57741
1541750400,52.95,53.15,52.18,52.3,14789.83039
1541764800,52.3,52.62,51.62,52.15,12362.30155
1541779200,52.15,52.5,51.94,52.19,6782.60275
1541793600,52.19,52.39,51.77,52.25,6413.47405
1541808000,52.25,52.55,51.97,52.36,5829.21843
1541822400,52.36,52.86,52.23,52.44,9805.0771
1541836800,52.44,52.64,52.1,52.59,5064.04373
1541851200,52.59,53.08,52.43,52.63,5910.10201
1541865600,52.63,53.0,52.6,52.66,7735.42502
1541880000,52.66,52.83,52.39,52.48,3604.12433
1541894400,52.48,52.57,51.92,52.16,6089.21018
1541908800,52.16,52.2,51.86,52.13,4687.89034
1541923200,52.13,52.23,51.52,51.6,12637.65639
1541937600,51.6,51.87,50.0,50.36,15592.26408
1541952000,50.36,51.54,49.79,51.24,20045.54755
1541966400,51.24,51.96,50.85,51.46,7497.92609
1541980800,51.46,52.04,51.05,51.34,12519.66007
1541995200,51.34,51.68,50.61,50.69,9605.94542
1542009600,50.69,51.23,50.59,51.04,8325.4335
1542024000,51.04,51.78,51.04,51.25,13237.53585
1542038400,51.25,51.37,50.74,51.26,9111.19971
1542052800,51.26,51.35,50.85,51.26,7239.19003
1542067200,51.26,51.34,50.25,51.1,11370.56634
1542081600,51.1,51.66,50.99,51.35,9183.38361
1542096000,51.35,51.62,50.98,51.31,6601.58498
1542110400,51.31,51.44,50.77,51.15,9198.54204
1542124800,51.15,51.5,49.6,50.5,18484.08899
1542139200,50.5,50.87,50.13,50.43,9128.71747
1542153600,50.43,50.8,50.25,50.66,4266.65387
1542168000,50.66,50.66,50.66,50.66,0.0
1542182400,50.66,51.08,49.31,49.76,13794.25664
1542196800,49.76,50.0,46.99,47.69,43752.88937
1542211200,47.69,47.94,42.0,44.86,177681.93999
1542225600,44.86,45.18,42.91,45.05,68447.93241
1542240000,45.05,45.8,43.25,44.08,38561.15915
1542254400,44.08,44.51,42.84,44.21,31054.85491
1542268800,44.21,44.4,42.07,43.04,39094.06886
1542283200,43.04,44.0,40.4,43.76,48901.14699
1542297600,43.76,44.75,42.73,44.61,56659.04099
1542312000,44.61,44.94,43.81,44.78,24876.87273
1542326400,44.78,44.95,44.09,44.39,15965.06345
1542340800,44.39,44.44,43.21,43.86,26332.94909
1542355200,43.86,43.98,42.7,43.52,32427.09635
1542369600,43.52,43.98,42.9,43.16,17038.21053
1542384000,43.16,43.61,42.84,42.88,15989.65579
1542398400,42.88,43.19,42.38,42.89,19206.95909
1542412800,42.89,42.94,41.98,42.03,14444.55507
1542427200,42.03,42.73,41.92,42.7,12574.34266
1542441600,42.7,42.73,42.09,42.24,10948.6248
1542456000,42.24,42.5,42.09,42.29,8655.72171
1542470400,42.29,42.66,41.97,42.33,10958.22908
1542484800,42.33,42.5,42.13,42.43,7341.79643
1542499200,42.43,43.43,42.42,43.11,12690.18741
1542513600,43.11,43.38,42.9,43.02,8679.03271
1542528000,43.02,43.05,42.41,42.54,8697.56645
1542542400,42.54,42.85,42.46,42.72,6016.11357
1542556800,42.72,43.84,42.6,43.15,19683.84331
1542571200,43.15,43.18,42.11,42.61,13960.77473
1542585600,42.61,42.65,40.53,41.12,24104.54045
1542600000,41.12,41.16,39.27,39.86,30906.95067
1542614400,39.86,39.86,36.95,38.5,59064.68579
1542628800,38.5,38.63,36.76,37.8,46789.28757
1542643200,37.8,38.09,36.35,37.28,54204.30747
1542657600,37.28,37.94,35.94,37.07,51558.04615
1542672000,37.07,38.8,37.01,37.89,33257.2261
1542686400,37.89,38.17,34.62,35.23,63701.13809
1542700800,35.23,35.26,31.47,32.85,120187.93589
1542715200,32.85,36.99,32.84,36.86,96083.16192
1542729600,36.86,36.99,34.3,34.85,51676.02109
1542744000,34.85,34.85,32.6,33.8,117066.72243
1542758400,33.8,34.44,32.17,34.11,92598.65032
1542772800,34.11,34.66,32.91,34.08,47441.78171
1542787200,34.08,35.38,33.81,34.3,50872.3621
1542801600,34.3,35.0,33.73,34.24,34998.84392
1542816000,34.24,34.5,33.48,33.59,33840.01297
1542830400,33.59,35.25,32.85,35.15,47937.63512
1542844800,35.15,35.68,34.65,35.1,25232.76996
1542859200,35.1,35.32,34.73,34.97,11840.93551
1542873600,34.97,35.14,34.0,34.45,18337.13959
1542888000,34.45,34.46,33.41,34.04,30051.65996
1542902400,34.04,34.42,33.57,33.62,18032.76241
1542916800,33.62,34.21,31.84,32.11,36975.66226
1542931200,32.11,32.62,31.1,31.86,50485.91481
1542945600,31.86,33.14,31.3,32.8,38961.7036
1542960000,32.8,33.81,32.28,32.72,29164.60642
1542974400,32.72,32.87,32.17,32.7,16353.89974
1542988800,32.7,32.7,31.64,31.96,21787.24127
1543003200,31.96,33.12,31.72,32.74,21510.01015
1543017600,32.74,34.3,32.72,33.19,28487.41352
1543032000,33.19,33.41,32.18,32.35,11365.06639
1543046400,32.35,32.83,32.08,32.31,11476.88157
1543060800,32.31,32.68,31.91,32.57,13390.07003
1543075200,32.57,32.6,31.2,31.43,18489.67021
1543089600,31.43,31.59,29.07,29.73,91871.54849
1543104000,29.73,30.04,28.19,28.52,50764.85314
1543118400,28.52,29.39,28.3,29.34,34379.445
1543132800,29.34,30.47,27.7,29.75,59355.00005
1543147200,29.75,30.27,29.13,29.34,43957.04313
1543161600,29.34,30.1,28.49,29.7,48673.66362
1543176000,29.7,32.93,29.66,31.49,93582.40784
1543190400,31.49,32.43,31.44,32.27,40153.11115
1543204800,32.27,32.88,31.63,32.06,35748.42831
1543219200,32.06,32.3,31.16,31.92,41790.10526
1543233600,31.92,31.92,29.18,29.34,67705.84335
1543248000,29.34,31.48,28.66,30.93,96985.82681
1543262400,30.93,30.94,29.2,30.18,63704.45751
1543276800,30.18,31.07,29.54,30.29,25099.66153
1543291200,30.29,30.88,30.13,30.42,21498.2018
1543305600,30.42,30.57,29.05,29.58,35021.12067
1543320000,29.58,30.65,29.48,30.18,26779.37715
1543334400,30.18,31.4,29.7,31.04,42411.43899
1543348800,31.04,32.16,30.55,31.61,43214.73076
1543363200,31.61,32.15,31.39,31.9,23110.40317
1543377600,31.9,33.3,31.67,33.22,32992.29728
1543392000,33.22,33.66,32.71,33.07,25845.67358
1543406400,33.07,35.83,32.6,35.26,77112.4121
1543420800,35.26,36.47,33.76,35.65,59477.26856
1543435200,35.65,36.51,34.1,34.74,43450.50742
1543449600,34.74,34.96,33.35,33.51,29360.12457
1543464000,33.51,34.84,33.08,34.34,27845.03456
1543478400,34.34,35.91,34.27,34.93,42931.29891
1543492800,34.93,36.0,33.7,33.82,47303.8507
1543507200,33.82,35.0,33.4,33.95,34657.31839
1543521600,33.95,34.21,33.2,33.88,24326.41228
1543536000,33.88,34.53,33.2,34.11,27715.57037
1543550400,34.11,34.32,33.25,33.5,20052.17051
1543564800,33.5,34.0,31.38,31.73,49881.48115
1543579200,31.73,32.21,31.07,31.73,47599.07206
1543593600,31.73,32.5,31.48,32.27,17365.10061
1543608000,32.27,32.38,31.28,32.21,19711.16091
1543622400,32.21,32.45,31.65,31.87,15132.36685
1543636800,31.87,31.94,31.38,31.92,11638.57496
1543651200,31.92,33.9,31.88,33.51,31820.89615
1543665600,33.51,34.79,33.15,34.72,26830.59877
1543680000,34.72,35.1,34.29,34.89,27431.56411
1543694400,34.89,34.95,33.88,34.17,17747.17443
1543708800,34.17,35.24,34.0,34.39,29342.05602
1543723200,34.39,34.54,33.31,33.79,21333.75308
1543737600,33.79,34.55,33.21,33.59,25041.64235
1543752000,33.59,34.38,33.47,34.08,17706.58277
1543766400,34.08,34.28,33.82,34.2,11956.67535
1543780800,34.2,34.65,33.5,33.82,21181.80351
1543795200,33.82,33.97,31.94,32.58,33282.56083
1543809600,32.58,33.01,32.1,32.5,15974.82022
1543824000,32.5,32.84,31.76,32.18,23237.43708
1543838400,32.18,32.47,30.17,30.6,39869.13685
1543852800,30.6,31.06,30.08,30.72,33998.77434
1543867200,30.72,31.61,30.65,30.9,14590.74687
1543881600,30.9,31.42,30.32,30.72,19081.3121
1543896000,30.72,32.18,29.87,32.05,38634.40779
1543910400,32.05,32.24,31.37,31.72,13852.25756
1543924800,31.72,32.25,31.55,31.86,19764.22424
1543939200,31.86,31.89,31.08,31.28,22492.36486
1543953600,31.28,31.37,30.86,31.13,11799.5341
1543968000,31.13,31.4,30.08,30.52,17846.08345
1543982400,30.52,30.85,29.9,30.29,18420.15464
1543996800,30.29,30.88,30.12,30.88,13964.9325
1544011200,30.88,31.23,29.96,30.4,19460.41067
1544025600,30.4,30.41,29.21,29.55,32043.43951
1544040000,29.55,29.97,29.15,29.27,20801.93842
1544054400,29.27,29.97,28.82,29.1,21456.04486
1544068800,29.1,30.25,27.88,29.99,32268.9001
1544083200,29.99,30.49,29.01,29.19,16961.41779
1544097600,29.19,29.45,27.57,28.26,50526.07914
1544112000,28.26,28.71,27.62,28.59,33061.20327
1544126400,28.59,28.72,26.25,26.78,31746.88354
1544140800,26.78,26.94,25.19,25.3,57966.21409
1544155200,25.3,26.47,25.3,25.9,41904.12438
1544169600,25.9,26.23,24.9,25.23,36589.96242
1544184000,25.23,25.49,24.11,24.2,40274.66675
1544198400,24.2,25.5,22.32,25.5,115620.237
1544212800,25.5,26.0,24.22,24.91,51979.56668
1544227200,24.91,26.63,24.85,26.17,39856.21907
1544241600,26.17,26.42,24.83,25.28,31228.03513
1544256000,25.28,25.29,24.06,24.51,49193.36282
1544270400,24.51,24.55,22.89,24.01,63505.53376
1544284800,24.01,24.78,23.76,24.09,36627.53009
1544299200,24.09,24.78,23.0,24.22,51615.55925
1544313600,24.22,25.3,24.2,24.55,27209.17582
1544328000,24.55,25.52,24.51,25.0,20294.58014
1544342400,25.0,25.41,24.57,25.32,25471.24651
1544356800,25.32,26.47,25.27,26.1,44205.01203
1544371200,26.1,26.75,25.62,25.94,42898.78536
1544385600,25.94,26.14,25.16,25.37,25313.47788
1544400000,25.37,25.82,24.76,25.12,19746.43376
1544414400,25.12,25.25,24.54,24.82,22473.57967
1544428800,24.82,25.19,24.24,24.86,20590.18638
1544443200,24.86,24.95,23.67,24.06,32130.14269
1544457600,24.06,24.93,23.76,24.06,37360.08192
1544472000,24.06,24.52,23.89,24.14,27222.90948
1544486400,24.14,24.33,23.9,24.17,16101.08788
1544500800,24.17,24.63,24.01,24.19,16983.30683
1544515200,24.19,24.36,23.5,23.76,20490.96418
1544529600,23.76,24.03,23.0,23.24,22946.29071
1544544000,23.24,23.59,22.94,23.35,17036.32667
1544558400,23.35,23.85,23.31,23.41,23354.33441
1544572800,23.41,23.79,23.2,23.51,9253.2427
1544587200,23.51,24.26,23.42,24.08,15867.76215
1544601600,24.08,24.8,23.94,24.43,18568.81418
1544616000,24.43,24.92,24.02,24.61,28514.27871
1544630400,24.61,24.98,24.52,24.61,20642.45469
1544644800,24.61,24.86,24.03,24.13,23850.46378
1544659200,24.13,24.29,23.63,23.87,11271.33631
1544673600,23.87,23.87,23.45,23.75,12361.22695
1544688000,23.75,24.08,23.62,23.68,11532.68902
1544702400,23.68,24.22,23.63,24.09,13253.67628
1544716800,24.09,24.15,23.44,23.57,15510.1399
1544731200,23.57,23.7,22.91,23.08,37414.17707
1544745600,23.08,23.23,22.54,23.07,22327.61713
1544760000,23.07,23.76,23.02,23.67,11231.2613
1544774400,23.67,23.75,23.19,23.29,17171.6107
1544788800,23.29,23.6,22.9,22.98,17897.78653
1544803200,22.98,23.08,22.5,22.82,24904.12473
1544817600,22.82,23.49,22.66,23.34,21918.79318
1544832000,23.34,24.05,23.12,23.93,27634.42705
1544846400,23.93,24.06,23.61,23.75,14997.30548
1544860800,23.75,23.82,23.09,23.49,19987.34375
1544875200,23.49,23.63,23.19,23.21,16883.58864
1544889600,23.21,23.59,23.14,23.5,15909.45941
1544904000,23.5,24.05,23.39,23.6,18934.61219
1544918400,23.6,26.66,23.48,26.13,75496.23867
1544932800,26.13,26.44,25.44,25.56,38249.33089
1544947200,25.56,26.37,25.35,26.23,43818.82117
1544961600,26.23,26.96,25.45,26.08,66798.98884
1544976000,26.08,26.38,25.58,26.01,35747.26582
1544990400,26.01,26.11,25.28,25.52,24527.72104
1545004800,25.52,26.1,25.43,25.9,20095.33625
1545019200,25.9,27.66,25.86,27.35,57351.67107
1545033600,27.35,27.66,26.9,27.47,50892.89213
1545048000,27.47,28.91,27.46,27.92,109299.66936
1545062400,27.92,30.3,27.92,29.88,119093.21967
1545076800,29.88,30.18,28.48,28.95,58944.76161
1545091200,28.95,29.59,28.51,29.41,32299.86892
1545105600,29.41,29.44,28.06,28.62,30524.70825
1545120000,28.62,28.87,27.39,28.71,46217.61845
1545134400,28.71,29.42,28.14,28.19,51169.02431
1545148800,28.19,28.96,28.14,28.67,30723.99225
1545163200,28.67,30.15,28.25,29.89,50605.00776
1545177600,29.89,31.28,29.21,30.2,115488.96705
1545192000,30.2,30.38,29.45,29.81,42394.14481
1545206400,29.81,30.82,29.68,30.66,45314.17008
1545220800,30.66,31.55,29.38,29.8,118537.62191
1545235200,29.8,30.44,29.56,29.76,40030.11753
1545249600,29.76,29.88,28.51,28.83,102339.85996
1545264000,28.83,29.43,28.61,29.07,29514.52681
1545278400,29.07,29.38,28.52,29.28,36569.00679
1545292800,29.28,31.71,29.25,30.97,104625.31873
1545307200,30.97,31.75,30.39,30.99,57744.11017
1545321600,30.99,32.76,30.73,31.75,76854.24244
1545336000,31.75,32.35,30.78,32.18,42121.29693
1545350400,32.18,32.87,30.9,31.28,50867.56919
1545364800,31.28,31.64,30.48,31.1,29924.47412
1545379200,31.1,31.99,30.61,31.83,28403.12601
1545393600,31.83,32.33,30.86,31.05,40371.26818
1545408000,31.05,31.31,29.81,30.0,46122.02411
1545422400,30.0,30.42,29.55,30.29,27239.20184
1545436800,30.29,30.49,29.78,29.98,15080.54604
1545451200,29.98,30.36,29.7,30.2,11413.9964
1545465600,30.2,31.26,30.11,30.74,23120.27603
1545480000,30.74,30.86,30.06,30.28,16200.17434
1545494400,30.28,30.8,29.83,30.71,17410.75859
1545508800,30.71,31.49,30.29,31.33,22807.58437
1545523200,31.33,32.25,31.09,31.91,43256.48243
1545537600,31.91,32.5,31.91,32.1,36327.93066
1545552000,32.1,33.6,31.84,33.1,73620.46663
1545566400,33.1,33.54,31.72,32.11,41360.99363
1545580800,32.11,33.84,31.91,33.1,38029.18433
1545595200,33.1,33.6,32.64,32.97,22966.67123
1545609600,32.97,35.64,32.92,35.6,57288.40142
1545624000,35.6,35.98,34.94,35.57,43836.14949
1545638400,35.57,35.99,33.99,34.47,52490.52783
1545652800,34.47,36.12,34.11,34.2,55778.61892
1545667200,34.2,34.8,32.43,33.03,52599.50447
1545681600,33.03,34.46,32.17,32.68,43511.54285
1545696000,32.68,32.93,29.74,29.87,74605.92948
1545710400,29.87,30.98,29.74,30.54,34809.96024
1545724800,30.54,31.21,30.0,30.46,31342.29657
1545739200,30.46,30.67,29.19,29.57,50464.32156
1545753600,29.57,30.4,29.52,30.2,30462.05024
1545768000,30.2,30.75,29.97,30.5,27308.99747
1545782400,30.5,31.68,30.06,31.23,31936.92229
1545796800,31.23,31.29,30.38,30.72,20090.88238
1545811200,30.72,30.76,29.63,30.05,24564.56998
1545825600,30.05,30.69,28.79,29.24,37594.8401
1545840000,29.24,30.6,28.91,29.88,34881.13845
1545854400,29.88,30.37,29.41,30.3,24979.68816
1545868800,30.3,30.89,29.36,29.37,23144.14245
1545883200,29.37,29.67,28.8,29.45,18853.57982
1545897600,29.45,29.8,29.19,29.47,19478.64246
1545912000,29.47,29.77,28.96,29.12,14847.02019
1545926400,29.12,29.38,27.27,27.55,49860.76673
1545940800,27.55,28.12,27.17,27.55,31633.07446
1545955200,27.55,27.82,27.39,27.57,12201.3586
1545969600,27.57,28.03,27.52,27.95,14698.8237
1545984000,27.95,29.08,27.84,29.07,18017.87493
1545998400,29.07,31.49,28.31,30.92,50995.25017
1546012800,30.92,33.08,30.92,31.73,109267.51041
1546027200,31.73,32.05,31.01,31.8,36943.07969
1546041600,31.8,32.09,31.39,31.56,27817.68909
1546056000,31.56,32.11,31.22,32.08,18884.28615
1546070400,32.08,32.29,30.35,31.26,48457.45598
1546084800,31.26,31.77,31.0,31.49,21778.96795
1546099200,31.49,31.5,30.59,30.95,30776.89944
1546113600,30.95,32.81,29.91,30.28,74481.55837
1546128000,30.28,30.84,29.68,30.51,35267.2261
1546142400,30.51,31.04,30.5,30.68,15632.9122
1546156800,30.68,31.73,30.58,31.3,26190.38045
1546171200,31.3,32.0,30.74,31.16,26988.09179
1546185600,31.16,31.58,30.82,31.1,21166.72771
1546200000,31.1,31.55,30.88,31.38,26327.5922
1546214400,31.38,31.43,30.27,30.66,21821.73584
1546228800,30.66,30.76,30.48,30.69,7138.51729
1546243200,30.69,30.94,30.06,30.22,19622.08503
1546257600,30.22,31.07,30.11,30.44,14630.10737
1546272000,30.44,30.71,29.54,29.92,20451.54337
1546286400,29.92,30.03,29.42,29.9,13782.12351
1546300800,29.9,30.11,29.56,29.78,8922.74082
1546315200,29.78,30.33,29.72,30.24,10386.62741
1546329600,30.24,30.67,30.22,30.41,7295.92521
1546344000,30.41,30.79,29.92,30.19,25350.71539
1546358400,30.19,30.51,29.84,30.48,10210.56668
1546372800,30.48,31.8,30.39,31.48,41016.16214
1546387200,31.48,31.68,31.23,31.49,9886.43556
1546401600,31.49,31.58,31.07,31.55,10201.74865
1546416000,31.55,32.48,31.55,32.11,24754.80792
1546430400,32.11,32.44,31.82,31.93,23982.98223
1546444800,31.93,32.7,31.86,32.43,22321.06112
1546459200,32.43,33.29,32.29,32.67,27159.19769
1546473600,32.67,32.8,32.21,32.49,16653.26787
1546488000,32.49,32.72,31.94,32.44,12826.96964
1546502400,32.44,32.46,31.42,31.66,17112.75972
1546516800,31.66,31.75,31.35,31.55,14626.42136
1546531200,31.55,31.57,30.62,30.85,22012.60605
1546545600,30.85,31.48,30.82,31.39,10897.8265
1546560000,31.39,31.77,30.98,31.69,10983.70708
1546574400,31.69,32.53,31.61,32.06,24814.84435
1546588800,32.06,32.16,31.56,31.6,16349.12838
1546603200,31.6,31.72,30.78,31.09,22434.282
1546617600,31.09,31.62,30.88,31.38,11927.67566
1546632000,31.38,32.09,31.25,31.76,22127.18446
1546646400,31.76,33.0,31.76,32.74,32058.01802
1546660800,32.74,33.2,32.34,32.37,29922.47492
1546675200,32.37,34.24,32.2,33.68,34715.19006
1546689600,33.68,35.62,33.46,35.06,107309.84356
1546704000,35.06,35.95,34.57,35.05,84266.23636
1546718400,35.05,35.28,34.01,34.33,47309.79556
1546732800,34.33,35.14,33.89,34.7,82784.84143
1546747200,34.7,35.82,34.41,34.9,54649.31276
1546761600,34.9,37.74,34.46,37.39,189271.87396
1546776000,37.39,38.47,37.03,38.11,145069.97416
1546790400,38.11,39.71,37.72,38.52,151796.27408
1546804800,38.52,38.81,37.55,38.3,137823.83037
1546819200,38.3,39.04,37.28,37.84,95644.86642
1546833600,37.84,38.97,37.8,38.88,56321.14813
1546848000,38.88,38.88,36.53,37.66,121122.06862
1546862400,37.66,37.95,37.14,37.36,48451.40938
1546876800,37.36,37.94,36.76,37.88,71689.02228
1546891200,37.88,37.88,36.79,37.35,51747.40948
1546905600,37.35,38.69,36.91,37.48,98839.18118
1546920000,37.48,38.32,37.32,37.93,36133.17784
1546934400,37.93,39.55,37.85,39.36,93078.78556
1546948800,39.36,40.8,37.57,39.61,157489.22936
1546963200,39.61,39.7,38.45,38.91,86799.26076
1546977600,38.91,39.29,38.49,38.7,50170.53672
1546992000,38.7,39.72,38.68,39.2,74476.50246
1547006400,39.2,39.42,38.62,38.87,42269.8727
1547020800,38.87,39.37,38.61,39.09,37559.50266
1547035200,39.09,39.09,38.0,38.36,71857.76044
1547049600,38.36,38.91,38.34,38.84,33197.37524
1547064000,38.84,38.96,38.08,38.17,52669.11671
1547078400,38.17,38.77,38.14,38.34,25694.65925
1547092800,38.34,38.5,34.64,35.17,155263.32628
1547107200,35.17,35.62,33.34,34.11,113670.98735
1547121600,34.11,34.3,33.0,33.71,67473.32468
1547136000,33.71,33.71,31.0,32.82,157431.21253
1547150400,32.82,33.24,32.44,32.81,65088.94381
1547164800,32.81,33.22,31.51,32.02,77229.73923
1547179200,32.02,32.55,31.58,32.49,48916.08456
1547193600,32.49,32.76,31.7,32.31,39095.35941
1547208000,32.31,32.6,31.72,32.01,43631.25847
1547222400,32.01,32.79,31.98,32.23,34906.68264
1547236800,32.23,32.9,29.68,31.49,107403.25734
1547251200,31.49,32.13,31.28,31.91,50942.62441
1547265600,31.91,31.95,31.39,31.66,16654.51505
1547280000,31.66,31.77,31.29,31.53,16788.24555
1547294400,31.53,31.8,31.07,31.56,33947.62233
1547308800,31.56,31.65,31.13,31.36,24143.78298
1547323200,31.36,31.85,31.32,31.65,35999.49686
1547337600,31.65,32.53,31.37,32.4,33972.77114
1547352000,32.4,32.63,32.13,32.33,31636.39056
1547366400,32.33,32.41,31.84,32.03,17141.96365
1547380800,32.03,32.22,31.48,31.68,19530.47126
1547395200,31.68,31.7,29.37,29.61,86068.0893
1547409600,29.61,29.81,29.12,29.59,40914.43336
1547424000,29.59,30.04,29.38,29.98,30672.07441
1547438400,29.98,31.05,29.85,30.02,27574.58147
1547452800,30.02,30.3,29.75,29.85,22945.72096
1547467200,29.85,32.17,29.83,32.01,55994.02059
1547481600,32.01,32.5,31.56,31.8,73228.55632
1547496000,31.8,32.14,31.21,31.71,44867.40426
1547510400,31.71,32.09,31.67,31.88,24114.71132
1547524800,31.88,31.93,31.58,31.91,16003.73172
1547539200,31.91,31.92,30.61,31.34,29964.15528
1547553600,31.34,32.27,31.05,31.3,49039.67166
1547568000,31.3,31.75,31.11,31.68,34447.77004
1547582400,31.68,31.75,29.95,30.75,63271.82083
1547596800,30.75,30.88,30.47,30.83,13202.47155
1547611200,30.83,30.97,30.57,30.65,12864.50199
1547625600,30.65,31.26,30.59,31.24,20577.06304
1547640000,31.24,31.93,30.88,31.03,45782.99823
1547654400,31.03,31.64,30.7,31.19,36545.97018
1547668800,31.19,31.5,30.86,31.29,24966.59123
1547683200,31.29,31.44,30.37,30.68,33008.04919
1547697600,30.68,30.91,30.41,30.65,22277.76583
1547712000,30.65,30.73,29.8,30.56,43256.1319
1547726400,30.56,31.13,30.01,30.83,32202.92255
1547740800,30.83,31.24,30.36,31.0,42334.84931
1547755200,31.0,31.55,30.71,31.4,30138.28408
1547769600,31.4,31.53,30.99,31.05,21444.41341
1547784000,31.05,31.27,30.82,31.24,28058.57882
1547798400,31.24,31.46,30.63,30.87,35074.11322
1547812800,30.87,31.12,30.41,31.05,28281.76792
1547827200,31.05,31.07,30.31,30.7,22041.714
1547841600,30.7,31.03,30.59,30.77,15810.75707
1547856000,30.77,31.24,30.77,31.06,19436.09163
1547870400,31.06,31.24,30.87,30.97,14994.29438
1547884800,30.97,32.92,30.94,32.41,67807.757
1547899200,32.41,32.57,31.95,32.01,23014.35318
1547913600,32.01,32.53,31.82,32.35,26247.47577
1547928000,32.35,32.4,31.98,32.0,13489.66472
1547942400,32.0,32.65,31.83,32.58,25360.23724
1547956800,32.58,33.2,32.41,32.88,25731.84416
1547971200,32.88,32.94,31.23,31.34,58483.2116
1547985600,31.34,31.4,28.45,30.58,78691.81058
1548000000,30.58,30.7,30.24,30.45,36710.72638
1548014400,30.45,30.85,30.32,30.64,24472.17412
1548028800,30.64,30.94,30.53,30.67,15727.15077
1548043200,30.67,30.77,30.34,30.68,14580.46467
1548057600,30.68,31.2,30.55,31.02,26122.77666
1548072000,31.02,31.22,30.5,30.75,26273.90504
1548086400,30.75,30.84,30.62,30.66,11896.54843
1548100800,30.66,30.94,30.38,30.82,15704.91309
1548115200,30.82,31.1,30.29,30.62,27696.77998
1548129600,30.62,30.86,30.43,30.54,14425.31502
1548144000,30.54,30.77,29.48,30.57,40884.92265
1548158400,30.57,31.76,30.4,31.43,62256.93161
1548172800,31.43,32.0,31.18,31.62,39693.1901
1548187200,31.62,31.79,31.32,31.41,14930.02321
1548201600,31.41,31.9,31.36,31.71,11571.8016
1548216000,31.71,31.79,31.32,31.44,16267.27145
1548230400,31.44,32.15,31.24,32.02,32842.48635
1548244800,32.02,32.18,31.47,31.56,30339.53959
1548259200,31.56,32.07,31.53,31.57,13758.62145
1548273600,31.57,31.74,31.36,31.69,18797.55188
1548288000,31.69,31.76,30.89,31.13,20097.41579
1548302400,31.13,31.47,30.99,31.38,9451.134
1548316800,31.38,31.86,31.19,31.63,13580.79449
1548331200,31.63,32.2,31.53,31.98,25239.55056
1548345600,31.98,33.1,31.78,32.59,44741.54401
1548360000,32.59,32.9,32.38,32.51,25701.72331
1548374400,32.51,33.0,32.41,32.7,37171.50765
1548388800,32.7,32.83,32.49,32.73,16582.813
1548403200,32.73,32.73,31.96,32.24,39938.91912
1548417600,32.24,32.52,31.97,32.44,26543.08532
1548432000,32.44,32.5,31.87,32.07,26959.87809
1548446400,32.07,32.78,31.99,32.69,22046.33064
1548460800,32.69,33.09,32.57,32.93,19955.12024
1548475200,32.93,33.95,32.72,33.65,47775.89972
1548489600,33.65,33.72,33.33,33.44,26353.22762
1548504000,33.44,33.65,32.96,33.06,30434.76325
1548518400,33.06,33.22,32.88,32.94,22989.62857
1548532800,32.94,33.16,32.62,32.8,19168.78868
1548547200,32.8,33.2,32.04,32.93,39251.68249
1548561600,32.93,32.95,32.52,32.74,23872.29453
1548576000,32.74,32.79,32.07,32.39,28888.25241
1548590400,32.39,32.51,31.05,32.34,47603.40084
1548604800,32.34,32.77,32.28,32.61,15328.28959
1548619200,32.61,32.91,32.21,32.21,18753.90012
1548633600,32.21,32.53,31.0,31.11,57508.04118
1548648000,31.11,31.5,30.51,30.99,44185.30955
1548662400,30.99,31.08,30.5,30.6,67244.45417
1548676800,30.6,30.88,30.0,30.48,41373.73911
1548691200,30.48,30.65,30.04,30.33,33274.35956
1548705600,30.33,31.25,30.3,30.94,24301.72585
1548720000,30.94,31.24,30.38,30.6,18058.04346
1548734400,30.6,30.69,29.91,30.2,39783.02367
1548748800,30.2,30.99,30.15,30.5,23476.63422
1548763200,30.5,31.21,30.47,31.14,24174.15858
1548777600,31.14,31.26,30.76,31.04,19127.06906
1548792000,31.04,31.09,30.69,30.81,11260.92981
1548806400,30.81,31.05,30.47,30.91,14923.49957
1548820800,30.91,31.15,30.67,30.82,15396.84737
1548835200,30.82,31.31,30.79,31.0,19341.73279
1548849600,31.0,31.88,30.97,31.82,47873.76422
1548864000,31.82,31.97,31.63,31.64,17646.66136
1548878400,31.64,31.86,31.48,31.68,13932.49174
1548892800,31.68,32.33,31.68,32.02,31353.7421
1548907200,32.02,32.09,31.79,31.93,18136.37808
1548921600,31.93,31.96,31.08,31.37,49632.42541
1548936000,31.37,31.62,31.13,31.39,21099.21682
1548950400,31.39,31.46,31.12,31.32,20383.16506
1548964800,31.32,31.59,31.24,31.41,14103.2468
1548979200,31.41,31.57,30.7,31.09,35997.76863
1548993600,31.09,31.17,30.85,31.11,14281.02957
1549008000,31.11,32.47,31.02,32.12,59441.71355
1549022400,32.12,32.81,32.12,32.23,77138.16268
1549036800,32.23,33.41,32.22,33.02,87427.70301
1549051200,33.02,33.64,32.56,32.65,61258.58701
1549065600,32.65,33.29,32.54,33.02,50027.86755
1549080000,33.02,33.15,32.44,32.73,44657.41261
1549094400,32.73,33.44,32.63,33.33,32782.08989
1549108800,33.33,33.41,32.76,32.96,42775.7817
1549123200,32.96,33.44,32.89,33.26,23877.88869
1549137600,33.26,35.01,33.01,34.59,73931.4831
1549152000,34.59,34.89,34.02,34.28,63251.9868
1549166400,34.28,34.87,33.8,33.82,68967.20121
1549180800,33.82,34.03,33.32,33.95,71243.08751
1549195200,33.95,34.16,33.2,33.6,47312.30425
1549209600,33.6,33.86,33.19,33.39,37846.07067
1549224000,33.39,33.76,32.86,33.44,59786.0818
1549238400,33.44,34.17,33.36,33.74,34203.54477
1549252800,33.74,33.88,33.52,33.62,32631.24268
1549267200,33.62,34.33,33.62,33.64,46550.89642
1549281600,33.64,34.14,33.62,33.94,28788.48327
1549296000,33.94,34.5,33.84,34.34,33642.69841
1549310400,34.34,34.49,33.96,34.09,30832.80347
1549324800,34.09,34.37,33.68,34.24,36191.24006
1549339200,34.24,34.52,34.07,34.31,33825.99692
1549353600,34.31,34.54,34.1,34.16,34275.97738
1549368000,34.16,34.27,33.65,33.87,38579.73407
1549382400,33.87,34.37,33.63,34.22,39206.37518
1549396800,34.22,34.5,34.05,34.34,32240.01874
1549411200,34.34,34.5,32.43,32.79,121635.27776
1549425600,32.79,33.04,32.58,33.01,52030.39055
1549440000,33.01,33.03,32.33,32.45,53065.72648
1549454400,32.45,32.95,32.25,32.92,35380.47415
1549468800,32.92,33.21,32.51,32.65,37536.85983
1549483200,32.65,32.96,32.57,32.79,12807.81324
1549497600,32.79,33.29,32.73,33.19,30797.80307
1549512000,33.19,33.47,33.07,33.16,25260.16783
1549526400,33.16,33.61,33.14,33.33,27711.45337
1549540800,33.33,33.5,33.22,33.29,18167.38753
1549555200,33.29,33.36,32.97,33.08,25737.78277
1549569600,33.08,33.27,32.92,33.24,16853.48627
1549584000,33.24,33.37,32.75,33.3,24447.46742
1549598400,33.3,34.15,33.22,33.82,40092.95627
1549612800,33.82,38.5,33.8,37.65,393468.75432
1549627200,37.65,40.19,37.39,39.95,218538.67726
1549641600,39.95,44.85,39.18,42.89,378269.58637
1549656000,42.89,43.75,40.8,42.99,182566.62848
1549670400,42.99,44.19,42.05,43.51,156763.55367
1549684800,43.51,46.1,42.64,45.28,153798.95715
1549699200,45.28,46.95,43.98,44.57,304785.15944
1549713600,44.57,45.39,43.63,43.93,164704.34358
1549728000,43.93,44.0,42.59,43.97,135697.5572
1549742400,43.97,45.0,43.41,44.68,77779.78747
1549756800,44.68,44.88,43.56,43.88,57490.08923
1549771200,43.88,44.12,42.0,43.23,106564.99939
1549785600,43.23,44.28,42.84,43.85,54794.402
1549800000,43.85,44.07,43.19,43.4,60455.0862
1549814400,43.4,47.59,43.38,46.21,299539.09186
1549828800,46.21,47.0,45.91,46.79,88750.79361
1549843200,46.79,46.87,43.52,44.16,156765.07699
1549857600,44.16,44.73,43.09,44.47,101838.26209
1549872000,44.47,44.78,43.67,43.81,56814.10363
1549886400,43.81,44.81,42.23,42.96,115786.56688
1549900800,42.96,43.28,41.81,43.07,97799.12887
1549915200,43.07,43.53,42.55,42.9,41395.35145
1549929600,42.9,44.27,41.84,43.89,87701.59659
1549944000,43.89,44.13,43.33,43.63,31506.28631
1549958400,43.63,43.63,42.99,43.17,46683.31736
1549972800,43.17,43.82,42.58,43.02,54365.34443
1549987200,43.02,44.5,42.68,43.71,57518.46148
1550001600,43.71,44.57,43.16,43.89,48956.55184
1550016000,43.89,44.5,43.5,44.05,37105.26283
1550030400,44.05,44.66,43.44,43.73,44809.53426
1550044800,43.73,43.81,42.15,42.47,73133.82695
1550059200,42.47,42.8,40.64,40.95,103325.73048
1550073600,40.95,41.98,40.84,41.32,46435.15373
1550088000,41.32,41.85,41.0,41.61,29105.33501
1550102400,41.61,42.45,41.39,41.59,58078.29065
1550116800,41.59,41.9,40.79,41.36,48590.36548
1550131200,41.36,42.0,40.31,40.92,72340.0399
1550145600,40.92,41.85,40.67,41.61,40365.8399
1550160000,41.61,42.11,41.38,41.47,31270.31465
1550174400,41.47,41.78,41.16,41.26,34500.08681
1550188800,41.26,42.16,41.16,41.99,27982.30127
1550203200,41.99,43.0,41.98,42.59,76201.70903
1550217600,42.59,42.75,41.81,42.24,55193.02907
1550232000,42.24,44.6,41.06,41.9,178689.9636
1550246400,41.9,42.09,41.61,41.9,32653.71613
1550260800,41.9,42.6,41.84,42.58,19230.23303
1550275200,42.58,43.52,42.28,43.27,54908.64103
1550289600,43.27,44.0,43.03,43.81,71241.60049
1550304000,43.81,44.26,43.25,43.73,59894.89213
1550318400,43.73,44.26,43.14,43.92,76108.80118
1550332800,43.92,44.37,43.38,43.76,36662.6999
1550347200,43.76,44.12,43.25,43.34,27875.0732
1550361600,43.34,43.73,43.09,43.51,25731.66619
1550376000,43.51,44.04,43.39,43.93,24692.31995
1550390400,43.93,45.13,43.23,43.42,112877.51243
1550404800,43.42,43.5,42.6,42.93,70271.43687
1550419200,42.93,43.48,42.86,43.33,40264.09952
1550433600,43.33,44.04,43.05,43.91,57861.76107
1550448000,43.91,44.95,43.62,44.62,114187.2435
1550462400,44.62,44.76,43.93,44.22,50781.23286
1550476800,44.22,46.2,44.11,45.8,94924.1591
1550491200,45.8,47.32,45.32,46.17,206694.58768
1550505600,46.17,49.03,46.16,47.7,220662.03531
1550520000,47.7,48.11,46.72,47.84,56780.61276
1550534400,47.84,49.1,46.56,47.24,105096.67939
1550548800,47.24,47.97,46.83,47.65,55258.7579
1550563200,47.65,48.35,46.93,48.33,68451.99082
1550577600,48.33,48.9,47.73,48.44,91955.65763
1550592000,48.44,48.58,47.42,48.05,50435.7993
1550606400,48.05,48.27,47.0,47.14,33587.8728
1550620800,47.14,47.73,46.25,47.27,45696.59571
1550635200,47.27,47.97,46.97,47.79,38281.04589
1550649600,47.79,51.39,47.65,50.75,204780.60037
1550664000,50.75,52.21,50.14,50.65,146543.69745
1550678400,50.65,51.69,50.28,50.62,78009.79488
1550692800,50.62,51.65,50.54,51.5,53562.38643
1550707200,51.5,51.65,50.34,50.94,63366.92759
1550721600,50.94,51.55,50.16,50.4,71484.30194
1550736000,50.4,50.4,47.35,48.83,141843.89075
1550750400,48.83,49.37,48.19,48.87,45678.92051
1550764800,48.87,48.9,48.07,48.42,37373.49839
1550779200,48.42,48.95,48.21,48.94,24034.36114
1550793600,48.94,49.77,48.71,49.36,41563.35807
1550808000,49.36,49.74,48.08,48.52,39724.54021
1550822400,48.52,49.61,48.48,49.25,49758.33537
1550836800,49.25,49.97,48.4,49.0,75193.55366
1550851200,49.0,49.41,48.75,49.17,34464.31759
1550865600,49.17,49.56,48.85,49.19,25275.32999
1550880000,49.19,49.3,48.7,48.99,27190.71582
1550894400,48.99,49.01,48.24,48.71,31548.31112
1550908800,48.71,49.18,48.0,48.89,35297.22261
1550923200,48.89,49.02,48.19,48.43,41026.22263
1550937600,48.43,51.62,48.18,51.2,205464.36012
1550952000,51.2,51.88,51.04,51.4,70588.506
1550966400,51.4,53.53,51.28,52.48,93247.61607
1550980800,52.48,52.83,51.76,52.23,47443.33798
1550995200,52.23,52.75,51.47,52.25,58650.24523
1551009600,52.25,52.35,43.22,44.39,264502.58135
1551024000,44.39,44.7,42.37,44.41,149341.55139
1551038400,44.41,45.24,43.53,43.75,72091.68406
1551052800,43.75,44.96,43.0,44.45,48101.75543
1551067200,44.45,44.89,43.67,44.02,48603.02489
1551081600,44.02,44.72,43.62,44.03,62559.02743
1551096000,44.03,45.24,44.03,45.11,53885.86446
1551110400,45.11,46.85,44.87,46.17,109724.86549
1551124800,46.17,46.34,45.1,45.4,54398.63505
1551139200,45.4,45.89,45.15,45.56,29907.12618
1551153600,45.56,45.61,44.42,44.96,52863.95606
1551168000,44.96,45.53,44.58,45.05,31383.8147
1551182400,45.05,45.4,44.43,44.91,35496.57634
1551196800,44.91,44.95,44.06,44.31,47431.38495
1551211200,44.31,44.9,44.2,44.76,23018.69671
1551225600,44.76,44.81,44.26,44.8,31768.08532
1551240000,44.8,45.18,44.68,45.14,19554.56239
1551254400,45.14,45.53,44.93,45.16,20555.72288
1551268800,45.16,45.52,44.38,44.68,28187.7428
1551283200,44.68,44.92,44.6,44.77,21470.95338
1551297600,44.77,45.33,42.51,45.16,102403.87828
1551312000,45.16,46.11,45.09,45.46,44302.92148
1551326400,45.46,45.62,45.0,45.15,17856.82641
1551340800,45.15,46.07,45.12,45.93,48376.92951
1551355200,45.93,46.7,44.44,46.01,57248.25694
1551369600,46.01,46.45,45.42,45.86,65865.05897
1551384000,45.86,46.25,45.55,45.61,24912.97448
1551398400,45.61,46.12,45.53,46.01,14092.16728
1551412800,46.01,47.2,45.84,46.92,46827.31909
1551427200,46.92,47.65,46.5,46.96,71620.70844
1551441600,46.96,48.08,46.69,47.69,62339.28747
1551456000,47.69,48.95,47.65,48.17,81808.16523
1551470400,48.17,48.51,46.64,47.05,59324.27543
1551484800,47.05,47.88,46.95,47.63,30054.10614
1551499200,47.63,47.66,46.66,46.97,54739.99255
1551513600,46.97,48.7,46.38,48.45,93115.70792
1551528000,48.45,49.4,48.27,48.32,80895.20809
1551542400,48.32,48.75,47.89,48.15,43532.55274
1551556800,48.15,48.59,47.52,48.49,23396.37991
1551571200,48.49,49.1,48.03,48.49,34440.26622
1551585600,48.49,48.85,48.25,48.48,26184.97597
1551600000,48.48,49.0,48.08,48.38,36974.14015
1551614400,48.38,48.58,47.47,47.68,66773.247
1551628800,47.68,48.25,47.41,47.79,27921.98443
1551643200,47.79,47.96,47.18,47.86,26217.38019
1551657600,47.86,48.22,47.28,47.46,26333.00278
1551672000,47.46,47.46,45.43,46.14,116060.83511
1551686400,46.14,46.28,44.57,45.34,80805.69025
1551700800,45.34,46.12,45.09,45.83,31180.80587
1551715200,45.83,46.09,45.55,45.77,29738.06358
1551729600,45.77,46.2,45.37,45.78,22866.88218
1551744000,45.78,46.08,45.38,45.8,27584.44504
1551758400,45.8,46.43,45.79,46.04,44385.58265
1551772800,46.04,47.12,46.04,47.06,39291.02891
1551787200,47.06,52.54,47.06,52.14,424104.1328
1551801600,52.14,54.25,51.8,52.32,188384.48433
1551816000,52.32,52.7,51.23,52.52,75188.42995
1551830400,52.52,53.45,51.11,51.74,95409.50487
1551844800,51.74,54.25,51.56,53.87,81996.23874
1551859200,53.87,56.81,52.49,55.8,256598.84397
1551873600,55.8,55.8,53.56,55.23,124195.41707
1551888000,55.23,55.63,54.4,54.96,64804.10796
1551902400,54.96,55.85,54.42,55.37,47223.38142
1551916800,55.37,57.45,54.79,56.74,116166.58679
1551931200,56.74,58.02,54.83,56.07,166822.00406
1551945600,56.07,56.16,53.77,55.87,105015.06927
1551960000,55.87,59.12,55.49,57.15,209817.48992
1551974400,57.15,58.2,56.24,56.84,141184.93553
1551988800,56.84,57.33,56.3,56.73,77606.68492
1552003200,56.73,57.3,55.49,55.74,70002.9828
1552017600,55.74,57.6,55.71,56.22,115289.78626
1552032000,56.22,57.07,55.19,56.21,80405.97357
1552046400,56.21,57.01,55.76,56.33,44995.63084
1552060800,56.33,56.9,55.82,56.82,45186.95784
1552075200,56.82,57.01,54.3,55.61,84599.32773
1552089600,55.61,57.61,55.38,56.82,72437.97608
1552104000,56.82,58.43,56.75,58.37,68149.15567
1552118400,58.37,59.83,57.89,58.31,86829.27212
1552132800,58.31,58.7,56.91,57.7,89265.27463
1552147200,57.7,58.05,56.41,57.26,70549.19696
1552161600,57.26,57.95,56.55,57.78,26394.2289
1552176000,57.78,58.04,56.95,57.17,31893.74613
1552190400,57.17,57.21,55.91,56.37,40135.51135
1552204800,56.37,57.0,56.11,56.64,28360.58036
1552219200,56.64,56.97,55.84,56.48,35431.75745
1552233600,56.48,56.8,55.96,56.12,37780.59942
1552248000,56.12,57.33,56.11,56.59,25330.04256
1552262400,56.59,57.37,56.59,57.0,25468.53412
1552276800,57.0,57.12,54.45,55.29,83070.11153
1552291200,55.29,55.61,54.01,54.49,74516.1211
1552305600,54.49,55.28,54.0,54.68,56179.13515
1552320000,54.68,55.11,54.2,54.2,54460.34183
1552334400,54.2,55.16,54.17,54.82,25946.5999
1552348800,54.82,54.99,54.0,54.24,22200.04625
1552363200,54.24,54.24,54.24,54.24,0.0
1552377600,54.24,56.95,53.72,56.48,70300.56913
1552392000,56.48,56.96,55.72,55.92,38400.52887
1552406400,55.92,56.65,55.68,56.24,39324.67468
1552420800,56.24,56.93,56.24,56.58,16573.15441
1552435200,56.58,56.84,56.08,56.68,33757.2238
1552449600,56.68,56.73,56.18,56.45,17658.73961
1552464000,56.45,56.5,54.3,55.13,75430.81008
1552478400,55.13,56.77,54.92,55.63,69050.58505
1552492800,55.63,55.84,55.13,55.41,21029.05597
1552507200,55.41,55.55,54.87,55.29,17279.94472
1552521600,55.29,56.3,54.97,55.7,44264.72458
1552536000,55.7,55.99,55.11,55.32,24063.55111
1552550400,55.32,55.92,55.22,55.36,18456.28025
1552564800,55.36,58.2,51.66,55.94,184681.47249
1552579200,55.94,56.28,55.66,55.68,47844.28328
1552593600,55.68,56.02,55.64,55.94,14376.0846
1552608000,55.94,56.73,55.94,56.29,33450.95103
1552622400,56.29,56.82,56.19,56.37,26535.33319
1552636800,56.37,58.2,56.16,57.8,79021.98883
1552651200,57.8,58.72,57.27,58.38,83037.60831
1552665600,58.38,59.15,58.2,58.9,46158.35546
1552680000,58.9,58.96,58.05,58.52,27103.53995
1552694400,58.52,61.96,58.41,61.05,135879.52533
1552708800,61.05,61.97,60.81,61.06,86987.50981
1552723200,61.06,61.39,60.67,61.14,33131.69499
1552737600,61.14,61.24,59.43,60.44,76261.61981
1552752000,60.44,61.18,60.24,60.89,28402.42895
1552766400,60.89,61.3,60.57,61.21,14652.01377
1552780800,61.21,61.32,59.57,60.28,54921.32342
1552795200,60.28,60.6,59.91,60.53,18565.77218
1552809600,60.53,61.3,60.15,60.83,31643.52047
1552824000,60.83,61.3,60.38,60.81,33529.02131
1552838400,60.81,61.12,60.59,60.82,17157.00448
1552852800,60.82,61.0,60.44,60.47,19016.67727
1552867200,60.47,62.63,60.3,61.43,81140.90563
1552881600,61.43,61.52,58.2,59.38,91807.43958
1552896000,59.38,59.52,58.24,59.0,44821.63703
1552910400,59.0,59.73,58.7,59.16,37545.84102
1552924800,59.16,59.29,58.74,58.88,20283.99794
1552939200,58.88,59.53,58.88,59.17,25546.39278
1552953600,59.17,59.96,59.12,59.23,51900.12616
1552968000,59.23,59.37,58.33,58.9,36011.47028
1552982400,58.9,59.9,58.66,59.05,42658.42012
1552996800,59.05,59.87,58.86,59.23,48177.89315
1553011200,59.23,59.73,58.92,59.07,29747.36798
1553025600,59.07,59.66,58.8,59.52,13500.32064
1553040000,59.52,59.62,58.53,58.77,30892.91961
1553054400,58.77,59.15,58.64,58.91,18195.40132
1553068800,58.91,60.5,56.64,59.81,131961.26039
1553083200,59.81,60.33,59.69,60.02,42404.50399
1553097600,60.02,60.38,59.46,59.96,33451.62408
1553112000,59.96,60.74,59.85,60.27,28508.08401
1553126400,60.27,60.64,59.7,59.9,16706.78605
1553140800,59.9,60.31,59.45,59.93,20808.78821
1553155200,59.93,60.02,59.64,59.76,11202.42073
1553169600,59.76,60.05,56.98,58.46,79955.30049
1553184000,58.46,58.61,57.49,58.52,24086.15781
1553198400,58.52,58.96,58.26,58.54,12187.15206
1553212800,58.54,58.63,58.18,58.42,22606.58298
1553227200,58.42,58.62,58.0,58.17,17685.30816
1553241600,58.17,58.77,58.08,58.64,30770.30231
1553256000,58.64,59.6,58.54,59.26,35032.43335
1553270400,59.26,59.53,58.9,59.3,46783.59376
1553284800,59.3,59.53,59.05,59.26,31549.11531
1553299200,59.26,59.63,58.93,59.37,23028.25634
1553313600,59.37,61.76,59.18,60.99,93980.48393
1553328000,60.99,61.29,60.0,60.53,55276.88073
1553342400,60.53,61.12,60.07,60.77,40065.10035
1553356800,60.77,61.0,60.25,60.38,61334.86656
1553371200,60.38,61.05,60.27,60.89,99275.9599
1553385600,60.89,60.9,59.81,60.26,44987.90468
1553400000,60.26,60.34,58.95,59.3,32586.85223
1553414400,59.3,60.21,59.14,59.76,92157.9033
1553428800,59.76,60.17,59.2,59.55,135716.14189
1553443200,59.55,59.72,59.14,59.32,36026.22833
1553457600,59.32,59.88,58.84,59.82,19451.12663
1553472000,59.82,60.7,59.38,60.06,39431.88578
1553486400,60.06,60.16,59.32,59.54,25048.72886
1553500800,59.54,59.65,59.21,59.34,16988.80921
1553515200,59.34,59.69,58.37,58.61,51980.52701
1553529600,58.61,59.49,58.2,58.89,57891.07799
1553544000,58.89,59.44,58.43,59.04,25362.64083
1553558400,59.04,59.35,58.66,58.69,15643.74643
1553572800,58.69,59.0,58.01,58.52,24523.6075
1553587200,58.52,58.82,58.15,58.3,23203.79199
1553601600,58.3,58.55,57.23,58.49,68980.37422
1553616000,58.49,58.59,58.0,58.13,24093.11221
1553630400,58.13,58.84,58.06,58.79,19307.3769
1553644800,58.79,60.6,58.58,60.03,76731.51071
1553659200,60.03,60.4,59.92,60.11,25939.49757
1553673600,60.11,61.44,60.02,61.09,49678.47448
1553688000,61.09,61.17,60.41,60.97,39288.03473
1553702400,60.97,61.42,60.62,61.11,32637.92849
1553716800,61.11,61.87,60.84,61.44,36696.28463
1553731200,61.44,61.44,60.6,60.66,38180.41467
1553745600,60.66,60.87,60.24,60.55,33727.90177
1553760000,60.55,60.69,60.15,60.31,31556.61696
1553774400,60.31,60.79,60.28,60.56,28020.0886
1553788800,60.56,60.67,60.28,60.37,20449.64268
1553803200,60.37,60.55,60.33,60.5,8850.8815
1553817600,60.5,60.8,60.41,60.59,23305.98078
1553832000,60.59,60.96,60.15,60.22,48075.03495
1553846400,60.22,61.8,60.16,61.53,80143.12286
1553860800,61.53,61.53,60.89,60.96,20567.8936
1553875200,60.96,61.28,60.82,61.07,14761.98213
1553889600,61.07,61.5,61.03,61.45,13568.33103
1553904000,61.45,61.56,60.35,60.69,47413.8699
1553918400,60.69,60.95,60.27,60.78,29558.22167
1553932800,60.78,60.91,60.45,60.8,16985.65675
1553947200,60.8,60.87,60.22,60.38,16538.91563
1553961600,60.38,60.54,59.59,60.26,42025.54128
1553976000,60.26,60.49,60.22,60.45,8782.05605
1553990400,60.45,60.58,59.84,60.13,24567.82286
1554004800,60.13,60.33,59.83,59.95,20843.89313
1554019200,59.95,60.7,59.93,60.63,21110.32283
1554033600,60.63,60.72,60.13,60.15,18963.0569
1554048000,60.15,60.48,60.14,60.48,23489.84329
1554062400,60.48,60.67,60.38,60.48,11040.92104
1554076800,60.48,60.9,60.01,60.66,27954.65324
1554091200,60.66,60.73,60.4,60.56,13193.49862
1554105600,60.56,60.66,60.33,60.44,18098.74305
1554120000,60.44,60.72,59.62,60.37,36760.89643
1554134400,60.37,60.45,60.18,60.27,20087.89848
1554148800,60.27,60.62,60.14,60.45,13142.97139
1554163200,60.45,60.75,59.95,60.3,33655.58
1554177600,60.3,68.0,60.15,66.91,280920.6621
1554192000,66.91,68.1,66.14,67.61,88628.25457
1554206400,67.61,71.81,67.61,70.43,162310.94536
1554220800,70.43,73.18,69.77,72.48,86858.02157
1554235200,72.48,78.4,71.66,76.78,153131.70215
1554249600,76.78,84.39,76.24,82.03,348341.70721
1554264000,82.03,82.29,76.63,80.66,145034.24976
1554278400,80.66,82.74,79.59,81.86,82197.32227
1554292800,81.86,88.0,81.33,86.93,203859.17579
1554307200,86.93,95.3,86.93,94.65,308167.62472
1554321600,94.65,98.5,76.34,85.19,427110.21338
1554336000,85.19,89.85,82.54,85.02,217123.72909
1554350400,85.02,88.75,84.5,87.49,124193.88324
1554364800,87.49,88.06,84.31,86.3,102842.67771
1554379200,86.3,87.27,82.63,86.19,92032.41327
1554393600,86.19,86.2,79.85,80.81,165277.35393
1554408000,80.81,85.33,80.14,84.7,74232.61493
1554422400,84.7,86.75,83.65,84.39,60710.79895
1554436800,84.39,89.12,84.39,86.87,106444.52785
1554451200,86.87,88.56,86.7,87.99,52779.58429
1554465600,87.99,89.85,86.19,87.15,92741.85562
1554480000,87.15,88.42,86.64,87.46,29545.64604
1554494400,87.46,88.81,87.36,88.24,24446.58288
1554508800,88.24,88.27,86.74,87.11,29383.06215
1554523200,87.11,87.63,86.88,87.02,15697.49476
1554537600,87.02,87.13,85.0,86.87,39636.68707
1554552000,86.87,96.39,86.85,96.03,194211.57856
1554566400,96.03,97.54,92.67,94.16,307917.72784
1554580800,94.16,94.46,88.47,92.21,119942.68421
1554595200,92.21,93.82,91.3,92.77,65552.42166
1554609600,92.77,95.44,91.9,93.03,71085.67629
1554624000,93.03,94.67,91.85,92.39,56596.18974
1554638400,92.39,93.7,90.0,90.57,71388.41132
1554652800,90.57,92.49,88.74,91.74,70298.83534
1554667200,91.74,94.0,90.11,91.55,69956.59994
1554681600,91.55,94.0,89.98,90.18,101350.90344
1554696000,90.18,91.49,86.45,88.58,95412.04239
1554710400,88.58,89.2,85.2,85.38,81117.5603
1554724800,85.38,88.38,85.27,88.08,78641.74223
1554739200,88.08,88.57,85.94,86.85,49245.81386
1554753600,86.85,88.95,86.75,88.57,34141.27621
1554768000,88.57,88.6,85.7,85.84,44261.78471
1554782400,85.84,86.39,82.61,85.51,108339.47391
1554796800,85.51,88.71,84.28,88.2,61795.27405
1554811200,88.2,88.52,85.46,86.37,59467.06853
1554825600,86.37,87.12,85.8,86.34,22077.1094
1554840000,86.34,87.25,85.6,86.17,21808.07459
1554854400,86.17,88.26,85.91,87.19,41919.51705
1554868800,87.19,88.58,87.16,87.6,57297.85165
1554883200,87.6,87.99,86.33,86.98,32673.12519
1554897600,86.98,88.37,86.86,87.59,37664.34924
1554912000,87.59,91.1,86.73,89.36,86154.07511
1554926400,89.36,89.74,86.0,88.16,60018.31852
1554940800,88.16,88.45,83.61,84.39,56234.13383
1554955200,84.39,85.26,83.1,83.75,70193.03465
1554969600,83.75,83.81,74.64,77.19,280540.90101
1554984000,77.19,78.87,76.18,77.64,124637.83928
1554998400,77.64,79.4,76.63,78.88,88584.99129
1555012800,78.88,79.59,76.36,78.88,43614.08492
1555027200,78.88,78.95,75.0,78.02,89752.98618
1555041600,78.02,78.31,76.45,77.03,51497.52041
1555056000,77.03,80.43,76.0,79.5,81945.96134
1555070400,79.5,79.95,78.14,78.47,46446.43035
1555084800,78.47,79.85,78.27,78.57,54333.56203
1555099200,78.57,78.95,77.75,78.47,27115.65893
1555113600,78.47,81.02,78.13,80.79,33120.72136
1555128000,80.79,80.85,79.08,79.18,55644.9712
1555142400,79.18,79.33,75.51,76.39,105249.46151
1555156800,76.39,78.5,76.13,77.36,47902.05765
1555171200,77.36,78.3,76.95,77.22,21840.41485
1555185600,77.22,78.12,76.85,77.62,12953.08433
1555200000,77.62,78.16,76.47,77.01,16021.73802
1555214400,77.01,77.27,76.09,76.68,28382.87642
1555228800,76.68,79.18,76.36,78.19,44845.45269
1555243200,78.19,78.73,77.17,78.04,24363.77983
1555257600,78.04,78.74,77.9,78.35,29097.98401
1555272000,78.35,83.6,78.29,83.28,99706.58206
1555286400,83.28,84.41,82.3,83.0,73025.72633
1555300800,83.0,83.75,81.83,82.48,32157.25389
1555315200,82.48,82.74,79.8,80.34,63094.26328
1555329600,80.34,82.5,79.22,81.74,65020.91361
1555344000,81.74,81.82,75.0,76.54,148997.40289
1555358400,76.54,79.2,75.22,78.07,55630.09449
1555372800,78.07,78.84,77.34,78.06,28122.23552
1555387200,78.06,78.88,77.62,78.46,32993.0378
1555401600,78.46,79.96,77.78,78.3,52037.02173
1555416000,78.3,79.45,76.88,78.57,64927.84227
1555430400,78.57,81.49,78.32,80.28,86841.23223
1555444800,80.28,81.1,79.93,80.27,30212.80773
1555459200,80.27,81.5,79.41,80.14,54398.85071
1555473600,80.14,80.36,79.02,79.55,30042.40299
1555488000,79.55,80.13,78.33,79.63,47146.86716
1555502400,79.63,79.87,78.0,78.66,48717.39687
1555516800,78.66,79.5,78.23,79.46,25409.75389
1555531200,79.46,79.65,78.58,78.77,26621.539
1555545600,78.77,81.2,78.74,80.62,67561.40113
1555560000,80.62,81.0,79.92,80.83,54218.49789
1555574400,80.83,80.86,79.2,79.8,52442.66529
1555588800,79.8,80.81,79.79,80.24,41406.61285
1555603200,80.24,83.66,79.88,82.47,73427.82735
1555617600,82.47,82.95,81.0,81.68,39452.76586
1555632000,81.68,81.77,79.48,80.62,52588.145
1555646400,80.62,82.12,80.48,81.16,28729.60719
1555660800,81.16,81.91,80.32,81.32,35018.11898
1555675200,81.32,83.1,80.72,82.75,53697.09166
1555689600,82.75,83.17,81.2,81.84,63710.80559
1555704000,81.84,82.4,81.22,82.05,31621.72541
1555718400,82.05,82.47,81.41,81.81,31021.73478
1555732800,81.81,82.32,81.76,81.99,26710.71402
1555747200,81.99,82.69,79.81,80.77,72358.45427
1555761600,80.77,81.37,80.46,80.84,22756.22906
1555776000,80.84,81.23,80.26,80.52,25658.15265
1555790400,80.52,81.59,79.33,81.15,30976.26281
1555804800,81.15,81.85,80.83,80.84,20276.08687
1555819200,80.84,80.94,79.57,79.74,24309.37452
1555833600,79.74,79.96,72.86,74.84,211688.98904
1555848000,74.84,75.74,73.48,75.52,74114.62936
1555862400,75.52,75.58,74.55,75.24,38551.40856
1555876800,75.24,76.97,75.02,76.65,36508.86817
1555891200,76.65,76.85,75.04,75.07,31103.27095
1555905600,75.07,75.78,74.9,75.54,21799.12131
1555920000,75.54,77.62,75.5,76.74,54274.06454
1555934400,76.74,77.63,75.66,75.95,59920.99583
1555948800,75.95,77.26,75.32,77.24,88157.99385
1555963200,77.24,77.41,76.24,76.51,30482.39238
1555977600,76.51,77.19,75.93,76.57,29848.8333
1555992000,76.57,79.29,75.71,78.64,149840.9558
1556006400,78.64,79.1,77.34,77.65,60090.16922
1556020800,77.65,78.15,76.96,77.21,60430.12407
1556035200,77.21,77.44,76.89,77.18,25406.84162
1556049600,77.18,77.2,73.33,73.7,82724.30254
1556064000,73.7,74.69,69.9,73.3,132381.20603
1556078400,73.3,73.99,70.0,71.36,87766.11649
1556092800,71.36,72.57,70.5,71.85,94621.47563
1556107200,71.85,72.53,70.76,71.81,51460.16701
1556121600,71.81,72.3,70.17,71.89,74779.15205
1556136000,71.89,73.12,71.69,72.85,25414.79201
1556150400,72.85,74.0,72.2,72.76,38564.94284
1556164800,72.76,73.36,71.76,72.56,32448.8945
1556179200,72.56,74.43,71.84,73.93,47632.99318
1556193600,73.93,73.99,73.2,73.7,32033.51736
1556208000,73.7,74.12,73.32,73.62,34062.35509
1556222400,73.62,73.9,70.6,71.78,122666.00089
1556236800,71.78,76.5,70.31,74.05,153733.42803
1556251200,74.05,74.22,72.17,73.18,61056.93301
1556265600,73.18,73.98,72.64,73.42,29448.70345
1556280000,73.42,73.75,72.25,72.61,31396.74775
1556294400,72.61,73.59,71.83,72.68,51574.33225
1556308800,72.68,74.18,72.65,73.82,17804.73227
1556323200,73.82,74.01,72.92,73.25,13041.38581
1556337600,73.25,73.62,72.87,73.46,18791.74335
1556352000,73.46,73.46,72.6,72.7,17151.82726
1556366400,72.7,73.18,72.06,72.69,12715.46106
1556380800,72.69,73.47,72.61,72.83,22246.34002
1556395200,72.83,72.86,71.83,72.23,18390.22467
1556409600,72.23,72.49,71.32,72.38,18890.47941
1556424000,72.38,72.43,71.36,72.09,24134.29966
1556438400,72.09,72.72,71.7,72.41,23155.74606
1556452800,72.41,72.46,68.95,70.56,90419.89335
1556467200,70.56,70.62,69.23,69.33,41243.61074
1556481600,69.33,70.04,69.1,69.89,20791.56037
1556496000,69.89,70.32,69.46,70.31,22411.03015
1556510400,70.31,70.37,69.88,69.97,16370.3991
1556524800,69.97,70.0,68.23,68.6,41030.57929
1556539200,68.6,68.62,66.5,67.4,76197.31609
1556553600,67.4,68.08,67.32,67.86,23289.03433
1556568000,67.86,67.99,66.63,67.87,24304.82705
1556582400,67.87,70.22,67.86,68.97,58114.72483
1556596800,68.97,69.28,68.31,69.19,27797.13714
1556611200,69.19,72.56,68.59,72.49,77630.37015
1556625600,72.49,73.11,71.32,72.81,77656.96674
1556640000,72.81,73.45,72.0,72.4,61420.03543
1556654400,72.4,74.74,72.26,74.32,51849.90109
1556668800,74.32,75.36,73.15,73.49,77017.21806
1556683200,73.49,74.01,72.84,73.58,21159.09979
1556697600,73.58,73.6,72.33,73.15,36731.74976
1556712000,73.15,73.4,71.78,73.27,48415.76387
1556726400,73.27,74.5,72.39,72.74,70267.28855
1556740800,72.74,73.57,72.43,73.36,20239.92762
1556755200,73.36,73.55,72.73,73.42,24420.35974
1556769600,73.42,74.24,72.89,74.01,35613.9084
1556784000,74.01,74.42,73.37,73.7,51038.63882
1556798400,73.7,74.26,72.82,73.91,73106.58454
1556812800,73.91,74.08,72.91,73.2,34543.32443
1556827200,73.2,74.0,72.91,73.68,70903.63773
1556841600,73.68,75.3,73.31,74.75,85137.8474
1556856000,74.75,75.68,74.48,74.8,76787.57988
1556870400,74.8,80.58,73.88,78.83,207203.74601
1556884800,78.83,80.25,78.53,79.07,94487.3577
1556899200,79.07,79.31,78.0,78.79,48856.34924
1556913600,78.79,79.87,78.74,79.22,25975.525
1556928000,79.22,82.76,79.18,79.87,116609.62714
1556942400,79.87,79.89,76.61,78.21,90006.64981
1556956800,78.21,78.4,76.63,77.22,46373.44927
1556971200,77.22,77.4,74.54,75.95,106223.99875
1556985600,75.95,76.7,75.57,76.34,21888.57227
1557000000,76.34,78.57,76.24,77.77,75901.7176
1557014400,77.77,78.16,76.74,77.33,52848.98532
1557028800,77.33,77.98,76.24,76.44,41650.10339
1557043200,76.44,76.89,75.4,75.71,42945.54322
1557057600,75.71,76.82,75.62,76.37,37522.16101
1557072000,76.37,76.4,75.4,76.4,33902.99764
1557086400,76.4,76.91,75.53,75.7,27951.52187
1557100800,75.7,75.98,72.02,72.54,100286.04374
1557115200,72.54,73.43,71.64,71.95,61876.25953
1557129600,71.95,74.34,71.74,73.84,39701.61409
1557144000,73.84,75.83,72.83,75.57,94875.06195
1557158400,75.57,76.91,75.27,76.01,72110.22725
1557172800,76.01,76.54,74.83,74.94,20596.27381
1557187200,74.94,78.75,74.94,77.65,109802.52338
1557201600,77.65,77.67,76.12,76.68,40505.0358
1557216000,76.68,77.19,76.02,76.74,24870.37953
1557230400,76.74,77.89,73.4,74.71,102841.0757
1557244800,74.71,75.45,74.39,74.84,40004.48926
1557259200,74.84,76.32,73.96,74.61,39654.42428
1557273600,74.61,75.01,72.4,74.06,61057.07681
1557288000,74.06,75.04,73.57,73.59,27315.4103
1557302400,73.59,74.74,73.43,74.4,25943.56783
1557316800,74.4,74.63,73.4,74.24,28732.33863
1557331200,74.24,74.52,73.45,74.05,18500.35363
1557345600,74.05,75.5,73.41,74.44,44533.03828
1557360000,74.44,75.9,74.06,75.3,52278.23619
1557374400,75.3,75.72,73.77,74.28,37685.88506
1557388800,74.28,74.64,73.48,73.77,28395.73858
1557403200,73.77,74.2,72.91,73.32,40226.86128
1557417600,73.32,73.86,72.77,73.05,28631.17067
1557432000,73.05,74.5,72.87,74.19,53259.54489
1557446400,74.19,74.44,72.66,73.4,80191.37278
1557460800,73.4,78.18,73.24,77.0,146570.95757
1557475200,77.0,77.26,75.11,76.18,59885.95393
1557489600,76.18,76.49,75.07,76.32,27232.07913
1557504000,76.32,77.38,76.0,77.07,41878.38055
1557518400,77.07,79.61,76.12,77.11,67157.18124
1557532800,77.11,79.62,77.11,78.9,64932.00523
1557547200,78.9,80.34,76.85,79.15,156651.55213
1557561600,79.15,89.42,79.04,85.91,240266.41778
1557576000,85.91,89.58,84.5,89.58,106644.19993
1557590400,89.58,92.12,87.73,88.67,164975.1235
1557604800,88.67,95.0,85.2,86.59,176132.82837
1557619200,86.59,89.3,83.88,88.6,167414.62926
1557633600,88.6,94.01,88.55,92.44,133313.05456
1557648000,92.44,93.15,85.5,87.62,197131.18608
1557662400,87.62,89.29,83.0,84.13,145420.8609
1557676800,84.13,86.61,83.4,86.07,81451.23196
1557691200,86.07,86.8,83.9,84.73,72531.89697
1557705600,84.73,87.09,84.19,86.21,44003.64586
1557720000,86.21,87.66,84.1,84.79,54529.07906
1557734400,84.79,87.88,84.32,86.88,65252.09545
1557748800,86.88,92.1,86.21,90.5,197552.65745
1557763200,90.5,92.49,88.17,89.54,141261.29379
1557777600,89.54,91.0,85.76,87.16,124712.58412
1557792000,87.16,91.92,86.93,91.28,143055.18979
1557806400,91.28,93.5,89.33,93.44,180192.96991
1557820800,93.44,93.61,89.13,90.26,108037.93042
1557835200,90.26,91.77,88.31,88.43,76624.00057
1557849600,88.43,90.45,86.5,88.09,75270.15714
1557864000,88.09,91.88,87.24,91.17,60958.81684
1557878400,91.17,92.57,89.69,90.77,64568.7828
1557892800,90.77,90.77,90.77,90.77,0.0
1557907200,90.77,90.77,90.77,90.77,0.0
1557921600,90.77,94.99,90.77,94.93,110148.28465
1557936000,94.93,104.0,93.22,102.35,382117.50359
1557950400,102.35,104.25,99.33,102.02,116595.35508
1557964800,102.02,107.14,101.2,104.56,240631.99206
1557979200,104.56,104.67,95.79,100.15,192334.84735
1557993600,100.15,100.88,90.73,93.43,242019.13214
1558008000,93.43,100.29,91.79,99.72,213413.16749
1558022400,99.72,101.45,93.94,95.11,210721.26815
1558036800,95.11,97.16,93.0,95.49,80764.70065
1558051200,95.49,97.48,86.6,89.94,224108.25919
1558065600,89.94,91.31,85.37,88.0,217828.62636
1558080000,88.0,88.97,84.8,87.03,142801.89271
1558094400,87.03,89.03,84.5,86.16,151907.92671
1558108800,86.16,87.97,84.27,86.78,116439.72595
1558123200,86.78,90.39,86.32,89.76,61092.79456
1558137600,89.76,90.51,86.58,88.51,95538.27886
1558152000,88.51,89.37,85.92,86.38,74338.91849
1558166400,86.38,87.88,85.11,87.17,69642.80949
1558180800,87.17,88.75,86.02,87.93,66743.86703
1558195200,87.93,88.65,86.42,86.95,36148.87239
1558209600,86.95,88.05,86.32,86.51,38129.39671
1558224000,86.51,92.26,86.07,91.6,163878.78379
1558238400,91.6,94.1,91.31,93.57,113856.94244
1558252800,93.57,95.05,92.63,92.94,91040.43957
1558267200,92.94,93.3,91.27,93.1,77179.1681
1558281600,93.1,96.0,92.0,94.63,75126.96307
1558296000,94.63,96.81,93.79,94.58,63567.22062
1558310400,94.58,94.58,89.95,92.31,114264.99106
1558324800,92.31,92.9,90.31,90.89,81934.21804
1558339200,90.89,91.97,90.25,90.88,69989.5373
1558353600,90.88,91.52,87.11,90.25,87821.46337
1558368000,90.25,90.84,88.25,90.67,47398.2247
1558382400,90.67,92.8,90.16,91.1,46327.28168
1558396800,91.1,92.1,89.75,89.8,52555.54269
1558411200,89.8,91.69,88.83,90.61,43647.12776
1558425600,90.61,91.96,89.23,90.15,55607.00972
1558440000,90.15,93.02,89.56,90.77,103950.3143
1558454400,90.77,92.23,90.51,91.53,48722.77989
1558468800,91.53,92.24,90.43,90.79,31055.45873
1558483200,90.79,92.04,90.61,90.88,23928.78107
1558497600,90.88,91.92,89.93,91.1,39553.89314
1558512000,91.1,91.43,89.13,89.74,41832.97535
1558526400,89.74,91.92,89.5,90.97,34871.99063
1558540800,90.97,91.05,89.57,90.24,22904.03461
1558555200,90.24,91.7,85.83,87.74,145428.61629
1558569600,87.74,88.3,86.44,87.36,34365.86443
1558584000,87.36,87.55,85.19,85.84,39613.95228
1558598400,85.84,87.09,84.62,86.46,42062.82404
1558612800,86.46,88.64,86.0,87.86,39047.35206
1558627200,87.86,88.62,87.3,87.71,30418.84787
1558641600,87.71,89.53,87.57,88.61,22823.45457
1558656000,88.61,89.62,88.18,89.02,23743.76502
1558670400,89.02,95.13,88.01,94.09,116847.9892
1558684800,94.09,100.32,93.97,99.24,184291.48587
1558699200,99.24,101.44,97.24,99.39,148696.24078
1558713600,99.39,103.77,98.17,100.28,223254.53236
1558728000,100.28,103.0,98.2,100.5,136151.14802
1558742400,100.5,105.07,98.87,102.97,122914.24869
1558756800,102.97,104.92,100.82,102.43,109183.09248
1558771200,102.43,104.04,101.65,102.78,98358.84176
1558785600,102.78,102.98,99.5,101.39,97179.55451
1558800000,101.39,102.38,99.93,100.8,57752.02415
1558814400,100.8,103.15,100.36,102.66,34415.22791
1558828800,102.66,103.9,100.87,101.17,54219.02832
1558843200,101.17,102.06,97.5,101.48,60044.42225
1558857600,101.48,102.5,98.65,99.95,120463.09612
1558872000,99.95,101.76,99.2,100.5,73940.68903
1558886400,100.5,105.66,99.72,104.43,83706.19045
1558900800,104.43,114.0,104.27,111.0,266058.48527
1558915200,111.0,114.58,109.94,112.92,159493.67898
1558929600,112.92,115.29,111.36,113.11,91021.39771
1558944000,113.11,114.09,112.14,113.82,67891.98912
1558958400,113.82,117.82,113.51,116.93,146994.92123
1558972800,116.93,121.89,110.44,115.73,319353.62267
1558987200,115.73,119.42,113.19,116.3,88929.28876
1559001600,116.3,118.22,114.32,115.53,100895.14062
1559016000,115.53,116.74,112.12,114.06,77715.56521
1559030400,114.06,115.24,112.78,114.87,46068.30164
1559044800,114.87,115.52,111.08,114.04,80934.663
1559059200,114.04,116.24,112.7,114.75,74348.96823
1559073600,114.75,115.41,114.1,114.81,19939.61533
1559088000,114.81,114.88,111.7,113.08,51477.10934
1559102400,113.08,113.24,108.0,111.79,91244.27614
1559116800,111.79,115.4,111.5,114.27,50157.59719
1559131200,114.27,118.33,114.27,116.94,84653.81512
1559145600,116.94,117.58,115.81,117.15,52625.32974
1559160000,117.15,117.57,113.61,115.06,29330.97043
1559174400,115.06,118.16,113.15,116.3,102292.26727
1559188800,116.3,118.77,116.0,117.08,65917.02058
1559203200,117.08,117.78,115.18,116.7,51661.22232
1559217600,116.7,119.28,116.0,119.03,60185.37189
1559232000,119.03,120.35,108.42,113.38,200009.41903
1559246400,113.38,113.38,102.4,107.78,228553.52341
1559260800,107.78,109.58,106.33,107.23,89790.02192
1559275200,107.23,107.61,104.55,107.03,84794.13836
1559289600,107.03,109.22,105.87,107.88,86560.71157
1559304000,107.88,111.19,107.85,108.73,103403.19815
1559318400,108.73,110.85,107.09,110.32,57606.68549
1559332800,110.32,114.93,110.03,114.6,65186.9725
1559347200,114.6,116.28,113.64,114.49,75505.91169
1559361600,114.49,115.08,110.88,113.8,70804.39079
1559376000,113.8,115.07,112.76,113.85,34753.48033
1559390400,113.85,114.22,110.51,112.76,51357.57227
1559404800,112.76,113.73,111.24,112.03,41631.84321
1559419200,112.03,114.43,110.93,112.35,44706.64212
1559433600,112.35,113.65,111.25,111.68,27879.6239
1559448000,111.68,115.89,111.63,115.17,45621.62886
1559462400,115.17,116.2,113.95,114.94,49591.90133
1559476800,114.94,116.48,112.88,113.69,68340.88209
1559491200,113.69,114.35,112.2,113.46,25240.25733
1559505600,113.46,114.89,113.09,114.39,17517.93948
1559520000,114.39,116.2,113.03,115.14,65535.07962
1559534400,115.14,115.44,108.79,111.41,94646.35352
1559548800,111.41,113.67,110.93,112.58,58674.78496
1559563200,112.58,113.06,108.85,111.06,62228.17698
1559577600,111.06,112.65,110.26,112.08,60516.03806
1559592000,112.08,112.42,105.01,105.99,100010.35144
1559606400,105.99,106.8,102.01,102.56,149927.16007
1559620800,102.56,104.65,100.55,102.69,122567.48675
1559635200,102.69,105.74,102.69,104.18,69453.43377
1559649600,104.18,106.09,103.71,104.11,62077.64759
1559664000,104.11,104.74,98.13,99.82,198017.07497
1559678400,99.82,102.46,98.59,102.2,71908.3383
1559692800,102.2,103.7,101.42,102.69,68729.02818
1559707200,102.69,105.0,100.73,103.94,59687.97064
1559721600,103.94,105.21,102.81,103.39,61480.84975
1559736000,103.39,103.57,100.11,100.65,89277.44607
1559750400,100.65,103.69,100.46,102.97,45331.53929
1559764800,102.97,104.37,101.31,103.66,55387.6109
1559779200,103.66,105.5,103.11,105.19,66277.20795
1559793600,105.19,105.21,103.24,103.42,38762.46262
1559808000,103.42,104.46,102.73,104.3,32176.52705
1559822400,104.3,104.56,101.0,103.05,82008.02368
1559836800,103.05,104.07,101.0,103.45,97230.00336
1559851200,103.45,112.07,103.13,111.19,172450.99122
1559865600,111.19,111.8,109.53,110.56,72815.45652
1559880000,110.56,114.6,110.17,113.86,101317.99593
1559894400,113.86,114.3,112.29,112.87,57278.2472
1559908800,112.87,116.13,112.87,115.75,102063.39591
1559923200,115.75,121.0,114.79,115.67,230616.43503
1559937600,115.67,119.2,115.43,116.71,55700.95924
1559952000,116.71,118.48,115.13,116.16,92677.74208
1559966400,116.16,118.15,113.52,115.44,81716.435
1559980800,115.44,117.73,115.28,117.13,65679.32471
1559995200,117.13,117.2,114.0,115.64,73035.18784
1560009600,115.64,115.72,113.5,114.79,60200.24728
1560024000,114.79,119.7,114.7,118.01,81312.81678
1560038400,118.01,118.94,115.02,116.81,51512.20646
1560052800,116.81,118.46,116.01,118.29,30202.84849
1560067200,118.29,118.74,116.85,117.29,41402.07445
1560081600,117.29,117.33,114.04,115.41,94804.51129
1560096000,115.41,115.99,111.02,115.96,129248.36688
1560110400,115.96,116.07,111.5,114.66,78076.35992
1560124800,114.66,116.94,112.54,116.32,59239.4978
1560139200,116.32,117.52,115.4,116.64,50581.93571
1560153600,116.64,126.3,114.02,124.4,178796.8947
1560168000,124.4,127.34,123.3,126.27,272668.42487
1560182400,126.27,129.0,125.33,126.58,112289.56104
1560196800,126.58,130.12,123.91,129.15,119634.90916
1560211200,129.15,130.0,125.86,127.57,187898.43428
1560225600,127.57,129.34,126.99,128.07,77214.11004
1560240000,128.07,129.68,124.85,127.2,127156.83848
1560254400,127.2,128.98,126.25,127.87,82210.76062
1560268800,127.87,137.23,126.5,136.5,235982.61253
1560283200,136.5,138.56,134.98,135.69,125572.21759
1560297600,135.69,140.68,133.74,139.06,127605.92411
1560312000,139.06,140.88,136.36,138.48,201801.32226
1560326400,138.48,139.77,135.36,138.93,123934.04471
1560340800,138.93,143.19,136.93,141.94,179359.70071
1560355200,141.94,142.82,133.72,136.03,204176.05956
1560369600,136.03,136.08,129.86,135.32,179095.87729
1560384000,135.32,136.39,132.58,134.11,73276.33693
1560398400,134.11,135.37,133.3,134.83,50852.64022
1560412800,134.83,135.46,132.99,133.91,43637.72263
1560427200,133.91,136.52,131.77,134.68,86632.26721
1560441600,134.68,134.93,127.92,129.63,146862.19869
1560456000,129.63,132.74,129.49,130.55,75746.13955
1560470400,130.55,131.2,126.0,129.46,73617.04737
1560484800,129.46,130.31,128.23,129.26,44183.68006
1560499200,129.26,132.69,129.26,130.35,78408.12888
1560513600,130.35,132.84,128.05,128.15,83206.48167
1560528000,128.15,130.5,125.22,127.89,101686.32572
1560542400,127.89,133.03,127.7,132.0,79170.96423
1560556800,132.0,136.58,132.0,134.4,116426.84819
1560571200,134.4,135.82,133.3,134.45,56150.65477
1560585600,134.45,136.06,133.45,135.12,41294.68447
1560600000,135.12,136.7,133.9,134.5,50000.45404
1560614400,134.5,139.5,134.49,137.73,94442.87766
1560628800,137.73,137.95,136.15,137.54,31592.8571
1560643200,137.54,137.54,134.08,135.99,70052.67587
1560657600,135.99,138.2,134.9,136.64,89827.17452
1560672000,136.64,137.03,133.15,133.96,66070.96165
1560686400,133.96,135.78,133.28,134.98,49450.76453
1560700800,134.98,137.33,134.09,135.49,69761.3267
1560715200,135.49,137.37,134.6,136.45,47397.20166
1560729600,136.45,136.82,134.82,135.49,37714.31895
1560744000,135.49,135.72,134.13,134.53,33656.5228
1560758400,134.53,136.25,134.14,135.27,39966.89473
1560772800,135.27,136.0,131.53,132.04,79851.37549
1560787200,132.04,133.94,132.01,132.41,48401.89802
1560801600,132.41,135.21,132.14,133.8,62894.49098
1560816000,133.8,133.96,131.6,132.51,42673.3483
1560830400,132.51,132.89,128.0,129.89,73038.39469
1560844800,129.89,132.09,129.56,130.61,38195.88191
1560859200,130.61,136.84,129.69,133.83,139857.83539
1560873600,133.83,135.05,131.34,133.96,62587.40591
1560888000,133.96,136.08,132.42,135.22,44642.96529
1560902400,135.22,135.68,133.5,134.25,50616.88414
1560916800,134.25,138.21,134.16,137.51,68879.90343
1560931200,137.51,139.5,136.15,137.73,74139.36908
1560945600,137.73,138.68,136.0,137.33,53004.785
1560960000,137.33,139.4,136.82,138.86,56642.69025
1560974400,138.86,139.38,134.75,136.43,70567.25111
1560988800,136.43,136.75,135.18,136.08,35671.00736
1561003200,136.08,136.5,134.72,135.08,25161.61382
1561017600,135.08,135.26,133.72,135.0,41991.67591
1561032000,135.0,135.4,134.01,134.62,34640.04215
1561046400,134.62,135.11,133.0,133.78,49530.01149
1561060800,133.78,136.29,133.26,135.46,49825.26336
1561075200,135.46,138.0,135.45,137.44,78782.69226
1561089600,137.44,137.53,135.84,136.17,41105.21161
1561104000,136.17,141.29,136.07,138.76,94975.7544
1561118400,138.76,139.06,131.0,136.24,87254.09816
1561132800,136.24,138.59,136.12,136.59,51696.50027
1561147200,136.59,138.44,136.26,138.28,38576.7208
1561161600,138.28,143.87,136.01,139.99,190316.18713
1561176000,139.99,142.06,139.23,140.39,64989.94441
1561190400,140.39,141.6,139.7,140.23,65119.40675
1561204800,140.23,145.9,138.0,140.21,183980.53426
1561219200,140.21,144.87,139.98,142.24,120502.92804
1561233600,142.24,142.6,139.8,142.26,45203.19352
1561248000,142.26,143.34,140.99,142.06,38021.54264
1561262400,142.06,142.56,140.99,141.2,33719.31137
1561276800,141.2,141.47,139.51,140.51,36739.74382
1561291200,140.51,141.9,140.13,141.24,24635.52879
1561305600,141.24,141.8,140.09,140.75,33303.00799
1561320000,140.75,141.29,136.15,137.5,106723.52713
1561334400,137.5,137.52,134.27,135.46,57032.29818
1561348800,135.46,136.89,134.87,135.8,32915.16333
1561363200,135.8,136.71,133.11,135.45,54900.4611
1561377600,135.45,136.0,135.0,135.15,33546.73773
1561392000,135.15,136.21,132.65,133.79,60281.41496
1561406400,133.79,136.06,133.25,135.77,30461.01434
1561420800,135.77,137.37,135.41,136.01,40390.41634
1561435200,136.01,137.11,135.0,135.63,40479.8834
1561449600,135.63,136.5,133.9,134.5,40211.74358
1561464000,134.5,134.63,129.75,133.05,92398.48042
1561478400,133.05,134.09,131.63,132.86,38885.6142
1561492800,132.86,138.63,132.5,136.33,90676.18032
1561507200,136.33,137.59,134.18,136.33,74758.13736
1561521600,136.33,136.84,133.91,134.61,137647.60337
1561536000,134.61,137.11,134.08,137.1,64112.54268
1561550400,137.1,138.49,135.62,137.33,83030.74831
1561564800,137.33,138.5,135.16,136.19,125243.16518
1561579200,136.19,137.41,127.5,132.25,174416.25787
1561593600,132.25,133.5,128.79,131.09,88725.45008
1561608000,131.09,131.59,115.48,120.88,185052.62344
1561622400,120.88,121.34,112.0,120.0,197491.39106
1561636800,120.0,121.41,114.18,121.35,144670.2148
1561651200,121.35,124.43,115.0,116.8,201115.81085
1561665600,116.8,118.59,111.82,116.01,115102.54671
1561680000,116.01,118.35,114.53,116.93,84192.04796
1561694400,116.93,117.98,114.49,115.73,74751.36888
1561708800,115.73,120.71,115.73,120.51,120103.39682
1561723200,120.51,120.65,117.81,119.55,61218.97226
1561737600,119.55,122.19,118.0,121.21,68753.17116
1561752000,121.21,121.35,118.71,120.01,46569.00756
1561766400,120.01,120.01,116.0,117.0,65184.16508
1561780800,117.0,117.74,116.39,117.37,35607.20497
1561795200,117.37,130.0,116.7,129.25,170784.0841
1561809600,129.25,130.77,125.9,128.96,127252.72584
1561824000,128.96,137.0,127.2,133.8,192323.55542
1561838400,133.8,135.71,131.69,133.86,59814.79239
1561852800,133.86,135.25,130.68,132.13,57980.933
1561867200,132.13,133.5,126.46,127.98,88154.31931
1561881600,127.98,137.44,127.37,132.42,231405.53388
1561896000,132.42,134.71,126.13,133.87,156954.74003
1561910400,133.87,134.32,127.89,130.04,130733.20104
1561924800,130.04,132.27,120.54,123.25,143416.72049
1561939200,123.25,127.03,121.86,125.82,98450.33191
1561953600,125.82,126.16,123.03,124.43,64156.11555
1561968000,124.43,125.53,121.47,123.02,72846.98586
1561982400,123.02,123.13,115.71,118.88,154633.33745
1561996800,118.88,119.82,113.82,116.03,120972.85178
1562011200,116.03,124.76,115.98,123.17,101003.63664
1562025600,123.17,124.0,117.82,119.35,62655.11929
1562040000,119.35,119.8,112.63,115.08,111835.0951
1562054400,115.08,118.67,112.65,115.21,83721.41055
1562068800,115.21,119.57,114.63,119.36,93708.99412
1562083200,119.36,120.52,117.3,117.49,80499.37921
1562097600,117.49,118.95,116.09,118.77,37162.08873
1562112000,118.77,123.15,118.69,120.96,86765.26523
1562126400,120.96,121.99,119.94,120.47,50293.35107
1562140800,120.47,121.11,118.19,118.81,72767.81682
1562155200,118.81,120.5,118.5,120.05,35854.80456
1562169600,120.05,120.62,116.78,118.35,58293.28932
1562184000,118.35,121.78,117.27,121.36,61033.5405
1562198400,121.36,121.94,118.51,119.57,46640.1231
1562212800,119.57,127.03,118.74,123.64,112721.04325
1562227200,123.64,124.4,120.69,122.75,54560.03979
1562241600,122.75,123.57,121.21,121.99,45669.815
1562256000,121.99,125.81,121.93,124.63,51700.39103
1562270400,124.63,124.73,118.68,119.61,63771.33056
1562284800,119.61,120.16,118.32,119.49,39098.65797
1562299200,119.49,120.99,117.21,118.56,43388.8365
1562313600,118.56,120.58,117.84,119.91,48065.47828
1562328000,119.91,120.27,117.8,118.38,26083.09548
1562342400,118.38,118.87,116.22,118.05,32834.53548
1562356800,118.05,119.68,116.91,118.35,34138.10893
1562371200,118.35,120.34,118.19,119.78,27176.39154
1562385600,119.78,120.01,118.0,118.31,20736.17487
1562400000,118.31,118.82,117.64,118.73,22041.96683
1562414400,118.73,121.07,117.91,120.39,34909.05992
1562428800,120.39,121.8,118.79,119.24,24339.00064
1562443200,119.24,119.54,117.06,118.31,24614.10417
1562457600,118.31,119.3,117.61,118.01,21666.79535
1562472000,118.01,119.08,117.91,118.49,9701.31006
1562486400,118.49,119.78,117.82,119.21,20951.08793
1562500800,119.21,119.65,117.2,117.77,28682.31337
1562515200,117.77,120.35,117.0,118.9,39025.26318
1562529600,118.9,120.1,118.3,119.48,22351.8444
1562544000,119.48,120.1,117.77,117.96,25276.67049
1562558400,117.96,119.0,117.94,118.7,25575.42494
1562572800,118.7,120.64,118.21,120.18,48617.60859
1562587200,120.18,120.57,118.69,119.83,31775.75316
1562601600,119.83,121.07,119.31,120.19,33425.04583
1562616000,120.19,125.07,120.04,122.92,54446.41893
1562630400,122.92,124.08,121.59,122.76,56275.07769
1562644800,122.76,123.0,119.91,120.07,42848.02107
1562659200,120.07,121.05,118.03,119.41,65864.20212
1562673600,119.41,120.31,118.51,119.17,24710.45763
1562688000,119.17,119.79,117.8,118.46,28805.72965
1562702400,118.46,119.77,117.64,119.24,14936.63225
1562716800,119.24,120.13,118.48,119.15,49732.71071
1562731200,119.15,119.25,117.63,117.84,18703.35294
1562745600,117.84,119.42,117.68,118.09,21564.04325
1562760000,118.09,118.69,102.5,105.95,229657.75317
1562774400,105.95,109.24,105.06,107.94,122451.80645
1562788800,107.94,108.6,104.95,108.31,65711.6421
1562803200,108.31,108.33,102.22,103.54,69463.75829
1562817600,103.54,103.54,95.21,102.29,217045.82123
1562832000,102.29,104.25,100.01,103.75,45951.55104
1562846400,103.75,104.76,97.33,99.24,65389.19034
1562860800,99.24,105.4,98.32,101.82,94853.28083
1562875200,101.82,104.54,99.55,102.98,74213.80493
1562889600,102.98,104.86,100.65,101.9,35209.1085
1562904000,101.9,104.95,101.39,104.56,34268.04601
1562918400,104.56,107.02,104.42,104.93,41268.63325
1562932800,104.93,105.76,103.63,104.08,38023.04914
1562947200,104.08,105.5,103.3,104.9,26570.78228
1562961600,104.9,105.79,103.84,104.86,29637.90513
1562976000,104.86,105.03,102.21,102.49,26435.0751
1562990400,102.49,103.49,101.11,101.35,24459.87976
1563004800,101.35,102.68,99.45,100.39,48748.84871
1563019200,100.39,104.33,100.11,102.65,40975.13027
1563033600,102.65,103.41,100.0,101.24,35062.68579
1563048000,101.24,102.07,97.64,101.03,53571.34166
1563062400,101.03,101.9,100.29,100.89,19724.97068
1563076800,100.89,101.28,99.38,99.76,15587.78519
1563091200,99.76,100.5,92.06,93.57,128893.33069
1563105600,93.57,93.99,87.58,89.73,104098.43823
1563120000,89.73,91.72,87.81,89.3,75800.20425
1563134400,89.3,93.4,88.4,89.66,85490.24045
1563148800,89.66,89.96,84.6,89.3,126129.44051
1563163200,89.3,89.72,85.64,88.98,48606.3753
1563177600,88.98,89.29,86.5,88.53,34415.03934
1563192000,88.53,92.06,86.33,91.62,74389.43555
1563206400,91.62,92.99,88.7,91.71,63594.21097
1563220800,91.71,92.13,90.27,90.43,35034.74636
1563235200,90.43,91.91,88.16,88.92,36730.63006
1563249600,88.92,90.0,87.26,89.46,33907.31535
1563264000,89.46,91.16,88.53,89.41,27101.73225
1563278400,89.41,89.42,85.73,87.75,57898.09717
1563292800,87.75,87.75,76.6,79.88,241138.35474
1563307200,79.88,81.38,78.36,79.61,86789.8025
1563321600,79.61,81.04,71.0,79.2,64299.60355
1563336000,79.2,80.96,78.3,80.02,29618.5771
1563350400,80.02,80.65,77.18,78.57,51822.86961
1563364800,78.57,93.1,78.08,89.61,201470.66338
1563379200,89.61,94.65,89.28,89.66,167241.71641
1563393600,89.66,93.6,88.21,89.95,96671.65253
1563408000,89.95,90.44,86.87,89.19,62302.77748
1563422400,89.19,94.67,88.69,93.05,81890.52855
1563436800,93.05,94.64,90.75,93.06,54636.51862
1563451200,93.06,99.12,88.73,98.87,201590.6535
1563465600,98.87,104.5,97.41,99.93,148465.39127
1563480000,99.93,102.98,98.05,101.16,60986.23189
1563494400,101.16,101.26,97.91,98.85,55354.61481
1563508800,98.85,100.42,95.65,98.55,71689.8965
1563523200,98.55,100.23,95.0,96.29,90839.86711
1563537600,96.29,98.86,94.73,97.2,78285.8808
1563552000,97.2,97.35,95.09,96.22,36782.05526
1563566400,96.22,99.0,96.17,98.23,33693.9253
1563580800,98.23,101.12,97.42,99.24,63845.93239
1563595200,99.24,100.52,98.88,99.22,36021.71077
1563609600,99.22,99.3,97.89,98.94,27968.45305
1563624000,98.94,100.16,98.13,100.09,37400.50474
1563638400,100.09,105.88,99.8,103.4,136302.56225
1563652800,103.4,104.22,99.77,100.25,54386.86015
1563667200,100.25,101.41,96.56,98.12,61892.52278
1563681600,98.12,99.2,97.42,98.66,21348.07125
1563696000,98.66,100.97,97.8,99.15,42869.30999
1563710400,99.15,99.3,96.4,98.17,57164.00992
1563724800,98.17,98.83,96.74,97.8,29734.2585
1563739200,97.8,100.84,97.65,99.7,34113.25895
1563753600,99.7,100.91,98.87,99.24,22509.21523
1563768000,99.24,99.63,98.06,99.56,30402.64371
1563782400,99.56,99.69,94.96,96.67,77257.80408
1563796800,96.67,96.85,91.14,92.74,104229.46227
1563811200,92.74,94.48,92.35,93.11,54077.05716
1563825600,93.11,95.75,92.88,95.31,30057.77769
1563840000,95.31,95.35,93.58,94.25,17294.3828
1563854400,94.25,94.28,90.5,91.34,57659.81834
1563868800,91.34,92.19,90.11,91.78,39308.79495
1563883200,91.78,91.97,88.62,89.86,57275.8604
1563897600,89.86,93.33,89.5,93.2,48409.93657
1563912000,93.2,94.47,89.58,90.15,44567.42268
1563926400,90.15,90.16,86.8,88.49,72089.05798
1563940800,88.49,89.92,88.07,89.25,31802.22787
1563955200,89.25,90.75,88.84,90.06,32660.48862
1563969600,90.06,97.45,90.05,97.09,88615.03753
1563984000,97.09,97.28,91.0,93.22,93595.31508
1563998400,93.22,95.3,92.3,94.5,37050.96122
1564012800,94.5,96.67,93.6,95.28,46866.02983
1564027200,95.28,95.44,92.76,94.04,36632.44593
1564041600,94.04,95.49,93.79,95.26,26387.29323
1564056000,95.26,96.17,93.02,94.15,47468.85341
1564070400,94.15,95.54,92.15,92.65,40765.56882
1564084800,92.65,93.71,91.06,93.22,30283.29257
1564099200,93.22,93.24,90.8,91.75,40530.64593
1564113600,91.75,92.52,89.83,92.34,32072.72336
1564128000,92.34,94.2,91.86,93.55,26216.40789
1564142400,93.55,93.8,92.0,93.13,21895.84962
1564156800,93.13,94.52,92.43,93.93,34217.42413
1564171200,93.93,94.37,93.5,94.06,14287.2694
1564185600,94.06,96.09,93.64,94.04,37102.19449
1564200000,94.04,94.4,93.19,93.79,18523.94479
1564214400,93.79,93.8,87.82,89.61,85047.70669
1564228800,89.61,89.61,86.67,88.29,57265.26752
1564243200,88.29,88.95,87.31,87.89,21291.17063
1564257600,87.89,89.38,87.61,88.79,31684.9658
1564272000,88.79,88.97,88.09,88.48,13660.92793
1564286400,88.48,90.17,88.47,89.4,24972.14382
1564300800,89.4,89.65,87.8,89.24,15341.47707
1564315200,89.24,89.46,88.81,89.2,12836.45776
1564329600,89.2,90.47,88.97,89.71,19900.42852
1564344000,89.71,90.9,83.13,90.0,114364.33698
1564358400,90.0,92.26,89.09,90.51,39621.80769
1564372800,90.51,91.35,89.67,90.7,22030.14683
1564387200,90.7,90.98,87.48,89.1,41644.98183
1564401600,89.1,90.74,88.84,89.4,39741.99729
1564416000,89.4,92.0,87.6,90.19,63286.78222
1564430400,90.19,91.64,89.86,90.33,27329.72488
1564444800,90.33,90.99,88.5,89.14,23217.26477
1564459200,89.14,89.93,88.81,89.44,21191.91668
1564473600,89.44,90.96,89.0,90.14,26023.15335
1564488000,90.14,92.71,89.89,91.71,51893.81214
1564502400,91.71,91.9,89.77,90.65,29010.06264
1564516800,90.65,90.82,89.4,90.15,15481.72367
1564531200,90.15,91.69,89.81,90.99,19956.92925
1564545600,90.99,93.0,90.95,92.19,31788.2625
1564560000,92.19,93.37,92.09,93.25,24496.22851
1564574400,93.25,96.89,93.22,96.12,83130.05734
1564588800,96.12,99.45,94.83,97.68,71371.95028
1564603200,97.68,99.95,97.57,98.76,49698.59119
1564617600,98.76,99.9,95.92,96.71,48098.18076
1564632000,96.71,97.44,95.23,96.99,35983.1256
1564646400,96.99,97.52,95.83,97.22,25660.78154
1564660800,97.22,99.16,96.65,97.46,45870.91713
1564675200,97.46,100.59,96.7,99.22,58016.51253
1564689600,99.22,99.8,97.97,98.64,42992.28271
1564704000,98.64,98.77,95.0,96.29,54455.57443
1564718400,96.29,98.74,96.06,98.08,44824.52391
1564732800,98.08,98.1,96.49,96.88,36044.69538
1564747200,96.88,97.47,96.17,96.37,33934.98672
1564761600,96.37,97.37,92.52,93.17,85509.44347
1564776000,93.17,95.2,92.55,94.76,30132.80282
1564790400,94.76,96.7,93.89,95.78,56208.68094
1564804800,95.78,95.9,94.32,95.77,45314.77919
1564819200,95.77,95.82,93.99,95.01,23127.79392
1564833600,95.01,95.6,93.94,94.62,23890.52194
1564848000,94.62,95.76,94.19,94.87,24473.079
1564862400,94.87,95.0,93.51,94.17,14427.41137
1564876800,94.17,94.8,90.11,90.99,49920.31907
1564891200,90.99,91.92,90.62,91.56,34252.82193
1564905600,91.56,92.28,91.32,91.75,15536.24368
1564920000,91.75,94.34,90.77,93.16,56443.44015
1564934400,93.16,93.8,91.98,92.34,28945.42564
1564948800,92.34,93.27,91.55,92.64,24965.09386
1564963200,92.64,96.85,92.64,95.1,89003.83946
1564977600,95.1,95.32,94.01,94.74,41498.2154
1564992000,94.74,106.77,94.58,102.07,272124.33714
1565006400,102.07,102.36,97.01,98.62,143678.38996
1565020800,98.62,100.88,97.25,97.89,89719.87394
1565035200,97.89,98.63,94.09,96.56,72000.07715
1565049600,96.56,96.74,94.07,95.68,55977.10865
1565064000,95.68,99.32,95.09,97.51,70513.69296
1565078400,97.51,98.18,94.0,95.12,88991.8524
1565092800,95.12,95.5,93.5,94.18,57090.08566
1565107200,94.18,95.96,91.01,92.37,59497.03654
1565121600,92.37,93.63,91.0,92.99,38148.72046
1565136000,92.99,93.44,92.26,93.3,21121.26531
1565150400,93.3,93.86,91.72,92.06,26652.74858
1565164800,92.06,93.05,91.44,92.85,27438.18914
1565179200,92.85,94.45,90.64,91.0,81843.72706
1565193600,91.0,91.34,87.36,89.7,93151.53685
1565208000,89.7,92.16,88.75,90.59,48068.28918
1565222400,90.59,92.75,89.98,91.27,32389.10998
1565236800,91.27,91.27,89.04,90.26,40210.58774
1565251200,90.26,91.2,89.45,89.57,24351.52917
1565265600,89.57,90.16,87.72,88.54,47016.31723
1565280000,88.54,91.17,88.17,89.67,52216.22935
1565294400,89.67,90.83,88.73,90.15,31092.07666
1565308800,90.15,90.45,89.04,89.15,25064.75897
1565323200,89.15,89.49,88.44,88.5,13906.8258
1565337600,88.5,89.24,84.23,85.38,93345.04604
1565352000,85.38,86.71,84.71,85.06,34857.42465
1565366400,85.06,85.8,82.64,84.29,54871.98763
1565380800,84.29,85.47,83.49,84.24,23873.93721
1565395200,84.24,87.3,84.24,86.51,55473.82683
1565409600,86.51,86.52,84.6,85.06,19150.49203
1565424000,85.06,85.89,82.27,82.99,50113.7219
1565438400,82.99,84.34,82.91,83.38,34096.73308
1565452800,83.38,87.5,83.16,86.36,67716.75778
1565467200,86.36,87.11,84.84,85.46,17112.05935
1565481600,85.46,87.79,85.38,86.53,26857.90083
1565496000,86.53,86.9,86.1,86.63,13308.66512
1565510400,86.63,88.6,85.15,87.65,37973.35102
1565524800,87.65,88.72,87.28,88.5,30773.53069
1565539200,88.5,91.57,88.39,90.91,62909.46468
1565553600,90.91,91.14,89.42,89.93,25128.48994
1565568000,89.93,90.04,87.66,88.62,24952.30925
1565582400,88.62,88.9,86.21,86.97,35399.38543
1565596800,86.97,87.31,85.92,86.16,24041.23427
1565611200,86.16,87.75,85.48,87.01,23725.10355
1565625600,87.01,87.19,85.45,86.06,25978.39672
1565640000,86.06,86.29,85.6,85.79,13477.45011
1565654400,85.79,85.85,84.32,84.78,20834.85581
1565668800,84.78,86.79,84.1,85.79,19679.26867
1565683200,85.79,86.55,84.85,86.39,20561.43678
1565697600,86.39,86.54,83.65,84.58,43103.50518
1565712000,84.58,85.99,83.26,84.07,41422.2766
1565726400,84.07,85.68,83.36,84.88,21182.46653
1565740800,84.88,86.32,84.14,86.1,44217.56741
1565755200,86.1,86.25,84.76,84.93,12783.68457
1565769600,84.93,84.95,82.61,83.38,38112.97432
1565784000,83.38,83.73,81.48,82.68,38491.64663
1565798400,82.68,83.15,75.45,76.76,143982.04596
1565812800,76.76,78.0,75.0,75.9,33307.49161
1565827200,75.9,77.55,75.9,76.98,30710.43264
1565841600,76.98,76.98,76.98,76.98,0.0
1565856000,76.98,76.98,74.72,76.3,23905.84509
1565870400,76.3,77.29,74.36,76.73,31111.23829
1565884800,76.73,77.7,75.66,76.15,24635.80473
1565899200,76.15,77.41,75.79,76.25,47340.00031
1565913600,76.25,76.42,75.44,75.86,14176.55838
1565928000,75.86,75.88,72.34,73.47,51834.62941
1565942400,73.47,74.72,72.56,74.08,46063.98985
1565956800,74.08,75.82,73.64,75.48,36644.18088
1565971200,75.48,75.96,74.54,75.48,22644.69671
1565985600,75.48,75.9,74.29,74.67,15344.97205
1566000000,74.67,75.35,73.86,74.03,17158.35342
1566014400,74.03,74.75,73.55,73.98,16841.08592
1566028800,73.98,74.28,73.37,73.55,21007.98435
1566043200,73.55,74.15,73.25,73.71,14457.60881
1566057600,73.71,73.82,71.5,72.78,46665.68548
1566072000,72.78,73.03,71.94,72.65,14909.12633
1566086400,72.65,72.94,71.5,72.06,18901.08028
1566100800,72.06,73.62,71.4,72.98,19917.25685
1566115200,72.98,77.46,72.34,76.97,51142.94366
1566129600,76.97,77.75,75.75,76.27,38006.84909
1566144000,76.27,78.0,76.25,77.03,27988.9661
1566158400,77.03,78.0,76.06,76.25,15843.75655
1566172800,76.25,76.98,75.69,76.74,16133.64744
1566187200,76.74,78.65,76.01,78.52,45477.48481
1566201600,78.52,78.95,77.14,77.7,32572.46547
1566216000,77.7,78.1,76.67,77.0,28983.9704
1566230400,77.0,77.3,75.36,76.23,32809.96083
1566244800,76.23,77.33,75.5,77.1,20530.41102
1566259200,77.1,77.3,75.79,75.85,17001.00817
1566273600,75.85,76.71,75.18,76.28,25503.84463
1566288000,76.28,76.36,74.77,75.58,24943.52512
1566302400,75.58,75.62,73.31,74.67,36445.34031
1566316800,74.67,75.7,74.16,75.12,16625.18761
1566331200,75.12,75.97,74.6,75.14,10061.86325
1566345600,75.14,75.33,73.77,74.18,24788.91508
1566360000,74.18,74.18,71.7,72.04,35834.24315
1566374400,72.04,72.67,71.4,72.25,29027.56297
1566388800,72.25,72.31,70.14,71.5,45629.64605
1566403200,71.5,74.15,70.82,73.56,37554.23453
1566417600,73.56,74.08,72.39,73.27,15905.88528
1566432000,73.27,73.96,71.0,71.47,33407.06976
1566446400,71.47,73.11,71.26,72.55,19777.82449
1566460800,72.55,74.24,72.08,73.51,23588.98469
1566475200,73.51,74.64,73.29,73.75,30340.80775
1566489600,73.75,74.38,73.2,73.73,36667.96673
1566504000,73.73,74.13,73.17,73.31,15792.43216
1566518400,73.31,73.58,72.57,73.55,22895.01744
1566532800,73.55,74.18,73.24,74.13,16793.99083
1566547200,74.13,74.13,72.1,72.68,19099.11445
1566561600,72.68,75.92,72.55,75.2,46971.6948
1566576000,75.2,75.8,74.8,75.17,17903.25951
1566590400,75.17,75.6,74.31,75.38,14872.82345
1566604800,75.38,75.65,73.8,74.34,18456.99656
1566619200,74.34,74.42,73.59,74.08,13096.88047
1566633600,74.08,74.08,71.39,72.72,42777.85944
1566648000,72.72,72.85,71.96,72.58,14078.50792
1566662400,72.58,73.32,71.94,73.16,16373.03385
1566676800,73.16,73.87,72.44,73.32,15058.58897
1566691200,73.32,73.5,72.66,73.11,8088.69353
1566705600,73.11,73.19,72.24,73.11,10782.85198
1566720000,73.11,74.93,72.67,73.71,21256.38134
1566734400,73.71,74.6,72.29,72.72,39174.78961
1566748800,72.72,73.29,70.61,71.41,37683.77074
1566763200,71.41,72.53,70.56,72.1,26381.59157
1566777600,72.1,75.46,72.09,73.89,71953.88327
1566792000,73.89,74.78,73.66,73.73,28291.89891
1566806400,73.73,74.15,73.1,74.1,17508.77992
1566820800,74.1,74.37,73.21,73.59,15844.10783
1566835200,73.59,74.83,73.28,73.88,29014.24214
1566849600,73.88,74.04,72.85,73.54,23846.81298
1566864000,73.54,73.62,72.13,72.94,25848.43876
1566878400,72.94,73.15,72.58,73.01,11309.37031
1566892800,73.01,73.33,72.62,72.94,8106.05979
1566907200,72.94,73.75,72.32,73.47,18205.16588
1566921600,73.47,73.69,72.5,72.58,14589.40462
1566936000,72.58,73.05,72.13,72.9,14687.57815
1566950400,72.9,72.9,71.71,71.87,16988.59541
1566964800,71.87,73.14,71.63,72.43,28652.34857
1566979200,72.43,72.5,71.68,71.97,10060.63752
1566993600,71.97,72.85,71.93,72.34,23695.58113
1567008000,72.34,72.42,65.0,65.95,189734.18104
1567022400,65.95,67.14,65.66,66.73,26706.33367
1567036800,66.73,66.77,65.25,65.75,27545.46983
1567051200,65.75,66.14,64.24,64.99,45703.60221
1567065600,64.99,65.42,64.67,65.03,17165.27539
1567080000,65.03,65.26,62.0,64.38,64874.11644
1567094400,64.38,65.06,63.75,64.16,35936.19782
1567108800,64.16,64.36,63.38,63.59,14942.81692
1567123200,63.59,63.84,62.16,62.98,30210.32354
1567137600,62.98,63.3,62.62,62.92,28506.66356
1567152000,62.92,64.69,62.84,64.0,39651.54292
1567166400,64.0,64.45,63.71,63.94,26434.46886
1567180800,63.94,64.48,63.29,64.25,22212.5288
1567195200,64.25,65.6,64.04,64.17,41487.6166
1567209600,64.17,64.56,63.83,64.21,15928.04238
1567224000,64.21,64.27,63.4,63.53,15315.63649
1567238400,63.53,63.8,63.28,63.46,11926.14885
1567252800,63.46,64.3,62.73,63.8,28185.23477
1567267200,63.8,64.15,62.89,63.47,24859.10072
1567281600,63.47,65.39,62.25,64.24,51952.99556
1567296000,64.24,64.95,64.18,64.81,16483.81875
1567310400,64.81,65.07,64.6,64.89,12628.39351
1567324800,64.89,64.96,64.19,64.48,23202.78488
1567339200,64.48,65.25,64.17,64.82,17472.7001
1567353600,64.82,66.86,63.74,66.38,48767.88831
1567368000,66.38,67.21,65.66,65.89,41897.27202
1567382400,65.89,66.24,65.65,65.82,16770.28607
1567396800,65.82,66.01,64.8,65.25,21604.85955
1567411200,65.25,66.04,65.09,65.82,17628.81897
1567425600,65.82,66.44,65.18,65.66,36959.93561
1567440000,65.66,67.1,65.53,66.5,55890.57156
1567454400,66.5,68.03,66.38,66.92,61794.18911
1567468800,66.92,67.56,66.47,66.87,22206.72821
1567483200,66.87,67.48,66.49,66.87,26486.08756
1567497600,66.87,70.09,66.87,68.62,72920.25629
1567512000,68.62,69.77,68.48,69.05,71281.92733
1567526400,69.05,69.42,68.52,68.96,31815.12084
1567540800,68.96,71.0,68.62,69.06,61420.35934
1567555200,69.06,69.24,67.58,68.14,53908.61552
1567569600,68.14,68.44,67.39,67.96,26880.90075
1567584000,67.96,67.99,66.69,67.51,34863.90779
1567598400,67.51,67.53,66.4,66.99,33018.3302
1567612800,66.99,68.1,66.93,67.99,28954.78058
1567627200,67.99,68.29,66.53,67.01,42219.60056
1567641600,67.01,67.16,66.52,66.95,19681.6115
1567656000,66.95,67.39,66.68,66.86,11509.06321
1567670400,66.86,67.22,64.23,65.37,59485.22383
1567684800,65.37,65.65,64.85,65.05,21510.17161
1567699200,65.05,65.3,64.14,64.46,36791.02893
1567713600,64.46,65.67,64.32,65.23,17592.26274
1567728000,65.23,66.72,65.05,66.03,32505.92435
1567742400,66.03,66.9,66.02,66.79,24820.0142
1567756800,66.79,68.0,66.64,67.36,37721.4038
1567771200,67.36,67.64,66.67,66.78,23940.1265
1567785600,66.78,67.54,64.5,65.23,102707.53434
1567800000,65.23,65.49,63.54,64.87,56923.16113
1567814400,64.87,65.07,64.61,64.67,17025.01277
1567828800,64.67,65.15,64.53,64.92,16707.84977
1567843200,64.92,67.3,64.8,67.01,35784.00537
1567857600,67.01,69.53,66.55,68.98,91931.10421
1567872000,68.98,70.57,68.25,69.3,104164.66706
1567886400,69.3,69.6,68.21,68.77,39888.83804
1567900800,68.77,71.46,68.65,71.03,70152.4502
1567915200,71.03,71.38,69.85,70.52,54758.9046
1567929600,70.52,70.86,68.0,69.35,67512.4878
1567944000,69.35,70.96,68.76,70.62,60163.38717
1567958400,70.62,71.04,69.13,69.3,42662.55979
1567972800,69.3,70.8,69.23,70.36,19810.13875
1567987200,70.36,70.46,68.69,68.87,27553.29864
1568001600,68.87,69.07,68.19,68.57,29484.33666
1568016000,68.57,71.38,67.73,70.47,69187.38462
1568030400,70.47,70.6,68.97,69.54,45220.28249
1568044800,69.54,70.13,68.59,69.66,39605.66287
1568059200,69.66,70.5,69.14,69.89,18224.30131
1568073600,69.89,73.1,69.83,71.88,81118.72485
1568088000,71.88,72.75,71.19,71.77,40296.45202
1568102400,71.77,71.97,69.98,71.08,65025.89352
1568116800,71.08,71.18,69.77,70.28,36535.23208
1568131200,70.28,71.93,69.88,70.58,63767.48312
1568145600,70.58,71.03,70.17,70.85,28854.55147
1568160000,70.85,71.81,70.1,70.57,34572.59535
1568174400,70.57,70.96,69.99,70.93,40026.69268
1568188800,70.93,71.42,70.18,70.85,23482.67797
1568203200,70.85,71.3,68.38,68.99,62101.20779
1568217600,68.99,69.74,68.25,68.74,31945.20602
1568232000,68.74,69.84,68.6,69.8,16615.96165
1568246400,69.8,70.0,68.75,69.42,21678.42507
1568260800,69.42,69.54,68.3,68.49,17725.79325
1568275200,68.49,69.43,68.4,69.04,18622.33071
1568289600,69.04,69.94,68.95,69.38,25242.37378
1568304000,69.38,69.81,68.58,68.77,27550.79367
1568318400,68.77,69.34,68.68,69.15,24750.37237
1568332800,69.15,69.58,68.77,69.1,15044.963
1568347200,69.1,69.53,68.44,68.61,20117.3603
1568361600,68.61,69.4,68.5,68.98,40751.06497
1568376000,68.98,69.12,68.38,68.56,20284.88148
1568390400,68.56,68.71,67.36,67.69,37498.06563
1568404800,67.69,68.99,67.5,68.93,22719.95706
1568419200,68.93,69.22,68.39,68.63,14006.91317
1568433600,68.63,68.88,68.46,68.67,8745.64649
1568448000,68.67,68.7,68.33,68.48,9115.98691
1568462400,68.48,70.61,68.2,70.27,72861.5688
1568476800,70.27,71.5,70.08,70.75,60187.805
1568491200,70.75,71.14,70.42,70.5,14146.94982
1568505600,70.5,71.28,69.72,69.96,33820.81762
1568520000,69.96,70.7,69.76,70.3,18601.11914
1568534400,70.3,70.59,69.99,70.35,20569.8619
1568548800,70.35,70.56,69.5,70.24,25985.09089
1568563200,70.24,70.36,69.6,69.99,15212.05391
1568577600,69.99,70.39,69.99,70.04,8968.6443
1568592000,70.04,71.83,70.02,71.16,65710.81178
1568606400,71.16,71.67,70.9,71.26,23716.60838
1568620800,71.26,71.51,70.51,70.74,23178.63287
1568635200,70.74,70.75,69.36,69.97,46942.32261
1568649600,69.97,70.9,69.67,70.55,20358.64018
1568664000,70.55,73.67,70.55,72.63,87824.56583
1568678400,72.63,72.97,72.15,72.28,37080.16176
1568692800,72.28,72.99,72.17,72.87,33069.53811
1568707200,72.87,73.0,72.16,72.64,37948.56936
1568721600,72.64,74.41,72.52,73.36,58471.19216
1568736000,73.36,75.74,73.3,75.25,83259.86135
1568750400,75.25,77.59,73.69,74.04,81991.52411
1568764800,74.04,76.03,73.98,75.16,59903.21772
1568779200,75.16,76.73,75.07,76.38,63963.29972
1568793600,76.38,76.48,75.04,75.27,53852.46351
1568808000,75.27,78.06,74.46,77.48,103237.85164
1568822400,77.48,80.3,76.42,78.71,142270.93662
1568836800,78.71,79.11,77.48,77.81,40272.95791
1568851200,77.81,80.9,72.82,73.4,171572.0736
1568865600,73.4,74.22,72.62,73.94,64616.70234
1568880000,73.94,75.04,73.59,73.97,61531.41846
1568894400,73.97,74.76,73.72,74.49,35518.36368
1568908800,74.49,77.33,74.18,76.9,110617.88561
1568923200,76.9,77.99,74.78,76.56,72370.6812
1568937600,76.56,77.08,75.05,75.19,54177.07025
1568952000,75.19,75.68,74.38,75.43,35727.86509
1568966400,75.43,75.87,74.8,75.64,30361.09203
1568980800,75.64,76.42,74.65,75.29,53892.24778
1568995200,75.29,75.44,72.78,74.39,85954.78783
1569009600,74.39,75.43,73.82,75.05,26038.41427
1569024000,75.05,75.58,74.48,74.6,30860.5485
1569038400,74.6,74.85,74.13,74.56,25614.9466
1569052800,74.56,74.56,72.98,73.58,54626.96487
1569067200,73.58,74.31,72.78,73.93,29905.33917
1569081600,73.93,74.2,72.06,73.04,55194.53231
1569096000,73.04,73.4,72.48,73.22,15439.46052
1569110400,73.22,73.22,71.26,71.31,40910.08449
1569124800,71.31,72.73,71.03,72.39,40641.96511
1569139200,72.39,72.98,71.78,72.09,35560.7779
1569153600,72.09,72.78,71.44,72.21,46398.40886
1569168000,72.21,72.63,71.33,71.72,33289.93381
1569182400,71.72,72.75,71.69,72.23,22590.9884
1569196800,72.23,72.54,71.58,72.02,17005.29467
1569211200,72.02,73.95,71.92,73.27,62329.41728
1569225600,73.27,74.24,72.93,73.17,47188.07482
1569240000,73.17,73.21,70.08,72.8,79763.6838
1569254400,72.8,72.96,71.7,71.89,23785.96131
1569268800,71.89,72.0,61.88,66.54,297429.35933
1569283200,66.54,67.42,65.93,66.62,79075.84845
1569297600,66.62,67.35,66.52,66.9,38333.14287
1569312000,66.9,67.2,66.03,66.78,50240.02179
1569326400,66.78,66.84,63.83,65.52,158963.01357
1569340800,65.52,65.93,54.07,57.71,372338.45443
1569355200,57.71,58.55,54.39,54.57,289044.75269
1569369600,54.57,57.65,54.47,56.85,126282.28907
1569384000,56.85,56.99,54.53,55.07,89084.4598
1569398400,55.07,55.65,52.84,54.33,207749.82129
1569412800,54.33,55.96,53.91,54.93,116010.42517
1569427200,54.93,58.34,54.44,56.8,164067.18861
1569441600,56.8,58.26,56.37,57.43,78124.08113
1569456000,57.43,57.56,55.92,56.12,67085.12385
1569470400,56.12,57.19,55.96,56.59,32659.88745
1569484800,56.59,57.45,56.49,56.56,42495.59412
1569499200,56.56,57.04,52.5,53.39,205589.95843
1569513600,53.39,54.14,50.3,54.14,211986.72839
1569528000,54.14,55.89,53.35,55.19,70244.61522
1569542400,55.19,55.4,54.11,54.69,64675.63315
1569556800,54.69,55.85,54.03,55.5,62109.11422
1569571200,55.5,55.83,54.33,54.71,48065.28324
1569585600,54.71,55.2,52.61,53.85,92951.31355
1569600000,53.85,55.07,53.59,54.7,61443.92063
1569614400,54.7,56.61,54.63,55.86,61134.60895
1569628800,55.86,56.16,55.17,55.48,30118.13626
1569643200,55.48,55.7,55.07,55.62,24692.25314
1569657600,55.62,55.98,54.81,54.97,32375.77638
1569672000,54.97,55.17,53.67,54.42,49284.93713
1569686400,54.42,55.66,53.87,55.34,63228.74774
1569700800,55.34,56.0,54.66,55.37,59083.54453
1569715200,55.37,55.58,54.49,54.62,17603.593
1569729600,54.62,54.82,54.09,54.45,19950.53081
1569744000,54.45,54.91,53.95,54.27,18926.78509
1569758400,54.27,54.31,52.13,53.01,83135.50291
1569772800,53.01,53.7,52.62,53.09,45849.63676
1569787200,53.09,55.0,52.89,53.82,42080.35249
1569801600,53.82,54.15,53.09,53.46,27726.95816
1569816000,53.46,53.57,52.46,53.16,76007.78825
1569830400,53.16,56.0,53.09,55.2,104868.16641
1569844800,55.2,56.07,54.5,55.73,84308.31951
1569859200,55.73,56.25,55.31,55.7,38623.32631
1569873600,55.7,56.11,54.99,55.99,37995.12923
1569888000,55.99,57.6,55.27,56.57,83601.24134
1569902400,56.57,57.17,56.11,56.71,39337.06572
1569916800,56.71,56.78,55.53,56.01,52410.23586
1569931200,56.01,56.62,54.91,55.63,68615.31482
1569945600,55.63,56.72,54.82,55.36,64792.2642
1569960000,55.36,56.19,55.04,55.63,24849.9064
1569974400,55.63,56.5,55.58,55.9,28950.55805
1569988800,55.9,56.35,55.17,56.16,42232.2321
1570003200,56.16,56.66,55.73,56.26,32707.82128
1570017600,56.26,56.51,55.13,55.57,43107.46643
1570032000,55.57,56.14,55.19,55.66,41654.60471
1570046400,55.66,56.46,55.44,56.23,26771.702
1570060800,56.23,56.44,55.92,55.97,17918.93899
1570075200,55.97,56.31,55.34,55.72,19451.32677
1570089600,55.72,55.85,55.28,55.53,13054.49785
1570104000,55.53,55.74,53.62,54.56,83538.11836
1570118400,54.56,56.58,54.39,55.86,75544.75213
1570132800,55.86,57.07,55.75,56.44,43802.97313
1570147200,56.44,56.62,55.37,55.78,30712.87757
1570161600,55.78,57.0,55.22,56.73,42326.00627
1570176000,56.73,57.23,56.05,57.05,48226.63961
1570190400,57.05,57.43,56.5,56.94,48712.99041
1570204800,56.94,57.5,56.57,57.1,53924.57969
1570219200,57.1,57.34,56.05,56.3,23372.35963
1570233600,56.3,56.61,55.89,56.53,23501.17173
1570248000,56.53,56.58,56.06,56.3,18583.38968
1570262400,56.3,56.3,55.81,56.05,24836.59869
1570276800,56.05,57.02,55.57,56.94,39423.88173
1570291200,56.94,57.4,55.77,56.43,45048.049
1570305600,56.43,56.97,56.06,56.69,26209.00975
1570320000,56.69,56.8,55.89,55.93,28444.36632
1570334400,55.93,56.28,55.31,55.52,30813.74529
1570348800,55.52,56.11,54.62,55.98,44873.73457
1570363200,55.98,56.34,54.94,55.78,33270.60422
1570377600,55.78,55.9,52.73,54.27,95194.91989
1570392000,54.27,54.89,53.93,54.41,27232.0053
1570406400,54.41,55.39,53.25,54.78,56716.11092
1570420800,54.78,54.95,54.38,54.82,17321.61835
1570435200,54.82,56.16,54.82,55.81,46749.89969
1570449600,55.81,57.08,55.81,56.88,75815.21508
1570464000,56.88,58.65,56.56,57.77,85031.40036
1570478400,57.77,58.11,57.12,57.46,33055.16057
1570492800,57.46,58.45,57.2,57.82,42975.05012
1570507200,57.82,57.95,57.31,57.37,24726.22392
1570521600,57.37,57.54,56.97,57.24,28023.98443
1570536000,57.24,57.65,56.67,56.89,45432.74843
1570550400,56.89,57.18,56.63,56.92,23925.42796
1570564800,56.92,57.08,56.47,56.94,19118.36151
1570579200,56.94,57.24,56.7,56.73,19075.94688
1570593600,56.73,57.45,56.6,57.33,38946.76057
1570608000,57.33,58.1,57.13,57.85,52319.96214
1570622400,57.85,59.59,57.43,58.81,121689.71591
1570636800,58.81,60.06,58.68,59.15,82727.65859
1570651200,59.15,59.5,58.88,59.12,29338.86261
1570665600,59.12,59.33,58.57,58.95,27648.3754
1570680000,58.95,59.24,58.57,58.97,24789.45186
1570694400,58.97,58.97,57.29,57.87,75833.54454
1570708800,57.87,58.04,57.24,57.82,39872.04271
1570723200,57.82,58.07,57.26,57.82,23244.66586
1570737600,57.82,57.85,57.0,57.47,23643.21355
1570752000,57.47,57.66,56.65,57.59,30501.95706
1570766400,57.59,58.42,55.44,56.18,124424.19218
1570780800,56.18,56.4,55.75,56.0,37352.73901
1570795200,56.0,56.43,55.83,56.14,24351.12004
1570809600,56.14,56.48,55.76,55.91,26248.72884
1570824000,55.91,55.94,55.33,55.85,23939.33027
1570838400,55.85,56.36,55.77,56.06,23097.60371
1570852800,56.06,56.5,55.93,56.23,17287.50801
1570867200,56.23,56.3,55.73,55.94,16704.16848
1570881600,55.94,56.4,55.75,56.1,14169.95634
1570896000,56.1,56.21,55.41,55.78,23638.24577
1570910400,55.78,55.95,55.62,55.7,6788.36234
1570924800,55.7,56.49,55.47,56.26,17032.85656
1570939200,56.26,56.41,55.87,56.13,13314.71076
1570953600,56.13,56.6,55.94,56.4,17108.25669
1570968000,56.4,57.69,56.4,57.3,44487.32691
1570982400,57.3,57.62,57.06,57.21,22760.13284
1570996800,57.21,57.21,55.8,56.46,43069.10409
1571011200,56.46,56.99,56.15,56.58,19486.10098
1571025600,56.58,56.94,56.42,56.78,21590.55758
1571040000,56.78,57.1,56.63,56.72,18454.86887
1571054400,56.72,56.86,56.13,56.29,24758.36019
1571068800,56.29,57.0,55.94,56.79,34592.03993
1571083200,56.79,56.86,56.4,56.83,14552.21283
1571097600,56.83,57.39,56.56,56.62,45223.42288
1571112000,56.62,56.62,55.71,55.83,33888.164
1571126400,55.83,55.84,53.4,55.52,135114.46072
1571140800,55.52,55.77,54.92,55.43,47013.90512
1571155200,55.43,55.5,53.68,54.44,58432.397
1571169600,54.44,54.63,54.3,54.58,12778.86418
1571184000,54.58,55.21,54.53,54.88,19641.60597
1571198400,54.88,55.39,54.58,54.79,24224.77638
1571212800,54.79,55.0,53.49,53.84,48787.91485
1571227200,53.84,53.86,51.0,52.16,157604.14209
1571241600,52.16,52.5,51.78,52.26,31071.23187
1571256000,52.26,52.76,52.26,52.45,18226.72991
1571270400,52.45,52.51,52.02,52.1,18797.8365
1571284800,52.1,52.28,51.57,52.19,45211.71641
1571299200,52.19,53.84,52.17,53.58,67059.29066
1571313600,53.58,54.39,53.38,54.23,35978.90116
1571328000,54.23,55.22,54.16,54.49,47398.99925
1571342400,54.49,54.97,54.32,54.94,24329.65962
1571356800,54.94,55.01,54.44,54.49,20327.72282
1571371200,54.49,54.5,52.86,53.25,81813.09807
1571385600,53.25,53.68,52.19,53.46,45070.49739
1571400000,53.46,53.73,52.88,53.19,23692.09262
1571414400,53.19,53.68,52.58,53.31,27338.8445
1571428800,53.31,53.41,52.82,53.21,15275.13471
1571443200,53.21,53.66,52.71,53.39,22426.26591
1571457600,53.39,53.42,52.9,53.09,17043.16224
1571472000,53.09,53.53,52.98,53.17,22120.8853
1571486400,53.17,53.95,52.54,53.63,51091.92096
1571500800,53.63,54.16,53.47,53.74,23295.92847
1571515200,53.74,54.0,53.44,53.72,16631.84549
1571529600,53.72,53.82,52.92,53.25,35741.20929
1571544000,53.25,53.4,52.96,53.03,21955.96013
1571558400,53.03,53.36,52.58,53.2,27553.46873
1571572800,53.2,54.38,53.06,54.07,47804.05112
1571587200,54.07,55.28,53.92,55.15,56368.25661
1571601600,55.15,55.46,54.58,54.85,18749.75603
1571616000,54.85,54.9,54.12,54.25,26167.20174
1571630400,54.25,54.42,53.86,53.97,22985.45426
1571644800,53.97,55.74,53.67,54.96,67034.01954
1571659200,54.96,55.41,53.88,54.36,51077.50177
1571673600,54.36,54.45,54.03,54.42,24800.16079
1571688000,54.42,55.1,54.38,54.57,16399.85515
1571702400,54.57,54.99,54.36,54.93,20195.57541
1571716800,54.93,55.09,54.5,54.65,18022.02292
1571731200,54.65,55.02,54.06,54.59,33239.93435
1571745600,54.59,54.71,54.01,54.54,22712.66451
1571760000,54.54,54.87,54.08,54.21,21135.62858
1571774400,54.21,54.21,52.97,53.39,44650.67258
1571788800,53.39,53.44,52.1,52.36,43368.37822
1571803200,52.36,52.7,51.9,52.3,54625.25628
1571817600,52.3,52.68,52.21,52.21,24550.85229
1571832000,52.21,52.49,47.77,48.49,249668.94083
1571846400,48.49,49.64,47.1,49.35,104398.05605
1571860800,49.35,49.55,48.79,49.5,32981.78107
1571875200,49.5,49.79,48.52,48.82,55937.62644
1571889600,48.82,49.22,48.3,49.07,53978.78549
1571904000,49.07,49.74,48.86,49.18,51113.83476
1571918400,49.18,50.32,49.11,49.58,80731.34693
1571932800,49.58,50.15,49.53,50.11,33736.90598
1571947200,50.11,50.16,49.39,49.54,32832.02236
1571961600,49.54,49.67,49.32,49.5,20370.03797
1571976000,49.5,49.81,49.01,49.76,34205.37886
1571990400,49.76,50.95,49.51,50.58,72856.96386
1572004800,50.58,55.8,50.54,54.75,229848.25902
1572019200,54.75,58.7,54.71,56.83,345985.29413
1572033600,56.83,57.17,56.35,56.93,58207.68093
1572048000,56.93,63.37,56.91,58.49,426668.9147
1572062400,58.49,59.41,57.64,58.37,124355.49572
1572076800,58.37,58.4,55.0,56.43,189026.98122
1572091200,56.43,57.28,55.13,55.85,133344.78041
1572105600,55.85,56.29,54.14,55.24,123165.68192
1572120000,55.24,57.3,55.24,56.71,44854.19504
1572134400,56.71,57.2,55.59,56.09,36415.32297
1572148800,56.09,57.06,55.8,56.47,45148.29232
1572163200,56.47,57.98,56.39,56.71,97217.37859
1572177600,56.71,60.38,56.47,60.02,165331.56694
1572192000,60.02,62.85,59.11,60.86,219276.69765
1572206400,60.86,61.09,59.14,59.78,97690.49421
1572220800,59.78,62.47,59.42,59.81,111875.56318
1572235200,59.81,59.86,57.92,58.46,126453.16563
1572249600,58.46,59.98,57.85,59.52,77456.99295
1572264000,59.52,59.53,57.52,58.64,109773.21734
1572278400,58.64,58.82,57.4,58.39,65806.59634
1572292800,58.39,59.4,57.55,57.7,48639.16179
1572307200,57.7,59.25,57.65,58.96,47484.22942
1572321600,58.96,60.75,58.96,60.03,104439.18818
1572336000,60.03,60.72,59.4,60.12,56702.78508
1572350400,60.12,60.35,58.77,59.2,63189.03363
1572364800,59.2,59.67,57.7,58.53,65880.54823
1572379200,58.53,60.38,58.42,59.75,63728.45453
1572393600,59.75,61.05,59.13,59.66,98384.88644
1572408000,59.66,59.8,58.58,58.75,62382.04311
1572422400,58.75,59.58,57.19,58.18,76288.64995
1572436800,58.18,58.5,56.88,57.9,58782.17019
1572451200,57.9,58.29,57.12,58.11,31874.62392
1572465600,58.11,58.23,57.64,57.89,13818.91158
1572480000,57.89,59.07,57.37,58.13,45951.64904
1572494400,58.13,58.77,57.95,58.09,29047.4642
1572508800,58.09,58.48,57.01,58.07,50348.26787
1572523200,58.07,59.56,58.03,58.6,75529.9624
1572537600,58.6,58.89,58.14,58.57,26215.03369
1572552000,58.57,58.68,57.73,58.29,42010.95903
1572566400,58.29,58.3,57.48,57.63,23034.02115
1572580800,57.63,58.52,57.38,57.77,29259.00993
1572595200,57.77,58.8,57.68,58.22,47002.66331
1572609600,58.22,58.37,57.18,57.18,50298.83012
1572624000,57.18,57.91,56.68,57.65,43627.01663
1572638400,57.65,58.55,57.65,58.23,28000.78826
1572652800,58.23,58.44,57.92,58.12,23898.3223
1572667200,58.12,58.18,57.88,58.17,14589.97798
1572681600,58.17,58.41,57.73,58.25,16926.02398
1572696000,58.25,58.67,57.83,58.47,34824.25304
1572710400,58.47,59.19,58.26,58.61,39989.4023
1572724800,58.61,58.68,57.8,58.25,20419.4597
1572739200,58.25,58.65,57.97,58.32,24149.49043
1572753600,58.32,58.44,57.73,57.88,20659.97274
1572768000,57.88,57.88,57.18,57.58,33406.65846
1572782400,57.58,57.9,57.27,57.87,17796.97445
1572796800,57.87,57.96,57.5,57.63,13825.41082
1572811200,57.63,58.75,57.59,58.29,31464.15618
1572825600,58.29,58.54,57.96,58.16,16629.08564
1572840000,58.16,59.0,57.87,58.81,29914.13807
1572854400,58.81,60.92,58.57,60.66,107887.52005
1572868800,60.66,61.8,60.05,61.63,123937.59853
1572883200,61.63,62.14,61.11,61.47,73453.27091
1572897600,61.47,62.4,61.16,61.29,58559.15231
1572912000,61.29,62.89,61.14,61.99,82490.16068
1572926400,61.99,62.34,60.89,61.51,87576.22286
1572940800,61.51,63.82,61.34,62.62,132278.56954
1572955200,62.62,63.6,62.0,63.31,115127.12581
1572969600,63.31,64.15,62.81,63.24,81558.85587
1572984000,63.24,63.52,62.95,63.12,28564.84357
1572998400,63.12,63.19,62.56,62.73,56789.39924
1573012800,62.73,63.95,62.73,63.43,60148.79868
1573027200,63.43,63.68,62.9,63.32,79072.6546
1573041600,63.32,63.5,62.67,63.33,44271.2748
1573056000,63.33,63.43,62.76,63.01,30084.93479
1573070400,63.01,64.33,62.97,64.11,64375.08117
1573084800,64.11,64.33,62.5,62.98,82163.26684
1573099200,62.98,63.1,62.61,62.75,30481.68558
1573113600,62.75,62.81,60.96,61.47,93856.46754
1573128000,61.47,62.03,60.78,60.89,58510.43561
1573142400,60.89,61.66,60.27,61.29,35546.50669
1573156800,61.29,61.98,60.87,61.39,26945.80847
1573171200,61.39,62.49,60.99,62.3,42122.19469
1573185600,62.3,62.47,60.54,60.98,59412.37603
1573200000,60.98,61.1,59.83,60.71,72534.93016
1573214400,60.71,60.94,58.93,60.23,109463.63006
1573228800,60.23,60.49,59.39,60.33,35710.63014
1573243200,60.33,60.99,60.17,60.38,28108.17631
1573257600,60.38,61.59,60.17,61.23,45550.93901
1573272000,61.23,61.98,61.02,61.31,34728.50954
1573286400,61.31,61.68,60.7,60.92,27491.75361
1573300800,60.92,61.24,60.3,60.66,32434.44407
1573315200,60.66,61.22,60.42,61.04,23319.28825
1573329600,61.04,62.37,61.03,62.04,32906.03187
1573344000,62.04,62.1,61.43,61.82,23750.52731
1573358400,61.82,64.15,61.69,63.35,74023.61363
1573372800,63.35,63.48,62.65,62.71,46930.64909
1573387200,62.71,63.18,62.23,62.91,51209.65021
1573401600,62.91,66.19,60.8,64.12,216668.98529
1573416000,64.12,64.32,63.5,63.65,25309.57116
1573430400,63.65,64.33,62.83,63.08,79554.30079
1573444800,63.08,63.32,61.3,61.89,124549.23348
1573459200,61.89,61.92,60.47,61.73,84672.34831
1573473600,61.73,62.28,61.2,62.13,55859.79527
1573488000,62.13,62.44,61.82,62.39,34216.6307
1573502400,62.39,62.66,61.56,61.84,30327.2834
1573516800,61.84,62.25,61.5,61.83,34768.98237
1573531200,61.83,62.12,61.55,61.74,37442.16331
1573545600,61.74,61.76,61.02,61.33,45971.75562
1573560000,61.33,62.02,59.75,60.97,116999.46296
1573574400,60.97,61.59,60.86,61.42,32919.63446
1573588800,61.42,61.85,61.0,61.42,31668.77288
1573603200,61.42,61.58,60.69,60.88,18274.44534
1573617600,60.88,61.25,60.82,60.91,14034.04479
1573632000,60.91,62.05,60.82,61.41,39836.63167
1573646400,61.41,61.53,60.27,60.63,55451.85443
1573660800,60.63,61.21,60.46,60.98,28189.9222
1573675200,60.98,61.12,60.6,60.96,19795.05703
1573689600,60.96,61.1,60.6,60.83,19525.72691
1573704000,60.83,60.92,58.89,59.5,107022.66645
1573718400,59.5,59.6,58.25,59.15,81981.07511
1573732800,59.15,59.59,58.81,59.27,37270.62321
1573747200,59.27,59.44,58.88,59.03,26094.21848
1573761600,59.03,59.28,58.91,59.0,17567.93032
1573776000,59.0,59.12,58.54,58.64,32523.7056
1573790400,58.64,59.2,58.46,59.01,27025.58289
1573804800,59.01,60.75,58.99,59.39,70659.7173
1573819200,59.39,59.94,56.2,57.33,144402.29644
1573833600,57.33,57.65,56.85,57.52,39286.18593
1573848000,57.52,57.84,57.29,57.6,19723.85676
1573862400,57.6,57.9,57.14,57.39,25501.52801
1573876800,57.39,57.78,57.28,57.66,17937.52124
1573891200,57.66,58.98,57.6,58.08,45607.72546
1573905600,58.08,58.58,57.85,58.34,19609.22178
1573920000,58.34,58.62,58.01,58.1,12619.71817
1573934400,58.1,58.43,57.96,58.3,14373.35994
1573948800,58.3,58.72,58.21,58.32,21015.58871
1573963200,58.32,58.33,57.87,57.94,18421.94466
1573977600,57.94,59.95,57.55,59.28,64473.45516
1573992000,59.28,59.83,59.06,59.27,30951.97703
1574006400,59.27,59.82,59.21,59.75,28608.62852
1574020800,59.75,59.97,59.08,59.22,26555.37713
1574035200,59.22,59.3,58.5,58.9,28430.02641
1574049600,58.9,58.99,58.6,58.86,14112.26773
1574064000,58.86,59.15,58.13,58.38,23833.44528
1574078400,58.38,58.43,57.23,57.46,40886.85026
1574092800,57.46,57.68,54.0,55.99,158950.03491
1574107200,55.99,56.43,55.6,55.81,31229.15477
1574121600,55.81,56.17,55.64,55.78,24466.04473
1574136000,55.78,56.23,55.5,55.78,31378.58941
1574150400,55.78,56.19,54.2,55.21,56788.065
1574164800,55.21,55.58,54.3,55.12,65190.11182
1574179200,55.12,55.66,54.26,54.8,51939.87338
1574193600,54.8,55.25,54.39,55.13,15277.70682
1574208000,55.13,56.16,54.89,55.64,43332.1666
1574222400,55.64,56.14,54.89,55.55,34640.7953
1574236800,55.55,55.81,54.62,55.07,35774.42769
1574251200,55.07,55.59,54.61,55.19,45151.58477
1574265600,55.19,55.65,54.75,54.84,48435.2706
1574280000,54.84,55.2,54.7,54.98,17209.12714
1574294400,54.98,55.29,54.76,55.04,16774.51848
1574308800,55.04,55.06,53.58,54.05,65009.09371
1574323200,54.05,54.08,51.6,52.11,127938.25646
1574337600,52.11,52.55,48.51,50.4,154140.04143
1574352000,50.4,50.75,49.61,50.72,58671.14607
1574366400,50.72,51.0,50.35,50.61,20210.20761
1574380800,50.61,51.28,50.31,50.36,32879.232
1574395200,50.36,50.92,48.84,50.19,93790.34616
1574409600,50.19,51.55,45.5,47.22,299142.32735
1574424000,47.22,47.41,43.58,46.84,265409.26711
1574438400,46.84,48.45,46.42,48.28,166022.93817
1574452800,48.28,48.62,46.85,47.32,67335.21545
1574467200,47.32,47.48,46.52,47.4,47173.52693
1574481600,47.4,47.62,46.77,47.09,30925.1442
1574496000,47.09,47.97,46.13,47.38,68234.77123
1574510400,47.38,48.17,46.55,47.91,75976.06694
1574524800,47.91,48.53,47.68,47.79,50690.46092
1574539200,47.79,48.24,47.36,48.1,28729.23863
1574553600,48.1,48.24,46.96,47.02,43315.02135
1574568000,47.02,47.46,46.73,47.01,26571.66499
1574582400,47.01,47.79,46.5,47.4,56915.99758
1574596800,47.4,47.4,44.31,44.4,102086.0322
1574611200,44.4,45.59,43.45,44.96,129687.49008
1574625600,44.96,45.27,43.5,43.86,60941.32234
1574640000,43.86,45.24,42.59,43.48,108736.07237
1574654400,43.48,43.77,42.04,43.34,98933.87329
1574668800,43.34,46.95,42.93,45.22,132979.55888
1574683200,45.22,47.42,45.07,46.98,159299.58538
1574697600,46.98,47.4,45.8,46.34,48097.72812
1574712000,46.34,46.55,45.42,45.47,23277.39953
1574726400,45.47,46.91,45.22,46.9,55589.87498
1574740800,46.9,47.57,46.06,46.43,64747.62503
1574755200,46.43,46.84,45.79,46.43,66115.46314
1574769600,46.43,46.88,45.84,46.64,50502.37286
1574784000,46.64,46.82,45.92,46.55,36276.08988
1574798400,46.55,47.28,46.55,46.91,37460.85652
1574812800,46.91,46.99,45.6,45.98,39647.18415
1574827200,45.98,46.32,45.64,45.87,40879.36336
1574841600,45.87,46.5,44.51,46.31,122056.53864
1574856000,46.31,47.75,46.16,47.44,106211.06812
1574870400,47.44,48.45,46.97,48.1,110958.76373
1574884800,48.1,48.69,47.46,47.7,36127.95724
1574899200,47.7,47.99,47.46,47.65,28165.61973
1574913600,47.65,48.0,47.12,47.79,41535.89216
1574928000,47.79,47.83,46.77,47.36,47162.8895
1574942400,47.36,47.73,46.64,47.55,73777.91699
1574956800,47.55,47.85,47.22,47.58,30845.15459
1574971200,47.58,47.67,46.01,46.79,46365.7681
1574985600,46.79,47.68,46.73,47.51,27460.96847
1575000000,47.51,47.62,46.88,47.42,43156.90187
1575014400,47.42,48.81,47.22,48.17,86416.88163
1575028800,48.17,49.33,47.66,49.0,79845.53608
1575043200,49.0,49.2,48.34,48.79,36790.91601
1575057600,48.79,49.27,48.32,48.54,27997.36237
1575072000,48.54,48.76,48.04,48.33,26982.55174
1575086400,48.33,48.6,47.89,48.59,40090.37184
1575100800,48.59,48.68,47.78,47.89,47471.93283
1575115200,47.89,48.25,47.3,47.61,50992.26725
1575129600,47.61,48.04,46.53,46.76,72616.78275
1575144000,46.76,47.47,46.71,47.21,32720.66167
1575158400,47.21,47.21,45.5,45.96,92750.82418
1575172800,45.96,46.59,45.84,46.07,36212.72892
1575187200,46.07,46.75,45.9,46.48,32235.78609
1575201600,46.48,48.45,46.44,47.19,80357.66492
1575216000,47.19,47.55,47.03,47.33,44883.35532
1575230400,47.33,47.97,47.31,47.45,27045.9624
1575244800,47.45,47.57,47.04,47.15,21612.95102
1575259200,47.15,47.25,45.07,45.93,88631.49019
1575273600,45.93,46.53,45.42,45.96,67351.55175
1575288000,45.96,46.22,45.45,45.74,54914.7022
1575302400,45.74,45.91,44.71,45.14,43151.81408
1575316800,45.14,45.82,45.08,45.45,26839.54274
1575331200,45.45,46.12,45.44,45.79,38651.11964
1575345600,45.79,45.89,45.2,45.39,28505.3554
1575360000,45.39,45.77,44.26,44.59,82679.25145
1575374400,44.59,46.22,44.58,45.77,78040.55491
1575388800,45.77,45.95,45.49,45.57,46108.11465
1575403200,45.57,45.66,44.61,44.75,49959.06515
1575417600,44.75,44.76,43.69,44.01,101604.70621
1575432000,44.01,44.42,43.85,44.03,45327.006
1575446400,44.03,45.23,43.7,44.78,56596.16913
1575460800,44.78,46.98,44.68,46.03,187968.00858
1575475200,46.03,46.27,45.7,45.83,34157.75452
1575489600,45.83,45.93,44.19,44.67,129669.29309
1575504000,44.67,44.75,43.7,44.09,65000.5933
1575518400,44.09,44.97,43.89,44.33,146712.41768
1575532800,44.33,45.16,44.2,44.69,77240.70865
1575547200,44.69,45.21,44.0,44.27,69748.78222
1575561600,44.27,44.87,44.04,44.64,43642.71773
1575576000,44.64,44.97,44.42,44.81,42495.6787
1575590400,44.81,45.04,44.51,44.68,30303.30954
1575604800,44.68,44.69,44.05,44.23,49838.92915
1575619200,44.23,44.67,44.1,44.32,40686.32247
1575633600,44.32,45.5,44.32,45.07,56092.94147
1575648000,45.07,45.5,44.83,44.91,59782.49922
1575662400,44.91,45.4,44.84,45.28,36803.67378
1575676800,45.28,45.66,44.99,45.39,43958.1319
1575691200,45.39,46.5,45.36,45.78,56722.35263
1575705600,45.78,45.97,45.55,45.68,29248.30202
1575720000,45.68,45.82,45.37,45.59,27128.4843
1575734400,45.59,45.63,45.06,45.28,21270.22924
1575748800,45.28,45.3,44.94,45.15,16802.70287
1575763200,45.15,45.2,44.81,44.9,28460.91072
1575777600,44.9,45.37,44.81,45.2,16535.11244
1575792000,45.2,45.87,45.15,45.7,32115.98727
1575806400,45.7,46.2,45.52,45.94,24298.53258
1575820800,45.94,46.03,45.51,45.62,18114.87523
1575835200,45.62,45.66,45.39,45.56,12150.16849
1575849600,45.56,45.72,45.16,45.39,23773.64379
1575864000,45.39,45.8,45.32,45.49,26824.14912
1575878400,45.49,45.68,45.01,45.3,37382.08193
1575892800,45.3,45.87,44.35,44.57,62114.82311
1575907200,44.57,44.84,44.25,44.34,39066.88637
1575921600,44.34,44.51,44.04,44.45,30632.66319
1575936000,44.45,44.67,44.19,44.48,33254.32893
1575950400,44.48,44.58,44.35,44.42,17266.61545
1575964800,44.42,44.6,44.11,44.39,21867.49124
1575979200,44.39,44.5,43.78,43.86,32502.25895
1575993600,43.86,44.01,43.61,43.87,30894.85333
1576008000,43.87,44.28,43.6,44.09,15547.43692
1576022400,44.09,44.36,43.86,44.02,14104.6517
1576036800,44.02,44.46,43.86,44.2,18060.78577
1576051200,44.2,44.38,44.05,44.22,22601.71988
1576065600,44.22,44.36,43.27,43.5,53844.48242
1576080000,43.5,43.69,43.36,43.53,14904.97281
1576094400,43.53,43.71,43.3,43.7,10763.3944
1576108800,43.7,44.02,43.0,43.33,54703.14388
1576123200,43.33,43.55,43.24,43.39,15805.37201
1576137600,43.39,43.87,43.13,43.79,21670.66739
1576152000,43.79,43.94,42.84,43.37,35050.5401
1576166400,43.37,44.07,43.26,43.84,27276.5288
1576180800,43.84,44.11,43.58,43.65,15145.908
1576195200,43.65,43.84,43.65,43.79,17018.64859
1576209600,43.79,43.94,43.66,43.82,14611.51512
1576224000,43.82,43.93,43.43,43.79,33182.72832
1576238400,43.79,44.28,43.61,44.21,18905.38316
1576252800,44.21,44.55,44.06,44.27,35055.43079
1576267200,44.27,44.45,44.17,44.44,9162.08969
1576281600,44.44,44.67,44.25,44.4,14539.88779
1576296000,44.4,44.43,44.19,44.22,7850.49638
1576310400,44.22,44.26,43.58,43.78,27780.8202
1576324800,43.78,43.97,43.37,43.51,35795.61298
1576339200,43.51,43.53,43.19,43.28,24122.06465
1576353600,43.28,43.5,43.25,43.25,11500.33591
1576368000,43.25,43.37,42.9,43.31,20660.2611
1576382400,43.31,44.04,43.2,43.69,28956.91202
1576396800,43.69,43.93,43.38,43.51,15956.63529
1576411200,43.51,43.68,43.21,43.52,15804.91089
1576425600,43.52,43.66,43.31,43.57,13053.92447
1576440000,43.57,43.72,43.41,43.44,10577.5149
1576454400,43.44,43.56,43.04,43.12,17921.58772
1576468800,43.12,43.27,42.73,43.06,36702.70923
1576483200,43.06,43.06,42.57,42.93,28867.39302
1576497600,42.93,43.22,42.69,42.9,21558.59429
1576512000,42.9,42.98,39.02,39.77,223086.69819
1576526400,39.77,40.18,39.58,39.99,68710.08914
1576540800,39.99,40.13,39.54,39.76,44514.52837
1576555200,39.76,39.87,39.4,39.63,42370.37887
1576569600,39.63,39.77,39.26,39.71,43116.96786
1576584000,39.71,39.77,37.74,38.44,150177.66161
1576598400,38.44,39.11,36.36,37.06,232229.23076
1576612800,37.06,37.39,36.1,36.92,136509.6211
1576627200,36.92,37.9,36.74,37.58,76966.85779
1576641600,37.58,37.75,36.56,36.92,59584.19903
1576656000,36.92,37.64,36.89,37.07,46880.77144
1576670400,37.07,39.6,35.78,39.42,247894.68136
1576684800,39.42,40.05,38.95,39.92,98151.02894
1576699200,39.92,41.71,39.75,40.79,138708.9672
1576713600,40.79,41.1,39.82,40.38,47264.6411
1576728000,40.38,40.41,39.29,39.34,31855.85723
1576742400,39.34,40.08,39.06,39.82,39590.12773
1576756800,39.82,40.16,39.22,39.77,45709.17624
1576771200,39.77,40.22,39.58,39.93,33720.88075
1576785600,39.93,39.96,39.38,39.65,42245.63174
1576800000,39.65,39.77,39.25,39.65,19753.86847
1576814400,39.65,39.89,39.43,39.72,15561.50781
1576828800,39.72,40.09,39.57,40.08,20958.11696
1576843200,40.08,40.41,39.59,39.82,51599.33385
1576857600,39.82,40.25,39.75,39.93,24078.38786
1576872000,39.93,40.29,39.91,40.17,19557.26153
1576886400,40.17,40.22,39.68,39.93,18216.62074
1576900800,39.93,39.95,39.65,39.79,9740.89959
1576915200,39.79,39.96,39.56,39.89,14064.19323
1576929600,39.89,39.93,39.41,39.8,15681.04274
1576944000,39.8,39.91,39.59,39.84,9693.3687
1576958400,39.84,40.05,39.54,39.67,24380.9714
1576972800,39.67,39.86,39.62,39.74,8029.7333
1576987200,39.74,41.24,39.72,41.09,43728.0
1577001600,41.09,41.4,40.71,40.86,34837.2477
1577016000,40.86,41.07,40.7,41.0,22858.84737
1577030400,41.0,42.16,40.82,41.83,67138.59123
1577044800,41.83,42.15,41.63,41.82,32170.88133
1577059200,41.82,42.58,41.79,42.22,49019.1524
1577073600,42.22,42.23,41.55,41.76,42102.19569
1577088000,41.76,42.2,41.75,42.12,13746.52136
1577102400,42.12,42.4,41.82,42.32,41993.57008
1577116800,42.32,42.67,40.88,41.28,94275.38024
1577131200,41.28,41.4,40.21,40.56,47734.64744
1577145600,40.56,40.71,40.35,40.52,29065.37362
1577160000,40.52,40.94,40.39,40.5,23156.62681
1577174400,40.5,41.08,40.42,40.97,26905.47681
1577188800,40.97,41.13,39.86,40.16,42581.66711
1577203200,40.16,40.58,39.68,40.46,60466.53092
1577217600,40.46,40.81,40.18,40.34,29626.90962
1577232000,40.34,40.38,39.81,40.04,17230.72034
1577246400,40.04,40.39,39.81,40.23,11930.80071
1577260800,40.23,40.36,39.77,39.81,16849.80222
1577275200,39.81,40.45,39.38,39.95,47436.26991
1577289600,39.95,40.16,39.73,40.11,29693.82804
1577304000,40.11,40.48,40.02,40.08,13256.16122
1577318400,40.08,40.16,39.58,39.65,10768.2277
1577332800,39.65,40.06,39.65,40.0,20170.74868
1577347200,40.0,40.17,39.74,39.78,13590.10635
1577361600,39.78,40.05,39.69,39.93,21395.31563
1577376000,39.93,41.73,39.78,41.06,96434.09112
1577390400,41.06,41.19,39.72,40.01,36112.86242
1577404800,40.01,40.5,39.89,40.35,19705.59561
1577419200,40.35,40.84,39.94,40.65,26126.22636
1577433600,40.65,40.65,39.77,40.03,23038.15501
1577448000,40.03,41.17,39.67,40.99,39643.39623
1577462400,40.99,41.5,40.35,41.05,71070.43776
1577476800,41.05,41.22,40.67,40.95,39659.02531
1577491200,40.95,41.87,40.91,41.55,42609.3124
1577505600,41.55,42.54,41.43,42.03,56428.13627
1577520000,42.03,42.38,41.75,42.06,32741.19495
1577534400,42.06,43.02,41.95,42.64,55394.5142
1577548800,42.64,43.76,42.42,43.32,55734.32943
1577563200,43.32,43.43,42.63,42.83,41387.84571
1577577600,42.83,42.85,42.14,42.65,47323.79393
1577592000,42.65,42.84,42.21,42.82,28389.34408
1577606400,42.82,43.09,42.2,42.87,47073.58191
1577620800,42.87,43.41,42.66,43.0,91016.47075
1577635200,43.0,43.6,42.92,43.43,53551.00987
1577649600,43.43,43.76,42.51,43.08,69733.56816
1577664000,43.08,43.08,42.72,42.9,21926.82577
1577678400,42.9,44.18,42.89,43.88,50212.4902
1577692800,43.88,43.91,42.72,43.03,66146.96779
1577707200,43.03,43.32,42.01,42.23,93763.91242
1577721600,42.23,42.42,41.82,42.13,42274.6385
1577736000,42.13,42.62,42.1,42.38,24270.62903
1577750400,42.38,42.7,42.12,42.22,20467.45168
1577764800,42.22,42.74,42.16,42.42,13493.68414
1577779200,42.42,42.46,42.14,42.28,17488.84674
1577793600,42.28,43.05,41.43,41.57,78409.16906
1577808000,41.57,41.83,41.0,41.18,53466.20441
1577822400,41.18,41.5,41.12,41.3,18224.38534
1577836800,41.3,41.88,41.16,41.53,19272.965
1577851200,41.53,41.85,41.45,41.58,17544.56902
1577865600,41.58,42.0,41.4,41.59,17706.79694
1577880000,41.59,42.0,41.59,41.95,14980.41149
1577894400,41.95,42.08,41.57,41.63,20532.69465
1577908800,41.63,41.76,41.32,41.62,20007.43735
1577923200,41.62,41.74,41.16,41.18,15228.72635
1577937600,41.18,41.42,41.13,41.17,14148.26982
1577952000,41.17,41.66,41.14,41.4,16205.05772
1577966400,41.4,41.54,41.0,41.17,18965.76392
1577980800,41.17,41.25,39.17,39.65,101630.48873
1577995200,39.65,39.66,39.3,39.43,28307.90916
1578009600,39.43,39.51,38.77,39.39,38123.20085
1578024000,39.39,40.83,39.36,40.46,108069.71621
1578038400,40.46,42.02,40.42,41.86,111970.7005
1578052800,41.86,42.24,41.38,41.75,75126.22925
1578067200,41.75,42.39,41.42,41.8,64363.05611
1578081600,41.8,42.24,41.43,42.23,29118.10384
1578096000,42.23,42.29,41.77,42.19,30684.05586
1578110400,42.19,42.74,41.94,42.49,51761.45244
1578124800,42.49,42.88,42.36,42.51,40902.4811
1578139200,42.51,42.53,41.87,42.28,42346.45809
1578153600,42.28,42.9,42.04,42.62,60591.76176
1578168000,42.62,42.85,42.38,42.78,22528.41893
1578182400,42.78,43.3,42.61,43.09,54113.49995
1578196800,43.09,43.27,42.75,43.09,24991.75666
1578211200,43.09,43.14,42.6,42.96,30793.16826
1578225600,42.96,44.33,42.91,44.01,69408.90249
1578240000,44.01,44.61,43.76,43.98,65534.36701
1578254400,43.98,44.02,43.03,43.3,47123.15521
1578268800,43.3,44.6,43.16,44.37,91503.44665
1578283200,44.37,44.58,44.16,44.35,30447.78234
1578297600,44.35,45.37,44.33,44.84,60386.87516
1578312000,44.84,45.22,44.0,44.08,79670.31268
1578326400,44.08,45.18,43.95,44.9,48781.65828
1578340800,44.9,46.08,44.87,45.8,74140.91579
1578355200,45.8,46.22,45.17,45.22,80511.22329
1578369600,45.22,45.55,44.69,45.51,51854.21719
1578384000,45.51,45.76,45.08,45.46,38953.53
1578398400,45.46,45.51,44.48,44.94,84609.36998
1578412800,44.94,47.03,44.7,46.33,186309.02601
1578427200,46.33,46.68,45.77,46.3,51609.73885
1578441600,46.3,48.54,46.28,47.66,135084.22255
1578456000,47.66,48.19,47.46,47.58,43184.78974
1578470400,47.58,48.0,47.26,47.68,47255.62762
1578484800,47.68,47.92,46.3,46.77,129755.75867
1578499200,46.77,46.97,44.0,44.58,209302.61822
1578513600,44.58,45.57,44.28,45.35,63467.66758
1578528000,45.35,45.79,44.89,45.23,46648.87247
1578542400,45.23,45.57,45.01,45.33,36020.25588
1578556800,45.33,45.41,44.85,45.01,32861.00915
1578571200,45.01,45.44,44.94,45.18,22436.58133
1578585600,45.18,45.36,43.9,44.65,89818.23494
1578600000,44.65,45.3,44.06,44.74,68436.70315
1578614400,44.74,45.09,44.42,44.69,23727.35437
1578628800,44.69,44.71,44.11,44.44,19625.78929
1578643200,44.44,45.52,43.71,45.31,71153.70622
1578657600,45.31,48.85,45.1,48.72,212949.89915
1578672000,48.72,49.72,47.24,49.0,274738.764
1578686400,49.0,49.46,47.98,49.06,127607.60988
1578700800,49.06,49.9,48.52,48.94,123104.44133
1578715200,48.94,49.75,48.1,48.91,99266.346
1578729600,48.91,49.45,47.77,48.19,72998.07633
1578744000,48.19,50.99,48.07,50.49,103455.31876
1578758400,50.49,51.95,50.01,51.24,168400.82388
1578772800,51.24,51.56,49.15,49.3,114759.46022
1578787200,49.3,51.75,48.78,50.8,148274.40807
1578801600,50.8,51.43,50.38,51.0,91624.81517
1578816000,51.0,51.36,49.84,50.17,78433.16342
1578830400,50.17,51.16,49.92,50.8,78119.69294
1578844800,50.8,51.07,49.97,50.14,78006.84127
1578859200,50.14,51.51,50.11,51.43,59124.53721
1578873600,51.43,51.6,49.65,49.73,94364.50742
1578888000,49.73,50.12,49.5,49.89,43719.04057
1578902400,49.89,50.83,49.66,50.05,80554.29883
1578916800,50.05,50.17,48.91,49.34,72480.59563
1578931200,49.34,49.88,49.1,49.71,58412.97361
1578945600,49.71,50.05,49.47,49.6,32561.53967
1578960000,49.6,54.1,49.58,53.73,183384.96745
1578974400,53.73,54.1,53.07,53.43,88205.96182
1578988800,53.43,54.77,53.23,54.33,89299.34669
1579003200,54.33,57.79,53.6,56.84,288661.53487
1579017600,56.84,60.8,54.21,58.41,435437.00046
1579032000,58.41,59.59,56.75,58.39,147547.54235
1579046400,58.39,60.33,57.34,58.1,207211.55122
1579060800,58.1,58.31,55.28,56.91,117196.75105
1579075200,56.91,59.12,56.72,57.76,96419.21368
1579089600,57.76,59.69,56.73,56.86,143963.90638
1579104000,56.86,58.1,56.35,57.47,84531.99986
1579118400,57.47,59.27,57.3,58.16,71046.2197
1579132800,58.16,58.5,54.5,55.49,124606.83926
1579147200,55.49,56.74,55.28,55.85,52913.37104
1579161600,55.85,56.71,55.43,56.59,63895.17531
1579176000,56.59,57.34,55.85,56.78,77053.71644
1579190400,56.78,58.47,56.09,57.66,101308.45961
1579204800,57.66,58.14,57.24,57.56,58213.63996
1579219200,57.56,59.08,56.72,58.27,81207.41467
1579233600,58.27,60.59,58.01,60.0,157247.16015
1579248000,60.0,60.66,59.41,59.6,106029.03672
1579262400,59.6,59.93,58.07,59.86,84241.11699
1579276800,59.86,63.26,59.59,61.26,250108.22715
1579291200,61.26,62.68,60.53,61.02,88681.54755
1579305600,61.02,62.5,60.77,61.34,72604.2791
1579320000,61.34,61.35,58.04,59.36,99100.10871
1579334400,59.36,60.62,59.02,59.74,53271.90384
1579348800,59.74,61.78,59.0,59.41,118538.68888
1579363200,59.41,60.28,57.9,59.68,104183.54447
1579377600,59.68,60.54,59.18,59.32,50905.32403
1579392000,59.32,62.55,58.86,61.07,150827.57967
1579406400,61.07,61.56,60.6,61.13,40448.84032
1579420800,61.13,61.5,56.68,57.4,125556.73217
1579435200,57.4,57.4,55.34,56.66,106481.50726
1579449600,56.66,57.14,55.67,56.56,47745.70013
1579464000,56.56,57.91,55.99,57.6,59856.04904
1579478400,57.6,57.95,56.62,56.99,38443.08286
1579492800,56.99,57.5,56.68,57.2,32090.46914
1579507200,57.2,57.41,56.36,56.5,28957.85707
1579521600,56.5,58.23,55.84,58.0,83250.56975
1579536000,58.0,58.29,57.11,57.49,42488.4321
1579550400,57.49,57.97,57.02,57.19,37086.26166
1579564800,57.19,57.98,56.95,57.95,29373.3683
1579579200,57.95,58.09,57.32,57.41,19094.53513
1579593600,57.41,57.84,57.14,57.69,32833.86181
1579608000,57.69,57.93,57.11,57.17,30450.08194
1579622400,57.17,57.45,55.91,56.06,53107.27898
1579636800,56.06,58.0,56.0,57.57,51684.5976
1579651200,57.57,57.86,57.18,57.27,19911.01069
1579665600,57.27,59.33,57.23,58.58,57977.9699
1579680000,58.58,58.95,57.23,58.23,75946.48775
1579694400,58.23,58.46,57.63,58.07,26103.63981
1579708800,58.07,58.66,57.82,58.3,25221.1994
1579723200,58.3,58.37,57.84,58.33,13498.64722
1579737600,58.33,58.4,56.53,56.97,50807.04313
1579752000,56.97,57.12,56.05,56.66,48712.35507
1579766400,56.66,56.97,55.94,56.08,51378.69189
1579780800,56.08,56.36,54.78,55.3,93206.7314
1579795200,55.3,55.41,52.42,53.71,163529.21449
1579809600,53.71,54.72,53.45,54.52,57348.39428
1579824000,54.52,54.62,51.25,52.61,132049.91002
1579838400,52.61,52.9,52.11,52.45,51262.71497
1579852800,52.45,54.0,50.64,53.92,142127.31608
1579867200,53.92,55.3,53.56,55.2,116450.79643
1579881600,55.2,55.41,53.84,54.85,71470.8776
1579896000,54.85,55.19,54.23,54.38,37384.59913
1579910400,54.38,54.41,51.9,52.79,78918.47643
1579924800,52.79,53.75,52.69,53.26,31636.02044
1579939200,53.26,54.35,52.74,53.04,69485.93389
1579953600,53.04,53.7,52.72,53.14,36412.4692
1579968000,53.14,54.0,52.93,53.79,27077.2188
1579982400,53.79,54.19,53.18,53.25,38474.808
1579996800,53.25,53.97,52.8,53.78,61561.58974
1580011200,53.78,53.88,53.24,53.72,24642.48865
1580025600,53.72,54.78,53.53,54.78,70031.10536
1580040000,54.78,55.09,54.01,54.31,50949.69044
1580054400,54.31,56.68,54.19,55.88,101149.58348
1580068800,55.88,56.38,55.73,56.24,40020.80727
1580083200,56.24,57.25,56.22,56.43,69772.4126
1580097600,56.43,57.2,55.92,56.65,58600.70048
1580112000,56.65,58.21,55.87,57.97,94777.71072
1580126400,57.97,59.65,57.75,59.09,115112.02474
1580140800,59.09,59.57,58.52,59.06,108144.52835
1580155200,59.06,59.24,58.29,58.55,58318.30018
1580169600,58.55,61.61,58.54,60.79,141217.35384
1580184000,60.79,60.99,59.36,60.05,90893.74759
1580198400,60.05,60.69,59.05,60.08,95374.26225
1580212800,60.08,60.72,58.11,58.88,185893.377
1580227200,58.88,59.33,57.28,58.33,85216.67929
1580241600,58.33,60.91,58.33,60.52,121945.32551
1580256000,60.52,62.56,60.11,61.15,198403.67573
1580270400,61.15,61.89,60.54,61.47,70562.07562
1580284800,61.47,61.72,59.87,60.52,114500.24013
1580299200,60.52,60.95,59.53,59.63,81183.90528
1580313600,59.63,60.95,59.4,60.67,59644.59377
1580328000,60.67,60.9,59.72,59.8,45784.87302
1580342400,59.8,59.88,58.24,59.33,85720.12148
1580356800,59.33,62.18,59.26,61.95,110171.78538
1580371200,61.95,62.78,60.97,61.89,123340.58056
1580385600,61.89,65.98,61.87,65.87,356955.42737
1580400000,65.87,68.89,65.48,68.75,432076.66777
1580414400,68.75,70.22,67.23,67.98,178058.4142
1580428800,67.98,69.07,67.28,68.65,111904.23242
1580443200,68.65,68.65,66.3,67.16,134727.88127
1580457600,67.16,70.1,66.8,68.1,236567.99045
1580472000,68.1,68.18,65.37,68.1,258853.97282
1580486400,68.1,68.8,66.75,66.95,121214.86496
1580500800,66.95,68.8,66.94,68.0,74987.84154
1580515200,68.0,72.8,67.62,72.74,287251.8202
1580529600,72.74,73.0,71.02,72.11,147737.06327
1580544000,72.11,72.25,69.0,69.7,170887.5304
1580558400,69.7,71.09,69.32,69.5,137786.81509
1580572800,69.5,71.97,69.44,71.12,139098.28103
1580587200,71.12,71.48,70.28,70.72,70075.38641
1580601600,70.72,70.74,67.66,68.62,153311.25339
1580616000,68.62,71.4,67.82,70.84,169322.60555
1580630400,70.84,71.77,70.08,71.74,132663.43217
1580644800,71.74,73.5,71.2,71.83,199399.35127
1580659200,71.83,72.17,71.35,71.46,64244.27976
1580673600,71.46,72.03,69.8,69.93,99444.96998
1580688000,69.93,73.0,69.38,71.16,213444.92989
1580702400,71.16,71.53,70.31,70.75,67316.10019
1580716800,70.75,71.17,69.59,70.19,108303.16193
1580731200,70.19,70.31,68.66,68.73,143401.12373
1580745600,68.73,69.9,68.45,69.6,95085.8112
1580760000,69.6,70.1,68.85,69.65,61631.12161
1580774400,69.65,70.5,68.7,68.71,90506.65446
1580788800,68.71,69.14,68.3,68.58,70900.68169
1580803200,68.58,68.76,66.62,67.46,130779.52225
1580817600,67.46,68.49,66.69,68.25,94742.58705
1580832000,68.25,68.55,67.22,67.35,52069.39243
1580846400,67.35,68.26,67.0,68.07,48055.58753
1580860800,68.07,68.6,67.62,68.34,42650.62079
1580875200,68.34,69.81,68.12,69.31,77221.5788
1580889600,69.31,71.95,69.13,71.76,130933.2485
1580904000,71.76,72.13,70.98,71.95,138561.83415
1580918400,71.95,73.47,71.58,71.69,183160.63313
1580932800,71.69,73.39,71.69,72.59,74201.5734
1580947200,72.59,74.28,70.91,74.22,121029.21859
1580961600,74.22,74.28,72.64,73.12,106746.76733
1580976000,73.12,75.05,72.77,74.6,104202.85395
1580990400,74.6,75.08,70.95,73.72,255652.82843
1581004800,73.72,74.08,72.67,73.11,80304.98621
1581019200,73.11,73.62,72.64,73.6,47211.10691
1581033600,73.6,75.48,73.55,73.85,130695.70606
1581048000,73.85,74.14,73.06,74.0,75135.02468
1581062400,74.0,74.98,73.37,73.91,117592.60685
1581076800,73.91,74.3,72.85,73.41,124742.028
1581091200,73.41,74.17,73.01,73.74,62924.51086
1581105600,73.74,74.68,73.2,74.3,31399.78536
1581120000,74.3,74.69,71.53,72.15,101333.00824
1581134400,72.15,74.25,72.01,74.09,77155.64328
1581148800,74.09,76.18,74.07,76.01,177273.6932
1581163200,76.01,76.62,74.56,75.8,125345.75267
1581177600,75.8,77.94,75.61,77.51,104664.4501
1581192000,77.51,77.78,76.41,76.56,62049.05649
1581206400,76.56,77.78,76.53,77.51,62953.03263
1581220800,77.51,78.43,76.89,77.92,92107.4872
1581235200,77.92,78.29,76.7,77.07,81202.24327
1581249600,77.07,77.59,75.0,76.04,127185.0892
1581264000,76.04,77.31,75.99,76.33,63856.90382
1581278400,76.33,77.3,75.61,77.0,48365.8845
1581292800,77.0,77.48,75.28,75.72,88120.93836
1581307200,75.72,75.99,73.25,75.1,175111.51202
1581321600,75.1,75.16,72.21,73.24,204855.70838
1581336000,73.24,75.37,72.84,74.36,122685.92672
1581350400,74.36,74.6,73.36,73.5,78824.65275
1581364800,73.5,74.5,73.41,74.02,40231.89048
1581379200,74.02,74.18,72.64,72.95,72169.64497
1581393600,72.95,73.91,72.67,72.94,50169.09442
1581408000,72.94,74.92,72.68,74.5,98866.47898
1581422400,74.5,76.65,73.92,76.18,149571.13595
1581436800,76.18,77.4,75.39,76.68,146495.08913
1581451200,76.68,76.86,76.21,76.46,39745.82517
1581465600,76.46,78.36,76.44,77.98,111135.63051
1581480000,77.98,79.66,77.97,79.25,117235.22208
1581494400,79.25,79.74,77.72,79.09,119990.91331
1581508800,79.09,79.82,78.26,78.7,115060.0175
1581523200,78.7,82.81,78.41,81.85,180173.30608
1581537600,81.85,82.54,80.63,81.17,127949.79344
1581552000,81.17,84.32,81.09,82.81,162401.55336
1581566400,82.81,83.82,80.51,80.94,173668.94105
1581580800,80.94,81.48,77.15,79.25,300564.25928
1581595200,79.25,83.04,78.82,80.97,280194.39839
1581609600,80.97,81.77,79.84,81.37,81231.62688
1581624000,81.37,81.49,79.75,80.55,52993.96894
1581638400,80.55,81.64,79.59,81.25,79909.73491
1581652800,81.25,81.4,78.61,79.66,73503.8134
1581667200,79.66,82.78,79.66,81.94,121145.80425
1581681600,81.94,82.64,81.0,81.37,80796.78395
1581696000,81.37,82.88,80.97,82.57,86643.84111
1581710400,82.57,83.79,82.14,83.14,81491.71744
1581724800,83.14,83.5,79.95,81.49,119196.30184
1581739200,81.49,81.5,79.42,79.89,91532.44325
1581753600,79.89,82.11,79.8,80.85,83203.27019
1581768000,80.85,81.85,78.0,78.93,100429.42205
1581782400,78.93,79.95,75.04,76.37,265571.84318
1581796800,76.37,77.65,75.76,76.7,44716.83872
1581811200,76.7,80.77,76.41,79.58,114567.43824
1581825600,79.58,80.1,78.16,78.49,82719.871
1581840000,78.49,79.52,77.01,77.35,80711.99152
1581854400,77.35,78.28,73.21,74.2,233706.85072
1581868800,74.2,75.22,67.85,71.08,389843.62236
1581883200,71.08,75.86,70.82,74.67,96623.48274
1581897600,74.67,75.5,70.08,70.85,110967.70337
1581912000,70.85,73.21,69.0,71.25,153413.1517
1581926400,71.25,72.47,68.51,70.49,143950.84077
1581940800,70.49,73.26,68.96,72.64,164420.42244
1581955200,72.64,73.96,71.55,72.44,88133.66039
1581969600,72.44,73.56,71.39,73.41,77168.69108
1581984000,73.41,74.65,72.02,74.32,100671.6355
1581998400,74.32,75.32,73.21,74.01,87649.6565
1582012800,74.01,74.09,71.81,72.82,87949.61483
1582027200,72.82,74.26,70.0,73.92,158494.35791
1582041600,73.92,77.77,73.58,77.59,161257.36189
1582056000,77.59,79.09,76.18,77.25,117657.60499
1582070400,77.25,78.15,75.7,77.65,65987.67413
1582084800,77.65,77.76,75.62,76.58,61214.95222
1582099200,76.58,77.75,75.81,77.28,48766.15014
1582113600,77.28,77.28,77.28,77.28,0.0
1582128000,77.28,79.45,76.4,76.46,72004.98211
1582142400,76.46,76.86,67.0,70.61,296054.07584
1582156800,70.61,72.43,70.1,71.03,117163.38644
1582171200,71.03,71.5,69.51,70.87,86333.84335
1582185600,70.87,70.92,68.57,69.1,98031.69596
1582200000,69.1,70.15,67.74,69.06,122061.32823
1582214400,69.06,70.34,66.1,68.16,225233.45584
1582228800,68.16,70.48,67.9,69.4,82469.53645
1582243200,69.4,72.67,68.56,72.27,131164.15665
1582257600,72.27,72.84,71.17,71.76,79181.84734
1582272000,71.76,72.46,70.78,71.84,77720.43839
1582286400,71.84,74.24,71.8,74.02,151642.89622
1582300800,74.02,75.25,72.4,73.0,112196.08916
1582315200,73.0,73.88,71.69,73.25,75218.41357
1582329600,73.25,75.45,72.32,74.48,103105.4082
1582344000,74.48,75.25,72.85,73.78,123720.9189
1582358400,73.78,75.2,73.64,74.69,87246.80186
1582372800,74.69,76.79,74.53,75.74,165726.30038
1582387200,75.74,76.57,74.51,75.18,115178.22325
1582401600,75.18,76.06,74.37,74.79,56472.13389
1582416000,74.79,76.19,74.66,75.71,74944.79867
1582430400,75.71,79.25,75.71,78.61,197478.1266
1582444800,78.61,80.0,77.91,77.99,122063.46468
1582459200,77.99,80.0,77.96,78.72,128101.6119
1582473600,78.72,79.2,78.12,78.5,70531.83803
1582488000,78.5,79.97,78.14,79.52,73012.85519
1582502400,79.52,79.76,75.1,76.55,229345.27493
1582516800,76.55,76.73,74.6,76.02,113944.26616
1582531200,76.02,77.36,75.18,77.29,105055.76845
1582545600,77.29,77.57,74.07,74.8,187481.3134
1582560000,74.8,75.34,71.71,74.39,216337.6462
1582574400,74.39,76.07,73.7,75.59,83992.99005
1582588800,75.59,76.08,73.79,74.44,83134.28312
1582603200,74.44,74.72,72.8,73.81,95286.19737
1582617600,73.81,75.28,72.7,75.04,109336.78098
1582632000,75.04,75.81,71.25,72.12,204700.4728
1582646400,72.12,72.99,69.7,70.68,186800.19071
1582660800,70.68,72.27,69.54,70.98,98797.0418
1582675200,70.98,72.15,66.9,68.62,217661.63273
1582689600,68.62,69.95,67.4,67.65,122073.5655
1582704000,67.65,68.41,65.38,65.72,211364.90687
1582718400,65.72,67.63,62.53,63.02,404828.8881
1582732800,63.02,63.6,57.41,62.52,454420.76366
1582747200,62.52,62.94,60.03,60.53,113014.93492
1582761600,60.53,60.99,57.15,60.28,286235.72571
1582776000,60.28,61.85,59.72,61.35,155106.21241
1582790400,61.35,62.4,60.44,61.09,135266.00723
1582804800,61.09,63.0,61.06,62.62,183319.17194
1582819200,62.62,65.1,62.6,63.56,187924.9513
1582833600,63.56,63.57,60.49,61.77,162641.86294
1582848000,61.77,63.39,61.4,62.15,144337.1607
1582862400,62.15,62.47,59.52,60.4,188844.50227
1582876800,60.4,61.12,57.25,58.59,247005.1332
1582891200,58.59,60.49,56.56,60.31,238136.39635
1582905600,60.31,60.55,57.88,58.43,152461.96579
1582920000,58.43,61.28,58.31,59.89,99856.11877
1582934400,59.89,61.3,59.43,60.02,82722.32895
1582948800,60.02,61.65,60.02,60.65,102680.39005
1582963200,60.65,60.89,58.47,59.76,106521.26069
1582977600,59.76,59.77,58.11,58.6,87216.04053
1582992000,58.6,59.82,58.07,59.59,72706.12396
1583006400,59.59,59.59,57.84,58.05,55190.71827
1583020800,58.05,60.28,58.01,59.59,113709.3688
1583035200,59.59,59.84,58.41,58.78,81076.58984
1583049600,58.78,59.7,58.39,59.62,74367.68759
1583064000,59.62,60.25,58.5,58.64,98224.95986
1583078400,58.64,59.0,56.21,57.45,179747.14158
1583092800,57.45,58.57,56.24,57.7,86799.16395
1583107200,57.7,58.5,57.25,57.7,91412.78434
1583121600,57.7,58.85,57.66,58.25,81172.73335
1583136000,58.25,60.08,58.12,59.74,143182.7312
1583150400,59.74,60.95,59.23,60.53,140649.39595
1583164800,60.53,62.32,60.41,61.71,140701.08576
1583179200,61.71,62.24,60.73,61.42,63808.53116
1583193600,61.42,61.5,60.04,61.33,92990.85906
1583208000,61.33,61.39,60.11,60.35,60914.03594
1583222400,60.35,62.19,60.16,61.97,98300.82787
1583236800,61.97,62.4,59.67,60.61,205062.6604
1583251200,60.61,61.2,59.4,61.08,119125.5394
1583265600,61.08,61.59,60.15,61.01,64546.8519
1583280000,61.01,61.7,60.56,61.17,79360.98446
1583294400,61.17,61.78,60.43,60.86,80815.29025
1583308800,60.86,61.08,59.76,60.06,32409.90374
1583323200,60.06,60.72,59.07,59.22,97397.77519
1583337600,59.22,59.84,58.71,59.74,77916.68905
1583352000,59.74,60.57,59.36,60.38,56399.21942
1583366400,60.38,61.17,60.33,60.66,81976.6618
1583380800,60.66,61.74,60.56,61.23,79003.49592
1583395200,61.23,63.21,61.1,62.58,142686.43952
1583409600,62.58,63.29,61.75,62.35,100166.74142
1583424000,62.35,63.1,61.95,62.61,83764.29274
1583438400,62.61,62.69,61.34,62.06,69311.44836
1583452800,62.06,62.41,61.18,61.49,50048.87967
1583467200,61.49,62.9,61.26,62.4,101642.33896
1583481600,62.4,63.84,62.14,63.42,102590.88768
1583496000,63.42,63.46,61.74,61.82,131623.18633
1583510400,61.82,62.66,61.81,62.38,44456.31953
1583524800,62.38,63.25,62.35,63.22,39157.68348
1583539200,63.22,63.39,62.48,62.84,42038.77528
1583553600,62.84,63.89,62.79,63.08,78131.08986
1583568000,63.08,63.67,62.86,63.05,55982.334
1583582400,63.05,63.58,62.34,62.93,66771.17298
1583596800,62.93,63.52,59.86,60.6,173309.53561
1583611200,60.6,60.89,60.18,60.46,28037.62735
1583625600,60.46,60.47,58.22,58.78,105160.30931
1583640000,58.78,59.1,58.06,58.73,49118.14368
1583654400,58.73,59.36,58.43,59.14,52531.62618
1583668800,59.14,59.17,52.76,53.79,280888.06202
1583683200,53.79,54.36,51.0,53.55,321804.92212
1583697600,53.55,53.62,50.41,51.0,135523.20797
1583712000,51.0,52.27,49.61,50.89,193189.95114
1583726400,50.89,51.0,47.2,50.18,368024.13458
1583740800,50.18,51.0,48.89,49.23,152976.34329
1583755200,49.23,50.3,46.57,48.64,382944.16224
1583769600,48.64,50.11,47.69,48.84,233751.38234
1583784000,48.84,50.57,48.36,50.39,95259.52805
1583798400,50.39,50.83,49.61,50.28,108355.71603
1583812800,50.28,50.56,49.08,49.35,80188.10794
1583827200,49.35,50.95,49.26,50.56,110640.19763
1583841600,50.56,51.39,49.07,49.21,177190.11298
1583856000,49.21,50.61,48.86,50.54,137973.20803
1583870400,50.54,50.87,49.95,50.26,113385.5665
1583884800,50.26,50.74,49.76,50.24,54359.57405
1583899200,50.24,50.45,48.98,49.17,99288.81335
1583913600,49.17,49.77,47.72,48.24,165891.38706
1583928000,48.24,48.85,46.89,47.51,149653.69392
1583942400,47.51,48.03,45.47,47.58,241973.214
1583956800,47.58,48.95,47.58,48.53,88818.2756
1583971200,48.53,48.76,45.36,46.06,149603.40694
1583985600,46.06,46.09,41.92,43.08,235006.96168
1584000000,43.08,43.39,32.0,33.83,493778.47367
1584014400,33.83,35.3,29.9,35.28,567877.52938
1584028800,35.28,36.48,33.56,34.82,231491.23258
1584043200,34.82,34.94,28.65,29.83,562020.37603
1584057600,29.83,33.95,24.0,32.23,1076674.53806
1584072000,32.23,34.0,28.29,33.7,482955.56754
1584086400,33.7,35.98,32.41,34.02,424186.63403
1584100800,34.02,39.92,32.5,34.12,641632.78656
1584115200,34.12,36.99,32.32,36.3,560703.6417
1584129600,36.3,38.08,35.35,37.52,249419.04137
1584144000,37.52,37.65,34.5,37.17,306248.87294
1584158400,37.17,37.18,35.86,36.36,149181.14352
1584172800,36.36,36.8,34.23,35.85,214228.58811
1584187200,35.85,35.85,34.76,35.09,166029.12051
1584201600,35.09,36.53,34.85,35.48,190311.68595
1584216000,35.48,35.62,33.8,34.4,155176.18093
1584230400,34.4,35.26,34.04,34.39,149769.16219
1584244800,34.39,35.84,34.39,35.25,119740.00526
1584259200,35.25,36.96,34.94,36.14,189510.68558
1584273600,36.14,37.2,35.31,35.99,173007.63326
1584288000,35.99,36.35,35.52,35.75,96815.12151
1584302400,35.75,38.73,35.07,36.38,311479.69502
1584316800,36.38,36.41,35.12,35.82,157735.94143
1584331200,35.82,35.97,31.55,31.59,355454.72035
1584345600,31.59,32.61,29.29,30.32,384504.94502
1584360000,30.32,33.72,29.6,33.53,404048.36619
1584374400,33.53,33.85,31.85,32.22,177178.3335
1584388800,32.22,33.31,31.58,33.2,145792.06935
1584403200,33.2,35.57,32.42,35.02,239089.19852
1584417600,35.02,35.56,34.42,35.04,131367.37326
1584432000,35.04,35.85,33.95,34.47,112920.23966
1584446400,34.47,35.0,32.99,34.9,185466.82234
1584460800,34.9,35.56,34.45,34.68,160469.12773
1584475200,34.68,35.31,34.07,34.07,116125.16985
1584489600,34.07,34.72,33.92,34.63,133089.05694
1584504000,34.63,34.8,32.39,32.77,170015.11032
1584518400,32.77,33.73,32.41,33.31,168252.61668
1584532800,33.31,34.48,32.28,33.86,297886.56472
1584547200,33.86,34.16,32.97,33.97,181812.73763
1584561600,33.97,34.83,33.71,34.71,93551.67097
1584576000,34.71,35.34,34.0,34.21,106317.4639
1584590400,34.21,35.25,34.05,35.02,88569.82986
1584604800,35.02,36.0,34.7,35.79,184422.07563
1584619200,35.79,37.04,35.6,36.96,288465.12041
1584633600,36.96,40.61,36.46,38.86,489148.87362
1584648000,38.86,40.8,38.68,38.9,187483.13893
1584662400,38.9,39.76,38.02,38.53,158288.88462
1584676800,38.53,40.23,38.24,39.93,130349.72337
1584691200,39.93,43.69,39.87,41.52,396566.69717
1584705600,41.52,42.15,40.04,41.33,216883.86225
1584720000,41.33,41.82,37.87,38.08,346421.53584
1584734400,38.08,39.11,34.05,38.08,322789.90532
1584748800,38.08,39.66,37.31,38.73,142930.95429
1584763200,38.73,38.99,36.96,37.74,89080.34016
1584777600,37.74,38.02,36.21,37.99,134359.90963
1584792000,37.99,38.71,37.76,38.58,89499.00921
1584806400,38.58,38.83,37.24,38.28,89225.39614
1584820800,38.28,39.84,37.97,38.32,122357.02453
1584835200,38.32,39.44,37.9,39.31,64289.45389
1584849600,39.31,39.69,38.59,38.87,81373.05242
1584864000,38.87,39.13,37.53,37.75,94348.93486
1584878400,37.75,37.77,35.8,36.87,205277.81624
1584892800,36.87,37.18,35.5,35.67,145693.73144
1584907200,35.67,36.87,34.82,35.4,123359.73845
1584921600,35.4,37.16,34.57,36.9,131149.51573
1584936000,36.9,37.45,36.22,36.47,75881.16795
1584950400,36.47,36.83,35.35,36.22,112871.68136
1584964800,36.22,39.99,36.19,38.12,331553.86504
1584979200,38.12,38.81,37.74,38.21,98243.61262
1584993600,38.21,39.15,38.13,38.94,110242.68341
1585008000,38.94,39.73,38.53,38.58,86750.8434
1585022400,38.58,39.18,38.21,38.92,61358.57942
1585036800,38.92,40.68,38.88,40.03,172683.9617
1585051200,40.03,40.06,38.66,39.28,123952.43592
1585065600,39.28,40.34,38.85,40.26,78834.0044
1585080000,40.26,40.95,39.63,40.57,70076.94851
1585094400,40.57,40.63,38.96,39.22,87322.74049
1585108800,39.22,40.25,39.09,39.97,74381.80635
1585123200,39.97,41.04,38.09,38.59,172155.19423
1585137600,38.59,39.74,38.37,38.97,120670.3773
1585152000,38.97,39.65,38.67,38.95,68031.45286
1585166400,38.95,39.3,38.43,39.17,54887.31733
1585180800,39.17,39.96,39.12,39.59,57745.96814
1585195200,39.59,39.8,38.4,39.01,78210.59475
1585209600,39.01,39.71,38.81,39.02,49716.24148
1585224000,39.02,39.43,38.56,38.99,84901.8574
1585238400,38.99,39.26,38.7,39.01,50705.63506
1585252800,39.01,40.48,38.94,40.41,94314.96539
1585267200,40.41,41.21,39.83,40.62,107770.38034
1585281600,40.62,40.89,39.8,40.27,64619.11669
1585296000,40.27,40.41,39.2,39.77,78466.86104
1585310400,39.77,40.05,39.14,39.41,61736.58649
1585324800,39.41,39.82,39.19,39.67,66676.59026
1585339200,39.67,40.29,37.73,38.04,102373.74691
1585353600,38.04,38.31,36.61,37.07,190437.09443
1585368000,37.07,37.79,36.87,37.7,83962.59236
1585382400,37.7,38.22,37.55,37.7,71342.10989
1585396800,37.7,38.06,37.26,37.73,62852.13553
1585411200,37.73,38.7,37.0,38.27,114367.81841
1585425600,38.27,39.43,38.25,38.87,101350.74504
1585440000,38.87,39.11,38.27,38.48,43204.68864
1585454400,38.48,38.55,37.94,38.43,58840.57458
1585468800,38.43,38.6,37.9,38.25,63996.79445
1585483200,38.25,38.5,37.79,38.41,61171.12933
1585497600,38.41,38.68,37.11,37.26,112618.28178
1585512000,37.26,37.55,36.97,37.11,62244.84386
1585526400,37.11,37.88,37.1,37.65,57214.48914
1585540800,37.65,38.86,37.53,38.52,82556.47548
1585555200,38.52,39.45,38.32,38.92,67459.47723
1585569600,38.92,39.48,38.4,38.73,87511.43412
1585584000,38.73,39.31,38.58,38.81,62757.90454
1585598400,38.81,39.7,38.77,38.91,75238.4387
1585612800,38.91,39.32,38.33,38.8,87494.36572
1585627200,38.8,38.87,38.42,38.75,62314.87528
1585641600,38.75,39.25,38.56,38.76,61525.21703
1585656000,38.76,39.15,38.48,38.94,54998.41713
1585670400,38.94,39.12,38.58,38.96,45512.57974
1585684800,38.96,39.31,38.94,39.08,66581.50299
1585699200,39.08,39.18,38.4,38.79,62648.86628
1585713600,38.79,38.85,38.44,38.7,42445.51756
1585728000,38.7,38.7,38.08,38.54,65721.22902
1585742400,38.54,38.76,37.48,37.86,106280.7325
1585756800,37.86,37.86,37.14,37.52,69797.33405
1585771200,37.52,39.5,37.43,39.23,142956.33615
1585785600,39.23,39.8,39.0,39.45,95973.58234
1585800000,39.45,39.83,39.23,39.62,62021.44003
1585814400,39.62,39.82,39.37,39.76,51923.38357
1585828800,39.76,40.2,39.15,40.17,110958.01396
1585843200,40.17,42.92,39.8,40.26,302016.40866
1585857600,40.26,40.27,39.08,39.86,78680.94065
1585872000,39.86,40.52,39.68,40.28,59019.81907
1585886400,40.28,40.99,39.92,40.84,77967.18497
1585900800,40.84,41.26,40.51,41.17,90572.3475
1585915200,41.17,41.23,39.98,40.21,120935.22418
1585929600,40.21,40.62,39.64,40.55,70347.02168
1585944000,40.55,40.73,40.14,40.46,44526.5189
1585958400,40.46,40.85,39.98,40.16,62190.84616
1585972800,40.16,40.41,40.03,40.19,38535.65934
1585987200,40.19,40.93,39.86,40.11,83231.31424
1586001600,40.11,40.48,40.06,40.3,37937.44418
1586016000,40.3,40.68,40.2,40.36,40749.84829
1586030400,40.36,41.16,40.04,40.71,99957.16403
1586044800,40.71,41.0,40.57,40.57,38666.29366
1586059200,40.57,40.81,40.42,40.57,30340.36222
1586073600,40.57,40.84,40.4,40.56,31174.54622
1586088000,40.56,40.87,40.47,40.57,31036.34621
1586102400,40.57,40.73,39.86,40.58,63721.77279
1586116800,40.58,40.6,40.11,40.31,36173.6362
1586131200,40.31,40.8,40.28,40.59,51711.30549
1586145600,40.59,42.15,40.59,41.74,162122.06009
1586160000,41.74,42.55,41.71,42.29,88568.93156
1586174400,42.29,43.14,42.28,43.12,133735.92129
1586188800,43.12,44.91,43.05,44.5,193179.15834
1586203200,44.5,45.09,43.98,45.04,92244.90903
1586217600,45.04,46.29,44.84,45.65,165483.39578
1586232000,45.65,46.47,45.01,46.44,79678.48144
1586246400,46.44,46.75,45.98,46.38,97021.06952
1586260800,46.38,47.64,45.33,46.54,208280.76977
1586275200,46.54,46.99,45.61,45.64,88218.7639
1586289600,45.64,45.66,43.64,44.77,169399.37311
1586304000,44.77,46.92,44.27,46.49,138636.66331
1586318400,46.49,47.2,45.67,46.33,91825.26582
1586332800,46.33,46.45,45.01,45.9,80691.50238
1586347200,45.9,46.4,45.11,45.95,64242.42406
1586361600,45.95,46.38,45.63,46.13,67790.25333
1586376000,46.13,46.82,46.13,46.55,56873.35605
1586390400,46.55,46.86,45.67,45.79,73155.53391
1586404800,45.79,46.59,45.35,46.47,55995.96844
1586419200,46.47,46.6,45.05,45.35,66479.78887
1586433600,45.35,46.46,44.69,46.09,101011.80035
1586448000,46.09,46.27,45.75,45.97,47436.46667
1586462400,45.97,46.82,45.8,46.21,57005.92134
1586476800,46.21,46.39,45.17,45.33,71255.38019
1586491200,45.33,45.33,42.62,42.74,257830.40969
1586505600,42.74,43.08,41.7,42.49,135812.52552
1586520000,42.49,42.75,40.89,41.02,149050.24937
1586534400,41.02,42.71,40.86,42.44,116837.7228
1586548800,42.44,42.55,41.87,42.25,54386.04374
1586563200,42.25,42.89,42.07,42.79,56072.81115
1586577600,42.79,43.16,42.33,42.56,76616.92723
1586592000,42.56,42.78,42.18,42.53,55428.88077
1586606400,42.53,42.7,42.0,42.38,58190.50527
1586620800,42.38,42.79,41.63,41.88,80899.16346
1586635200,41.88,42.59,41.43,42.54,55152.03344
1586649600,42.54,42.75,41.95,42.02,49663.44027
1586664000,42.02,42.23,41.83,42.22,47940.43918
1586678400,42.22,42.81,42.13,42.46,74984.27066
1586692800,42.46,43.2,42.46,43.2,113721.17198
1586707200,43.2,43.58,43.01,43.25,110590.79473
1586721600,43.25,43.49,41.93,42.0,102356.91575
1586736000,42.0,42.0,39.52,39.99,275123.46816
1586750400,39.99,40.52,39.71,40.21,103864.76152
1586764800,40.21,41.06,39.75,40.68,107040.83965
1586779200,40.68,40.72,39.86,40.42,105119.00399
1586793600,40.42,40.88,40.19,40.62,73502.72239
1586808000,40.62,41.52,40.62,41.22,79463.71735
1586822400,41.22,41.57,41.01,41.45,66469.61259
1586836800,41.45,41.79,40.72,40.76,76598.04627
1586851200,40.76,41.19,40.47,40.98,69890.55688
1586865600,40.98,41.83,40.8,41.4,95920.8902
1586880000,41.4,41.85,41.21,41.44,58859.95278
1586894400,41.44,41.55,41.01,41.22,53098.6296
1586908800,41.22,41.59,40.58,41.54,69523.38994
1586923200,41.54,41.75,41.21,41.3,57575.64132
1586937600,41.3,41.39,40.51,40.82,77188.49223
1586952000,40.82,40.82,40.17,40.18,75729.01598
1586966400,40.18,40.8,40.12,40.32,58743.30655
1586980800,40.32,40.55,39.08,39.22,121568.31708
1586995200,39.22,39.24,37.91,38.95,167250.76545
1587009600,38.95,41.98,38.86,41.24,225130.14644
1587024000,41.24,43.78,41.23,42.25,234624.89346
1587038400,42.25,42.89,41.86,42.56,105343.42401
1587052800,42.56,42.78,42.01,42.69,76016.64545
1587067200,42.69,43.04,42.16,42.53,104721.1029
1587081600,42.53,42.73,42.0,42.36,70457.39292
1587096000,42.36,42.37,41.61,41.89,82036.76733
1587110400,41.89,42.54,41.76,42.01,91471.25201
1587124800,42.01,42.37,41.71,42.04,66156.66989
1587139200,42.04,42.52,41.97,42.41,46052.76169
1587153600,42.41,43.01,42.14,42.19,51448.20203
1587168000,42.19,42.82,42.13,42.58,50281.34246
1587182400,42.58,42.76,42.39,42.45,43117.84351
1587196800,42.45,42.62,41.98,42.46,74103.16197
1587211200,42.46,43.91,42.34,43.82,170534.49579
1587225600,43.82,43.93,43.09,43.56,83112.56134
1587240000,43.56,44.43,43.42,44.14,75955.53764
1587254400,44.14,44.3,43.46,43.99,84171.40461
1587268800,43.99,44.01,42.61,42.97,92589.75168
1587283200,42.97,43.28,42.72,43.23,61484.64111
1587297600,43.23,43.34,41.54,42.3,110056.17042
1587312000,42.3,42.87,42.09,42.63,62169.23293
1587326400,42.63,43.03,42.17,42.23,45734.61177
1587340800,42.23,43.09,42.0,42.88,57266.73427
1587355200,42.88,43.24,42.68,42.87,37260.9778
1587369600,42.87,42.91,41.16,41.18,97279.5419
1587384000,41.18,42.1,40.83,41.78,94628.08816
1587398400,41.78,41.94,39.61,39.67,179402.51911
1587412800,39.67,40.76,39.55,40.21,78002.19559
1587427200,40.21,40.85,40.09,40.32,53608.6787
1587441600,40.32,41.04,40.14,40.74,46637.12744
1587456000,40.74,40.78,40.01,40.19,64262.91735
1587470400,40.19,41.04,40.11,40.55,72435.77028
1587484800,40.55,41.34,40.43,40.8,73182.48667
1587499200,40.8,40.94,40.52,40.59,36605.10448
1587513600,40.59,40.87,40.27,40.64,33187.64048
1587528000,40.64,41.14,40.53,41.03,87301.07023
1587542400,41.03,41.13,40.86,41.05,54157.07527
1587556800,41.05,42.19,40.93,41.97,178182.40687
1587571200,41.97,42.32,41.68,41.77,65680.09236
1587585600,41.77,42.02,41.56,41.8,44603.0416
1587600000,41.8,42.26,41.41,41.42,90830.47587
1587614400,41.42,41.68,40.94,41.27,63254.19916
1587628800,41.27,41.86,41.11,41.78,55439.90188
1587643200,41.78,43.91,41.7,43.2,255519.71888
1587657600,43.2,43.52,42.79,43.34,87347.08146
1587672000,43.34,43.82,42.66,42.98,86944.67587
1587686400,42.98,43.77,42.83,43.47,65620.96879
1587700800,43.47,44.46,43.21,44.09,83234.89853
1587715200,44.09,44.99,43.56,43.92,182791.01334
1587729600,43.92,44.27,43.3,44.05,115674.49808
1587744000,44.05,44.94,43.8,44.57,114099.15805
1587758400,44.57,44.78,44.13,44.53,62456.64015
1587772800,44.53,44.58,43.84,44.2,31920.71626
1587787200,44.2,45.58,44.2,45.09,119927.00456
1587801600,45.09,45.43,44.28,44.61,128496.58067
1587816000,44.61,45.53,44.22,44.43,114393.06961
1587830400,44.43,44.78,43.97,44.45,114448.86109
1587844800,44.45,44.62,44.07,44.38,46180.95505
1587859200,44.38,44.95,44.23,44.65,76732.52238
1587873600,44.65,44.7,44.21,44.38,28279.39064
1587888000,44.38,45.22,44.25,45.02,94773.71746
1587902400,45.02,45.39,43.75,43.97,165953.6659
1587916800,43.97,44.53,43.82,44.48,63621.35648
1587931200,44.48,44.63,44.0,44.52,56244.50307
1587945600,44.52,45.23,44.5,44.79,97182.20994
1587960000,44.79,44.91,44.07,44.51,72739.21336
1587974400,44.51,44.69,44.21,44.49,38936.40165
1587988800,44.49,44.51,43.16,43.66,133373.5948
1588003200,43.66,43.91,43.42,43.85,36044.71995
1588017600,43.85,44.55,43.7,44.46,65294.52059
1588032000,44.46,44.51,43.62,43.87,87174.80277
1588046400,43.87,44.38,43.42,44.05,70299.67275
1588060800,44.05,44.89,43.85,44.47,111698.15975
1588075200,44.47,44.9,44.03,44.45,110985.93559
1588089600,44.45,44.89,44.33,44.67,63392.35563
1588104000,44.67,46.13,44.54,45.69,146461.59655
1588118400,45.69,46.38,45.64,45.85,147244.95783
1588132800,45.85,46.6,45.73,46.08,125169.01877
1588147200,46.08,47.22,45.8,46.74,145245.13832
1588161600,46.74,47.82,46.73,47.51,194342.22227
1588176000,47.51,49.91,47.4,48.75,476119.86794
1588190400,48.75,48.89,47.83,48.81,109965.69546
1588204800,48.81,50.8,48.54,50.65,208676.76805
1588219200,50.65,50.8,48.58,49.14,277191.64792
1588233600,49.14,49.46,45.59,46.9,459728.39525
1588248000,46.9,47.75,46.3,47.12,183899.92616
1588262400,47.12,47.39,45.78,46.94,199357.68157
1588276800,46.94,47.22,46.13,46.33,75335.11425
1588291200,46.33,47.02,46.3,46.79,63151.53763
1588305600,46.79,47.9,46.78,47.68,101373.39763
1588320000,47.68,48.27,47.41,48.0,95967.00603
1588334400,48.0,48.1,46.8,46.81,108509.40636
1588348800,46.81,47.2,46.61,46.77,66046.298
1588363200,46.77,47.25,46.46,47.07,64710.3206
1588377600,47.07,47.4,46.9,47.3,38697.66374
1588392000,47.3,47.43,46.79,46.91,29598.42162
1588406400,46.91,47.54,46.73,47.22,41753.08408
1588420800,47.22,47.66,47.2,47.41,52925.36037
1588435200,47.41,48.99,47.37,48.64,165835.30428
1588449600,48.64,49.6,48.55,49.2,80169.31587
1588464000,49.2,50.02,49.17,49.67,95715.90702
1588478400,49.67,49.77,48.17,48.7,98107.73509
1588492800,48.7,49.44,48.64,48.92,61767.49635
1588507200,48.92,48.99,46.61,47.61,187120.43669
1588521600,47.61,47.87,47.09,47.53,50136.49338
1588536000,47.53,48.28,47.21,48.05,73469.31228
1588550400,48.05,48.2,45.8,46.59,192653.18166
1588564800,46.59,46.59,45.11,46.11,148090.91728
1588579200,46.11,46.46,45.59,45.89,66780.91684
1588593600,45.89,47.28,45.75,47.21,144888.00823
1588608000,47.21,47.35,46.5,46.68,80034.97504
1588622400,46.68,47.3,46.65,46.96,60919.01187
1588636800,46.96,47.38,46.61,46.79,52620.20265
1588651200,46.79,47.76,46.79,47.05,88597.62202
1588665600,47.05,47.59,45.71,46.19,124800.93281
1588680000,46.19,46.89,46.01,46.39,67057.34595
1588694400,46.39,46.84,46.25,46.38,41850.5461
1588708800,46.38,46.73,46.3,46.54,40130.78809
1588723200,46.54,47.0,46.11,46.64,47949.49942
1588737600,46.64,47.09,46.64,46.91,52837.19831
1588752000,46.91,47.48,46.72,47.4,94608.56033
1588766400,47.4,47.55,46.71,46.93,79354.32496
1588780800,46.93,47.07,46.34,46.44,55747.66338
1588795200,46.44,46.72,44.55,44.94,135744.48145
1588809600,44.94,46.42,44.37,45.87,152536.64313
1588824000,45.87,46.09,45.54,45.8,47223.03007
1588838400,45.8,46.2,45.41,45.59,49303.91978
1588852800,45.59,46.43,45.42,45.93,136004.57626
1588867200,45.93,48.22,45.54,47.7,314892.55911
1588881600,47.7,48.1,47.13,47.37,96100.87098
1588896000,47.37,48.35,47.17,47.44,119898.81635
1588910400,47.44,47.45,46.34,46.84,109084.66695
1588924800,46.84,47.15,46.69,46.97,49950.06238
1588939200,46.97,47.37,46.68,47.09,97532.14092
1588953600,47.09,48.38,47.03,47.76,133861.9128
1588968000,47.76,48.43,47.49,47.69,121555.21096
1588982400,47.69,48.6,47.3,48.53,135052.09388
1588996800,48.53,49.1,47.88,47.97,178227.33641
1589011200,47.97,48.31,46.75,47.54,130210.67373
1589025600,47.54,48.36,47.32,48.31,65504.85573
1589040000,48.31,48.6,47.65,47.8,82959.88345
1589054400,47.8,48.0,46.89,46.95,64245.1553
1589068800,46.95,47.04,39.4,41.8,671174.76256
1589083200,41.8,42.76,41.34,42.7,146166.01815
1589097600,42.7,42.92,42.09,42.37,88384.40678
1589112000,42.37,42.6,41.31,41.73,98735.88597
1589126400,41.73,41.86,39.81,41.16,258036.97746
1589140800,41.16,42.67,41.16,42.06,141583.12456
1589155200,42.06,42.83,41.78,41.85,79207.14049
1589169600,41.85,42.0,40.9,41.51,91998.8775
1589184000,41.51,42.28,40.92,42.07,137525.09141
1589198400,42.07,42.9,41.54,41.83,150103.30923
1589212800,41.83,41.97,39.37,41.46,364842.80385
1589227200,41.46,41.99,40.67,41.51,131966.48557
1589241600,41.51,42.08,41.31,41.81,66861.82336
1589256000,41.81,42.48,41.56,41.86,100010.39106
1589270400,41.86,42.73,41.81,42.66,81310.00934
1589284800,42.66,42.88,41.84,42.47,110257.00122
1589299200,42.47,42.7,42.05,42.17,80677.16348
1589313600,42.17,42.46,41.26,42.18,159175.25149
1589328000,42.18,42.66,41.94,42.41,54962.82914
1589342400,42.41,42.43,42.07,42.12,26035.34216
1589356800,42.12,42.59,41.95,42.51,57785.51797
1589371200,42.51,43.41,42.4,43.23,106420.9523
1589385600,43.23,43.57,42.69,43.06,69764.04477
1589400000,43.06,43.74,42.95,43.18,89555.56089
1589414400,43.18,43.38,42.73,43.09,44917.7165
1589428800,43.09,43.37,42.21,43.03,107301.17581
1589443200,43.03,44.38,42.82,43.9,156978.39926
1589457600,43.9,44.0,43.53,43.96,51067.99139
1589472000,43.96,44.27,43.03,43.98,82791.47506
1589486400,43.98,44.3,43.64,43.98,64379.59172
1589500800,43.98,44.14,42.45,43.14,107969.49053
1589515200,43.14,43.56,42.89,43.48,49167.20467
1589529600,43.48,43.88,43.02,43.53,55321.09558
1589544000,43.53,43.63,42.89,43.16,71449.37783
1589558400,43.16,43.4,42.54,42.75,56566.90343
1589572800,42.75,43.2,41.82,42.74,128362.13809
1589587200,42.74,43.61,42.5,43.33,93338.50805
1589601600,43.33,43.89,43.04,43.12,113496.89479
1589616000,43.12,43.55,42.95,43.32,52514.11636
1589630400,43.32,43.7,42.95,43.19,55280.80774
1589644800,43.19,43.47,42.73,43.17,70864.75133
1589659200,43.17,43.53,43.05,43.25,50445.3287
1589673600,43.25,43.7,43.1,43.51,46640.42131
1589688000,43.51,44.39,43.4,44.19,73127.03929
1589702400,44.19,44.3,43.88,44.1,35760.13573
1589716800,44.1,44.49,44.1,44.27,89596.80721
1589731200,44.27,44.37,43.71,43.97,48489.41793
1589745600,43.97,44.1,43.52,43.71,50884.90359
1589760000,43.71,45.69,43.64,45.62,186774.15185
1589774400,45.62,46.59,45.28,45.58,201441.68901
1589788800,45.58,45.71,44.55,45.13,103547.96843
1589803200,45.13,45.6,44.79,45.2,88565.02957
1589817600,45.2,45.47,44.67,45.26,66895.21903
1589832000,45.26,45.45,44.92,45.32,47137.54462
1589846400,45.32,45.35,44.07,44.33,82567.35351
1589860800,44.33,44.92,44.18,44.66,43494.28586
1589875200,44.66,45.65,44.66,45.11,92258.48496
1589889600,45.11,45.19,44.55,44.95,68988.41806
1589904000,44.95,45.39,44.84,45.07,42680.72056
1589918400,45.07,45.8,44.9,45.73,45928.3893
1589932800,45.73,46.14,45.43,45.6,119690.34331
1589947200,45.6,45.92,45.23,45.56,65565.98265
1589961600,45.56,45.79,45.35,45.37,48448.2655
1589976000,45.37,45.84,43.17,43.65,174465.74423
1589990400,43.65,44.25,43.28,44.11,91100.18698
1590004800,44.11,44.37,43.92,44.25,46984.48333
1590019200,44.25,44.62,43.96,44.11,48598.57901
1590033600,44.11,44.24,43.77,43.82,44841.89423
1590048000,43.82,44.18,43.28,44.0,89610.83105
1590062400,44.0,44.06,41.66,42.6,177063.85403
1590076800,42.6,42.89,41.69,42.72,96142.88946
1590091200,42.72,43.06,42.48,42.73,48563.84359
1590105600,42.73,43.0,42.35,42.45,56911.74494
1590120000,42.45,43.63,42.45,43.4,79601.00142
1590134400,43.4,43.89,43.2,43.78,78246.29998
1590148800,43.78,44.01,43.34,44.01,54383.5912
1590163200,44.01,44.3,43.86,44.16,65279.91321
1590177600,44.16,44.68,43.91,44.23,63982.98781
1590192000,44.23,44.74,44.22,44.42,41796.01193
1590206400,44.42,44.61,43.95,44.3,44568.01787
1590220800,44.3,44.3,43.72,44.05,46363.38993
1590235200,44.05,44.33,43.67,44.19,35530.1722
1590249600,44.19,44.22,43.69,44.07,37135.31984
1590264000,44.07,44.25,43.82,43.85,32146.22663
1590278400,43.85,44.48,43.7,44.21,59144.802
1590292800,44.21,44.55,44.14,44.31,37082.59202
1590307200,44.31,44.47,43.79,43.82,59449.03681
1590321600,43.82,44.0,43.05,43.32,68131.8499
1590336000,43.32,43.4,42.5,43.36,73416.78
1590350400,43.36,43.44,42.04,42.08,63108.18799
1590364800,42.08,42.74,41.72,42.66,63146.61317
1590379200,42.66,43.03,42.45,42.97,38122.28582
1590393600,42.97,43.32,42.56,42.72,53137.2096
1590408000,42.72,43.0,42.57,42.68,34096.26801
1590422400,42.68,43.24,42.57,43.0,43636.48729
1590436800,43.0,43.1,42.8,42.97,18775.66352
1590451200,42.97,43.07,42.33,42.88,36873.16598
1590465600,42.88,42.89,42.41,42.78,33210.15882
1590480000,42.78,42.92,42.4,42.55,36371.52772
1590494400,42.55,42.66,41.76,41.87,53482.27202
1590508800,41.87,42.4,41.78,42.17,30559.40966
1590523200,42.17,42.6,42.14,42.27,28193.51043
1590537600,42.27,42.63,42.22,42.4,26411.33254
1590552000,42.4,42.7,42.28,42.41,25780.203
1590566400,42.41,43.66,42.4,43.57,90346.84966
1590580800,43.57,43.85,43.44,43.63,52798.99869
1590595200,43.63,44.05,43.47,43.64,47788.72656
1590609600,43.64,43.88,43.31,43.85,39681.35189
1590624000,43.85,44.11,43.59,43.63,46088.87032
1590638400,43.63,43.68,43.15,43.31,44248.4144
1590652800,43.31,43.68,43.15,43.65,37102.44078
1590667200,43.65,44.57,43.62,44.48,74109.52377
1590681600,44.48,44.63,44.12,44.31,46980.21377
1590696000,44.31,44.88,44.14,44.77,42829.01032
1590710400,44.77,45.29,44.62,44.91,81030.75572
1590724800,44.91,45.03,44.65,44.8,41507.72503
1590739200,44.8,45.03,44.17,44.51,64866.52504
1590753600,44.51,44.8,44.28,44.59,41484.52866
1590768000,44.59,44.92,44.42,44.55,45066.55233
1590782400,44.55,44.62,44.29,44.47,24765.50636
1590796800,44.47,44.78,44.18,44.77,35867.89726
1590811200,44.77,46.48,44.7,46.03,136292.58074
1590825600,46.03,47.07,45.96,46.82,96748.01346
1590840000,46.82,47.28,46.54,46.79,104323.69916
1590854400,46.79,47.22,46.6,47.16,68213.28423
1590868800,47.16,48.08,46.28,47.72,148625.07865
1590883200,47.72,47.84,46.11,46.39,92615.87366
1590897600,46.39,46.97,46.2,46.96,54331.80916
1590912000,46.96,47.62,46.6,47.28,79661.05452
1590926400,47.28,47.58,45.99,46.33,117490.51853
1590940800,46.33,46.83,46.23,46.66,54109.30053
1590955200,46.66,46.68,45.07,45.61,95867.63033
1590969600,45.61,46.5,45.36,46.27,59286.57159
1590984000,46.27,46.69,45.86,46.19,58126.43889
1590998400,46.19,46.26,45.65,45.83,57122.12412
1591012800,45.83,47.21,45.6,46.86,105658.39781
1591027200,46.86,47.19,46.64,46.88,66990.06365
1591041600,46.88,48.81,46.87,48.25,252400.08116
1591056000,48.25,48.79,47.78,48.66,143768.95511
1591070400,48.66,49.02,48.44,48.92,89985.78658
1591084800,48.92,49.82,48.8,49.67,142801.98001
1591099200,49.67,49.96,44.0,45.71,379672.92011
1591113600,45.71,45.82,45.21,45.66,97797.60139
1591128000,45.66,46.19,45.36,45.99,66346.78802
1591142400,45.99,46.25,45.56,45.84,59577.83214
1591156800,45.84,46.08,45.25,45.94,64107.68993
1591171200,45.94,46.86,45.91,46.69,72082.82346
1591185600,46.69,46.9,46.13,46.87,75448.7675
1591200000,46.87,47.5,46.64,46.98,113987.04199
1591214400,46.98,47.31,46.72,47.16,42986.66662
1591228800,47.16,48.1,46.99,47.97,75687.74782
1591243200,47.97,48.05,47.47,47.7,49729.34413
1591257600,47.7,47.84,46.15,47.35,117770.7794
1591272000,47.35,48.01,47.25,47.83,108754.34909
1591286400,47.83,47.95,46.93,47.21,62381.21289
1591300800,47.21,47.71,46.83,47.43,57368.98233
1591315200,47.43,47.98,47.23,47.52,88576.24424
1591329600,47.52,47.66,47.16,47.43,68599.52432
1591344000,47.43,47.97,46.87,47.24,99611.51294
1591358400,47.24,47.26,46.42,46.96,68606.23541
1591372800,46.96,47.52,46.82,47.25,43179.41662
1591387200,47.25,47.34,46.7,46.83,32352.10251
1591401600,46.83,46.83,46.07,46.71,58000.60059
1591416000,46.71,46.93,46.33,46.65,36996.89862
1591430400,46.65,47.21,46.4,47.06,34749.84696
1591444800,47.06,47.24,46.65,46.97,37939.01674
1591459200,46.97,47.03,46.3,46.73,36158.30091
1591473600,46.73,46.99,46.63,46.79,22596.78382
1591488000,46.79,46.98,46.56,46.74,34391.3014
1591502400,46.74,46.84,46.39,46.57,25522.32119
1591516800,46.57,46.67,45.88,46.04,60788.7075
1591531200,46.04,46.15,45.06,45.81,86620.64715
1591545600,45.81,46.93,45.46,46.8,61676.37196
1591560000,46.8,46.97,46.41,46.63,37263.19228
1591574400,46.63,46.74,46.42,46.69,43400.73518
1591588800,46.69,46.79,46.47,46.62,29302.69478
1591603200,46.62,46.7,46.18,46.52,44465.3487
1591617600,46.52,46.53,45.98,46.25,50952.47853
1591632000,46.25,46.3,46.02,46.15,21271.52403
1591646400,46.15,46.53,45.95,46.43,31106.28871
1591660800,46.43,46.84,45.31,45.96,66258.5748
1591675200,45.96,46.26,45.88,46.14,22850.1401
1591689600,46.14,46.26,45.94,46.22,20810.85678
1591704000,46.22,46.54,46.1,46.15,29983.71684
1591718400,46.15,46.2,45.35,45.75,44688.6888
1591732800,45.75,46.01,45.51,45.87,35089.65808
1591747200,45.87,46.17,45.79,45.84,45148.49177
1591761600,45.84,46.33,45.73,45.94,62685.7327
1591776000,45.94,46.02,45.65,45.81,26587.05396
1591790400,45.81,46.64,45.75,46.18,57386.72375
1591804800,46.18,47.19,45.9,46.57,103864.01479
1591819200,46.57,46.76,46.3,46.63,23910.71319
1591833600,46.63,46.96,46.51,46.58,41668.27224
1591848000,46.58,46.77,46.13,46.25,41375.36237
1591862400,46.25,46.38,46.08,46.24,31447.34713
1591876800,46.24,46.25,44.83,45.15,164871.13174
1591891200,45.15,45.38,42.0,43.55,222183.53553
1591905600,43.55,43.83,43.12,43.22,37090.51082
1591920000,43.22,43.77,42.81,43.58,41618.51267
1591934400,43.58,44.3,43.54,44.15,42702.58739
1591948800,44.15,44.55,44.02,44.44,35574.97451
1591963200,44.44,45.36,44.25,44.79,55978.86988
1591977600,44.79,45.13,44.37,44.75,37295.01169
1591992000,44.75,45.04,44.52,44.72,23764.22979
1592006400,44.72,44.81,44.38,44.43,33979.64112
1592020800,44.43,44.67,44.27,44.62,21806.35579
1592035200,44.62,44.83,44.48,44.56,21724.71618
1592049600,44.56,44.98,44.46,44.8,23251.0917
1592064000,44.8,45.22,44.57,44.81,30154.19101
1592078400,44.81,45.2,44.58,45.08,20666.80938
1592092800,45.08,45.11,44.63,44.68,20293.58653
1592107200,44.68,44.79,44.32,44.39,32332.75135
1592121600,44.39,44.62,44.31,44.5,26312.09487
1592136000,44.5,44.56,43.83,44.39,36585.9694
1592150400,44.39,44.42,44.16,44.3,14230.89744
1592164800,44.3,44.37,43.53,44.05,40327.4407
1592179200,44.05,44.09,42.8,43.04,58583.2785
1592193600,43.04,43.38,41.75,42.71,108337.35098
1592208000,42.71,42.86,42.4,42.76,42419.30183
1592222400,42.76,43.36,42.3,43.29,52694.75118
1592236800,43.29,43.96,43.17,43.7,51233.52375
1592251200,43.7,44.09,43.55,43.73,42019.33392
1592265600,43.73,44.22,43.4,44.0,49822.58741
1592280000,44.0,44.06,43.67,43.78,30076.12174
1592294400,43.78,44.0,43.64,43.75,33723.84562
1592308800,43.75,44.07,43.33,43.59,63640.5954
1592323200,43.59,43.85,43.52,43.78,20804.31165
1592337600,43.78,43.89,43.68,43.88,17490.12891
1592352000,43.88,43.92,43.45,43.69,34204.50083
1592366400,43.69,44.92,43.6,44.7,79904.38437
1592380800,44.7,44.83,44.3,44.59,42391.99156
1592395200,44.59,45.04,44.12,44.36,61616.31639
1592409600,44.36,44.55,43.39,43.39,58731.67216
1592424000,43.39,44.09,43.0,44.07,48044.99611
1592438400,44.07,44.23,43.85,43.93,23000.49913
1592452800,43.93,44.01,43.72,43.91,21270.88581
1592467200,43.91,44.13,43.74,43.98,32478.63553
1592481600,43.98,44.09,43.54,43.58,32880.62699
1592496000,43.58,43.78,43.23,43.58,27123.5048
1592510400,43.58,43.63,42.88,43.43,56780.83712
1592524800,43.43,43.47,42.84,43.03,55835.68832
1592539200,43.03,43.33,42.9,43.09,47902.99488
1592553600,43.09,43.73,42.93,43.56,66592.12245
1592568000,43.56,43.66,43.37,43.54,33306.39677
1592582400,43.54,43.59,43.05,43.06,49253.14998
1592596800,43.06,43.22,42.57,42.89,51920.62296
1592611200,42.89,43.2,42.75,43.08,32408.90442
1592625600,43.08,43.22,42.96,43.09,21442.76186
1592640000,43.09,43.15,42.21,43.11,51724.56475
1592654400,43.11,43.16,42.58,42.72,31245.93949
1592668800,42.72,43.14,42.65,43.07,25980.04039
1592683200,43.07,43.85,43.07,43.57,39626.73539
1592697600,43.57,43.83,43.44,43.5,30646.77895
1592712000,43.5,43.57,43.26,43.33,28553.09039
1592726400,43.33,43.47,43.11,43.26,21672.72221
1592740800,43.26,43.41,43.03,43.38,27643.92393
1592755200,43.38,43.42,42.96,43.16,31768.54285
1592769600,43.16,43.18,42.88,43.0,19347.62017
1592784000,43.0,43.68,42.94,43.55,39354.59215
1592798400,43.55,43.96,43.5,43.6,43543.60574
1592812800,43.6,43.72,43.5,43.63,25104.69789
1592827200,43.63,43.98,43.59,43.78,56683.05717
1592841600,43.78,44.5,43.74,44.29,63793.0112
1592856000,44.29,44.67,44.25,44.3,53428.43324
1592870400,44.3,44.47,43.98,44.14,28368.50597
1592884800,44.14,44.25,43.89,44.14,38022.6151
1592899200,44.14,44.15,43.91,44.04,28164.79146
1592913600,44.04,44.49,43.9,44.33,63911.41368
1592928000,44.33,44.4,44.11,44.18,30200.71369
1592942400,44.18,44.32,43.97,44.18,30769.92109
1592956800,44.18,44.41,44.1,44.32,20435.55669
1592971200,44.32,44.69,43.36,43.53,73530.21195
1592985600,43.53,43.63,42.6,42.83,113194.12345
1593000000,42.83,43.24,42.1,42.34,73737.2375
1593014400,42.34,42.72,42.25,42.49,50733.4772
1593028800,42.49,42.76,42.45,42.65,26307.36544
1593043200,42.65,42.87,41.68,42.0,71863.13658
1593057600,42.0,42.62,41.95,42.47,40616.05058
1593072000,42.47,43.0,42.47,42.76,42145.35436
1593086400,42.76,42.77,42.29,42.58,40313.82952
1593100800,42.58,42.77,42.28,42.42,28485.25747
1593115200,42.42,42.56,42.12,42.35,18548.37781
1593129600,42.35,42.64,42.17,42.41,31652.72555
1593144000,42.41,42.48,41.37,41.58,63814.76456
1593158400,41.58,43.3,41.49,43.29,73428.73682
1593172800,43.29,43.6,42.35,42.97,117182.63602
1593187200,42.97,43.29,42.83,43.08,37308.25241
1593201600,43.08,43.4,43.04,43.09,25002.22672
1593216000,43.09,43.12,42.71,42.86,19562.55947
1593230400,42.86,43.1,42.74,42.92,23665.39383
1593244800,42.92,43.06,42.46,42.73,26014.90877
1593259200,42.73,42.75,42.18,42.4,29559.51859
1593273600,42.4,42.5,39.11,39.94,122744.95793
1593288000,39.94,41.38,39.71,41.06,79957.29571
1593302400,41.06,41.06,40.48,40.64,19288.18312
1593316800,40.64,41.26,40.64,41.05,25286.28265
1593331200,41.05,41.7,40.88,41.28,30535.63894
1593345600,41.28,41.96,41.05,41.82,47985.11342
1593360000,41.82,42.05,41.17,41.19,25131.71613
1593374400,41.19,41.64,41.11,41.37,20785.05259
1593388800,41.37,41.56,41.0,41.11,40917.4183
1593403200,41.11,41.41,40.68,40.91,60721.29078
1593417600,40.91,41.21,40.59,41.09,32738.48017
1593432000,41.09,41.91,40.98,41.47,67319.5657
1593446400,41.47,41.74,41.36,41.57,23173.16069
1593460800,41.57,42.29,41.53,41.87,98476.25636
1593475200,41.87,42.07,41.65,41.67,16223.23656
1593489600,41.67,41.68,41.19,41.28,33628.76579
1593504000,41.28,41.45,41.12,41.41,23511.68119
1593518400,41.41,41.59,40.73,41.37,47047.37868
1593532800,41.37,41.4,40.9,41.15,31040.79781
1593547200,41.15,41.35,41.08,41.17,19260.50758
1593561600,41.17,41.54,40.96,41.31,27868.57632
1593576000,41.31,41.5,41.14,41.3,35595.98823
1593590400,41.3,41.74,41.3,41.5,32560.62422
1593604800,41.5,41.93,41.37,41.84,36883.44349
1593619200,41.84,42.01,41.52,41.62,35029.76057
1593633600,41.62,41.98,41.57,41.77,21820.94385
1593648000,41.77,41.9,41.62,41.7,18127.07246
1593662400,41.7,41.75,41.31,41.55,31576.85328
1593676800,41.55,41.64,41.32,41.5,18070.77552
1593691200,41.5,41.88,40.66,40.76,89897.50996
1593705600,40.76,41.03,40.28,40.82,65514.84553
1593720000,40.82,41.36,40.75,41.05,51332.99742
1593734400,41.05,41.4,40.89,41.14,32850.11787
1593748800,41.14,41.5,41.01,41.37,32725.44644
1593763200,41.37,41.7,41.1,41.39,43062.16166
1593777600,41.39,41.59,41.23,41.4,29392.58652
1593792000,41.4,41.63,41.2,41.3,22594.90009
1593806400,41.3,41.4,40.96,41.14,29669.56306
1593820800,41.14,41.84,41.06,41.61,54916.74682
1593835200,41.61,41.73,41.48,41.5,19854.21441
1593849600,41.5,41.64,41.42,41.54,23081.67759
1593864000,41.54,41.82,41.31,41.5,37820.30963
1593878400,41.5,42.23,41.46,41.95,73245.43848
1593892800,41.95,42.19,41.75,42.11,30379.941
1593907200,42.11,42.2,41.75,41.85,31372.7234
1593921600,41.85,41.88,41.36,41.5,43518.80145
1593936000,41.5,41.6,41.06,41.48,48605.88491
1593950400,41.48,41.65,41.25,41.38,41388.14542
1593964800,41.38,41.51,41.25,41.32,17723.60152
1593979200,41.32,41.77,40.75,41.58,52436.67188
1593993600,41.58,41.93,41.5,41.72,34748.75322
1594008000,41.72,42.64,41.64,42.35,62466.34612
1594022400,42.35,42.9,42.3,42.87,44532.2213
1594036800,42.87,44.0,42.67,43.91,88251.86962
1594051200,43.91,44.11,43.33,43.5,72856.5732
1594065600,43.5,44.31,43.36,44.06,65633.9517
1594080000,44.06,44.49,43.55,43.74,56784.72284
1594094400,43.74,43.95,43.3,43.56,56980.80541
1594108800,43.56,43.76,43.32,43.74,48683.16284
1594123200,43.74,43.79,43.34,43.58,47530.73544
1594137600,43.58,43.86,43.37,43.42,42961.64162
1594152000,43.42,43.42,43.06,43.39,54812.37561
1594166400,43.39,44.84,43.1,44.83,98597.03941
1594180800,44.83,44.98,44.11,44.74,103614.65628
1594195200,44.74,45.43,44.55,45.32,92577.81491
1594209600,45.32,45.58,44.67,45.08,97883.69268
1594224000,45.08,45.47,44.95,45.27,60855.67346
1594238400,45.27,45.62,45.17,45.35,83861.53151
1594252800,45.35,45.42,44.46,44.86,69883.97212
1594267200,44.86,45.85,44.81,45.61,63538.07572
1594281600,45.61,45.67,45.05,45.5,46196.89981
1594296000,45.5,45.87,43.82,44.24,127082.65761
1594310400,44.24,44.46,43.57,43.93,78245.25046
1594324800,43.93,44.41,43.76,44.33,28321.90957
1594339200,44.33,44.42,44.02,44.25,36546.013
1594353600,44.25,44.28,43.44,43.96,60608.56002
1594368000,43.96,44.64,43.93,43.95,60708.88688
1594382400,43.95,44.49,43.87,44.44,40165.85798
1594396800,44.44,44.49,43.99,44.16,35252.16237
1594411200,44.16,44.43,43.93,44.3,23403.96518
1594425600,44.3,44.7,44.23,44.4,39844.51945
1594440000,44.4,44.53,44.23,44.43,25779.89095
1594454400,44.43,44.43,43.85,44.08,36811.22278
1594468800,44.08,44.36,44.02,44.24,25462.94189
1594483200,44.24,44.46,44.16,44.25,29320.36413
1594497600,44.25,44.77,44.22,44.69,29099.75052
1594512000,44.69,45.1,44.68,45.05,44898.88614
1594526400,45.05,45.23,44.83,44.89,25325.90705
1594540800,44.89,45.03,44.63,44.7,32428.33395
1594555200,44.7,45.3,43.7,44.17,87416.40443
1594569600,44.17,44.32,43.88,44.24,19616.87766
1594584000,44.24,44.82,44.13,44.7,35784.71224
1594598400,44.7,44.83,44.51,44.64,37567.07739
1594612800,44.64,45.0,44.58,44.87,46039.82147
1594627200,44.87,45.59,44.87,45.35,71698.22541
1594641600,45.35,45.56,44.6,44.79,89395.07731
1594656000,44.79,44.95,42.31,43.44,144394.53714
1594670400,43.44,44.08,43.21,43.92,56009.10358
1594684800,43.92,43.93,43.44,43.44,27042.23383
1594699200,43.44,43.49,42.86,43.29,55398.4583
1594713600,43.29,43.96,43.17,43.8,59925.67362
1594728000,43.8,43.97,43.32,43.69,43165.27345
1594742400,43.69,43.9,43.56,43.82,28262.8364
1594756800,43.82,44.09,43.55,43.88,33164.5132
1594771200,43.88,44.06,43.44,43.48,41144.82891
1594785600,43.48,43.65,43.26,43.43,35584.33697
1594800000,43.43,43.6,43.16,43.35,32837.3265
1594814400,43.35,43.62,43.09,43.13,42934.61489
1594828800,43.13,43.35,42.81,43.12,42208.33929
1594843200,43.12,43.41,43.11,43.33,22222.31264
1594857600,43.33,43.49,43.03,43.2,28099.71179
1594872000,43.2,43.3,40.85,41.9,148920.88946
1594886400,41.9,41.98,41.22,41.73,84657.86942
1594900800,41.73,42.15,41.7,42.07,43738.18996
1594915200,42.07,42.24,41.67,41.72,49048.03987
1594929600,41.72,42.2,41.66,42.09,35282.67031
1594944000,42.09,42.19,41.86,42.01,36612.12216
1594958400,42.01,42.15,41.78,42.02,34571.33993
1594972800,42.02,42.15,41.72,42.14,39395.84852
1594987200,42.14,42.49,41.99,42.03,48131.91416
1595001600,42.03,42.1,41.77,41.93,23860.19353
1595016000,41.93,42.07,41.83,41.9,19333.1819
1595030400,41.9,42.02,41.73,41.88,29017.37673
1595044800,41.88,42.03,41.82,41.95,16820.655
1595059200,41.95,42.57,41.9,42.45,50698.39253
1595073600,42.45,42.84,42.39,42.61,29415.2982
1595088000,42.61,42.9,42.47,42.6,30085.03464
1595102400,42.6,42.74,42.41,42.45,15392.72568
1595116800,42.45,42.62,42.16,42.3,23198.19676
1595131200,42.3,42.46,42.16,42.44,21322.57825
1595145600,42.44,42.45,41.94,42.17,39964.64323
1595160000,42.17,42.17,41.91,41.92,32303.70969
1595174400,41.92,42.54,41.83,42.48,44088.94228
1595188800,42.48,42.89,42.35,42.64,34549.33305
1595203200,42.64,42.79,42.49,42.68,18897.26451
1595217600,42.68,42.73,42.46,42.53,21964.23701
1595232000,42.53,42.65,42.14,42.24,33695.22734
1595246400,42.24,42.35,42.05,42.28,26109.82918
1595260800,42.28,42.42,41.37,41.76,55337.66485
1595275200,41.76,42.14,41.67,41.94,24309.65823
1595289600,41.94,42.43,41.87,42.33,25255.51735
1595304000,42.33,43.4,42.2,43.34,58887.06851
1595318400,43.34,43.97,43.28,43.75,90245.03619
1595332800,43.75,44.11,43.59,43.73,78126.00385
1595347200,43.73,43.87,43.46,43.63,37544.85229
1595361600,43.63,43.8,43.44,43.77,24381.89805
1595376000,43.77,43.98,43.5,43.91,42213.91104
1595390400,43.91,43.91,43.26,43.28,31249.41826
1595404800,43.28,43.68,43.2,43.57,37228.4092
1595419200,43.57,43.86,43.26,43.65,46964.75695
1595433600,43.65,43.78,43.55,43.68,22652.08729
1595448000,43.68,45.12,43.58,44.96,155151.30265
1595462400,44.96,45.63,44.82,44.97,90832.63137
1595476800,44.97,44.99,44.6,44.89,41315.70441
1595491200,44.89,45.15,44.83,44.94,43702.61972
1595505600,44.94,45.24,44.52,44.9,98882.02629
1595520000,44.9,45.6,44.84,45.13,123028.8471
1595534400,45.13,45.15,44.73,44.94,34732.28462
1595548800,44.94,44.96,44.4,44.78,43321.7898
1595563200,44.78,44.81,43.93,44.24,58418.12345
1595577600,44.24,44.57,44.12,44.36,27485.6302
1595592000,44.36,44.62,44.11,44.47,29771.07289
1595606400,44.47,44.88,44.18,44.6,50998.49874
1595620800,44.6,44.68,44.04,44.11,36807.45363
1595635200,44.11,47.43,44.03,46.95,229422.08605
1595649600,46.95,47.6,46.87,47.21,137403.63874
1595664000,47.21,48.25,46.99,47.39,124365.99199
1595678400,47.39,47.89,46.68,47.73,102037.14049
1595692800,47.73,48.77,47.44,48.51,179527.1831
1595707200,48.51,49.52,48.41,49.16,135680.81366
1595721600,49.16,49.16,47.96,48.64,126050.22654
1595736000,48.64,49.55,48.27,49.43,99603.66426
1595750400,49.43,50.79,47.57,48.55,385381.84685
1595764800,48.55,48.71,47.49,48.31,131449.35287
1595779200,48.31,48.82,47.76,47.8,105744.90469
1595793600,47.8,48.28,47.68,48.1,47527.2004
1595808000,48.1,49.37,47.98,48.73,170804.05548
1595822400,48.73,49.3,48.19,48.25,124257.92935
1595836800,48.25,49.29,48.07,49.24,114563.02496
1595851200,49.24,49.68,46.85,47.61,229908.32815
1595865600,47.61,53.25,47.6,52.54,421576.71306
1595880000,52.54,55.83,52.4,53.28,439912.6629
1595894400,53.28,54.63,53.27,53.43,200775.1233
1595908800,53.43,54.09,52.8,53.26,149441.22279
1595923200,53.26,53.89,51.65,53.79,210681.04233
1595937600,53.79,55.57,53.01,55.36,307623.83386
1595952000,55.36,57.92,53.91,56.87,437739.40358
1595966400,56.87,57.29,54.62,55.75,218536.30753
1595980800,55.75,56.58,55.06,56.12,124441.47462
1595995200,56.12,56.97,55.66,55.98,139002.39316
1596009600,55.98,56.48,55.39,55.88,198418.21224
1596024000,55.88,56.28,54.65,55.76,154029.78016
1596038400,55.76,56.29,54.87,55.8,114621.29245
1596052800,55.8,56.29,55.0,55.16,97248.86496
1596067200,55.16,55.49,54.15,54.67,109214.13775
1596081600,54.67,55.29,53.91,54.53,108392.00113
1596096000,54.53,55.0,54.38,54.53,81670.26838
1596110400,54.53,57.87,54.2,57.57,318512.18954
1596124800,57.57,58.61,56.38,57.03,261170.10542
1596139200,57.03,58.08,56.53,56.75,145282.26587
1596153600,56.75,57.2,55.78,55.92,89800.64958
1596168000,55.92,57.09,55.91,56.66,60113.481
1596182400,56.66,57.63,56.45,57.45,89458.07832
1596196800,57.45,58.9,57.04,58.12,169978.12726
1596211200,58.12,59.26,57.56,58.31,153854.70174
1596225600,58.31,58.65,57.66,58.13,93009.75314
1596240000,58.13,59.75,57.55,59.35,130362.82222
1596254400,59.35,60.66,58.31,59.42,302133.2344
1596268800,59.42,60.76,59.2,59.86,186199.74731
1596283200,59.86,59.88,58.65,59.64,104952.08049
1596297600,59.64,61.87,59.5,61.5,309311.17442
1596312000,61.5,62.23,60.57,61.65,176813.24801
1596326400,61.65,65.17,60.55,64.91,309570.63134
1596340800,64.91,64.91,51.79,58.73,652538.18302
1596355200,58.73,58.89,55.06,56.57,300466.40414
1596369600,56.57,57.6,55.32,56.48,221681.82481
1596384000,56.48,58.15,56.27,57.91,216888.17111
1596398400,57.91,57.94,56.48,56.77,110045.37752
1596412800,56.77,57.67,55.71,57.22,152243.49753
1596427200,57.22,58.34,57.21,57.77,81196.43176
1596441600,57.77,58.28,56.84,58.24,96884.8183
1596456000,58.24,59.27,57.74,58.87,176364.35102
1596470400,58.87,60.03,58.47,59.24,170462.57506
1596484800,59.24,59.37,57.67,58.48,147889.18916
1596499200,58.48,59.62,58.05,58.34,100308.21073
1596513600,58.34,58.61,57.48,58.25,98925.86401
1596528000,58.25,58.61,56.7,57.34,172092.88481
1596542400,57.34,57.94,56.26,57.83,141914.79859
1596556800,57.83,58.06,57.1,57.32,69372.39683
1596571200,57.32,57.97,57.27,57.61,42941.4592
1596585600,57.61,57.82,56.73,57.5,62147.15758
1596600000,57.5,58.46,57.27,57.88,75058.41042
1596614400,57.88,59.25,57.68,59.09,139395.20254
1596628800,59.09,59.53,58.18,58.84,189612.03735
1596643200,58.84,59.5,58.59,59.11,84649.16358
1596657600,59.11,59.77,57.3,58.88,165503.50326
1596672000,58.88,59.16,58.18,58.31,105942.94541
1596686400,58.31,58.42,57.69,58.17,74775.32992
1596700800,58.17,58.68,57.84,58.12,64860.56784
1596715200,58.12,60.49,58.12,60.43,222839.56321
1596729600,60.43,60.68,59.14,60.03,158425.16827
1596744000,60.03,60.39,58.38,59.03,195733.77069
1596758400,59.03,60.41,58.82,59.55,93003.83245
1596772800,59.55,59.79,59.16,59.51,63954.75202
1596787200,59.51,61.08,58.91,59.76,157185.63937
1596801600,59.76,60.02,57.66,58.76,177587.26695
1596816000,58.76,58.94,54.51,56.97,354926.67774
1596830400,56.97,57.67,56.73,57.17,51253.27208
1596844800,57.17,57.68,56.46,56.77,85646.47535
1596859200,56.77,57.5,56.54,57.17,61508.09755
1596873600,57.17,58.48,56.79,58.38,94459.65932
1596888000,58.38,58.55,57.79,58.1,58753.19724
1596902400,58.1,58.23,57.11,57.53,78607.89322
1596916800,57.53,58.48,57.17,58.46,49242.38062
1596931200,58.46,58.67,57.85,58.0,77470.23963
1596945600,58.0,58.04,57.46,57.76,41553.18233
1596960000,57.76,57.99,56.91,57.72,62828.04494
1596974400,57.72,57.8,56.0,56.6,90499.01255
1596988800,56.6,57.4,56.18,56.78,54779.11741
1597003200,56.78,57.19,56.57,56.96,41717.09686
1597017600,56.96,58.46,56.95,58.15,127035.09813
1597032000,58.15,58.39,57.8,58.02,70613.06803
1597046400,58.02,58.55,56.38,57.3,142875.36242
1597060800,57.3,58.6,57.16,58.52,113543.9758
1597075200,58.52,59.4,57.89,58.17,129432.1217
1597089600,58.17,58.5,57.66,58.27,67649.16857
1597104000,58.27,59.67,58.09,58.45,112740.47276
1597118400,58.45,58.62,57.25,57.86,99931.07895
1597132800,57.86,58.06,56.74,57.74,146621.61885
1597147200,57.74,57.75,53.6,55.0,262162.80123
1597161600,55.0,55.79,53.87,55.2,107508.24693
1597176000,55.2,55.2,52.37,54.1,158634.50056
1597190400,54.1,54.27,52.99,53.72,100572.04764
1597204800,53.72,54.48,51.55,54.22,155079.74829
1597219200,54.22,55.03,54.16,54.49,109240.33842
1597233600,54.49,55.05,53.87,54.7,132407.29503
1597248000,54.7,54.92,53.93,54.42,91419.49286
1597262400,54.42,54.88,54.21,54.52,56373.57698
1597276800,54.52,55.22,54.34,54.64,102993.70665
1597291200,54.64,54.79,53.8,53.89,57768.07415
1597305600,53.89,54.64,51.86,54.51,211043.02445
1597320000,54.51,54.76,53.62,54.45,117017.80028
1597334400,54.45,54.53,53.32,54.02,99275.15378
1597348800,54.02,57.3,53.84,57.14,249012.14788
1597363200,57.14,57.36,55.83,56.19,118880.78305
1597377600,56.19,56.61,55.85,56.18,85403.79319
1597392000,56.18,56.65,55.95,56.48,80512.92095
1597406400,56.48,57.2,55.82,56.94,119293.804
1597420800,56.94,57.85,56.57,57.48,223610.36981
1597435200,57.48,57.65,56.4,56.78,100610.62947
1597449600,56.78,58.32,56.76,57.66,153127.60236
1597464000,57.66,57.9,56.9,57.25,102459.34201
1597478400,57.25,57.7,56.45,57.32,150520.30557
1597492800,57.32,59.74,56.7,59.49,272107.16116
1597507200,59.49,60.87,59.04,60.19,264708.56686
1597521600,60.19,60.64,59.2,59.85,194872.14466
1597536000,59.85,62.93,58.91,61.52,402000.42895
1597550400,61.52,61.96,61.19,61.59,118734.82887
1597564800,61.59,62.76,60.19,60.24,285938.83686
1597579200,60.24,62.68,57.8,61.88,367229.30809
1597593600,61.88,62.69,61.31,61.58,165564.47859
1597608000,61.58,64.6,60.74,63.87,237429.71119
1597622400,63.87,64.25,61.34,63.43,275769.55247
1597636800,63.43,63.73,62.39,63.52,196652.29683
1597651200,63.52,65.02,63.5,64.47,288868.29377
1597665600,64.47,65.55,62.61,64.59,403796.86396
1597680000,64.59,68.09,64.25,67.37,387641.92645
1597694400,67.37,68.88,66.44,67.22,238084.86928
1597708800,67.22,68.37,66.66,66.99,187935.92586
1597723200,66.99,67.36,65.33,66.47,206762.71707
1597737600,66.47,67.39,64.42,64.61,211804.49657
1597752000,64.61,66.92,63.37,65.2,574257.67296
1597766400,65.2,68.0,64.58,66.44,260844.82147
1597780800,66.44,67.59,65.15,65.4,121304.7799
1597795200,65.4,67.15,62.27,62.7,275578.70121
1597809600,62.7,63.53,61.13,63.52,338996.57636
1597824000,63.52,63.98,62.1,63.1,196433.62773
1597838400,63.1,63.83,61.0,61.68,278009.9548
1597852800,61.68,61.98,59.33,59.62,394470.01281
1597867200,59.62,62.45,58.73,62.12,215835.51438
1597881600,62.12,63.45,61.95,62.09,190382.93712
1597896000,62.09,63.09,61.15,61.47,155891.99411
1597910400,61.47,62.56,61.0,62.48,136366.03372
1597924800,62.48,63.57,62.17,63.53,156100.41171
1597939200,63.53,63.68,62.21,62.54,136824.07092
1597953600,62.54,63.12,62.23,62.8,92011.91006
1597968000,62.8,63.89,61.41,63.67,160383.9893
1597982400,63.67,63.9,62.43,62.72,139092.5246
1597996800,62.72,63.3,60.7,61.12,190457.70077
1598011200,61.12,61.84,60.02,60.86,187962.76865
1598025600,60.86,61.45,59.38,60.64,252260.1546
1598040000,60.64,61.2,58.77,59.2,124135.54892
1598054400,59.2,59.4,57.76,59.28,228972.11391
1598068800,59.28,59.79,58.05,59.7,161952.43173
1598083200,59.7,60.06,59.02,59.28,112301.68939
1598097600,59.28,60.26,59.26,59.54,90153.4598
1598112000,59.54,59.75,59.12,59.51,51616.93075
1598126400,59.51,60.54,59.18,60.21,90640.54081
1598140800,60.21,60.64,58.61,58.86,114767.20571
1598155200,58.86,59.34,58.3,59.21,73392.70705
1598169600,59.21,59.27,58.01,58.1,94394.70971
1598184000,58.1,59.76,58.1,59.75,96238.76847
1598198400,59.75,61.48,59.29,61.22,173244.20192
1598212800,61.22,61.63,60.46,60.55,77660.08454
1598227200,60.55,61.83,59.97,61.51,121645.35611
1598241600,61.51,62.41,60.67,62.02,141104.439
1598256000,62.02,62.82,61.82,62.34,133941.56816
1598270400,62.34,62.56,61.54,62.42,94066.98459
1598284800,62.42,63.01,61.6,62.24,123559.66593
1598299200,62.24,62.58,61.75,62.02,73005.0447
1598313600,62.02,62.29,60.7,60.98,107467.34387
1598328000,60.98,61.5,59.93,60.68,105921.51416
1598342400,60.68,61.37,59.83,60.95,123307.1215
1598356800,60.95,60.95,58.49,59.05,330064.92443
1598371200,59.05,59.3,56.6,58.06,386830.7546
1598385600,58.06,58.8,57.51,58.34,117628.59268
1598400000,58.34,58.65,57.6,58.01,132147.78413
1598414400,58.01,58.31,57.02,57.5,110870.51642
1598428800,57.5,58.28,57.21,57.89,91270.68716
1598443200,57.89,58.9,57.02,58.86,163441.99227
1598457600,58.86,59.1,58.3,58.42,107618.50428
1598472000,58.42,58.78,58.04,58.1,58036.77592
1598486400,58.1,58.67,57.54,57.86,75055.58557
1598500800,57.86,58.41,57.11,58.26,88874.53979
1598515200,58.26,58.53,57.22,57.25,79331.17876
1598529600,57.25,59.24,56.11,56.43,289930.12484
1598544000,56.43,56.83,53.91,55.26,356845.43393
1598558400,55.26,56.12,55.02,56.1,85833.24538
1598572800,56.1,56.77,55.33,56.57,125848.31863
1598587200,56.57,56.95,56.31,56.61,83587.2537
1598601600,56.61,57.72,56.44,57.67,111389.81563
1598616000,57.67,58.2,57.17,58.1,110114.66153
1598630400,58.1,58.28,56.72,56.97,147177.27091
1598644800,56.97,57.47,56.42,57.38,66404.86865
1598659200,57.38,57.59,56.98,57.48,57381.4799
1598673600,57.48,58.18,57.36,58.03,45914.54067
1598688000,58.03,58.15,57.05,57.2,88030.09226
1598702400,57.2,57.89,57.05,57.76,78599.63289
1598716800,57.76,58.07,57.52,57.58,77730.83735
1598731200,57.58,57.77,56.93,56.97,60835.60268
1598745600,56.97,58.78,56.93,58.77,119778.94597
1598760000,58.77,58.87,57.98,58.27,64961.42228
1598774400,58.27,58.57,57.68,58.46,81033.608
1598788800,58.46,61.8,58.44,61.26,353941.89107
1598803200,61.26,62.44,60.99,62.16,110765.65129
1598817600,62.16,62.95,61.38,62.89,108835.58333
1598832000,62.89,63.7,62.23,62.3,124283.08006
1598846400,62.3,62.48,60.78,61.26,113675.71119
1598860800,61.26,62.89,60.9,62.76,130005.89899
1598875200,62.76,62.95,60.85,61.56,181318.23861
1598889600,61.56,61.8,61.08,61.33,68301.91637
1598904000,61.33,61.4,60.51,60.92,62561.94099
1598918400,60.92,61.75,59.69,61.71,118100.97698
1598932800,61.71,63.47,61.4,63.01,191280.18119
1598947200,63.01,63.4,61.93,62.32,131526.23831
1598961600,62.32,63.7,61.45,63.53,219221.59127
1598976000,63.53,64.28,63.1,63.29,157709.01563
1598990400,63.29,64.31,62.3,62.69,154906.47606
1599004800,62.69,63.15,62.12,62.36,99514.63777
1599019200,62.36,63.19,61.72,61.78,118916.56985
1599033600,61.78,62.4,56.32,58.59,352173.87869
1599048000,58.59,58.9,57.01,57.65,186713.46432
1599062400,57.65,58.17,56.78,57.96,125662.96024
1599076800,57.96,58.47,57.48,58.06,51024.78918
1599091200,58.06,58.62,57.25,57.48,109783.33344
1599105600,57.48,57.79,56.18,57.61,142205.7219
1599120000,57.61,58.0,55.61,56.05,151594.05435
1599134400,56.05,56.24,51.8,53.38,402384.51288
1599148800,53.38,53.73,52.4,53.3,158968.36483
1599163200,53.3,53.7,45.33,47.28,359309.75356
1599177600,47.28,48.73,46.24,48.21,417652.85961
1599192000,48.21,48.93,47.37,48.83,144375.42111
1599206400,48.83,52.38,48.75,51.12,293261.0962
1599220800,51.12,51.57,46.43,49.2,340183.63524
1599235200,49.2,50.78,48.55,50.57,190093.70461
1599249600,50.57,51.49,50.28,50.32,90949.76535
1599264000,50.32,51.32,49.81,50.02,115256.7087
1599278400,50.02,50.49,49.16,49.63,136262.9038
1599292800,49.63,49.63,47.66,48.67,169648.34016
1599307200,48.67,49.73,46.51,49.33,274385.85011
1599321600,49.33,49.55,45.21,46.72,509401.5669
1599336000,46.72,47.83,45.99,47.83,145701.8
1599350400,47.83,48.13,46.76,47.26,83982.37792
1599364800,47.26,48.63,46.28,48.33,122265.78222
1599379200,48.33,49.25,47.95,48.92,120402.0033
1599393600,48.92,48.99,46.96,47.72,121769.1276
1599408000,47.72,48.86,47.3,48.42,108848.0159
1599422400,48.42,48.8,47.52,47.92,96325.48
1599436800,47.92,48.73,47.32,47.76,85552.92827
1599451200,47.76,48.1,46.84,47.32,79159.07901
1599465600,47.32,47.8,45.74,46.22,139671.45508
1599480000,46.22,48.49,45.22,48.19,284025.3596
1599494400,48.19,48.7,47.44,47.68,120602.4721
1599508800,47.68,49.18,47.43,48.84,117681.27113
1599523200,48.84,49.35,48.26,48.58,78531.44038
1599537600,48.58,49.19,47.91,48.54,116867.19887
1599552000,48.54,48.97,46.77,47.12,171985.94184
1599566400,47.12,48.02,46.74,47.46,128364.92574
1599580800,47.46,47.97,46.3,46.73,111297.40779
1599595200,46.73,47.67,45.98,47.47,153135.59102
1599609600,47.47,47.8,46.52,46.92,72339.03886
1599624000,46.92,47.77,46.76,47.74,56186.96173
1599638400,47.74,48.13,47.37,47.82,63811.70527
1599652800,47.82,48.32,47.42,47.95,75844.03467
1599667200,47.95,48.81,47.79,48.41,64202.86638
1599681600,48.41,48.53,47.59,47.82,46387.90068
1599696000,47.82,49.45,47.77,49.1,125364.6969
1599710400,49.1,49.37,48.18,48.39,79063.48745
1599724800,48.39,48.66,48.08,48.5,52383.9217
1599739200,48.5,49.31,48.46,48.85,128099.08521
1599753600,48.85,48.99,48.15,48.3,57760.43264
1599768000,48.3,48.77,48.22,48.67,31800.23648
1599782400,48.67,48.87,47.46,47.57,57574.88609
1599796800,47.57,48.22,47.37,48.1,42915.77937
1599811200,48.1,48.92,47.91,48.23,75923.98984
1599825600,48.23,48.86,48.23,48.55,54995.04539
1599840000,48.55,48.87,48.21,48.62,48439.00209
1599854400,48.62,49.59,48.62,48.96,87243.51811
1599868800,48.96,49.02,48.55,48.84,37196.6014
1599883200,48.84,49.13,48.48,48.83,62835.75856
1599897600,48.83,49.03,48.6,48.8,37477.5882
1599912000,48.8,49.02,48.38,48.82,45162.65526
1599926400,48.82,51.09,48.76,51.06,184439.42611
1599940800,51.06,51.31,50.53,50.8,84837.4945
1599955200,50.8,50.94,50.2,50.88,60046.23246
1599969600,50.88,51.04,50.52,50.72,42031.06708
1599984000,50.72,50.85,49.02,49.25,88367.34328
1599998400,49.25,49.44,47.8,47.97,110759.34653
1600012800,47.97,48.0,47.26,47.85,104976.56511
1600027200,47.85,48.23,47.52,48.15,52647.86375
1600041600,48.15,48.28,47.11,47.95,68652.17598
1600056000,47.95,48.05,47.28,48.01,93426.68424
1600070400,48.01,48.38,47.55,48.26,85859.12382
1600084800,48.26,49.63,48.12,49.57,122831.32922
1600099200,49.57,49.65,48.45,48.86,85874.75981
1600113600,48.86,49.1,48.52,49.08,37039.68068
1600128000,49.08,50.37,48.35,49.6,163593.26821
1600142400,49.6,49.77,49.27,49.72,87472.71802
1600156800,49.72,50.1,48.68,49.78,129652.23549
1600171200,49.78,50.17,48.57,48.94,122408.83521
1600185600,48.94,49.24,48.54,48.79,55135.73443
1600200000,48.79,49.1,48.1,48.31,57111.67796
1600214400,48.31,48.33,46.91,48.0,105093.24863
1600228800,48.0,48.43,47.86,48.39,48356.73166
1600243200,48.39,48.49,47.55,48.0,61349.14588
1600257600,48.0,48.7,47.47,48.5,90669.62093
1600272000,48.5,48.75,48.02,48.13,64512.63357
1600286400,48.13,48.43,47.64,47.76,39312.19716
1600300800,47.76,49.67,47.64,48.26,133155.43998
1600315200,48.26,48.53,48.13,48.24,53372.91386
1600329600,48.24,48.68,47.79,48.6,52105.43336
1600344000,48.6,48.68,47.85,48.41,68078.37292
1600358400,48.41,48.9,48.16,48.87,58868.86395
1600372800,48.87,49.33,48.8,48.85,46811.2665
1600387200,48.85,49.07,48.43,48.64,41939.83568
1600401600,48.64,48.7,48.14,48.48,53857.26785
1600416000,48.48,49.04,48.33,48.79,65303.28347
1600430400,48.79,48.88,47.93,48.2,66139.33076
1600444800,48.2,48.4,47.44,47.98,59997.22492
1600459200,47.98,48.54,47.86,48.54,35114.68271
1600473600,48.54,48.58,48.16,48.29,32823.82979
1600488000,48.29,48.33,48.02,48.06,26568.6027
1600502400,48.06,48.95,47.94,48.85,47222.09527
1600516800,48.85,49.03,48.6,48.75,56406.79422
1600531200,48.75,48.87,48.2,48.37,43010.99787
1600545600,48.37,48.58,48.23,48.52,19011.37558
1600560000,48.52,48.52,47.9,48.12,36088.39181
1600574400,48.12,48.28,47.95,48.14,30805.43554
1600588800,48.14,48.24,47.66,48.07,37141.46622
1600603200,48.07,48.07,46.34,46.69,110767.29317
1600617600,46.69,47.12,46.15,46.97,54458.0218
1600632000,46.97,47.19,46.46,47.09,40417.50458
1600646400,47.09,47.43,46.81,47.12,57236.05069
1600660800,47.12,47.64,46.96,46.99,44802.63664
1600675200,46.99,47.07,44.61,44.96,176118.8735
1600689600,44.96,44.96,41.59,43.13,262296.83295
1600704000,43.13,43.67,42.76,43.46,75874.845
1600718400,43.46,44.55,43.11,43.16,108052.42864
1600732800,43.16,43.7,42.75,43.48,58239.25653
1600747200,43.48,43.93,42.95,43.07,60617.09781
1600761600,43.07,43.93,43.06,43.6,47147.35297
1600776000,43.6,44.28,43.43,43.96,52948.37309
1600790400,43.96,44.35,43.79,43.93,45064.04052
1600804800,43.93,44.79,43.74,44.47,70616.60823
1600819200,44.47,44.68,44.23,44.25,39680.35775
1600833600,44.25,44.36,43.68,44.27,54034.79691
1600848000,44.27,44.98,44.19,44.64,71653.87928
1600862400,44.64,45.14,44.3,44.4,67562.89368
1600876800,44.4,44.63,42.8,43.32,80286.26033
1600891200,43.32,43.47,42.25,42.96,103613.52854
1600905600,42.96,43.73,42.56,43.53,72331.8475
1600920000,43.53,44.0,43.34,43.88,54912.40814
1600934400,43.88,44.55,43.37,44.14,64500.63127
1600948800,44.14,44.8,43.7,44.71,61996.38276
1600963200,44.71,45.29,44.6,44.91,77037.97162
1600977600,44.91,45.19,44.62,44.92,55142.80799
1600992000,44.92,44.99,44.42,44.48,35242.6611
1601006400,44.48,44.73,44.16,44.69,37338.63129
1601020800,44.69,46.52,43.97,46.13,148996.47363
1601035200,46.13,46.58,45.48,46.1,92857.99337
1601049600,46.1,46.46,45.7,46.29,65734.5542
1601064000,46.29,46.4,45.83,46.02,36856.0174
1601078400,46.02,46.41,45.77,45.96,33359.03326
1601092800,45.96,46.33,45.41,45.47,44478.50314
1601107200,45.47,45.81,45.35,45.74,34976.54543
1601121600,45.74,46.11,45.12,45.81,42748.41965
1601136000,45.81,46.56,45.64,46.09,57223.95887
1601150400,46.09,46.25,45.8,46.03,27041.90981
1601164800,46.03,46.62,45.97,46.2,50510.07978
1601179200,46.2,46.34,45.4,45.62,55109.11178
1601193600,45.62,45.7,45.08,45.11,57733.13626
1601208000,45.11,46.12,44.56,45.97,59416.12762
1601222400,45.97,46.28,45.72,45.97,48728.34769
1601236800,45.97,46.1,45.67,46.05,28324.84041
1601251200,46.05,47.12,46.03,46.69,144514.93777
1601265600,46.69,46.77,46.01,46.23,71104.01971
1601280000,46.23,46.56,46.06,46.35,62242.03061
1601294400,46.35,47.14,46.27,46.5,80666.13074
1601308800,46.5,46.72,46.07,46.24,56213.04193
1601323200,46.24,46.32,44.8,45.23,85607.17983
1601337600,45.23,45.73,45.05,45.5,50295.36443
1601352000,45.5,45.85,45.29,45.55,47370.09767
1601366400,45.55,45.7,45.37,45.5,50768.15677
1601380800,45.5,45.71,45.08,45.24,61871.47227
1601395200,45.24,45.45,44.95,45.36,69454.31412
1601409600,45.36,45.74,45.33,45.69,35116.29239
1601424000,45.69,45.79,45.44,45.5,45197.97469
1601438400,45.5,46.38,45.45,45.88,53353.80989
1601452800,45.88,46.13,45.66,45.69,35447.43197
1601467200,45.69,46.27,45.52,46.21,48327.00498
1601481600,46.21,46.7,45.85,45.9,57786.28088
1601496000,45.9,46.46,45.75,46.24,54025.50233
1601510400,46.24,46.8,46.2,46.49,51061.95068
1601524800,46.49,46.65,46.27,46.62,33725.44791
1601539200,46.62,48.22,46.5,47.92,146690.74218
1601553600,47.92,48.46,47.32,47.38,132022.38877
1601568000,47.38,47.39,45.23,46.41,260214.98416
1601582400,46.41,46.41,45.52,46.25,67707.30243
1601596800,46.25,46.63,45.95,46.59,45964.29051
1601611200,46.59,46.97,45.01,45.36,128760.74482
1601625600,45.36,45.56,43.19,44.34,174259.44604
1601640000,44.34,45.14,44.11,44.79,83641.72876
1601654400,44.79,45.17,44.62,44.73,43924.65896
1601668800,44.73,45.12,44.45,44.88,42119.99649
1601683200,44.88,45.44,44.72,45.38,53910.98015
1601697600,45.38,45.45,44.97,45.26,49977.88936
1601712000,45.26,45.79,45.13,45.48,35426.87095
1601726400,45.48,45.87,45.36,45.8,31270.74289
1601740800,45.8,45.97,45.66,45.89,30261.5138
1601755200,45.89,45.94,45.47,45.51,24977.74657
1601769600,45.51,45.8,45.28,45.47,45153.65273
1601784000,45.47,46.18,45.45,46.0,34723.77692
1601798400,46.0,46.06,45.57,45.83,28371.59784
1601812800,45.83,46.41,45.62,45.87,46380.12431
1601827200,45.87,47.07,45.81,46.81,60159.02842
1601841600,46.81,46.92,46.49,46.69,42635.48166
1601856000,46.69,47.08,46.18,46.25,66890.76899
1601870400,46.25,46.4,45.97,46.38,46491.47406
1601884800,46.38,46.39,46.05,46.13,32118.42985
1601899200,46.13,46.61,46.05,46.42,45086.00621
1601913600,46.42,46.48,45.53,45.86,65360.23572
1601928000,45.86,46.44,45.8,46.34,32200.36031
1601942400,46.34,46.67,46.14,46.6,36379.14625
1601956800,46.6,46.73,46.09,46.24,29268.53859
1601971200,46.24,46.85,45.71,45.89,68361.75895
1601985600,45.89,48.03,45.52,47.87,193460.33596
1602000000,47.87,48.25,45.83,46.25,240401.40739
1602014400,46.25,46.36,45.66,45.99,82849.28471
1602028800,45.99,46.02,45.02,45.61,79654.13642
1602043200,45.61,46.2,45.52,45.96,46937.56505
1602057600,45.96,46.01,45.29,45.64,46173.01391
1602072000,45.64,46.68,45.62,46.16,88053.67079
1602086400,46.16,46.96,45.73,46.67,90900.54606
1602100800,46.67,46.9,46.44,46.55,32877.78739
1602115200,46.55,46.66,46.12,46.38,36728.23932
1602129600,46.38,46.52,45.45,45.89,68157.16174
1602144000,45.89,46.25,45.68,45.91,69246.2483
1602158400,45.91,47.44,45.82,47.18,142209.18178
1602172800,47.18,47.5,46.94,47.13,61851.04653
1602187200,47.13,47.35,47.03,47.21,34389.78724
1602201600,47.21,47.29,46.65,46.94,83549.92977
1602216000,46.94,46.96,46.59,46.88,35429.0434
1602230400,46.88,47.86,46.8,47.5,104645.95281
1602244800,47.5,48.2,47.44,48.14,79049.48047
1602259200,48.14,48.2,47.56,47.63,60304.64971
1602273600,47.63,47.94,47.53,47.78,39535.83552
1602288000,47.78,50.46,47.76,49.92,151174.09413
1602302400,49.92,50.08,49.5,49.73,41008.83534
1602316800,49.73,49.81,48.7,49.21,53988.39892
1602331200,49.21,50.38,48.96,49.5,85939.34203
1602345600,49.5,49.63,49.14,49.17,34831.82404
1602360000,49.17,49.46,48.41,48.88,59221.24431
1602374400,48.88,49.31,48.66,49.14,33860.56632
1602388800,49.14,49.86,48.96,49.67,34224.06058
1602403200,49.67,50.86,49.4,50.21,78170.13576
1602417600,50.21,51.13,49.57,50.72,112136.69189
1602432000,50.72,51.27,50.23,50.35,78431.31109
1602446400,50.35,50.81,49.9,50.48,56506.86618
1602460800,50.48,50.5,49.98,50.04,60188.52469
1602475200,50.04,50.81,49.69,50.44,78070.21755
1602489600,50.44,50.63,49.24,49.54,103245.6349
1602504000,49.54,51.35,49.48,50.98,184273.78861
1602518400,50.98,51.38,50.85,51.07,97355.2035
1602532800,51.07,51.5,50.25,50.58,99017.33933
1602547200,50.58,50.71,49.87,50.0,99391.10795
1602561600,50.0,50.52,49.7,50.0,77786.03907
1602576000,50.0,50.48,49.57,50.22,81578.56424
1602590400,50.22,50.28,48.8,49.72,124436.00466
1602604800,49.72,49.98,49.42,49.64,52932.64733
1602619200,49.64,50.1,49.6,49.89,32320.68897
1602633600,49.89,50.26,49.81,49.94,40907.19236
1602648000,49.94,50.66,49.65,50.38,63416.74078
1602662400,50.38,50.86,50.0,50.15,77892.93859
1602676800,50.15,51.04,49.27,49.48,119910.38773
1602691200,49.48,49.99,49.28,49.43,55557.91871
1602705600,49.43,49.92,49.37,49.79,24188.13406
1602720000,49.79,49.82,49.42,49.6,28219.40731
1602734400,49.6,50.22,49.41,50.16,46026.53379
1602748800,50.16,50.24,48.8,49.31,98306.71266
1602763200,49.31,49.92,49.04,49.68,73774.50567
1602777600,49.68,49.95,49.28,49.58,56692.88636
1602792000,49.58,49.91,49.3,49.53,46945.99164
1602806400,49.53,49.84,49.33,49.74,48285.44124
1602820800,49.74,49.76,45.6,47.05,296201.64261
1602835200,47.05,47.53,46.01,47.37,116617.77168
1602849600,47.37,47.42,46.88,47.12,54149.8564
1602864000,47.12,47.78,46.95,47.18,62835.80435
1602878400,47.18,47.73,47.11,47.6,25684.56158
1602892800,47.6,47.64,47.01,47.62,37572.86144
1602907200,47.62,47.62,47.24,47.32,26636.21265
1602921600,47.32,47.44,47.16,47.27,29418.56716
1602936000,47.27,47.51,46.28,47.01,77594.88455
1602950400,47.01,47.01,46.59,46.74,29400.24218
1602964800,46.74,46.96,46.59,46.93,22342.08954
1602979200,46.93,47.16,46.78,47.08,21814.58522
1602993600,47.08,47.57,47.01,47.49,31323.91235
1603008000,47.49,47.64,47.36,47.38,25799.98675
1603022400,47.38,47.98,47.32,47.54,40740.01424
1603036800,47.54,47.59,47.35,47.39,22888.37486
1603051200,47.39,47.6,47.24,47.54,22166.39963
1603065600,47.54,47.63,46.8,46.87,57948.14756
1603080000,46.87,47.21,46.85,47.08,22502.72544
1603094400,47.08,47.44,46.98,47.29,31283.91881
1603108800,47.29,48.44,47.27,48.27,110848.79026
1603123200,48.27,48.4,47.98,48.08,68791.51566
1603137600,48.08,48.18,47.92,47.99,25433.7339
1603152000,47.99,48.46,47.82,48.29,44391.50883
1603166400,48.29,48.34,47.36,47.53,49680.25661
1603180800,47.53,47.81,46.82,47.08,91713.35343
1603195200,47.08,47.46,46.82,47.23,86692.5714
1603209600,47.23,47.44,46.36,46.61,88920.57723
1603224000,46.61,47.06,46.57,46.88,37856.57927
1603238400,46.88,49.52,46.85,49.14,187396.00086
1603252800,49.14,49.34,48.5,48.77,111717.99797
1603267200,48.77,49.62,48.53,49.15,80929.31611
1603281600,49.15,53.99,49.01,52.76,499172.60574
1603296000,52.76,53.4,52.15,52.31,250741.54714
1603310400,52.31,55.0,52.31,52.98,295697.54968
1603324800,52.98,55.83,52.97,54.78,326611.06223
1603339200,54.78,56.31,54.35,55.78,210464.79983
1603353600,55.78,56.28,54.45,55.41,355290.13423
1603368000,55.41,55.49,54.6,54.78,189820.4035
1603382400,54.78,55.22,54.38,54.78,161217.2483
1603396800,54.78,55.43,53.71,54.35,162486.35599
1603411200,54.35,54.84,53.02,54.65,180084.08304
1603425600,54.65,57.0,54.48,55.68,231825.41649
1603440000,55.68,56.68,55.46,55.6,175749.22565
1603454400,55.6,55.77,54.16,54.82,195313.91736
1603468800,54.82,55.87,53.52,55.8,233794.06421
1603483200,55.8,56.02,55.26,55.42,62289.18557
1603497600,55.42,55.85,54.83,55.47,95876.44463
1603512000,55.47,57.1,55.46,56.2,135118.39373
1603526400,56.2,58.26,56.01,57.88,181577.27197
1603540800,57.88,59.41,57.55,58.53,314072.61989
1603555200,58.53,59.64,58.25,59.22,145490.60496
1603569600,59.22,59.54,58.5,59.23,73610.83568
1603584000,59.23,59.23,57.67,58.51,151610.1636
1603598400,58.51,58.95,56.82,57.39,221634.09769
1603612800,57.39,57.48,56.53,57.2,108440.02428
1603627200,57.2,60.0,57.08,59.28,263482.04685
1603641600,59.28,59.61,58.59,59.22,103258.68614
1603656000,59.22,59.26,58.34,58.84,58643.96747
1603670400,58.84,59.31,57.59,58.62,145594.91751
1603684800,58.62,58.64,57.5,57.56,95976.40704
1603699200,57.56,58.77,57.0,57.91,162968.52564
1603713600,57.91,58.12,55.47,56.22,252105.59194
1603728000,56.22,56.6,54.94,56.51,210587.98863
1603742400,56.51,57.42,56.33,56.82,70271.83953
1603756800,56.82,57.73,56.46,56.72,95081.19658
1603771200,56.72,58.28,56.65,57.95,107614.20997
1603785600,57.95,58.41,57.06,57.93,176713.47726
1603800000,57.93,58.34,57.26,58.18,145928.49629
1603814400,58.18,59.06,57.6,57.79,196301.48533
1603828800,57.79,58.24,57.24,57.91,125060.50492
1603843200,57.91,60.55,57.56,59.54,215767.7297
1603857600,59.54,60.18,57.11,58.11,203476.70389
1603872000,58.11,59.1,56.77,57.16,243912.01012
1603886400,57.16,57.84,55.17,56.36,341491.6317
1603900800,56.36,56.51,54.8,55.64,156241.93347
1603915200,55.64,56.06,54.71,55.77,66659.6743
1603929600,55.77,56.39,55.49,56.3,101660.89684
1603944000,56.3,56.57,55.6,55.6,111438.19799
1603958400,55.6,55.94,54.29,54.41,159291.18896
1603972800,54.41,56.0,53.37,55.48,252500.67602
1603987200,55.48,56.15,55.06,55.06,96883.89123
1604001600,55.06,55.19,54.36,54.87,76478.88338
1604016000,54.87,55.78,54.2,54.3,151644.30387
1604030400,54.3,54.67,53.01,53.64,162279.68275
1604044800,53.64,54.21,52.2,53.6,172055.63904
1604059200,53.6,53.99,52.9,53.87,116390.55479
1604073600,53.87,54.16,53.46,53.96,61179.68922
1604088000,53.96,54.31,53.72,54.01,42525.02802
1604102400,54.01,55.36,53.6,54.36,114779.50125
1604116800,54.36,54.5,53.7,54.07,40945.33377
1604131200,54.07,56.03,54.05,55.74,218370.84049
1604145600,55.74,56.5,55.3,56.16,120904.47547
1604160000,56.16,56.36,55.33,55.63,55625.42201
1604174400,55.63,56.16,55.5,55.72,43278.40247
1604188800,55.72,56.19,54.78,55.0,110646.12676
1604203200,55.0,55.5,54.72,55.45,51274.51292
1604217600,55.45,55.57,54.07,54.36,69596.38013
1604232000,54.36,55.26,54.27,54.95,49418.07619
1604246400,54.95,55.5,54.77,55.36,37424.15086
1604260800,55.36,55.98,55.3,55.6,51014.56465
1604275200,55.6,56.84,55.56,55.7,128377.11633
1604289600,55.7,56.21,55.31,56.0,73197.99546
1604304000,56.0,56.01,53.44,53.86,228838.11189
1604318400,53.86,54.31,53.01,53.89,173357.11736
1604332800,53.89,54.31,53.75,54.21,48464.22298
1604347200,54.21,54.56,53.62,53.8,48263.92878
1604361600,53.8,54.37,51.13,52.05,204426.80869
1604376000,52.05,52.98,51.51,52.65,126254.82113
1604390400,52.65,53.26,52.4,52.78,85391.81941
1604404800,52.78,53.69,52.35,52.82,117343.72692
1604419200,52.82,53.47,52.59,53.36,74475.04244
1604433600,53.36,54.1,53.28,53.96,64427.94379
1604448000,53.96,54.51,52.95,54.0,115334.8963
1604462400,54.0,54.05,52.23,52.72,100370.15992
1604476800,52.72,53.43,52.52,52.9,115524.70014
1604491200,52.9,53.28,51.59,52.39,139474.43063
1604505600,52.39,54.99,52.25,54.57,242833.69639
1604520000,54.57,55.24,53.92,54.67,87471.90795
1604534400,54.67,55.98,54.62,55.53,129449.92262
1604548800,55.53,55.94,55.28,55.63,114980.75806
1604563200,55.63,56.18,54.84,55.99,180724.26526
1604577600,55.99,59.3,55.23,59.24,515334.19572
1604592000,59.24,59.73,57.57,58.82,267922.68372
1604606400,58.82,59.65,58.33,58.95,157923.80401
1604620800,58.95,62.32,58.61,60.62,450506.04944
1604635200,60.62,61.98,60.6,61.74,157769.41197
1604649600,61.74,63.15,60.08,62.54,360850.09908
1604664000,62.54,63.0,60.46,60.64,354602.28456
1604678400,60.64,62.02,60.51,60.7,151159.25469
1604692800,60.7,63.68,59.7,63.2,260586.4434
1604707200,63.2,64.77,63.0,63.32,257719.97792
1604721600,63.32,63.97,62.8,63.02,118691.38947
1604736000,63.02,64.61,62.59,63.93,171772.32621
1604750400,63.93,64.22,59.23,61.07,439761.57826
1604764800,61.07,62.0,57.3,58.09,442478.85862
1604779200,58.09,59.61,57.0,58.9,225115.4967
1604793600,58.9,60.43,58.52,59.39,139294.67893
1604808000,59.39,59.97,58.57,58.84,117654.42585
1604822400,58.84,60.1,58.82,59.85,97500.99804
1604836800,59.85,62.03,59.63,61.28,192637.35313
1604851200,61.28,61.81,60.5,60.97,154902.20044
1604865600,60.97,61.48,60.11,61.02,93885.43859
1604880000,61.02,61.69,60.14,60.66,112247.24089
1604894400,60.66,60.67,59.39,59.58,113237.07058
1604908800,59.58,61.86,59.13,61.76,168121.52981
1604923200,61.76,61.8,57.73,57.99,361179.60761
1604937600,57.99,59.53,57.37,59.18,148567.48166
1604952000,59.18,59.4,58.46,59.23,94447.85471
1604966400,59.23,59.6,58.59,59.05,74673.04278
1604980800,59.05,59.42,57.77,58.63,107722.35873
1604995200,58.63,59.32,57.67,58.71,143621.79164
1605009600,58.71,58.99,57.04,57.45,174827.40235
1605024000,57.45,58.17,57.27,58.01,83899.16414
1605038400,58.01,58.26,57.78,57.93,55246.45643
1605052800,57.93,60.24,57.8,59.68,249437.86758
1605067200,59.68,59.91,58.76,59.44,97538.25652
1605081600,59.44,59.96,58.71,59.42,113292.13553
1605096000,59.42,59.79,58.9,59.61,101291.29155
1605110400,59.61,60.53,59.46,59.86,198186.28904
1605124800,59.86,59.88,59.1,59.27,64791.04125
1605139200,59.27,59.34,57.6,58.42,111501.06595
1605153600,58.42,59.73,58.31,59.38,81379.85515
1605168000,59.38,60.56,57.8,58.59,219533.47822
1605182400,58.59,59.22,58.05,58.87,133594.34667
1605196800,58.87,59.81,58.03,58.55,144084.80422
1605211200,58.55,60.82,58.53,60.72,140484.71207
1605225600,60.72,62.58,60.14,61.97,392001.93108
1605240000,61.97,62.9,61.13,62.3,272591.58409
1605254400,62.3,64.55,61.54,63.45,398916.5086
1605268800,63.45,66.66,63.1,65.29,486191.3485
1605283200,65.29,66.49,64.3,65.22,288664.70806
1605297600,65.22,66.14,64.77,65.96,136015.59003
1605312000,65.96,66.32,64.02,64.34,218274.48844
1605326400,64.34,64.78,63.5,63.98,177317.61161
1605340800,63.98,64.31,62.11,63.06,257998.61745
1605355200,63.06,63.61,62.56,63.0,118728.01786
1605369600,63.0,63.48,61.63,62.85,162131.06752
1605384000,62.85,64.22,62.57,63.85,83376.25541
1605398400,63.85,64.43,62.36,62.7,117923.88048
1605412800,62.7,63.79,62.51,63.41,79620.41964
1605427200,63.41,64.02,62.06,62.11,132861.56671
1605441600,62.11,63.22,61.94,62.78,121664.17995
1605456000,62.78,62.94,61.47,61.65,134209.38938
1605470400,61.65,62.52,61.08,62.28,98970.31886
1605484800,62.28,66.31,62.08,66.04,344328.2655
1605499200,66.04,68.43,65.74,68.29,391801.11753
1605513600,68.29,68.48,66.58,67.14,325425.34052
1605528000,67.14,72.08,66.81,71.4,674173.44402
1605542400,71.4,72.67,70.36,71.27,421364.54051
1605556800,71.27,74.62,69.97,73.84,369114.45154
1605571200,73.84,75.76,72.98,73.39,516693.85982
1605585600,73.39,74.94,73.09,73.83,274490.12494
1605600000,73.83,74.45,71.39,74.39,474380.2526
1605614400,74.39,74.47,71.36,72.9,612048.86107
1605628800,72.9,76.0,72.21,75.07,645235.71805
1605643200,75.07,77.0,73.77,76.32,322146.08231
1605657600,76.32,77.13,73.62,75.53,448414.52879
1605672000,75.53,75.89,67.77,73.42,860847.45231
1605686400,73.42,73.77,71.7,72.76,355287.03722
1605700800,72.76,72.8,69.12,71.24,436253.17083
1605715200,71.24,74.89,70.8,72.93,392574.86956
1605729600,72.93,74.5,72.06,73.42,159964.98231
1605744000,73.42,75.29,72.78,74.13,331551.81779
1605758400,74.13,74.37,72.07,72.64,217152.64317
1605772800,72.64,79.16,71.47,78.78,650453.80639
1605787200,78.78,80.89,77.71,80.49,682700.5173
1605801600,80.49,83.1,79.75,82.65,515945.8537
1605816000,82.65,83.4,80.08,81.53,376019.41748
1605830400,81.53,83.9,80.75,81.33,503767.02243
1605844800,81.33,82.42,79.99,80.7,378855.19374
1605859200,80.7,82.57,80.04,82.29,397413.50549
1605873600,82.29,82.74,81.13,81.93,348437.92105
1605888000,81.93,85.63,81.54,83.36,548666.93774
1605902400,83.36,83.9,81.4,82.53,209034.57191
1605916800,82.53,85.27,81.68,82.01,446598.42845
1605931200,82.01,83.85,80.1,82.92,308613.66051
1605945600,82.92,84.83,81.6,82.08,323944.48407
1605960000,82.08,87.24,81.3,86.42,596069.00319
1605974400,86.42,88.5,83.0,85.47,578726.32625
1605988800,85.47,87.5,84.25,87.14,267767.50581
1606003200,87.14,87.92,83.69,85.0,477658.2072
1606017600,85.0,85.25,82.14,84.38,240769.08133
1606032000,84.38,84.9,77.3,80.87,456707.13371
1606046400,80.87,82.95,80.17,82.62,305442.49277
1606060800,82.62,84.98,81.97,84.59,307913.01149
1606075200,84.59,85.88,82.38,82.87,259814.65432
1606089600,82.87,84.0,80.8,83.7,305846.50037
1606104000,83.7,89.76,83.22,86.95,517864.5734
1606118400,86.95,89.42,86.79,87.14,377661.3917
1606132800,87.14,90.93,84.2,85.95,729944.3527
1606147200,85.95,88.25,85.04,87.25,342059.1863
1606161600,87.25,89.4,86.62,89.03,262260.06342
1606176000,89.03,92.39,87.04,89.69,550288.97027
1606190400,89.69,92.3,84.6,88.86,658923.18807
1606204800,88.86,94.02,86.31,88.74,634229.03937
1606219200,88.74,90.78,86.49,90.46,361068.03523
1606233600,90.46,91.2,88.88,89.68,223986.67033
1606248000,89.68,90.68,87.75,89.25,193219.73976
1606262400,89.25,90.76,85.89,86.39,306492.96147
1606276800,86.39,88.6,84.92,88.11,246589.97912
1606291200,88.11,90.07,87.39,90.05,192723.14866
1606305600,90.05,90.09,86.86,87.86,253874.81979
1606320000,87.86,87.97,85.3,85.61,194977.87667
1606334400,85.61,86.31,78.05,81.75,437281.45516
1606348800,81.75,83.29,71.26,76.88,620867.51604
1606363200,76.88,78.62,74.1,76.15,505263.0684
1606377600,76.15,76.62,71.65,73.85,644220.63571
1606392000,73.85,75.97,68.5,70.85,574655.48924
1606406400,70.85,71.53,64.45,66.69,692489.82696
1606420800,66.69,71.17,66.58,71.0,398462.75883
1606435200,71.0,73.5,69.58,70.83,348072.86567
1606449600,70.83,72.65,70.2,70.35,168155.59528
1606464000,70.35,71.58,66.55,67.16,456875.52147
1606478400,67.16,70.39,65.72,66.17,382996.3387
1606492800,66.17,69.14,65.3,68.21,203417.75771
1606507200,68.21,69.24,67.86,69.15,148003.42519
1606521600,69.15,71.0,68.26,69.26,220291.8928
1606536000,69.26,70.06,68.35,69.79,136331.94472
1606550400,69.79,71.13,68.39,70.6,201599.65096
1606564800,70.6,72.74,70.0,72.68,311653.1311
1606579200,72.68,74.9,71.59,74.82,328241.94486
1606593600,74.82,74.97,72.05,72.7,284949.79453
1606608000,72.7,74.85,71.51,74.76,209567.70127
1606622400,74.76,75.12,73.06,74.6,165107.51257
1606636800,74.6,77.28,74.02,75.3,343801.09415
1606651200,75.3,75.82,74.1,75.38,162348.5335
1606665600,75.38,79.48,74.49,78.03,348733.89937
1606680000,78.03,81.07,77.85,78.91,284981.47025
1606694400,78.91,80.5,78.55,79.81,186880.20044
1606708800,79.81,79.96,78.66,79.24,74351.52925
1606723200,79.24,79.86,76.63,79.0,263255.29956
1606737600,79.0,85.47,78.95,84.25,761265.77514
1606752000,84.25,88.46,84.09,85.64,557634.59641
1606766400,85.64,88.37,85.01,87.65,275578.26701
1606780800,87.65,90.72,85.4,88.25,455325.71444
1606795200,88.25,90.2,87.16,88.86,316688.22789
1606809600,88.86,91.57,86.0,88.29,547889.79878
1606824000,88.29,93.01,79.56,91.1,1296751.92778
1606838400,91.1,92.68,85.12,88.85,738258.71205
1606852800,88.85,89.48,83.95,85.08,245546.88191
1606867200,85.08,87.15,82.61,84.76,405225.75569
1606881600,84.76,90.06,83.12,89.88,440315.54508
1606896000,89.88,90.63,87.43,89.04,392813.44196
1606910400,89.04,89.32,85.51,86.46,372952.02263
1606924800,86.46,87.76,84.55,87.1,335702.12515
1606939200,87.1,89.5,86.51,88.9,188069.58886
1606953600,88.9,90.0,86.99,87.97,212705.8095
1606968000,87.97,88.51,85.46,88.11,277562.48568
1606982400,88.11,90.94,87.28,89.81,447146.4523
1606996800,89.81,90.41,88.05,90.35,302715.77128
1607011200,90.35,91.5,87.36,88.43,333902.07387
1607025600,88.43,89.16,87.58,89.0,116215.86622
1607040000,89.0,89.84,86.16,86.74,235251.48864
1607054400,86.74,87.95,86.42,86.84,151806.17126
1607068800,86.84,88.67,83.7,84.19,449890.34578
1607083200,84.19,85.91,83.0,84.34,298490.18725
1607097600,84.34,84.52,81.86,83.97,252094.18427
1607112000,83.97,84.01,77.8,79.52,314165.47597
1607126400,79.52,80.95,78.61,80.49,414067.66867
1607140800,80.49,82.77,80.47,81.86,165291.55742
1607155200,81.86,84.28,81.86,82.83,240804.48394
1607169600,82.83,83.93,81.77,83.09,225177.7112
1607184000,83.09,83.41,82.22,83.19,131557.7272
1607198400,83.19,83.33,81.62,83.14,101464.29736
1607212800,83.14,85.19,83.11,83.63,253777.69544
1607227200,83.63,84.12,82.94,83.79,86342.88721
1607241600,83.79,84.2,81.66,82.93,169587.03636
1607256000,82.93,82.95,80.31,81.89,176445.10631
1607270400,81.89,82.86,81.34,82.34,111035.31272
1607284800,82.34,84.14,81.66,83.55,123858.72192
1607299200,83.55,83.9,82.29,83.31,106019.80657
1607313600,83.31,84.85,82.8,84.67,119920.9417
1607328000,84.67,84.73,82.2,82.36,140341.15586
1607342400,82.36,86.87,82.23,84.53,465566.71243
1607356800,84.53,84.98,81.73,82.49,226251.85177
1607371200,82.49,84.04,82.21,83.37,87346.00574
1607385600,83.37,84.83,82.91,83.11,105337.1758
1607400000,83.11,83.71,82.37,82.38,99695.78635
1607414400,82.38,82.92,79.82,80.45,286330.90759
1607428800,80.45,81.24,78.95,79.72,225988.05278
1607443200,79.72,80.12,77.84,78.6,231652.1533
1607457600,78.6,78.78,75.41,76.76,281949.79393
1607472000,76.76,77.51,75.15,76.66,243195.38026
1607486400,76.66,76.7,74.28,74.44,211008.89044
1607500800,74.44,77.0,72.13,76.54,412348.58402
1607515200,76.54,77.79,75.67,76.24,189027.02082
1607529600,76.24,77.16,75.23,75.68,149885.23037
1607544000,75.68,78.14,75.53,77.41,172849.48762
1607558400,77.41,77.66,76.21,76.62,140228.04746
1607572800,76.62,77.17,75.0,75.78,153771.33987
1607587200,75.78,76.48,74.11,75.0,201957.29335
1607601600,75.0,75.75,72.51,74.54,216638.97498
1607616000,74.54,75.03,74.03,74.93,116517.53106
1607630400,74.93,75.5,74.57,74.7,71457.37148
1607644800,74.7,75.09,70.59,72.07,437851.20495
1607659200,72.07,72.42,70.38,71.17,231252.62054
1607673600,71.17,71.89,69.87,70.68,267594.04418
1607688000,70.68,73.57,70.5,72.95,236159.81716
1607702400,72.95,72.96,70.9,71.61,187289.37276
1607716800,71.61,73.27,71.38,72.2,123948.79275
1607731200,72.2,75.29,71.97,74.75,210290.47877
1607745600,74.75,75.68,74.4,75.54,155429.57132
1607760000,75.54,76.0,74.65,75.74,127485.92782
1607774400,75.74,75.81,74.39,74.9,110154.04509
1607788800,74.9,77.0,74.87,76.77,166545.41325
1607803200,76.77,77.58,76.45,76.67,102488.69259
1607817600,76.67,77.0,75.64,75.8,86063.086
1607832000,75.8,78.64,75.52,78.23,174701.79153
1607846400,78.23,81.46,78.22,80.58,305654.84586
1607860800,80.58,81.65,79.53,80.83,255046.20084
1607875200,80.83,84.38,80.82,82.12,296526.92741
1607889600,82.12,82.69,80.83,82.28,160890.13164
1607904000,82.28,82.98,80.35,82.01,201625.95528
1607918400,82.01,82.24,80.33,81.05,159292.42862
1607932800,81.05,81.85,79.12,79.84,190343.30731
1607947200,79.84,82.85,79.11,81.86,262343.91251
1607961600,81.86,82.44,80.0,81.54,176780.51862
1607976000,81.54,82.67,81.02,82.35,111695.60792
1607990400,82.35,84.93,82.35,83.6,256105.09384
1608004800,83.6,83.73,80.4,81.68,344185.6134
1608019200,81.68,82.8,80.39,81.99,237823.06826
1608033600,81.99,82.82,81.0,81.56,204926.79264
1608048000,81.56,82.56,81.06,82.12,152547.26699
1608062400,82.12,83.28,80.58,81.32,152881.37376
1608076800,81.32,81.48,78.31,79.71,294502.05414
1608091200,79.71,80.92,79.31,80.28,95487.7888
1608105600,80.28,83.13,80.0,82.34,294561.02295
1608120000,82.34,88.54,81.41,88.31,798754.20768
1608134400,88.31,90.85,88.3,89.44,459865.31451
1608148800,89.44,93.44,89.44,92.94,405953.81116
1608163200,92.94,94.34,90.0,91.31,522160.55369
1608177600,91.31,93.56,91.19,92.97,300999.10979
1608192000,92.97,103.6,91.46,100.39,1178264.69258
1608206400,100.39,106.34,99.0,106.3,620989.5632
1608220800,106.3,109.8,97.1,101.69,1053128.15482
1608235200,101.69,104.65,98.45,101.01,485912.81845
1608249600,101.01,112.88,99.24,107.73,850642.37543
1608264000,107.73,110.73,105.14,109.42,425309.45203
1608278400,109.42,111.91,107.21,108.47,504736.98037
1608292800,108.47,109.72,102.65,105.1,645445.25482
1608307200,105.1,108.9,103.92,105.91,394695.22477
1608321600,105.91,109.59,104.69,109.34,320842.24867
1608336000,109.34,109.88,107.1,107.85,243428.32063
1608350400,107.85,108.31,105.31,106.36,190854.65133
1608364800,106.36,109.0,106.08,107.83,199045.72529
1608379200,107.83,118.1,107.83,117.57,833933.20624
1608393600,117.57,120.0,114.61,118.82,689638.08266
1608408000,118.82,124.24,118.02,119.85,596460.21356
1608422400,119.85,120.1,115.0,117.21,480149.02222
1608436800,117.21,123.21,115.95,121.2,495001.20923
1608451200,121.2,121.2,116.1,118.2,500949.73591
1608465600,118.2,119.15,112.62,119.03,472827.90304
1608480000,119.03,119.35,114.5,116.44,289893.00931
1608494400,116.44,118.86,109.76,114.58,432484.44868
1608508800,114.58,116.93,113.0,115.63,346842.35889
1608523200,115.63,118.65,114.49,116.34,309455.27075
1608537600,116.34,117.08,102.47,105.2,1041644.72445
1608552000,105.2,108.07,100.31,107.05,419845.20483
1608566400,107.05,107.25,103.07,103.66,199794.61751
1608580800,103.66,107.73,102.88,104.45,281945.63722
1608595200,104.45,107.09,102.61,103.73,370853.80813
1608609600,103.73,106.25,99.13,101.01,512805.86168
1608624000,101.01,106.68,98.35,106.07,638445.14923
1608638400,106.07,113.56,106.0,111.41,778852.3879
1608652800,111.41,113.17,108.46,110.7,461431.89609
1608667200,110.7,114.63,107.44,114.32,447930.22225
1608681600,114.32,117.29,111.62,114.23,502197.18941
1608696000,114.23,114.23,108.0,110.45,584606.77648
1608710400,110.45,111.95,100.49,105.26,783255.30733
1608724800,105.26,114.17,103.36,105.36,879713.2656
1608739200,105.36,107.2,103.39,105.81,459734.51646
1608753600,105.81,106.7,95.23,102.45,714084.01906
1608768000,102.45,103.94,98.55,102.65,702427.48907
1608782400,102.65,105.49,101.0,103.66,441900.30448
1608796800,103.66,105.63,102.02,104.26,415470.03947
1608811200,104.26,109.72,102.36,107.81,495389.9403
1608825600,107.81,108.8,105.52,106.24,323156.70381
1608840000,106.24,112.32,105.36,111.13,318636.03984
1608854400,111.13,112.75,108.6,108.83,216476.55113
1608868800,108.83,111.54,108.18,111.34,245281.74169
1608883200,111.34,122.97,111.0,122.02,756203.46815
1608897600,122.02,125.19,116.59,118.89,688506.51306
1608912000,118.89,123.85,117.65,122.73,679343.24847
1608926400,122.73,128.63,120.82,127.78,532102.42648
1608940800,127.78,132.63,124.94,131.44,725206.89485
1608955200,131.44,131.5,126.89,128.36,421905.03375
1608969600,128.36,130.83,125.4,129.23,503887.54362
1608984000,129.23,132.2,127.9,130.44,707400.10557
1608998400,130.44,134.5,129.5,131.61,541575.03375
1609012800,131.61,135.19,128.41,129.61,561101.03576
1609027200,129.61,136.27,127.38,133.75,543467.00314
1609041600,133.75,137.64,133.19,134.84,403285.44819
1609056000,134.84,135.6,125.96,129.49,629232.70656
1609070400,129.49,139.47,121.88,135.82,1114760.13948
1609084800,135.82,138.19,128.8,132.38,595974.36145
1609099200,132.38,132.4,123.88,127.88,456453.47119
1609113600,127.88,132.68,126.37,129.46,390488.563
1609128000,129.46,132.5,127.34,131.48,292332.91669
1609142400,131.48,137.41,129.0,135.66,572714.62066
1609156800,135.66,136.62,130.0,130.91,528519.89266
1609171200,130.91,134.3,129.51,131.93,323914.95451
1609185600,131.93,132.2,127.55,129.83,241872.0075
1609200000,129.83,130.9,125.33,125.69,347945.13898
1609214400,125.69,127.77,122.63,127.0,307673.93736
1609228800,127.0,130.12,125.8,128.64,225361.82306
1609243200,128.64,130.4,124.36,124.68,256273.26763
1609257600,124.68,126.5,120.0,126.15,396613.08699
1609272000,126.15,129.71,124.55,128.8,198381.13007
1609286400,128.8,133.11,128.12,130.4,377169.13483
1609300800,130.4,131.68,127.36,128.01,284937.7213
1609315200,128.01,129.57,122.63,125.29,415439.57784
1609329600,125.29,127.27,123.71,126.06,240659.91689
1609344000,126.06,129.07,124.6,128.58,239756.45149
1609358400,128.58,130.06,126.55,130.05,169713.83865
1609372800,130.05,130.35,123.5,127.0,273250.99871
1609387200,127.0,129.4,125.35,127.83,224868.95728
1609401600,127.83,128.45,125.21,126.62,200060.88666
1609416000,126.62,127.55,121.98,124.83,315462.47377
1609430400,124.83,124.93,122.77,124.23,133648.57188
1609444800,124.23,125.56,123.52,124.21,101431.14594
1609459200,124.21,133.97,122.89,131.66,485134.28259
1609473600,131.66,132.3,128.11,129.41,250047.36727
1609488000,129.41,129.99,124.77,127.62,286085.60039
1609502400,127.62,130.27,125.74,126.34,230773.22239
1609516800,126.34,127.55,123.35,125.26,195453.30175
1609531200,125.26,126.49,124.75,126.24,92308.03376
1609545600,126.24,126.75,123.15,125.1,176592.57828
1609560000,125.1,127.36,124.22,125.4,118672.01427
1609574400,125.4,127.09,123.8,125.35,140340.8956
1609588800,125.35,132.51,125.07,131.13,665456.15618
1609603200,131.13,142.0,129.6,138.38,884602.47828
1609617600,138.38,138.59,131.78,136.96,456602.64239
1609632000,136.96,139.0,135.36,135.77,249933.71051
1609646400,135.77,142.79,135.3,139.16,506557.38314
1609660800,139.16,155.0,137.51,151.82,906032.20179
1609675200,151.82,156.17,147.2,150.83,799956.9931
1609689600,150.83,160.0,147.55,151.3,869015.70179
1609704000,151.3,164.7,151.15,161.24,482338.08636
1609718400,161.24,164.72,153.0,163.9,433847.47348
1609732800,163.9,173.66,152.34,160.36,855071.13221
1609747200,160.36,163.46,139.31,152.6,1013306.40815
1609761600,152.6,157.95,149.81,152.78,572924.0905
1609776000,152.78,153.97,146.24,152.9,414907.95986
1609790400,152.9,155.8,148.66,155.34,240365.13972
1609804800,155.34,159.96,149.33,149.5,490952.9638
1609819200,149.5,153.75,146.52,150.65,348012.12186
1609833600,150.65,156.7,150.64,154.84,254009.89024
1609848000,154.84,155.74,149.62,154.27,242460.7988
1609862400,154.27,159.18,152.86,157.0,339019.30973
1609876800,157.0,162.8,155.23,158.43,323750.83982
1609891200,158.43,159.79,154.95,156.92,240715.67536
1609905600,156.92,164.81,156.5,160.87,367967.78083
1609920000,160.87,166.23,157.77,164.44,317957.57804
1609934400,164.44,166.31,160.82,164.53,298821.50696
1609948800,164.53,169.72,162.94,163.8,331099.63873
1609963200,163.8,169.2,159.03,168.92,301269.25174
1609977600,168.92,172.56,165.75,169.78,339419.49793
1609992000,169.78,171.55,164.22,165.22,273214.03275
1610006400,165.22,167.95,162.0,167.23,292235.61103
1610020800,167.23,172.22,165.84,170.82,418908.881
1610035200,170.82,181.22,161.18,171.75,859268.10704
1610049600,171.75,174.69,166.5,169.35,310487.86505
1610064000,169.35,171.9,150.0,157.98,502608.77557
1610078400,157.98,165.61,155.35,163.9,262341.08705
1610092800,163.9,174.29,161.68,171.84,448882.96282
1610107200,171.84,179.88,167.2,172.6,625729.5519
1610121600,172.6,181.92,167.78,169.36,664558.59079
1610136000,169.36,174.31,163.22,172.19,339038.73527
1610150400,172.19,175.72,167.13,171.36,324231.6459
1610164800,171.36,171.4,163.3,167.11,272239.93594
1610179200,167.11,174.0,165.6,170.78,274215.4879
1610193600,170.78,173.16,168.1,170.32,202099.36074
1610208000,170.32,172.9,166.5,172.43,274533.81778
1610222400,172.43,178.8,170.47,177.26,402461.60147
1610236800,177.26,185.83,176.57,178.55,411436.84763
1610251200,178.55,185.63,177.19,184.5,299268.92069
1610265600,184.5,185.46,169.33,170.86,492694.27452
1610280000,170.86,177.27,168.89,173.39,341979.23703
1610294400,173.39,176.56,165.3,168.7,341914.41188
1610308800,168.7,172.58,161.86,170.07,382411.35285
1610323200,170.07,170.74,124.7,143.6,750770.11661
1610337600,143.6,149.36,134.25,141.68,928725.07237
1610352000,141.68,149.2,140.0,141.6,491557.3328
1610366400,141.6,142.01,121.01,124.87,1069581.11933
1610380800,124.87,129.85,112.7,124.4,1130701.99297
1610395200,124.4,140.9,121.81,138.87,648481.16567
1610409600,138.87,141.54,131.79,140.98,560104.03797
1610424000,140.98,146.86,137.22,144.82,479809.851
1610438400,144.82,145.4,137.1,140.63,445885.97774
1610452800,140.63,142.47,128.0,136.21,649652.57278
1610467200,136.21,141.23,135.12,136.92,343583.85428
1610481600,136.92,138.12,130.22,133.42,346543.3188
1610496000,133.42,137.1,125.9,134.36,572746.87433
1610510400,134.36,139.86,129.94,137.93,371226.29982
1610524800,137.93,140.5,135.63,137.95,330372.49785
1610539200,137.95,140.0,135.68,138.67,286389.08596
1610553600,138.67,142.11,137.05,140.56,236211.28143
1610568000,140.56,148.46,140.5,147.38,356480.23859
1610582400,147.38,149.92,144.15,145.03,298918.16826
1610596800,145.03,150.6,143.55,148.0,272761.67729
1610611200,148.0,150.32,145.12,147.46,330406.19053
1610625600,147.46,155.28,144.48,152.95,533493.16748
1610640000,152.95,156.89,152.39,154.51,292230.04247
1610654400,154.51,154.78,145.75,152.5,305953.35424
1610668800,152.5,155.74,148.65,150.19,293790.63377
1610683200,150.19,151.73,146.3,150.51,290262.30992
1610697600,150.51,152.0,148.08,149.12,228090.03181
1610712000,149.12,151.18,136.6,137.82,470558.37457
1610726400,137.82,141.84,130.0,138.85,601667.64129
1610740800,138.85,144.86,136.69,143.65,219856.52074
1610755200,143.65,146.47,141.42,143.63,253379.94674
1610769600,143.63,144.0,139.28,143.09,221658.23199
1610784000,143.09,149.98,142.52,149.19,327150.60245
1610798400,149.19,151.94,145.41,149.95,378535.0239
1610812800,149.95,152.59,143.21,145.83,371216.16898
1610827200,145.83,147.49,141.02,143.52,232113.85569
1610841600,143.52,147.0,141.55,143.92,187143.0939
1610856000,143.92,144.88,137.73,139.02,278186.44867
1610870400,139.02,142.7,136.22,142.17,336644.94098
1610884800,142.17,143.5,138.94,142.31,221698.33785
1610899200,142.31,144.36,141.03,141.78,189640.73133
1610913600,141.78,145.72,141.78,142.8,165768.82647
1610928000,142.8,144.68,138.44,139.49,190909.37397
1610942400,139.49,143.52,138.5,142.67,161776.5138
1610956800,142.67,144.04,139.66,141.95,173641.46432
1610971200,141.95,154.99,141.65,151.28,731840.05924
1610985600,151.28,152.98,145.47,148.08,241149.28432
1611000000,148.08,153.1,148.01,151.96,145630.45248
1611014400,151.96,160.41,150.18,158.55,513726.59524
1611028800,158.55,165.0,155.92,164.27,382314.5859
1611043200,164.27,166.02,159.46,164.27,392236.60325
1611057600,164.27,164.68,157.25,161.74,364436.81451
1611072000,161.74,164.6,155.41,156.76,396551.71608
1611086400,156.76,159.86,151.64,151.86,239532.16279
1611100800,151.86,156.15,147.84,148.3,356349.82246
1611115200,148.3,153.65,147.33,151.4,288849.95722
1611129600,151.4,152.43,140.24,142.7,493848.31318
1611144000,142.7,147.3,140.0,141.23,391376.26364
1611158400,141.23,148.76,138.4,148.42,339330.77141
1611172800,148.42,150.11,144.88,149.69,167899.19174
1611187200,149.69,150.25,143.25,144.51,236517.38766
1611201600,144.51,145.37,140.5,143.25,227267.72829
1611216000,143.25,143.27,131.7,133.92,565444.47879
1611230400,133.92,136.77,130.02,131.21,485861.26995
1611244800,131.21,136.19,129.99,134.77,371308.47345
1611259200,134.77,135.34,125.64,129.72,289720.14075
1611273600,129.72,135.1,122.7,134.9,651827.92337
1611288000,134.9,138.0,133.02,135.14,284496.8152
1611302400,135.14,141.73,133.55,139.47,393904.91171
1611316800,139.47,141.85,137.38,140.27,279071.6082
1611331200,140.27,140.72,136.75,140.43,213058.80243
1611345600,140.43,140.55,136.69,137.66,156717.94469
1611360000,137.66,137.88,135.05,137.09,182352.80777
1611374400,137.09,142.0,136.84,141.01,213099.64419
1611388800,141.01,143.52,135.75,136.86,236942.44255
1611403200,136.86,139.41,136.38,138.79,154469.15733
1611417600,138.79,140.24,138.07,139.65,97217.11256
1611432000,139.65,139.94,136.83,137.67,85907.39718
1611446400,137.67,140.75,136.27,140.68,118829.81358
1611460800,140.68,142.65,139.8,141.52,178618.19155
1611475200,141.52,142.37,140.0,141.56,127430.95257
1611489600,141.56,141.83,137.13,138.01,160346.55732
1611504000,138.01,138.76,133.73,135.92,198152.5614
1611518400,135.92,141.87,135.7,141.01,134081.77416
1611532800,141.01,147.87,140.58,146.98,338962.15072
1611547200,146.98,147.51,142.57,144.17,160017.82325
1611561600,144.17,144.34,139.88,142.08,194116.08273
1611576000,142.08,146.79,141.17,145.52,274072.07392
1611590400,145.52,145.97,140.63,141.24,204417.89675
1611604800,141.24,141.29,136.62,137.07,209316.36613
1611619200,137.07,139.76,133.71,134.48,200811.77941
1611633600,134.48,137.34,132.33,135.04,181291.98491
1611648000,135.04,137.2,132.33,134.95,146748.36704
1611662400,134.95,135.59,127.85,131.0,267664.92429
1611676800,131.0,135.25,130.13,134.23,190813.37137
1611691200,134.23,136.3,132.75,134.67,105810.65434
1611705600,134.67,134.96,130.74,131.54,107795.57473
1611720000,131.54,131.86,128.44,130.51,115336.80272
1611734400,130.51,130.54,123.88,124.04,216332.80111
1611748800,124.04,126.06,118.13,124.96,368814.45457
1611763200,124.96,126.56,119.91,123.07,251996.04244
1611777600,123.07,127.5,121.87,122.44,180048.00621
1611792000,122.44,127.32,120.74,126.92,153020.30702
1611806400,126.92,131.9,125.91,128.45,208592.44172
1611820800,128.45,131.35,127.37,129.54,176791.09213
1611835200,129.54,132.51,128.65,130.92,214348.35302
1611849600,130.92,132.06,128.92,130.22,151190.8332
1611864000,130.22,135.84,129.97,133.27,170817.47819
1611878400,133.27,138.75,133.18,134.72,322604.3274
1611892800,134.72,135.48,131.44,132.87,267903.00125
1611907200,132.87,143.66,131.79,141.68,662798.30781
1611921600,141.68,145.5,139.32,142.77,373298.229
1611936000,142.77,143.8,133.17,135.42,364648.24932
1611950400,135.42,139.48,134.03,134.65,201788.26962
1611964800,134.65,136.23,128.02,130.21,277112.78595
1611979200,130.21,131.91,128.64,131.43,199921.73346
1611993600,131.43,132.68,129.3,130.29,190049.21365
1612008000,130.29,135.62,129.0,132.98,243106.21003
1612022400,132.98,134.3,130.0,133.61,214268.40724
1612036800,133.61,134.51,132.5,133.36,91111.60563
1612051200,133.36,135.06,131.36,131.77,156528.15413
1612065600,131.77,132.46,130.1,130.84,130935.75139
1612080000,130.84,131.97,130.0,131.3,111361.65661
1612094400,131.3,133.75,125.81,126.91,245349.86586
1612108800,126.91,128.96,125.67,128.1,180097.81846
1612123200,128.1,130.3,127.08,129.36,93720.10546
1612137600,129.36,131.62,125.95,130.36,163504.48043
1612152000,130.36,132.54,129.63,130.78,137964.14741
1612166400,130.78,136.63,129.61,134.72,318624.61221
1612180800,134.72,136.46,127.3,128.44,294000.08244
1612195200,128.44,131.9,128.39,131.31,123678.7303
1612209600,131.31,133.58,130.46,132.0,129837.3175
1612224000,132.0,136.1,131.87,133.26,193924.33355
1612238400,133.26,137.88,133.16,137.27,201817.45647
1612252800,137.27,143.71,136.2,139.1,441756.61191
1612267200,139.1,145.33,138.1,145.3,458948.7691
1612281600,145.3,145.79,141.75,145.49,337302.57234
1612296000,145.49,145.82,141.88,141.98,250808.75201
1612310400,141.98,154.6,141.92,153.45,449592.04121
1612324800,153.45,154.88,151.38,152.28,250920.50876
1612339200,152.28,153.22,148.46,150.4,306983.29661
1612353600,150.4,153.69,148.6,153.2,303404.88733
1612368000,153.2,156.21,149.9,152.82,341226.95913
1612382400,152.82,156.7,152.26,155.93,168694.5962
1612396800,155.93,158.68,149.07,149.89,328304.36198
1612411200,149.89,153.67,149.17,151.28,212498.17469
1612425600,151.28,155.59,143.56,146.63,500667.17464
1612440000,146.63,150.29,141.03,143.79,360013.62277
1612454400,143.79,147.75,142.86,147.44,212874.25774
1612468800,147.44,148.43,144.83,145.07,152580.97783
1612483200,145.07,149.42,143.45,148.05,211527.22807
1612497600,148.05,152.13,147.19,152.04,192287.69751
1612512000,152.04,156.93,151.9,153.45,404701.31548
1612526400,153.45,156.44,153.0,155.42,337666.52796
1612540800,155.42,156.4,149.68,151.43,294703.77374
1612555200,151.43,155.1,150.85,155.05,131122.7532
1612569600,155.05,164.27,149.82,161.73,653999.14292
1612584000,161.73,161.73,156.17,159.36,281020.08539
1612598400,159.36,163.94,158.26,160.64,311701.47709
1612612800,160.64,161.97,158.07,161.89,218034.63481
1612627200,161.89,163.0,157.5,158.49,214578.41081
1612641600,158.49,159.1,154.18,155.57,200192.4921
1612656000,155.57,157.29,150.41,152.16,262461.59853
1612670400,152.16,153.79,148.99,153.12,189023.76638
1612684800,153.12,155.15,151.08,151.72,189967.16076
1612699200,151.72,154.5,147.18,148.4,281252.27737
1612713600,148.4,151.46,145.23,149.57,233771.01727
1612728000,149.57,151.7,148.17,150.76,103500.10863
1612742400,150.76,152.7,147.76,148.29,142775.02542
1612756800,148.29,152.83,148.1,151.9,133862.7829
1612771200,151.9,153.75,149.99,152.87,182127.18135
1612785600,152.87,165.55,151.86,164.08,714321.59613
1612800000,164.08,168.0,160.31,162.4,384182.59609
1612814400,162.4,169.38,161.37,167.28,337221.72419
1612828800,167.28,172.79,164.53,172.25,356452.32177
1612843200,172.25,174.25,168.26,170.23,294159.74701
1612857600,170.23,173.5,165.55,168.1,314368.99165
1612872000,168.1,169.53,164.22,168.37,232792.27526
1612886400,168.37,177.72,166.78,175.42,445400.30298
1612900800,175.42,184.49,172.27,181.49,337975.48499
1612915200,181.49,194.22,178.82,188.65,606339.3842
1612929600,188.65,193.86,182.63,191.62,419178.65743
1612944000,191.62,195.17,186.66,189.53,393568.75817
1612958400,189.53,189.54,169.57,176.11,757698.82163
1612972800,176.11,181.92,173.25,179.5,378685.36731
1612987200,179.5,183.65,174.38,181.56,226502.9738
1613001600,181.56,183.33,175.72,179.75,171378.30864
1613016000,179.75,182.89,178.06,181.19,157134.62234
1613030400,181.19,189.7,180.67,185.56,309008.15106
1613044800,185.56,193.59,185.56,187.8,408670.88567
1613059200,187.8,189.99,183.95,188.95,298068.96192
1613073600,188.95,191.05,180.71,183.62,319928.15807
1613088000,183.62,188.59,182.08,182.21,316847.95063
1613102400,182.21,183.0,176.75,182.54,275309.78829
1613116800,182.54,187.5,181.04,186.09,207985.35914
1613131200,186.09,189.29,179.12,184.07,394768.25536
1613145600,184.07,192.24,183.8,189.9,378678.66026
1613160000,189.9,199.84,189.85,196.69,373280.32885
1613174400,196.69,207.46,196.64,206.15,422947.0004
1613188800,206.15,209.3,198.82,199.14,337870.52325
1613203200,199.14,206.44,192.66,196.42,447800.18631
1613217600,196.42,217.59,193.85,214.96,581467.54094
1613232000,214.96,222.28,210.32,222.02,493039.98392
1613246400,222.02,229.07,218.32,225.76,432871.24715
1613260800,225.76,228.4,215.0,215.37,310916.94828
1613275200,215.37,229.18,213.89,228.82,323984.9127
1613289600,228.82,230.77,218.2,222.21,274476.93122
1613304000,222.21,226.32,208.11,212.5,435522.77311
1613318400,212.5,218.29,210.85,212.71,263311.41772
1613332800,212.71,220.19,212.05,213.49,157262.49798
1613347200,213.49,215.59,185.31,199.13,628240.87163
1613361600,199.13,205.04,190.8,201.97,365025.98533
1613376000,201.97,211.89,199.87,208.27,351393.48128
1613390400,208.27,212.94,205.37,211.6,311879.3206
1613404800,211.6,219.99,211.6,218.9,267177.97781
1613419200,218.9,219.49,206.2,207.83,249687.54293
1613433600,207.83,218.9,201.04,217.57,324983.98996
1613448000,217.57,217.73,210.12,214.67,202932.84524
1613462400,214.67,217.62,211.76,213.27,191261.50648
1613476800,213.27,222.48,207.93,209.93,469542.91592
1613491200,209.93,211.24,200.1,206.64,309527.92411
1613505600,206.64,210.69,201.55,210.26,162563.21615
1613520000,210.26,215.0,206.89,208.91,181170.48088
1613534400,208.91,219.61,203.37,218.88,319830.72442
1613548800,218.88,226.3,216.33,224.24,323508.05438
1613563200,224.24,232.55,219.98,229.72,478477.79793
1613577600,229.72,232.06,224.42,231.07,272690.14189
1613592000,231.07,237.75,228.13,237.49,263502.77143
1613606400,237.49,239.18,231.57,232.35,283809.70917
1613620800,232.35,234.46,226.0,230.02,260298.97494
1613635200,230.02,234.0,223.84,225.16,267305.32044
1613649600,225.16,231.68,221.0,225.14,383423.60502
1613664000,225.14,227.47,223.28,224.3,225634.14267
1613678400,224.3,230.07,223.0,226.59,160348.95776
1613692800,226.59,230.56,220.06,225.05,231246.02133
1613707200,225.05,234.44,222.88,231.99,234939.90574
1613721600,231.99,236.0,230.66,232.9,222162.67722
1613736000,232.9,234.25,226.26,231.59,262419.35019
1613750400,231.59,240.58,230.04,236.08,259701.26734
1613764800,236.08,241.92,235.72,236.5,191958.6567
1613779200,236.5,247.04,230.61,243.2,338693.43277
1613793600,243.2,245.36,237.0,237.25,203938.3768
1613808000,237.25,241.9,237.15,240.93,173408.07292
1613822400,240.93,244.47,226.91,232.85,366949.42245
1613836800,232.85,239.75,232.85,234.6,225687.60147
1613851200,234.6,235.69,214.02,226.65,393273.36814
1613865600,226.65,233.78,223.21,227.3,257851.81308
1613880000,227.3,229.05,220.43,221.15,231539.4265
1613894400,221.15,232.13,220.06,228.51,214306.97407
1613908800,228.51,231.52,223.4,230.05,236955.43427
1613923200,230.05,232.89,226.15,230.87,192738.28973
1613937600,230.87,230.94,224.35,227.13,135015.09281
1613952000,227.13,227.39,218.41,218.94,249482.10603
1613966400,218.94,223.18,213.3,222.9,307167.04242
1613980800,222.9,223.86,206.0,208.36,400190.9591
1613995200,208.36,210.0,180.0,199.16,978087.34435
1614009600,199.16,207.38,193.67,202.59,399133.28518
1614024000,202.59,209.81,201.81,208.32,222897.48452
1614038400,208.32,208.8,192.47,195.82,394627.37665
1614052800,195.82,198.72,181.34,189.42,699921.74889
1614067200,189.42,190.88,157.29,168.52,1187733.29964
1614081600,168.52,181.49,165.0,177.42,657699.85162
1614096000,177.42,180.91,160.88,162.36,453490.48129
1614110400,162.36,177.78,160.63,177.34,276264.5688
1614124800,177.34,185.09,169.08,183.89,449334.49069
1614139200,183.89,185.21,177.0,180.67,313602.66402
1614153600,180.67,189.33,179.42,185.73,331527.51662
1614168000,185.73,189.46,177.14,182.93,380706.38741
1614182400,182.93,184.58,176.33,178.09,176460.91264
1614196800,178.09,181.7,171.9,181.43,175922.63038
1614211200,181.43,185.38,180.36,181.33,162428.60094
1614225600,181.33,183.5,177.5,182.67,155950.46809
1614240000,182.67,196.38,175.0,194.89,402693.04416
1614254400,194.89,205.21,193.17,203.42,541392.87395
1614268800,203.42,204.36,190.08,192.31,350233.13097
1614283200,192.31,194.42,177.26,179.36,349273.92409
1614297600,179.36,182.86,169.5,176.51,528240.92752
1614312000,176.51,178.41,162.74,166.75,494885.48169
1614326400,166.75,174.7,166.54,171.36,352340.46222
1614340800,171.36,178.7,169.26,176.37,315983.20676
1614355200,176.37,180.95,173.5,174.45,252014.04339
1614369600,174.45,175.06,165.75,170.25,236769.12985
1614384000,170.25,180.48,169.42,175.89,224299.94782
1614398400,175.89,179.96,173.48,175.17,207633.39649
1614412800,175.17,176.09,170.41,174.84,190496.42314
1614427200,174.84,177.69,171.0,171.92,214102.07843
1614441600,171.92,176.76,170.69,176.62,114831.71254
1614456000,176.62,176.92,167.13,171.76,162242.88168
1614470400,171.76,173.0,157.47,158.22,297271.57477
1614484800,158.22,162.0,154.1,158.45,394037.70672
1614499200,158.45,165.33,158.33,163.48,206761.28161
1614513600,163.48,164.6,154.17,155.87,302207.44492
1614528000,155.87,162.98,152.88,162.42,260206.68875
1614542400,162.42,173.42,161.36,165.22,221743.52542
1614556800,165.22,169.37,163.83,165.5,222549.81869
1614571200,165.5,167.38,163.3,165.49,152134.0009
1614585600,165.49,171.6,165.41,170.86,253866.09214
1614600000,170.86,175.31,169.38,174.88,238246.71888
1614614400,174.88,176.23,170.0,170.69,200952.89978
1614628800,170.69,176.46,169.63,175.89,148518.96479
1614643200,175.89,179.63,173.07,173.22,232697.61417
1614657600,173.22,175.95,171.01,172.3,142807.79178
1614672000,172.3,185.05,172.21,181.0,329591.05445
1614686400,181.0,185.32,177.51,179.13,279915.56062
1614700800,179.13,179.79,170.69,172.13,297018.63088
1614715200,172.13,179.1,170.69,179.08,159710.35045
1614729600,179.08,185.0,176.79,185.0,216811.6691
1614744000,185.0,194.82,184.73,193.65,485798.57709
1614758400,193.65,196.3,190.44,192.2,349525.28669
1614772800,192.2,196.49,186.5,193.91,442100.33021
1614787200,193.91,195.82,187.64,190.03,224790.52045
1614801600,190.03,192.58,187.07,187.64,154268.62762
1614816000,187.64,194.4,184.83,185.26,307442.87573
1614830400,185.26,188.87,183.12,188.04,235102.65009
1614844800,188.04,190.35,182.09,184.86,262496.71117
1614859200,184.86,189.14,182.2,185.19,257064.51909
1614873600,185.19,187.61,176.83,178.92,288355.68231
1614888000,178.92,181.84,177.0,180.67,134874.65369
1614902400,180.67,180.74,168.5,172.97,342533.0119
1614916800,172.97,174.53,169.67,174.1,143422.91703
1614931200,174.1,174.97,169.59,174.86,131631.05987
1614945600,174.86,179.0,172.56,175.9,223108.44209
1614960000,175.9,180.69,170.84,179.97,192357.51506
1614974400,179.97,183.57,179.25,180.23,149448.75287
1614988800,180.23,184.67,178.88,179.66,98476.22177
1615003200,179.66,184.4,178.02,183.73,138617.82435
1615017600,183.73,184.6,179.0,181.41,165226.51324
1615032000,181.41,181.75,174.68,177.14,176671.35968
1615046400,177.14,182.76,176.61,180.99,233476.23977
1615060800,180.99,183.98,178.83,182.85,123491.80909
1615075200,182.85,186.68,182.85,184.44,122992.03579
1615089600,184.44,186.28,182.25,186.01,94510.70987
1615104000,186.01,189.62,185.64,187.94,191180.33979
1615118400,187.94,189.63,184.17,185.82,134246.17295
1615132800,185.82,189.57,185.82,186.91,155254.21066
1615147200,186.91,192.24,184.31,190.75,122234.76995
1615161600,190.75,195.28,188.0,188.7,180756.21695
1615176000,188.7,192.13,183.61,184.95,186966.27048
1615190400,184.95,185.14,179.58,184.29,292104.43754
1615204800,184.29,187.3,180.85,186.22,246820.82664
1615219200,186.22,187.86,184.36,187.68,105416.15987
1615233600,187.68,192.63,186.39,191.85,159915.13204
1615248000,191.85,200.5,188.92,198.71,313138.28238
1615262400,198.71,204.0,194.72,196.69,310154.41216
1615276800,196.69,201.23,196.15,199.62,194393.39084
1615291200,199.62,200.98,195.81,199.99,173685.44461
1615305600,199.99,201.98,196.56,198.18,153213.70855
1615320000,198.18,205.0,197.81,203.81,135113.26042
1615334400,203.81,207.83,191.47,193.39,373398.06564
1615348800,193.39,198.36,192.15,197.71,155972.34368
1615363200,197.71,201.76,195.67,197.26,175900.76442
1615377600,197.26,204.71,197.19,202.97,242642.86697
1615392000,202.97,208.0,201.13,204.14,227297.44633
1615406400,204.14,206.5,195.56,200.29,246868.0976
1615420800,200.29,202.16,196.02,199.64,155961.77154
1615435200,199.64,201.25,194.31,194.51,123935.75285
1615449600,194.51,197.79,191.03,197.48,227967.93856
1615464000,197.48,202.97,195.61,197.92,201749.61263
1615478400,197.92,201.93,197.28,198.15,129824.91299
1615492800,198.15,203.54,197.96,201.36,141940.13233
1615507200,201.36,211.7,198.41,209.93,411647.99751
1615521600,209.93,211.82,206.0,209.0,226318.47104
1615536000,209.0,215.34,204.65,209.35,367844.62399
1615550400,209.35,212.2,200.66,210.2,363050.31341
1615564800,210.2,214.93,209.19,210.32,267029.90985
1615579200,210.32,224.23,209.37,220.84,445792.42117
1615593600,220.84,221.43,212.7,216.84,235355.85285
1615608000,216.84,221.5,214.47,220.77,140425.83593
1615622400,220.77,226.79,218.19,224.83,303744.93785
1615636800,224.83,228.3,222.45,228.18,239280.9106
1615651200,228.18,229.3,224.76,226.32,208928.53225
1615665600,226.32,230.23,224.33,226.06,202927.61155
1615680000,226.06,228.12,222.57,224.23,145624.72895
1615694400,224.23,224.84,218.77,218.83,139338.18867
1615708800,218.83,224.0,214.78,219.81,192989.19427
1615723200,219.81,220.87,216.02,217.04,114252.64029
1615737600,217.04,219.66,214.9,219.59,111650.26412
1615752000,219.59,220.78,213.84,213.94,102687.72543
1615766400,213.94,220.72,212.33,220.0,127721.29122
1615780800,220.0,222.58,205.06,208.46,254068.041
1615795200,208.46,211.24,200.39,205.14,332578.00914
1615809600,205.14,207.56,201.3,201.79,244233.0454
1615824000,201.79,203.3,197.56,203.0,307149.64735
1615838400,203.0,204.48,199.14,200.59,147631.69034
1615852800,200.59,202.9,191.15,196.19,263171.19715
1615867200,196.19,204.19,193.29,203.44,178468.17055
1615881600,203.44,205.53,199.24,200.44,159377.42981
1615896000,200.44,204.32,198.47,203.9,151702.05273
1615910400,203.9,204.66,195.56,198.6,197973.53714
1615924800,198.6,201.76,198.22,201.6,112359.41484
1615939200,201.6,202.76,196.92,197.15,102206.15027
1615953600,197.15,206.94,196.83,202.0,158403.49242
1615968000,202.0,203.55,195.65,196.22,138912.13528
1615982400,196.22,198.65,194.13,197.15,136963.60239
1615996800,197.15,204.23,196.17,203.3,191004.39445
1616011200,203.3,206.78,201.62,205.98,158154.89265
1616025600,205.98,207.89,204.22,204.64,113747.8366
1616040000,204.64,208.16,202.8,203.85,114560.09804
1616054400,203.85,205.26,202.24,203.01,97075.26219
1616068800,203.01,205.7,200.78,205.37,149321.22788
1616083200,205.37,208.25,199.89,200.33,223938.11114
1616097600,200.33,201.68,199.13,199.7,75776.89001
1616112000,199.7,202.48,195.81,201.05,102637.54216
1616126400,201.05,203.2,200.34,201.89,78748.21624
1616140800,201.89,205.0,201.0,204.34,77341.81639
1616155200,204.34,204.89,200.72,203.38,102341.91565
1616169600,203.38,203.85,200.21,201.43,97106.51108
1616184000,201.43,202.83,199.5,199.96,78701.41123
1616198400,199.96,202.57,198.82,202.0,84341.07519
1616212800,202.0,202.97,200.93,202.25,52940.59877
1616227200,202.25,205.0,202.24,204.77,102335.30357
1616241600,204.77,206.1,202.67,203.81,85168.16127
1616256000,203.81,204.59,202.74,203.53,66697.74502
1616270400,203.53,203.72,199.55,200.17,82154.55496
1616284800,200.17,202.0,197.0,199.05,105839.55071
1616299200,199.05,199.35,194.27,195.99,118969.91333
1616313600,195.99,197.3,192.0,194.29,122266.61332
1616328000,194.29,196.91,192.26,195.45,80249.98181
1616342400,195.45,197.36,193.87,196.68,76059.2825
1616356800,196.68,198.01,195.01,195.31,78346.46512
1616371200,195.31,195.9,189.66,194.6,137579.4873
1616385600,194.6,196.3,193.51,194.89,70808.1934
1616400000,194.89,197.09,192.24,196.29,91866.95982
1616414400,196.29,199.0,194.02,196.46,138407.81595
1616428800,196.46,197.19,192.19,192.69,100013.47495
1616443200,192.69,193.65,184.42,185.67,186830.79774
1616457600,185.67,189.44,184.61,188.35,110592.49429
1616472000,188.35,188.93,182.61,185.49,123071.31722
1616486400,185.49,186.52,183.72,184.28,83966.69938
1616500800,184.28,187.67,184.25,186.29,92697.60778
1616515200,186.29,188.93,185.55,186.01,97218.43784
1616529600,186.01,187.88,181.12,185.83,131302.72035
1616544000,185.83,193.41,182.4,190.94,206565.20924
1616558400,190.94,194.67,189.34,194.42,169496.13376
1616572800,194.42,196.3,193.78,194.65,171506.98868
1616587200,194.65,197.17,192.7,193.78,161054.62895
1616601600,193.78,194.68,187.0,187.64,139216.65892
1616616000,187.64,189.34,172.0,176.05,342063.3603
1616630400,176.05,179.03,171.27,175.67,208785.68062
1616644800,175.67,178.17,168.33,173.09,133642.61385
1616659200,173.09,177.01,172.79,173.99,122668.97662
1616673600,173.99,175.08,167.86,170.72,262487.32424
1616688000,170.72,175.17,168.76,174.19,149300.7555
1616702400,174.19,175.85,171.02,171.53,79781.51381
1616716800,171.53,177.19,171.44,175.19,130982.98565
1616731200,175.19,177.14,173.87,177.05,110789.32873
1616745600,177.05,181.45,175.01,178.94,158850.54973
1616760000,178.94,181.76,177.84,180.03,123946.12385
1616774400,180.03,182.37,178.55,180.9,99986.52504
1616788800,180.9,183.82,179.9,183.45,97282.68894
1616803200,183.45,184.62,181.05,181.64,91024.6241
1616817600,181.64,183.57,181.63,182.49,63490.17482
1616832000,182.49,183.46,180.0,180.24,70107.51158
1616846400,180.24,181.28,177.75,181.04,84076.55605
1616860800,181.04,183.9,180.84,182.92,92374.42709
1616875200,182.92,186.12,182.45,184.06,74813.54509
1616889600,184.06,186.28,182.47,186.17,76442.77738
1616904000,186.17,187.29,184.3,185.38,60677.08298
1616918400,185.38,186.6,183.41,183.5,57568.68774
1616932800,183.5,185.75,181.83,185.26,69085.1511
1616947200,185.26,185.99,180.0,181.72,77082.9465
1616961600,181.72,184.62,180.58,184.24,39688.51641
1616976000,184.24,192.18,182.45,190.45,173041.23157
1616990400,190.45,195.0,190.04,194.1,207500.82447
1617004800,194.1,196.76,193.43,195.15,168923.62598
1617019200,195.15,196.46,192.0,193.58,151215.81614
1617033600,193.58,197.6,192.44,194.27,144546.33653
1617048000,194.27,195.29,192.9,193.73,59546.46954
1617062400,193.73,195.86,190.37,191.05,153191.10294
1617076800,191.05,192.65,190.34,192.61,152624.60855
1617091200,192.61,200.0,191.31,199.7,308289.02012
1617105600,199.7,200.09,195.41,195.92,167214.87232
1617120000,195.92,197.57,195.63,196.63,81250.4114
1617134400,196.63,196.68,193.32,195.74,69720.63447
1617148800,195.74,197.66,191.51,193.64,94142.37403
1617163200,193.64,198.99,190.17,192.36,145905.0161
1617177600,192.36,192.92,187.0,190.62,159995.38236
1617192000,190.62,194.69,189.52,193.29,88891.07765
1617206400,193.29,195.25,191.13,193.05,100698.1353
1617220800,193.05,197.63,192.48,196.7,108597.65242
1617235200,196.7,200.82,196.68,197.5,125166.41065
1617249600,197.5,197.85,194.0,197.31,96371.60329
1617264000,197.31,199.45,194.16,196.13,127683.54555
1617278400,196.13,204.78,194.86,204.03,233824.82297
1617292800,204.03,205.0,195.95,201.68,203026.6006
1617307200,201.68,204.25,199.78,202.86,90668.42563
1617321600,202.86,209.0,200.78,206.13,240145.63622
1617336000,206.13,207.0,203.02,204.98,117568.10754
1617350400,204.98,207.12,204.18,205.83,99289.00445
1617364800,205.83,209.44,201.23,207.97,177798.38922
1617379200,207.97,211.92,203.47,205.18,177998.51288
1617393600,205.18,213.77,204.66,211.46,130171.08007
1617408000,211.46,214.68,209.58,210.89,109792.61607
1617422400,210.89,217.67,210.46,215.59,131586.62436
1617436800,215.59,217.97,209.9,213.37,163165.48419
1617451200,213.37,215.45,206.72,207.25,140233.87766
1617465600,207.25,210.44,199.95,206.07,232647.68418
1617480000,206.07,206.07,194.85,195.23,178700.31846
1617494400,195.23,200.42,192.22,199.25,115487.72667
1617508800,199.25,200.32,196.68,200.3,72229.53953
1617523200,200.3,202.96,198.84,199.77,87472.82139
1617537600,199.77,204.92,198.34,201.37,130742.55374
1617552000,201.37,204.69,200.36,201.74,82419.92613
1617566400,201.74,203.89,199.85,202.21,76801.53968
1617580800,202.21,207.6,198.53,202.65,171148.74513
1617595200,202.65,204.66,198.07,200.33,114895.03783
1617609600,200.33,204.5,198.11,203.66,113394.44977
1617624000,203.66,209.5,203.52,209.33,200557.19249
1617638400,209.33,220.96,208.25,217.96,448874.98018
1617652800,217.96,225.47,217.17,221.48,280873.3559
1617667200,221.48,228.0,217.71,218.32,277280.12363
1617681600,218.32,224.36,218.31,219.42,172527.09229
1617696000,219.42,233.51,218.53,233.23,427185.76841
1617710400,233.23,239.5,212.97,234.59,824230.54489
1617724800,234.59,244.59,230.9,238.95,532350.49499
1617739200,238.95,243.55,232.96,237.04,211275.50982
1617753600,237.04,242.9,230.74,240.48,299038.17098
1617768000,240.48,242.99,230.02,232.26,357074.41162
1617782400,232.26,233.46,210.77,218.57,674379.63548
1617796800,218.57,226.0,211.74,218.37,402309.27703
1617811200,218.37,225.36,213.32,220.97,387081.78805
1617825600,220.97,224.34,216.1,219.05,143592.18204
1617840000,219.05,225.65,217.57,221.08,206825.19378
1617854400,221.08,227.18,220.75,225.96,197625.83179
1617868800,225.96,227.7,216.89,218.77,246714.41274
1617883200,218.77,227.09,218.01,224.96,184869.753
1617897600,224.96,226.55,222.18,222.8,139118.68373
1617912000,222.8,228.21,221.29,226.11,99789.02141
1617926400,226.11,228.94,223.9,224.25,101502.91865
1617940800,224.25,226.09,222.73,225.2,94843.17419
1617955200,225.2,228.99,222.54,227.5,148606.61222
1617969600,227.5,228.0,223.12,224.11,145808.16479
1617984000,224.11,225.16,221.65,223.89,96856.4084
1617998400,223.89,225.54,218.72,221.12,101301.54325
1618012800,221.12,226.8,219.16,226.66,144451.22099
1618027200,226.66,234.32,225.59,232.46,330969.41689
1618041600,232.46,235.65,229.73,232.56,184796.02234
1618056000,232.56,236.37,227.77,234.52,203843.62216
1618070400,234.52,250.51,232.8,243.16,580790.0986
1618084800,243.16,257.0,236.09,256.34,414431.50206
1618099200,256.34,258.67,249.87,250.27,367618.47383
1618113600,250.27,263.62,248.53,257.67,444256.55095
1618128000,257.67,262.82,252.75,257.94,345349.57797
1618142400,257.94,258.7,247.63,252.55,302503.02008
1618156800,252.55,253.87,244.77,250.21,243324.27432
1618171200,250.21,254.9,246.5,252.31,187713.90414
1618185600,252.31,256.13,247.31,254.1,226779.11611
1618200000,254.1,258.15,251.41,255.55,205661.03247
1618214400,255.55,259.0,244.51,249.35,277124.99012
1618228800,249.35,259.94,240.01,244.31,330964.93479
1618243200,244.31,246.79,240.48,243.47,203665.63405
1618257600,243.47,247.85,241.05,244.42,126664.45556
1618272000,244.42,252.82,244.36,250.41,178415.85771
1618286400,250.41,262.43,247.78,261.59,373670.01276
1618300800,261.59,269.7,260.41,269.31,538751.12311
1618315200,269.31,269.95,263.34,267.68,325757.65071
1618329600,267.68,273.54,263.48,267.43,339407.63972
1618344000,267.43,268.31,261.02,267.59,175886.26943
1618358400,267.59,283.0,266.84,279.41,362804.1405
1618372800,279.41,282.83,275.02,275.75,290780.5398
1618387200,275.75,278.57,262.0,273.0,378372.09889
1618401600,273.0,273.38,255.0,265.55,398991.79372
1618416000,265.55,272.6,259.41,264.68,311504.93574
1618430400,264.68,282.0,262.59,278.86,246982.28283
1618444800,278.86,282.81,270.96,278.52,203234.36993
1618459200,278.52,279.39,271.47,273.63,167635.26894
1618473600,273.63,277.02,266.0,270.5,189471.28112
1618488000,270.5,280.91,270.05,280.46,200453.94436
1618502400,280.46,288.24,275.29,286.26,421207.73722
1618516800,286.26,290.9,283.32,285.63,227757.93619
1618531200,285.63,297.02,278.74,295.19,415156.99224
1618545600,295.19,295.22,279.8,287.13,487474.08522
1618560000,287.13,289.61,268.44,278.31,490415.71642
1618574400,278.31,299.75,265.5,299.03,534485.50462
1618588800,299.03,317.09,298.47,311.72,906261.13801
1618603200,311.72,316.0,304.77,308.43,316654.56277
1618617600,308.43,333.93,308.34,323.51,574434.63306
1618632000,323.51,329.48,318.56,326.93,258479.77005
1618646400,326.93,335.69,304.57,310.5,507056.85401
1618660800,310.5,329.71,303.0,306.0,601422.66995
1618675200,306.0,315.85,296.75,312.4,403752.70687
1618689600,312.4,322.0,300.0,300.86,229373.00156
1618704000,300.86,304.83,231.1,265.01,928980.66983
1618718400,265.01,270.23,250.0,267.8,765273.70042
1618732800,267.8,270.38,246.41,248.88,625347.8563
1618747200,248.88,267.0,248.45,265.32,427726.81765
1618761600,265.32,272.0,260.39,269.82,303880.40092
1618776000,269.82,278.63,264.31,273.36,295380.123
1618790400,273.36,284.39,266.15,279.9,315090.82837
1618804800,279.9,280.68,271.04,275.91,210205.49388
1618819200,275.91,276.91,260.75,272.52,302123.81094
1618833600,272.52,275.39,250.21,252.27,511127.3983
1618848000,252.27,273.65,250.32,269.56,398110.54877
1618862400,269.56,272.14,258.83,261.38,236853.79547
1618876800,261.38,263.98,242.0,246.89,309842.7328
1618891200,246.89,255.0,234.31,245.8,348386.29041
1618905600,245.8,260.22,239.99,258.01,379228.48112
1618920000,258.01,263.88,246.25,254.19,376775.35245
1618934400,254.19,272.73,252.57,272.6,437099.30671
1618948800,272.6,272.8,260.1,260.68,259893.16204
1618963200,260.68,270.0,256.36,258.42,282071.98345
1618977600,258.42,265.88,256.21,259.92,216430.27756
1618992000,259.92,263.74,250.75,254.13,294378.83244
1619006400,254.13,276.0,252.29,274.05,430920.00923
1619020800,274.05,277.0,265.06,274.94,306908.62681
1619035200,274.94,275.0,255.0,257.69,310370.47605
1619049600,257.69,264.13,251.19,257.66,377899.84979
1619064000,257.66,268.91,257.24,266.92,261706.23832
1619078400,266.92,286.0,257.25,278.76,718670.66528
1619092800,278.76,286.01,275.0,285.34,351693.74646
1619107200,285.34,289.61,265.5,271.35,552665.65553
1619121600,271.35,271.48,239.0,252.5,596156.35899
1619136000,252.5,257.15,206.89,232.49,881935.73214
1619150400,232.49,234.92,216.98,223.84,655089.3966
1619164800,223.84,239.17,219.07,237.69,513862.34927
1619179200,237.69,238.95,225.6,234.68,391993.13031
1619193600,234.68,241.5,230.94,240.26,232067.8207
1619208000,240.26,242.21,231.53,241.31,191083.4627
1619222400,241.31,241.41,227.96,234.07,208557.25156
1619236800,234.07,236.65,229.69,231.41,161205.75989
1619251200,231.41,235.28,220.34,223.86,291472.96159
1619265600,223.86,232.47,222.18,231.29,238924.7414
1619280000,231.29,232.33,223.94,229.26,146268.67831
1619294400,229.26,231.99,223.82,224.75,106538.6261
1619308800,224.75,231.5,222.81,224.05,139652.66517
1619323200,224.05,224.84,224.0,224.79,207.22181
1619337600,224.79,228.22,221.46,227.05,147616.31494
1619352000,227.05,235.8,226.41,234.43,206179.92845
1619366400,234.43,235.78,223.58,223.79,147966.56177
1619380800,223.79,225.86,210.73,223.88,286837.52766
1619395200,223.88,240.39,221.24,238.35,286360.08852
1619409600,238.35,244.18,235.96,241.21,191327.48088
1619424000,241.21,246.0,236.63,243.95,199436.13648
1619438400,243.95,245.5,239.94,243.39,183795.12447
1619452800,243.39,248.2,238.78,245.72,210144.17833
1619467200,245.72,247.72,237.25,247.42,165407.26523
1619481600,247.42,251.85,243.63,248.02,171368.16366
1619496000,248.02,255.0,246.16,252.1,160265.25653
1619510400,252.1,258.72,250.56,257.02,192021.66597
1619524800,257.02,259.0,248.0,257.57,257166.36111
1619539200,257.57,263.15,254.74,257.07,211683.432
1619553600,257.07,262.22,256.92,259.77,121677.81321
1619568000,259.77,266.94,254.97,255.2,205005.10676
1619582400,255.2,257.92,247.58,253.9,214889.11376
1619596800,253.9,258.09,248.8,255.78,159138.07157
1619611200,255.78,259.0,250.0,251.83,151312.43725
1619625600,251.83,258.41,250.8,258.03,98929.78792
1619640000,258.03,260.19,251.5,258.51,184763.92008
1619654400,258.51,259.47,252.8,253.95,119262.07493
1619668800,253.95,257.99,250.26,256.0,138083.5132
1619683200,256.0,259.18,253.3,258.19,149510.48565
1619697600,258.19,262.89,253.51,255.86,199016.92458
1619712000,255.86,257.07,249.11,252.14,172529.37891
1619726400,252.14,255.91,248.16,255.31,99156.40803
1619740800,255.31,260.01,252.61,259.87,140158.80144
1619755200,259.87,267.96,259.47,264.73,225882.57836
1619769600,264.73,266.88,259.8,261.0,175635.65048
1619784000,261.0,270.0,260.33,268.59,234445.71215
1619798400,268.59,270.8,265.14,267.94,133894.10605
1619812800,267.94,273.58,264.24,271.13,127731.84777
1619827200,271.13,274.9,268.04,274.16,157718.69883
1619841600,274.16,274.5,270.0,270.7,125835.6073
1619856000,270.7,273.0,265.9,272.2,141320.29345
1619870400,272.2,272.87,266.97,268.91,101024.54552
1619884800,268.91,274.03,267.58,273.45,106691.56669
1619899200,273.45,278.58,269.74,276.78,127094.52017
1619913600,276.78,277.47,266.71,267.57,150354.43873
1619928000,267.57,273.32,265.0,268.74,123196.02887
1619942400,268.74,272.3,264.7,272.1,139910.09606
1619956800,272.1,272.7,267.49,268.3,98853.436
1619971200,268.3,271.84,266.94,271.21,67555.91498
1619985600,271.21,272.21,267.0,268.88,76559.29964
1620000000,268.88,274.62,268.44,273.16,133399.17848
1620014400,273.16,280.03,272.05,279.04,140624.0187
1620028800,279.04,282.85,276.32,280.21,195861.28875
1620043200,280.21,285.0,273.08,282.84,296405.75536
1620057600,282.84,299.72,280.03,294.08,417752.7388
1620072000,294.08,299.69,286.68,294.87,243210.59134
1620086400,294.87,297.99,270.0,276.46,509061.63565
1620100800,276.46,289.17,275.1,282.87,245243.77339
1620115200,282.87,324.29,279.52,317.54,981252.82004
1620129600,317.54,327.68,292.48,297.31,1222640.89699
1620144000,297.31,310.0,292.17,307.25,549542.00982
1620158400,307.25,318.0,302.74,305.23,431575.4331
1620172800,305.23,341.68,300.52,332.32,972135.90479
1620187200,332.32,336.0,321.84,330.87,504968.02087
1620201600,330.87,348.5,324.26,337.19,637966.44708
1620216000,337.19,354.33,335.52,352.09,699830.45729
1620230400,352.09,360.0,347.07,359.0,464022.38717
1620244800,359.0,360.0,343.39,356.04,469974.76966
1620259200,356.04,364.93,335.74,342.11,523947.53999
1620273600,342.11,346.28,325.52,335.41,385514.38289
1620288000,335.41,348.64,332.64,347.25,358628.88738
1620302400,347.25,355.0,337.9,343.07,387649.59794
1620316800,343.07,359.0,318.0,334.63,677844.79241
1620331200,334.63,359.24,325.18,354.67,418507.80694
1620345600,354.67,374.5,342.83,351.51,828046.14042
1620360000,351.51,373.0,339.59,368.19,619552.11073
1620374400,368.19,372.5,354.71,357.45,439375.92198
1620388800,357.45,363.5,350.0,352.27,339000.40805
1620403200,352.27,356.69,340.58,345.31,303582.73022
1620417600,345.31,349.18,333.33,344.89,293111.15457
1620432000,344.89,356.68,340.24,352.85,247082.2745
1620446400,352.85,355.37,340.0,346.37,164157.60447
1620460800,346.37,351.95,340.81,341.9,192756.59736
1620475200,341.9,345.51,334.0,334.89,277802.81944
1620489600,334.89,351.81,334.0,350.39,267099.76211
1620504000,350.39,353.02,342.33,347.1,178817.13282
1620518400,347.1,351.5,339.32,340.81,221558.86289
1620532800,340.81,351.99,333.51,343.88,238500.60743
1620547200,343.88,369.0,343.44,357.66,549267.90339
1620561600,357.66,368.15,341.91,366.71,489524.16971
1620576000,366.71,369.68,355.91,359.76,320596.30301
1620590400,359.76,389.0,358.6,387.8,472652.21209
1620604800,387.8,413.49,387.04,408.93,837281.86186
1620619200,408.93,409.67,395.84,397.53,418113.41145
1620633600,397.53,403.74,376.26,389.84,529846.29367
1620648000,389.84,401.46,375.82,401.24,600259.93072
1620662400,401.24,402.01,361.46,366.73,526973.47504
1620676800,366.73,375.4,333.68,358.89,918078.76539
1620691200,358.89,367.77,345.0,352.05,513221.84972
1620705600,352.05,363.49,347.68,361.57,314126.2213
1620720000,361.57,365.0,352.46,353.85,300730.62654
1620734400,353.85,371.25,348.12,369.94,448328.66104
1620748800,369.94,374.59,361.59,371.5,245842.06817
1620763200,371.5,379.72,365.99,377.6,208871.92361
1620777600,377.6,394.37,376.32,391.4,350086.74323
1620792000,391.4,392.55,375.95,382.18,227592.1474
1620806400,382.18,386.47,369.32,375.89,289066.64883
1620820800,375.89,377.41,354.2,358.98,354052.95161
1620835200,358.98,362.59,337.8,354.8,535174.22525
1620849600,354.8,359.99,301.0,310.4,781854.1993
1620864000,310.4,332.2,297.86,325.15,999235.16538
1620878400,325.15,332.73,321.0,326.45,276025.0631
1620892800,326.45,328.96,303.15,316.03,578316.24771
1620907200,316.03,326.19,312.06,314.68,313450.162
1620921600,314.68,321.37,291.0,296.83,543468.53084
1620936000,296.83,318.0,294.51,317.95,268570.38825
1620950400,317.95,320.89,309.43,311.61,312978.3128
1620964800,311.61,322.14,307.96,320.3,227379.37721
1620979200,320.3,332.99,319.15,328.81,298293.41133
1620993600,328.81,337.31,323.66,335.56,238947.21035
1621008000,335.56,338.85,323.09,323.62,228481.00989
1621022400,323.62,329.75,318.2,326.23,176246.19287
1621036800,326.23,332.0,323.0,324.77,203862.70774
1621051200,324.77,326.97,311.67,312.25,205906.40649
1621065600,312.25,317.5,304.37,314.65,267104.13528
1621080000,314.65,319.08,307.64,313.73,264580.59039
1621094400,313.73,313.78,296.17,306.33,352227.58882
1621108800,306.33,312.21,297.48,300.3,192495.07665
1621123200,300.3,314.19,298.23,311.49,210791.2852
1621137600,311.49,318.99,308.31,318.41,138791.94208
1621152000,318.41,323.95,313.3,317.43,172085.82852
1621166400,317.43,318.53,301.06,301.86,206855.88843
1621180800,301.86,305.91,281.36,290.21,525600.16083
1621195200,290.21,296.95,279.66,295.89,439443.02246
1621209600,295.89,296.34,267.71,269.06,435570.07783
1621224000,269.06,289.1,263.37,288.42,482885.82093
1621238400,288.42,290.83,282.87,290.03,233612.45985
1621252800,290.03,292.95,273.0,274.51,253559.70135
1621267200,274.51,282.82,261.27,281.54,384986.26901
1621281600,281.54,293.6,273.31,281.53,288647.51629
1621296000,281.53,307.49,278.32,302.72,450484.59005
1621310400,302.72,310.01,300.97,304.72,285836.89232
1621324800,304.72,317.97,302.16,313.0,382684.44449
1621339200,313.0,314.01,287.32,298.77,746114.93659
1621353600,298.77,312.7,289.63,294.77,428505.30518
1621368000,294.77,300.26,286.54,293.98,265139.52941
1621382400,293.98,300.31,268.56,273.73,621598.25355
1621396800,273.73,276.57,257.25,270.77,732253.84226
1621411200,270.77,272.16,219.0,242.14,802608.83089
1621425600,242.14,245.0,147.0,206.42,2574088.04588
1621440000,206.42,228.0,196.0,202.27,1251653.76753
1621454400,202.27,209.06,185.9,185.93,749352.60372
1621468800,185.93,196.0,166.45,194.09,1429521.67844
1621483200,194.09,217.07,192.18,210.07,592434.37989
1621497600,210.07,212.36,201.32,212.16,559205.67688
1621512000,212.16,225.0,208.23,214.93,708470.21528
1621526400,214.93,215.51,197.71,209.86,644852.42944
1621540800,209.86,215.27,203.71,210.74,334981.54702
1621555200,210.74,219.12,206.64,207.91,340840.57795
1621569600,207.91,208.0,199.13,201.88,307854.09736
1621584000,201.88,208.29,197.93,206.65,257083.24435
1621598400,206.65,209.24,177.0,178.78,891722.61586
1621612800,178.78,187.36,172.25,174.65,569598.15643
1621627200,174.65,181.34,156.56,179.97,631721.10396
1621641600,179.97,184.44,175.25,178.61,293609.97267
1621656000,178.61,180.72,161.61,167.68,554124.31261
1621670400,167.68,180.44,167.55,179.02,340029.73826
1621684800,179.02,184.15,174.0,180.66,361517.30322
1621699200,180.66,182.75,168.39,169.09,241713.67288
1621713600,169.09,176.05,168.72,169.32,192443.52373
1621728000,169.32,176.26,165.85,171.12,186421.79302
1621742400,171.12,172.79,156.19,159.18,311876.02501
1621756800,159.18,159.23,141.0,147.64,902883.09893
1621771200,147.64,149.99,129.9,135.8,1032109.65711
1621785600,135.8,137.59,118.03,131.76,971851.6249
1621800000,131.76,147.74,131.64,142.39,448863.92511
1621814400,142.39,154.75,139.54,151.37,465031.32915
1621828800,151.37,163.0,145.64,161.84,374784.60802
1621843200,161.84,167.42,155.4,164.85,430288.90097
1621857600,164.85,170.0,161.19,166.54,412222.85928
1621872000,166.54,183.0,161.38,182.01,427007.10195
1621886400,182.01,185.37,175.16,185.32,381906.13348
1621900800,185.32,194.61,175.99,181.49,403714.86539
1621915200,181.49,187.98,175.18,187.75,304565.5808
1621929600,187.75,190.0,167.15,169.58,485613.09476
1621944000,169.58,179.2,168.53,177.79,380402.84485
1621958400,177.79,178.05,168.69,170.22,223124.1143
1621972800,170.22,184.0,169.86,183.76,176963.93453
1621987200,183.76,191.98,179.42,191.44,237208.92798
1622001600,191.44,203.56,188.53,203.19,325176.04534
1622016000,203.19,204.13,195.46,199.59,267297.60906
1622030400,199.59,203.12,189.3,193.54,322674.07061
1622044800,193.54,197.98,189.27,193.84,225928.42136
1622059200,193.84,199.55,191.63,198.91,162690.39888
1622073600,198.91,203.05,180.39,183.89,378474.88425
1622088000,183.89,189.9,181.37,188.97,158951.85969
1622102400,188.97,200.0,186.25,198.98,206820.85985
1622116800,198.98,209.0,197.48,202.54,352857.3726
1622131200,202.54,203.86,194.18,197.08,193690.86103
1622145600,197.08,198.42,190.92,194.32,166979.54706
1622160000,194.32,198.88,188.15,193.76,232733.62598
1622174400,193.76,193.78,175.08,181.66,414406.38285
1622188800,181.66,182.96,165.5,167.33,475737.82877
1622203200,167.33,181.32,166.16,179.54,417040.05365
1622217600,179.54,182.43,172.0,180.21,300425.43849
1622232000,180.21,184.17,170.33,177.33,277903.80877
1622246400,177.33,188.69,176.32,186.34,222877.37286
1622260800,186.34,187.44,178.58,179.69,231004.01571
1622275200,179.69,181.49,168.72,173.69,288183.07704
1622289600,173.69,173.75,162.47,165.56,329200.31331
1622304000,165.56,169.69,158.21,160.69,282711.75226
1622318400,160.69,166.11,157.65,164.01,200098.51202
1622332800,164.01,167.97,155.11,166.32,294783.32685
1622347200,166.32,177.7,165.09,175.88,208065.79368
1622361600,175.88,180.36,173.16,180.1,203395.94826
1622376000,180.1,181.1,171.62,173.96,182321.84191
1622390400,173.96,176.7,172.53,173.92,110211.43995
1622404800,173.92,175.31,169.95,170.51,124587.15628
1622419200,170.51,173.28,163.5,165.8,208438.05251
1622433600,165.8,174.25,163.72,174.18,183103.00744
1622448000,174.18,185.81,172.71,181.91,343253.24361
1622462400,181.91,185.37,177.76,184.58,227854.47257
1622476800,184.58,186.93,181.01,183.63,158663.58593
1622491200,183.63,188.5,181.64,187.97,120741.69163
1622505600,187.97,193.16,181.0,182.89,239905.67762
1622520000,182.89,187.66,181.73,183.06,175995.46656
1622534400,183.06,184.31,176.81,181.74,208358.93691
1622548800,181.74,185.5,175.82,179.06,234000.96697
1622563200,179.06,180.7,176.65,178.55,119745.4572
1622577600,178.55,183.93,178.23,182.99,103234.93882
1622592000,182.99,184.24,178.27,182.24,134217.60036
1622606400,182.24,186.59,180.94,185.71,164588.37662
1622620800,185.71,186.9,180.06,182.5,165334.88054
1622635200,182.5,188.6,182.22,187.72,218113.05432
1622649600,187.72,191.34,186.5,187.57,173960.48819
1622664000,187.57,188.68,184.36,187.14,120629.63211
1622678400,187.14,188.5,181.95,186.19,142837.11574
1622692800,186.19,193.0,185.99,190.91,193847.46373
1622707200,190.91,197.78,190.42,192.19,277834.92093
1622721600,192.19,194.5,187.38,188.59,212690.48709
1622736000,188.59,192.66,188.1,189.63,135703.18312
1622750400,189.63,193.91,188.97,193.5,116893.65381
1622764800,193.5,193.81,179.4,183.06,240146.94128
1622779200,183.06,183.77,170.89,173.55,288853.59369
1622793600,173.55,177.36,170.97,174.03,187176.98149
1622808000,174.03,177.56,168.95,177.34,208587.22464
1622822400,177.34,179.63,175.65,177.83,96170.2265
1622836800,177.83,181.52,176.5,178.44,109327.21311
1622851200,178.44,184.75,177.29,182.04,115977.11267
1622865600,182.04,185.49,181.7,182.47,103426.10218
1622880000,182.47,183.67,172.19,173.57,212691.86882
1622894400,173.57,174.97,170.01,174.48,180809.40766
1622908800,174.48,174.48,171.9,172.4,67498.3161
1622923200,172.4,175.18,167.32,172.94,165680.1733
1622937600,172.94,176.94,172.02,176.4,113270.73039
1622952000,176.4,179.96,176.2,178.77,108441.22974
1622966400,178.77,179.96,176.29,176.48,140943.14929
1622980800,176.48,178.31,174.04,176.33,123476.80594
1622995200,176.33,178.67,173.53,173.89,94744.09613
1623009600,173.89,176.48,172.71,176.41,96510.35229
1623024000,176.41,182.22,174.99,180.87,163051.38676
1623038400,180.87,182.15,176.67,177.92,103348.47055
1623052800,177.92,182.03,176.33,180.56,147682.1405
1623067200,180.56,182.06,176.73,177.35,117697.08981
1623081600,177.35,177.38,171.69,173.97,150196.88874
1623096000,173.97,174.52,160.25,161.95,353846.84873
1623110400,161.95,164.48,152.41,156.6,357343.03201
1623124800,156.6,159.17,152.5,157.79,247284.3668
1623139200,157.79,160.47,156.2,159.08,172856.80765
1623153600,159.08,159.75,144.89,151.75,318287.89886
1623168000,151.75,161.53,150.04,159.11,195920.78189
1623182400,159.11,162.96,158.53,160.63,125596.98926
1623196800,160.63,161.49,153.14,154.47,147524.14764
1623211200,154.47,161.79,152.31,159.7,165153.05247
1623225600,159.7,162.85,157.1,162.27,134472.22586
1623240000,162.27,169.8,159.0,168.55,296205.21025
1623254400,168.55,173.18,166.69,169.69,287481.72681
1623268800,169.69,173.3,168.86,172.56,108902.99751
1623283200,172.56,174.61,170.0,170.14,130919.61813
1623297600,170.14,171.3,167.68,168.93,123590.15298
1623312000,168.93,173.29,165.52,170.82,203509.1412
1623326400,170.82,171.19,164.6,165.96,165523.29738
1623340800,165.96,167.12,163.03,164.87,144071.29262
1623355200,164.87,169.36,162.12,168.16,111253.1314
1623369600,168.16,172.24,164.49,171.28,198398.8987
1623384000,171.28,173.78,169.31,170.37,186351.56958
1623398400,170.37,173.0,169.3,171.1,144327.40602
1623412800,171.1,171.8,165.89,166.31,147632.78137
1623427200,166.31,167.33,163.07,164.2,141413.36604
1623441600,164.2,165.71,160.55,162.83,110487.52275
1623456000,162.83,163.21,154.51,156.66,171433.4571
1623470400,156.66,158.38,154.14,157.22,111928.79288
1623484800,157.22,161.64,154.69,159.42,142287.43837
1623499200,159.42,163.12,159.29,161.14,103208.10249
1623513600,161.14,164.23,160.44,162.55,75835.53477
1623528000,162.55,164.3,161.34,161.8,48473.98442
1623542400,161.8,163.51,157.44,157.52,75665.3043
1623556800,157.52,159.48,156.42,158.66,86151.16412
1623571200,158.66,161.58,158.02,161.21,78107.69054
1623585600,161.21,162.28,158.78,160.37,66452.87464
1623600000,160.37,166.58,159.96,166.08,129030.36947
1623614400,166.08,171.59,166.08,170.85,138086.50476
1623628800,170.85,172.63,167.72,168.49,123404.76292
1623643200,168.49,170.22,167.9,168.9,74491.84254
1623657600,168.9,169.11,166.34,167.05,99427.73102
1623672000,167.05,176.43,166.38,176.04,235117.40889
1623686400,176.04,177.94,173.58,174.69,165538.9248
1623700800,174.69,179.99,173.34,179.89,104071.28628
1623715200,179.89,181.2,177.39,178.55,109830.98345
1623729600,178.55,180.99,177.78,179.29,87869.02404
1623744000,179.29,180.0,175.51,176.46,118824.88189
1623758400,176.46,177.93,172.15,174.06,125022.89895
1623772800,174.06,177.83,173.31,173.75,132909.44955
1623787200,173.75,176.11,172.16,175.15,79894.81516
1623801600,175.15,175.72,169.67,172.29,137504.25316
1623816000,172.29,175.61,172.14,174.23,76388.18134
1623830400,174.23,177.31,168.92,169.57,140772.89556
1623844800,169.57,170.21,166.02,167.0,147053.37747
1623859200,167.0,169.75,164.23,168.85,203019.79702
1623873600,168.85,169.06,165.17,166.57,56740.94808
1623888000,166.57,171.38,165.65,171.25,66274.28292
1623902400,171.25,172.97,170.3,172.45,76639.29179
1623916800,172.45,173.4,170.75,170.78,79219.76046
1623931200,170.78,170.97,168.07,169.61,92138.13402
1623945600,169.61,170.29,163.02,164.05,169430.2083
1623960000,164.05,167.53,162.81,167.08,75732.94618
1623974400,167.08,167.16,162.76,165.25,81159.69393
1623988800,165.25,166.79,164.0,165.52,55111.39042
1624003200,165.52,167.43,161.33,165.0,119403.73962
1624017600,165.0,165.39,154.6,156.46,224955.44053
1624032000,156.46,159.32,151.2,152.46,230245.33959
1624046400,152.46,156.49,152.22,156.34,89823.69975
1624060800,156.34,158.26,153.12,154.29,87543.29584
1624075200,154.29,158.66,154.12,158.46,90825.16343
1624089600,158.46,159.52,157.49,158.9,89244.75578
1624104000,158.9,160.88,157.01,158.42,101015.05153
1624118400,158.42,158.86,154.24,156.23,75182.77886
1624132800,156.23,156.53,152.31,152.49,79261.97739
1624147200,152.49,154.24,150.33,153.28,89382.57402
1624161600,153.28,154.8,152.32,153.01,53472.35629
1624176000,153.01,153.65,145.02,145.69,159835.64562
1624190400,145.69,149.98,143.75,148.66,142689.2927
1624204800,148.66,154.18,148.2,153.63,86806.39667
1624219200,153.63,156.18,153.4,154.88,79067.11073
1624233600,154.88,155.5,149.52,149.53,69507.08119
1624248000,149.53,149.85,136.84,139.64,353226.34675
1624262400,139.64,141.6,127.63,133.91,448923.2329
1624276800,133.91,137.82,130.46,134.65,214447.97763
1624291200,134.65,135.96,130.83,133.98,146488.48082
1624305600,133.98,135.67,123.91,124.46,260226.26001
1624320000,124.46,133.03,119.8,131.44,313556.96468
1624334400,131.44,131.86,127.27,128.32,153768.92618
1624348800,128.32,128.45,114.04,114.2,455339.2814
1624363200,114.2,119.49,104.92,118.16,854398.3674
1624377600,118.16,123.23,117.38,119.36,313612.9701
1624392000,119.36,123.27,117.39,119.64,165080.60481
1624406400,119.64,131.68,115.49,128.7,296666.73987
1624420800,128.7,131.64,127.33,129.81,143412.2182
1624435200,129.81,131.21,127.61,128.61,142755.95453
1624449600,128.61,133.75,126.74,127.13,180537.06729
1624464000,127.13,129.8,123.62,123.63,135463.96892
1624478400,123.63,129.13,123.6,129.1,121608.69431
1624492800,129.1,130.16,123.71,126.71,102952.85335
1624507200,126.71,131.84,126.02,130.34,114940.21943
1624521600,130.34,134.82,130.26,134.41,135388.57122
1624536000,134.41,136.0,132.54,133.69,119600.69853
1624550400,133.69,137.36,132.91,134.92,116867.63735
1624564800,134.92,136.42,133.01,134.58,70585.56031
1624579200,134.58,138.45,132.25,137.25,121241.52256
1624593600,137.25,137.36,131.13,132.06,100692.79473
1624608000,132.06,132.76,128.58,129.61,122135.89201
1624622400,129.61,132.07,126.65,127.94,160947.88029
1624636800,127.94,129.35,125.0,128.41,146064.06796
1624651200,128.41,129.4,124.31,125.0,113433.18137
1624665600,125.0,128.61,123.94,126.62,153410.68237
1624680000,126.62,129.44,120.91,121.4,131226.405
1624694400,121.4,124.83,118.67,124.09,232413.38878
1624708800,124.09,125.76,119.63,122.85,183490.49311
1624723200,122.85,124.12,119.41,122.82,97617.96845
1624737600,122.82,126.97,120.8,126.89,73765.15456
1624752000,126.89,129.56,125.74,129.22,125064.30805
1624766400,129.22,129.96,127.75,129.37,80706.10398
1624780800,129.37,129.48,125.8,127.19,108255.67418
1624795200,127.19,128.54,125.93,127.64,76071.87445
1624809600,127.64,128.16,124.66,126.15,64959.9502
1624824000,126.15,132.67,125.0,132.6,118330.33602
1624838400,132.6,133.33,130.19,130.68,81619.14416
1624852800,130.68,133.83,130.21,133.21,73217.35746
1624867200,133.21,134.93,130.49,130.75,119547.65811
1624881600,130.75,137.13,129.89,136.84,153987.88846
1624896000,136.84,139.13,135.1,136.45,171372.24859
1624910400,136.45,139.55,135.71,137.69,103901.17481
1624924800,137.69,142.21,137.24,138.54,161293.28945
1624939200,138.54,141.55,138.3,139.27,99812.90869
1624953600,139.27,145.95,138.5,145.06,183018.24219
1624968000,145.06,149.18,143.79,147.98,237091.65332
1624982400,147.98,148.95,145.67,147.9,112218.77004
1624996800,147.9,148.2,143.25,144.2,104713.83342
1625011200,144.2,146.94,141.5,142.23,109489.33209
1625025600,142.23,143.46,140.13,143.01,110462.10256
1625040000,143.01,143.09,138.7,141.49,105952.59929
1625054400,141.49,141.78,136.37,136.92,115168.6562
1625068800,136.92,141.76,136.01,141.55,94412.40625
1625083200,141.55,144.62,140.7,144.26,94134.32208
1625097600,144.26,144.31,138.98,138.98,76357.19674
1625112000,138.98,140.88,135.5,135.56,107360.04909
1625126400,135.56,137.19,134.4,137.11,109440.45048
1625140800,137.11,137.81,134.57,136.53,84746.54326
1625155200,136.53,137.71,133.99,135.08,82731.67309
1625169600,135.08,138.51,135.08,137.02,78899.38704
1625184000,137.02,138.97,132.0,132.39,89848.50323
1625198400,132.39,133.87,130.6,133.47,100249.21199
1625212800,133.47,134.47,130.65,131.86,78436.3115
1625227200,131.86,135.17,131.27,134.91,92920.63947
1625241600,134.91,135.73,133.21,134.07,52892.0739
1625256000,134.07,136.97,132.71,136.85,52694.40938
1625270400,136.85,137.3,134.57,135.4,37991.36466
1625284800,135.4,139.66,134.82,139.18,54061.35681
1625299200,139.18,140.71,138.46,139.37,85999.15823
1625313600,139.37,141.36,138.6,140.68,60119.06146
1625328000,140.68,141.37,139.38,140.1,50959.71191
1625342400,140.1,140.73,137.61,140.17,62320.8446
1625356800,140.17,140.47,136.88,138.32,45285.48118
1625371200,138.32,144.32,138.28,143.77,91055.33895
1625385600,143.77,144.74,142.94,143.61,70906.58047
1625400000,143.61,147.15,142.68,145.89,110607.41177
1625414400,145.89,146.75,145.01,146.67,56793.18739
1625428800,146.67,148.1,144.22,144.95,69301.92288
1625443200,144.95,145.03,140.39,141.25,113634.59663
1625457600,141.25,141.99,139.09,140.54,72844.42701
1625472000,140.54,141.46,133.84,135.17,131003.29527
1625486400,135.17,137.58,134.67,136.77,80848.52818
1625500800,136.77,139.56,135.01,139.4,98952.28723
1625515200,139.4,140.18,137.7,137.71,64397.71517
1625529600,137.71,140.69,137.12,138.52,51287.6669
1625544000,138.52,142.73,138.48,142.2,90187.16848
1625558400,142.2,142.7,135.6,137.15,157717.46766
1625572800,137.15,139.3,136.2,137.94,106407.94517
1625587200,137.94,138.57,136.11,137.94,70628.46665
1625601600,137.94,139.32,135.68,138.87,54571.81247
1625616000,138.87,140.38,136.9,139.97,94859.3311
1625630400,139.97,142.91,139.66,141.27,119944.40758
1625644800,141.27,142.45,140.3,141.85,76267.69076
1625659200,141.85,142.93,139.25,140.03,88096.38289
1625673600,140.03,141.11,139.47,140.22,69008.55956
1625688000,140.22,140.22,136.87,137.41,72736.82942
1625702400,137.41,137.74,133.28,134.99,134673.23468
1625716800,134.99,135.04,129.01,130.64,136403.11039
1625731200,130.64,131.18,127.77,130.76,119285.23647
1625745600,130.76,131.81,128.78,131.2,88689.59756
1625760000,131.2,133.23,130.52,132.56,101437.50187
1625774400,132.56,132.91,129.56,132.15,64953.89015
1625788800,132.15,132.34,126.0,130.63,119764.98991
1625803200,130.63,132.68,130.41,131.05,61959.88392
1625817600,131.05,131.34,128.41,129.06,83564.80914
1625832000,129.06,135.4,127.76,134.48,139680.94575
1625846400,134.48,135.5,132.84,133.48,68202.99506
1625860800,133.48,135.85,133.12,134.58,54374.19785
1625875200,134.58,136.82,132.75,133.77,67743.4522
1625889600,133.77,133.8,131.69,133.31,59347.58754
1625904000,133.31,133.7,131.41,132.66,57403.75638
1625918400,132.66,133.17,131.61,132.94,47673.45607
1625932800,132.94,134.69,130.32,132.05,79484.41276
1625947200,132.05,134.66,131.05,133.99,54192.20337
1625961600,133.99,135.53,132.31,132.8,54531.40746
1625976000,132.8,134.02,132.08,133.54,35196.08768
1625990400,133.54,135.36,133.03,134.84,54998.10978
1626004800,134.84,135.9,133.93,135.18,61853.82926
1626019200,135.18,135.93,133.62,133.88,53318.47456
1626033600,133.88,136.48,133.07,134.28,65070.66275
1626048000,134.28,136.25,133.57,135.49,73972.07377
1626062400,135.49,138.94,135.15,137.68,133670.69977
1626076800,137.68,139.3,135.93,135.97,102687.21269
1626091200,135.97,139.75,135.61,138.32,122016.71572
1626105600,138.32,138.84,132.78,133.67,154778.1318
1626120000,133.67,134.0,131.82,133.38,83792.7898
1626134400,133.38,134.59,132.34,133.32,58521.62362
1626148800,133.32,133.89,129.79,133.09,94560.0521
1626163200,133.09,134.04,132.13,132.71,61176.20083
1626177600,132.71,133.9,129.35,133.35,113946.31713
1626192000,133.35,134.61,130.04,130.28,83081.17876
1626206400,130.28,131.8,129.85,131.44,43571.29924
1626220800,131.44,131.86,123.59,124.76,141312.38504
1626235200,124.76,126.48,124.24,125.89,79911.83571
1626249600,125.89,129.41,123.87,128.14,101629.35988
1626264000,128.14,132.0,127.37,130.35,105939.90827
1626278400,130.35,131.95,129.7,130.73,66292.05861
1626292800,130.73,132.42,130.48,131.07,43830.89207
1626307200,131.07,133.13,129.21,129.22,81685.92934
1626321600,129.22,129.5,127.56,128.19,58968.98981
1626336000,128.19,129.4,124.51,124.96,94259.57762
1626350400,124.96,126.28,123.9,125.15,98453.48934
1626364800,125.15,125.52,121.93,124.52,102069.70207
1626379200,124.52,126.66,124.52,125.86,58938.03612
1626393600,125.86,127.87,124.22,126.73,62046.71406
1626408000,126.73,127.6,124.28,125.3,59777.24565
1626422400,125.3,125.38,120.41,120.54,85456.62175
1626436800,120.54,124.9,120.38,124.84,91766.13832
1626451200,124.84,125.43,123.63,124.24,64960.53848
1626465600,124.24,124.77,120.51,120.65,58175.7568
1626480000,120.65,122.9,118.37,119.9,102725.05847
1626494400,119.9,121.29,119.14,120.53,53650.69169
1626508800,120.53,122.92,117.68,118.47,102620.36868
1626523200,118.47,120.56,118.0,120.0,66106.45315
1626537600,120.0,122.16,119.63,121.89,63304.18426
1626552000,121.89,122.15,119.77,119.95,36891.93803
1626566400,119.95,124.05,119.74,123.05,68392.60088
1626580800,123.05,123.15,121.13,121.22,40694.78677
1626595200,121.22,121.92,120.37,121.36,45215.72576
1626609600,121.36,121.67,116.23,117.9,126189.50292
1626624000,117.9,119.6,117.42,119.19,48735.55655
1626638400,119.19,122.08,117.6,119.17,101757.04169
1626652800,119.17,120.03,117.03,118.58,55890.81158
1626667200,118.58,120.75,118.39,119.38,65729.06
1626681600,119.38,119.67,116.14,116.3,81292.92734
1626696000,116.3,116.49,111.82,112.89,188415.17923
1626710400,112.89,114.45,112.52,114.33,59232.89908
1626724800,114.33,114.47,112.74,113.13,42522.08543
1626739200,113.13,115.09,105.84,106.48,217819.58998
1626753600,106.48,107.63,105.67,106.82,107973.49904
1626768000,106.82,107.16,103.83,106.52,138576.94089
1626782400,106.52,109.05,104.91,108.8,146728.31547
1626796800,108.8,109.53,107.76,108.79,76068.28734
1626811200,108.79,109.69,106.57,107.29,79069.61466
1626825600,107.29,109.11,105.05,108.86,105114.71424
1626840000,108.86,112.44,108.71,111.98,106205.52963
1626854400,111.98,114.59,111.48,114.2,105177.45362
1626868800,114.2,117.18,113.65,117.01,101370.95056
1626883200,117.01,119.24,115.42,116.32,204283.04379
1626897600,116.32,117.94,115.88,117.74,59887.78099
1626912000,117.74,119.1,115.65,116.66,96570.61832
1626926400,116.66,119.07,116.08,117.66,60931.67823
1626940800,117.66,118.71,116.07,117.27,65722.70347
1626955200,117.27,121.57,115.61,121.42,112023.84153
1626969600,121.42,122.0,120.24,120.45,76850.37418
1626984000,120.45,121.0,118.91,120.67,52660.25573
1626998400,120.67,122.13,119.42,120.58,92718.06982
1627012800,120.58,122.11,119.42,120.34,65465.96646
1627027200,120.34,120.47,118.82,119.24,51864.5687
1627041600,119.24,120.79,118.56,118.68,48137.84076
1627056000,118.68,118.94,117.02,118.8,55513.23555
1627070400,118.8,124.78,118.67,124.24,90460.38823
1627084800,124.24,126.38,123.79,126.29,88241.54748
1627099200,126.29,127.48,125.93,126.54,68225.39391
1627113600,126.54,126.68,125.18,125.72,72460.95057
1627128000,125.72,126.1,125.05,125.38,55731.96458
1627142400,125.38,127.7,123.63,124.03,89269.58502
1627156800,124.03,126.1,123.29,125.99,58962.33863
1627171200,125.99,126.45,123.51,124.86,67755.40894
1627185600,124.86,126.7,124.69,126.57,65303.17465
1627200000,126.57,127.99,125.2,125.66,68828.79627
1627214400,125.66,125.66,123.71,125.05,61108.14326
1627228800,125.05,126.15,124.08,124.83,58462.48569
1627243200,124.83,127.71,124.17,127.68,71505.86155
1627257600,127.68,138.87,126.85,136.85,317290.28967
1627272000,136.85,139.97,135.03,136.55,143475.62347
1627286400,136.55,138.29,134.77,137.85,108208.49786
1627300800,137.85,138.86,136.03,137.58,102055.3642
1627315200,137.58,140.47,136.48,136.52,181301.47278
1627329600,136.52,136.85,130.22,131.06,199761.52581
1627344000,131.06,132.47,127.27,128.84,131045.90669
1627358400,128.84,129.82,128.09,128.89,93724.32209
1627372800,128.89,132.15,128.13,132.15,94367.03107
1627387200,132.15,134.5,131.18,133.42,131102.93974
1627401600,133.42,133.81,131.56,132.92,89483.68437
1627416000,132.92,135.12,132.76,134.74,67660.13856
1627430400,134.74,137.0,133.06,135.4,111427.56106
1627444800,135.4,138.15,132.39,137.69,104928.01207
1627459200,137.69,139.72,135.5,139.54,147405.14381
1627473600,139.54,140.38,136.16,137.66,109390.64987
1627488000,137.66,139.4,134.1,138.04,156572.701
1627502400,138.04,142.0,137.48,140.42,100212.05993
1627516800,140.42,140.48,136.55,138.5,132229.76328
1627531200,138.5,140.73,137.87,139.43,63625.38848
1627545600,139.43,140.83,136.93,137.76,93018.22578
1627560000,137.76,140.39,137.02,140.11,86224.8821
1627574400,140.11,141.3,139.53,140.64,82575.60555
1627588800,140.64,143.0,139.27,141.44,84967.13673
1627603200,141.44,143.81,140.43,142.69,109738.64555
1627617600,142.69,143.1,140.69,141.52,52635.37331
1627632000,141.52,141.64,135.86,136.24,144534.16159
1627646400,136.24,137.7,136.06,137.58,66100.62894
1627660800,137.58,140.88,137.07,140.86,81278.84111
1627675200,140.86,145.88,140.68,145.51,151559.59032
1627689600,145.51,146.6,144.2,144.84,81904.9942
1627704000,144.84,145.0,142.6,143.41,78792.10914
1627718400,143.41,145.0,142.78,143.48,62429.13315
1627732800,143.48,144.32,142.07,143.74,54457.28023
1627747200,143.74,143.8,141.83,142.97,41680.68825
1627761600,142.97,145.81,142.53,144.37,69473.41046
1627776000,144.37,149.78,143.0,149.6,106375.36573
1627790400,149.6,149.66,147.01,148.0,77820.20748
1627804800,148.0,149.0,146.0,147.2,68597.78102
1627819200,147.2,147.7,145.01,145.91,73967.65511
1627833600,145.91,146.37,143.0,145.67,117265.12868
1627848000,145.67,147.43,138.04,140.31,140673.633
1627862400,140.31,141.38,138.76,141.24,74470.97367
1627876800,141.24,145.93,140.83,144.83,67332.08771
1627891200,144.83,145.12,143.0,144.22,76691.71442
1627905600,144.22,145.06,141.16,143.71,74671.75423
1627920000,143.71,144.39,141.08,141.37,55582.24182
1627934400,141.37,142.53,139.5,141.35,71100.91064
1627948800,141.35,143.24,138.41,139.02,66441.94815
1627963200,139.02,139.62,136.25,138.8,67013.16278
1627977600,138.8,139.19,136.73,137.71,61238.6975
1627992000,137.71,140.5,135.6,138.54,93658.58055
1628006400,138.54,139.82,136.91,138.91,68425.20717
1628020800,138.91,140.45,137.93,138.49,46043.48836
1628035200,138.49,139.52,137.12,137.15,46473.50607
1628049600,137.15,138.56,136.25,136.83,56878.99809
1628064000,136.83,137.89,135.54,137.68,63753.46877
1628078400,137.68,143.31,137.6,142.43,159391.34191
1628092800,142.43,144.12,142.06,143.83,95647.91091
1628107200,143.83,144.5,141.86,142.57,64343.10544
1628121600,142.57,143.51,140.45,140.77,81152.55307
1628136000,140.77,141.24,138.37,139.33,61314.64716
1628150400,139.33,139.79,137.07,138.01,89344.50953
1628164800,138.01,141.77,136.12,140.36,159058.46153
1628179200,140.36,144.63,139.87,143.09,132069.44535
1628193600,143.09,145.19,142.94,143.53,92087.77155
1628208000,143.53,147.5,141.73,146.03,141977.85814
1628222400,146.03,147.44,144.93,145.41,92431.32085
1628236800,145.41,146.14,143.87,144.05,76357.75628
1628251200,144.05,149.5,143.35,149.09,131765.6251
1628265600,149.09,150.9,147.69,148.55,171243.32922
1628280000,148.55,149.87,146.8,147.95,72197.78552
1628294400,147.95,153.86,147.06,153.39,131619.12314
1628308800,153.39,154.3,150.89,152.12,107223.90306
1628323200,152.12,155.51,151.61,154.65,129282.40699
1628337600,154.65,156.23,148.95,153.72,261503.06787
1628352000,153.72,154.9,149.2,153.91,151743.33065
1628366400,153.91,156.39,152.69,155.92,97202.70725
1628380800,155.92,157.63,151.28,154.18,148656.83378
1628395200,154.18,157.4,152.67,155.2,125990.74032
1628409600,155.2,155.83,152.42,153.33,92722.23762
1628424000,153.33,155.58,150.14,150.89,119000.33454
1628438400,150.89,152.57,147.0,148.95,138471.10422
1628452800,148.95,151.86,147.83,149.69,75298.9861
1628467200,149.69,150.36,145.15,147.27,116819.73341
1628481600,147.27,150.09,146.48,149.74,71101.28789
1628496000,149.74,155.71,149.1,155.64,146894.56918
1628510400,155.64,164.86,153.66,164.26,343467.45809
1628524800,164.26,170.0,162.43,167.73,266822.74937
1628539200,167.73,170.78,162.69,166.31,220512.52282
1628553600,166.31,167.28,161.31,162.86,158933.80076
1628568000,162.86,167.33,160.8,166.02,142509.17799
1628582400,166.02,166.07,161.55,163.26,142623.66898
1628596800,163.26,168.28,161.88,162.69,209464.89297
1628611200,162.69,164.87,158.79,164.73,139104.6244
1628625600,164.73,167.98,164.21,165.38,102050.56993
1628640000,165.38,167.9,164.23,165.77,114582.34142
1628654400,165.77,174.27,165.1,172.74,197198.82511
1628668800,172.74,173.33,169.36,169.72,144148.81126
1628683200,169.72,174.77,168.6,172.21,165512.06944
1628697600,172.21,174.82,171.23,174.51,128631.10581
1628712000,174.51,176.07,168.37,170.6,164573.86456
1628726400,170.6,179.74,170.05,174.98,191366.58676
1628740800,174.98,176.27,166.21,170.22,227863.60388
1628755200,170.22,172.24,167.45,168.31,144230.9879
1628769600,168.31,169.26,160.77,163.23,223759.44114
1628784000,163.23,166.35,161.35,165.44,122160.9837
1628798400,165.44,166.6,161.79,165.38,77885.60886
1628812800,165.38,168.57,164.0,167.62,68090.33037
1628827200,167.62,180.86,167.62,176.85,134692.32591
1628841600,176.85,182.93,176.85,179.07,292983.70452
1628856000,179.07,182.77,173.02,175.97,222199.31232
1628870400,175.97,178.16,173.73,176.28,167021.6029
1628884800,176.28,184.57,175.67,183.31,237695.4922
1628899200,183.31,185.11,177.18,179.18,190160.7153
1628913600,179.18,183.75,178.15,182.62,118900.71645
1628928000,182.62,184.98,174.62,178.62,294007.39261
1628942400,178.62,182.69,175.99,182.01,139567.02063
1628956800,182.01,182.5,179.55,181.39,87949.59194
1628971200,181.39,183.5,176.97,182.76,114010.86376
1628985600,182.76,186.55,181.24,182.59,232855.48432
1629000000,182.59,182.88,175.8,177.23,159293.67466
1629014400,177.23,180.39,176.37,179.37,164281.56565
1629028800,179.37,181.12,175.18,180.42,144030.74316
1629043200,180.42,182.47,177.2,182.33,130185.91419
1629057600,182.33,185.85,181.51,184.6,118001.52535
1629072000,184.6,187.81,182.23,183.64,162754.52577
1629086400,183.64,187.5,183.53,185.48,116234.76403
1629100800,185.48,189.03,184.2,187.36,150690.34914
1629115200,187.36,187.89,179.87,182.33,200522.14746
1629129600,182.33,185.13,180.28,180.53,116833.1422
1629144000,180.53,181.98,176.35,177.93,151295.4868
1629158400,177.93,182.69,173.22,181.68,144359.12021
1629172800,181.68,183.0,177.41,179.78,104219.52124
1629187200,179.78,184.38,179.38,183.31,127143.16791
1629201600,183.31,184.34,176.41,176.61,129098.37311
1629216000,176.61,178.81,174.2,175.33,104897.30177
1629230400,175.33,175.76,168.01,168.61,171321.26658
1629244800,168.61,170.32,162.92,168.85,178181.13545
1629259200,168.85,171.46,166.89,168.72,88558.2887
1629273600,168.72,171.39,165.61,166.07,109975.9739
1629288000,166.07,173.77,166.03,173.74,107621.08895
1629302400,173.74,174.54,167.31,167.89,118313.48994
1629316800,167.89,169.59,164.35,166.65,92169.56792
1629331200,166.65,169.45,164.71,165.28,127718.33031
1629345600,165.28,168.0,163.88,166.02,90350.92775
1629360000,166.02,167.75,163.26,163.68,105311.81723
1629374400,163.68,170.96,162.66,170.85,140414.49835
1629388800,170.85,175.16,168.66,174.21,138434.15156
1629403200,174.21,175.82,172.86,175.59,79986.56959
1629417600,175.59,178.16,174.91,175.7,122790.67009
1629432000,175.7,177.13,174.55,175.27,90253.11559
1629446400,175.27,177.95,174.11,175.73,97921.71457
1629460800,175.73,183.39,175.58,182.79,189946.34686
1629475200,182.79,184.11,179.59,180.85,128760.22737
1629489600,180.85,184.0,180.38,183.59,78468.07935
1629504000,183.59,184.0,179.96,182.8,77068.05976
1629518400,182.8,183.46,180.72,182.77,75025.10514
1629532800,182.77,184.48,177.82,179.67,149539.79748
1629547200,179.67,182.84,179.35,181.86,116818.24179
1629561600,181.86,182.97,176.52,177.63,134302.98021
1629576000,177.63,181.88,176.82,179.63,91471.11527
1629590400,179.63,184.29,179.5,182.11,118542.53086
1629604800,182.11,189.6,182.02,188.39,257294.10569
1629619200,188.39,189.11,186.63,187.98,100536.59414
1629633600,187.98,188.3,179.03,182.27,216136.36326
1629648000,182.27,183.59,178.93,180.93,116298.22314
1629662400,180.93,186.72,178.38,185.91,127067.16627
1629676800,185.91,190.53,184.54,188.69,179457.0882
1629691200,188.69,189.83,186.35,187.84,136022.17779
1629705600,187.84,191.94,187.5,190.26,188739.13188
1629720000,190.26,191.13,185.24,186.44,171419.96721
1629734400,186.44,188.61,184.39,185.31,114473.66221
1629748800,185.31,187.95,183.61,187.01,87199.25607
1629763200,187.01,188.28,182.6,185.19,97284.75783
1629777600,185.19,188.08,184.46,187.49,63070.70507
1629792000,187.49,188.64,183.74,186.08,110181.13143
1629806400,186.08,186.18,176.63,177.29,227826.74733
1629820800,177.29,177.59,172.25,176.26,186738.90389
1629835200,176.26,177.77,172.72,173.42,95590.44866
1629849600,173.42,178.16,173.33,173.87,92071.25192
1629864000,173.87,178.48,173.11,175.57,89729.60843
1629878400,175.57,175.82,169.06,172.48,153687.12391
1629892800,172.48,178.21,171.35,177.96,128411.94079
1629907200,177.96,179.0,176.32,176.73,89905.71898
1629921600,176.73,178.7,176.39,177.75,64177.43627
1629936000,177.75,180.18,170.81,171.74,122201.77546
1629950400,171.74,172.58,167.92,169.5,106029.00093
1629964800,169.5,171.8,168.8,169.4,64675.41319
1629979200,169.4,172.3,167.2,168.2,121510.19096
1629993600,168.2,169.3,164.9,168.3,92627.3627
1630008000,168.3,171.1,167.3,167.7,61862.01
1630022400,167.7,171.2,165.3,167.4,87147.968
1630036800,167.4,169.9,165.0,169.7,64485.236
1630051200,169.7,171.5,167.7,170.4,68097.0
1630065600,170.4,175.56,168.0,174.1,123859.74935
1630080000,174.1,174.8,172.9,173.0,46009.585
1630094400,173.0,176.35,172.2,176.2,66521.48696
1630108800,176.2,177.1,173.7,174.0,58672.09063
1630123200,174.0,175.5,172.5,174.4,47719.942
1630137600,174.4,175.1,171.9,172.7,47746.659
1630152000,172.7,174.8,171.3,173.1,60331.026
1630166400,173.1,174.5,171.5,172.0,45022.891
1630180800,172.0,175.8,171.9,175.6,56692.661
1630195200,175.6,182.6,175.0,176.4,217609.50054
1630209600,176.4,179.5,174.9,179.1,74137.799
1630224000,179.1,179.8,175.7,175.9,69000.103
1630238400,175.9,177.6,173.1,174.5,77680.989
1630252800,174.5,175.9,173.8,175.1,52025.391
1630267200,175.1,177.8,174.0,174.3,56889.803
1630281600,174.3,175.3,171.4,172.2,64118.607
1630296000,172.2,173.2,170.6,172.8,56612.041
1630310400,172.8,173.8,171.2,172.4,61920.681
1630324800,172.4,172.6,167.5,171.2,106584.201
1630339200,171.2,175.9,170.6,175.8,77820.856
1630353600,175.8,176.5,166.5,167.3,101063.01
1630368000,167.3,169.2,165.6,168.8,76900.072
1630382400,168.8,173.0,167.2,172.6,85323.306
1630396800,172.6,175.0,170.0,174.9,107119.067
1630411200,174.9,175.4,169.4,171.0,99548.052
1630425600,171.0,174.5,170.0,173.1,119331.849
1630440000,173.1,173.5,168.9,171.5,65398.661
1630454400,171.5,173.1,168.5,172.1,126381.708
1630468800,172.1,174.1,171.5,172.6,87841.552
1630483200,172.6,175.7,172.5,174.8,109403.57
1630497600,174.8,178.4,173.0,176.7,126083.874
1630512000,176.7,180.8,175.9,178.9,142800.214
1630526400,178.9,182.8,178.8,180.9,99791.376
1630540800,180.9,185.0,179.4,182.3,103704.03081
1630555200,182.3,185.0,180.9,182.6,84339.276
1630569600,182.6,187.5,181.6,186.8,137028.07923
1630584000,186.8,187.5,180.2,182.5,169642.302
1630598400,182.5,186.4,182.4,185.9,103349.383
1630612800,185.9,187.9,183.2,183.3,85576.78341
1630627200,183.3,185.9,179.8,185.7,115180.484
1630641600,185.7,187.8,183.6,184.1,115701.746
1630656000,184.1,195.4,183.9,195.0,354895.56203
1630670400,195.0,207.4,193.3,206.8,646060.84542
1630684800,206.8,217.7,204.4,214.5,544863.10481
1630699200,214.5,214.6,206.7,212.9,294961.889
1630713600,212.9,217.1,208.4,213.3,230079.152
1630728000,213.3,216.5,210.2,213.6,156508.723
1630742400,213.6,225.2,212.1,217.4,540997.71192
1630756800,217.4,221.4,215.4,216.3,225157.978
1630771200,216.3,217.8,209.0,210.7,200663.231
1630785600,210.7,215.1,210.4,211.9,95010.738
1630800000,211.9,218.4,210.5,213.2,125937.314
1630814400,213.2,216.3,210.9,214.6,83790.56
1630828800,214.6,221.0,214.0,217.7,146117.694
1630843200,217.7,229.3,216.5,225.0,334644.36316
1630857600,225.0,229.3,222.4,223.2,158782.307
1630872000,223.2,232.56,222.4,232.2,158677.74176
1630886400,232.2,232.3,224.0,224.5,118014.672
1630900800,224.5,230.4,223.9,228.7,100613.954
1630915200,228.7,231.8,222.8,223.6,215757.137
1630929600,223.6,224.0,214.8,221.3,309160.691
1630944000,221.3,223.6,219.7,220.2,112433.238
1630958400,220.2,223.7,217.0,219.4,145730.801
1630972800,219.4,221.9,215.1,219.2,117064.151
1630987200,219.2,221.3,215.0,216.8,113711.041
1631001600,216.8,217.0,201.9,206.8,349117.574
1631016000,206.8,209.2,162.1,179.5,843333.90163
1631030400,179.5,186.7,175.9,177.6,412421.331
1631044800,177.6,180.3,172.4,178.5,191234.594
1631059200,178.5,182.9,174.7,178.5,164047.523
1631073600,178.5,189.0,170.7,171.9,437139.743
1631088000,171.9,185.2,169.3,182.6,281557.624
1631102400,182.6,185.3,178.0,181.0,255395.922
1631116800,181.0,184.2,179.5,182.4,147974.824
1631131200,182.4,183.2,177.2,179.7,133117.005
1631145600,179.7,182.7,176.5,179.8,148624.268
1631160000,179.8,184.6,179.1,183.3,126534.256
1631174400,183.3,186.1,179.9,183.1,156582.286
1631188800,183.1,188.6,178.1,186.5,264138.1
1631203200,186.5,188.6,181.6,182.0,120526.246
1631217600,182.0,182.4,179.6,180.5,80250.562
1631232000,180.5,187.4,179.3,183.9,103138.016
1631246400,183.9,184.3,178.9,180.0,78920.574
1631260800,180.0,183.5,176.7,181.4,168581.767
1631275200,181.4,183.0,170.7,176.0,224090.514
1631289600,176.0,178.0,174.3,176.6,74501.825
1631304000,176.6,177.4,170.8,174.1,71868.146
1631318400,174.1,177.7,173.4,174.8,51545.65
1631332800,174.8,178.0,173.6,175.4,63260.13
1631347200,175.4,185.3,173.7,185.2,172746.615
1631361600,185.2,186.2,183.3,184.4,109493.149
1631376000,184.4,185.6,182.7,183.2,67716.509
1631390400,183.2,183.6,177.1,178.6,87201.018
1631404800,178.6,179.4,175.1,178.6,72635.781
1631419200,178.6,180.0,176.3,178.6,64020.589
1631433600,178.6,184.1,177.4,183.7,108037.167
1631448000,183.7,185.9,181.7,184.0,108267.078
1631462400,184.0,185.6,183.1,184.8,59413.562
1631476800,184.8,186.2,176.5,183.0,152340.519
1631491200,183.0,185.0,175.5,175.9,136804.344
1631505600,175.9,178.1,171.4,173.3,112074.136
1631520000,173.3,175.8,170.7,175.3,92889.419
1631534400,175.3,240.0,173.1,180.1,4448437.9471
1631548800,180.1,182.8,176.3,180.5,430018.678
1631563200,180.5,184.0,178.6,179.4,216838.15
1631577600,179.4,183.2,176.1,178.5,199113.34
1631592000,178.5,180.0,176.4,179.0,135083.896
1631606400,179.0,181.5,178.3,178.8,130893.085
1631620800,178.8,189.0,176.8,184.8,387195.909
1631635200,184.8,185.6,179.3,180.7,146913.775
1631649600,180.7,184.1,179.4,183.1,92079.992
1631664000,183.1,183.5,180.4,181.0,76578.073
1631678400,181.0,182.6,179.6,182.3,74958.102
1631692800,182.3,183.3,180.2,182.1,90257.714
1631707200,182.1,184.7,180.9,184.3,119486.968
1631721600,184.3,185.4,182.9,184.9,99044.711
1631736000,184.9,192.1,184.1,189.0,285182.491
1631750400,189.0,192.6,186.3,187.7,192697.508
1631764800,187.7,192.0,187.5,191.3,105665.421
1631779200,191.3,195.4,188.9,191.1,220408.953
1631793600,191.1,193.0,184.7,189.7,191990.108
1631808000,189.7,190.2,185.6,185.7,115795.623
1631822400,185.7,186.6,181.5,185.2,108728.618
1631836800,185.2,186.9,184.0,186.0,58343.017
1631851200,186.0,190.5,184.3,185.2,124186.519
1631865600,185.2,188.9,179.3,180.4,152474.678
1631880000,180.4,182.3,177.5,181.2,110142.979
1631894400,181.2,182.6,178.6,181.8,58839.416
1631908800,181.8,182.1,178.3,180.0,62780.46
1631923200,180.0,183.3,177.9,182.2,72120.017
1631937600,182.2,185.1,182.2,183.7,53415.582
1631952000,183.7,185.8,181.6,182.2,71244.653
1631966400,182.2,185.4,180.8,181.9,89358.624
1631980800,181.9,182.2,180.1,181.2,41949.357
1631995200,181.2,181.8,178.8,181.4,44320.991
1632009600,181.4,181.7,178.2,179.5,38479.179
1632024000,179.5,181.6,179.1,181.0,27655.311
1632038400,181.0,181.4,175.7,176.7,77210.716
1632052800,176.7,178.6,176.0,178.2,62937.825
1632067200,178.2,178.6,174.6,175.2,84851.992
1632081600,175.2,177.8,172.5,175.6,73730.752
1632096000,175.6,176.0,163.3,167.1,238140.869
1632110400,167.1,168.3,161.8,163.9,159868.77894
1632124800,163.9,166.8,153.7,157.4,313800.77771
1632139200,157.4,161.3,153.3,160.5,319463.29302
1632153600,160.5,162.8,157.1,160.3,165597.253
1632168000,160.3,161.3,155.2,157.2,103588.706
1632182400,157.2,162.0,149.9,159.4,242830.26704
1632196800,159.4,160.8,156.0,160.4,94688.772
1632211200,160.4,162.3,159.1,160.1,91757.123
1632225600,160.1,162.1,156.2,160.0,152927.62
1632240000,160.0,160.3,153.2,153.4,144801.134
1632254400,153.4,154.4,144.7,148.5,261164.71789
1632268800,148.5,154.3,145.3,151.4,186421.056
1632283200,151.4,155.0,149.8,154.3,104657.347
1632297600,154.3,155.5,152.7,153.8,100044.778
1632312000,153.8,159.9,153.3,159.2,170044.033
1632326400,159.2,161.8,157.5,159.6,176454.41
1632340800,159.6,161.8,158.5,161.4,85043.942
1632355200,161.4,162.3,158.3,161.2,88306.583
1632369600,161.2,161.9,159.3,161.3,83793.911
1632384000,161.3,161.7,157.1,158.1,91524.571
1632398400,158.1,161.7,157.4,159.2,94010.274
1632412800,159.2,165.0,158.9,163.8,128910.446
1632427200,163.8,164.7,161.3,163.9,72967.737
1632441600,163.9,166.6,160.7,161.4,68860.876
1632456000,161.4,162.4,159.2,160.8,96875.74
1632470400,160.8,162.8,141.6,146.7,532566.68355
1632484800,146.7,150.1,143.1,147.7,291478.966
1632499200,147.7,150.1,146.8,149.0,102337.481
1632513600,149.0,154.9,148.7,152.1,143926.538
1632528000,152.1,155.9,150.5,154.1,130939.883
1632542400,154.1,155.7,152.1,152.8,56997.182
1632556800,152.8,155.5,148.8,151.5,171104.688
1632571200,151.5,153.3,149.1,152.1,103585.773
1632585600,152.1,153.0,150.2,152.4,84947.24
1632600000,152.4,152.5,148.8,151.0,74882.312
1632614400,151.0,151.6,146.5,148.7,98126.132
1632628800,148.7,149.5,142.1,143.5,164434.429
1632643200,143.5,152.8,141.9,150.7,271496.255
1632657600,150.7,153.3,150.6,153.0,90739.864
1632672000,153.0,153.4,150.7,151.9,131556.565
1632686400,151.9,153.3,148.6,150.7,81604.82
1632700800,150.7,154.9,149.3,153.0,82390.8
1632715200,153.0,154.0,152.0,152.7,51131.691
1632729600,152.7,153.7,150.8,152.8,72839.646
1632744000,152.8,153.3,148.9,150.1,118189.37
1632758400,150.1,150.3,147.6,148.5,72324.583
1632772800,148.5,149.9,144.8,145.0,66297.098
1632787200,145.0,147.4,144.3,147.3,56687.358
1632801600,147.3,148.1,143.8,145.1,68987.862
1632816000,145.1,148.0,144.1,147.7,93303.114
1632830400,147.7,149.0,143.6,144.1,147217.883
1632844800,144.1,145.8,142.1,143.3,97039.922
1632859200,143.3,144.9,140.0,140.6,88678.6329
1632873600,140.6,144.8,139.7,144.4,93439.77368
1632888000,144.4,146.3,144.0,146.0,63269.64
1632902400,146.0,148.4,144.5,147.8,86215.82
1632916800,147.8,150.4,146.6,147.3,120889.243
1632931200,147.3,147.9,144.4,144.7,74175.494
1632945600,144.7,145.0,142.6,144.7,67259.185
1632960000,144.7,151.0,143.9,150.7,119525.627
1632974400,150.7,152.3,150.6,150.7,81449.792
1632988800,150.7,151.4,149.3,150.8,68870.252
1633003200,150.8,154.5,150.7,152.6,113890.234
1633017600,152.6,154.0,151.2,151.6,72731.012
1633032000,151.6,153.6,150.6,153.3,49411.323
1633046400,153.3,154.9,151.1,153.6,78084.424
1633060800,153.6,159.0,153.1,158.8,104400.099
1633075200,158.8,164.1,158.1,163.5,223074.229
1633089600,163.5,165.5,162.6,165.0,134823.792
1633104000,165.0,167.1,164.7,167.0,90207.203
1633118400,167.0,168.1,164.6,166.2,70843.17
1633132800,166.2,168.6,164.4,165.8,88080.647
1633147200,165.8,167.2,165.2,166.5,41256.919
1633161600,166.5,167.9,165.4,167.1,38103.414
1633176000,167.1,172.5,166.9,171.8,128769.779
1633190400,171.8,172.8,170.3,172.1,71883.205
1633204800,172.1,172.6,168.1,168.9,59751.809
1633219200,168.9,170.4,166.2,168.2,86060.331
1633233600,168.2,169.2,167.3,167.7,34086.526
1633248000,167.7,171.3,165.7,170.7,66834.309
1633262400,170.7,172.6,168.4,169.2,71869.073
1633276800,169.2,175.0,168.8,172.6,115173.104
1633291200,172.6,173.0,169.1,170.5,63037.444
1633305600,170.5,170.9,165.0,165.7,67876.813
1633320000,165.7,168.2,164.2,168.0,52222.205
1633334400,168.0,168.1,163.6,165.1,69841.483
1633348800,165.1,169.3,161.3,162.9,185717.39
1633363200,162.9,169.8,162.5,169.2,154743.234
1633377600,169.2,169.5,165.7,167.5,56223.806
1633392000,167.5,170.4,166.6,168.5,65999.5
1633406400,168.5,168.9,166.7,168.2,37562.135
1633420800,168.2,174.0,166.9,172.5,131245.621
1633435200,172.5,173.3,167.7,168.4,145469.587
1633449600,168.4,174.9,167.6,174.5,141599.378
1633464000,174.5,175.4,172.7,173.8,100838.391
1633478400,173.8,174.3,170.1,171.7,77157.099
1633492800,171.7,176.0,170.4,171.5,91438.47
1633507200,171.5,171.7,163.8,166.6,165860.829
1633521600,166.6,182.4,166.4,181.5,386019.741
1633536000,181.5,183.0,180.0,181.6,140325.047
1633550400,181.6,182.9,178.3,178.5,107120.218
1633564800,178.5,179.4,173.4,175.9,131971.346
1633579200,175.9,186.0,175.6,185.2,187924.082
1633593600,185.2,187.0,180.5,183.7,180179.84
1633608000,183.7,183.7,176.5,179.3,186187.406
1633622400,179.3,181.8,177.6,179.2,109064.778
1633636800,179.2,181.1,177.0,178.6,71344.995
1633651200,178.6,180.9,175.1,176.3,115767.256
1633665600,176.3,180.1,175.8,179.8,75764.664
1633680000,179.8,183.3,179.4,181.8,134721.193
1633694400,181.8,183.4,179.0,180.8,185428.836
1633708800,180.8,181.1,177.6,178.3,103594.125
1633723200,178.3,178.5,174.4,175.9,82216.96
1633737600,175.9,178.3,174.4,177.6,55591.89
1633752000,177.6,178.3,176.1,177.5,43627.813
1633766400,177.5,181.3,175.9,179.7,87532.464
1633780800,179.7,181.1,179.3,179.8,79590.21
1633795200,179.8,182.9,179.4,180.2,123063.132
1633809600,180.2,181.7,178.9,179.9,56574.379
1633824000,179.9,182.0,176.2,181.9,126418.734
1633838400,181.9,184.0,181.3,182.8,93599.574
1633852800,182.8,183.3,179.3,180.6,85348.899
1633867200,180.6,181.4,178.3,180.6,69324.377
1633881600,180.6,180.8,177.3,178.7,56237.378
1633896000,178.7,181.3,174.0,174.8,128856.191
1633910400,174.8,180.6,172.0,180.4,94848.38
1633924800,180.4,184.9,179.8,184.5,109068.475
1633939200,184.5,185.4,176.9,179.5,157059.113
1633953600,179.5,183.6,178.6,182.5,119396.453
1633968000,182.5,183.2,177.5,177.6,84761.443
1633982400,177.6,179.6,174.8,179.1,114481.123
1633996800,179.1,179.2,172.0,173.8,104949.556
1634011200,173.8,175.7,171.1,173.8,110883.402
1634025600,173.8,175.9,166.3,170.6,191872.195
1634040000,170.6,173.5,167.4,171.8,152521.989
1634054400,171.8,173.2,170.3,170.8,82812.557
1634068800,170.8,173.3,168.7,172.6,65134.201
1634083200,172.6,174.9,171.5,174.2,47781.398
1634097600,174.2,174.7,167.8,167.9,119587.397
1634112000,167.9,173.3,167.6,173.1,84775.147
1634126400,173.1,179.0,170.7,174.5,225619.988
1634140800,174.5,176.2,173.7,175.9,92188.757
1634155200,175.9,179.7,175.0,177.6,87999.875
1634169600,177.6,180.9,176.9,180.6,109190.668
1634184000,180.6,181.3,178.1,178.5,85838.543
1634198400,178.5,182.2,178.4,181.4,92546.887
1634212800,181.4,183.4,179.7,181.9,149881.011
1634227200,181.9,186.7,179.7,181.1,238091.952
1634241600,181.1,181.8,178.3,181.3,70850.12
1634256000,181.3,186.2,176.4,184.5,204174.917
1634270400,184.5,185.7,182.2,182.3,113971.968
1634284800,182.3,182.6,177.7,180.6,129152.662
1634299200,180.6,188.5,179.1,185.7,248162.149
1634313600,185.7,192.0,183.4,190.7,316568.924
1634328000,190.7,193.0,188.3,189.6,131313.818
1634342400,189.6,192.6,189.1,189.7,91529.311
1634356800,189.7,190.8,187.1,188.4,85951.801
1634371200,188.4,192.2,187.9,190.8,100477.723
1634385600,190.8,191.3,186.3,187.9,159012.293
1634400000,187.9,188.6,185.9,186.7,84293.769
1634414400,186.7,187.3,185.0,186.0,55546.708
1634428800,186.0,187.7,183.4,187.3,60487.759
1634443200,187.3,188.1,185.3,185.4,46553.416
1634457600,185.4,186.9,185.1,185.1,54405.458
1634472000,185.1,186.3,183.0,183.7,82067.918
1634486400,183.7,185.3,183.3,184.1,45421.647
1634500800,184.1,184.6,176.4,183.7,186066.765
1634515200,183.7,186.4,183.5,185.9,80160.634
1634529600,185.9,187.6,184.8,185.0,80611.488
1634544000,185.0,186.4,180.1,180.8,129681.577
1634558400,180.8,186.0,178.5,183.6,138649.423
1634572800,183.6,185.6,181.6,184.0,76018.077
1634587200,184.0,187.2,183.2,185.6,86809.884
1634601600,185.6,191.6,184.6,190.6,123977.419
1634616000,190.6,191.3,188.0,188.5,81504.365
1634630400,188.5,189.9,187.3,188.0,80341.976
1634644800,188.0,189.8,183.1,185.0,155368.231
1634659200,185.0,187.5,184.9,186.4,81139.117
1634673600,186.4,189.0,185.2,188.8,76493.58
1634688000,188.8,188.9,185.7,185.8,61228.181
1634702400,185.8,187.4,185.6,186.6,42639.342
1634716800,186.6,190.7,186.5,189.4,114936.534
1634731200,189.4,204.1,189.1,204.1,471608.768
1634745600,204.1,209.4,202.4,207.0,294033.915
1634760000,207.0,208.5,203.7,207.3,137238.08
1634774400,207.3,214.7,204.6,208.9,249641.827
1634788800,208.9,211.8,204.4,208.5,153470.821
1634803200,208.5,211.5,202.8,204.8,214563.409
1634817600,204.8,207.7,195.2,199.1,287445.829
1634832000,199.1,200.7,196.2,198.4,138079.143
1634846400,198.4,199.2,196.2,196.8,86123.206
1634860800,196.8,201.5,196.7,200.6,115060.258
1634875200,200.6,200.6,196.6,198.5,120761.069
1634889600,198.5,200.0,197.1,198.9,80669.25
1634904000,198.9,199.6,192.4,192.8,181950.556
1634918400,192.8,195.0,190.1,193.0,145008.895
1634932800,193.0,193.5,187.9,191.0,88396.077
1634947200,191.0,193.7,189.4,193.7,62766.217
1634961600,193.7,194.9,191.9,193.1,68335.326
1634976000,193.1,194.4,188.7,194.1,78464.385
1634990400,194.1,198.0,193.7,196.1,107995.261
1635004800,196.1,196.8,194.2,195.1,56927.624
1635019200,195.1,196.6,194.4,196.3,38620.851
1635033600,196.3,199.9,194.7,198.3,79958.196
1635048000,198.3,198.6,195.0,196.2,57015.287
1635062400,196.2,197.3,192.5,193.0,82704.272
1635076800,193.0,194.0,189.0,189.1,125083.049
1635091200,189.1,189.4,185.2,188.6,149055.526
1635105600,188.6,190.9,188.3,190.4,74387.73
1635120000,190.4,194.7,189.6,193.7,53921.773
1635134400,193.7,195.0,192.9,194.2,63138.258
1635148800,194.2,196.8,193.7,195.7,103951.31
1635163200,195.7,196.7,194.3,196.4,76718.0
1635177600,196.4,197.4,193.9,194.3,95813.051
1635192000,194.3,195.8,194.2,195.5,41579.43
1635206400,195.5,197.3,194.6,196.8,57941.89
1635220800,196.8,197.5,194.5,195.3,51251.022
1635235200,195.3,196.8,194.5,194.8,60571.702
1635249600,194.8,195.5,190.3,193.0,112640.655
1635264000,193.0,194.2,191.5,193.8,59286.796
1635278400,193.8,199.4,191.0,197.6,229460.59
1635292800,197.6,205.0,196.8,202.5,198874.241
1635307200,202.5,204.5,190.8,190.9,188806.137
1635321600,190.9,191.0,171.1,184.5,618215.098
1635336000,184.5,188.0,182.1,182.6,165323.272
1635350400,182.6,185.3,181.5,184.9,118742.364
1635364800,184.9,185.5,178.8,179.3,90760.814
1635379200,179.3,183.4,177.6,182.1,112642.074
1635393600,182.1,184.8,180.7,183.0,132595.053
1635408000,183.0,190.0,183.0,187.4,146228.679
1635422400,187.4,189.3,186.9,187.9,78303.691
1635436800,187.9,193.4,184.6,192.9,162843.858
1635451200,192.9,194.5,189.3,189.8,89777.38
1635465600,189.8,194.8,188.1,193.0,110632.994
1635480000,193.0,193.4,190.1,190.4,72017.324
1635494400,190.4,194.4,189.0,190.9,93992.85
1635508800,190.9,195.6,190.0,194.9,95953.712
1635523200,194.9,196.7,193.4,194.9,117963.955
1635537600,194.9,198.7,193.8,196.7,90533.765
1635552000,196.7,197.3,191.6,192.0,74821.754
1635566400,192.0,194.0,191.6,193.3,55440.643
1635580800,193.3,194.0,191.0,193.8,50847.16
1635595200,193.8,194.1,188.8,192.4,104115.87
1635609600,192.4,192.8,189.6,191.9,59156.937
1635624000,191.9,192.4,186.6,190.2,70989.256
1635638400,190.2,195.2,189.4,192.9,121742.159
1635652800,192.9,193.4,190.6,191.7,64475.882
1635667200,191.7,191.8,188.1,188.9,111390.949
1635681600,188.9,190.3,186.7,189.3,97938.338
1635696000,189.3,191.6,188.0,191.1,68047.893
1635710400,191.1,192.8,190.6,191.9,51089.654
1635724800,191.9,193.8,187.8,188.9,100432.084
1635739200,188.9,194.8,187.8,194.1,88176.092
1635753600,194.1,195.0,191.7,191.8,85687.011
1635768000,191.8,195.7,191.0,195.0,105379.939
1635782400,195.0,201.2,191.4,194.4,200269.295
1635796800,194.4,198.4,192.3,197.6,76232.171
1635811200,197.6,198.7,195.1,195.7,72097.589
1635825600,195.7,197.5,195.4,196.3,56221.906
1635840000,196.3,204.2,195.7,200.3,186924.934
1635854400,200.3,202.6,199.8,202.3,90465.612
1635868800,202.3,204.9,200.4,202.1,97721.008
1635883200,202.1,202.6,198.2,200.9,86023.693
1635897600,200.9,204.5,198.1,201.2,106226.576
1635912000,201.2,209.3,199.2,208.0,194217.578
1635926400,208.0,209.3,203.8,204.9,114476.066
1635940800,204.9,205.2,197.4,201.1,175916.205
1635955200,201.1,209.1,199.6,207.3,181710.634
1635969600,207.3,208.9,205.4,207.3,67308.882
1635984000,207.3,207.3,202.2,203.3,87044.496
1635998400,203.3,204.4,200.2,200.4,73284.324
1636012800,200.4,203.3,200.2,201.6,77313.141
1636027200,201.6,205.4,196.1,198.7,170114.323
1636041600,198.7,200.8,197.0,200.6,115709.948
1636056000,200.6,204.0,199.9,202.6,69077.262
1636070400,202.6,203.3,199.4,201.0,109780.786
1636084800,201.0,202.1,199.6,201.1,61636.486
1636099200,201.1,203.3,199.0,199.4,97747.598
1636113600,199.4,201.8,197.5,197.8,81339.965
1636128000,197.8,199.4,197.3,198.5,58287.57
1636142400,198.5,199.8,196.7,198.9,45908.623
1636156800,198.9,201.1,198.0,200.0,49807.631
1636171200,200.0,200.2,195.9,197.2,61735.296
1636185600,197.2,198.2,191.0,193.4,133189.94
1636200000,193.4,194.9,191.4,194.3,85471.168
1636214400,194.3,197.1,193.7,196.7,56363.098
1636228800,196.7,197.8,196.4,197.6,34068.918
1636243200,197.6,200.3,196.9,199.2,79642.851
1636257600,199.2,199.5,197.7,198.0,35485.536
1636272000,198.0,200.1,197.4,198.9,63641.959
1636286400,198.9,200.3,198.3,199.8,62762.702
1636300800,199.8,200.2,198.6,199.2,53200.418
1636315200,199.2,202.1,198.8,202.0,56649.614
1636329600,202.0,208.0,202.0,205.8,176254.77
1636344000,205.8,209.9,205.6,208.2,134069.66
1636358400,208.2,211.0,206.7,210.0,123279.501
1636372800,210.0,221.5,208.8,218.9,320762.13
1636387200,218.9,229.7,216.9,229.4,407544.003
1636401600,229.4,229.7,222.3,229.0,218170.183
1636416000,229.0,247.6,226.5,247.4,728014.9348
1636430400,247.4,249.8,241.4,247.0,320928.05441
1636444800,247.0,256.0,244.8,247.8,420722.29463
1636459200,247.8,272.2,246.1,264.6,894037.56806
1636473600,264.6,274.6,262.1,267.1,626233.83594
1636488000,267.1,271.9,261.4,262.0,266332.124
1636502400,262.0,266.6,254.2,257.3,357449.727
1636516800,257.3,273.9,254.7,269.0,448953.719
1636531200,269.0,291.0,264.9,287.8,699607.91494
1636545600,287.8,295.7,278.1,287.1,909519.90476
1636560000,287.1,295.5,278.4,278.8,426125.733
1636574400,278.8,282.2,251.6,260.4,891901.862
1636588800,260.4,262.8,250.5,257.1,425989.584
1636603200,257.1,268.5,252.3,265.3,305554.88
1636617600,265.3,274.2,260.3,267.6,311842.741
1636632000,267.6,270.5,260.2,264.9,308957.791
1636646400,264.9,268.0,257.8,263.8,181861.971
1636660800,263.8,267.9,261.2,262.3,132283.139
1636675200,262.3,282.7,261.2,275.7,555712.974
1636689600,275.7,277.1,267.8,270.4,249377.278
1636704000,270.4,279.4,256.4,259.0,636251.413
1636718400,259.0,266.5,250.7,251.5,429134.723
1636732800,251.5,253.0,243.7,251.1,384110.279
1636747200,251.1,258.0,249.6,251.2,160036.685
1636761600,251.2,255.6,245.2,246.6,226819.115
1636776000,246.6,252.4,245.6,249.8,139430.458
1636790400,249.8,251.4,246.2,247.8,121919.671
1636804800,247.8,263.4,245.2,261.5,409909.663
1636819200,261.5,264.2,254.7,255.4,197454.337
1636833600,255.4,259.5,255.1,257.7,71667.967
1636848000,257.7,262.8,255.2,255.7,126598.463
1636862400,255.7,258.6,251.4,252.1,124772.436
1636876800,252.1,254.0,248.4,253.9,114077.662
1636891200,253.9,262.2,252.2,256.1,225812.557
1636905600,256.1,271.8,251.5,271.1,497029.192
1636920000,271.1,279.7,265.9,279.3,270457.687
1636934400,279.3,279.9,272.1,278.3,223436.386
1636948800,278.3,281.5,272.4,273.7,137092.413
1636963200,273.7,275.5,268.9,273.8,189176.053
1636977600,273.8,274.9,266.0,268.7,262001.696
1636992000,268.7,270.3,262.2,264.9,185172.028
1637006400,264.9,265.7,259.0,263.0,159055.033
1637020800,263.0,263.3,239.6,244.5,631104.86
1637035200,244.5,248.0,241.0,246.6,279255.323
1637049600,246.6,249.1,222.5,236.7,662373.056
1637064000,236.7,241.0,231.1,234.3,388658.299
1637078400,234.3,237.5,231.6,234.1,220656.84
1637092800,234.1,235.5,225.1,230.2,214106.752
1637107200,230.2,234.1,219.7,223.1,320586.894
1637121600,223.1,230.9,217.6,228.3,288002.412
1637136000,228.3,235.4,221.2,234.0,355440.094
1637150400,234.0,234.3,225.3,227.8,183035.511
1637164800,227.8,232.1,226.3,228.5,161989.792
1637179200,228.5,230.9,224.4,229.6,113696.48
1637193600,229.6,232.4,221.5,221.6,218806.418
1637208000,221.6,223.7,217.8,220.6,171927.381
1637222400,220.6,225.9,213.3,218.0,265484.173
1637236800,218.0,221.9,208.2,212.0,403149.301
1637251200,212.0,213.7,199.4,208.5,444919.178
1637265600,208.5,211.0,201.5,204.2,185355.123
1637280000,204.2,209.2,199.5,202.0,226837.958
1637294400,202.0,208.9,201.6,205.0,144605.087
1637308800,205.0,215.0,204.9,209.6,211991.444
1637323200,209.6,220.0,209.0,218.1,231456.412
1637337600,218.1,221.3,215.6,218.5,145373.23
1637352000,218.5,219.6,215.5,217.9,80555.67
1637366400,217.9,224.8,217.1,221.2,167098.441
1637380800,221.2,223.5,218.6,221.8,91817.886
1637395200,221.8,224.2,220.3,223.9,83997.905
1637409600,223.9,225.1,214.0,214.5,203585.501
1637424000,214.5,227.8,212.4,225.6,212870.664
1637438400,225.6,227.3,223.5,226.8,81977.357
1637452800,226.8,227.2,219.6,221.6,121021.559
1637467200,221.6,227.6,221.3,225.1,112335.891
1637481600,225.1,226.4,221.0,222.4,114641.584
1637496000,222.4,224.7,220.0,224.1,102715.65
1637510400,224.1,230.8,223.3,225.1,164058.17
1637524800,225.1,227.7,220.6,221.1,83556.459
1637539200,221.1,221.7,213.1,215.0,203674.254
1637553600,215.0,216.4,210.2,214.5,108152.32
1637568000,214.5,217.9,213.6,214.5,80399.073
1637582400,214.5,219.7,210.4,215.4,202028.807
1637596800,215.4,216.1,205.2,206.6,159778.713
1637611200,206.6,211.4,205.8,209.1,110998.467
1637625600,209.1,212.4,206.7,210.7,105025.378
1637640000,210.7,211.4,206.1,206.6,78943.336
1637654400,206.6,213.6,205.1,207.9,194533.41
1637668800,207.9,215.4,207.2,211.9,147917.078
1637683200,211.9,214.2,210.4,214.0,96826.356
1637697600,214.0,218.8,213.3,216.2,86650.091
1637712000,216.2,217.7,209.2,210.7,98479.613
1637726400,210.7,215.8,209.8,213.2,84480.116
1637740800,213.2,216.2,209.5,210.8,103140.17
1637755200,210.8,212.6,205.9,209.5,143987.727
1637769600,209.5,209.9,206.0,207.7,85624.755
1637784000,207.7,212.9,206.7,212.2,70814.479
1637798400,212.2,223.3,210.7,219.7,169543.851
1637812800,219.7,219.8,214.3,217.4,138297.044
1637827200,217.4,224.4,214.1,222.6,188137.963
1637841600,222.6,229.8,222.3,226.7,209732.52
1637856000,226.7,227.4,222.5,223.3,106645.478
1637870400,223.3,225.5,220.6,222.9,79737.754
1637884800,222.9,224.9,215.8,216.2,127276.464
1637899200,216.2,217.8,208.6,211.5,145878.508
1637913600,211.5,211.6,190.0,191.0,812185.281
1637928000,191.0,199.5,190.0,195.9,241763.845
1637942400,195.9,200.0,194.6,198.0,127434.532
1637956800,198.0,199.9,194.6,195.7,82152.831
1637971200,195.7,201.0,195.3,198.0,99783.508
1637985600,198.0,199.3,195.6,195.9,78639.195
1638000000,195.9,200.4,194.6,196.2,125012.778
1638014400,196.2,197.6,195.6,196.8,67974.703
1638028800,196.8,197.9,195.7,196.4,61577.696
1638043200,196.4,197.3,190.6,195.1,91380.102
1638057600,195.1,195.3,183.5,189.2,181979.31
1638072000,189.2,191.2,187.4,190.4,70407.45
1638086400,190.4,193.1,187.5,190.0,88428.352
1638100800,190.0,191.1,188.1,189.9,58544.725
1638115200,189.9,190.9,182.0,189.8,153441.244
1638129600,189.8,199.9,189.4,199.5,171045.263
1638144000,199.5,202.9,198.4,198.7,153152.583
1638158400,198.7,200.4,198.3,199.8,71126.736
1638172800,199.8,200.1,194.9,196.4,119753.399
1638187200,196.4,204.8,196.3,199.8,171412.593
1638201600,199.8,209.5,198.9,206.1,193027.608
1638216000,206.1,208.8,205.2,205.5,102450.769
1638230400,205.5,210.3,200.9,203.3,142259.405
1638244800,203.3,204.7,197.4,201.6,132947.205
1638259200,201.6,212.0,199.4,208.3,183613.79
1638273600,208.3,219.9,208.1,209.9,287698.436
1638288000,209.9,213.2,205.5,211.2,213291.108
1638302400,211.2,211.5,206.8,207.8,73109.513
1638316800,207.8,214.7,206.4,212.5,109994.596
1638331200,212.5,216.5,209.3,215.6,107218.078
1638345600,215.6,216.5,210.9,212.2,110507.83
1638360000,212.2,217.8,210.0,215.2,123030.081
1638374400,215.2,217.3,208.4,210.9,108427.968
1638388800,210.9,211.1,205.1,208.8,114878.761
1638403200,208.8,210.1,199.9,202.2,128053.541
1638417600,202.2,204.9,202.0,203.9,70390.023
1638432000,203.9,206.3,201.8,203.9,106530.312
1638446400,203.9,207.0,202.0,205.3,121502.501
1638460800,205.3,207.4,202.1,205.6,79560.798
1638475200,205.6,207.0,203.1,203.5,56084.555
1638489600,203.5,204.4,198.2,200.2,81437.15
1638504000,200.2,204.1,199.7,203.4,54403.734
1638518400,203.4,207.6,202.8,206.6,89117.423
1638532800,206.6,208.1,197.2,198.3,132448.716
1638547200,198.3,198.3,188.4,189.3,212789.95
1638561600,189.3,191.5,179.3,188.0,254889.427
1638576000,188.0,189.3,175.5,175.5,180312.292
1638590400,175.5,181.6,129.3,151.6,1470415.26625
1638604800,151.6,156.8,146.4,149.3,514359.141
1638619200,149.3,161.2,149.3,158.8,310509.604
1638633600,158.8,164.8,155.4,164.1,157360.592
1638648000,164.1,166.6,161.4,162.7,125109.874
1638662400,162.7,165.0,157.5,161.6,153733.555
1638676800,161.6,162.6,158.7,159.7,130126.663
1638691200,159.7,160.7,156.1,157.9,136782.547
1638705600,157.9,160.1,148.0,150.3,306124.719
1638720000,150.3,156.3,149.9,154.1,255718.465
1638734400,154.1,157.3,151.3,156.3,93381.649
1638748800,156.3,156.5,150.2,154.6,150409.905
1638763200,154.6,155.9,145.9,147.4,122939.102
1638777600,147.4,151.0,141.3,148.3,358228.97
1638792000,148.3,151.9,145.5,151.7,210577.116
1638806400,151.7,153.6,150.1,153.0,111707.393
1638820800,153.0,164.5,152.7,161.3,143571.627
1638835200,161.3,163.6,158.7,159.9,99210.903
1638849600,159.9,161.1,158.2,159.0,71582.444
1638864000,159.0,165.5,158.5,164.8,166617.042
1638878400,164.8,165.8,159.2,163.1,156889.249
1638892800,163.1,164.1,160.3,163.6,92657.841
1638907200,163.6,164.5,159.0,161.8,85283.531
1638921600,161.8,164.1,159.5,159.9,80244.874
1638936000,159.9,166.1,159.7,164.7,97492.813
1638950400,164.7,170.3,155.8,158.8,346460.671
1638964800,158.8,169.7,156.7,165.9,204634.245
1638979200,165.9,166.6,162.6,164.7,95738.43
1638993600,164.7,165.4,162.1,165.1,65956.219
1639008000,165.1,167.1,158.9,159.7,100533.425
1639022400,159.7,163.0,158.4,161.9,80826.2
1639036800,161.9,162.0,157.4,159.5,119538.732
1639051200,159.5,160.6,152.6,155.6,157556.282
1639065600,155.6,157.6,152.2,153.9,110163.712
1639080000,153.9,156.0,151.1,151.3,79610.631
1639094400,151.3,156.0,150.9,153.7,103485.097
1639108800,153.7,155.1,149.2,150.4,101126.58
1639123200,150.4,155.6,149.8,155.4,98670.376
1639137600,155.4,159.8,150.8,151.7,191943.262
1639152000,151.7,152.9,148.7,152.6,116411.908
1639166400,152.6,155.0,147.5,148.3,92973.205
1639180800,148.3,153.0,145.7,151.8,127463.424
1639195200,151.8,155.7,151.4,152.8,89807.04
1639209600,152.8,156.1,151.9,154.7,84654.999
1639224000,154.7,158.8,154.5,158.6,108840.086
1639238400,158.6,159.5,154.5,154.7,79106.641
1639252800,154.7,159.1,154.3,158.0,68777.487
1639267200,158.0,158.9,155.4,156.4,51603.305
1639281600,156.4,156.5,154.0,156.0,49869.906
1639296000,156.0,156.8,153.2,155.9,61214.464
1639310400,155.9,158.5,155.6,157.0,65822.304
1639324800,157.0,162.9,156.7,160.8,92250.625
1639339200,160.8,161.4,158.5,159.0,61700.065
1639353600,159.0,159.9,152.8,154.2,104809.62
1639368000,154.2,156.0,153.3,154.1,60720.453
1639382400,154.1,156.5,152.3,155.5,84741.648
1639396800,155.5,156.3,146.5,147.7,130134.665
1639411200,147.7,150.3,142.7,146.0,170040.701
1639425600,146.0,146.9,143.7,144.6,78275.072
1639440000,144.6,146.8,142.9,145.7,76259.968
1639454400,145.7,147.3,143.1,146.9,71849.964
1639468800,146.9,151.3,145.9,150.7,95374.008
1639483200,150.7,151.9,146.1,146.9,104900.215
1639497600,146.9,149.2,145.4,146.8,77003.428
1639512000,146.8,151.6,146.7,150.4,86254.186
1639526400,150.4,151.7,148.6,150.2,50708.181
1639540800,150.2,152.4,149.3,151.5,77047.639
1639555200,151.5,152.7,149.2,149.7,58125.062
1639569600,149.7,150.3,143.0,143.2,112627.155
1639584000,143.2,153.5,141.7,151.9,207653.703
1639598400,151.9,155.0,151.6,153.6,105671.538
1639612800,153.6,155.0,152.7,153.2,51928.33
1639627200,153.2,154.4,151.7,153.8,71015.342
1639641600,153.8,156.7,153.0,156.3,81037.345
1639656000,156.3,156.3,152.8,154.6,81221.124
1639670400,154.6,155.0,149.7,150.3,84379.015
1639684800,150.3,152.1,148.5,148.9,65272.205
1639699200,148.9,150.3,148.1,149.7,50810.156
1639713600,149.7,150.3,145.7,147.5,78378.238
1639728000,147.5,149.8,146.3,147.1,63451.338
1639742400,147.1,148.0,141.2,146.2,123246.657
1639756800,146.2,149.2,145.3,145.8,80779.291
1639771200,145.8,147.3,142.8,144.1,75789.343
1639785600,144.1,147.5,142.8,146.5,66811.935
1639800000,146.5,148.5,145.5,147.5,49720.011
1639814400,147.5,150.3,147.0,149.2,56153.736
1639828800,149.2,149.9,148.0,148.8,48816.144
1639843200,148.8,149.7,147.3,148.4,47844.212
1639857600,148.4,149.5,147.7,148.6,31102.181
1639872000,148.6,156.4,147.6,154.3,117602.49
1639886400,154.3,155.3,152.7,153.2,53434.701
1639900800,153.2,153.9,150.9,152.3,58355.871
1639915200,152.3,156.6,151.4,155.2,139094.378
1639929600,155.2,161.1,152.2,153.6,300508.95
1639944000,153.6,156.1,152.7,153.2,69410.292
1639958400,153.2,155.6,151.2,154.8,76534.67
1639972800,154.8,157.4,149.0,150.2,116769.122
1639987200,150.2,151.0,146.2,147.8,85115.305
1640001600,147.8,150.8,145.2,148.0,112629.846
1640016000,148.0,151.1,147.3,150.5,71628.171
1640030400,150.5,155.0,150.5,152.6,88241.655
1640044800,152.6,154.5,149.1,153.7,90319.266
1640059200,153.7,155.4,152.3,153.1,70648.414
1640073600,153.1,154.4,152.5,153.9,53058.306
1640088000,153.9,155.5,151.7,152.8,65895.462
1640102400,152.8,155.1,152.8,154.9,42711.279
1640116800,154.9,156.4,154.0,154.7,52860.478
1640131200,154.7,157.0,152.9,156.2,58811.199
1640145600,156.2,157.8,155.2,157.3,63183.113
1640160000,157.3,158.0,154.9,156.5,67370.708
1640174400,156.5,158.0,153.2,157.6,84319.293
1640188800,157.6,160.2,156.3,157.5,98744.604
1640203200,157.5,158.1,154.6,155.4,42535.933
1640217600,155.4,158.0,153.0,157.3,79130.798
1640232000,157.3,157.5,153.7,154.3,46023.117
1640246400,154.3,158.7,154.1,155.8,86078.347
1640260800,155.8,157.5,155.2,157.3,69119.356
1640275200,157.3,165.2,156.6,164.1,170964.996
1640289600,164.1,164.6,161.9,163.6,70356.407
1640304000,163.6,166.8,163.3,165.6,82850.282
1640318400,165.6,165.9,163.0,164.0,54328.29
1640332800,164.0,164.9,162.7,163.1,59429.721
1640347200,163.1,163.8,160.4,162.4,94801.24
1640361600,162.4,164.8,161.6,161.8,67631.222
1640376000,161.8,163.0,160.1,161.2,52371.101
1640390400,161.2,163.1,160.2,161.0,38854.359
1640404800,161.0,163.1,160.8,162.4,31577.261
1640419200,162.4,163.1,160.7,161.5,30987.506
1640433600,161.5,163.6,161.5,162.9,37515.244
1640448000,162.9,163.5,158.6,161.0,139667.474
1640462400,161.0,162.7,157.3,157.8,177466.25
1640476800,157.8,158.4,152.6,153.7,344756.012
1640491200,153.7,155.9,153.2,155.7,49406.166
1640505600,155.7,156.7,153.2,154.4,138985.865
1640520000,154.4,155.3,152.8,155.0,214016.807
1640534400,155.0,156.8,154.9,156.4,75380.596
1640548800,156.4,157.6,154.2,155.7,65415.613
1640563200,155.7,157.0,154.4,156.5,51187.446
1640577600,156.5,156.7,155.3,156.0,40478.972
1640592000,156.0,157.6,154.8,157.4,69758.252
1640606400,157.4,160.0,157.0,159.2,103990.069
1640620800,159.2,160.9,158.5,159.2,88637.794
1640635200,159.2,161.3,155.5,155.9,110311.447
1640649600,155.9,156.0,149.3,151.2,170633.681
1640664000,151.2,151.2,146.2,150.5,114097.141
1640678400,150.5,153.0,149.8,152.9,88631.775
1640692800,152.9,153.4,148.5,151.0,103570.004
1640707200,151.0,151.2,144.5,146.5,142190.765
1640721600,146.5,148.0,144.8,145.7,60777.648
1640736000,145.7,148.6,145.2,148.6,52916.346
1640750400,148.6,148.8,147.0,147.6,42519.532
1640764800,147.6,150.4,147.5,149.5,65923.283
1640779200,149.5,151.0,145.3,149.9,108354.814
1640793600,149.9,150.4,147.2,147.7,72162.014
1640808000,147.7,150.3,143.9,145.5,103071.639
1640822400,145.5,147.0,142.7,144.9,88788.686
1640836800,144.9,147.3,144.8,147.0,43297.289
1640851200,147.0,148.8,145.8,148.2,43528.559
1640865600,148.2,149.5,147.2,147.9,50278.218
1640880000,147.9,150.0,147.8,148.8,39392.407
1640894400,148.8,149.3,146.4,148.0,52835.887
1640908800,148.0,149.4,146.6,148.3,56490.271
1640923200,148.3,149.2,146.6,148.2,36333.6
1640937600,148.2,152.7,147.6,150.8,81722.402
1640952000,150.8,151.5,149.8,150.4,40067.857
1640966400,150.4,150.5,143.7,143.9,83203.549
1640980800,143.9,147.1,143.7,146.3,47074.731
1640995200,146.3,149.7,146.1,147.8,41261.42
1641009600,147.8,149.3,146.5,148.0,43963.956
1641024000,148.0,148.7,146.6,147.5,31525.702
1641038400,147.5,150.1,147.4,149.2,39975.811
1641052800,149.2,151.0,149.0,149.8,37303.281
1641067200,149.8,151.0,149.4,150.8,31125.37
1641081600,150.8,150.9,149.3,150.3,39468.056
1641096000,150.3,150.4,147.8,149.4,37588.13
1641110400,149.4,150.6,148.6,149.4,30150.249
1641124800,149.4,151.9,148.7,151.4,36590.007
1641139200,151.4,153.4,149.9,151.2,57710.326
1641153600,151.2,151.8,150.4,151.2,26843.319
1641168000,151.2,151.2,149.2,149.6,30621.703
1641182400,149.6,151.1,149.4,150.1,27808.127
1641196800,150.1,151.2,149.0,150.8,38107.918
1641211200,150.8,151.2,148.2,148.8,68232.339
1641225600,148.8,149.3,147.2,147.9,64111.453
1641240000,147.9,148.9,146.0,148.5,62157.333
1641254400,148.5,148.8,146.4,147.7,34891.043
1641268800,147.7,148.9,146.9,148.7,34263.005
1641283200,148.7,150.5,148.4,150.1,58583.626
1641297600,150.1,151.7,148.8,150.3,74800.729
1641312000,150.3,150.9,145.2,147.3,93745.628
1641326400,147.3,148.2,146.0,146.5,35421.632
1641340800,146.5,148.9,145.9,148.6,39275.367
1641355200,148.6,148.8,147.5,148.4,26949.93
1641369600,148.4,150.0,147.3,148.0,53082.433
1641384000,148.0,149.9,146.7,149.0,71778.82
1641398400,149.0,149.3,142.3,142.7,116626.059
1641412800,142.7,143.2,129.8,135.4,294251.448
1641427200,135.4,137.8,133.8,133.9,99480.75
1641441600,133.9,137.7,133.2,136.8,108638.153
1641456000,136.8,136.9,132.6,134.1,90988.718
1641470400,134.1,135.8,132.4,135.2,115575.164
1641484800,135.2,138.1,134.6,137.2,69496.957
1641499200,137.2,137.7,135.9,135.9,47247.615
1641513600,135.9,136.5,129.8,130.7,104682.872
1641528000,130.7,131.4,125.9,130.2,172281.71691
1641542400,130.2,134.7,129.7,133.3,118765.231
1641556800,133.3,135.2,128.5,131.1,179328.262
1641571200,131.1,135.4,129.7,133.5,107973.032
1641585600,133.5,134.0,129.8,131.4,50944.198
1641600000,131.4,133.7,130.8,132.2,48279.842
1641614400,132.2,133.1,131.7,132.9,32307.832
1641628800,132.9,134.7,132.5,134.4,58608.628
1641643200,134.4,134.8,130.5,131.1,74884.97
1641657600,131.1,132.0,124.8,127.1,159450.77478
1641672000,127.1,131.6,126.1,129.4,76759.308
1641686400,129.4,131.7,128.6,130.5,63442.47
1641700800,130.5,131.4,129.7,130.2,39041.765
1641715200,130.2,131.0,128.5,130.3,47536.388
1641729600,130.3,130.6,127.7,129.2,57648.531
1641744000,129.2,132.6,128.8,132.2,72068.189
1641758400,132.2,132.6,130.5,130.9,42091.0
1641772800,130.9,131.5,129.4,130.0,55367.205
1641787200,130.0,131.1,129.9,130.8,34370.242
1641801600,130.8,131.0,128.9,129.4,49611.875
1641816000,129.4,129.5,120.7,124.5,268503.95803
1641830400,124.5,128.3,122.6,124.7,156125.698
1641844800,124.7,127.1,124.2,126.5,57023.328
1641859200,126.5,129.8,125.7,129.3,61193.084
1641873600,129.3,129.6,128.2,129.1,39149.274
1641888000,129.1,130.3,127.4,128.1,60844.965
1641902400,128.1,129.8,126.8,129.2,75713.643
1641916800,129.2,133.5,129.0,131.6,114901.365
1641931200,131.6,132.3,130.9,131.6,44497.889
1641945600,131.6,132.4,130.8,131.5,38487.636
1641960000,131.5,132.7,130.9,131.9,34270.646
1641974400,131.9,135.0,131.6,133.7,62479.096
1641988800,133.7,138.3,133.7,137.4,97177.377
1642003200,137.4,142.3,136.4,140.6,99665.014
1642017600,140.6,142.1,139.9,141.9,55665.798
1642032000,141.9,142.4,138.6,139.5,53341.124
1642046400,139.5,140.3,139.3,139.7,30434.746
1642060800,139.7,141.2,136.6,137.1,168679.779
1642075200,137.1,141.0,135.5,136.7,95382.925
1642089600,136.7,137.6,134.6,135.9,68229.979
1642104000,135.9,137.5,134.8,136.7,46320.601
1642118400,136.7,139.9,135.8,138.3,65584.616
1642132800,138.3,140.0,137.7,138.9,56170.834
1642147200,138.9,138.9,136.1,138.6,95718.268
1642161600,138.6,146.7,137.2,144.7,253205.006
1642176000,144.7,145.2,143.2,144.6,75120.402
1642190400,144.6,145.5,143.9,144.7,42308.626
1642204800,144.7,148.6,144.0,147.2,102857.411
1642219200,147.2,150.7,146.5,150.3,104438.639
1642233600,150.3,150.3,147.4,148.2,71196.704
1642248000,148.2,149.1,144.7,149.0,101210.116
1642262400,149.0,149.5,147.6,149.3,45611.993
1642276800,149.3,149.7,147.3,147.7,36471.173
1642291200,147.7,149.0,145.4,145.7,69997.759
1642305600,145.7,147.0,144.6,146.3,63998.452
1642320000,146.3,146.8,144.2,144.8,46361.956
1642334400,144.8,147.1,143.2,145.7,83001.426
1642348800,145.7,147.5,145.3,145.6,36655.78
1642363200,145.6,146.9,145.1,146.4,23937.292
1642377600,146.4,151.0,145.3,147.6,92955.117
1642392000,147.6,149.6,146.2,147.8,78690.075
1642406400,147.8,152.9,147.0,151.6,136119.468
1642420800,151.6,153.9,148.1,148.8,166869.348
1642435200,148.8,150.8,144.1,150.5,172244.773
1642449600,150.5,153.2,145.8,151.2,162136.114
1642464000,151.2,153.4,146.1,147.5,119371.953
1642478400,147.5,148.4,145.0,146.1,90702.37
1642492800,146.1,146.2,140.3,142.0,138535.908
1642507200,142.0,142.4,138.6,140.7,111997.72
1642521600,140.7,141.4,139.1,140.9,78119.185
1642536000,140.9,143.9,139.8,141.5,66677.223
1642550400,141.5,143.0,136.5,136.9,75886.806
1642564800,136.9,137.8,133.2,133.9,81306.584
1642579200,133.9,137.2,133.2,136.9,88735.535
1642593600,136.9,138.2,135.9,136.5,80694.004
1642608000,136.5,138.5,135.0,137.4,64572.978
1642622400,137.4,138.3,136.1,136.2,46446.258
1642636800,136.2,139.2,136.1,138.8,51174.126
1642651200,138.8,139.3,137.5,138.5,38052.938
1642665600,138.5,138.6,136.7,138.1,41418.091
1642680000,138.1,142.3,137.1,142.0,79570.977
1642694400,142.0,142.9,140.4,141.2,60743.166
1642708800,141.2,141.4,128.8,129.7,133846.067
1642723200,129.7,131.1,121.9,122.3,201274.923
1642737600,122.3,126.0,122.2,125.5,89343.586
1642752000,125.5,126.0,123.9,124.7,76811.724
1642766400,124.7,125.0,117.1,123.9,227871.46467
1642780800,123.9,124.7,120.3,120.4,85207.77
1642795200,120.4,123.3,109.8,114.5,344193.68467
1642809600,114.5,117.0,111.6,113.2,145693.318
1642824000,113.2,113.9,105.0,105.7,255720.97286
1642838400,105.7,108.5,96.3,105.7,473582.15884
1642852800,105.7,110.0,104.8,105.0,178555.91
1642867200,105.0,110.5,104.1,106.3,172532.242
1642881600,106.3,111.3,105.9,108.4,119701.589
1642896000,108.4,110.6,105.6,107.1,89741.38
1642910400,107.1,109.9,106.4,109.2,75017.442
1642924800,109.2,111.8,108.5,109.9,113360.942
1642939200,109.9,111.1,105.6,107.3,120493.724
1642953600,107.3,108.5,106.2,107.2,77597.513
1642968000,107.2,112.8,106.9,112.3,111871.316
1642982400,112.3,112.3,107.4,108.8,70171.41
1642996800,108.8,109.4,105.2,105.6,62462.992
1643011200,105.6,108.3,98.4,100.7,305989.649
1643025600,100.7,103.6,97.5,102.8,303977.677
1643040000,102.8,108.9,100.3,107.7,228059.472
1643054400,107.7,112.0,107.2,109.5,127545.319
1643068800,109.5,109.6,106.7,108.3,101413.568
1643083200,108.3,108.5,105.9,107.2,74855.384
1643097600,107.2,109.7,106.8,107.7,95027.379
1643112000,107.7,108.9,105.1,107.2,125786.282
1643126400,107.2,109.9,107.0,108.0,114317.799
1643140800,108.0,108.6,106.5,107.8,77973.151
1643155200,107.8,109.0,106.6,108.6,87882.029
1643169600,108.6,110.3,107.8,108.5,73418.905
1643184000,108.5,111.0,108.5,111.0,88215.55
1643198400,111.0,113.9,109.6,111.5,120202.617
1643212800,111.5,116.5,109.7,111.1,234479.664
1643227200,111.1,111.1,104.6,106.9,170755.617
1643241600,106.9,107.9,103.2,104.1,126976.425
1643256000,104.1,107.1,103.8,106.5,78798.795
1643270400,106.5,108.7,105.8,108.3,75427.267
1643284800,108.3,110.0,107.4,107.7,93597.946
1643299200,107.7,108.6,105.7,106.4,78311.362
1643313600,106.4,107.3,102.8,106.9,110879.971
1643328000,106.9,108.4,105.3,108.0,70225.747
1643342400,108.0,108.5,105.9,106.0,62592.603
1643356800,106.0,107.5,105.5,107.0,66005.779
1643371200,107.0,108.9,105.2,107.3,110842.784
1643385600,107.3,108.4,106.4,107.5,86487.163
1643400000,107.5,110.0,107.4,109.4,67688.162
1643414400,109.4,110.4,108.6,109.5,44469.592
1643428800,109.5,110.3,108.5,110.1,41721.128
1643443200,110.1,110.3,108.9,109.5,51860.797
1643457600,109.5,111.6,107.5,108.4,91269.813
1643472000,108.4,111.0,107.8,110.3,50106.745
1643486400,110.3,112.4,110.0,110.8,66347.824
1643500800,110.8,110.9,108.8,109.4,37368.925
1643515200,109.4,111.5,109.4,111.3,30935.8
1643529600,111.3,112.0,110.4,111.6,37814.575
1643544000,111.6,112.2,109.6,110.7,43621.348
1643558400,110.7,111.1,107.9,108.2,42659.792
1643572800,108.2,109.4,107.0,108.6,83975.851
1643587200,108.6,109.0,104.3,105.8,69346.202
1643601600,105.8,105.8,104.4,105.3,41227.863
1643616000,105.3,106.3,104.4,105.6,54093.367
1643630400,105.6,108.9,104.4,108.3,96464.621
1643644800,108.3,111.3,107.9,109.8,119998.229
1643659200,109.8,110.2,108.5,109.5,66684.185
1643673600,109.5,111.6,108.2,111.4,81099.492
1643688000,111.4,111.6,109.8,110.6,49575.595
1643702400,110.6,112.9,108.4,110.1,123156.151
1643716800,110.1,112.5,109.7,111.3,130177.752
1643731200,111.3,114.9,111.0,114.1,128813.037
1643745600,114.1,116.9,114.0,115.0,84839.652
1643760000,115.0,116.0,113.2,114.6,85725.279
1643774400,114.6,114.7,113.1,113.6,45603.869
1643788800,113.6,115.4,113.3,114.1,52623.831
1643803200,114.1,115.8,109.6,110.0,150202.236
1643817600,110.0,112.4,108.6,111.8,88860.204
1643832000,111.8,112.5,107.3,108.3,89010.848
1643846400,108.3,109.2,106.8,107.8,57859.1
1643860800,107.8,109.3,107.4,109.0,44580.557
1643875200,109.0,109.2,105.4,107.9,73148.476
1643889600,107.9,109.4,106.4,108.8,84516.737
1643904000,108.8,109.5,106.6,107.2,57530.489
1643918400,107.2,111.1,106.7,111.0,63113.544
1643932800,111.0,111.0,108.7,108.9,60653.722
1643947200,108.9,113.2,108.7,111.8,86920.306
1643961600,111.8,114.5,111.8,112.3,78898.98
1643976000,112.3,116.3,110.3,114.7,175099.746
1643990400,114.7,118.7,114.7,118.4,148850.059
1644004800,118.4,121.5,118.0,121.3,99078.325
1644019200,121.3,121.5,118.8,121.5,107488.771
1644033600,121.5,123.2,120.9,121.7,73672.292
1644048000,121.7,123.0,121.4,122.0,54971.544
1644062400,122.0,123.8,121.1,123.4,66457.987
1644076800,123.4,123.5,118.9,121.3,99976.228
1644091200,121.3,122.7,120.7,121.7,40030.193
1644105600,121.7,123.5,121.6,122.3,33655.985
1644120000,122.3,123.5,121.4,122.9,35467.304
1644134400,122.9,127.9,122.5,125.2,107255.102
1644148800,125.2,125.9,120.5,122.7,108784.854
1644163200,122.7,124.3,122.2,124.2,59302.721
1644177600,124.2,128.0,123.1,127.6,70675.052
1644192000,127.6,127.9,125.0,127.2,74046.304
1644206400,127.2,129.0,126.5,128.4,67765.146
1644220800,128.4,128.9,126.4,127.7,55266.396
1644235200,127.7,133.4,127.4,132.9,134353.805
1644249600,132.9,139.9,132.2,137.5,237561.635
1644264000,137.5,138.4,135.6,137.4,125516.509
1644278400,137.4,142.6,135.1,140.7,205839.628
1644292800,140.7,142.9,137.4,139.7,195574.836
1644307200,139.7,140.0,134.0,135.7,197979.17
1644321600,135.7,135.7,131.3,133.5,142713.014
1644336000,133.5,134.1,130.4,131.7,111162.929
1644350400,131.7,135.3,131.3,133.7,120754.633
1644364800,133.7,134.7,132.0,134.2,77889.754
1644379200,134.2,138.8,134.2,138.4,115810.757
1644393600,138.4,139.4,136.6,138.0,134504.406
1644408000,138.0,140.1,136.8,138.6,130299.753
1644422400,138.6,140.9,137.4,140.0,88299.777
1644436800,140.0,141.0,138.7,140.1,68267.99
1644451200,140.1,140.2,136.1,137.1,75083.75
1644465600,137.1,138.7,136.5,138.4,42588.038
1644480000,138.4,143.8,138.1,142.1,105486.241
1644494400,142.1,142.9,134.0,139.9,285477.696
1644508800,139.9,141.5,135.9,136.0,132601.62
1644523200,136.0,137.3,134.2,134.6,81657.876
1644537600,134.6,134.6,129.8,132.7,140555.191
1644552000,132.7,134.5,131.3,134.3,68717.704
1644566400,134.3,134.8,131.3,132.3,85342.906
1644580800,132.3,134.2,131.9,133.5,61919.83
1644595200,133.5,133.7,127.5,129.3,93548.499
1644609600,129.3,129.7,124.8,125.6,86424.433
1644624000,125.6,125.6,123.5,124.4,44943.833
1644638400,124.4,124.9,120.8,123.2,49542.183
1644652800,123.2,125.7,122.7,125.5,48594.604
1644667200,125.5,125.8,122.0,123.5,68028.726
1644681600,123.5,127.4,123.0,126.5,59724.944
1644696000,126.5,127.6,123.6,126.7,57461.014
1644710400,126.7,127.8,125.1,125.8,37893.988
1644724800,125.8,126.8,125.2,126.3,27036.722
1644739200,126.3,127.2,125.2,126.6,29528.136
1644753600,126.6,128.9,126.4,128.0,59388.87
1644768000,128.0,128.2,123.5,124.3,71715.255
1644782400,124.3,126.9,124.0,125.6,36328.19
1644796800,125.6,126.0,122.0,123.5,49902.537
1644811200,123.5,124.7,122.8,124.7,33759.843
1644825600,124.7,125.1,122.3,123.2,41490.454
1644840000,123.2,127.0,122.5,125.7,72644.614
1644854400,125.7,126.5,121.4,122.2,75235.881
1644868800,122.2,125.3,121.7,124.6,38429.672
1644883200,124.6,128.8,123.9,127.8,53371.014
1644897600,127.8,128.6,127.1,128.5,53284.428
1644912000,128.5,131.8,128.3,131.1,80584.792
1644926400,131.1,132.6,130.5,131.2,76106.763
1644940800,131.2,131.5,129.0,129.6,65744.13
1644955200,129.6,132.5,128.8,131.5,42923.928
1644969600,131.5,131.8,129.1,129.3,40015.533
1644984000,129.3,130.1,127.5,129.9,37940.401
1644998400,129.9,130.7,129.1,130.3,38208.723
1645012800,130.3,130.7,126.3,127.3,84983.622
1645027200,127.3,129.7,125.4,129.2,87275.463
1645041600,129.2,129.7,127.5,127.7,36664.374
1645056000,127.7,129.0,126.4,126.4,68992.67
1645070400,126.4,127.8,125.0,127.4,50105.161
1645084800,127.4,128.0,124.1,125.3,67186.039
1645099200,125.3,125.9,121.7,123.1,108916.396
1645113600,123.1,123.6,117.1,118.1,138881.092
1645128000,118.1,118.2,114.8,116.3,101363.878
1645142400,116.3,117.7,115.2,116.8,65033.984
1645156800,116.8,118.0,116.2,117.4,46286.109
1645171200,117.4,123.6,116.9,118.2,249126.777
1645185600,118.2,121.8,115.0,116.1,177312.477
1645200000,116.1,117.8,114.3,116.2,91209.722
1645214400,116.2,116.8,114.1,114.9,57583.278
1645228800,114.9,116.6,114.4,116.4,45322.695
1645243200,116.4,117.1,115.9,116.9,46760.003
1645257600,116.9,117.0,113.0,113.5,78015.494
1645272000,113.5,116.3,113.0,115.9,100538.273
1645286400,115.9,117.2,114.6,114.8,59940.736
1645300800,114.8,115.8,114.1,115.5,31356.233
1645315200,115.5,115.8,113.0,113.7,43697.753
1645329600,113.7,113.9,109.5,110.3,149870.34
1645344000,110.3,110.7,108.4,110.7,92446.761
1645358400,110.7,111.4,108.9,110.4,66794.369
1645372800,110.4,111.1,108.9,110.5,59914.557
1645387200,110.5,112.4,109.3,110.6,55518.151
1645401600,110.6,114.4,110.2,112.9,64588.578
1645416000,112.9,114.5,112.9,113.3,47233.142
1645430400,113.3,113.7,107.6,108.9,98098.699
1645444800,108.9,113.4,106.9,111.5,163966.981
1645459200,111.5,112.4,107.5,109.1,119768.944
1645473600,109.1,110.0,102.0,102.8,137574.433
1645488000,102.8,104.6,100.2,101.4,126144.532
1645502400,101.4,103.2,101.1,101.9,92014.114
1645516800,101.9,105.1,101.8,104.3,87041.853
1645531200,104.3,107.5,103.5,105.9,120026.491
1645545600,105.9,107.0,104.8,106.8,73809.602
1645560000,106.8,107.9,105.5,107.4,38352.151
1645574400,107.4,107.8,105.5,106.4,62660.745
1645588800,106.4,108.7,106.1,108.4,56197.612
1645603200,108.4,111.4,108.0,110.3,88933.091
1645617600,110.3,111.5,108.9,109.1,74575.22
1645632000,109.1,110.9,107.6,107.7,80767.318
1645646400,107.7,108.0,104.9,105.4,69361.984
1645660800,105.4,111.0,96.8,98.3,244343.718
1645675200,98.3,98.8,92.4,94.9,293834.26418
1645689600,94.9,96.4,90.0,94.0,205353.853
1645704000,94.0,98.6,92.5,97.9,201564.963
1645718400,97.9,102.9,96.7,102.8,178122.381
1645732800,102.8,107.9,102.4,104.1,165578.298
1645747200,104.1,106.2,103.1,105.0,93683.582
1645761600,105.0,105.0,103.0,103.2,57963.563
1645776000,103.2,104.9,101.5,104.5,105791.172
1645790400,104.5,107.0,103.9,106.7,164190.932
1645804800,106.7,107.3,104.6,106.3,72904.188
1645819200,106.3,110.7,106.0,109.2,110069.441
1645833600,109.2,115.0,108.8,111.2,124500.46
1645848000,111.2,112.1,109.8,111.4,49605.624
1645862400,111.4,112.5,109.4,109.8,82079.387
1645876800,109.8,111.3,109.1,110.0,56244.896
1645891200,110.0,110.6,106.6,108.2,84763.895
1645905600,108.2,110.2,107.2,108.2,59404.178
1645920000,108.2,108.6,104.7,105.8,67744.477
1645934400,105.8,107.1,105.3,106.7,28884.622
1645948800,106.7,109.3,106.0,109.2,48341.982
1645963200,109.2,110.2,105.3,108.8,101208.796
1645977600,108.8,108.8,102.2,102.8,73901.788
1645992000,102.8,104.5,101.1,102.9,97842.961
1646006400,102.9,104.6,101.6,103.2,56927.557
1646020800,103.2,104.7,101.2,104.4,68753.581
1646035200,104.4,105.7,102.8,103.7,54744.216
1646049600,103.7,109.7,102.6,109.6,178575.506
1646064000,109.6,110.4,107.2,109.4,100028.247
1646078400,109.4,113.9,109.1,113.7,115593.633
1646092800,113.7,116.0,111.9,112.5,126464.018
1646107200,112.5,113.3,111.1,112.7,57324.485
1646121600,112.7,113.1,109.4,111.5,107571.592
1646136000,111.5,115.9,111.2,112.2,168089.113
1646150400,112.2,113.5,110.4,111.7,89138.336
1646164800,111.7,113.2,110.9,112.5,52889.73
1646179200,112.5,114.7,110.6,114.1,85515.673
1646193600,114.1,114.5,111.1,112.0,59421.271
1646208000,112.0,113.4,111.0,113.0,84648.211
1646222400,113.0,113.4,109.1,110.6,188903.61
1646236800,110.6,111.4,109.3,110.4,58699.963
1646251200,110.4,111.6,109.9,110.3,36276.489
1646265600,110.3,111.5,109.2,110.2,54641.595
1646280000,110.2,113.0,110.1,111.6,62681.491
1646294400,111.6,112.2,110.2,111.2,54565.843
1646308800,111.2,113.0,108.6,110.0,207007.129
1646323200,110.0,111.6,107.9,110.1,198334.428
1646337600,110.1,112.0,109.2,111.7,60881.875
1646352000,111.7,112.7,105.6,107.6,181942.146
1646366400,107.6,107.7,106.0,107.2,59068.154
1646380800,107.2,108.1,105.1,107.4,68246.568
1646395200,107.4,108.0,104.4,104.8,112977.209
1646409600,104.8,105.5,102.4,102.8,86338.038
1646424000,102.8,103.3,99.0,101.0,127421.67
1646438400,101.0,101.4,99.4,101.0,58892.81
1646452800,101.0,102.3,100.4,102.1,70344.644
1646467200,102.1,103.6,102.1,103.4,51148.705
1646481600,103.4,103.9,102.7,103.4,37588.678
1646496000,103.4,105.2,103.3,105.0,41248.645
1646510400,105.0,105.4,104.2,104.9,39540.316
1646524800,104.9,106.0,103.7,103.9,41734.21
1646539200,103.9,104.2,102.4,103.6,42695.962
1646553600,103.6,103.7,101.2,102.5,58315.167
1646568000,102.5,103.6,102.0,102.8,51901.63
1646582400,102.8,104.1,102.3,103.0,45906.989
1646596800,103.0,104.6,100.6,101.1,72290.324
1646611200,101.1,101.3,98.1,98.9,88833.964
1646625600,98.9,100.2,98.7,99.2,44918.847
1646640000,99.2,100.4,98.4,100.2,64903.869
1646654400,100.2,103.9,100.2,103.2,105328.189
1646668800,103.2,103.9,96.6,97.0,132399.079
1646683200,97.0,99.7,96.2,98.4,82306.894
1646697600,98.4,101.2,97.8,100.5,69997.434
1646712000,100.5,100.9,98.8,99.7,74162.129
1646726400,99.7,101.7,99.6,100.9,74302.567
1646740800,100.9,102.6,99.4,100.2,125328.738
1646755200,100.2,101.9,98.9,100.2,99212.965
1646769600,100.2,100.9,99.1,100.7,46535.398
1646784000,100.7,105.9,100.4,105.4,130904.937
1646798400,105.4,107.0,105.3,106.3,83721.887
1646812800,106.3,108.3,105.9,107.0,70632.958
1646827200,107.0,109.1,106.4,108.6,114116.541
1646841600,108.6,109.3,106.6,107.1,77128.589
1646856000,107.1,107.4,105.6,106.9,72243.847
1646870400,106.9,107.1,104.0,104.5,96804.559
1646884800,104.5,104.7,100.5,101.4,116251.161
1646899200,101.4,102.2,100.2,101.6,63044.628
1646913600,101.6,103.5,99.5,102.5,165161.509
1646928000,102.5,103.0,101.6,102.9,61006.638
1646942400,102.9,103.1,101.9,102.5,42180.351
1646956800,102.5,102.8,99.6,101.1,63676.2
1646971200,101.1,103.9,100.3,103.4,52908.036
1646985600,103.4,106.8,102.3,106.0,131354.271
1647000000,106.0,107.0,103.3,103.7,99903.118
1647014400,103.7,103.9,102.2,103.0,61574.511
1647028800,103.0,105.6,102.4,104.6,52906.337
1647043200,104.6,108.0,104.5,106.4,65993.073
1647057600,106.4,107.6,106.1,106.7,35303.68
1647072000,106.7,106.9,105.0,105.4,50632.642
1647086400,105.4,106.0,104.6,105.4,42746.754
1647100800,105.4,106.3,104.9,105.5,45045.196
1647115200,105.5,106.7,105.3,105.6,33969.557
1647129600,105.6,107.4,105.1,106.8,36274.11
1647144000,106.8,107.0,105.6,106.0,21734.348
1647158400,106.0,106.2,105.1,105.4,31874.419
1647172800,105.4,105.4,103.5,105.2,62250.276
1647187200,105.2,105.9,104.9,105.3,34562.075
1647201600,105.3,105.3,101.0,101.7,81083.621
1647216000,101.7,102.9,100.8,102.0,61353.396
1647230400,102.0,104.7,101.9,103.7,60555.35
1647244800,103.7,105.6,103.6,104.9,117354.775
1647259200,104.9,105.6,103.7,104.2,83018.79
1647273600,104.2,104.5,101.7,102.7,73914.594
1647288000,102.7,106.4,102.5,105.6,65063.056
1647302400,105.6,106.5,104.7,105.0,79641.732
1647316800,105.0,105.4,102.4,103.4,55636.98
1647331200,103.4,104.1,102.5,103.9,50180.027
1647345600,103.9,105.2,103.2,104.8,75433.651
1647360000,104.8,108.4,104.5,108.3,141626.5
1647374400,108.3,108.6,106.4,106.8,53365.862
1647388800,106.8,112.2,106.2,106.6,186597.007
1647403200,106.6,107.4,105.6,107.1,47140.232
1647417600,107.1,108.5,107.0,107.8,72505.523
1647432000,107.8,109.4,107.0,108.5,73067.485
1647446400,108.5,109.7,106.1,109.6,139818.97
1647460800,109.6,111.5,108.6,111.4,108436.287
1647475200,111.4,111.7,109.5,110.0,53071.832
1647489600,110.0,110.8,108.8,109.2,46303.602
1647504000,109.2,109.9,108.5,109.8,49194.658
1647518400,109.8,111.2,109.6,110.1,72451.032
1647532800,110.1,111.6,110.0,110.7,65391.229
1647547200,110.7,110.9,110.0,110.2,29186.212
1647561600,110.2,110.3,107.7,108.7,62448.773
1647576000,108.7,109.7,108.5,109.3,34578.099
1647590400,109.3,110.0,108.5,108.9,44383.124
1647604800,108.9,111.2,108.8,110.9,76477.359
1647619200,110.9,112.5,110.7,112.4,83473.816
1647633600,112.4,113.0,111.5,111.9,60700.64
1647648000,111.9,113.0,111.4,112.2,50244.533
1647662400,112.2,113.2,111.9,112.9,45456.882
1647676800,112.9,113.0,111.7,112.5,52663.483
1647691200,112.5,113.6,111.9,113.5,87579.158
1647705600,113.5,114.8,112.9,113.6,83655.442
1647720000,113.6,117.3,112.0,116.8,135478.3
1647734400,116.8,118.5,115.3,116.4,114943.955
1647748800,116.4,116.6,115.2,115.4,39190.881
1647763200,115.4,115.5,113.1,114.2,60834.358
1647777600,114.2,114.4,112.1,112.4,77302.478
1647792000,112.4,115.4,111.3,115.3,94752.66
1647806400,115.3,116.6,114.1,114.9,69711.697
1647820800,114.9,116.6,113.1,114.2,97873.994
1647835200,114.2,115.3,113.9,115.0,45749.831
1647849600,115.0,115.6,113.9,114.9,54184.371
1647864000,114.9,116.4,113.3,115.3,91459.501
1647878400,115.3,116.7,114.1,116.7,80761.594
1647892800,116.7,116.8,115.3,116.0,44754.331
1647907200,116.0,121.2,115.6,119.4,156080.453
1647921600,119.4,121.9,118.0,119.3,130711.462
1647936000,119.3,123.7,118.9,122.3,100646.482
1647950400,122.3,122.7,120.5,120.5,82803.669
1647964800,120.5,123.3,120.2,121.0,82102.368
1647979200,121.0,123.4,120.9,122.7,60814.331
1647993600,122.7,124.5,119.9,119.9,110762.98
1648008000,119.9,120.7,118.8,120.1,65427.397
1648022400,120.1,120.2,118.5,119.4,49234.49
1648036800,119.4,122.5,119.0,122.1,72078.348
1648051200,122.1,122.7,119.6,121.0,70429.288
1648065600,121.0,122.6,120.9,122.4,36184.072
1648080000,122.4,123.2,120.5,120.7,78458.474
1648094400,120.7,123.2,120.7,122.6,42111.518
1648108800,122.6,123.5,121.7,122.0,56148.092
1648123200,122.0,124.8,120.0,124.6,121340.953
1648137600,124.6,126.2,124.2,125.7,116157.245
1648152000,125.7,127.7,125.5,126.5,80457.235
1648166400,126.5,127.1,125.1,126.5,66320.661
1648180800,126.5,127.3,125.3,125.5,40739.165
1648195200,125.5,126.9,123.7,126.8,68306.145
1648209600,126.8,127.1,123.9,124.4,87555.934
1648224000,124.4,125.3,121.5,123.5,93379.816
1648238400,123.5,124.7,123.2,123.9,32609.393
1648252800,123.9,124.4,122.8,124.3,31612.59
1648267200,124.3,125.1,123.6,124.9,21783.766
1648281600,124.9,125.2,124.3,124.4,22221.983
1648296000,124.4,124.5,122.6,122.7,46215.442
1648310400,122.7,124.1,121.9,123.9,54034.905
1648324800,123.9,125.6,123.5,124.8,46470.835
1648339200,124.8,126.7,124.7,126.6,58610.379
1648353600,126.6,126.8,125.5,125.6,19217.22
1648368000,125.6,126.3,124.7,124.8,31237.855
1648382400,124.8,126.1,123.2,125.9,50365.767
1648396800,125.9,126.1,124.1,124.5,64647.332
1648411200,124.5,129.8,124.0,129.7,136867.562
1648425600,129.7,130.8,128.9,130.2,91908.665
1648440000,130.2,132.4,129.7,131.5,82622.665
1648454400,131.5,131.9,130.4,131.5,54329.445
1648468800,131.5,132.6,130.7,131.4,82999.209
1648483200,131.4,132.0,130.1,131.0,85451.6
1648497600,131.0,131.7,126.7,127.6,87775.597
1648512000,127.6,130.7,127.3,128.9,62393.864
1648526400,128.9,130.4,128.9,129.3,29363.846
1648540800,129.3,131.7,129.3,131.6,48771.674
1648555200,131.6,132.0,128.0,128.5,119939.613
1648569600,128.5,130.1,127.0,129.5,80779.577
1648584000,129.5,130.4,127.8,130.1,60992.314
1648598400,130.1,130.1,125.8,128.1,82757.489
1648612800,128.1,130.6,127.4,130.2,53599.298
1648627200,130.2,131.9,129.6,131.0,71196.732
1648641600,131.0,133.3,130.0,131.7,124955.665
1648656000,131.7,134.1,131.0,131.9,81077.905
1648670400,131.9,132.3,130.3,131.1,55697.986
1648684800,131.1,132.9,130.9,131.4,37684.237
1648699200,131.4,132.0,128.1,129.5,235512.532
1648713600,129.5,130.4,129.2,129.8,76573.132
1648728000,129.8,131.0,121.1,124.0,377197.431
1648742400,124.0,125.2,121.6,124.3,145293.95
1648756800,124.3,125.4,122.2,123.8,53178.694
1648771200,123.8,125.0,119.1,121.0,121097.678
1648785600,121.0,122.9,120.8,122.7,43024.33
1648800000,122.7,123.3,121.8,122.1,54536.382
1648814400,122.1,125.8,121.0,124.9,129874.038
1648828800,124.9,126.3,123.7,126.3,73320.83
1648843200,126.3,126.4,124.5,124.8,37360.943
1648857600,124.8,127.2,124.2,126.2,90280.195
1648872000,126.2,127.1,126.2,126.8,33832.058
1648886400,126.8,127.6,126.4,126.9,39699.801
1648900800,126.9,128.3,125.0,125.8,127423.148
1648915200,125.8,126.8,123.5,125.2,79292.9
1648929600,125.2,126.0,124.5,124.8,75660.568
1648944000,124.8,125.8,123.6,125.0,48072.752
1648958400,125.0,126.4,124.8,126.1,38194.773
1648972800,126.1,126.7,125.5,126.6,37858.036
1648987200,126.6,128.0,126.1,127.5,54146.176
1649001600,127.5,128.2,126.1,126.6,42706.991
1649016000,126.6,129.5,126.5,128.7,83099.291
1649030400,128.7,128.9,125.6,125.8,78305.686
1649044800,125.8,126.6,125.5,126.4,35388.447
1649059200,126.4,126.5,124.5,125.4,72952.951
1649073600,125.4,125.6,122.8,123.3,90345.299
1649088000,123.3,124.3,121.2,123.3,130115.634
1649102400,123.3,125.4,122.6,124.8,52838.574
1649116800,124.8,125.6,124.4,125.0,29471.962
1649131200,125.0,126.2,124.9,125.9,31914.83
1649145600,125.9,126.7,125.8,126.6,28164.441
1649160000,126.6,127.3,123.1,124.1,85521.005
1649174400,124.1,125.5,123.1,124.2,51338.406
1649188800,124.2,125.0,122.5,122.7,40390.063
1649203200,122.7,123.2,117.2,120.0,141519.54
1649217600,120.0,121.1,119.5,120.2,37680.828
1649232000,120.2,121.2,118.0,118.6,70330.027
1649246400,118.6,119.2,114.0,115.7,203791.196
1649260800,115.7,116.6,112.8,114.3,100886.767
1649275200,114.3,114.8,111.4,111.7,55606.088
1649289600,111.7,113.9,110.1,112.0,78348.21
1649304000,112.0,113.6,111.7,113.3,32189.065
1649318400,113.3,115.0,112.3,114.9,56363.541
1649332800,114.9,115.0,111.9,113.3,72711.117
1649347200,113.3,114.6,112.7,113.8,39841.713
1649361600,113.8,114.5,113.1,114.1,23268.952
1649376000,114.1,114.8,113.4,114.5,31675.182
1649390400,114.5,115.2,113.7,115.0,29795.897
1649404800,115.0,115.3,112.0,112.3,68032.42
1649419200,112.3,114.6,110.9,113.4,92429.656
1649433600,113.4,115.1,111.7,113.0,88777.052
1649448000,113.0,113.6,109.6,110.7,51245.295
1649462400,110.7,111.6,110.0,110.9,35688.297
1649476800,110.9,111.6,110.5,111.2,24971.752
1649491200,111.2,112.0,110.6,111.8,32383.965
1649505600,111.8,112.2,110.5,110.8,37797.368
1649520000,110.8,112.3,110.7,112.0,30964.589
1649534400,112.0,113.0,111.5,112.7,30853.657
1649548800,112.7,113.0,112.3,112.5,16325.461
1649563200,112.5,112.9,112.0,112.2,14130.125
1649577600,112.2,112.9,111.1,112.7,30766.376
1649592000,112.7,113.1,111.6,112.3,34908.772
1649606400,112.3,114.5,112.1,114.1,42199.48
1649620800,114.1,114.5,110.0,110.3,62759.651
1649635200,110.3,110.7,107.2,108.3,82455.943
1649649600,108.3,109.7,108.1,109.5,26516.766
1649664000,109.5,109.8,104.3,104.9,114138.395
1649678400,104.9,105.2,102.9,103.5,68332.691
1649692800,103.5,105.5,103.4,104.4,68302.106
1649707200,104.4,104.7,101.8,102.4,80710.95
1649721600,102.4,103.5,101.7,102.4,56213.492
1649736000,102.4,104.8,102.1,104.4,42924.19
1649750400,104.4,105.3,103.8,105.2,36352.52
1649764800,105.2,105.8,103.7,104.5,77938.324
1649779200,104.5,104.8,102.6,102.8,51404.17
1649793600,102.8,105.0,102.7,104.8,34130.055
1649808000,104.8,105.7,104.0,105.0,40023.976
1649822400,105.0,105.7,103.9,105.4,29876.811
1649836800,105.4,107.9,105.1,107.1,75849.669
1649851200,107.1,110.5,106.3,110.1,136195.871
1649865600,110.1,110.4,109.1,109.5,71161.053
1649880000,109.5,110.8,109.4,110.5,36659.565
1649894400,110.5,112.0,109.9,111.9,50280.171
1649908800,111.9,112.4,110.0,110.8,39604.187
1649923200,110.8,111.1,108.4,108.9,74082.028
1649937600,108.9,109.8,106.6,106.8,85299.326
1649952000,106.8,107.3,105.9,106.7,49261.57
1649966400,106.7,107.7,106.3,107.3,25066.205
1649980800,107.3,110.4,107.0,110.3,38300.551
1649995200,110.3,110.8,109.1,109.5,64283.883
1650009600,109.5,111.0,109.2,110.5,45912.189
1650024000,110.5,112.9,109.4,112.3,76425.042
1650038400,112.3,112.9,110.9,111.0,56958.642
1650052800,111.0,111.5,110.6,111.0,21181.718
1650067200,111.0,112.4,110.6,111.8,26770.889
1650081600,111.8,112.1,111.4,111.5,21060.182
1650096000,111.5,112.6,111.3,112.0,23221.591
1650110400,112.0,114.1,111.1,111.5,77407.899
1650124800,111.5,111.9,110.6,110.7,46217.592
1650139200,110.7,114.9,110.1,114.3,61763.665
1650153600,114.3,115.1,113.6,113.7,64521.268
1650168000,113.7,114.4,112.7,113.2,29664.051
1650182400,113.2,114.3,113.0,114.0,30570.976
1650196800,114.0,114.3,112.9,113.4,37156.076
1650211200,113.4,113.5,111.1,112.0,46385.198
1650225600,112.0,112.1,108.2,108.8,67360.288
1650240000,108.8,110.1,108.4,109.7,33741.833
1650254400,109.7,109.8,105.2,105.9,101646.252
1650268800,105.9,106.6,105.4,106.2,52235.6
1650283200,106.2,107.9,106.2,106.7,87343.928
1650297600,106.7,110.7,105.8,110.3,113856.635
1650312000,110.3,111.5,110.0,111.3,45133.329
1650326400,111.3,112.4,111.2,111.8,48182.297
1650340800,111.8,112.2,110.6,110.9,31241.714
1650355200,110.9,112.0,110.6,111.0,41889.67
1650369600,111.0,113.7,110.9,113.2,75737.332
1650384000,113.2,113.5,112.4,113.0,38663.866
1650398400,113.0,114.2,112.8,113.8,32267.624
1650412800,113.8,113.9,112.1,112.6,42630.026
1650427200,112.6,113.2,112.2,112.5,24506.34
1650441600,112.5,114.2,112.2,113.7,57776.872
1650456000,113.7,113.9,110.7,111.8,110217.81
1650470400,111.8,112.9,110.9,111.8,59889.888
1650484800,111.8,112.8,111.6,111.9,22551.933
1650499200,111.9,112.6,111.6,112.4,36275.74
1650513600,112.4,112.6,110.4,111.2,36309.668
1650528000,111.2,112.9,110.1,112.3,61430.327
1650542400,112.3,114.5,112.1,112.9,85438.07
1650556800,112.9,113.5,109.1,109.2,72684.494
1650571200,109.2,109.4,105.4,106.8,82306.921
1650585600,106.8,107.9,106.1,107.1,64544.766
1650600000,107.1,108.7,106.9,108.3,37602.34
1650614400,108.3,108.4,107.2,108.1,34602.561
1650628800,108.1,108.3,106.4,106.7,68475.546
1650643200,106.7,107.5,105.5,105.6,65458.66
1650657600,105.6,106.3,104.7,105.4,36319.722
1650672000,105.4,106.0,105.0,105.6,37256.66
1650686400,105.6,107.0,105.0,106.8,33887.309
1650700800,106.8,107.2,106.6,106.8,17396.661
1650715200,106.8,107.0,105.9,106.3,21389.25
1650729600,106.3,106.7,105.7,106.2,20947.695
1650744000,106.2,106.6,104.4,105.1,20942.626
1650758400,105.1,105.9,104.6,105.3,23568.343
1650772800,105.3,105.5,105.0,105.4,13123.701
1650787200,105.4,105.6,104.7,105.1,19826.615
1650801600,105.1,105.6,103.7,104.8,47238.756
1650816000,104.8,105.3,103.5,105.1,62473.233
1650830400,105.1,105.6,104.4,104.6,22253.455
1650844800,104.6,104.8,100.9,101.9,99279.32
1650859200,101.9,102.0,98.3,99.5,96720.055
1650873600,99.5,101.9,99.3,101.9,107182.282
1650888000,101.9,102.8,100.9,101.8,66042.581
1650902400,101.8,104.4,101.7,104.3,66598.937
1650916800,104.3,104.9,104.1,104.6,28689.933
1650931200,104.6,105.4,104.3,104.4,31369.702
1650945600,104.4,105.0,103.4,104.0,44869.657
1650960000,104.0,104.9,103.8,104.3,49681.007
1650974400,104.3,104.7,100.1,100.5,87018.407
1650988800,100.5,101.5,98.7,100.0,89278.534
1651003200,100.0,100.3,96.3,98.6,67872.263
1651017600,98.6,99.6,97.7,99.4,36360.106
1651032000,99.4,101.0,98.7,101.0,40102.597
1651046400,101.0,101.3,99.2,100.2,51473.675
1651060800,100.2,102.0,99.2,100.7,84928.491
1651075200,100.7,101.4,99.3,99.7,56137.527
1651089600,99.7,100.7,99.6,100.5,26860.214
1651104000,100.5,101.3,99.8,100.1,29349.1
1651118400,100.1,101.1,99.7,100.6,23883.378
1651132800,100.6,103.2,100.4,102.4,104628.19
1651147200,102.4,103.4,99.7,101.4,193816.291
1651161600,101.4,105.8,101.1,103.6,153111.806
1651176000,103.6,104.4,102.7,103.3,39102.626
1651190400,103.3,104.5,102.1,102.9,66871.455
1651204800,102.9,103.2,102.3,102.6,33674.308
1651219200,102.6,102.8,99.4,99.9,93684.631
1651233600,99.9,101.9,99.3,101.3,61293.428
1651248000,101.3,101.6,98.4,98.9,89883.449
1651262400,98.9,100.9,98.7,100.4,48658.114
1651276800,100.4,101.3,100.1,101.2,24912.884
1651291200,101.2,101.6,100.7,101.0,31244.581
1651305600,101.0,101.1,100.2,100.6,27876.255
1651320000,100.6,101.6,99.2,100.5,66219.67
1651334400,100.5,100.9,98.7,99.6,44049.883
1651348800,99.6,99.9,93.5,95.8,149634.64
1651363200,95.8,96.6,94.4,96.1,60503.097
1651377600,96.1,97.1,95.7,96.3,44722.301
1651392000,96.3,97.5,96.3,96.5,29814.322
1651406400,96.5,99.6,96.0,98.6,54887.847
1651420800,98.6,100.0,97.3,97.7,65632.463
1651435200,97.7,99.8,97.4,99.3,39903.895
1651449600,99.3,100.4,99.1,100.1,57394.746
1651464000,100.1,101.4,99.6,100.3,51006.655
1651478400,100.3,100.7,98.4,98.5,45066.632
1651492800,98.5,100.9,98.3,100.2,77912.33
1651507200,100.2,100.8,98.3,100.6,64809.581
1651521600,100.6,101.9,100.0,100.7,34198.736
1651536000,100.7,101.4,100.2,101.2,33108.216
1651550400,101.2,101.3,100.2,100.9,33060.14
1651564800,100.9,101.4,99.9,101.1,36467.442
1651579200,101.1,101.3,99.3,101.1,68291.239
1651593600,101.1,101.4,97.6,98.0,92091.182
1651608000,98.0,99.6,97.4,99.4,44962.449
1651622400,99.4,100.6,99.0,100.0,31672.917
1651636800,100.0,101.7,99.6,101.6,38953.301
1651651200,101.6,103.0,101.5,102.6,70178.082
1651665600,102.6,103.4,100.6,102.3,100646.167
1651680000,102.3,106.9,101.9,106.5,171704.948
1651694400,106.5,107.1,105.4,106.3,62598.006
1651708800,106.3,106.9,106.0,106.1,37704.746
1651723200,106.1,106.4,104.8,105.3,43624.955
1651737600,105.3,105.6,104.5,104.8,61734.437
1651752000,104.8,105.2,97.1,98.3,215374.978
1651766400,98.3,98.4,94.8,96.2,177541.363
1651780800,96.2,97.5,95.7,96.8,50633.716
1651795200,96.8,97.5,95.8,97.0,61139.766
1651809600,97.0,98.4,95.3,96.9,81661.393
1651824000,96.9,97.5,94.2,95.1,89087.338
1651838400,95.1,97.1,92.9,95.8,166622.174
1651852800,95.8,96.5,94.7,95.7,61794.774
1651867200,95.7,97.4,95.3,96.7,33702.266
1651881600,96.7,97.1,95.5,95.8,44428.985
1651896000,95.8,96.2,95.1,96.0,28350.138
1651910400,96.0,97.4,95.9,96.4,55592.567
1651924800,96.4,96.7,95.7,96.4,36981.715
1651939200,96.4,96.7,96.0,96.1,29956.782
1651953600,96.1,96.4,92.6,94.3,102727.028
1651968000,94.3,94.7,91.6,93.2,117837.513
1651982400,93.2,94.7,93.0,93.9,48369.443
1651996800,93.9,94.6,93.5,94.2,36863.19
1652011200,94.2,94.4,92.8,93.4,61734.54
1652025600,93.4,95.7,91.5,95.5,123791.763
1652040000,95.5,95.8,93.5,93.9,52583.761
1652054400,93.9,94.9,90.6,91.7,88283.299
1652068800,91.7,92.6,90.4,91.0,54944.667
1652083200,91.0,91.8,86.2,88.0,166816.919
1652097600,88.0,89.0,83.6,84.5,195522.87417
1652112000,84.5,85.3,77.0,80.0,363401.08014
1652126400,80.0,82.5,75.2,76.2,206948.54252
1652140800,76.2,79.2,73.3,78.2,413679.86974
1652155200,78.2,84.1,77.7,81.6,256645.946
1652169600,81.6,83.1,80.6,81.9,166328.637
1652184000,81.9,85.0,79.4,81.2,261634.599
1652198400,81.2,82.4,80.0,80.0,101086.298
1652212800,80.0,80.8,77.4,80.2,136465.393
1652227200,80.2,81.1,78.6,79.4,151482.14
1652241600,79.4,80.4,75.3,76.8,354739.745
1652256000,76.8,82.8,76.0,79.3,252628.601
1652270400,79.3,80.5,68.0,74.4,802266.4885
1652284800,74.4,75.2,67.6,68.1,311214.084
1652299200,68.1,69.2,64.2,66.6,284325.13197
1652313600,66.6,69.9,61.9,62.1,336108.69721
1652328000,62.1,64.3,54.4,61.7,825586.688
1652342400,61.7,64.8,59.2,62.7,375166.47
1652356800,62.7,67.3,60.3,64.9,248302.018
1652371200,64.9,68.0,62.3,64.6,168138.618
1652385600,64.6,65.1,61.6,64.5,123023.048
1652400000,64.5,70.4,63.2,69.6,233262.874
1652414400,69.6,71.6,67.7,68.0,187095.747
1652428800,68.0,72.9,67.9,72.4,212865.319
1652443200,72.4,73.2,69.9,70.7,255943.818
1652457600,70.7,71.5,68.4,69.5,160325.751
1652472000,69.5,70.5,67.5,67.9,83226.157
1652486400,67.9,70.3,67.2,68.9,79683.102
1652500800,68.9,68.9,67.1,67.7,66828.085
1652515200,67.7,68.9,65.0,65.7,122480.165
1652529600,65.7,66.1,64.2,64.8,85818.6
1652544000,64.8,68.0,64.3,66.9,105438.818
1652558400,66.9,69.5,66.3,68.9,96733.237
1652572800,68.9,69.3,65.9,66.9,112503.604
1652587200,66.9,69.0,66.0,67.9,91769.388
1652601600,67.9,69.4,67.3,69.1,62362.003
1652616000,69.1,69.9,66.8,68.0,106270.264
1652630400,68.0,69.9,67.8,69.8,62448.3
1652644800,69.8,71.8,69.5,71.6,72692.996
1652659200,71.6,71.6,68.0,68.3,59673.966
1652673600,68.3,68.4,64.9,66.2,132237.408
1652688000,66.2,67.8,65.0,67.1,123245.797
1652702400,67.1,68.1,65.6,66.5,109300.202
1652716800,66.5,68.1,65.9,67.3,77440.336
1652731200,67.3,68.8,66.9,67.3,75245.042
1652745600,67.3,71.1,67.1,70.6,142845.7
1652760000,70.6,71.1,70.1,70.3,50396.289
1652774400,70.3,71.2,70.1,70.6,55398.914
1652788800,70.6,72.8,70.2,71.3,116013.956
1652803200,71.3,73.9,69.7,71.8,196421.374
1652817600,71.8,73.6,71.3,73.2,78640.067
1652832000,73.2,74.4,70.9,71.3,89694.315
1652846400,71.3,73.4,70.7,71.4,82809.046
1652860800,71.4,73.1,70.9,71.8,68854.329
1652875200,71.8,72.1,66.7,67.3,198962.777
1652889600,67.3,68.5,66.2,68.5,161236.65
1652904000,68.5,68.5,65.7,66.0,100169.384
1652918400,66.0,67.9,64.6,67.5,115206.721
1652932800,67.5,69.0,66.5,67.7,91252.539
1652947200,67.7,68.7,66.0,68.4,92801.591
1652961600,68.4,72.3,67.8,72.0,213855.441
1652976000,72.0,72.7,70.6,70.7,118932.391
1652990400,70.7,72.4,70.6,72.1,57981.14
1653004800,72.1,73.5,68.9,69.3,179321.066
1653019200,69.3,70.6,68.8,70.1,147011.037
1653033600,70.1,71.4,69.5,71.2,88693.949
1653048000,71.2,71.2,67.5,67.8,188174.073
1653062400,67.8,69.1,66.7,69.0,100206.905
1653076800,69.0,69.5,68.3,68.6,51896.008
1653091200,68.6,69.8,67.9,69.7,63720.561
1653105600,69.7,69.9,68.8,69.8,52412.626
1653120000,69.8,70.0,68.8,69.2,40739.4
1653134400,69.2,70.3,68.9,70.1,50523.768
1653148800,70.1,70.7,69.4,70.0,41185.363
1653163200,70.0,70.0,69.3,69.8,26093.322
1653177600,69.8,70.3,69.7,69.9,27200.2
1653192000,69.9,70.5,69.4,70.4,37159.02
1653206400,70.4,72.5,70.3,71.7,71928.499
1653220800,71.7,72.6,70.5,70.9,78578.151
1653235200,70.9,71.7,70.3,70.8,42888.201
1653249600,70.8,72.3,70.7,71.7,33040.114
1653264000,71.7,72.0,70.5,71.2,37131.765
1653278400,71.2,73.0,71.0,72.3,51797.917
1653292800,72.3,74.0,71.5,73.3,115346.659
1653307200,73.3,73.8,71.5,72.9,120641.536
1653321600,72.9,73.4,68.6,68.8,147640.252
1653336000,68.8,72.8,68.3,69.1,141277.639
1653350400,69.1,70.1,68.8,69.9,44392.332
1653364800,69.9,69.9,68.8,69.4,39260.023
1653379200,69.4,70.3,68.1,69.7,92662.634
1653393600,69.7,70.0,67.0,69.5,162906.288
1653408000,69.5,70.3,68.6,69.9,98053.685
1653422400,69.9,70.8,69.7,70.2,55603.0
1653436800,70.2,71.7,69.7,71.1,68033.958
1653451200,71.1,71.2,69.5,69.6,57492.798
1653465600,69.6,69.8,68.1,68.3,67330.877
1653480000,68.3,69.5,67.9,68.8,95953.671
1653494400,68.8,69.2,67.9,68.3,87543.274
1653508800,68.3,68.9,68.1,68.2,37695.233
1653523200,68.2,68.9,67.6,68.1,50353.956
1653537600,68.1,68.3,65.6,66.4,94477.209
1653552000,66.4,66.5,62.2,62.6,158784.512
1653566400,62.6,64.8,60.4,64.3,268069.427
1653580800,64.3,66.0,63.6,63.6,87117.432
1653595200,63.6,64.9,63.3,63.5,71640.592
1653609600,63.5,64.1,61.1,62.9,155062.689
1653624000,62.9,63.8,61.1,62.6,160447.406
1653638400,62.6,63.6,61.9,62.9,117364.659
1653652800,62.9,64.1,61.8,62.4,116956.055
1653667200,62.4,62.9,60.9,62.2,129819.072
1653681600,62.2,62.7,61.0,61.6,60054.204
1653696000,61.6,62.9,61.3,62.3,97651.473
1653710400,62.3,63.1,62.1,62.3,39386.255
1653724800,62.3,63.8,62.0,63.2,58346.08
1653739200,63.2,64.0,62.9,63.4,63352.846
1653753600,63.4,63.6,62.7,63.2,48692.241
1653768000,63.2,63.5,62.5,63.0,29077.727
1653782400,63.0,63.2,61.8,62.2,54906.761
1653796800,62.2,62.7,62.0,62.6,28680.267
1653811200,62.6,63.6,62.4,63.4,49390.96
1653825600,63.4,64.4,63.3,63.4,65629.586
1653840000,63.4,64.2,62.5,63.0,53230.747
1653854400,63.0,64.2,62.9,63.6,64014.037
1653868800,63.6,66.6,63.2,65.7,117922.983
1653883200,65.7,67.0,65.4,66.9,86523.605
1653897600,66.9,67.1,65.7,65.9,81345.714
1653912000,65.9,67.1,65.0,66.4,94611.308
1653926400,66.4,67.4,66.1,66.9,67502.046
1653940800,66.9,69.8,66.6,69.1,164140.383
1653955200,69.1,69.8,68.5,69.3,77273.95
1653969600,69.3,69.5,68.3,68.8,60468.798
1653984000,68.8,69.1,67.9,68.7,60780.589
1653998400,68.7,69.1,66.7,68.9,114289.25
1654012800,68.9,69.2,67.2,67.9,93162.091
1654027200,67.9,69.3,67.8,68.4,39073.864
1654041600,68.4,70.6,67.9,68.8,99142.626
1654056000,68.8,69.1,67.6,67.7,64637.011
1654070400,67.7,68.5,67.5,68.0,39414.166
1654084800,68.0,69.2,65.6,65.7,190888.52
1654099200,65.7,66.0,63.7,63.9,133861.999
1654113600,63.9,64.1,61.7,62.7,106075.881
1654128000,62.7,63.4,62.2,62.4,69063.695
1654142400,62.4,63.6,62.1,63.4,49670.827
1654156800,63.4,64.0,62.9,64.0,51168.358
1654171200,64.0,64.1,62.4,63.7,105443.582
1654185600,63.7,64.1,63.3,64.0,50349.297
1654200000,64.0,64.8,63.8,64.5,46047.001
1654214400,64.5,64.9,64.0,64.5,33483.312
1654228800,64.5,64.7,63.6,64.1,29878.986
1654243200,64.1,64.2,61.8,62.2,63260.022
1654257600,62.2,62.8,61.4,61.9,83812.96
1654272000,61.9,62.3,61.6,62.0,40093.979
1654286400,62.0,63.1,61.9,62.6,31150.707
1654300800,62.6,62.8,61.3,61.8,35564.087
1654315200,61.8,63.0,61.7,62.7,30911.79
1654329600,62.7,63.0,62.3,62.4,29880.24
1654344000,62.4,63.4,62.1,63.4,41356.83
1654358400,63.4,63.5,62.9,63.4,22464.183
1654372800,63.4,64.4,63.1,63.7,27663.915
1654387200,63.7,63.9,62.4,62.9,27306.86
1654401600,62.9,63.1,62.6,62.8,20553.991
1654416000,62.8,63.1,62.4,62.9,20261.149
1654430400,62.9,63.2,61.7,63.2,37427.146
1654444800,63.2,63.8,62.3,63.4,49262.284
1654459200,63.4,63.9,63.1,63.2,39374.883
1654473600,63.2,65.8,62.9,65.5,74035.104
1654488000,65.5,66.0,65.1,65.8,48753.681
1654502400,65.8,66.7,65.7,65.9,51026.0
1654516800,65.9,66.1,64.5,65.1,86489.169
1654531200,65.1,65.1,63.6,64.3,66911.925
1654545600,64.3,64.7,63.7,64.5,47312.403
1654560000,64.5,64.5,60.1,61.5,159874.694
1654574400,61.5,61.8,61.0,61.5,33209.221
1654588800,61.5,62.0,61.0,61.3,39591.763
1654603200,61.3,62.7,61.0,62.3,50483.159
1654617600,62.3,64.9,61.9,64.4,64329.217
1654632000,64.4,65.5,62.1,63.8,146099.51
1654646400,63.8,64.5,62.0,62.5,109072.153
1654660800,62.5,63.5,62.2,62.6,75786.155
1654675200,62.6,62.7,61.5,62.0,80929.325
1654689600,62.0,63.4,61.3,62.5,80762.205
1654704000,62.5,62.9,61.1,61.9,65781.34
1654718400,61.9,62.3,61.3,61.3,48617.399
1654732800,61.3,61.8,60.9,61.4,49999.465
1654747200,61.4,61.9,61.2,61.9,26794.288
1654761600,61.9,62.4,61.3,61.5,47871.861
1654776000,61.5,61.7,60.6,61.3,64078.938
1654790400,61.3,61.9,60.1,60.2,45216.217
1654804800,60.2,60.4,59.2,60.3,61585.825
1654819200,60.3,60.4,58.5,59.9,77768.431
1654833600,59.9,60.4,59.6,60.0,36049.153
1654848000,60.0,60.3,58.8,59.2,49052.158
1654862400,59.2,59.6,56.4,57.4,162049.838
1654876800,57.4,58.2,55.6,56.6,137763.56
1654891200,56.6,57.3,56.1,56.7,42588.208
1654905600,56.7,57.8,56.5,57.6,59741.194
1654920000,57.6,57.8,57.0,57.6,44230.524
1654934400,57.6,57.6,54.7,55.3,114697.912
1654948800,55.3,55.9,51.6,52.6,204652.78639
1654963200,52.6,54.0,51.9,52.9,85047.931
1654977600,52.9,53.4,51.7,52.2,80308.991
1654992000,52.2,52.6,49.0,49.8,169057.74155
1655006400,49.8,50.3,48.6,50.0,125614.299
1655020800,50.0,50.7,49.2,49.9,85231.126
1655035200,49.9,52.6,48.8,51.3,153655.254
1655049600,51.3,51.7,50.2,50.4,88562.509
1655064000,50.4,50.6,47.3,47.9,129544.47671
1655078400,47.9,48.3,44.0,45.4,323801.84153
1655092800,45.4,46.6,42.6,44.5,276824.9965
1655107200,44.5,44.6,41.4,42.1,362760.42492
1655121600,42.1,43.8,41.0,43.2,310611.386
1655136000,43.2,45.0,42.8,43.9,188196.751
1655150400,43.9,45.4,42.1,43.5,122819.333
1655164800,43.5,44.7,40.3,44.5,268299.377
1655179200,44.5,45.74,43.0,45.53,286945.841
1655193600,45.53,45.65,43.4,44.03,280763.227
1655208000,44.03,46.39,43.46,45.57,241629.532
1655222400,45.57,45.87,44.41,45.32,171410.919
1655236800,45.32,46.5,44.07,46.15,289086.389
1655251200,46.15,46.68,44.65,44.76,195511.614
1655265600,44.76,44.8,42.6,43.26,279252.538
1655280000,43.26,44.85,41.66,44.33,436620.14
1655294400,44.33,45.38,44.03,44.97,348206.573
1655308800,44.97,49.47,43.5,48.34,522770.014
1655323200,48.34,50.98,47.99,50.65,228092.261
1655337600,50.65,51.22,49.67,49.67,278448.882
1655352000,49.67,49.95,47.13,47.32,228121.53
1655366400,47.32,47.96,44.52,45.03,334415.879
1655380800,45.03,46.34,44.38,45.6,358020.618
1655395200,45.6,46.76,45.06,45.5,230207.084
1655409600,45.5,46.09,44.02,44.78,207421.983
1655424000,44.78,47.08,44.41,45.69,261529.509
1655438400,45.69,47.82,45.59,47.45,209976.345
1655452800,47.45,47.61,46.2,46.78,170942.534
1655467200,46.78,46.94,45.56,46.13,201922.115
1655481600,46.13,46.54,45.82,46.21,148529.977
1655496000,46.21,48.43,46.2,47.6,214387.152
1655510400,47.6,48.28,46.71,47.5,224674.033
1655524800,47.5,48.4,44.11,44.59,422573.893
1655539200,44.59,45.82,43.6,45.15,282440.016
1655553600,45.15,46.19,44.8,44.89,192052.933
1655568000,44.89,45.37,42.63,42.72,267004.877
1655582400,42.72,47.57,41.46,47.18,525029.419
1655596800,47.18,47.28,45.24,45.31,259905.968
1655611200,45.31,47.5,44.91,46.38,361831.601
1655625600,46.38,51.97,46.07,50.2,616436.929
1655640000,50.2,52.21,49.3,51.63,454443.658
1655654400,51.63,55.87,51.03,55.15,470662.766
1655668800,55.15,56.45,53.56,54.29,288045.098
1655683200,54.29,54.77,51.5,52.89,510254.224
1655697600,52.89,53.0,51.31,52.22,402419.076
1655712000,52.22,54.02,52.09,53.49,319270.431
1655726400,53.49,53.54,51.41,52.79,321151.911
1655740800,52.79,53.43,51.53,52.26,191350.76
1655755200,52.26,53.42,51.46,52.77,235477.619
1655769600,52.77,53.73,51.86,52.98,294081.067
1655784000,52.98,54.59,52.44,53.18,292487.039
1655798400,53.18,54.13,52.46,52.49,231108.685
1655812800,52.49,55.71,52.31,54.1,294160.477
1655827200,54.1,54.53,52.92,52.99,139410.767
1655841600,52.99,54.7,52.67,53.52,130306.75
1655856000,53.52,53.55,51.19,51.33,154862.311
1655870400,51.33,52.31,50.41,50.77,159137.799
1655884800,50.77,52.38,50.54,52.17,138749.172
1655899200,52.17,53.43,51.04,51.74,230862.222
1655913600,51.74,52.4,51.05,51.76,131017.351
1655928000,51.76,53.0,51.1,52.13,113264.991
1655942400,52.13,55.4,51.9,54.19,226050.783
1655956800,54.19,56.07,53.92,55.12,136555.618
1655971200,55.12,55.67,54.23,54.51,154926.503
1655985600,54.51,55.12,53.77,54.23,185339.22
1656000000,54.23,55.75,53.48,55.57,127174.825
1656014400,55.57,56.77,55.16,55.74,164926.223
1656028800,55.74,57.34,55.66,55.87,137868.837
1656043200,55.87,56.44,55.12,55.57,84455.377
1656057600,55.57,56.52,55.08,56.12,123782.938
1656072000,56.12,57.03,55.01,55.4,183466.503
1656086400,55.4,55.79,54.4,55.72,102282.191
1656100800,55.72,56.9,55.26,55.84,98758.918
1656115200,55.84,57.01,55.37,56.53,91332.733
1656129600,56.53,57.26,55.98,56.94,65170.193
1656144000,56.94,57.2,56.2,56.38,49137.684
1656158400,56.38,56.44,54.59,55.12,126200.635
1656172800,55.12,59.36,55.07,58.69,195026.783
1656187200,58.69,59.76,58.45,58.88,91358.984
1656201600,58.88,60.21,58.45,59.94,88484.08
1656216000,59.94,60.5,58.84,58.99,83686.611
1656230400,58.99,59.87,58.12,59.59,89779.032
1656244800,59.59,60.41,57.42,58.01,113680.217
1656259200,58.01,58.77,57.54,58.23,64602.624
1656273600,58.23,58.84,56.6,56.61,78486.513
1656288000,56.61,58.17,56.48,57.83,59692.921
1656302400,57.83,58.6,57.22,58.29,45191.908
1656316800,58.29,58.62,57.77,57.85,41423.292
1656331200,57.85,57.94,55.35,55.97,139856.511
1656345600,55.97,56.4,54.82,55.69,66963.778
1656360000,55.69,56.69,55.57,55.86,43896.284
1656374400,55.86,56.5,53.96,54.69,69304.784
1656388800,54.69,56.06,54.57,55.72,59058.116
1656403200,55.72,56.85,55.56,56.18,59791.592
1656417600,56.18,57.0,54.09,54.17,84128.583
1656432000,54.17,54.88,53.08,53.26,89743.399
1656446400,53.26,53.82,52.57,52.68,66535.324
1656460800,52.68,53.42,52.23,52.88,45078.02
1656475200,52.88,53.16,51.36,52.54,61330.433
1656489600,52.54,52.76,51.47,52.28,68680.914
1656504000,52.28,53.24,51.52,53.15,113042.104
1656518400,53.15,53.98,51.94,53.9,88792.038
1656532800,53.9,54.45,53.09,53.68,74975.304
1656547200,53.68,53.99,52.37,53.18,66191.659
1656561600,53.18,53.7,51.19,51.69,87529.671
1656576000,51.69,51.71,50.25,50.66,99279.106
1656590400,50.66,51.73,50.15,51.4,94633.249
1656604800,51.4,52.09,51.09,51.52,69729.38
1656619200,51.52,54.0,50.57,53.84,87771.923
1656633600,53.84,56.28,53.41,53.5,132661.823
1656648000,53.5,53.55,50.32,51.36,164135.562
1656662400,51.36,51.89,50.04,50.77,89983.56
1656676800,50.77,51.62,50.28,50.62,96859.28
1656691200,50.62,51.72,50.46,51.53,64551.143
1656705600,51.53,52.17,50.79,51.19,57975.819
1656720000,51.19,51.65,50.42,50.66,92979.588
1656734400,50.66,51.41,50.61,50.69,51110.345
1656748800,50.69,50.92,49.77,50.68,101612.364
1656763200,50.68,50.92,49.84,50.1,70193.068
1656777600,50.1,50.78,49.9,50.61,44821.396
1656792000,50.61,50.99,50.17,50.55,34633.1
1656806400,50.55,50.65,50.04,50.45,32006.651
1656820800,50.45,50.71,49.11,50.08,66619.065
1656835200,50.08,50.31,49.65,50.16,34839.494
1656849600,50.16,50.3,49.14,49.47,44653.769
1656864000,49.47,51.35,49.42,51.04,52804.11
1656878400,51.04,52.22,50.69,50.95,88831.294
1656892800,50.95,51.13,49.7,49.98,43043.075
1656907200,49.98,50.21,49.76,49.9,69286.476
1656921600,49.9,51.62,49.8,51.47,119203.205
1656936000,51.47,52.18,50.71,51.22,79079.956
1656950400,51.22,51.87,51.11,51.41,57314.515
1656964800,51.41,52.43,51.14,52.26,60571.901
1656979200,52.26,52.47,51.34,51.82,45015.687
1656993600,51.82,52.48,51.49,51.87,55492.663
1657008000,51.87,51.87,49.42,49.57,97198.617
1657022400,49.57,49.58,47.95,48.35,150274.113
1657036800,48.35,50.96,48.17,50.52,131558.772
1657051200,50.52,51.37,49.6,49.7,87608.103
1657065600,49.7,50.26,48.96,49.83,58186.041
1657080000,49.83,51.2,49.61,50.02,80045.748
1657094400,50.02,50.57,49.83,50.05,55326.054
1657108800,50.05,50.46,49.58,49.95,63130.596
1657123200,49.95,50.49,49.6,50.1,58725.415
1657137600,50.1,50.75,49.94,50.34,54570.153
1657152000,50.34,50.59,49.86,50.02,48820.43
1657166400,50.02,50.11,49.77,50.03,39671.826
1657180800,50.03,50.54,49.89,50.18,69640.405
1657195200,50.18,51.64,49.86,51.19,122462.934
1657209600,51.19,52.12,51.17,52.04,121475.293
1657224000,52.04,52.64,51.43,52.15,76345.469
1657238400,52.15,53.99,51.85,53.59,129626.71
1657252800,53.59,53.79,52.62,52.88,69585.235
1657267200,52.88,53.04,51.53,51.84,84012.159
1657281600,51.84,52.5,50.75,52.14,127195.2
1657296000,52.14,52.38,51.29,51.98,75733.878
1657310400,51.98,52.38,51.13,51.35,52905.866
1657324800,51.35,52.18,51.33,51.89,77830.957
1657339200,51.89,52.48,51.69,52.38,44420.147
1657353600,52.38,52.5,51.59,51.71,44750.198
1657368000,51.71,52.39,51.61,52.21,41660.915
1657382400,52.21,53.83,52.16,53.31,96894.242
1657396800,53.31,54.8,53.14,54.09,64066.37
1657411200,54.09,54.53,53.41,53.94,125942.933
1657425600,53.94,55.07,53.72,54.62,160737.863
1657440000,54.62,54.7,53.82,54.51,80807.806
1657454400,54.51,54.7,51.88,51.88,147939.332
1657468800,51.88,52.24,50.65,51.43,174603.753
1657483200,51.43,53.14,51.23,52.12,103575.51
1657497600,52.12,52.25,51.01,51.44,91643.765
1657512000,51.44,51.5,50.54,50.97,57983.972
1657526400,50.97,51.34,50.79,50.83,56428.167
1657540800,50.83,51.36,50.1,50.54,97039.408
1657555200,50.54,51.08,50.47,50.61,64813.373
1657569600,50.61,50.8,48.26,48.71,90179.916
1657584000,48.71,49.37,48.26,48.71,83233.132
1657598400,48.71,49.17,48.08,48.31,72385.494
1657612800,48.31,48.57,47.51,48.22,84694.787
1657627200,48.22,48.8,47.97,48.52,77895.514
1657641600,48.52,49.06,47.35,47.59,95505.604
1657656000,47.59,48.15,47.28,47.33,52569.966
1657670400,47.33,48.27,46.56,47.87,74603.337
1657684800,47.87,48.9,47.87,48.86,55466.009
1657699200,48.86,49.08,48.58,48.8,65132.67
1657713600,48.8,49.53,46.41,47.74,255414.891
1657728000,47.74,48.86,47.39,48.26,84274.957
1657742400,48.26,49.73,48.19,49.56,66627.192
1657756800,49.56,49.83,49.28,49.35,68558.841
1657771200,49.35,49.52,48.66,48.99,48231.893
1657785600,48.99,49.19,47.96,48.36,78590.195
1657800000,48.36,50.09,48.05,49.98,111046.956
1657814400,49.98,51.75,49.41,51.0,157261.908
1657828800,51.0,51.39,50.76,51.32,58496.398
1657843200,51.32,51.93,50.64,51.35,66007.444
1657857600,51.35,51.58,50.61,51.2,71491.122
1657872000,51.2,51.7,50.85,50.91,90936.343
1657886400,50.91,52.78,50.73,51.61,163202.025
1657900800,51.61,52.4,51.15,52.31,80437.055
1657915200,52.31,52.75,51.52,51.78,72044.264
1657929600,51.78,51.88,51.07,51.48,27071.663
1657944000,51.48,51.87,51.08,51.2,41656.995
1657958400,51.2,51.58,51.2,51.37,38680.123
1657972800,51.37,52.58,51.36,52.43,70821.617
1657987200,52.43,54.82,52.43,54.25,164363.711
1658001600,54.25,55.56,53.64,55.08,94546.926
1658016000,55.08,56.23,54.61,55.56,82628.092
1658030400,55.56,56.36,55.27,55.76,64682.497
1658044800,55.76,55.95,54.84,55.4,71577.129
1658059200,55.4,55.85,54.57,55.38,83151.719
1658073600,55.38,56.2,54.33,55.82,106828.224
1658088000,55.82,57.02,55.53,55.76,79512.265
1658102400,55.76,57.94,55.23,57.37,140597.27
1658116800,57.37,58.86,57.13,57.91,116344.184
1658131200,57.91,58.55,57.28,57.87,113064.946
1658145600,57.87,59.56,57.13,58.99,124091.034
1658160000,58.99,59.14,55.96,56.56,131842.506
1658174400,56.56,58.89,56.34,58.6,78869.649
1658188800,58.6,59.63,56.26,56.32,146585.141
1658203200,56.32,57.19,55.83,56.48,93386.005
1658217600,56.48,57.44,56.31,56.93,93846.622
1658232000,56.93,58.14,56.49,57.97,147936.401
1658246400,57.97,59.0,57.67,58.23,109855.284
1658260800,58.23,58.99,57.73,57.9,57154.952
1658275200,57.9,58.65,56.95,58.38,113573.18
1658289600,58.38,59.29,57.86,57.87,108036.761
1658304000,57.87,58.8,57.11,58.52,104313.826
1658318400,58.52,61.73,58.05,60.96,219987.221
1658332800,60.96,61.05,58.87,58.9,145129.806
1658347200,58.9,59.13,56.4,57.2,132547.411
1658361600,57.2,57.87,55.27,55.7,100684.659
1658376000,55.7,56.79,55.15,56.38,76923.508
1658390400,56.38,56.71,55.37,55.88,81120.492
1658404800,55.88,56.94,55.65,56.51,78492.365
1658419200,56.51,58.49,56.48,58.4,102017.415
1658433600,58.4,58.65,57.66,58.02,55907.831
1658448000,58.02,58.57,57.44,57.57,69811.671
1658462400,57.57,58.61,57.34,58.0,55253.296
1658476800,58.0,59.07,57.9,59.02,107802.431
1658491200,59.02,59.18,57.01,57.16,114703.531
1658505600,57.16,57.66,55.64,55.78,93089.377
1658520000,55.78,56.82,55.5,56.09,63770.115
1658534400,56.09,56.68,55.36,56.42,47355.93
1658548800,56.42,57.24,56.37,56.73,39712.074
1658563200,56.73,56.99,54.84,54.89,72268.445
1658577600,54.89,55.75,54.68,55.53,62003.496
1658592000,55.53,55.87,54.5,55.43,84080.611
1658606400,55.43,56.81,55.24,56.32,54466.923
1658620800,56.32,57.28,56.32,56.96,44526.055
1658635200,56.96,58.21,56.83,57.86,52925.351
1658649600,57.86,58.54,57.47,58.04,45410.23
1658664000,58.04,58.53,57.3,58.18,55829.066
1658678400,58.18,59.52,58.14,59.22,88790.756
1658692800,59.22,59.78,57.98,58.39,65687.123
1658707200,58.39,59.02,55.87,56.16,107419.601
1658721600,56.16,56.58,55.77,56.1,54651.416
1658736000,56.1,56.85,55.91,56.58,72100.585
1658750400,56.58,56.76,55.73,56.45,56407.459
1658764800,56.45,56.79,54.8,55.84,79148.466
1658779200,55.84,56.51,53.89,54.0,110444.147
1658793600,54.0,54.15,52.81,53.57,91512.99
1658808000,53.57,53.89,53.05,53.25,47300.18
1658822400,53.25,53.72,52.85,53.26,52026.108
1658836800,53.26,53.45,52.02,52.02,98443.799
1658851200,52.02,52.91,51.96,52.35,70921.542
1658865600,52.35,53.99,52.04,53.88,60379.753
1658880000,53.88,53.99,53.01,53.17,45052.293
1658894400,53.17,54.14,53.14,53.93,42887.945
1658908800,53.93,54.32,53.1,53.26,77553.255
1658923200,53.26,54.25,53.15,54.1,58453.781
1658937600,54.1,58.64,53.59,58.41,184490.342
1658952000,58.41,59.07,57.98,59.01,128221.215
1658966400,59.01,60.63,58.72,60.0,102705.792
1658980800,60.0,60.13,59.33,59.5,55728.573
1658995200,59.5,60.1,59.37,59.84,107556.604
1659009600,59.84,62.42,58.02,62.0,203991.959
1659024000,62.0,64.29,61.84,63.33,159352.891
1659038400,63.33,64.27,62.5,63.41,164348.324
1659052800,63.41,63.98,62.31,63.62,106141.506
1659067200,63.62,64.58,62.08,62.4,115145.033
1659081600,62.4,62.96,60.59,60.81,111737.648
1659096000,60.81,62.67,59.76,61.71,107575.03
1659110400,61.71,61.89,60.16,61.02,79697.631
1659124800,61.02,62.23,60.4,60.65,78094.322
1659139200,60.65,62.03,60.36,61.2,109437.666
1659153600,61.2,61.63,60.36,61.49,63573.483
1659168000,61.49,62.68,61.07,62.16,89464.073
1659182400,62.16,64.07,61.89,63.24,114322.553
1659196800,63.24,63.76,61.62,61.73,87449.191
1659211200,61.73,62.1,59.91,60.42,106929.606
1659225600,60.42,61.47,60.04,60.92,52239.912
1659240000,60.92,61.57,60.9,61.15,33382.405
1659254400,61.15,61.76,60.52,61.5,41489.501
1659268800,61.5,62.14,61.0,61.51,50039.302
1659283200,61.51,63.02,60.58,61.92,101579.317
1659297600,61.92,62.58,59.61,59.74,84225.86
1659312000,59.74,60.75,59.32,60.04,62452.351
1659326400,60.04,60.57,59.08,59.98,56621.707
1659340800,59.98,60.16,58.73,59.39,65400.503
1659355200,59.39,60.07,58.43,59.77,87039.132
1659369600,59.77,59.84,58.25,58.57,83374.297
1659384000,58.57,59.67,58.33,59.44,58519.173
1659398400,59.44,59.85,56.83,57.18,111480.457
1659412800,57.18,57.65,56.63,57.54,59439.619
1659427200,57.54,58.09,56.68,57.83,76845.719
1659441600,57.83,59.0,56.96,58.87,120274.336
1659456000,58.87,59.72,58.09,58.42,89951.738
1659470400,58.42,58.83,57.95,58.05,41509.958
1659484800,58.05,58.31,56.7,57.61,70891.804
1659499200,57.61,58.65,57.45,58.27,95427.328
1659513600,58.27,59.25,58.27,59.19,86161.325
1659528000,59.19,59.89,58.75,59.31,96879.821
1659542400,59.31,60.13,59.01,59.75,61959.752
1659556800,59.75,59.82,57.31,57.77,86469.581
1659571200,57.77,59.19,57.6,58.89,52062.032
1659585600,58.89,59.24,58.0,58.57,49108.456
1659600000,58.57,58.9,58.24,58.5,59217.648
1659614400,58.5,60.8,58.04,59.65,156603.304
1659628800,59.65,60.05,58.5,59.13,77396.481
1659643200,59.13,59.99,58.86,59.65,44070.503
1659657600,59.65,61.57,59.61,61.54,73604.801
1659672000,61.54,62.25,61.04,61.56,88270.61
1659686400,61.56,62.24,60.82,62.08,105158.808
1659700800,62.08,62.39,60.4,60.87,104393.872
1659715200,60.87,61.34,60.67,61.22,58223.451
1659729600,61.22,62.57,60.92,62.47,58293.713
1659744000,62.47,62.58,61.47,61.72,37040.776
1659758400,61.72,61.96,61.42,61.64,37407.334
1659772800,61.64,61.83,60.88,61.13,43284.672
1659787200,61.13,61.63,61.0,61.44,36172.143
1659801600,61.44,61.59,60.5,61.51,39647.933
1659816000,61.51,61.69,60.75,60.83,28356.326
1659830400,60.83,61.2,59.86,60.45,37804.694
1659844800,60.45,60.76,60.2,60.62,21006.996
1659859200,60.62,61.8,60.34,61.3,58429.742
1659873600,61.3,61.62,61.01,61.29,53297.773
1659888000,61.29,61.96,61.25,61.52,33011.502
1659902400,61.52,62.0,60.76,61.1,38881.634
1659916800,61.1,61.5,60.8,61.35,28282.075
1659931200,61.35,62.17,61.27,62.04,49299.562
1659945600,62.04,63.99,62.02,63.77,119877.951
1659960000,63.77,64.09,62.8,62.89,82603.279
1659974400,62.89,63.44,62.53,63.18,64419.035
1659988800,63.18,63.53,61.88,62.61,59476.337
1660003200,62.61,62.82,61.93,62.48,39488.329
1660017600,62.48,62.86,62.07,62.53,47059.833
1660032000,62.53,62.57,59.45,59.87,115188.318
1660046400,59.87,60.18,58.2,58.85,142517.713
1660060800,58.85,59.13,58.5,58.93,58844.757
1660075200,58.93,59.7,58.85,59.16,64867.97
1660089600,59.16,59.16,57.42,58.26,123931.319
1660104000,58.26,58.8,57.94,58.58,109653.899
1660118400,58.58,59.37,58.42,59.03,93272.107
1660132800,59.03,62.35,58.81,61.82,214865.118
1660147200,61.82,62.2,61.06,61.34,60818.148
1660161600,61.34,62.01,61.23,61.59,81066.34
1660176000,61.59,62.6,61.48,62.16,80468.567
1660190400,62.16,62.54,61.64,61.79,71688.02
1660204800,61.79,62.38,61.48,62.32,52437.143
1660219200,62.32,63.48,61.92,62.07,156967.48
1660233600,62.07,62.92,62.01,62.51,49643.134
1660248000,62.51,62.7,61.56,61.84,40404.886
1660262400,61.84,62.22,60.68,61.79,88949.324
1660276800,61.79,62.22,61.37,61.8,62786.483
1660291200,61.8,62.36,60.66,60.76,57681.925
1660305600,60.76,61.92,60.71,61.69,49315.926
1660320000,61.69,62.53,61.58,62.39,41526.92
1660334400,62.39,63.08,61.8,62.88,61207.265
1660348800,62.88,64.0,62.63,63.96,69914.075
1660363200,63.96,64.45,63.45,63.76,127207.278
1660377600,63.76,64.49,63.61,64.21,75591.289
1660392000,64.21,65.47,63.56,65.4,74341.259
1660406400,65.4,65.66,63.27,63.4,118840.827
1660420800,63.4,64.19,63.2,63.8,36632.586
1660435200,63.8,64.86,63.37,64.72,46313.541
1660449600,64.72,65.75,64.26,65.41,70284.423
1660464000,65.41,65.45,64.34,64.56,49635.787
1660478400,64.56,65.54,63.38,65.29,98126.718
1660492800,65.29,65.84,62.66,63.4,120425.346
1660507200,63.4,63.72,62.37,63.14,68256.063
1660521600,63.14,65.32,62.79,64.55,84635.366
1660536000,64.55,64.59,60.97,61.35,113479.334
1660550400,61.35,61.75,60.55,61.06,80735.281
1660564800,61.06,61.83,60.68,61.72,63097.826
1660579200,61.72,62.13,60.16,60.73,110468.15
1660593600,60.73,61.1,59.64,60.67,68833.404
1660608000,60.67,61.68,59.99,60.77,74427.234
1660622400,60.77,60.98,60.08,60.78,43784.832
1660636800,60.78,61.57,60.54,61.31,72217.313
1660651200,61.31,61.47,60.32,61.24,65596.436
1660665600,61.24,61.77,60.39,61.12,76804.927
1660680000,61.12,61.64,61.01,61.33,34499.336
1660694400,61.33,64.42,61.23,63.75,163817.566
1660708800,63.75,64.74,61.85,61.88,190288.184
1660723200,61.88,62.87,61.57,62.22,82689.489
1660737600,62.22,62.27,59.67,60.28,144782.353
1660752000,60.28,61.13,60.03,60.39,81291.466
1660766400,60.39,60.92,59.94,60.52,55560.076
1660780800,60.52,61.13,59.95,60.84,64503.382
1660795200,60.84,61.0,60.49,60.91,36317.949
1660809600,60.91,61.73,60.6,61.34,53988.792
1660824000,61.34,61.65,60.4,61.17,75756.718
1660838400,61.17,61.17,60.21,60.78,51952.56
1660852800,60.78,61.53,59.33,60.02,139564.899
1660867200,60.02,60.19,57.99,58.73,191008.344
1660881600,58.73,59.06,54.7,55.96,201232.022
1660896000,55.96,55.96,54.1,54.76,142315.646
1660910400,54.76,55.18,54.27,54.92,79167.857
1660924800,54.92,55.71,54.53,55.41,75034.314
1660939200,55.41,55.65,53.26,53.99,118622.87
1660953600,53.99,55.57,53.99,55.03,119368.114
1660968000,55.03,55.62,54.84,55.04,92136.915
1660982400,55.04,55.1,54.45,54.92,104088.056
1660996800,54.92,55.03,54.44,54.89,60571.993
1661011200,54.89,55.05,52.92,53.2,145329.731
1661025600,53.2,54.41,52.64,54.1,129983.873
1661040000,54.1,54.67,53.81,54.09,57713.433
1661054400,54.09,54.49,53.8,54.46,56511.103
1661068800,54.46,55.48,54.45,55.36,84336.372
1661083200,55.36,55.57,54.76,54.91,49951.813
1661097600,54.91,55.37,54.77,55.12,44335.358
1661112000,55.12,56.0,54.48,55.67,84412.998
1661126400,55.67,55.71,54.64,54.7,79596.797
1661140800,54.7,54.7,52.85,52.91,99681.029
1661155200,52.91,56.07,52.26,54.85,271112.545
1661169600,54.85,57.29,54.22,57.17,195440.562
1661184000,57.17,57.45,55.97,56.41,111942.975
1661198400,56.41,57.37,55.71,57.22,120002.724
1661212800,57.22,57.59,56.05,56.16,94594.152
1661227200,56.16,56.32,53.88,55.41,130533.814
1661241600,55.41,56.89,55.41,56.6,118341.685
1661256000,56.6,57.09,55.91,56.64,94349.693
1661270400,56.64,57.75,56.26,56.98,70190.273
1661284800,56.98,57.4,56.63,57.08,54167.088
1661299200,57.08,57.14,55.6,55.97,82218.878
1661313600,55.97,56.9,55.56,56.26,83072.041
1661328000,56.26,56.66,55.93,56.48,68764.862
1661342400,56.48,57.31,56.05,57.23,66114.887
1661356800,57.23,57.69,56.67,57.3,79613.746
1661371200,57.3,57.39,56.25,56.46,57856.648
1661385600,56.46,56.94,55.92,56.16,75618.453
1661400000,56.16,57.53,56.09,57.17,63687.839
1661414400,57.17,57.31,56.44,56.86,50527.356
1661428800,56.86,57.11,55.82,56.24,76161.194
1661443200,56.24,57.24,56.06,57.19,62436.733
1661457600,57.19,57.3,56.61,56.63,50722.924
1661472000,56.63,56.63,55.85,56.21,59267.204
1661486400,56.21,56.29,55.1,55.66,106215.936
1661500800,55.66,56.17,55.34,55.78,66909.92
1661515200,55.78,58.31,54.01,54.32,245737.761
1661529600,54.32,54.49,53.1,54.14,104793.538
1661544000,54.14,54.47,52.08,52.68,80836.702
1661558400,52.68,52.99,52.29,52.72,48771.082
1661572800,52.72,52.84,51.63,52.8,86187.996
1661587200,52.8,52.85,52.44,52.71,41865.322
1661601600,52.71,52.96,52.0,52.47,60329.25
1661616000,52.47,53.02,51.88,52.79,65175.374
1661630400,52.79,53.48,52.58,53.01,40067.412
1661644800,53.01,53.5,52.47,52.85,39494.741
1661659200,52.85,53.28,52.57,53.14,54285.736
1661673600,53.14,54.44,52.81,53.86,160400.035
1661688000,53.86,56.0,53.49,55.65,153907.918
1661702400,55.65,55.84,54.76,54.86,80893.785
1661716800,54.86,55.23,53.17,53.41,82938.629
1661731200,53.41,55.5,52.52,54.78,150354.81
1661745600,54.78,55.0,53.66,54.34,65377.506
1661760000,54.34,54.41,53.76,54.38,55310.851
1661774400,54.38,56.7,54.34,55.91,149626.337
1661788800,55.91,56.0,54.92,55.02,153865.747
1661803200,55.02,55.91,55.02,55.8,61232.163
1661817600,55.8,55.8,54.44,55.66,66532.528
1661832000,55.66,56.25,55.29,55.58,71568.232
1661846400,55.58,55.86,54.9,55.12,60862.573
1661860800,55.12,55.27,52.22,53.01,137463.503
1661875200,53.01,54.37,51.81,53.56,115342.818
1661889600,53.56,53.99,52.77,53.01,53786.931
1661904000,53.01,55.15,53.01,54.69,101324.745
1661918400,54.69,54.98,53.99,54.06,71400.552
1661932800,54.06,54.63,53.6,54.33,54580.101
1661947200,54.33,54.67,53.07,53.86,84629.804
1661961600,53.86,55.26,53.43,54.68,75276.05
1661976000,54.68,54.99,53.55,53.84,53876.114
1661990400,53.84,56.08,53.19,54.3,137222.474
1662004800,54.3,55.19,54.09,54.63,80262.022
1662019200,54.63,56.59,54.49,56.49,122880.799
1662033600,56.49,56.62,54.28,54.91,135599.114
1662048000,54.91,57.51,54.64,56.8,180971.192
1662062400,56.8,57.82,56.62,57.58,89516.032
1662076800,57.58,58.18,56.49,57.73,92651.983
1662091200,57.73,57.98,56.83,57.28,75578.216
1662105600,57.28,57.82,57.07,57.45,57137.403
1662120000,57.45,62.1,57.33,61.59,266687.23
1662134400,61.59,62.5,60.1,61.12,343904.98
1662148800,61.12,62.33,60.68,60.99,135003.553
1662163200,60.99,61.65,60.23,61.31,125184.355
1662177600,61.31,62.23,59.55,59.99,158096.102
1662192000,59.99,60.88,59.53,60.27,113891.601
1662206400,60.27,61.2,60.18,60.55,75851.291
1662220800,60.55,61.61,60.45,60.68,77609.816
1662235200,60.68,61.28,59.72,60.15,54009.785
1662249600,60.15,60.36,59.08,59.78,83689.993
1662264000,59.78,60.02,59.17,59.29,39290.295
1662278400,59.29,60.59,59.1,60.32,65886.776
1662292800,60.32,60.8,58.61,59.07,80448.007
1662307200,59.07,59.77,58.81,59.76,57341.397
1662321600,59.76,60.99,59.18,60.9,90017.611
1662336000,60.9,61.63,59.91,60.67,153045.928
1662350400,60.67,60.72,59.25,59.59,67189.329
1662364800,59.59,60.24,59.27,59.71,96170.542
1662379200,59.71,60.86,59.52,60.39,114208.047
1662393600,60.39,60.65,59.67,60.02,56288.753
1662408000,60.02,60.86,59.88,60.39,63250.246
1662422400,60.39,62.74,59.61,60.21,253174.721
1662436800,60.21,60.62,59.86,59.94,73521.237
1662451200,59.94,60.18,59.26,59.85,78583.966
1662465600,59.85,60.52,58.1,59.08,160861.161
1662480000,59.08,59.21,54.46,55.1,209121.011
1662494400,55.1,55.19,54.0,54.11,118657.327
1662508800,54.11,54.31,52.86,53.57,208749.857
1662523200,53.57,54.34,53.21,54.22,98588.546
1662537600,54.22,54.54,53.91,54.17,57582.846
1662552000,54.17,55.78,53.95,55.16,145441.781
1662566400,55.16,56.29,55.06,56.23,119108.41
1662580800,56.23,58.29,56.13,57.31,161743.758
1662595200,57.31,57.52,56.42,56.85,90184.953
1662609600,56.85,57.45,56.06,56.75,92274.451
1662624000,56.75,57.57,56.56,57.39,54385.218
1662638400,57.39,57.88,56.19,57.15,161725.715
1662652800,57.15,58.43,56.5,58.4,85907.337
1662667200,58.4,58.6,57.77,57.96,42107.404
1662681600,57.96,59.95,57.7,59.45,88703.382
1662696000,59.45,60.8,59.33,60.45,129151.263
1662710400,60.45,61.47,60.34,60.91,111991.364
1662724800,60.91,61.94,60.63,60.95,118872.205
1662739200,60.95,61.27,60.44,60.89,130546.124
1662753600,60.89,61.6,60.32,61.13,60763.839
1662768000,61.13,61.98,60.68,61.43,69909.465
1662782400,61.43,62.4,60.54,60.85,73510.082
1662796800,60.85,62.22,60.82,62.12,64653.639
1662811200,62.12,64.6,62.04,64.07,257992.389
1662825600,64.07,64.69,63.13,63.15,100135.687
1662840000,63.15,64.32,63.0,63.28,77709.096
1662854400,63.28,64.47,63.23,63.75,71111.695
1662868800,63.75,63.79,62.27,63.05,137137.14
1662883200,63.05,63.32,62.65,62.89,49188.711
1662897600,62.89,62.98,62.21,62.78,79496.539
1662912000,62.78,63.23,62.46,62.7,60336.093
1662926400,62.7,62.93,61.33,62.16,94564.96
1662940800,62.16,63.23,60.55,60.69,124384.25
1662955200,60.69,62.1,60.67,62.03,64114.636
1662969600,62.03,62.9,61.54,61.84,85727.931
1662984000,61.84,62.16,60.54,60.78,89265.272
1662998400,60.78,61.58,60.08,61.38,76149.202
1663012800,61.38,61.62,60.89,61.38,53197.313
1663027200,61.38,61.99,60.18,61.99,95278.506
1663041600,61.99,63.03,61.22,62.73,100042.017
1663056000,62.73,66.84,62.12,66.36,326536.228
1663070400,66.36,67.48,61.45,61.86,589650.793
1663084800,61.86,62.87,58.9,59.86,216237.855
1663099200,59.86,59.96,58.33,59.1,112257.578
1663113600,59.1,60.11,58.52,59.98,96427.72
1663128000,59.98,60.14,58.13,58.79,142077.98
1663142400,58.79,59.88,58.42,59.27,94395.693
1663156800,59.27,61.18,58.78,60.39,137905.652
1663171200,60.39,60.78,58.56,59.81,216980.012
1663185600,59.81,60.51,59.42,60.18,65620.422
1663200000,60.18,60.34,58.17,59.03,128726.69
1663214400,59.03,60.83,58.58,60.23,138961.278
1663228800,60.23,60.34,59.45,59.66,75221.471
1663243200,59.66,60.17,56.84,57.65,180415.368
1663257600,57.65,57.69,56.34,56.89,106166.189
1663272000,56.89,57.16,55.83,56.34,67205.519
1663286400,56.34,56.97,55.26,55.83,89122.977
1663300800,55.83,56.22,55.22,55.34,56570.367
1663315200,55.34,56.21,54.85,56.16,103985.75
1663329600,56.16,56.19,54.82,55.77,103367.246
1663344000,55.77,55.77,54.61,55.62,76090.675
1663358400,55.62,55.96,55.45,55.95,40196.509
1663372800,55.95,56.69,55.81,56.33,58315.747
1663387200,56.33,56.46,55.96,56.13,29573.891
1663401600,56.13,56.92,56.11,56.72,54069.492
1663416000,56.72,57.74,56.54,57.62,72720.538
1663430400,57.62,58.44,57.62,58.15,59997.791
1663444800,58.15,58.29,57.39,57.83,39473.04
1663459200,57.83,57.85,56.95,57.29,40242.922
1663473600,57.29,57.5,56.72,57.15,43826.112
1663488000,57.15,57.41,56.04,56.49,56039.192
1663502400,56.49,57.04,56.12,56.44,53469.532
1663516800,56.44,56.62,55.6,56.49,66011.81
1663531200,56.49,56.53,52.22,52.63,264675.128
1663545600,52.63,53.74,50.01,51.15,396894.457
1663560000,51.15,51.6,50.17,50.76,198868.466
1663574400,50.76,51.68,50.31,51.21,133372.786
1663588800,51.21,52.8,50.97,51.95,189755.087
1663603200,51.95,52.65,51.25,52.56,139977.966
1663617600,52.56,52.96,52.2,52.91,131110.793
1663632000,52.91,53.29,51.25,52.08,157462.274
1663646400,52.08,52.62,51.67,51.98,67567.63
1663660800,51.98,52.17,51.47,51.72,63972.748
1663675200,51.72,52.61,50.86,52.5,135929.951
1663689600,52.5,53.85,51.35,52.27,211138.208
1663704000,52.27,52.82,51.86,52.3,104190.958
1663718400,52.3,52.79,52.03,52.41,73275.035
1663732800,52.41,52.6,50.96,51.75,96508.785
1663747200,51.75,53.33,51.42,53.32,84059.732
1663761600,53.32,54.39,52.76,53.25,164397.81
1663776000,53.25,55.52,52.35,53.09,321211.354
1663790400,53.09,53.42,50.23,51.09,209023.841
1663804800,51.09,52.17,50.62,51.64,88814.85
1663819200,51.64,52.84,51.64,52.82,80877.168
1663833600,52.82,53.67,52.75,53.45,141328.481
1663848000,53.45,53.76,52.14,52.77,137167.644
1663862400,52.77,54.09,52.16,53.52,100138.27
1663876800,53.52,53.99,52.84,53.57,66718.684
1663891200,53.57,54.46,52.88,54.04,77241.042
1663905600,54.04,54.75,53.31,53.58,94177.862
1663920000,53.58,53.67,52.06,52.56,107562.268
1663934400,52.56,53.3,51.4,52.33,116099.775
1663948800,52.33,54.24,51.79,53.73,138138.476
1663963200,53.73,55.34,53.72,55.22,95555.415
1663977600,55.22,55.61,54.56,54.74,90602.035
1663992000,54.74,55.96,54.43,55.39,102013.27
1664006400,55.39,55.47,54.65,54.84,76765.384
1664020800,54.84,55.3,54.71,55.12,75059.547
1664035200,55.12,55.27,54.66,55.14,51694.46
1664049600,55.14,55.3,53.18,53.43,81535.939
1664064000,53.43,54.41,53.36,54.23,52694.122
1664078400,54.23,54.38,53.84,54.23,45462.624
1664092800,54.23,54.3,53.56,54.09,47824.272
1664107200,54.09,54.31,53.28,53.97,61675.177
1664121600,53.97,54.31,53.04,53.71,65433.162
1664136000,53.71,53.76,52.22,52.53,115493.897
1664150400,52.53,53.21,52.2,52.88,51869.731
1664164800,52.88,53.04,51.87,52.3,85356.639
1664179200,52.3,53.73,52.14,52.7,127017.441
1664193600,52.7,53.63,52.5,53.08,88632.709
1664208000,53.08,53.42,52.58,53.14,67741.657
1664222400,53.14,53.67,52.89,53.44,42085.05
1664236800,53.44,55.4,53.31,54.98,149792.646
1664251200,54.98,55.35,54.62,54.83,69898.964
1664265600,54.83,55.24,54.39,54.95,79488.936
1664280000,54.95,55.66,54.3,54.33,100571.0
1664294400,54.33,54.51,51.8,52.35,144303.086
1664308800,52.35,52.85,52.03,52.65,50094.68
1664323200,52.65,52.97,51.0,51.92,117501.251
1664337600,51.92,52.38,51.24,52.06,61111.724
1664352000,52.06,53.03,51.46,52.79,89305.34
1664366400,52.79,53.71,52.63,53.52,96816.59
1664380800,53.52,53.83,52.84,53.53,85342.295
1664395200,53.53,53.76,53.04,53.29,36902.687
1664409600,53.29,53.75,53.04,53.43,46791.107
1664424000,53.43,54.16,52.9,53.22,72439.945
1664438400,53.22,54.02,52.99,53.58,74488.683
1664452800,53.58,53.62,52.24,53.36,108914.011
1664467200,53.36,53.87,52.88,53.78,73357.941
1664481600,53.78,54.01,53.43,53.96,39495.715
1664496000,53.96,54.2,53.39,53.61,49887.911
1664510400,53.61,54.2,53.57,53.97,38843.725
1664524800,53.97,54.15,53.2,53.38,48200.891
1664539200,53.38,55.1,53.05,54.47,155047.356
1664553600,54.47,54.79,53.7,53.86,64064.856
1664568000,53.86,54.01,52.86,53.48,61511.135
1664582400,53.48,53.66,53.25,53.57,22502.609
1664596800,53.57,53.58,53.07,53.38,21114.543
1664611200,53.38,53.67,53.19,53.52,24442.979
1664625600,53.52,53.83,53.2,53.46,41708.153
1664640000,53.46,53.49,52.44,52.88,86028.193
1664654400,52.88,52.97,52.55,52.92,32184.813
1664668800,52.92,53.18,52.69,53.0,24719.634
1664683200,53.0,53.46,52.64,52.99,30740.715
1664697600,52.99,53.13,52.06,52.53,48596.847
1664712000,52.53,52.68,52.29,52.6,37258.321
1664726400,52.6,53.13,52.54,52.95,42384.84
1664740800,52.95,53.0,51.67,51.82,62235.16
1664755200,51.82,52.66,51.5,52.42,59097.009
1664769600,52.42,53.01,51.98,52.65,43600.052
1664784000,52.65,53.02,52.44,53.0,41597.467
1664798400,53.0,53.85,52.76,53.43,92232.16
1664812800,53.43,53.92,53.28,53.59,83362.229
1664827200,53.59,54.34,53.58,54.17,57673.012
1664841600,54.17,54.5,54.01,54.35,49923.189
1664856000,54.35,54.92,53.88,54.71,62494.933
1664870400,54.71,55.0,54.29,54.74,75777.393
1664884800,54.74,55.35,54.55,54.58,69551.571
1664899200,54.58,55.1,54.16,55.03,53704.913
1664913600,55.03,55.73,54.91,55.28,68050.092
1664928000,55.28,55.3,54.61,54.9,40264.152
1664942400,54.9,55.24,54.67,54.76,43077.523
1664956800,54.76,54.84,53.78,54.0,74528.962
1664971200,54.0,54.17,53.3,53.99,80449.146
1664985600,53.99,55.0,53.85,54.43,63709.845
1665000000,54.43,54.64,54.1,54.63,38426.351
1665014400,54.63,55.05,54.56,54.76,58966.232
1665028800,54.76,54.91,54.2,54.44,67859.25
1665043200,54.44,54.59,54.1,54.58,45874.148
1665057600,54.58,54.93,53.9,54.36,109273.38
1665072000,54.36,54.59,53.86,53.86,54297.28
1665086400,53.86,53.92,53.34,53.53,53449.948
1665100800,53.53,53.73,53.2,53.51,58894.814
1665115200,53.51,53.85,52.91,53.51,52829.238
1665129600,53.51,53.7,53.2,53.49,32509.256
1665144000,53.49,53.74,52.3,52.72,124604.768
1665158400,52.72,52.84,52.27,52.69,57904.929
1665172800,52.69,53.04,52.57,52.83,27134.817
1665187200,52.83,53.3,52.72,53.2,35098.883
1665201600,53.2,53.55,52.93,53.3,36803.229
1665216000,53.3,53.54,53.16,53.37,40146.092
1665230400,53.37,53.44,53.08,53.17,36636.897
1665244800,53.17,53.33,52.8,52.85,28678.722
1665259200,52.85,53.03,52.38,52.79,67445.858
1665273600,52.79,53.0,52.69,52.92,21376.292
1665288000,52.92,53.5,52.75,53.37,31077.947
1665302400,53.37,53.7,53.24,53.57,32798.187
1665316800,53.57,53.81,53.44,53.64,37338.463
1665331200,53.64,53.76,53.34,53.58,27730.932
1665345600,53.58,53.99,53.32,53.9,47438.035
1665360000,53.9,54.46,53.64,54.12,61181.761
1665374400,54.12,54.43,53.78,53.99,83634.138
1665388800,53.99,54.0,52.64,53.28,81188.798
1665403200,53.28,53.64,53.02,53.37,55318.543
1665417600,53.37,53.56,52.75,53.19,59248.918
1665432000,53.19,53.33,52.5,52.63,52460.567
1665446400,52.63,52.64,51.27,51.63,80484.087
1665460800,51.63,52.08,51.51,51.93,43120.269
1665475200,51.93,52.15,51.63,52.08,42591.055
1665489600,52.08,52.51,51.36,52.46,75134.899
1665504000,52.46,52.6,51.5,51.83,55382.347
1665518400,51.83,52.15,51.77,52.03,28816.113
1665532800,52.03,52.42,51.86,52.17,37918.698
1665547200,52.17,52.84,52.1,52.49,65699.432
1665561600,52.49,52.98,52.09,52.18,110702.498
1665576000,52.18,52.35,51.6,52.26,76458.677
1665590400,52.26,52.43,51.83,52.12,42026.523
1665604800,52.12,52.36,52.0,52.23,22506.587
1665619200,52.23,52.5,51.5,51.9,36498.273
1665633600,51.9,52.18,50.38,50.85,106636.603
1665648000,50.85,51.2,48.76,50.09,132401.873
1665662400,50.09,51.0,48.32,50.33,216186.378
1665676800,50.33,51.6,50.22,51.27,71174.923
1665691200,51.27,51.6,51.1,51.1,35981.512
1665705600,51.1,52.57,50.9,52.4,67056.498
1665720000,52.4,52.43,51.7,51.89,44164.589
1665734400,51.89,52.35,51.57,51.89,53768.485
1665748800,51.89,52.46,51.12,51.24,81178.211
1665763200,51.24,51.44,50.9,51.25,47528.35
1665777600,51.25,51.41,50.98,51.31,27144.396
1665792000,51.31,51.42,51.14,51.34,21875.722
1665806400,51.34,51.67,51.18,51.46,32231.13
1665820800,51.46,51.54,51.06,51.47,34092.644
1665835200,51.47,51.67,51.28,51.44,32099.099
1665849600,51.44,51.56,50.95,50.98,64805.051
1665864000,50.98,50.99,50.26,50.39,45177.671
1665878400,50.39,50.98,50.26,50.54,28915.011
1665892800,50.54,50.79,50.54,50.66,18831.04
1665907200,50.66,51.0,50.6,50.98,77594.605
1665921600,50.98,51.09,50.8,50.96,27696.09
1665936000,50.96,51.71,50.76,51.64,34687.444
1665950400,51.64,51.81,50.84,51.43,43485.356
1665964800,51.43,51.54,51.05,51.2,24392.94
1665979200,51.2,51.64,51.1,51.45,30854.176
1665993600,51.45,51.81,51.13,51.58,45614.695
1666008000,51.58,52.16,51.47,51.85,55719.02
1666022400,51.85,51.9,51.49,51.67,33714.942
1666036800,51.67,52.0,51.55,51.82,29149.372
1666051200,51.82,52.05,51.44,51.8,31778.095
1666065600,51.8,52.2,51.73,52.16,38634.169
1666080000,52.16,52.17,51.36,51.75,50618.454
1666094400,51.75,52.16,51.11,51.37,61449.278
1666108800,51.37,51.65,50.75,51.27,43558.547
1666123200,51.27,52.0,51.2,51.86,41259.227
1666137600,51.86,52.02,51.55,51.64,34358.824
1666152000,51.64,51.72,51.15,51.5,35020.51
1666166400,51.5,51.52,51.1,51.31,40241.003
1666180800,51.31,51.68,51.05,51.59,48063.039
1666195200,51.59,51.63,51.2,51.52,33835.317
1666209600,51.52,51.66,50.76,50.94,41239.742
1666224000,50.94,51.27,50.56,50.96,38318.604
1666238400,50.96,51.81,50.91,51.56,38813.161
1666252800,51.56,51.9,51.37,51.77,34916.572
1666267200,51.77,52.1,51.44,51.82,68005.48
1666281600,51.82,51.83,50.68,51.1,62894.918
1666296000,51.1,51.28,50.69,51.22,28542.657
1666310400,51.22,51.3,50.75,50.91,29417.202
1666324800,50.91,51.29,50.74,50.88,35049.72
1666339200,50.88,50.88,50.2,50.28,57531.362
1666353600,50.28,51.5,49.54,51.5,98750.49
1666368000,51.5,51.78,51.29,51.61,57948.888
1666382400,51.61,51.81,51.45,51.63,27063.289
1666396800,51.63,51.73,51.37,51.54,22182.403
1666411200,51.54,51.85,51.48,51.75,21328.98
1666425600,51.75,52.1,51.75,51.96,38975.036
1666440000,51.96,52.48,51.73,52.24,52057.129
1666454400,52.24,52.36,52.03,52.33,26418.928
1666468800,52.33,52.48,52.09,52.18,26188.959
1666483200,52.18,52.31,51.82,52.21,27654.552
1666497600,52.21,52.32,51.9,52.05,21756.22
1666512000,52.05,52.29,51.92,51.98,32311.23
1666526400,51.98,52.42,51.84,52.32,38527.232
1666540800,52.32,53.47,52.24,53.12,59098.151
1666555200,53.12,54.05,53.07,54.03,71831.24
1666569600,54.03,54.2,53.15,53.4,92059.298
1666584000,53.4,53.52,52.72,52.98,54585.06
1666598400,52.98,53.38,52.84,53.31,49344.247
1666612800,53.31,53.4,52.25,52.57,83862.369
1666627200,52.57,52.86,52.11,52.61,35932.82
1666641600,52.61,52.76,52.29,52.54,33811.147
1666656000,52.54,52.95,52.37,52.82,40045.578
1666670400,52.82,53.09,52.48,52.71,35681.992
1666684800,52.71,52.75,52.28,52.5,44602.384
1666699200,52.5,53.95,52.38,53.78,105292.851
1666713600,53.78,56.8,53.69,56.78,192660.469
1666728000,56.78,56.8,55.53,55.92,142126.73
1666742400,55.92,56.65,55.66,56.37,74982.982
1666756800,56.37,56.53,55.95,56.41,58993.099
1666771200,56.41,57.59,56.15,57.15,129847.177
1666785600,57.15,57.62,56.11,56.75,113910.174
1666800000,56.75,56.87,55.72,56.08,74601.731
1666814400,56.08,56.62,55.82,56.39,64294.405
1666828800,56.39,56.68,55.63,56.25,58775.378
1666843200,56.25,56.69,55.96,56.19,68661.486
1666857600,56.19,56.37,55.48,55.86,77681.324
1666872000,55.86,56.48,55.18,55.37,106742.575
1666886400,55.37,55.87,55.18,55.81,46743.189
1666900800,55.81,55.82,54.5,54.75,70859.479
1666915200,54.75,54.92,54.09,54.58,61758.304
1666929600,54.58,54.69,53.5,53.73,62123.573
1666944000,53.73,54.28,53.7,54.06,48447.79
1666958400,54.06,55.13,53.6,54.72,132317.772
1666972800,54.72,55.5,54.67,55.18,83262.173
1666987200,55.18,55.56,54.75,54.92,46406.532
1667001600,54.92,55.52,54.64,55.51,51704.575
1667016000,55.51,55.72,54.91,55.44,49719.17
1667030400,55.44,56.74,55.29,55.55,148814.377
1667044800,55.55,56.6,55.1,56.23,98773.189
1667059200,56.23,57.61,56.04,56.5,153711.504
1667073600,56.5,56.96,56.15,56.6,49080.946
1667088000,56.6,57.5,55.77,56.64,81333.393
1667102400,56.64,57.31,56.11,57.22,80923.1
1667116800,57.22,57.25,55.71,56.25,61270.014
1667131200,56.25,56.33,55.15,55.5,69582.255
1667145600,55.5,55.83,55.15,55.71,34786.622
1667160000,55.71,55.99,54.72,55.35,47775.373
1667174400,55.35,55.68,54.19,55.38,60781.218
1667188800,55.38,55.53,54.76,55.16,38026.392
1667203200,55.16,56.42,54.68,55.99,98081.523
1667217600,55.99,56.25,54.0,54.46,166984.871
1667232000,54.46,55.06,54.12,54.94,60902.416
1667246400,54.94,55.29,54.71,55.01,49755.373
1667260800,55.01,55.37,54.91,54.97,42847.242
1667275200,54.97,55.76,54.79,55.6,75438.818
1667289600,55.6,55.93,55.26,55.49,65997.827
1667304000,55.49,55.58,54.5,54.85,85894.355
1667318400,54.85,55.45,54.67,55.16,46096.47
1667332800,55.16,55.23,54.94,55.1,34308.232
1667347200,55.1,55.74,54.71,55.4,51207.793
1667361600,55.4,55.51,54.7,55.13,105953.63
1667376000,55.13,62.55,54.91,59.19,858675.513
1667390400,59.19,62.94,58.85,60.87,502678.65
1667404800,60.87,62.0,59.25,59.52,339384.059
1667419200,59.52,61.02,58.51,60.95,246537.641
1667433600,60.95,64.74,60.23,63.37,513388.388
1667448000,63.37,63.46,61.39,61.4,212868.775
1667462400,61.4,62.2,60.33,60.85,183721.52
1667476800,60.85,61.54,60.1,61.3,186798.162
1667491200,61.3,63.66,61.24,63.31,148450.553
1667505600,63.31,63.38,61.54,61.84,129609.009
1667520000,61.84,62.54,61.66,62.47,108369.855
1667534400,62.47,65.0,62.35,64.22,279974.717
1667548800,64.22,67.61,64.11,65.04,346955.826
1667563200,65.04,70.47,64.66,67.83,366665.657
1667577600,67.83,69.2,67.39,69.17,205651.049
1667592000,69.17,69.18,67.06,67.58,132331.05
1667606400,67.58,68.75,67.11,68.34,156949.09
1667620800,68.34,69.74,67.74,68.95,187383.228
1667635200,68.95,70.99,67.7,70.05,304485.624
1667649600,70.05,71.5,68.74,70.89,212832.365
1667664000,70.89,71.92,69.46,69.86,122891.752
1667678400,69.86,70.9,69.15,69.23,126098.542
1667692800,69.23,69.44,68.13,69.15,207363.908
1667707200,69.15,70.17,68.58,69.97,128284.156
1667721600,69.97,71.08,68.75,69.22,126093.799
1667736000,69.22,69.59,68.74,69.11,62719.468
1667750400,69.11,70.49,68.56,70.09,110706.029
1667764800,70.09,70.8,67.53,68.26,170236.704
1667779200,68.26,73.36,68.14,71.56,353101.3
1667793600,71.56,72.04,68.7,68.96,217432.1
1667808000,68.96,71.41,68.86,70.81,241058.878
1667822400,70.81,70.95,68.35,69.54,266075.083
1667836800,69.54,69.64,67.74,68.99,167152.7
1667851200,68.99,69.51,66.21,67.42,148060.977
1667865600,67.42,68.42,64.25,64.58,243053.879
1667880000,64.58,65.51,61.87,64.53,370848.022
1667894400,64.53,65.05,63.71,63.87,192767.529
1667908800,63.87,66.54,62.9,66.52,230461.966
1667923200,66.52,68.88,54.04,56.86,777089.494
1667937600,56.86,58.26,55.0,57.82,375898.505
1667952000,57.82,59.79,56.8,59.4,336664.655
1667966400,59.4,59.65,57.57,57.69,217536.598
1667980800,57.69,57.81,54.15,57.28,531632.813
1667995200,57.28,57.84,54.0,54.48,352478.49
1668009600,54.48,55.35,51.7,53.55,274124.592
1668024000,53.55,54.5,47.6,50.68,391250.471
1668038400,50.68,54.2,49.57,53.27,327447.515
1668052800,53.27,54.94,52.63,54.16,275522.004
1668067200,54.16,54.85,52.51,53.86,247221.68
1668081600,53.86,60.82,53.62,59.31,753460.946
1668096000,59.31,60.75,57.16,58.65,271277.064
1668110400,58.65,61.33,58.16,60.56,195305.373
1668124800,60.56,63.85,59.36,60.33,392591.935
1668139200,60.33,63.21,59.98,62.32,230724.059
1668153600,62.32,64.42,61.68,62.27,417905.263
1668168000,62.27,63.73,58.51,60.2,459278.974
1668182400,60.2,62.01,58.77,60.59,300847.94
1668196800,60.59,61.62,59.69,61.49,118761.909
1668211200,61.49,61.75,59.86,60.24,129709.195
1668225600,60.24,60.39,58.14,59.65,183097.453
1668240000,59.65,60.2,58.79,59.84,146149.363
1668254400,59.84,61.0,59.65,59.95,141998.771
1668268800,59.95,61.0,59.58,60.84,113060.942
1668283200,60.84,61.0,59.37,59.94,54563.507
1668297600,59.94,60.35,59.51,59.96,59506.122
1668312000,59.96,60.06,58.15,58.64,102619.296
1668326400,58.64,58.69,56.81,57.69,171801.609
1668340800,57.69,58.54,57.57,58.2,90364.969
1668355200,58.2,58.34,57.07,57.52,78486.02
1668369600,57.52,57.74,56.23,57.37,83172.798
1668384000,57.37,57.85,55.41,56.09,206323.089
1668398400,56.09,57.73,53.24,57.48,446404.894
1668412800,57.48,58.63,57.25,57.52,258814.159
1668427200,57.52,59.31,56.39,56.91,272423.82
1668441600,56.91,57.01,55.4,55.59,132823.486
1668456000,55.59,56.84,54.85,56.7,138629.723
1668470400,56.7,58.53,56.48,58.02,143157.512
1668484800,58.02,58.29,57.19,58.17,190103.91
1668499200,58.17,58.98,57.9,58.33,109724.79
1668513600,58.33,59.34,58.09,58.98,162210.589
1668528000,58.98,59.54,57.64,58.52,113461.183
1668542400,58.52,58.66,57.65,58.01,67233.478
1668556800,58.01,59.5,57.66,59.16,73046.943
1668571200,59.16,60.19,59.11,59.42,125816.303
1668585600,59.42,59.43,57.41,57.78,186129.78
1668600000,57.78,58.49,56.93,57.1,201437.987
1668614400,57.1,57.94,56.72,57.51,63170.665
1668628800,57.51,57.67,56.89,57.49,59108.665
1668643200,57.49,58.45,57.46,57.72,97472.205
1668657600,57.72,59.65,57.01,59.16,181531.042
1668672000,59.16,60.21,58.27,59.51,223381.408
1668686400,59.51,60.04,58.44,59.11,138022.153
1668700800,59.11,61.23,58.9,60.45,190915.515
1668715200,60.45,63.34,60.44,62.59,293954.62
1668729600,62.59,64.0,62.22,62.67,244093.848
1668744000,62.67,63.0,61.64,61.85,95769.511
1668758400,61.85,63.62,61.7,63.59,135336.505
1668772800,63.59,63.91,62.39,62.66,146876.217
1668787200,62.66,63.04,61.58,62.59,135365.994
1668801600,62.59,63.29,62.16,62.62,63058.652
1668816000,62.62,62.94,61.33,62.22,76989.554
1668830400,62.22,63.74,61.68,63.69,105114.235
1668844800,63.69,64.61,63.0,63.31,141252.722
1668859200,63.31,63.86,62.76,63.16,112245.443
1668873600,63.16,63.49,62.52,63.14,74075.838
1668888000,63.14,64.49,63.07,63.98,76157.862
1668902400,63.98,64.86,63.33,63.57,124259.713
1668916800,63.57,63.98,63.17,63.35,53939.192
1668931200,63.35,63.41,61.15,61.23,190138.523
1668945600,61.23,61.95,60.91,61.91,124600.213
1668960000,61.91,62.49,61.16,62.16,108249.107
1668974400,62.16,62.41,60.37,62.12,136934.559
1668988800,62.12,63.91,59.25,60.42,398502.848
1669003200,60.42,61.45,59.65,60.78,184551.334
1669017600,60.78,60.99,59.71,60.0,104501.027
1669032000,60.0,62.33,59.6,61.59,175616.985
1669046400,61.59,62.15,60.2,60.62,177612.608
1669060800,60.62,62.14,59.59,61.31,178898.999
1669075200,61.31,62.97,61.18,62.56,138666.269
1669089600,62.56,62.75,61.32,61.75,185633.433
1669104000,61.75,62.5,61.07,62.19,213162.812
1669118400,62.19,71.0,62.0,70.35,1148403.073
1669132800,70.35,71.32,68.44,69.06,300289.092
1669147200,69.06,70.75,68.43,70.66,225938.366
1669161600,70.66,83.66,69.61,81.75,974351.301
1669176000,81.75,81.86,78.95,79.68,588569.205
1669190400,79.68,79.98,77.64,78.84,364265.018
1669204800,78.84,81.5,76.44,78.7,524829.206
1669219200,78.7,79.99,75.67,78.25,385304.535
1669233600,78.25,79.91,77.62,79.02,225302.501
1669248000,79.02,79.1,76.11,76.5,313835.394
1669262400,76.5,79.0,75.11,77.63,409273.138
1669276800,77.63,79.52,76.91,77.77,292901.631
1669291200,77.77,78.94,76.36,78.78,298304.317
1669305600,78.78,79.1,77.08,78.44,198156.769
1669320000,78.44,79.5,77.35,78.66,185582.813
1669334400,78.66,79.9,76.08,77.81,293489.481
1669348800,77.81,78.02,74.44,75.49,314688.277
1669363200,75.49,76.66,73.56,76.29,333944.877
1669377600,76.29,77.0,75.6,76.18,161340.574
1669392000,76.18,76.21,73.83,75.22,265827.777
1669406400,75.22,75.61,73.13,74.1,177682.422
1669420800,74.1,76.53,73.89,75.08,251707.605
1669435200,75.08,79.0,74.74,78.47,293246.607
1669449600,78.47,78.9,77.32,77.73,199870.707
1669464000,77.73,79.65,75.85,76.41,306521.095
1669478400,76.41,76.85,75.58,76.55,126585.456
1669492800,76.55,77.29,75.63,76.47,96119.55
1669507200,76.47,78.06,76.38,77.67,187936.287
1669521600,77.67,78.29,76.07,76.85,176990.186
1669536000,76.85,79.32,76.52,77.44,216828.495
1669550400,77.44,78.04,76.13,76.4,155781.747
1669564800,76.4,76.88,74.3,75.2,130122.654
1669579200,75.2,76.29,74.15,74.92,127338.222
1669593600,74.92,75.34,71.25,72.47,503529.447
1669608000,72.47,72.62,70.7,72.09,233249.563
1669622400,72.09,72.77,71.4,72.44,117185.515
1669636800,72.44,72.83,70.78,71.16,174501.599
1669651200,71.16,74.97,70.53,74.04,309451.707
1669665600,74.04,74.52,72.75,73.97,136311.0
1669680000,73.97,76.5,73.4,75.76,314930.647
1669694400,75.76,77.63,75.46,76.13,247949.087
1669708800,76.13,77.26,75.92,76.79,152767.936
1669723200,76.79,77.98,75.28,75.5,193731.735
1669737600,75.5,77.71,74.63,76.64,191309.921
1669752000,76.64,77.42,75.62,75.8,114159.233
1669766400,75.8,80.88,75.42,78.4,357059.098
1669780800,78.4,78.83,77.75,78.12,104764.683
1669795200,78.12,78.73,77.24,78.54,125040.141
1669809600,78.54,78.69,77.13,77.64,151868.936
1669824000,77.64,79.2,76.14,78.11,207099.242
1669838400,78.11,80.2,77.59,79.16,162768.192
1669852800,79.16,80.66,76.45,77.49,231841.781
1669867200,77.49,77.68,76.31,76.87,121018.151
1669881600,76.87,77.51,76.76,77.35,77848.376
1669896000,77.35,79.15,76.27,77.09,347193.601
1669910400,77.09,77.97,76.53,77.67,102628.997
1669924800,77.67,78.48,77.15,77.57,87713.45
1669939200,77.57,77.68,75.34,75.99,148359.633
1669953600,75.99,76.88,75.55,76.51,78576.71
1669968000,76.51,77.05,76.18,76.81,69422.47
1669982400,76.81,77.08,75.39,76.26,158743.842
1669996800,76.26,77.09,76.21,77.02,63860.965
1670011200,77.02,78.09,76.8,77.94,63077.73
1670025600,77.94,78.13,76.76,77.13,78464.411
1670040000,77.13,77.51,76.66,76.91,77270.733
1670054400,76.91,77.1,75.87,77.03,92595.866
1670068800,77.03,77.1,76.4,76.45,57933.935
1670083200,76.45,76.52,75.68,76.01,53780.988
1670097600,76.01,77.0,75.44,76.47,72535.698
1670112000,76.47,77.33,76.39,76.57,72089.623
1670126400,76.57,77.09,76.34,76.45,44953.109
1670140800,76.45,76.72,75.88,76.11,65029.757
1670155200,76.11,76.59,75.79,76.38,79491.943
1670169600,76.38,77.0,75.92,76.94,62257.55
1670184000,76.94,77.51,76.61,77.07,67176.306
1670198400,77.07,78.63,76.82,77.86,145218.129
1670212800,77.86,85.0,77.83,83.33,658013.732
1670227200,83.33,84.02,82.61,83.29,206586.486
1670241600,83.29,84.78,81.21,81.76,329367.889
1670256000,81.76,82.0,79.75,80.19,250300.438
1670270400,80.19,80.63,79.38,80.19,108826.165
1670284800,80.19,81.77,80.08,81.24,152602.824
1670299200,81.24,81.34,79.95,80.36,101030.075
1670313600,80.36,80.67,78.58,79.6,157202.949
1670328000,79.6,79.9,78.25,79.49,161528.778
1670342400,79.49,79.79,77.67,77.88,126821.97
1670356800,77.88,80.14,77.85,79.88,103594.496
1670371200,79.88,80.23,79.05,79.21,96819.257
1670385600,79.21,80.4,75.72,76.66,283152.908
1670400000,76.66,77.3,75.5,76.08,202827.782
1670414400,76.08,77.2,75.87,76.7,137865.252
1670428800,76.7,77.34,76.18,77.0,80918.359
1670443200,77.0,77.33,76.55,76.89,63094.256
1670457600,76.89,77.27,75.75,76.52,99570.713
1670472000,76.52,76.72,74.5,75.65,202873.53
1670486400,75.65,75.9,74.59,75.8,119669.233
1670500800,75.8,76.55,75.32,76.05,167268.748
1670515200,76.05,77.85,75.09,77.45,223232.125
1670529600,77.45,78.75,77.05,78.27,99171.422
1670544000,78.27,78.85,77.6,78.03,125686.249
1670558400,78.03,78.31,77.65,77.94,61316.029
1670572800,77.94,78.7,77.56,78.06,115785.033
1670587200,78.06,78.48,76.34,76.86,192627.715
1670601600,76.86,76.92,76.08,76.25,62777.06
1670616000,76.25,76.5,75.84,76.31,63729.082
1670630400,76.31,76.81,75.9,76.54,49598.297
1670644800,76.54,76.84,76.24,76.38,40839.954
1670659200,76.38,76.61,75.64,76.5,50498.74
1670673600,76.5,77.4,76.15,77.3,69621.704
1670688000,77.3,77.46,76.52,76.74,43715.901
1670702400,76.74,76.75,76.13,76.36,46909.687
1670716800,76.36,78.0,76.33,77.4,73571.088
1670731200,77.4,77.8,77.01,77.51,40063.472
1670745600,77.51,77.57,77.09,77.26,28379.173
1670760000,77.26,77.74,77.11,77.44,47317.305
1670774400,77.44,78.42,77.22,78.06,78073.721
1670788800,78.06,78.11,76.28,76.5,80825.487
1670803200,76.5,76.71,73.85,74.45,167765.12
1670817600,74.45,74.61,73.49,73.9,117789.43
1670832000,73.9,74.93,73.54,74.82,100694.258
1670846400,74.82,75.28,74.19,75.04,133576.769
1670860800,75.04,75.16,74.7,74.94,41170.082
1670875200,74.94,76.62,74.88,76.23,95097.993
1670889600,76.23,77.33,75.83,76.88,98418.343
1670904000,76.88,77.11,73.96,75.06,229108.271
1670918400,75.06,77.04,74.98,76.9,175410.455
1670932800,76.9,79.84,76.29,78.08,337119.927
1670947200,78.08,78.45,76.69,77.41,133640.902
1670961600,77.41,77.76,77.04,77.39,44456.04
1670976000,77.39,78.81,77.36,78.33,64776.792
1670990400,78.33,78.52,77.81,78.32,82443.825
1671004800,78.32,78.73,77.94,78.13,43620.344
1671019200,78.13,79.11,78.05,78.4,120750.498
1671033600,78.4,78.57,74.2,75.78,498768.669
1671048000,75.78,76.25,75.01,75.3,101552.001
1671062400,75.3,75.47,73.5,74.83,163880.065
1671076800,74.83,75.34,74.42,74.76,73786.192
1671091200,74.76,74.99,74.25,74.66,60672.416
1671105600,74.66,74.75,73.01,73.99,117087.273
1671120000,73.99,74.04,72.0,72.74,113436.631
1671134400,72.74,73.1,71.7,72.42,69994.397
1671148800,72.42,73.48,72.23,73.27,55564.884
1671163200,73.27,73.56,72.71,73.23,57559.999
1671177600,73.23,73.33,68.0,69.2,427036.365
1671192000,69.2,69.43,67.5,68.49,217702.847
1671206400,68.49,68.58,66.68,68.1,204963.085
1671220800,68.1,68.48,65.0,66.25,197834.762
1671235200,66.25,67.7,65.69,66.33,298082.781
1671249600,66.33,66.99,62.51,64.99,463348.369
1671264000,64.99,65.22,63.01,63.41,211818.317
1671278400,63.41,64.58,63.17,64.25,166730.544
1671292800,64.25,64.26,63.12,63.73,99936.889
1671307200,63.73,65.16,63.43,64.89,104702.207
1671321600,64.89,65.07,64.21,64.93,78986.033
1671336000,64.93,65.96,64.43,64.43,143206.364
1671350400,64.43,64.69,63.03,63.84,156812.508
1671364800,63.84,64.49,63.52,63.61,91980.164
1671379200,63.61,64.94,63.53,64.54,87552.34
1671393600,64.54,65.21,64.18,64.37,80571.175
1671408000,64.37,65.02,61.54,62.63,209091.352
1671422400,62.63,63.14,62.33,63.04,107269.749
1671436800,63.04,63.93,62.93,63.53,94006.973
1671451200,63.53,63.86,62.88,63.14,116263.645
1671465600,63.14,63.2,61.6,62.27,182932.387
1671480000,62.27,63.82,61.04,63.37,156508.816
1671494400,63.37,65.76,63.08,64.83,227494.225
1671508800,64.83,65.92,64.67,64.9,157261.092
1671523200,64.9,65.65,64.7,64.99,113684.387
1671537600,64.99,65.65,64.22,65.03,148235.357
1671552000,65.03,66.35,64.5,65.27,145091.911
1671566400,65.27,66.03,65.13,65.55,58997.043
1671580800,65.55,66.84,65.13,65.52,195149.084
1671595200,65.52,65.56,64.61,65.03,80723.058
1671609600,65.03,65.7,64.64,65.55,64359.851
1671624000,65.55,66.02,65.1,65.83,109653.762
1671638400,65.83,65.89,65.11,65.58,80249.478
1671652800,65.58,65.78,65.23,65.4,43148.2
1671667200,65.4,65.6,64.9,65.5,40393.448
1671681600,65.5,66.4,65.41,66.26,75055.552
1671696000,66.26,66.7,66.02,66.31,75515.0
1671710400,66.31,66.55,64.5,64.63,134500.801
1671724800,64.63,65.33,64.24,65.28,95723.359
1671739200,65.28,66.24,65.12,66.21,84594.651
1671753600,66.21,66.72,65.96,66.2,71619.912
1671768000,66.2,66.37,65.76,66.05,63527.266
1671782400,66.05,66.12,65.51,65.96,65324.454
1671796800,65.96,66.22,64.91,65.64,121222.704
1671811200,65.64,65.73,65.39,65.7,35744.908
1671825600,65.7,65.87,65.39,65.75,29707.369
1671840000,65.75,65.82,65.34,65.69,27255.546
1671854400,65.69,65.71,65.06,65.53,49338.326
1671868800,65.53,65.64,65.23,65.54,40957.589
1671883200,65.54,65.8,65.5,65.77,37989.138
1671897600,65.77,66.05,65.75,65.83,39169.191
1671912000,65.83,65.93,65.57,65.76,24110.586
1671926400,65.76,66.02,65.68,65.8,27941.893
1671940800,65.8,65.87,65.48,65.69,19632.273
1671955200,65.69,66.02,65.68,65.83,30114.345
1671969600,65.83,66.49,65.3,65.94,91811.212
1671984000,65.94,67.55,65.69,67.33,107828.254
1671998400,67.33,69.72,66.87,69.15,286157.639
1672012800,69.15,69.44,68.6,69.12,107315.077
1672027200,69.12,69.56,68.8,68.91,77859.379
1672041600,68.91,71.83,68.58,70.53,286568.128
1672056000,70.53,70.83,69.74,69.9,116891.938
1672070400,69.9,70.55,69.71,70.21,82644.116
1672084800,70.21,70.87,69.8,70.78,53467.365
1672099200,70.78,71.14,70.1,70.45,73134.311
1672113600,70.45,70.49,69.94,70.29,87596.647
1672128000,70.29,70.76,69.56,70.23,105178.312
1672142400,70.23,70.23,69.14,69.9,137602.679
1672156800,69.9,70.35,67.77,68.26,233816.054
1672171200,68.26,68.91,67.8,68.67,51206.196
1672185600,68.67,69.48,67.79,68.45,119492.184
1672200000,68.45,68.72,67.06,67.58,173086.328
1672214400,67.58,67.87,67.08,67.43,78747.392
1672228800,67.43,68.35,67.11,67.39,124846.242
1672243200,67.39,67.68,66.7,67.11,100308.389
1672257600,67.11,67.38,65.69,66.32,96689.151
1672272000,66.32,66.77,65.57,66.38,101341.238
1672286400,66.38,66.59,65.81,66.21,70968.607
1672300800,66.21,67.08,65.84,66.83,82750.927
1672315200,66.83,67.3,66.55,67.0,102599.085
1672329600,67.0,67.1,66.23,66.45,59556.897
1672344000,66.45,66.95,66.0,66.66,81090.902
1672358400,66.66,67.62,66.45,67.15,72552.281
1672372800,67.15,67.24,66.04,66.45,83532.612
1672387200,66.45,66.92,66.24,66.61,52877.676
1672401600,66.61,67.92,66.32,67.83,101791.018
1672416000,67.83,68.28,67.47,67.9,96047.042
1672430400,67.9,68.72,67.69,67.94,69704.126
1672444800,67.94,68.37,67.62,68.01,49785.557
1672459200,68.01,68.06,67.71,68.0,37302.993
1672473600,68.0,68.49,67.92,68.43,55240.3
1672488000,68.43,71.12,68.22,70.08,309141.492
1672502400,70.08,70.42,69.79,70.15,59994.372
1672516800,70.15,70.53,69.71,70.14,52529.783
1672531200,70.14,70.24,69.14,69.46,89455.444
1672545600,69.46,69.55,68.91,69.51,37094.745
1672560000,69.51,70.65,69.38,70.22,95368.842
1672574400,70.22,70.53,69.56,70.37,72768.486
1672588800,70.37,71.55,70.17,70.93,129946.741
1672603200,70.93,71.48,70.53,70.91,73190.166
1672617600,70.91,71.11,70.0,70.9,93184.991
1672632000,70.9,77.96,70.19,74.8,271536.834
1672646400,74.8,76.03,74.46,75.29,309728.526
1672660800,75.29,77.09,75.06,75.16,196919.356
1672675200,75.16,75.35,74.34,74.99,113730.906
1672689600,74.99,75.67,74.68,74.74,71894.668
1672704000,74.74,75.79,74.44,75.56,97520.338
1672718400,75.56,76.52,75.19,75.98,133811.019
1672732800,75.98,76.1,75.18,75.44,104218.47
1672747200,75.44,75.72,73.62,74.67,200948.238
1672761600,74.67,75.91,74.32,75.13,144075.312
1672776000,75.13,75.71,75.08,75.57,45224.724
1672790400,75.57,77.99,75.33,77.51,230334.471
1672804800,77.51,77.63,76.44,76.66,112389.987
1672819200,76.66,76.93,75.95,76.18,73180.259
1672833600,76.18,76.48,74.79,76.2,139018.741
1672848000,76.2,76.67,74.33,75.25,160539.04
1672862400,75.25,75.57,74.32,75.46,57735.295
1672876800,75.46,75.98,74.85,75.74,84432.519
1672891200,75.74,76.27,74.9,75.28,89712.81
1672905600,75.28,75.33,74.5,75.04,83133.936
1672920000,75.04,75.1,73.53,74.37,152901.481
1672934400,74.37,75.02,73.69,74.84,93902.327
1672948800,74.84,75.3,73.97,74.25,58003.095
1672963200,74.25,75.51,73.82,74.23,111699.784
1672977600,74.23,74.45,72.42,73.28,195689.534
1672992000,73.28,73.96,72.58,73.72,97851.844
1673006400,73.72,75.41,73.39,75.23,198540.501
1673020800,75.23,76.06,74.97,75.88,103376.512
1673035200,75.88,76.58,75.35,75.91,90661.8
1673049600,75.91,76.65,75.57,76.15,98675.097
1673064000,76.15,76.18,75.56,76.06,63019.197
1673078400,76.06,76.87,75.76,75.81,66967.177
1673092800,75.81,76.07,75.47,75.93,56520.331
1673107200,75.93,76.65,75.69,76.43,53892.615
1673121600,76.43,76.69,76.14,76.4,49613.224
1673136000,76.4,76.5,75.08,75.74,69106.995
1673150400,75.74,75.97,75.45,75.81,40241.496
1673164800,75.81,76.75,75.69,76.11,155240.242
1673179200,76.11,76.85,75.65,76.72,91304.244
1673193600,76.72,77.32,75.54,75.91,96791.555
1673208000,75.91,78.98,75.84,78.68,174194.65
1673222400,78.68,83.05,78.09,82.03,375464.368
1673236800,82.03,82.89,81.55,82.33,191944.864
1673251200,82.33,83.45,81.65,81.72,165806.067
1673265600,81.72,83.61,80.99,82.89,183702.593
1673280000,82.89,83.45,81.5,81.52,146546.126
1673294400,81.52,82.12,80.56,81.62,115836.899
1673308800,81.62,82.85,80.05,81.18,174613.325
1673323200,81.18,81.62,80.87,81.03,97985.537
1673337600,81.03,81.34,80.1,80.19,168618.667
1673352000,80.19,81.38,79.43,80.86,227086.345
1673366400,80.86,82.3,80.19,82.0,81666.706
1673380800,82.0,82.05,80.59,80.83,97954.756
1673395200,80.83,81.51,79.88,80.46,115846.607
1673409600,80.46,83.96,80.29,83.04,222063.008
1673424000,83.04,83.09,81.63,82.18,116658.02
1673438400,82.18,82.38,80.51,80.8,149034.217
1673452800,80.8,83.47,80.42,82.96,173938.626
1673467200,82.96,85.0,82.15,84.08,191135.591
1673481600,84.08,87.7,83.44,84.74,285476.957
1673496000,84.74,84.86,83.41,84.23,139388.694
1673510400,84.23,84.27,83.1,83.96,103838.107
1673524800,83.96,85.65,81.0,83.16,457124.949
1673539200,83.16,86.66,82.69,85.21,292096.762
1673553600,85.21,86.25,84.74,86.09,149350.628
1673568000,86.09,86.83,84.42,85.33,130233.584
1673582400,85.33,85.61,84.23,84.49,91517.402
1673596800,84.49,85.42,84.21,84.56,100795.93
1673611200,84.56,85.38,83.59,85.13,173599.923
1673625600,85.13,85.28,83.6,84.85,159237.384
1673640000,84.85,87.99,84.4,86.23,235904.334
1673654400,86.23,91.0,85.92,88.34,596173.472
1673668800,88.34,91.0,88.09,89.83,323463.073
1673683200,89.83,91.23,86.17,87.82,374816.022
1673697600,87.82,89.34,86.9,88.64,229664.81
1673712000,88.64,88.97,86.88,87.26,165989.625
1673726400,87.26,88.25,87.15,87.84,57087.879
1673740800,87.84,88.12,85.21,86.95,142697.79
1673755200,86.95,87.31,86.16,86.89,59745.521
1673769600,86.89,88.26,85.55,87.74,108271.265
1673784000,87.74,88.68,87.14,88.4,136741.915
1673798400,88.4,88.57,87.06,88.06,93404.308
1673812800,88.06,88.29,87.09,87.37,45766.468
1673827200,87.37,89.16,87.14,87.36,153835.552
1673841600,87.36,88.27,86.6,87.14,109849.479
1673856000,87.14,87.15,83.91,85.82,209264.558
1673870400,85.82,86.46,84.2,86.19,130742.638
1673884800,86.19,87.7,85.84,87.05,77013.256
1673899200,87.05,87.48,85.68,85.91,69368.624
1673913600,85.91,86.63,84.52,85.25,99561.424
1673928000,85.25,86.14,85.01,85.86,49263.661
1673942400,85.86,88.5,85.53,87.96,134408.743
1673956800,87.96,88.4,85.94,86.32,226573.03
1673971200,86.32,89.39,85.91,87.2,158410.384
1673985600,87.2,88.13,86.62,87.02,72452.206
1674000000,87.02,88.4,86.83,87.97,102859.513
1674014400,87.97,88.0,87.18,87.49,63796.586
1674028800,87.49,87.55,85.7,86.31,110322.312
1674043200,86.31,87.85,84.03,84.96,187496.734
1674057600,84.96,85.7,82.11,84.3,302333.077
1674072000,84.3,85.54,82.44,82.62,169033.782
1674086400,82.62,83.34,82.32,83.1,105638.061
1674100800,83.1,83.85,83.09,83.14,58791.954
1674115200,83.14,83.53,82.37,82.54,75343.996
1674129600,82.54,83.81,81.67,83.45,128640.907
1674144000,83.45,84.39,83.15,84.21,70865.316
1674158400,84.21,84.57,83.74,84.21,45044.107
1674172800,84.21,84.91,83.65,84.16,89315.222
1674187200,84.16,84.35,83.0,83.56,62955.304
1674201600,83.56,84.7,83.4,84.38,92400.252
1674216000,84.38,84.98,84.27,84.81,84475.355
1674230400,84.81,88.0,84.81,87.48,161067.551
1674244800,87.48,91.42,87.42,90.28,267210.763
1674259200,90.28,90.69,89.13,90.01,119911.489
1674273600,90.01,90.92,89.46,90.1,60205.264
1674288000,90.1,92.1,88.12,89.07,218756.714
1674302400,89.07,89.67,88.2,88.74,106224.087
1674316800,88.74,91.0,88.3,90.28,136242.749
1674331200,90.28,90.54,87.57,87.91,79280.694
1674345600,87.91,88.66,87.03,88.41,70731.126
1674360000,88.41,89.4,88.16,88.67,64237.611
1674374400,88.67,89.33,88.18,88.82,95229.435
1674388800,88.82,90.05,87.85,88.75,102496.096
1674403200,88.75,89.77,88.11,88.57,72462.769
1674417600,88.57,88.79,86.07,87.58,96613.004
1674432000,87.58,88.57,87.53,87.87,55101.18
1674446400,87.87,88.69,87.55,87.77,42513.826
1674460800,87.77,92.19,87.51,92.01,197124.366
1674475200,92.01,93.2,89.11,90.41,237753.586
1674489600,90.41,90.73,89.0,89.38,110314.047
1674504000,89.38,90.65,89.32,89.9,48400.969
1674518400,89.9,91.1,89.58,90.73,115252.026
1674532800,90.73,91.22,90.43,90.61,45604.164
1674547200,90.61,91.45,89.75,89.99,77750.494
1674561600,89.99,90.5,88.88,89.78,88049.196
1674576000,89.78,90.09,88.35,89.68,59099.956
1674590400,89.68,89.72,86.0,87.19,113931.508
1674604800,87.19,87.69,85.53,87.55,109059.692
1674619200,87.55,88.29,87.4,87.8,44133.037
1674633600,87.8,88.01,87.0,87.18,47556.06
1674648000,87.18,88.25,86.52,87.31,93738.474
1674662400,87.31,88.52,87.24,88.46,59209.598
1674676800,88.46,91.93,88.1,89.38,175612.286
1674691200,89.38,89.96,88.82,89.33,63474.313
1674705600,89.33,89.85,88.73,88.95,69068.12
1674720000,88.95,89.24,87.85,88.36,58562.282
1674734400,88.36,89.8,87.42,87.81,130485.029
1674748800,87.81,88.33,86.9,87.96,74200.242
1674763200,87.96,87.97,86.82,87.52,80200.348
1674777600,87.52,87.73,85.81,86.9,96206.967
1674792000,86.9,87.95,86.79,87.94,47642.774
1674806400,87.94,88.18,87.17,87.7,58385.421
1674820800,87.7,87.92,86.62,87.37,77030.813
1674835200,87.37,88.66,87.28,88.62,59700.087
1674849600,88.62,89.23,87.87,88.89,79884.064
1674864000,88.89,89.96,88.41,89.42,72321.828
1674878400,89.42,89.82,88.34,88.7,60158.56
1674892800,88.7,88.86,88.05,88.53,45804.626
1674907200,88.53,88.57,86.96,87.98,109353.72
1674921600,87.98,88.55,87.84,88.23,34327.614
1674936000,88.23,89.9,87.86,89.67,70080.333
1674950400,89.67,96.63,89.65,94.58,549169.304
1674964800,94.58,95.53,94.31,94.4,136815.117
1674979200,94.4,95.85,94.39,95.24,128976.842
1674993600,95.24,96.75,94.26,95.31,182322.924
1675008000,95.31,97.77,94.66,97.14,163457.744
1675022400,97.14,97.77,94.83,94.84,107589.079
1675036800,94.84,96.06,94.35,95.2,130621.196
1675051200,95.2,95.43,93.36,93.89,99489.195
1675065600,93.89,94.2,91.02,92.3,311073.271
1675080000,92.3,93.84,91.5,92.19,204301.839
1675094400,92.19,92.8,88.3,89.98,154472.133
1675108800,89.98,91.44,88.76,91.37,87180.593
1675123200,91.37,96.28,91.31,95.29,475024.629
1675137600,95.29,96.1,93.97,94.71,160839.065
1675152000,94.71,95.11,92.85,93.88,103256.127
1675166400,93.88,95.49,93.37,95.0,147740.949
1675180800,95.0,95.1,94.1,94.42,78436.624
1675195200,94.42,94.73,92.6,94.09,80609.608
1675209600,94.09,97.59,93.73,96.87,352596.506
1675224000,96.87,98.32,95.85,96.12,246201.296
1675238400,96.12,96.38,95.02,95.93,95234.584
1675252800,95.93,96.23,93.9,94.23,124965.46
1675267200,94.23,99.28,93.76,98.21,243782.471
1675281600,98.21,102.53,97.39,100.33,261643.814
1675296000,100.33,102.34,99.78,100.83,168452.913
1675310400,100.83,101.36,99.8,99.95,102398.678
1675324800,99.95,100.62,99.55,100.29,67963.897
1675339200,100.29,100.8,98.43,100.44,176795.674
1675353600,100.44,101.74,99.43,100.02,123171.658
1675368000,100.02,100.6,97.92,98.64,91751.235
1675382400,98.64,100.51,98.15,98.94,108494.051
1675396800,98.94,99.44,97.87,98.04,82254.41
1675411200,98.04,99.07,97.68,98.95,71931.064
1675425600,98.95,99.67,97.48,99.15,159058.361
1675440000,99.15,100.76,99.09,99.3,86310.222
1675454400,99.3,100.36,98.78,99.86,60889.979
1675468800,99.86,101.36,98.73,98.8,121981.099
1675483200,98.8,99.24,98.51,99.13,60736.229
1675497600,99.13,99.18,98.29,99.07,41008.419
1675512000,99.07,100.0,98.77,99.74,57508.939
1675526400,99.74,100.07,99.15,99.4,41685.533
1675540800,99.4,99.66,98.23,98.51,34161.342
1675555200,98.51,98.89,97.7,98.67,53644.402
1675569600,98.67,98.77,98.25,98.73,40471.723
1675584000,98.73,98.84,97.87,97.93,52081.06
1675598400,97.93,98.06,96.2,96.77,118184.86
1675612800,96.77,97.7,95.11,95.53,98054.243
1675627200,95.53,96.67,94.86,96.63,55245.987
1675641600,96.63,97.11,95.53,95.85,57773.484
1675656000,95.85,96.53,94.81,96.46,51616.836
1675670400,96.46,97.0,95.46,96.57,62904.507
1675684800,96.57,97.3,96.0,97.29,67650.389
1675699200,97.29,97.95,96.62,97.88,77455.015
1675713600,97.88,97.96,95.24,95.93,54015.712
1675728000,95.93,99.63,95.89,99.59,167730.11
1675742400,99.59,99.82,98.68,98.84,90730.672
1675756800,98.84,100.48,98.57,99.49,90035.575
1675771200,99.49,99.76,98.19,98.48,93578.743
1675785600,98.48,100.84,98.0,100.2,153985.729
1675800000,100.2,101.58,99.93,100.86,76643.645
1675814400,100.86,101.85,100.53,101.52,96364.478
1675828800,101.52,102.41,100.93,101.49,80040.094
1675843200,101.49,101.59,100.8,101.29,71998.065
1675857600,101.29,101.69,98.63,98.75,129604.827
1675872000,98.75,99.54,96.86,98.93,134202.046
1675886400,98.93,99.34,97.8,99.22,47630.254
1675900800,99.22,99.49,95.26,95.93,172341.919
1675915200,95.93,97.2,95.33,96.77,117680.69
1675929600,96.77,97.0,95.9,96.6,78194.54
1675944000,96.6,97.5,96.06,96.41,82400.996
1675958400,96.41,96.74,90.89,91.73,225290.432
1675972800,91.73,92.51,89.78,92.05,254408.981
1675987200,92.05,92.7,91.58,92.1,134605.711
1676001600,92.1,93.55,91.42,93.02,129054.139
1676016000,93.02,93.08,91.46,91.72,74398.237
1676030400,91.72,92.74,90.99,92.02,129499.981
1676044800,92.02,94.17,91.08,94.1,114086.811
1676059200,94.1,94.17,92.52,93.34,59648.806
1676073600,93.34,94.71,92.91,94.63,89314.105
1676088000,94.63,94.81,93.57,93.93,50631.019
1676102400,93.93,94.14,93.27,93.73,40118.784
1676116800,93.73,94.29,92.63,93.73,100644.427
1676131200,93.73,94.06,93.02,93.92,39032.435
1676145600,93.92,94.83,93.74,94.28,39802.406
1676160000,94.28,94.57,93.49,93.49,27623.387
1676174400,93.49,93.73,92.88,93.12,45082.972
1676188800,93.12,93.95,92.98,93.54,54140.673
1676203200,93.54,94.03,92.98,93.55,45851.675
1676217600,93.55,94.48,93.25,94.03,46857.831
1676232000,94.03,94.2,90.88,92.51,87041.664
1676246400,92.51,95.0,91.93,93.06,102999.134
1676260800,93.06,93.72,92.57,92.99,64534.504
1676275200,92.99,93.4,89.49,90.85,287159.444
1676289600,90.85,91.5,90.58,90.99,89094.469
1676304000,90.99,91.5,88.16,89.85,130817.61
1676318400,89.85,91.31,88.98,91.05,65596.437
1676332800,91.05,91.26,90.32,90.55,34834.818
1676347200,90.55,91.5,90.46,91.48,29868.311
1676361600,91.48,92.1,90.84,91.76,65094.037
1676376000,91.76,95.62,90.6,94.73,316355.536
1676390400,94.73,95.96,94.04,95.44,100666.899
1676404800,95.44,95.87,94.73,95.82,75273.03
1676419200,95.82,95.98,95.04,95.53,48997.562
1676433600,95.53,97.19,95.4,96.0,112746.964
1676448000,96.0,97.89,95.86,97.45,82774.073
1676462400,97.45,98.51,96.95,97.41,220157.444
1676476800,97.41,99.4,96.89,99.36,85980.663
1676491200,99.36,103.28,98.98,102.82,213779.555
1676505600,102.82,103.86,101.57,101.98,115963.219
1676520000,101.98,102.48,100.54,101.16,106151.93
1676534400,101.16,101.84,100.83,101.28,47626.408
1676548800,101.28,103.72,100.39,103.52,133715.175
1676563200,103.52,105.71,101.56,102.69,155270.204
1676577600,102.69,102.93,98.48,98.55,128782.258
1676592000,98.55,100.66,98.19,99.84,117872.583
1676606400,99.84,100.4,99.25,99.48,73967.457
1676620800,99.48,99.97,99.16,99.43,67253.329
1676635200,99.43,100.27,98.34,99.4,109942.284
1676649600,99.4,101.15,98.42,100.94,110030.653
1676664000,100.94,101.7,98.62,100.12,90518.972
1676678400,100.12,101.94,100.01,100.84,101218.855
1676692800,100.84,101.56,100.42,101.08,64452.292
1676707200,101.08,101.12,99.0,99.07,114060.853
1676721600,99.07,100.26,98.93,100.16,71121.362
1676736000,100.16,100.61,99.56,99.6,54374.266
1676750400,99.6,99.9,99.01,99.71,29560.568
1676764800,99.71,100.2,99.43,99.79,28942.486
1676779200,99.79,100.63,99.08,99.28,69899.333
1676793600,99.28,99.75,98.83,99.36,58696.877
1676808000,99.36,100.55,99.27,100.44,73027.594
1676822400,100.44,101.5,97.33,97.99,146906.381
1676836800,97.99,98.58,96.72,97.43,56490.485
1676851200,97.43,98.29,95.58,97.74,92959.534
1676865600,97.74,98.36,97.35,97.83,75474.806
1676880000,97.83,98.72,96.91,97.62,286324.173
1676894400,97.62,97.72,95.66,96.91,228053.082
1676908800,96.91,96.93,94.39,94.89,165684.859
1676923200,94.89,96.13,94.67,95.9,86785.069
1676937600,95.9,96.81,95.73,96.04,79353.462
1676952000,96.04,96.37,95.27,95.95,100239.265
1676966400,95.95,96.79,92.43,93.18,201442.416
1676980800,93.18,94.0,92.15,93.42,184966.093
1676995200,93.42,94.32,92.51,93.81,89287.282
1677009600,93.81,93.88,91.42,93.8,84387.496
1677024000,93.8,95.17,92.42,95.02,137058.579
1677038400,95.02,95.27,93.62,95.08,119839.633
1677052800,95.08,95.56,93.7,95.01,147896.334
1677067200,95.01,95.03,91.57,91.94,136882.668
1677081600,91.94,94.24,91.93,93.7,95260.214
1677096000,93.7,95.3,93.43,95.28,56194.565
1677110400,95.28,96.28,94.83,95.62,76210.906
1677124800,95.62,95.9,94.6,95.18,71633.412
1677139200,95.18,95.77,93.31,93.73,119335.947
1677153600,93.73,95.59,93.59,94.39,123057.87
1677168000,94.39,94.95,93.69,94.43,57384.012
1677182400,94.43,94.93,93.72,94.59,26608.699
1677196800,94.59,95.28,94.24,94.3,53929.325
1677211200,94.3,94.54,93.67,93.99,51180.081
1677225600,93.99,94.37,93.1,93.84,50530.73
1677240000,93.84,94.19,91.6,91.84,119645.615
1677254400,91.84,92.11,90.0,91.6,168237.692
1677268800,91.6,92.06,90.29,91.55,57852.437
1677283200,91.55,92.06,90.97,91.5,76472.08
1677297600,91.5,92.06,91.06,91.98,44807.234
1677312000,91.98,92.5,91.43,92.23,63748.07
1677326400,92.23,92.26,91.24,91.48,63712.131
1677340800,91.48,92.64,91.41,92.07,89604.756
1677355200,92.07,93.51,90.34,93.15,88003.38
1677369600,93.15,93.78,92.77,93.6,62965.263
1677384000,93.6,94.3,93.47,94.01,51377.515
1677398400,94.01,94.21,93.64,93.87,41686.783
1677412800,93.87,94.37,93.66,94.01,58809.469
1677427200,94.01,95.3,93.66,95.12,65319.501
1677441600,95.12,95.54,94.08,95.27,63497.548
1677456000,95.27,95.74,94.53,94.87,59896.777
1677470400,94.87,94.88,94.13,94.3,51819.292
1677484800,94.3,94.52,93.74,94.52,45978.53
1677499200,94.52,96.09,94.31,94.63,96900.237
1677513600,94.63,94.85,92.4,93.17,93468.134
1677528000,93.17,94.15,92.62,94.07,42442.06
1677542400,94.07,94.71,93.77,94.3,33924.788
1677556800,94.3,94.37,93.35,93.37,42307.727
1677571200,93.37,95.07,93.02,95.02,63050.851
1677585600,95.02,95.68,94.7,95.68,86332.845
1677600000,95.68,96.02,94.11,94.57,72733.413
1677614400,94.57,94.8,93.26,93.8,81985.01
1677628800,93.8,96.55,93.56,96.08,125371.979
1677643200,96.08,97.65,95.97,97.4,126515.316
1677657600,97.4,98.37,97.14,97.72,98173.706
1677672000,97.72,98.02,96.9,97.56,95525.663
1677686400,97.56,98.0,96.43,96.65,83263.305
1677700800,96.65,97.86,96.46,97.78,49774.071
1677715200,97.78,98.33,96.69,96.95,84181.576
1677729600,96.95,97.49,96.55,97.32,61932.388
1677744000,97.32,97.84,96.04,96.26,80683.284
1677758400,96.26,96.28,94.29,94.59,125773.425
1677772800,94.59,95.22,93.89,94.93,93473.811
1677787200,94.93,95.5,94.67,95.39,85792.664
1677801600,95.39,95.52,85.3,88.79,493469.656
1677816000,88.79,89.42,88.59,88.98,112901.542
1677830400,88.98,89.26,88.79,88.96,82654.302
1677844800,88.96,89.64,88.45,89.41,119490.294
1677859200,89.41,90.6,89.24,90.12,59909.195
1677873600,90.12,90.74,89.06,90.56,64483.783
1677888000,90.56,90.85,90.12,90.3,45550.162
1677902400,90.3,90.57,89.79,89.87,32356.094
1677916800,89.87,90.25,89.46,89.94,45873.802
1677931200,89.94,90.32,89.55,89.57,51187.441
1677945600,89.57,89.96,88.79,88.84,61609.968
1677960000,88.84,89.39,87.4,89.34,111421.684
1677974400,89.34,91.78,89.18,90.56,107180.636
1677988800,90.56,91.32,90.56,90.75,47190.238
1678003200,90.75,91.02,90.27,90.87,42216.329
1678017600,90.87,91.53,90.47,90.5,78835.362
1678032000,90.5,90.71,89.99,90.12,34575.172
1678046400,90.12,90.75,89.51,89.93,48381.254
1678060800,89.93,90.63,88.36,88.97,109179.032
1678075200,88.97,89.23,87.76,88.02,120709.569
1678089600,88.02,88.39,87.12,87.53,77733.338
1678104000,87.53,89.07,86.4,88.71,180937.852
1678118400,88.71,89.01,87.72,87.94,56691.224
1678132800,87.94,88.03,86.95,87.36,83648.898
1678147200,87.36,88.95,87.26,87.71,79941.39
1678161600,87.71,88.54,87.65,88.19,48706.576
1678176000,88.19,88.25,85.52,85.64,159107.313
1678190400,85.64,86.68,84.0,86.08,202787.857
1678204800,86.08,86.75,85.33,86.04,69409.136
1678219200,86.04,86.44,84.78,86.29,82932.518
1678233600,86.29,86.71,85.13,85.68,64962.667
1678248000,85.68,85.99,84.2,84.67,82382.435
1678262400,84.67,85.52,84.6,85.29,45250.104
1678276800,85.29,85.42,82.67,84.6,230747.731
1678291200,84.6,84.88,82.65,83.4,75287.103
1678305600,83.4,84.11,81.3,82.76,127012.79
1678320000,82.76,83.48,82.19,83.33,92067.745
1678334400,83.33,83.52,82.62,82.85,39590.066
1678348800,82.85,83.87,82.21,83.66,93891.457
1678363200,83.66,84.96,83.21,83.92,126862.43
1678377600,83.92,84.27,80.58,81.08,172293.865
1678392000,81.08,81.13,75.0,76.68,573376.179
1678406400,76.68,76.85,73.67,75.23,251885.036
1678420800,75.23,75.47,72.72,73.53,238305.967
1678435200,73.53,73.62,67.97,69.52,587933.559
1678449600,69.52,72.73,68.75,70.79,550972.724
1678464000,70.79,72.18,70.26,71.66,166614.048
1678478400,71.66,72.36,70.46,71.37,162954.975
1678492800,71.37,73.83,71.18,72.26,312005.017
1678507200,72.26,72.37,65.19,65.69,480084.423
1678521600,65.69,68.35,65.0,67.41,409810.899
1678536000,67.41,67.83,66.45,66.8,189043.654
1678550400,66.8,69.41,66.56,68.47,302717.148
1678564800,68.47,69.55,68.09,69.21,203486.632
1678579200,69.21,69.78,68.31,68.89,155537.835
1678593600,68.89,69.52,68.25,68.51,162403.266
1678608000,68.51,68.81,67.92,68.49,147152.976
1678622400,68.49,68.86,67.39,67.88,180485.301
1678636800,67.88,72.52,67.7,70.98,419098.321
1678651200,70.98,76.42,70.91,76.26,328702.35
1678665600,76.26,79.61,75.42,77.5,379494.053
1678680000,77.5,78.31,77.15,77.94,169511.621
1678694400,77.94,78.04,74.0,75.5,308458.997
1678708800,75.5,83.19,74.6,81.03,680845.715
1678723200,81.03,82.22,80.29,81.25,186806.153
1678737600,81.25,82.58,80.64,81.46,118406.982
1678752000,81.46,81.64,80.36,81.3,114671.911
1678766400,81.3,82.17,79.87,80.18,130896.659
1678780800,80.18,81.03,79.17,80.84,127717.267
1678795200,80.84,88.24,80.51,87.68,590107.848
1678809600,87.68,87.92,82.51,84.19,260230.502
1678824000,84.19,84.58,81.01,83.94,145346.884
1678838400,83.94,85.2,82.58,84.43,169674.426
1678852800,84.43,85.44,83.25,84.1,145050.073
1678867200,84.1,84.14,80.2,81.89,162953.661
1678881600,81.89,83.2,77.5,78.1,330715.313
1678896000,78.1,78.27,75.0,76.2,333323.483
1678910400,76.2,77.23,75.25,76.43,182870.246
1678924800,76.43,78.19,75.58,77.69,161523.151
1678939200,77.69,79.27,76.88,78.83,155042.22
1678953600,78.83,79.87,77.86,79.4,150147.281
1678968000,79.4,79.58,77.35,79.03,141609.932
1678982400,79.03,79.8,77.72,79.05,107603.159
1678996800,79.05,79.21,77.54,78.86,76578.969
1679011200,78.86,81.5,78.16,81.04,142317.896
1679025600,81.04,82.68,80.55,81.79,121532.905
1679040000,81.79,84.8,81.42,84.62,190993.271
1679054400,84.62,84.64,81.02,81.66,225035.562
1679068800,81.66,83.02,81.2,82.83,102281.023
1679083200,82.83,85.57,82.12,85.51,153008.664
1679097600,85.51,87.92,84.42,86.52,247953.611
1679112000,86.52,87.57,85.69,86.44,144125.942
1679126400,86.44,87.0,84.95,86.93,137118.023
1679140800,86.93,87.31,83.01,83.99,211977.072
1679155200,83.99,85.18,81.88,84.28,173600.8
1679169600,84.28,85.02,82.29,83.02,75668.646
1679184000,83.02,84.52,82.97,83.73,72736.924
1679198400,83.73,84.06,82.11,83.0,79381.991
1679212800,83.0,83.67,82.16,83.48,74750.855
1679227200,83.48,85.6,83.27,84.9,122775.148
1679241600,84.9,86.39,84.39,85.35,150071.541
1679256000,85.35,85.63,83.65,83.98,112939.123
1679270400,83.98,84.3,80.72,81.34,229852.178
1679284800,81.34,83.56,80.5,83.28,128414.739
1679299200,83.28,83.63,81.33,81.66,166965.363
1679313600,81.66,82.39,80.94,81.59,137011.843
1679328000,81.59,82.03,78.56,79.69,164076.644
1679342400,79.69,80.89,77.72,78.05,116872.541
1679356800,78.05,79.67,77.79,78.7,115481.494
1679371200,78.7,79.29,76.71,77.43,108045.457
1679385600,77.43,80.97,77.32,80.15,154365.414
1679400000,80.15,83.48,79.74,81.65,271526.424
1679414400,81.65,82.68,80.2,81.44,141615.036
1679428800,81.44,83.28,81.33,82.48,115605.906
1679443200,82.48,82.51,80.81,81.58,112328.515
1679457600,81.58,81.9,80.55,80.92,79942.354
1679472000,80.92,81.1,79.78,80.42,86828.925
1679486400,80.42,81.96,80.11,80.94,204953.85
1679500800,80.94,84.66,79.0,82.6,671784.178
1679515200,82.6,88.31,81.81,87.27,604261.159
1679529600,87.27,89.27,85.58,87.28,375356.836
1679544000,87.28,88.52,86.53,87.91,159677.182
1679558400,87.91,91.88,87.22,90.76,423225.728
1679572800,90.76,94.5,89.11,92.62,479465.141
1679587200,92.62,94.54,91.85,93.81,288326.711
1679601600,93.81,93.95,91.85,93.61,142013.629
1679616000,93.61,94.12,92.37,93.37,123874.44
1679630400,93.37,95.98,93.1,95.17,268754.53
1679644800,95.17,95.65,91.17,91.79,295878.512
1679659200,91.79,92.53,89.9,91.33,216043.657
1679673600,91.33,93.23,89.07,91.43,250867.101
1679688000,91.43,94.0,89.28,93.58,170568.849
1679702400,93.58,94.31,91.82,92.11,158895.534
1679716800,92.11,93.29,91.83,92.72,80190.551
1679731200,92.72,93.87,91.23,93.49,152076.467
1679745600,93.49,93.7,91.87,92.47,110062.49
1679760000,92.47,92.71,90.01,90.22,136986.063
1679774400,90.22,91.67,90.17,91.5,46528.388
1679788800,91.5,94.0,90.54,93.34,137288.461
1679803200,93.34,94.81,93.09,93.48,104904.225
1679817600,93.48,94.37,93.05,93.93,72678.582
1679832000,93.93,94.81,92.21,92.64,159392.945
1679846400,92.64,93.42,92.31,93.02,52126.643
1679860800,93.02,94.41,92.32,93.32,61894.592
1679875200,93.32,93.73,91.74,92.49,65770.622
1679889600,92.49,92.72,90.96,91.84,80136.273
1679904000,91.84,92.67,91.61,92.25,57717.268
1679918400,92.25,94.1,87.66,89.03,357898.362
1679932800,89.03,90.35,87.77,88.56,138192.76
1679947200,88.56,89.5,88.14,89.23,64354.47
1679961600,89.23,89.51,86.01,86.55,198216.032
1679976000,86.55,87.65,85.56,86.84,135195.343
1679990400,86.84,87.87,85.61,87.51,142927.768
1680004800,87.51,87.66,85.76,87.37,196110.552
1680019200,87.37,89.25,86.0,88.92,129772.161
1680033600,88.92,89.59,88.1,89.13,79638.818
1680048000,89.13,90.02,88.93,89.51,100990.344
1680062400,89.51,92.48,89.43,92.04,191207.475
1680076800,92.04,93.0,91.54,92.02,135521.375
1680091200,92.02,92.05,90.02,91.51,134046.639
1680105600,91.51,92.55,90.87,92.4,79563.097
1680120000,92.4,92.49,90.93,91.31,67656.133
1680134400,91.31,93.34,88.3,90.03,255274.592
1680148800,90.03,90.93,89.72,90.64,88839.199
1680163200,90.64,90.8,89.52,90.04,84291.09
1680177600,90.04,90.22,88.87,89.15,120828.795
1680192000,89.15,89.24,86.66,88.33,146891.57
1680206400,88.33,89.56,88.19,89.06,55174.864
1680220800,89.06,90.08,88.48,89.76,75194.567
1680235200,89.76,90.26,87.23,88.17,118572.813
1680249600,88.17,88.61,87.76,88.33,81957.791
1680264000,88.33,90.27,88.16,89.56,126753.871
1680278400,89.56,89.81,88.88,89.75,48415.624
1680292800,89.75,90.21,89.37,89.57,38891.785
1680307200,89.57,94.22,89.34,93.31,226944.092
1680321600,93.31,93.91,92.18,93.47,137934.038
1680336000,93.47,93.74,92.78,93.3,85563.696
1680350400,93.3,94.32,92.58,92.92,124983.177
1680364800,92.92,93.18,91.75,92.44,64621.292
1680379200,92.44,93.13,92.08,92.57,47284.953
1680393600,92.57,93.99,92.31,92.56,86726.638
1680408000,92.56,94.55,92.38,94.2,104177.08
1680422400,94.2,94.25,93.23,93.59,65783.647
1680436800,93.59,94.58,91.11,92.53,171811.292
1680451200,92.53,93.18,90.36,90.89,135327.645
1680465600,90.89,93.27,90.58,92.77,77402.329
1680480000,92.77,93.5,90.4,90.95,127659.682
1680494400,90.95,91.88,90.65,91.76,69850.696
1680508800,91.76,93.37,91.71,92.61,107678.888
1680523200,92.61,93.35,91.14,91.92,111876.773
1680537600,91.92,95.9,91.33,93.43,252024.822
1680552000,93.43,93.6,89.51,92.97,240163.128
1680566400,92.97,93.55,92.01,92.25,81272.604
1680580800,92.25,92.77,91.57,92.1,72859.27
1680595200,92.1,94.12,91.77,93.65,119370.129
1680609600,93.65,94.05,92.27,92.67,116623.265
1680624000,92.67,93.36,92.49,92.83,57056.694
1680638400,92.83,93.31,92.0,92.58,58189.358
1680652800,92.58,94.41,91.83,93.85,126858.981
1680667200,93.85,95.05,93.59,94.89,107934.539
1680681600,94.89,94.99,94.27,94.67,99050.102
1680696000,94.67,94.89,91.11,92.14,226839.337
1680710400,92.14,92.91,91.45,92.69,76559.662
1680724800,92.69,92.87,92.06,92.64,52983.579
1680739200,92.64,92.65,91.17,92.48,66735.639
1680753600,92.48,92.5,90.89,90.97,63518.07
1680768000,90.97,91.56,89.82,90.87,118338.494
1680782400,90.87,91.49,90.44,91.19,69448.575
1680796800,91.19,91.5,90.57,90.92,38260.87
1680811200,90.92,91.18,90.42,90.97,29090.709
1680825600,90.97,91.48,90.53,90.78,43809.843
1680840000,90.78,91.23,89.03,89.63,91862.955
1680854400,89.63,90.45,89.33,89.92,60190.273
1680868800,89.92,90.85,89.7,90.56,44515.08
1680883200,90.56,90.69,90.04,90.3,32142.899
1680897600,90.3,90.78,89.94,90.6,29027.356
1680912000,90.6,90.82,90.13,90.76,28297.322
1680926400,90.76,91.44,90.49,91.0,39457.05
1680940800,91.0,91.14,90.52,90.57,25689.635
1680955200,90.57,90.62,90.21,90.46,35035.966
1680969600,90.46,90.56,89.24,89.79,42151.25
1680984000,89.79,90.25,89.55,89.91,28461.845
1680998400,89.91,90.71,89.89,90.67,28275.273
1681012800,90.67,90.9,89.78,90.19,40910.615
1681027200,90.19,90.25,89.79,90.23,37906.906
1681041600,90.23,90.54,89.13,89.39,65845.524
1681056000,89.39,90.65,89.28,90.31,40958.694
1681070400,90.31,91.03,90.06,90.58,39925.737
1681084800,90.58,90.97,89.84,90.38,47562.553
1681099200,90.38,90.83,90.27,90.48,38868.224
1681113600,90.48,90.75,90.3,90.47,30868.337
1681128000,90.47,93.38,90.16,92.23,169098.916
1681142400,92.23,93.4,92.2,92.69,127059.33
1681156800,92.69,94.47,92.28,93.78,108622.626
1681171200,93.78,94.99,93.15,94.3,173506.422
1681185600,94.3,97.0,94.29,96.39,244126.119
1681200000,96.39,96.5,95.1,95.27,104713.188
1681214400,95.27,95.57,94.5,94.99,100304.798
1681228800,94.99,95.46,94.3,94.61,75532.272
1681243200,94.61,94.74,93.68,94.22,61043.06
1681257600,94.22,94.66,90.87,91.57,161580.235
1681272000,91.57,92.44,90.96,92.07,111322.721
1681286400,92.07,92.19,91.1,91.42,77595.001
1681300800,91.42,93.28,90.98,91.99,238918.45
1681315200,91.99,92.26,91.27,91.66,70501.754
1681329600,91.66,92.48,91.61,92.06,53617.037
1681344000,92.06,92.7,91.66,92.46,61488.874
1681358400,92.46,92.8,92.21,92.66,36485.29
1681372800,92.66,94.2,92.62,93.6,151188.634
1681387200,93.6,94.5,93.6,94.28,218673.337
1681401600,94.28,94.54,93.77,94.4,91631.273
1681416000,94.4,94.4,93.9,94.17,47996.634
1681430400,94.17,98.72,94.0,97.66,381012.907
1681444800,97.66,99.27,96.7,96.89,165954.018
1681459200,96.89,97.48,96.06,96.93,93488.867
1681473600,96.93,97.39,93.66,93.97,205187.795
1681488000,93.97,95.99,93.71,95.98,136791.58
1681502400,95.98,96.99,95.86,96.33,62205.869
1681516800,96.33,96.39,94.71,95.6,68279.611
1681531200,95.6,96.55,95.04,96.27,55716.294
1681545600,96.27,96.72,95.88,96.23,52477.108
1681560000,96.23,96.94,95.71,96.06,59675.259
1681574400,96.06,96.52,95.31,96.26,55096.023
1681588800,96.26,97.32,95.98,96.68,51977.992
1681603200,96.68,96.8,95.1,95.88,66758.137
1681617600,95.88,96.4,95.81,96.1,34723.354
1681632000,96.1,98.6,95.87,96.54,187123.051
1681646400,96.54,101.67,96.51,101.35,291831.768
1681660800,101.35,102.18,99.57,101.0,202244.005
1681675200,101.0,101.74,99.92,100.01,119760.928
1681689600,100.01,100.3,97.32,98.76,206166.033
1681704000,98.76,99.78,98.1,99.14,106223.115
1681718400,99.14,99.58,97.68,98.37,146295.252
1681732800,98.37,99.59,98.0,99.21,136981.508
1681747200,99.21,99.3,98.31,98.87,57044.628
1681761600,98.87,98.95,98.0,98.84,40241.621
1681776000,98.84,102.43,97.6,101.86,196245.538
1681790400,101.86,102.96,101.15,101.71,147171.821
1681804800,101.71,103.44,101.63,103.05,186330.705
1681819200,103.05,103.1,100.72,101.16,165009.95
1681833600,101.16,101.64,100.14,100.73,69468.025
1681848000,100.73,101.99,100.45,101.95,53350.006
1681862400,101.95,101.95,100.55,100.78,53612.535
1681876800,100.78,101.88,99.65,99.93,98361.063
1681891200,99.93,100.47,93.65,95.46,412353.578
1681905600,95.46,95.64,94.14,94.23,228179.512
1681920000,94.23,94.58,92.41,93.26,193235.023
1681934400,93.26,93.6,87.0,90.47,272825.245
1681948800,90.47,91.3,88.7,90.56,181014.043
1681963200,90.56,91.45,90.37,90.56,104172.879
1681977600,90.56,91.49,89.8,89.95,113979.967
1681992000,89.95,92.4,89.39,89.81,174215.288
1682006400,89.81,90.34,87.08,88.01,230171.752
1682020800,88.01,91.0,87.63,90.22,120037.834
1682035200,90.22,90.89,89.19,90.19,120825.22
1682049600,90.19,90.63,87.9,90.25,154766.294
1682064000,90.25,90.7,88.93,89.25,95494.732
1682078400,89.25,90.16,88.3,88.95,90692.716
1682092800,88.95,89.96,84.2,85.51,223533.803
1682107200,85.51,86.01,84.48,85.32,126449.357
1682121600,85.32,85.91,84.75,85.5,87790.646
1682136000,85.5,86.0,85.27,85.51,58023.749
1682150400,85.51,85.98,85.28,85.88,47787.373
1682164800,85.88,87.05,85.67,86.76,118434.534
1682179200,86.76,87.11,86.47,86.91,57836.769
1682193600,86.91,87.15,86.7,87.0,43186.727
1682208000,87.0,87.02,85.43,86.25,70572.416
1682222400,86.25,87.05,86.17,86.99,42718.703
1682236800,86.99,87.09,86.37,86.9,45830.441
1682251200,86.9,87.08,85.4,85.96,76667.737
1682265600,85.96,86.56,84.11,85.62,95067.822
1682280000,85.62,86.97,85.33,86.75,64324.955
1682294400,86.75,88.55,86.19,87.66,138584.806
1682308800,87.66,88.46,86.37,87.15,118734.561
1682323200,87.15,88.23,86.01,88.12,111906.163
1682337600,88.12,89.03,86.72,86.97,138372.79
1682352000,86.97,88.33,85.86,87.76,86672.009
1682366400,87.76,89.0,87.62,88.31,57151.987
1682380800,88.31,88.76,87.18,87.45,67037.083
1682395200,87.45,88.03,87.28,87.59,49487.643
1682409600,87.59,89.8,87.48,89.15,208067.733
1682424000,89.15,89.89,88.33,89.18,146272.961
1682438400,89.18,90.71,88.83,90.2,139835.757
1682452800,90.2,91.77,90.11,91.03,156869.758
1682467200,91.03,91.49,90.7,90.98,74477.268
1682481600,90.98,91.34,89.86,90.13,74958.187
1682496000,90.13,92.03,89.92,91.91,173408.971
1682510400,91.91,93.96,91.71,92.39,231982.224
1682524800,92.39,92.68,85.3,86.31,224595.49
1682539200,86.31,88.74,84.21,88.13,206095.358
1682553600,88.13,90.64,87.9,88.6,182086.99
1682568000,88.6,89.76,88.07,88.91,94918.803
1682582400,88.91,89.24,87.86,88.33,98657.404
1682596800,88.33,89.97,87.26,89.22,123801.537
1682611200,89.22,90.4,88.72,90.01,109815.962
1682625600,90.01,90.43,88.95,89.73,60229.465
1682640000,89.73,89.83,88.76,89.03,59409.824
1682654400,89.03,90.36,89.0,90.01,65752.415
1682668800,90.01,90.15,88.9,88.99,69636.673
1682683200,88.99,89.85,87.66,88.72,118541.096
1682697600,88.72,90.31,88.67,89.35,105089.928
1682712000,89.35,90.07,89.24,89.63,46079.74
1682726400,89.63,90.14,89.31,89.68,45388.402
1682740800,89.68,90.18,89.41,89.65,36402.469
1682755200,89.65,89.98,89.23,89.98,38972.843
1682769600,89.98,91.64,89.78,90.49,103722.796
1682784000,90.49,90.84,89.38,90.71,71477.994
1682798400,90.71,91.28,90.6,91.08,55241.311
1682812800,91.08,91.14,89.72,90.37,39717.852
1682827200,90.37,90.91,90.25,90.58,32425.754
1682841600,90.58,91.07,90.29,90.49,37593.577
1682856000,90.49,91.43,90.13,90.63,85448.518
1682870400,90.63,91.11,88.57,89.06,107181.98
1682884800,89.06,89.06,87.76,88.22,94126.899
1682899200,88.22,88.86,86.0,87.47,142773.775
1682913600,87.47,87.92,86.87,87.5,52001.116
1682928000,87.5,87.69,87.27,87.37,30918.49
1682942400,87.37,87.86,86.54,86.85,96315.21
1682956800,86.85,87.17,85.13,86.19,141514.536
1682971200,86.19,86.83,86.01,86.75,74383.493
1682985600,86.75,87.37,86.0,87.26,58953.043
1683000000,87.26,87.7,86.9,87.65,55021.242
1683014400,87.65,88.6,87.63,88.19,78701.407
1683028800,88.19,89.18,87.59,88.22,126708.677
1683043200,88.22,88.75,87.52,88.11,75342.137
1683057600,88.11,88.61,88.05,88.2,30528.361
1683072000,88.2,88.23,87.19,87.58,47626.415
1683086400,87.58,88.29,87.5,88.06,31150.284
1683100800,88.06,88.31,87.48,87.51,35890.887
1683115200,87.51,87.65,85.4,86.0,164664.96
1683129600,86.0,87.32,85.65,86.6,137467.189
1683144000,86.6,89.86,86.55,88.88,144752.526
1683158400,88.88,89.15,88.11,88.46,52567.196
1683172800,88.46,88.79,88.01,88.12,48718.943
1683187200,88.12,88.77,87.91,88.23,65823.599
1683201600,88.23,88.54,87.39,87.75,62983.469
1683216000,87.75,88.22,87.53,87.78,50451.381
1683230400,87.78,88.6,87.63,88.38,36548.342
1683244800,88.38,88.98,88.05,88.15,57590.604
1683259200,88.15,88.42,87.69,87.78,48851.018
1683273600,87.78,88.16,87.51,88.05,53569.903
1683288000,88.05,88.37,86.16,88.3,139056.848
1683302400,88.3,89.69,88.08,88.67,121775.62
1683316800,88.67,89.04,88.49,88.61,41923.036
1683331200,88.61,89.36,86.98,87.32,93941.455
1683345600,87.32,87.66,86.85,87.0,54126.975
1683360000,87.0,87.0,85.98,86.63,90127.371
1683374400,86.63,86.64,80.56,82.11,346338.221
1683388800,82.11,84.21,81.96,83.85,171841.224
1683403200,83.85,84.03,83.09,83.26,52424.648
1683417600,83.26,84.07,82.96,83.15,80946.088
1683432000,83.15,83.87,83.11,83.69,39691.667
1683446400,83.69,83.9,83.33,83.53,49843.764
1683460800,83.53,84.46,83.53,83.87,84058.012
1683475200,83.87,84.34,83.43,84.21,59078.029
1683489600,84.21,84.69,82.93,83.42,91843.921
1683504000,83.42,85.25,80.08,82.3,233857.275
1683518400,82.3,82.47,80.4,81.03,121173.797
1683532800,81.03,81.71,80.13,81.42,108500.549
1683547200,81.42,81.89,80.45,81.05,99564.402
1683561600,81.05,81.12,75.2,76.87,410690.128
1683576000,76.87,77.88,76.74,77.71,120172.05
1683590400,77.71,78.32,77.31,78.12,106739.083
1683604800,78.12,78.8,77.65,78.75,99728.157
1683619200,78.75,79.68,78.43,79.17,138213.072
1683633600,79.17,79.46,78.18,78.3,113390.769
1683648000,78.3,79.87,78.1,79.82,132834.258
1683662400,79.82,80.1,79.4,79.9,61506.421
1683676800,79.9,80.99,79.56,79.67,101469.916
1683691200,79.67,79.94,79.06,79.07,53681.923
1683705600,79.07,79.82,78.87,79.74,65739.597
1683720000,79.74,82.04,79.31,81.15,228766.906
1683734400,81.15,81.53,77.12,81.19,315137.206
1683748800,81.19,81.97,80.74,80.93,97951.45
1683763200,80.93,81.02,79.76,80.3,85004.065
1683777600,80.3,80.8,80.05,80.29,55247.985
1683792000,80.29,81.0,78.88,80.47,104015.038
1683806400,80.47,81.97,80.03,80.83,294977.363
1683820800,80.83,81.2,78.37,79.06,158364.01
1683835200,79.06,81.3,79.02,80.88,90267.035
1683849600,80.88,81.48,77.78,78.0,169149.848
1683864000,78.0,79.43,77.66,79.03,142402.502
1683878400,79.03,79.53,78.76,79.06,76133.827
1683892800,79.06,79.55,78.2,78.43,144094.251
1683907200,78.43,79.47,77.07,79.33,152406.059
1683921600,79.33,80.61,78.98,80.45,86662.642
1683936000,80.45,80.88,80.06,80.29,74442.261
1683950400,80.29,80.52,80.09,80.47,47497.269
1683964800,80.47,80.94,80.31,80.64,45910.457
1683979200,80.64,81.09,79.78,80.3,106245.954
1683993600,80.3,81.07,80.18,80.47,43300.648
1684008000,80.47,80.79,79.99,80.26,60915.182
1684022400,80.26,80.86,79.55,80.71,52289.34
1684036800,80.71,81.58,80.65,80.92,53720.285
1684051200,80.92,81.09,80.63,80.87,37612.569
1684065600,80.87,84.02,80.7,83.55,174266.609
1684080000,83.55,83.95,82.25,82.36,75107.485
1684094400,82.36,83.73,82.18,83.5,82085.09
1684108800,83.5,85.57,82.14,85.37,218704.071
1684123200,85.37,87.65,85.26,87.23,288371.437
1684137600,87.23,87.69,86.55,86.61,146656.572
1684152000,86.61,88.48,86.41,88.19,233943.226
1684166400,88.19,88.5,87.36,88.05,142487.645
1684180800,88.05,88.2,86.72,86.89,80389.144
1684195200,86.89,88.4,86.13,87.45,190460.821
1684209600,87.45,89.49,87.22,88.75,236250.137
1684224000,88.75,89.97,88.38,89.37,243258.486
1684238400,89.37,90.55,88.2,89.75,259805.207
1684252800,89.75,90.44,89.11,89.11,168129.169
1684267200,89.11,90.39,88.89,89.99,114524.059
1684281600,89.99,93.74,89.59,92.93,343090.569
1684296000,92.93,93.07,91.06,91.53,184582.517
1684310400,91.53,93.2,90.73,91.82,331074.314
1684324800,91.82,92.81,90.31,92.08,266002.69
1684339200,92.08,95.0,91.61,94.75,418322.322
1684353600,94.75,94.85,93.68,93.88,88881.826
1684368000,93.88,94.17,93.11,94.09,94733.632
1684382400,94.09,94.21,92.57,92.96,103241.57
1684396800,92.96,93.41,92.37,92.9,96167.774
1684411200,92.9,92.99,91.19,91.54,138712.472
1684425600,91.54,92.37,89.15,90.37,247390.439
1684440000,90.37,91.98,90.03,90.43,98664.66
1684454400,90.43,92.88,90.26,92.51,118779.327
1684468800,92.51,92.99,91.45,91.84,136573.049
1684483200,91.84,92.58,90.96,91.01,103386.623
1684497600,91.01,92.83,90.96,92.16,150491.453
1684512000,92.16,93.31,91.31,91.63,123541.785
1684526400,91.63,91.87,91.29,91.8,41843.195
1684540800,91.8,91.8,90.21,91.49,62257.994
1684555200,91.49,91.49,90.63,91.02,59214.132
1684569600,91.02,91.4,90.87,91.18,56290.16
1684584000,91.18,92.28,91.06,92.1,59134.033
1684598400,92.1,92.78,91.68,92.05,69652.972
1684612800,92.05,92.46,91.81,92.42,25412.427
1684627200,92.42,92.75,91.84,92.26,47156.796
1684641600,92.26,93.2,91.99,92.83,64836.721
1684656000,92.83,93.49,91.93,92.33,93518.824
1684670400,92.33,92.93,91.14,91.74,99233.762
1684684800,91.74,91.91,91.2,91.9,67643.545
1684699200,91.9,92.67,91.34,92.18,62095.794
1684713600,92.18,92.79,89.81,90.83,166880.369
1684728000,90.83,91.72,90.7,91.05,71870.193
1684742400,91.05,91.57,91.0,91.28,44631.82
1684756800,91.28,91.88,90.5,91.1,95678.756
1684771200,91.1,91.4,90.53,90.79,48037.962
1684785600,90.79,91.23,90.66,90.83,35407.127
1684800000,90.83,93.11,90.38,92.74,105541.077
1684814400,92.74,92.85,91.49,91.96,87854.83
1684828800,91.96,91.99,91.63,91.77,38454.556
1684843200,91.77,91.91,91.06,91.63,86421.434
1684857600,91.63,91.63,90.75,91.06,61232.805
1684872000,91.06,91.7,90.61,91.7,58103.581
1684886400,91.7,91.89,88.3,89.27,157589.386
1684900800,89.27,89.27,85.5,85.62,449368.832
1684915200,85.62,86.93,85.58,86.37,154856.404
1684929600,86.37,86.74,84.33,86.0,274217.079
1684944000,86.0,86.14,84.89,85.16,122267.075
1684958400,85.16,86.25,85.12,85.82,83083.184
1684972800,85.82,86.04,82.54,84.28,296156.509
1684987200,84.28,84.68,83.89,83.98,82730.726
1685001600,83.98,84.91,83.98,84.88,77302.116
1685016000,84.88,85.54,84.36,84.58,129201.366
1685030400,84.58,85.73,83.44,84.98,137673.308
1685044800,84.98,86.79,84.95,86.57,113155.116
1685059200,86.57,87.87,86.22,86.87,179966.04
1685073600,86.87,87.44,86.05,87.15,126708.868
1685088000,87.15,87.32,86.74,86.97,90318.707
1685102400,86.97,88.2,86.41,87.73,156477.045
1685116800,87.73,88.03,86.8,87.77,81792.548
1685131200,87.77,87.98,87.03,87.08,49481.271
1685145600,87.08,88.06,86.91,87.83,48254.313
1685160000,87.83,88.5,87.5,88.04,55882.223
1685174400,88.04,88.16,87.58,87.82,51169.118
1685188800,87.82,88.36,87.3,87.85,73949.828
1685203200,87.85,88.39,87.39,88.2,56500.811
1685217600,88.2,88.81,88.2,88.55,49766.124
1685232000,88.55,90.22,88.14,89.87,118407.229
1685246400,89.87,90.41,89.47,89.57,54985.017
1685260800,89.57,89.98,88.66,89.35,124184.525
1685275200,89.35,89.5,88.92,89.35,60155.41
1685289600,89.35,90.6,89.05,89.95,88910.169
1685304000,89.95,92.35,89.95,91.45,136209.379
1685318400,91.45,92.18,90.53,90.59,90703.14
1685332800,90.59,91.59,90.36,91.4,91428.926
1685347200,91.4,92.0,91.03,91.65,86550.018
1685361600,91.65,91.7,90.58,90.8,89167.537
1685376000,90.8,91.18,90.12,90.83,72085.795
1685390400,90.83,91.48,90.48,90.86,54932.693
1685404800,90.86,91.59,90.51,91.29,61061.797
1685419200,91.29,91.86,90.73,91.22,79647.884
1685433600,91.22,93.3,91.2,93.03,147194.412
1685448000,93.03,93.09,91.06,91.93,120008.544
1685462400,91.93,92.53,91.48,92.23,94468.472
1685476800,92.23,92.42,91.73,92.25,50855.346
1685491200,92.25,92.72,91.21,91.74,78674.252
1685505600,91.74,91.76,88.35,89.15,219199.208
1685520000,89.15,89.63,88.98,89.07,105097.815
1685534400,89.07,89.44,87.5,88.72,153502.609
1685548800,88.72,89.73,88.4,89.47,77717.435
1685563200,89.47,90.91,89.3,90.42,96130.753
1685577600,90.42,91.73,89.17,90.9,163637.866
1685592000,90.9,92.78,90.75,92.36,248875.045
1685606400,92.36,93.21,92.08,92.23,207872.247
1685620800,92.23,95.55,91.88,94.95,373640.284
1685635200,94.95,95.98,94.01,95.21,264175.738
1685649600,95.21,95.21,93.29,94.19,98609.83
1685664000,94.19,95.49,92.58,95.12,189460.74
1685678400,95.12,95.7,94.32,94.32,118724.059
1685692800,94.32,95.3,94.32,95.11,77061.44
1685707200,95.11,95.3,93.1,94.67,169642.542
1685721600,94.67,95.5,93.93,95.04,96595.767
1685736000,95.04,95.6,94.77,95.45,62531.416
1685750400,95.45,95.45,94.15,94.56,67376.325
1685764800,94.56,95.14,94.41,94.84,42987.003
1685779200,94.84,97.56,94.77,96.71,168176.572
1685793600,96.71,97.39,96.2,96.75,145204.197
1685808000,96.75,97.23,95.86,96.32,103347.42
1685822400,96.32,96.43,95.62,96.03,69499.367
1685836800,96.03,96.03,94.65,95.3,104345.183
1685851200,95.3,95.86,94.82,95.83,65820.959
1685865600,95.83,96.5,95.46,96.34,75887.693
1685880000,96.34,96.43,95.2,95.52,94562.812
1685894400,95.52,96.26,95.23,95.79,53158.217
1685908800,95.79,96.14,93.8,94.19,98689.204
1685923200,94.19,94.58,92.13,92.89,154524.618
1685937600,92.89,93.66,92.46,93.36,71763.39
1685952000,93.36,93.74,92.36,93.04,118077.437
1685966400,93.04,93.04,86.02,86.05,379215.945
1685980800,86.05,88.65,83.56,87.38,497611.652
1685995200,87.38,88.08,86.73,87.71,99201.318
1686009600,87.71,88.22,86.59,87.38,100800.27
1686024000,87.38,87.9,87.0,87.45,88786.126
1686038400,87.45,88.17,87.32,87.51,72919.554
1686052800,87.51,89.01,85.64,88.47,275915.412
1686067200,88.47,91.11,88.39,90.8,172446.303
1686081600,90.8,91.47,90.14,90.92,125992.106
1686096000,90.92,91.31,89.33,90.18,129315.829
1686110400,90.18,91.2,89.86,90.09,73576.912
1686124800,90.09,90.56,88.23,90.45,128313.507
1686139200,90.45,90.51,87.5,87.89,176012.13
1686153600,87.89,89.21,87.34,88.8,119447.651
1686168000,88.8,89.36,88.05,88.85,65011.117
1686182400,88.85,89.53,87.5,88.34,59850.211
1686196800,88.34,88.69,87.5,88.06,70511.563
1686211200,88.06,88.23,87.19,87.99,86701.231
1686225600,87.99,89.04,87.67,88.85,94498.247
1686240000,88.85,88.93,87.79,88.54,58381.259
1686254400,88.54,88.88,88.33,88.5,35848.1
1686268800,88.5,88.5,86.66,87.58,75107.972
1686283200,87.58,87.99,87.18,87.47,41445.395
1686297600,87.47,88.5,87.41,88.45,65854.09
1686312000,88.45,89.98,88.4,89.29,128580.382
1686326400,89.29,89.92,88.5,88.61,75929.004
1686340800,88.61,89.53,88.5,89.3,50628.686
1686355200,89.3,89.34,84.76,85.23,227836.765
1686369600,85.23,85.73,73.56,77.14,826358.835
1686384000,77.14,77.67,75.83,77.43,242259.451
1686398400,77.43,77.44,75.75,75.98,165438.953
1686412800,75.98,79.0,74.09,76.78,354375.776
1686427200,76.78,77.99,76.27,77.13,114808.535
1686441600,77.13,77.24,76.34,77.19,88467.35
1686456000,77.19,77.7,76.15,77.47,83740.397
1686470400,77.47,78.98,77.4,78.29,133240.641
1686484800,78.29,78.35,76.94,77.16,101550.219
1686499200,77.16,78.71,77.08,78.34,106469.012
1686513600,78.34,78.96,76.68,77.68,87776.811
1686528000,77.68,77.8,75.07,76.14,144807.39
1686542400,76.14,76.79,75.66,75.85,140248.304
1686556800,75.85,77.91,75.65,77.48,131796.712
1686571200,77.48,77.52,76.36,76.71,71760.635
1686585600,76.71,77.28,75.8,76.58,88019.938
1686600000,76.58,77.76,76.42,77.5,47840.45
1686614400,77.5,78.48,76.73,78.28,90653.842
1686628800,78.28,78.89,77.84,78.44,75088.431
1686643200,78.44,79.34,78.13,78.77,88434.468
1686657600,78.77,79.79,76.26,76.7,209111.544
1686672000,76.7,77.75,76.63,77.5,50434.362
1686686400,77.5,77.88,76.88,77.5,46584.187
1686700800,77.5,78.14,77.05,77.84,55545.363
1686715200,77.84,77.99,77.22,77.35,51210.862
1686729600,77.35,77.96,77.09,77.78,49835.757
1686744000,77.78,77.88,77.12,77.47,48880.56
1686758400,77.47,78.02,75.75,76.64,133553.311
1686772800,76.64,76.79,70.75,73.15,339767.338
1686787200,73.15,73.78,72.89,73.12,75213.686
1686801600,73.12,73.22,72.08,72.73,89735.268
1686816000,72.73,73.89,72.22,73.73,104728.758
1686830400,73.73,74.36,73.33,73.69,87544.079
1686844800,73.69,74.82,72.92,74.6,94222.562
1686859200,74.6,75.14,73.93,74.6,61526.568
1686873600,74.6,75.46,74.13,75.21,42935.554
1686888000,75.21,75.55,74.83,75.3,41698.349
1686902400,75.3,75.68,74.45,74.69,83612.144
1686916800,74.69,75.81,74.12,75.69,106767.28
1686931200,75.69,76.91,75.37,76.58,101626.701
1686945600,76.58,76.67,75.94,76.13,42590.709
1686960000,76.13,76.32,75.73,76.16,32604.694
1686974400,76.16,77.87,76.05,77.57,91950.396
1686988800,77.57,77.79,77.04,77.08,64244.526
1687003200,77.08,77.43,76.41,76.79,56951.097
1687017600,76.79,77.42,76.63,77.12,32080.613
1687032000,77.12,77.41,76.79,76.86,23967.21
1687046400,76.86,77.3,76.22,77.19,32273.274
1687060800,77.19,77.57,76.82,77.1,40354.857
1687075200,77.1,77.68,76.93,77.33,36322.935
1687089600,77.33,77.63,77.09,77.6,44173.583
1687104000,77.6,78.47,77.56,78.14,61300.384
1687118400,78.14,78.2,76.51,77.19,79581.354
1687132800,77.19,77.5,76.65,77.17,31352.569
1687147200,77.17,77.62,77.07,77.39,28192.936
1687161600,77.39,77.49,77.01,77.25,46456.267
1687176000,77.25,77.5,76.21,76.8,70920.075
1687190400,76.8,77.83,76.05,77.08,107840.94
1687204800,77.08,77.56,77.08,77.48,31832.74
1687219200,77.48,78.33,77.3,77.31,50660.728
1687233600,77.31,77.6,76.7,77.2,43368.861
1687248000,77.2,77.26,76.85,77.21,28370.696
1687262400,77.21,77.33,75.68,76.64,67209.229
1687276800,76.64,80.39,76.36,79.89,235525.57
1687291200,79.89,80.95,79.43,80.33,125211.882
1687305600,80.33,82.94,80.0,82.13,171661.514
1687320000,82.13,85.07,81.68,84.43,270474.276
1687334400,84.43,84.5,83.38,84.34,154658.561
1687348800,84.34,85.35,83.7,84.54,197356.215
1687363200,84.54,87.4,84.27,85.22,346089.648
1687377600,85.22,85.51,84.43,85.05,89117.676
1687392000,85.05,88.85,84.74,87.86,259461.235
1687406400,87.86,88.0,86.12,87.03,111041.592
1687420800,87.03,87.5,84.0,85.54,167103.375
1687435200,85.54,86.57,84.28,85.43,127115.951
1687449600,85.43,86.42,85.07,86.07,82131.125
1687464000,86.07,86.32,85.23,85.93,50047.397
1687478400,85.93,87.0,85.53,86.32,88824.741
1687492800,86.32,86.84,86.09,86.44,63795.571
1687507200,86.44,87.97,85.9,86.36,103633.01
1687521600,86.36,89.17,85.02,88.64,188150.649
1687536000,88.64,93.12,87.82,91.8,433895.37
1687550400,91.8,92.42,89.83,91.26,156214.536
1687564800,91.26,93.8,89.12,92.04,173431.115
1687579200,92.04,92.67,90.71,90.85,131651.404
1687593600,90.85,91.54,90.43,90.76,92850.069
1687608000,90.76,91.42,86.8,87.51,174879.369
1687622400,87.51,89.55,86.35,89.13,167376.344
1687636800,89.13,89.87,88.19,89.71,93965.752
1687651200,89.71,90.08,88.78,89.99,87861.121
1687665600,89.99,90.46,88.74,89.06,130197.872
1687680000,89.06,89.36,87.99,89.0,127417.031
1687694400,89.0,89.07,87.04,88.1,96378.644
1687708800,88.1,88.43,87.3,87.64,53749.362
1687723200,87.64,88.52,86.6,88.2,70904.521
1687737600,88.2,88.85,86.3,87.26,115027.062
1687752000,87.26,88.57,86.44,87.63,88410.626
1687766400,87.63,88.18,86.94,88.09,63751.499
1687780800,88.09,90.35,87.89,88.67,194289.537
1687795200,88.67,88.77,85.74,87.38,125007.584
1687809600,87.38,87.53,86.07,87.21,70026.73
1687824000,87.21,88.55,86.9,87.94,94791.702
1687838400,87.94,88.54,87.26,88.39,61507.434
1687852800,88.39,89.2,88.01,89.12,87650.843
1687867200,89.12,89.44,87.01,87.45,136208.201
1687881600,87.45,88.53,87.32,88.04,55772.198
1687896000,88.04,88.34,87.51,88.07,34414.575
1687910400,88.07,88.1,86.66,87.37,57098.252
1687924800,87.37,87.39,84.37,84.8,130520.408
1687939200,84.8,86.15,84.53,85.7,85287.432
1687953600,85.7,86.01,84.55,85.81,109561.489
1687968000,85.81,85.96,81.36,82.56,166985.485
1687982400,82.56,83.57,81.7,83.02,90321.669
1687996800,83.02,83.83,82.91,83.73,93435.813
1688011200,83.73,84.15,83.38,84.01,48571.557
1688025600,84.01,85.59,83.72,85.59,102438.572
1688040000,85.59,85.75,84.15,84.5,121581.429
1688054400,84.5,85.1,83.87,84.83,73802.342
1688068800,84.83,85.02,84.05,84.73,44794.094
1688083200,84.73,96.11,84.28,95.85,681543.15
1688097600,95.85,97.17,93.56,95.14,603930.829
1688112000,95.14,103.06,94.88,100.78,1014548.226
1688126400,100.78,104.0,88.2,97.44,1509255.637
1688140800,97.44,112.0,96.34,105.39,1349315.861
1688155200,105.39,108.93,105.05,108.7,316121.59
1688169600,108.7,110.0,102.86,107.07,542591.522
1688184000,107.07,110.0,104.12,107.04,372693.002
1688198400,107.04,113.0,105.5,106.31,819074.46
1688212800,106.31,107.21,103.67,105.26,484568.564
1688227200,105.26,106.07,104.18,105.11,211534.535
1688241600,105.11,107.69,104.58,107.1,183682.317
1688256000,107.1,108.72,105.25,106.01,384091.844
1688270400,106.01,112.9,105.09,110.98,564690.865
1688284800,110.98,113.99,109.26,111.15,405512.291
1688299200,111.15,112.86,107.32,111.86,410459.114
1688313600,111.86,113.23,109.5,111.07,234026.057
1688328000,111.07,114.0,110.74,113.58,300457.604
1688342400,113.58,115.0,111.7,112.81,240038.736
1688356800,112.81,113.05,111.19,112.34,154594.213
1688371200,112.34,112.34,109.0,109.12,284927.153
1688385600,109.12,110.5,108.04,109.41,278250.391
1688400000,109.41,109.54,105.55,107.6,351585.379
1688414400,107.6,107.67,105.58,107.27,135191.073
1688428800,107.27,109.59,105.07,108.74,233856.311
1688443200,108.74,109.14,106.69,106.9,122526.334
1688457600,106.9,107.85,106.13,107.17,125055.182
1688472000,107.17,108.61,106.33,106.95,142450.663
1688486400,106.95,107.84,103.5,105.1,209613.451
1688500800,105.1,106.73,104.07,104.27,102064.429
1688515200,104.27,106.0,104.04,105.64,106099.6
1688529600,105.64,105.65,104.51,105.03,75618.589
1688544000,105.03,106.63,101.55,102.46,413967.336
1688558400,102.46,103.68,98.6,100.08,500234.743
1688572800,100.08,101.87,99.28,100.51,202260.255
1688587200,100.51,103.0,100.04,102.6,112247.293
1688601600,102.6,104.05,101.6,103.73,128048.124
1688616000,103.73,105.58,102.21,103.86,262482.316
1688630400,103.86,105.95,101.41,102.45,325250.064
1688644800,102.45,102.53,96.12,98.62,587221.684
1688659200,98.62,99.2,96.74,97.64,205229.899
1688673600,97.64,98.38,95.14,95.25,195403.802
1688688000,95.25,97.5,94.21,97.2,208966.382
1688702400,97.2,97.6,95.69,96.08,135414.565
1688716800,96.08,96.86,95.43,95.82,115226.576
1688731200,95.82,97.98,95.11,97.72,217292.453
1688745600,97.72,98.41,96.55,97.47,120211.887
1688760000,97.47,98.61,96.89,98.23,69712.235
1688774400,98.23,98.49,97.0,97.21,94575.428
1688788800,97.21,97.53,96.55,97.19,56651.224
1688803200,97.19,98.27,96.92,97.23,80228.756
1688817600,97.23,98.29,96.79,97.86,91206.815
1688832000,97.86,98.27,96.86,97.32,64026.503
1688846400,97.32,97.93,96.92,97.79,44337.303
1688860800,97.79,98.41,97.12,97.2,62671.599
1688875200,97.2,97.5,96.27,96.7,65940.621
1688889600,96.7,97.05,96.43,96.59,47391.062
1688904000,96.59,97.13,95.24,96.95,119465.732
1688918400,96.95,97.32,96.57,96.75,44459.258
1688932800,96.75,96.75,94.41,95.08,128742.148
1688947200,95.08,95.16,91.62,93.87,308023.354
1688961600,93.87,94.0,92.86,93.39,92518.86
1688976000,93.39,95.3,92.14,95.01,172344.88
1688990400,95.01,95.75,94.28,95.22,144137.069
1689004800,95.22,97.18,94.71,96.99,181954.844
1689019200,96.99,97.81,95.75,96.72,209456.569
1689033600,96.72,97.9,96.05,96.99,138165.048
1689048000,96.99,98.35,96.7,97.94,105237.111
1689062400,97.94,98.21,97.14,97.5,111608.372
1689076800,97.5,97.91,95.8,96.59,222296.264
1689091200,96.59,96.81,95.51,95.93,108092.583
1689105600,95.93,97.03,95.69,96.77,90348.897
1689120000,96.77,97.58,96.5,97.03,60654.909
1689134400,97.03,97.85,96.37,97.36,77655.345
1689148800,97.36,97.4,96.33,96.96,73670.957
1689163200,96.96,97.73,95.44,95.63,258638.433
1689177600,95.63,95.99,94.12,94.97,161396.973
1689192000,94.97,96.48,94.81,96.21,49177.553
1689206400,96.21,96.55,95.61,96.15,83807.517
1689220800,96.15,100.8,95.9,100.3,341322.322
1689235200,100.3,101.53,99.8,100.87,209230.393
1689249600,100.87,103.78,99.18,102.52,377234.596
1689264000,102.52,104.41,100.7,102.69,562815.252
1689278400,102.69,102.87,99.0,101.85,206549.143
1689292800,101.85,103.63,101.15,101.5,206028.026
1689307200,101.5,101.99,100.41,100.85,124595.521
1689321600,100.85,101.51,99.63,100.91,195863.958
1689336000,100.91,101.44,99.56,100.95,136806.721
1689350400,100.95,102.05,91.96,93.34,636316.754
1689364800,93.34,95.2,92.47,95.13,170995.535
1689379200,95.13,95.79,94.26,94.62,108702.64
1689393600,94.62,95.49,94.36,95.32,91581.004
1689408000,95.32,95.68,94.78,94.79,73361.149
1689422400,94.79,95.23,93.74,94.42,104042.573
1689436800,94.42,95.09,93.79,94.67,58850.943
1689451200,94.67,94.79,94.06,94.78,37813.338
1689465600,94.78,95.36,93.07,94.23,119306.79
1689480000,94.23,95.04,94.15,94.8,42153.383
1689494400,94.8,95.09,94.28,94.53,49538.709
1689508800,94.53,95.33,94.25,94.83,68766.973
1689523200,94.83,95.23,93.46,93.74,98912.654
1689537600,93.74,94.51,91.84,92.89,114540.659
1689552000,92.89,93.58,91.9,93.29,105332.163
1689566400,93.29,93.36,92.62,93.01,72308.669
1689580800,93.01,93.42,89.15,91.09,265774.117
1689595200,91.09,92.37,90.07,91.61,120376.41
1689609600,91.61,92.17,89.9,91.3,163793.069
1689624000,91.3,92.7,91.19,92.2,97610.587
1689638400,92.2,92.95,91.86,92.14,95700.372
1689652800,92.14,92.4,90.4,90.99,100457.131
1689667200,90.99,92.04,90.5,90.75,102849.81
1689681600,90.75,91.69,90.27,91.25,84998.437
1689696000,91.25,91.71,89.37,90.57,106766.471
1689710400,90.57,91.63,90.26,91.56,56256.0
1689724800,91.56,94.23,91.39,93.52,124414.932
1689739200,93.52,93.98,92.79,93.06,81311.695
1689753600,93.06,93.28,92.07,93.18,79740.323
1689768000,93.18,93.54,91.56,92.62,119090.96
1689782400,92.62,93.22,91.9,92.93,113459.116
1689796800,92.93,92.94,91.69,91.99,92551.686
1689811200,91.99,92.69,91.67,92.11,67296.082
1689825600,92.11,93.65,91.81,93.45,77498.978
1689840000,93.45,95.02,93.35,94.36,229935.354
1689854400,94.36,94.53,91.39,92.15,165901.812
1689868800,92.15,92.47,91.5,92.05,99290.802
1689883200,92.05,92.76,91.49,92.37,123932.175
1689897600,92.37,93.06,91.68,92.63,88236.376
1689912000,92.63,92.7,91.8,91.98,46720.078
1689926400,91.98,92.57,91.93,92.28,50558.08
1689940800,92.28,92.65,92.05,92.52,62823.985
1689955200,92.52,94.79,92.36,94.01,253969.509
1689969600,94.01,94.52,93.71,94.09,60090.076
1689984000,94.09,96.46,94.07,94.71,151800.763
1689998400,94.71,94.93,94.01,94.54,79987.691
1690012800,94.54,94.64,93.03,93.7,73437.721
1690027200,93.7,94.06,93.25,93.92,60024.6
1690041600,93.92,94.01,93.06,93.32,59071.895
1690056000,93.32,93.49,91.2,92.09,98901.507
1690070400,92.09,92.62,91.52,92.52,112406.313
1690084800,92.52,93.0,92.36,92.52,61188.671
1690099200,92.52,92.92,92.38,92.5,59195.507
1690113600,92.5,92.63,92.0,92.12,68407.926
1690128000,92.12,93.62,92.08,92.83,100403.822
1690142400,92.83,93.4,92.16,93.16,57694.515
1690156800,93.16,93.43,91.96,92.07,87940.626
1690171200,92.07,92.92,91.27,92.48,76233.054
1690185600,92.48,92.58,87.27,89.06,237498.43
1690200000,89.06,89.54,87.5,88.85,213835.81
1690214400,88.85,89.36,88.42,88.91,71591.046
1690228800,88.91,89.28,88.3,89.14,57172.452
1690243200,89.14,89.88,88.74,89.07,66488.168
1690257600,89.07,89.49,88.76,89.18,52285.402
1690272000,89.18,89.8,88.95,89.26,64368.904
1690286400,89.26,90.19,88.81,89.01,110554.581
1690300800,89.01,89.67,88.55,88.89,75902.194
1690315200,88.89,90.0,88.78,89.45,68174.325
1690329600,89.45,90.1,89.07,89.63,82127.099
1690344000,89.63,89.8,89.37,89.72,46123.479
1690358400,89.72,89.84,89.05,89.18,51078.896
1690372800,89.18,89.8,89.07,89.65,54743.667
1690387200,89.65,90.0,88.5,89.46,140796.139
1690401600,89.46,91.17,89.3,90.64,148980.218
1690416000,90.64,91.99,90.36,91.05,113160.044
1690430400,91.05,91.5,90.57,90.75,86312.834
1690444800,90.75,91.73,90.54,91.22,82092.664
1690459200,91.22,91.32,90.19,90.65,82236.009
1690473600,90.65,90.91,89.66,90.29,64142.469
1690488000,90.29,90.62,89.97,90.6,64671.097
1690502400,90.6,91.23,90.53,91.02,55713.412
1690516800,91.02,91.49,90.67,90.82,80039.91
1690531200,90.82,91.49,90.7,91.15,73192.639
1690545600,91.15,92.0,90.92,91.69,93002.856
1690560000,91.69,91.99,90.76,91.3,71779.394
1690574400,91.3,91.53,91.16,91.44,26884.905
1690588800,91.44,91.72,90.95,91.16,36159.179
1690603200,91.16,91.38,90.94,91.05,39385.696
1690617600,91.05,91.2,90.84,90.93,30490.262
1690632000,90.93,91.2,90.89,91.14,67516.14
1690646400,91.14,91.53,91.01,91.5,39988.615
1690660800,91.5,94.9,91.4,94.32,270238.393
1690675200,94.32,96.03,93.67,94.63,315261.514
1690689600,94.63,95.17,94.02,94.46,85631.536
1690704000,94.46,95.1,94.14,94.58,93378.166
1690718400,94.58,95.09,94.18,94.6,85316.274
1690732800,94.6,96.18,91.94,93.02,295439.203
1690747200,93.02,94.39,90.82,94.03,248080.443
1690761600,94.03,95.06,93.76,94.1,95191.998
1690776000,94.1,94.18,92.33,93.26,139099.719
1690790400,93.26,94.0,93.23,93.76,66607.613
1690804800,93.76,94.0,91.67,92.12,169243.988
1690819200,92.12,93.35,91.16,91.75,176595.025
1690833600,91.75,92.45,91.07,92.28,105010.009
1690848000,92.28,92.83,88.1,90.03,222652.346
1690862400,90.03,90.71,89.64,90.3,108275.85
1690876800,90.3,90.78,90.11,90.2,95743.556
1690891200,90.2,94.12,89.85,93.11,442216.501
1690905600,93.11,93.82,92.55,93.6,210957.845
1690920000,93.6,93.99,92.88,93.94,111308.283
1690934400,93.94,94.68,92.11,92.75,174829.345
1690948800,92.75,92.84,90.61,90.86,139446.222
1690963200,90.86,91.51,90.09,91.29,180401.023
1690977600,91.29,91.29,88.27,89.01,449035.84
1690992000,89.01,89.22,85.7,87.74,455156.36
1691006400,87.74,88.01,87.07,87.54,121058.332
1691020800,87.54,88.38,87.22,87.43,120471.715
1691035200,87.43,87.45,85.57,85.92,238170.491
1691049600,85.92,86.69,85.71,86.35,152125.833
1691064000,86.35,86.97,85.83,86.4,118663.791
1691078400,86.4,87.02,85.89,86.22,87836.422
1691092800,86.22,86.56,80.5,82.55,414405.933
1691107200,82.55,83.31,82.34,82.85,184185.579
1691121600,82.85,83.21,82.46,82.88,142080.717
1691136000,82.88,83.48,82.76,83.01,111575.739
1691150400,83.01,83.92,82.81,83.35,124350.481
1691164800,83.35,83.63,80.74,82.14,244259.834
1691179200,82.14,82.59,81.06,82.2,150512.618
1691193600,82.2,82.57,81.35,82.21,69101.969
1691208000,82.21,82.53,81.82,82.31,56078.262
1691222400,82.31,82.73,82.21,82.37,50215.739
1691236800,82.37,83.2,82.2,82.7,88760.111
1691251200,82.7,83.17,82.28,82.81,49892.75
1691265600,82.81,83.42,82.61,83.12,39832.96
1691280000,83.12,83.48,82.77,83.33,51372.873
1691294400,83.33,83.49,83.09,83.25,30076.938
1691308800,83.25,83.48,83.03,83.33,50609.336
1691323200,83.33,83.4,81.68,82.04,136527.434
1691337600,82.04,82.88,82.0,82.71,52468.831
1691352000,82.71,83.3,82.25,82.57,55196.559
1691366400,82.57,83.44,82.17,83.18,50702.408
1691380800,83.18,83.39,82.24,82.67,46634.194
1691395200,82.67,83.25,82.47,83.04,56809.493
1691409600,83.04,83.1,81.21,81.73,94843.566
1691424000,81.73,82.18,79.29,81.86,216492.867
1691438400,81.86,82.68,81.67,82.49,66141.3
1691452800,82.49,82.67,81.75,82.32,82705.87
1691467200,82.32,83.09,82.2,82.43,101553.151
1691481600,82.43,83.22,82.19,83.22,66569.509
1691496000,83.22,84.74,82.81,84.02,190259.71
1691510400,84.02,85.47,83.96,84.33,200897.918
1691524800,84.33,84.93,83.76,83.86,93930.37
1691539200,83.86,84.39,83.56,83.77,60004.134
1691553600,83.77,84.2,83.61,84.07,51926.125
1691568000,84.07,84.31,83.77,83.99,55454.287
1691582400,83.99,84.61,83.41,83.64,99657.296
1691596800,83.64,84.0,83.13,83.58,71243.539
1691611200,83.58,84.25,83.21,84.08,43307.015
1691625600,84.08,84.39,83.99,84.12,39256.052
1691640000,84.12,84.27,83.71,83.93,35822.125
1691654400,83.93,84.03,83.4,83.44,85497.188
1691668800,83.44,84.15,83.21,83.39,77488.438
1691683200,83.39,83.41,82.66,82.89,36199.704
1691697600,82.89,83.38,82.86,83.14,63302.846
1691712000,83.14,83.34,82.89,83.25,27105.3
1691726400,83.25,83.4,83.1,83.13,23430.28
1691740800,83.13,83.25,82.75,83.19,36630.019
1691755200,83.19,83.63,82.94,83.04,44976.86
1691769600,83.04,83.24,82.68,82.9,31138.844
1691784000,82.9,83.72,82.83,83.58,23431.005
1691798400,83.58,84.0,83.47,83.74,34278.765
1691812800,83.74,83.89,83.59,83.6,26820.928
1691827200,83.6,83.89,83.38,83.89,29505.994
1691841600,83.89,83.89,83.5,83.58,40310.046
1691856000,83.58,83.78,83.33,83.38,26742.662
1691870400,83.38,83.67,83.27,83.47,20902.612
1691884800,83.47,83.81,83.23,83.31,86846.034
1691899200,83.31,83.33,82.98,83.22,26792.077
1691913600,83.22,83.23,82.84,82.95,60940.521
1691928000,82.95,83.16,82.84,82.94,31914.015
1691942400,82.94,83.48,82.81,83.32,30292.564
1691956800,83.32,83.4,81.01,81.92,94441.43
1691971200,81.92,82.26,81.5,82.07,44157.052
1691985600,82.07,82.54,82.07,82.22,31606.128
1692000000,82.22,82.46,82.01,82.09,67762.046
1692014400,82.09,82.98,81.86,82.8,69606.032
1692028800,82.8,83.13,81.59,82.06,76864.691
1692043200,82.06,82.43,81.91,82.11,40533.774
1692057600,82.11,82.25,81.34,81.59,61018.167
1692072000,81.59,81.95,81.5,81.88,47520.171
1692086400,81.88,82.0,81.62,81.63,40257.819
1692100800,81.63,82.01,81.28,81.35,78427.338
1692115200,81.35,81.54,77.0,79.34,263729.804
1692129600,79.34,79.95,79.12,79.26,109165.743
1692144000,79.26,79.61,79.07,79.17,61125.994
1692158400,79.17,79.25,78.29,78.89,100830.505
1692172800,78.89,79.13,78.26,78.76,54312.332
1692187200,78.76,78.76,77.36,78.0,157263.538
1692201600,78.0,78.03,76.62,77.06,208213.883
1692216000,77.06,77.24,72.75,74.56,468981.39
1692230400,74.56,75.49,72.86,75.08,191460.205
1692244800,75.08,75.84,75.02,75.46,78212.165
1692259200,75.46,75.62,74.84,75.07,113617.594
1692273600,75.07,75.75,73.02,73.56,227547.426
1692288000,73.56,74.79,72.79,74.45,143873.6
1692302400,74.45,74.54,56.0,64.77,955235.732
1692316800,64.77,65.97,63.72,64.43,256088.737
1692331200,64.43,65.65,63.31,65.37,212199.41
1692345600,65.37,65.65,64.73,65.28,166126.709
1692360000,65.28,65.34,64.0,64.48,217539.748
1692374400,64.48,65.38,63.04,64.18,327364.655
1692388800,64.18,64.85,63.9,63.98,103956.82
1692403200,63.98,64.61,63.65,64.04,101009.128
1692417600,64.04,64.36,63.59,63.94,77877.138
1692432000,63.94,64.39,63.82,63.83,68384.899
1692446400,63.83,64.72,63.69,64.7,83089.439
1692460800,64.7,65.01,64.01,64.08,120209.588
1692475200,64.08,64.18,63.51,64.18,60500.723
1692489600,64.18,64.45,63.98,64.36,32955.412
1692504000,64.36,64.46,64.05,64.25,37047.313
1692518400,64.25,65.23,64.13,64.97,66835.628
1692532800,64.97,65.08,64.16,64.52,81780.799
1692547200,64.52,64.98,64.17,64.97,50827.672
1692561600,64.97,65.89,64.97,65.25,58795.121
1692576000,65.25,67.06,65.14,66.33,188909.507
1692590400,66.33,67.02,65.39,65.56,116239.759
1692604800,65.56,66.3,64.73,65.66,100993.105
1692619200,65.66,66.82,64.34,64.86,182968.439
1692633600,64.86,66.57,64.81,66.34,108389.343
1692648000,66.34,67.31,66.31,67.0,98269.944
1692662400,67.0,67.38,66.47,66.57,75380.278
1692676800,66.57,66.65,65.98,66.48,61281.469
1692691200,66.48,66.58,66.03,66.2,52628.677
1692705600,66.2,66.38,65.57,65.9,97979.238
1692720000,65.9,66.3,63.88,64.14,220393.844
1692734400,64.14,65.17,62.02,64.83,219170.908
1692748800,64.83,65.25,64.62,64.69,66101.302
1692763200,64.69,65.45,64.61,65.02,64975.713
1692777600,65.02,65.12,64.4,64.52,44935.597
1692792000,64.52,65.38,64.06,65.31,85656.355
1692806400,65.31,66.86,65.09,66.46,183194.541
1692820800,66.46,66.73,64.98,65.64,103778.854
1692835200,65.64,65.81,65.28,65.76,38256.348
1692849600,65.76,65.9,65.45,65.64,36111.453
1692864000,65.64,65.81,65.33,65.5,46473.916
1692878400,65.5,65.53,64.2,64.32,102658.677
1692892800,64.32,64.95,64.14,64.63,65037.124
1692907200,64.63,65.01,63.9,64.88,64408.903
1692921600,64.88,64.93,63.5,64.25,56220.192
1692936000,64.25,64.66,63.71,64.4,75690.754
1692950400,64.4,64.85,64.38,64.71,45485.012
1692964800,64.71,65.47,64.04,64.77,128290.08
1692979200,64.77,65.34,64.24,64.95,65779.017
1692993600,64.95,65.29,64.83,65.13,28962.617
1693008000,65.13,65.52,64.94,65.32,39310.169
1693022400,65.32,65.5,65.13,65.37,24536.114
1693036800,65.37,65.59,65.18,65.44,44017.901
1693051200,65.44,65.5,65.17,65.23,36851.453
1693065600,65.23,65.3,64.9,65.05,37953.873
1693080000,65.05,65.18,64.91,65.01,22890.407
1693094400,65.01,65.24,64.83,65.0,24403.111
1693108800,65.0,65.22,64.97,65.18,22877.608
1693123200,65.18,65.37,65.08,65.22,28374.263
1693137600,65.22,65.95,65.2,65.59,51193.524
1693152000,65.59,65.64,65.05,65.29,58158.61
1693166400,65.29,65.44,64.94,65.39,47026.812
1693180800,65.39,65.42,64.34,64.84,87663.315
1693195200,64.84,64.85,64.04,64.38,64100.048
1693209600,64.38,64.6,63.97,64.58,61513.565
1693224000,64.58,65.49,64.57,65.27,84112.652
1693238400,65.27,65.39,64.64,65.1,53475.802
1693252800,65.1,65.76,65.0,65.52,51117.625
1693267200,65.52,65.75,65.27,65.4,30487.681
1693281600,65.4,65.48,65.06,65.11,55469.356
1693296000,65.11,65.14,64.6,64.81,52781.118
1693310400,64.81,70.69,64.66,68.2,437880.211
1693324800,68.2,70.02,67.9,68.73,234584.869
1693339200,68.73,69.46,68.41,68.86,141941.927
1693353600,68.86,69.03,67.5,67.9,101752.898
1693368000,67.9,67.96,67.58,67.74,54897.894
1693382400,67.74,67.86,67.3,67.43,61545.251
1693396800,67.43,67.79,66.5,67.04,120017.05
1693411200,67.04,67.65,66.94,67.42,53296.439
1693425600,67.42,67.86,67.35,67.65,30948.804
1693440000,67.65,67.67,67.17,67.19,37111.55
1693454400,67.19,67.91,67.19,67.89,61615.061
1693468800,67.89,68.36,67.59,68.02,70324.356
1693483200,68.02,68.06,65.67,66.11,169174.659
1693497600,66.11,66.11,63.46,64.26,253470.868
1693512000,64.26,64.34,63.13,63.89,96361.565
1693526400,63.89,64.25,63.82,64.05,80526.452
1693540800,64.05,64.14,63.35,63.69,103684.831
1693555200,63.69,64.0,63.48,63.94,70454.134
1693569600,63.94,64.19,62.61,63.24,133764.783
1693584000,63.24,63.56,61.83,62.91,120188.231
1693598400,62.91,63.58,62.8,62.98,60431.421
1693612800,62.98,63.48,62.95,63.47,24015.367
1693627200,63.47,63.54,63.21,63.44,23820.762
1693641600,63.44,64.75,63.35,64.11,72084.1
1693656000,64.11,64.55,63.58,64.29,76395.246
1693670400,64.29,64.47,63.64,64.43,48307.752
1693684800,64.43,64.66,64.21,64.59,50879.914
1693699200,64.59,64.91,64.47,64.8,34098.149
1693713600,64.8,64.83,64.12,64.23,34745.794
1693728000,64.23,64.51,63.93,64.06,46110.56
1693742400,64.06,64.4,63.7,63.79,51472.552
1693756800,63.79,64.46,63.57,64.05,53111.188
1693771200,64.05,64.39,63.72,63.93,37941.989
1693785600,63.93,65.01,63.88,64.47,99609.228
1693800000,64.47,64.61,64.08,64.22,54709.8
1693814400,64.22,64.46,63.83,63.92,74935.673
1693828800,63.92,64.18,63.0,63.56,77024.078
1693843200,63.56,64.05,63.46,63.7,39929.067
1693857600,63.7,63.8,63.08,63.75,43093.587
1693872000,63.75,63.79,62.93,63.43,73301.383
1693886400,63.43,63.49,62.77,62.99,139069.252
1693900800,62.99,63.24,62.59,63.07,95466.857
1693915200,63.07,63.52,62.58,63.1,92535.158
1693929600,63.1,63.37,62.91,63.03,44184.487
1693944000,63.03,63.22,62.92,63.15,31098.333
1693958400,63.15,63.59,63.03,63.11,114577.058
1693972800,63.11,63.17,62.73,62.84,55711.064
1693987200,62.84,63.07,62.8,62.97,33383.021
1694001600,62.97,63.23,62.65,62.87,57954.76
1694016000,62.87,63.91,61.36,62.58,172906.151
1694030400,62.58,62.96,62.48,62.87,29347.175
1694044800,62.87,63.32,62.72,63.29,39870.108
1694059200,63.29,63.34,62.92,63.21,72324.711
1694073600,63.21,63.27,62.84,62.9,50623.578
1694088000,62.9,63.08,62.48,62.87,51201.406
1694102400,62.87,63.29,62.74,62.92,38401.576
1694116800,62.92,64.49,62.89,63.71,120021.567
1694131200,63.71,64.24,63.43,63.55,85611.22
1694145600,63.55,63.77,63.16,63.36,36985.458
1694160000,63.36,63.37,61.51,62.56,140360.27
1694174400,62.56,62.95,62.51,62.6,37677.0
1694188800,62.6,62.69,62.28,62.52,46184.535
1694203200,62.52,62.61,62.34,62.61,23579.227
1694217600,62.61,62.91,62.52,62.81,21571.542
1694232000,62.81,62.87,62.64,62.74,19840.426
1694246400,62.74,62.83,62.57,62.76,27404.925
1694260800,62.76,63.3,62.69,63.05,39194.703
1694275200,63.05,63.2,62.99,63.1,23784.223
1694289600,63.1,63.23,63.01,63.06,21323.584
1694304000,63.06,63.06,62.62,62.72,35807.062
1694318400,62.72,62.73,60.02,61.79,173514.37
1694332800,61.79,61.81,61.19,61.19,46376.398
1694347200,61.19,61.54,60.16,60.92,94469.072
1694361600,60.92,61.04,60.2,60.85,81763.854
1694376000,60.85,61.52,60.74,61.11,55031.596
1694390400,61.11,61.39,60.66,61.25,111773.161
1694404800,61.25,61.66,61.1,61.4,85360.027
1694419200,61.4,61.46,59.0,59.8,198071.92
1694433600,59.8,60.44,58.9,59.39,192632.724
1694448000,59.39,59.68,57.68,58.11,130583.466
1694462400,58.11,58.89,57.81,58.85,74506.249
1694476800,58.85,60.98,58.65,60.33,81354.715
1694491200,60.33,60.57,59.33,59.64,195763.671
1694505600,59.64,61.43,59.55,60.82,115358.878
1694520000,60.82,60.96,60.24,60.5,75166.324
1694534400,60.5,61.53,59.77,60.35,116455.161
1694548800,60.35,60.56,59.89,59.96,33221.064
1694563200,59.96,60.28,59.66,59.82,29185.477
1694577600,59.82,62.85,59.63,60.14,208265.708
1694592000,60.14,61.41,60.06,61.36,75555.429
1694606400,61.36,62.04,60.81,61.65,95262.473
1694620800,61.65,62.31,61.43,61.84,71697.63
1694635200,61.84,62.37,61.83,61.98,31886.704
1694649600,61.98,63.08,61.95,62.48,204208.683
1694664000,62.48,62.71,61.98,62.48,140458.65
1694678400,62.48,62.71,62.19,62.66,49025.72
1694692800,62.66,63.44,62.4,63.12,123678.338
1694707200,63.12,63.43,62.61,63.13,74227.385
1694721600,63.13,63.23,62.65,62.83,46486.072
1694736000,62.83,63.58,62.55,63.22,63523.582
1694750400,63.22,63.63,62.84,62.98,131261.701
1694764800,62.98,63.55,62.92,63.2,45654.636
1694779200,63.2,64.74,63.06,64.24,112569.783
1694793600,64.24,65.3,63.95,64.75,89140.682
1694808000,64.75,66.27,64.69,65.89,98474.374
1694822400,65.89,67.05,65.49,66.15,83785.929
1694836800,66.15,66.68,65.43,65.58,131611.639
1694851200,65.58,65.59,64.87,65.04,61268.029
1694865600,65.04,65.04,64.41,64.49,45269.901
1694880000,64.49,65.21,64.41,64.68,42837.841
1694894400,64.68,65.39,64.65,65.38,26491.99
1694908800,65.38,65.42,63.61,64.05,95264.135
1694923200,64.05,64.5,63.53,63.73,179354.555
1694937600,63.73,64.39,63.67,64.13,39650.568
1694952000,64.13,64.39,63.88,64.25,32494.802
1694966400,64.25,64.37,63.57,63.99,47695.188
1694980800,63.99,64.1,62.75,63.55,102746.028
1694995200,63.55,64.87,62.9,64.76,80640.311
1695009600,64.76,65.27,64.43,64.83,84398.255
1695024000,64.83,66.4,64.71,65.76,152683.175
1695038400,65.76,67.9,65.51,66.85,272009.949
1695052800,66.85,67.34,65.71,66.21,146981.373
1695067200,66.21,66.45,65.52,65.89,53699.274
1695081600,65.89,67.03,65.59,66.5,92310.074
1695096000,66.5,67.48,66.38,66.96,95971.023
1695110400,66.96,68.41,66.88,67.67,116845.96
1695124800,67.67,68.28,66.87,68.25,115724.13
1695139200,68.25,68.27,67.3,67.6,64023.142
1695153600,67.6,67.6,66.9,67.28,42149.027
1695168000,67.28,67.87,66.5,66.84,113684.831
1695182400,66.84,66.94,66.23,66.51,101615.634
1695196800,66.51,66.59,65.22,65.47,204087.145
1695211200,65.47,65.53,64.23,64.77,278071.655
1695225600,64.77,65.58,63.24,64.09,172328.494
1695240000,64.09,64.92,64.08,64.55,61339.147
1695254400,64.55,65.01,64.39,64.91,58515.26
1695268800,64.91,64.94,64.12,64.27,46524.82
1695283200,64.27,64.46,62.92,63.54,111541.497
1695297600,63.54,64.77,63.23,64.46,134160.199
1695312000,64.46,64.87,64.39,64.53,55781.511
1695326400,64.53,64.85,64.31,64.69,42558.493
1695340800,64.69,65.88,63.89,65.08,122350.54
1695355200,65.08,65.17,64.5,64.85,41917.131
1695369600,64.85,65.5,64.66,64.79,146829.701
1695384000,64.79,64.98,64.42,64.52,48976.647
1695398400,64.52,64.79,64.1,64.42,41936.804
1695412800,64.42,64.57,64.05,64.37,40534.58
1695427200,64.37,65.08,64.37,64.73,145185.296
1695441600,64.73,64.97,64.52,64.81,38092.613
1695456000,64.81,65.06,64.7,64.77,72649.245
1695470400,64.77,64.94,64.6,64.75,72179.775
1695484800,64.75,65.26,64.65,65.1,38399.84
1695499200,65.1,65.13,64.85,65.07,21394.802
1695513600,65.07,65.1,64.74,64.78,37109.883
1695528000,64.78,64.83,64.41,64.63,29506.218
1695542400,64.63,64.85,64.6,64.63,28817.244
1695556800,64.63,64.79,64.52,64.69,22215.307
1695571200,64.69,65.03,63.97,64.33,42323.019
1695585600,64.33,64.37,63.25,63.58,47801.579
1695600000,63.58,64.47,62.56,64.24,57337.716
1695614400,64.24,64.72,64.1,64.44,44659.605
1695628800,64.44,64.56,63.95,63.95,50840.556
1695643200,63.95,65.0,63.85,64.66,48303.31
1695657600,64.66,65.06,64.33,64.47,32667.291
1695672000,64.47,64.61,64.13,64.33,24607.215
1695686400,64.33,65.08,64.09,64.53,149832.084
1695700800,64.53,64.87,64.29,64.41,30368.013
1695715200,64.41,64.55,64.21,64.42,72474.844
1695729600,64.42,64.44,63.74,63.93,38255.013
1695744000,63.93,64.26,63.79,63.98,32264.328
1695758400,63.98,64.01,63.02,63.8,47861.981
1695772800,63.8,64.09,63.73,64.05,20372.694
1695787200,64.05,64.08,63.68,63.88,39557.894
1695801600,63.88,65.52,63.8,65.36,80568.144
1695816000,65.36,65.56,63.04,63.62,124075.968
1695830400,63.62,63.84,63.16,63.68,50630.537
1695844800,63.68,63.75,63.36,63.53,36060.791
1695859200,63.53,63.94,63.14,63.31,53224.768
1695873600,63.31,64.01,63.24,63.89,81418.263
1695888000,63.89,64.37,63.63,64.05,43551.638
1695902400,64.05,65.01,63.79,64.91,111711.925
1695916800,64.91,65.54,64.43,65.19,108427.807
1695931200,65.19,65.43,64.88,65.21,48005.341
1695945600,65.21,65.46,64.91,65.16,45700.54
1695960000,65.16,66.5,65.03,66.48,85815.918
1695974400,66.48,66.5,65.66,65.7,48848.537
1695988800,65.7,66.07,64.98,65.72,79228.0
1696003200,65.72,66.4,65.55,66.15,47737.727
1696017600,66.15,66.31,65.37,65.55,43070.234
1696032000,65.55,65.71,65.34,65.43,22978.178
1696046400,65.43,65.69,65.39,65.53,14702.042
1696060800,65.53,65.91,65.52,65.64,31529.383
1696075200,65.64,66.49,65.52,66.27,40008.593
1696089600,66.27,66.6,66.12,66.31,44754.184
1696104000,66.31,66.48,65.95,65.97,25461.822
1696118400,65.97,66.39,65.83,65.97,26039.117
1696132800,65.97,66.29,65.85,66.19,21191.251
1696147200,66.19,67.7,66.1,67.4,110850.869
1696161600,67.4,67.76,66.7,66.89,78450.202
1696176000,66.89,66.89,66.19,66.47,41479.911
1696190400,66.47,68.85,66.25,68.19,152046.677
1696204800,68.19,68.42,67.72,67.83,73257.725
1696219200,67.83,68.01,67.14,67.75,87019.443
1696233600,67.75,68.07,67.47,67.59,85964.826
1696248000,67.59,67.82,66.44,66.68,110718.397
1696262400,66.68,67.19,65.11,66.23,151675.788
1696276800,66.23,66.26,65.24,65.97,50351.688
1696291200,65.97,66.43,65.96,66.19,33246.043
1696305600,66.19,66.93,65.98,66.31,51448.366
1696320000,66.31,66.56,65.6,65.76,42389.222
1696334400,65.76,66.08,65.29,65.72,55345.912
1696348800,65.72,66.09,65.39,65.52,45291.618
1696363200,65.52,65.96,65.26,65.5,37120.696
1696377600,65.5,65.52,63.01,64.23,159273.436
1696392000,64.23,64.6,64.09,64.44,27295.756
1696406400,64.44,64.71,64.35,64.41,46307.707
1696420800,64.41,64.61,63.83,63.97,57513.208
1696435200,63.97,64.5,63.76,64.04,72115.442
1696449600,64.04,64.66,63.93,64.4,26873.436
1696464000,64.4,64.87,64.33,64.64,40400.765
1696478400,64.64,64.81,64.37,64.52,26751.653
1696492800,64.52,64.84,64.47,64.73,36217.426
1696507200,64.73,64.94,63.72,64.2,78954.933
1696521600,64.2,65.16,63.98,64.91,152421.195
1696536000,64.91,65.28,64.65,64.8,37104.668
1696550400,64.8,65.41,64.79,65.13,47173.977
1696564800,65.13,65.51,64.99,65.43,29611.785
1696579200,65.43,65.45,64.96,65.14,37279.533
1696593600,65.14,65.84,64.37,65.7,75171.474
1696608000,65.7,65.83,65.41,65.61,31777.332
1696622400,65.61,65.98,65.44,65.5,37975.246
1696636800,65.5,65.9,65.44,65.65,29188.099
1696651200,65.65,66.27,65.65,65.89,34922.065
1696665600,65.89,66.11,65.66,65.72,28706.684
1696680000,65.72,65.81,65.33,65.43,30164.618
1696694400,65.43,65.47,64.95,65.03,35084.148
1696708800,65.03,65.54,65.0,65.45,19239.285
1696723200,65.45,65.97,65.41,65.93,42377.85
1696737600,65.93,65.98,65.42,65.51,99552.585
1696752000,65.51,65.73,64.99,65.08,87623.778
1696766400,65.08,65.62,65.04,65.41,45465.9
1696780800,65.41,65.51,65.12,65.32,18694.527
1696795200,65.32,65.45,64.97,65.34,22608.545
1696809600,65.34,65.36,64.83,65.0,27371.664
1696824000,65.0,65.21,64.18,64.4,53064.357
1696838400,64.4,64.43,62.91,63.11,139436.422
1696852800,63.11,63.5,62.74,62.96,67936.716
1696867200,62.96,63.06,61.51,63.05,140836.141
1696881600,63.05,63.19,62.85,63.07,20251.085
1696896000,63.07,63.65,62.92,63.29,35959.404
1696910400,63.29,63.49,63.19,63.29,45579.682
1696924800,63.29,63.45,62.73,62.75,38174.644
1696939200,62.75,63.28,62.57,63.16,44679.223
1696953600,63.16,63.57,63.0,63.44,40092.304
1696968000,63.44,63.82,63.05,63.61,30257.906
1696982400,63.61,63.75,62.27,62.68,54314.502
1696996800,62.68,62.88,62.53,62.74,25562.004
1697011200,62.74,63.01,62.17,62.22,51826.073
1697025600,62.22,62.34,61.08,61.5,71618.262
1697040000,61.5,61.66,61.15,61.42,51449.383
1697054400,61.42,61.55,61.18,61.55,32278.967
1697068800,61.55,61.55,60.57,61.29,68328.694
1697083200,61.29,61.38,61.1,61.2,20333.084
1697097600,61.2,61.32,60.33,61.16,55769.217
1697112000,61.16,61.36,60.91,61.04,47510.271
1697126400,61.04,61.4,60.36,60.89,69064.338
1697140800,60.89,61.17,60.7,61.12,24365.627
1697155200,61.12,61.76,61.06,61.17,111974.904
1697169600,61.17,61.58,61.11,61.44,102689.903
1697184000,61.44,61.58,61.23,61.46,27310.195
1697198400,61.46,61.79,61.28,61.33,33755.226
1697212800,61.33,61.64,61.25,61.32,32230.925
1697227200,61.32,62.15,61.25,61.58,50151.042
1697241600,61.58,61.76,61.54,61.66,13231.484
1697256000,61.66,61.74,61.44,61.59,15449.664
1697270400,61.59,61.66,61.39,61.54,25273.927
1697284800,61.54,61.89,61.47,61.88,27872.041
1697299200,61.88,61.95,61.74,61.94,22413.395
1697313600,61.94,61.97,61.59,61.62,17315.128
1697328000,61.62,61.83,61.39,61.56,16572.53
1697342400,61.56,61.63,61.49,61.53,13048.514
1697356800,61.53,61.63,61.45,61.49,17232.265
1697371200,61.49,61.68,61.38,61.63,30660.516
1697385600,61.63,61.93,61.56,61.85,24640.943
1697400000,61.85,62.18,61.41,61.63,38053.167
1697414400,61.63,62.0,61.57,61.79,20028.294
1697428800,61.79,63.28,61.64,63.02,111208.326
1697443200,63.02,63.1,62.72,62.83,42921.317
1697457600,62.83,66.33,62.77,63.53,348645.12
1697472000,63.53,64.32,63.44,64.08,56944.514
1697486400,64.08,64.13,62.88,63.19,100248.821
1697500800,63.19,63.27,62.82,63.0,42733.033
1697515200,63.0,63.32,62.77,63.26,30521.637
1697529600,63.26,63.33,62.8,62.89,48223.98
1697544000,62.89,63.0,61.56,62.31,92805.919
1697558400,62.31,62.4,61.37,61.93,48809.788
1697572800,61.93,62.18,61.77,62.07,22839.603
1697587200,62.07,62.18,61.85,62.16,18896.554
1697601600,62.16,62.85,61.98,62.0,75425.144
1697616000,62.0,62.23,61.75,61.89,39799.479
1697630400,61.89,61.97,61.34,61.45,87561.945
1697644800,61.45,61.67,60.54,60.83,50316.355
1697659200,60.83,61.07,60.04,60.23,48322.175
1697673600,60.23,60.57,59.7,60.43,62796.799
1697688000,60.43,60.99,60.32,60.85,41751.878
1697702400,60.85,61.1,60.64,61.08,30699.136
1697716800,61.08,61.65,60.95,61.47,53572.16
1697731200,61.47,61.92,60.99,61.43,49379.517
1697745600,61.43,61.8,61.32,61.78,39275.6
1697760000,61.78,62.84,61.57,62.63,58420.001
1697774400,62.63,63.1,62.19,62.94,75563.979
1697788800,62.94,64.27,62.94,63.41,119530.51
1697803200,63.41,63.85,63.08,63.49,82050.857
1697817600,63.49,63.56,63.07,63.54,63824.423
1697832000,63.54,63.63,63.32,63.38,38158.189
1697846400,63.38,63.92,63.35,63.87,28181.655
1697860800,63.87,64.18,63.59,64.12,43836.829
1697875200,64.12,64.48,63.95,64.34,45537.078
1697889600,64.34,65.37,64.14,64.95,96102.532
1697904000,64.95,65.39,64.31,64.79,86139.657
1697918400,64.79,65.03,64.42,64.75,37201.908
1697932800,64.75,65.32,64.51,64.9,49008.805
1697947200,64.9,65.27,63.12,64.14,111369.007
1697961600,64.14,64.55,63.67,63.97,64981.363
1697976000,63.97,64.83,63.59,64.77,82856.147
1697990400,64.77,66.32,64.46,64.54,191582.88
1698004800,64.54,65.32,64.0,65.26,69955.445
1698019200,65.26,66.61,64.86,66.37,119146.246
1698033600,66.37,66.81,65.98,66.11,92591.381
1698048000,66.11,66.8,65.7,66.43,86436.809
1698062400,66.43,66.79,65.57,65.97,105901.19
1698076800,65.97,67.36,65.77,67.17,118198.46
1698091200,67.17,69.9,67.09,69.02,266712.358
1698105600,69.02,72.89,68.67,69.97,281034.747
1698120000,69.97,70.86,68.1,69.17,156945.557
1698134400,69.17,70.46,69.07,70.36,97112.361
1698148800,70.36,71.44,67.07,68.11,243584.994
1698163200,68.11,69.11,67.53,68.56,91554.816
1698177600,68.56,69.24,67.92,69.15,57054.973
1698192000,69.15,70.42,68.85,69.54,104525.199
1698206400,69.54,69.8,67.69,68.23,80125.152
1698220800,68.23,69.07,67.82,68.7,78515.263
1698235200,68.7,70.32,68.69,69.84,103108.48
1698249600,69.84,70.19,68.17,68.58,128488.697
1698264000,68.58,68.78,67.85,68.71,60998.353
1698278400,68.71,70.05,68.45,70.05,67853.361
1698292800,70.05,70.5,68.43,70.03,96295.094
1698307200,70.03,70.63,68.73,69.35,136736.184
1698321600,69.35,69.96,66.13,67.86,184231.608
1698336000,67.86,68.27,67.33,68.15,65677.268
1698350400,68.15,69.0,67.99,68.76,43939.847
1698364800,68.76,68.79,67.12,68.12,63196.751
1698379200,68.12,68.23,67.3,67.35,47544.246
1698393600,67.35,68.01,67.24,67.79,65306.324
1698408000,67.79,68.81,67.38,67.89,98428.81
1698422400,67.89,67.98,65.58,66.5,119829.655
1698436800,66.5,67.07,66.41,66.99,36659.014
1698451200,66.99,68.44,66.93,67.97,97639.898
1698465600,67.97,68.26,67.66,67.98,121185.091
1698480000,67.98,68.38,67.74,67.99,51816.265
1698494400,67.99,68.2,67.29,68.1,67393.939
1698508800,68.1,68.3,67.6,67.68,30264.7
1698523200,67.68,67.99,67.54,67.73,25065.117
1698537600,67.73,68.09,67.0,67.28,50658.8
1698552000,67.28,67.76,67.13,67.68,19541.838
1698566400,67.68,68.15,67.66,67.92,34025.055
1698580800,67.92,68.97,67.92,68.88,71503.872
1698595200,68.88,69.31,68.53,68.78,46489.917
1698609600,68.78,69.23,68.63,68.79,32430.603
1698624000,68.79,69.47,68.05,68.2,45403.567
1698638400,68.2,68.48,67.62,68.18,50295.318
1698652800,68.18,69.5,68.04,69.3,80228.598
1698667200,69.3,69.64,68.68,69.55,93520.737
1698681600,69.55,69.79,68.08,69.05,92614.49
1698696000,69.05,69.28,68.79,69.21,29196.363
1698710400,69.21,69.86,68.71,68.76,49398.085
1698724800,68.76,69.49,68.3,68.55,62206.415
1698739200,68.55,70.53,67.83,69.99,195227.459
1698753600,69.99,70.41,67.6,68.48,199923.069
1698768000,68.48,69.03,68.19,68.41,65530.415
1698782400,68.41,69.07,68.29,68.89,43923.997
1698796800,68.89,69.25,67.98,68.28,55039.085
1698811200,68.28,68.49,67.11,68.06,92671.992
1698825600,68.06,68.29,67.6,68.0,55730.754
1698840000,68.0,68.82,66.51,66.81,187672.278
1698854400,66.81,68.79,66.58,68.42,117821.263
1698868800,68.42,70.46,68.42,69.97,249632.154
1698883200,69.97,70.77,69.74,70.33,107745.182
1698897600,70.33,70.61,69.18,69.81,151865.439
1698912000,69.81,70.44,69.24,70.17,79658.503
1698926400,70.17,70.59,68.5,68.59,175732.223
1698940800,68.59,69.58,67.4,69.52,104625.541
1698955200,69.52,69.6,68.93,69.43,38834.459
1698969600,69.43,69.58,67.5,68.74,67120.01
1698984000,68.74,69.41,68.24,69.01,50257.45
1698998400,69.01,69.21,68.03,68.61,60405.285
1699012800,68.61,69.42,68.29,69.3,85459.579
1699027200,69.3,69.39,68.52,69.01,63758.577
1699041600,69.01,69.54,68.91,69.45,39589.552
1699056000,69.45,69.69,69.11,69.67,27553.624
1699070400,69.67,69.8,69.2,69.41,31854.53
1699084800,69.41,69.97,69.28,69.58,38803.635
1699099200,69.58,69.75,68.87,69.06,46746.522
1699113600,69.06,69.24,68.69,68.97,66489.855
1699128000,68.97,70.81,68.9,70.41,74923.612
1699142400,70.41,71.49,69.9,71.39,98780.153
1699156800,71.39,71.76,70.77,71.4,132524.504
1699171200,71.4,71.95,70.86,71.45,75318.306
1699185600,71.45,71.8,70.2,70.44,110432.205
1699200000,70.44,72.32,70.35,71.81,75683.75
1699214400,71.81,72.26,70.93,71.6,112013.745
1699228800,71.6,72.7,71.32,71.71,66948.613
1699243200,71.71,71.91,70.79,71.89,50211.422
1699257600,71.89,73.0,71.42,72.71,88077.288
1699272000,72.71,74.25,72.05,73.68,146515.863
1699286400,73.68,74.25,73.17,74.2,98984.927
1699300800,74.2,74.95,73.82,74.46,66849.568
1699315200,74.46,74.51,72.5,73.18,77974.736
1699329600,73.18,73.55,72.75,73.41,44342.15
1699344000,73.41,74.57,72.26,72.76,183040.421
1699358400,72.76,73.06,71.42,71.91,107797.746
1699372800,71.91,73.68,71.06,73.64,114452.867
1699387200,73.64,74.27,73.2,73.41,60300.152
1699401600,73.41,73.56,72.79,72.87,39062.591
1699416000,72.87,73.69,72.45,73.63,72077.557
1699430400,73.63,74.31,73.16,73.44,104452.298
1699444800,73.44,73.7,72.81,73.2,71460.902
1699459200,73.2,74.0,73.13,73.85,77675.011
1699473600,73.85,73.89,73.04,73.07,89385.221
1699488000,73.07,74.74,72.85,74.43,87321.219
1699502400,74.43,74.82,74.04,74.35,71969.544
1699516800,74.35,75.18,74.01,74.42,106932.143
1699531200,74.42,76.23,74.07,74.71,238140.746
1699545600,74.71,75.2,67.85,71.17,406094.383
1699560000,71.17,74.5,70.14,73.83,126843.5
1699574400,73.83,75.48,73.32,73.69,135357.441
1699588800,73.69,74.07,72.67,72.94,84518.64
1699603200,72.94,73.5,71.76,73.25,98386.467
1699617600,73.25,73.28,70.67,71.94,154229.308
1699632000,71.94,73.07,71.79,72.63,115049.321
1699646400,72.63,73.54,72.51,73.28,71828.743
1699660800,73.28,73.6,71.81,72.1,87200.811
1699675200,72.1,72.64,70.84,72.37,70181.161
1699689600,72.37,74.13,72.17,74.06,89525.021
1699704000,74.06,75.42,73.82,74.49,170856.511
1699718400,74.49,75.26,74.17,75.11,105723.224
1699732800,75.11,75.95,73.97,75.26,177910.571
1699747200,75.26,75.41,72.12,74.59,155009.59
1699761600,74.59,75.84,74.12,75.62,88862.769
1699776000,75.62,76.79,75.13,75.58,213323.06
1699790400,75.58,75.82,74.05,75.06,159374.06
1699804800,75.06,75.23,74.28,74.41,82494.101
1699819200,74.41,75.3,74.28,74.88,60274.314
1699833600,74.88,76.05,73.54,73.72,103634.661
1699848000,73.72,74.15,72.87,73.97,90708.319
1699862400,73.97,74.31,72.64,73.34,77012.921
1699876800,73.34,73.75,71.53,73.57,189383.723
1699891200,73.57,73.87,72.02,72.89,94898.386
1699905600,72.89,73.38,70.5,71.1,131778.717
1699920000,71.1,72.13,70.0,71.86,79794.803
1699934400,71.86,72.3,71.65,72.25,34493.141
1699948800,72.25,72.55,70.35,70.79,83774.066
1699963200,70.79,72.56,70.32,71.17,152884.856
1699977600,71.17,71.7,68.09,69.19,181295.689
1699992000,69.19,70.79,69.03,70.61,80535.965
1700006400,70.61,71.66,70.5,71.19,74295.629
1700020800,71.19,71.76,71.15,71.63,62084.314
1700035200,71.63,72.32,71.38,72.18,84814.715
1700049600,72.18,72.37,71.73,72.19,94328.434
1700064000,72.19,73.63,71.72,73.2,122705.153
1700078400,73.2,74.3,73.07,74.03,108136.719
1700092800,74.03,74.35,73.44,73.84,69500.093
1700107200,73.84,73.92,73.39,73.79,47293.69
1700121600,73.79,74.0,72.62,73.37,93276.023
1700136000,73.37,73.46,70.93,71.52,143653.941
1700150400,71.52,72.0,69.78,71.16,96538.266
1700164800,71.16,71.38,70.31,70.97,65971.999
1700179200,70.97,71.66,70.26,70.71,69322.177
1700193600,70.71,70.81,69.53,70.38,209704.04
1700208000,70.38,71.52,70.01,70.67,107825.742
1700222400,70.67,70.74,68.4,68.76,153926.26
1700236800,68.76,69.94,68.0,69.76,118434.229
1700251200,69.76,70.41,69.39,70.29,41846.887
1700265600,70.29,70.33,69.07,69.11,39306.653
1700280000,69.11,69.46,67.5,68.93,75877.684
1700294400,68.93,69.43,68.63,68.96,43884.21
1700308800,68.96,69.82,68.56,69.78,64049.465
1700323200,69.78,70.04,69.4,69.98,63285.653
1700337600,69.98,70.1,69.46,69.86,33563.456
1700352000,69.86,69.86,68.5,69.8,34129.458
1700366400,69.8,70.02,69.46,69.93,29686.065
1700380800,69.93,70.09,68.93,69.24,50971.106
1700395200,69.24,69.48,68.77,69.46,47320.11
1700409600,69.46,70.42,69.46,70.37,51671.324
1700424000,70.37,70.67,69.88,70.54,53878.334
1700438400,70.54,70.7,70.08,70.29,32438.139
1700452800,70.29,70.52,70.01,70.51,30696.117
1700467200,70.51,71.02,70.2,70.41,63467.754
1700481600,70.41,70.71,69.36,70.47,79867.1
1700496000,70.47,70.88,69.38,70.01,95238.33
1700510400,70.01,70.16,68.62,69.51,61509.296
1700524800,69.51,70.5,69.01,69.8,59268.185
1700539200,69.8,69.98,69.25,69.49,32026.782
1700553600,69.49,70.32,69.37,70.07,66518.025
1700568000,70.07,71.87,67.88,69.46,247308.381
1700582400,69.46,70.03,66.75,68.06,195791.957
1700596800,68.06,68.85,65.12,66.15,165406.26
1700611200,66.15,67.63,65.96,67.61,67237.18
1700625600,67.61,67.97,67.39,67.59,38841.562
1700640000,67.59,67.9,67.45,67.56,59500.768
1700654400,67.56,67.92,67.15,67.43,68566.095
1700668800,67.43,68.54,67.05,68.45,102664.685
1700683200,68.45,69.15,68.26,68.7,75044.862
1700697600,68.7,69.36,68.57,69.12,59672.993
1700712000,69.12,70.76,68.8,70.33,114871.151
1700726400,70.33,70.54,68.83,69.24,137329.425
1700740800,69.24,69.34,68.38,68.54,65043.703
1700755200,68.54,69.58,68.49,69.48,77610.064
1700769600,69.48,69.69,69.39,69.51,32978.257
1700784000,69.51,69.93,69.47,69.63,30481.839
1700798400,69.63,69.88,69.43,69.8,32486.404
1700812800,69.8,70.52,69.5,69.99,105202.898
1700827200,69.99,70.91,69.95,70.52,80285.259
1700841600,70.52,71.77,70.2,70.9,123916.941
1700856000,70.9,70.98,70.12,70.73,59000.557
1700870400,70.73,72.5,70.48,71.47,92655.183
1700884800,71.47,71.57,71.2,71.41,31473.55
1700899200,71.41,71.57,70.72,70.94,55000.997
1700913600,70.94,71.65,70.86,71.56,44347.096
1700928000,71.56,71.83,71.41,71.58,42628.724
1700942400,71.58,71.89,71.29,71.87,34462.008
1700956800,71.87,71.87,71.14,71.46,50252.271
1700971200,71.46,71.57,71.08,71.25,35940.091
1700985600,71.25,71.28,70.8,70.83,42440.567
1701000000,70.83,70.9,70.05,70.23,74046.147
1701014400,70.23,70.3,68.91,69.68,113404.583
1701028800,69.68,70.3,69.62,70.03,57668.397
1701043200,70.03,70.5,68.98,69.43,48189.209
1701057600,69.43,70.07,69.05,69.73,42868.192
1701072000,69.73,70.0,68.42,68.62,80985.194
1701086400,68.62,69.04,68.17,68.36,59739.484
1701100800,68.36,69.09,67.91,68.4,54516.832
1701115200,68.4,69.32,68.13,69.22,35831.716
1701129600,69.22,69.4,68.66,68.79,25398.666
1701144000,68.79,68.92,67.81,68.22,85027.892
1701158400,68.22,69.18,68.06,69.15,56320.969
1701172800,69.15,69.24,68.49,69.03,83724.607
1701187200,69.03,70.27,69.02,69.9,154506.59
1701201600,69.9,70.07,69.43,69.77,228496.149
1701216000,69.77,70.06,69.46,69.72,44424.834
1701230400,69.72,70.07,69.56,69.96,30726.776
1701244800,69.96,70.46,69.45,69.8,73164.377
1701259200,69.8,70.0,69.25,69.61,89491.793
1701273600,69.61,69.95,69.15,69.83,35962.049
1701288000,69.83,70.05,69.48,70.0,30908.673
1701302400,70.0,70.15,69.53,70.0,33684.173
1701316800,70.0,70.1,69.57,69.6,31958.409
1701331200,69.6,69.65,69.15,69.61,43619.964
1701345600,69.61,69.69,69.11,69.3,41587.262
1701360000,69.3,69.56,69.12,69.37,32790.917
1701374400,69.37,69.58,69.24,69.42,28730.755
1701388800,69.42,70.29,69.2,70.06,43961.606
1701403200,70.06,70.53,70.03,70.39,43996.767
1701417600,70.39,71.41,70.28,71.09,107373.848
1701432000,71.09,71.96,70.89,71.38,149860.206
1701446400,71.38,72.23,71.35,71.67,95490.262
1701460800,71.67,71.89,71.38,71.57,37757.562
1701475200,71.57,72.08,71.37,71.88,49194.031
1701489600,71.88,72.12,71.71,71.84,30140.314
1701504000,71.84,72.01,71.53,71.62,42975.109
1701518400,71.62,72.0,71.16,71.81,46128.598
1701532800,71.81,72.65,71.45,72.4,72727.832
1701547200,72.4,72.72,72.02,72.2,45242.206
1701561600,72.2,72.75,71.69,71.91,46409.922
1701576000,71.91,72.02,71.63,71.98,34012.036
1701590400,71.98,72.57,71.8,72.35,49458.379
1701604800,72.35,72.41,71.3,71.73,57274.715
1701619200,71.73,71.89,71.42,71.71,33023.576
1701633600,71.71,72.66,71.61,72.31,65067.675
1701648000,72.31,74.7,72.21,73.88,174873.391
1701662400,73.88,74.37,73.44,73.56,168967.89
1701676800,73.56,75.07,71.9,73.57,294863.591
1701691200,73.57,73.75,72.06,72.54,151134.12
1701705600,72.54,73.24,72.21,72.35,88375.689
1701720000,72.35,72.94,71.89,72.93,130016.314
1701734400,72.93,73.57,71.65,72.55,75911.145
1701748800,72.55,72.74,71.0,71.84,75254.45
1701763200,71.84,72.2,71.5,71.92,55640.583
1701777600,71.92,72.49,71.52,72.36,96133.024
1701792000,72.36,73.91,72.01,72.98,141914.873
1701806400,72.98,74.37,72.58,74.34,98246.769
1701820800,74.34,74.58,72.8,73.42,121223.856
1701835200,73.42,74.11,72.19,73.96,107872.714
1701849600,73.96,74.94,72.6,73.48,202677.974
1701864000,73.48,73.96,72.8,73.37,98459.719
1701878400,73.37,74.0,73.35,73.87,48435.106
1701892800,73.87,73.89,72.17,72.41,61408.682
1701907200,72.41,72.89,72.25,72.88,48239.128
1701921600,72.88,74.38,72.82,73.9,95993.904
1701936000,73.9,74.03,71.82,72.82,139469.605
1701950400,72.82,73.82,72.6,73.5,100827.915
1701964800,73.5,74.51,73.37,73.56,108793.856
1701979200,73.56,74.35,73.33,74.02,71191.326
1701993600,74.02,74.8,73.32,74.49,88342.405
1702008000,74.49,74.97,73.91,74.14,98826.759
1702022400,74.14,75.82,74.08,75.51,184660.014
1702036800,75.51,76.69,75.24,76.0,181655.747
1702051200,76.0,78.88,75.94,77.86,219076.57
1702065600,77.86,78.54,77.26,78.5,84857.99
1702080000,78.5,78.87,77.7,78.53,105748.887
1702094400,78.53,79.4,78.44,79.35,119571.225
1702108800,79.35,79.53,76.62,77.73,203653.628
1702123200,77.73,78.45,76.58,77.58,153295.074
1702137600,77.58,77.71,76.3,76.94,81308.57
1702152000,76.94,77.49,75.52,76.32,72927.651
1702166400,76.32,77.47,76.32,77.28,58302.383
1702180800,77.28,79.0,77.13,78.27,139494.047
1702195200,78.27,78.88,76.99,77.33,124919.555
1702209600,77.33,78.64,77.27,78.18,91781.169
1702224000,78.18,78.33,77.3,77.84,66533.411
1702238400,77.84,78.28,76.73,77.18,78635.63
1702252800,77.18,77.5,70.46,73.81,327712.927
1702267200,73.81,74.1,72.59,73.12,101906.928
1702281600,73.12,73.63,72.72,73.48,99424.158
1702296000,73.48,73.6,71.94,72.67,120624.454
1702310400,72.67,74.22,71.47,72.46,259963.388
1702324800,72.46,72.78,71.87,72.67,79033.323
1702339200,72.67,73.72,72.58,73.12,62509.084
1702353600,73.12,73.35,72.16,73.27,72723.583
1702368000,73.27,73.37,72.4,72.44,66428.055
1702382400,72.44,73.1,71.5,71.92,109685.303
1702396800,71.92,72.43,71.03,71.76,84861.265
1702411200,71.76,72.9,71.36,72.37,80711.336
1702425600,72.37,72.48,70.44,71.12,97181.136
1702440000,71.12,71.5,70.15,71.44,92739.393
1702454400,71.44,71.81,71.1,71.21,47382.619
1702468800,71.21,72.99,71.17,72.5,81261.057
1702483200,72.5,73.12,71.98,72.99,226904.389
1702497600,72.99,75.55,72.42,73.12,171366.732
1702512000,73.12,73.28,72.65,72.89,48096.77
1702526400,72.89,73.49,72.76,73.16,38834.032
1702540800,73.16,74.05,73.1,74.01,156351.897
1702555200,74.01,74.03,71.25,71.85,225063.266
1702569600,71.85,73.08,71.8,72.66,159451.973
1702584000,72.66,73.22,72.34,72.93,45833.623
1702598400,72.93,72.96,72.12,72.57,58599.244
1702612800,72.57,72.64,71.83,72.0,48456.128
1702627200,72.0,72.29,71.65,72.03,64554.864
1702641600,72.03,72.07,70.8,71.25,109977.143
1702656000,71.25,72.08,71.05,71.8,57808.974
1702670400,71.8,72.08,70.52,70.93,48732.162
1702684800,70.93,71.98,70.43,71.84,53957.4
1702699200,71.84,72.17,71.73,72.17,33928.197
1702713600,72.17,72.52,72.02,72.2,52524.464
1702728000,72.2,72.51,71.99,72.25,41031.08
1702742400,72.25,72.4,71.69,71.92,55947.66
1702756800,71.92,72.23,71.73,72.19,35777.835
1702771200,72.19,72.84,71.92,72.33,67532.93
1702785600,72.33,73.22,72.08,72.78,97233.168
1702800000,72.78,73.63,72.49,72.6,85919.384
1702814400,72.6,72.79,71.91,72.77,51244.632
1702828800,72.77,73.35,72.54,72.71,46266.105
1702843200,72.71,72.86,70.86,71.18,57139.375
1702857600,71.18,71.55,69.87,70.43,105832.393
1702872000,70.43,70.89,70.22,70.39,54310.112
1702886400,70.39,70.71,68.0,68.69,174589.449
1702900800,68.69,69.89,68.29,69.39,87622.14
1702915200,69.39,70.27,69.19,70.17,42465.291
1702929600,70.17,70.96,69.89,70.85,51783.311
1702944000,70.85,71.58,70.66,71.11,55303.556
1702958400,71.11,71.41,70.97,71.17,33480.642
1702972800,71.17,71.66,70.92,71.09,76101.61
1702987200,71.09,71.52,70.56,70.93,78531.662
1703001600,70.93,71.17,69.69,70.58,62373.521
1703016000,70.58,70.8,70.16,70.73,37024.367
1703030400,70.73,71.06,70.51,70.73,29535.055
1703044800,70.73,71.39,70.67,71.36,68830.801
1703059200,71.36,71.44,70.86,71.12,40657.237
1703073600,71.12,71.84,70.96,71.55,132481.646
1703088000,71.55,71.89,70.67,70.93,225270.372
1703102400,70.93,70.99,69.38,69.83,241672.73
1703116800,69.83,69.84,68.92,69.72,128252.082
1703131200,69.72,70.04,69.45,69.8,81621.055
1703145600,69.8,70.5,69.68,70.45,104382.34
1703160000,70.45,70.8,69.61,70.1,103937.908
1703174400,70.1,70.6,70.1,70.53,98002.23
1703188800,70.53,71.09,70.44,70.93,64855.785
1703203200,70.93,71.55,70.74,71.02,76235.648
1703217600,71.02,71.48,70.31,70.78,87816.54
1703232000,70.78,71.77,70.46,71.6,91474.52
1703246400,71.6,72.05,70.95,71.85,85913.33
1703260800,71.85,73.09,71.67,72.6,102063.812
1703275200,72.6,73.78,72.56,73.58,95640.799
1703289600,73.58,74.09,71.18,71.68,129964.423
1703304000,71.68,72.52,70.7,71.94,123305.414
1703318400,71.94,72.46,71.79,72.0,48760.126
1703332800,72.0,72.21,71.82,72.06,45672.692
1703347200,72.06,72.5,71.97,72.15,56595.903
1703361600,72.15,72.79,72.01,72.45,68408.743
1703376000,72.45,72.9,71.99,72.68,94055.564
1703390400,72.68,72.95,71.5,72.57,81255.085
1703404800,72.57,72.7,71.74,72.19,77843.516
1703419200,72.19,72.7,72.01,72.07,79013.034
1703433600,72.07,72.76,72.0,72.27,75767.598
1703448000,72.27,72.42,70.0,71.12,99873.678
1703462400,71.12,71.37,70.55,71.35,43028.695
1703476800,71.35,72.08,71.3,71.99,42992.177
1703491200,71.99,72.4,71.6,72.35,68130.049
1703505600,72.35,72.77,72.17,72.49,84358.183
1703520000,72.49,72.58,71.95,72.18,62772.583
1703534400,72.18,72.43,71.57,72.22,63451.065
1703548800,72.22,72.69,72.0,72.68,49690.642
1703563200,72.68,72.84,71.04,72.13,154356.877
1703577600,72.13,74.24,71.51,73.42,163851.66
1703592000,73.42,74.45,72.69,72.99,187478.312
1703606400,72.99,74.14,71.29,72.44,220592.763
1703620800,72.44,73.26,72.02,73.24,75192.511
1703635200,73.24,74.1,72.07,72.37,97597.342
1703649600,72.37,73.79,72.34,73.71,70346.125
1703664000,73.71,75.67,73.45,75.3,265437.99
1703678400,75.3,77.3,75.13,75.55,283228.754
1703692800,75.55,75.8,74.92,75.35,97695.816
1703707200,75.35,76.01,74.73,75.98,114753.427
1703721600,75.98,76.66,75.27,75.66,137906.535
1703736000,75.66,76.99,75.47,76.51,196517.927
1703750400,76.51,77.64,75.93,77.09,172087.96
1703764800,77.09,77.33,74.54,75.11,225091.847
1703779200,75.11,77.0,74.51,76.35,154467.46
1703793600,76.35,77.24,75.4,76.51,94996.164
1703808000,76.51,77.8,75.0,77.19,222877.342
1703822400,77.19,77.39,75.28,75.41,130442.271
1703836800,75.41,76.58,75.39,76.23,199670.026
1703851200,76.23,77.0,74.98,75.51,120484.563
1703865600,75.51,75.7,73.69,74.79,139219.728
1703880000,74.79,74.97,72.71,73.25,96369.739
1703894400,73.25,73.79,72.38,72.95,137396.933
1703908800,72.95,73.98,72.9,73.92,82833.569
1703923200,73.92,74.01,72.57,73.06,81202.894
1703937600,73.06,73.78,72.97,73.55,58779.369
1703952000,73.55,73.81,72.84,73.32,64948.024
1703966400,73.32,73.52,72.76,73.22,35750.252
1703980800,73.22,73.36,72.2,72.78,63346.446
1703995200,72.78,73.45,72.64,73.37,45695.341
1704009600,73.37,74.09,73.14,73.9,79063.222
1704024000,73.9,74.17,73.84,73.94,63162.381
1704038400,73.94,74.24,73.8,73.92,70813.251
1704052800,73.92,74.09,71.41,72.83,80976.716
1704067200,72.83,73.4,72.47,72.67,65267.519
1704081600,72.67,73.25,72.06,73.19,53593.46
1704096000,73.19,73.47,73.02,73.24,37263.329
1704110400,73.24,73.77,73.16,73.69,48134.035
1704124800,73.69,74.41,73.38,74.15,54613.347
1704139200,74.15,74.78,73.98,74.72,49505.26
1704153600,74.72,75.9,74.49,75.09,142599.518
1704168000,75.09,75.19,74.49,74.71,88756.899
1704182400,74.71,75.48,74.55,74.85,96126.551
1704196800,74.85,74.97,73.0,73.39,116697.548
1704211200,73.39,73.56,72.85,73.08,88452.888
1704225600,73.08,73.43,72.48,72.97,75647.459
1704240000,72.97,73.6,72.81,73.13,45733.252
1704254400,73.13,73.61,72.85,72.99,55150.553
1704268800,72.99,73.52,71.36,71.81,158481.469
1704283200,71.81,72.04,57.71,65.89,886339.548
1704297600,65.89,66.1,64.32,64.99,244723.703
1704312000,64.99,65.8,64.85,65.24,122783.772
1704326400,65.24,65.85,64.65,65.07,117335.666
1704340800,65.07,65.85,64.96,64.98,105834.74
1704355200,64.98,65.4,64.5,65.18,133150.559
1704369600,65.18,66.69,64.98,66.32,157964.752
1704384000,66.32,66.59,65.75,66.11,117514.091
1704398400,66.11,67.11,66.09,66.41,97125.07
1704412800,66.41,66.73,63.4,65.21,159724.938
1704427200,65.21,65.93,64.72,65.8,85456.492
1704441600,65.8,66.07,64.71,65.1,109118.628
1704456000,65.1,65.68,64.16,64.96,122272.726
1704470400,64.96,66.13,64.36,65.66,125937.352
1704484800,65.66,66.46,65.17,66.0,56880.921
1704499200,66.0,66.08,65.18,65.35,48166.844
1704513600,65.35,65.53,63.22,64.47,146749.278
1704528000,64.47,65.16,64.11,65.15,59419.334
1704542400,65.15,65.67,64.96,65.5,64848.65
1704556800,65.5,65.88,65.31,65.6,50679.094
1704571200,65.6,65.72,65.2,65.64,34428.204
1704585600,65.64,65.86,65.29,65.66,41464.344
1704600000,65.66,66.38,65.64,65.83,48388.579
1704614400,65.83,66.04,65.27,65.35,59724.453
1704628800,65.35,65.8,64.72,65.03,51505.531
1704643200,65.03,65.34,64.25,65.31,60412.732
1704657600,65.31,65.36,63.68,64.27,95948.279
1704672000,64.27,64.49,61.0,62.35,254977.573
1704686400,62.35,64.81,62.25,64.64,133846.445
1704700800,64.64,64.97,63.83,64.53,128516.914
1704715200,64.53,66.04,64.52,65.66,149184.506
1704729600,65.66,67.24,65.21,67.21,150583.131
1704744000,67.21,68.37,66.65,67.73,106797.884
1704758400,67.73,67.82,66.47,66.88,107228.849
1704772800,66.88,67.44,66.62,66.92,54772.188
1704787200,66.92,67.09,65.76,65.96,104169.539
1704801600,65.96,66.1,64.16,65.03,188660.303
1704816000,65.03,66.66,64.58,65.81,155534.619
1704830400,65.81,67.07,64.65,66.99,202217.12
1704844800,66.99,67.59,66.65,67.55,70992.482
1704859200,67.55,67.82,66.46,66.66,64075.273
1704873600,66.66,67.76,66.39,67.18,150320.728
1704888000,67.18,67.36,65.0,67.19,162068.134
1704902400,67.19,68.14,66.75,67.99,91052.021
1704916800,67.99,71.2,66.5,70.1,313505.56
1704931200,70.1,71.73,69.54,71.4,169713.31
1704945600,71.4,71.55,69.8,71.12,128011.253
1704960000,71.12,73.17,70.75,73.16,203287.332
1704974400,73.16,74.62,71.44,72.06,507873.705
1704988800,72.06,72.59,70.37,72.08,135339.959
1705003200,72.08,72.48,71.01,71.88,67313.539
1705017600,71.88,72.86,70.5,72.67,108991.352
1705032000,72.67,74.05,72.47,72.96,160230.697
1705046400,72.96,76.07,72.86,75.12,362264.001
1705060800,75.12,77.19,74.15,74.43,507296.544
1705075200,74.43,75.94,71.94,73.13,377174.068
1705089600,73.13,74.5,70.4,72.97,218049.425
1705104000,72.97,73.6,71.11,72.39,167979.448
1705118400,72.39,72.77,71.6,72.44,116865.201
1705132800,72.44,72.6,70.98,71.37,125221.518
1705147200,71.37,72.44,71.3,71.99,97745.605
1705161600,71.99,72.15,71.1,71.94,72146.518
1705176000,71.94,72.26,71.81,71.98,49952.38
1705190400,71.98,72.26,71.08,71.41,75258.012
1705204800,71.41,72.07,71.0,71.96,45264.986
1705219200,71.96,72.3,71.57,71.64,68077.262
1705233600,71.64,71.9,71.12,71.67,67056.909
1705248000,71.67,71.75,70.05,70.42,106116.81
1705262400,70.42,70.95,69.43,69.78,121033.633
1705276800,69.78,71.45,69.72,71.29,45704.975
1705291200,71.29,71.62,70.65,70.85,42585.192
1705305600,70.85,71.27,70.48,70.53,41348.955
1705320000,70.53,70.93,69.22,69.51,107945.687
1705334400,69.51,70.78,69.47,70.14,71601.526
1705348800,70.14,70.42,68.79,69.13,77307.603
1705363200,69.13,70.04,69.13,70.0,51866.976
1705377600,70.0,70.2,69.32,69.8,39201.995
1705392000,69.8,70.22,69.5,69.62,59275.637
1705406400,69.62,70.27,68.38,70.23,102681.466
1705420800,70.23,70.33,68.87,69.39,90356.091
1705435200,69.39,70.53,69.36,69.44,118534.664
1705449600,69.44,69.9,69.23,69.42,36741.401
1705464000,69.42,70.0,69.09,69.22,71111.066
1705478400,69.22,69.6,68.92,69.15,61685.421
1705492800,69.15,69.48,68.59,68.7,100358.245
1705507200,68.7,69.64,68.35,69.42,60984.334
1705521600,69.42,69.68,69.15,69.46,51947.788
1705536000,69.46,69.89,68.82,69.25,58345.69
1705550400,69.25,70.06,69.13,70.03,52662.813
1705564800,70.03,70.34,68.76,68.99,70143.691
1705579200,68.99,69.4,68.08,69.31,116279.203
1705593600,69.31,70.08,66.21,66.74,296450.924
1705608000,66.74,68.28,66.4,68.11,149107.937
1705622400,68.11,68.65,66.97,67.98,75102.394
1705636800,67.98,68.79,67.88,68.75,49244.909
1705651200,68.75,69.12,68.3,68.87,47985.587
1705665600,68.87,70.81,68.73,70.14,203766.323
1705680000,70.14,71.01,67.37,70.61,207849.387
1705694400,70.61,71.57,70.43,71.29,63406.727
1705708800,71.29,72.15,70.45,71.56,149699.462
1705723200,71.56,72.76,71.41,72.15,114943.385
1705737600,72.15,72.29,70.94,71.13,124320.253
1705752000,71.13,71.47,70.57,70.93,64308.923
1705766400,70.93,71.18,70.46,70.67,99629.866
1705780800,70.67,71.41,70.54,71.36,61528.098
1705795200,71.36,71.64,71.21,71.35,52862.198
1705809600,71.35,71.49,70.96,71.42,31895.256
1705824000,71.42,71.47,71.04,71.09,43060.304
1705838400,71.09,71.39,70.68,70.87,55687.657
1705852800,70.87,70.98,70.5,70.67,39648.913
1705867200,70.67,72.3,70.6,71.75,88599.045
1705881600,71.75,72.71,71.28,72.24,135965.339
1705896000,72.24,72.71,70.75,72.37,143804.47
1705910400,72.37,72.48,68.3,69.45,196446.132
1705924800,69.45,69.96,67.95,68.72,114962.713
1705939200,68.72,68.84,66.67,67.4,109204.459
1705953600,67.4,68.2,66.8,67.36,70135.79
1705968000,67.36,68.16,67.3,68.14,54277.051
1705982400,68.14,68.43,67.43,67.72,47484.29
1705996800,67.72,67.94,64.07,64.84,244677.503
1706011200,64.84,65.1,63.19,64.96,192640.659
1706025600,64.96,65.5,64.31,64.71,85253.608
1706040000,64.71,65.54,64.26,65.5,77169.76
1706054400,65.5,65.93,64.89,65.02,57735.891
1706068800,65.02,65.78,64.87,65.39,53758.944
1706083200,65.39,66.25,65.27,65.77,62068.428
1706097600,65.77,65.91,64.86,65.5,102271.611
1706112000,65.5,66.0,65.13,65.77,60586.81
1706126400,65.77,66.35,65.39,66.13,48999.129
1706140800,66.13,66.16,65.42,65.64,41474.913
1706155200,65.64,65.88,65.22,65.8,32109.888
1706169600,65.8,65.88,65.29,65.63,39635.904
1706184000,65.63,65.78,64.63,64.87,53909.284
1706198400,64.87,65.78,64.56,65.75,57886.26
1706212800,65.75,65.93,65.33,65.5,50070.852
1706227200,65.5,66.0,65.19,65.71,31029.538
1706241600,65.71,65.82,65.31,65.51,23714.839
1706256000,65.51,66.94,65.46,66.86,68928.076
1706270400,66.86,67.1,66.3,66.98,72106.487
1706284800,66.98,67.55,66.96,67.23,71632.685
1706299200,67.23,67.44,66.82,67.05,53716.537
1706313600,67.05,67.49,66.96,67.27,33834.136
1706328000,67.27,67.33,66.37,66.54,32702.53
1706342400,66.54,67.12,66.34,67.02,35377.969
1706356800,67.02,67.29,66.89,67.19,35095.123
1706371200,67.19,68.28,67.17,68.09,68851.68
1706385600,68.09,68.33,67.95,68.06,43008.561
1706400000,68.06,68.39,67.75,68.28,34553.226
1706414400,68.28,68.49,67.75,67.81,56354.022
1706428800,67.81,68.13,67.56,67.77,36516.272
1706443200,67.77,67.92,67.29,67.65,48330.63
1706457600,67.65,68.25,67.31,67.94,60545.985
1706472000,67.94,68.46,67.44,68.35,64725.468
1706486400,68.35,68.55,67.94,68.14,46590.566
1706500800,68.14,68.16,67.41,67.45,36116.184
1706515200,67.45,67.84,67.33,67.59,128117.863
1706529600,67.59,67.67,66.84,67.56,58615.466
1706544000,67.56,68.72,67.3,68.37,110076.863
1706558400,68.37,68.79,68.26,68.43,55895.328
1706572800,68.43,68.74,68.0,68.16,48258.631
1706587200,68.16,68.24,67.85,68.07,32891.475
1706601600,68.07,68.46,67.96,68.37,35385.697
1706616000,68.37,68.53,67.46,68.2,68077.439
1706630400,68.2,68.72,68.0,68.45,55779.404
1706644800,68.45,68.52,67.17,67.47,59244.335
1706659200,67.47,68.0,67.05,67.97,74782.041
1706673600,67.97,68.27,67.78,68.24,33281.384
1706688000,68.24,70.07,67.53,68.09,273886.064
1706702400,68.09,68.37,67.05,68.36,86701.672
1706716800,68.36,68.47,67.3,67.81,56959.069
1706731200,67.81,67.85,66.14,66.76,86601.946
1706745600,66.76,66.95,65.7,66.57,64940.202
1706760000,66.57,66.81,66.29,66.56,32197.622
1706774400,66.56,66.76,66.05,66.09,42243.908
1706788800,66.09,67.07,66.03,66.69,56125.803
1706803200,66.69,67.76,66.43,67.58,46952.969
1706817600,67.58,68.13,67.35,67.54,46774.639
1706832000,67.54,67.99,67.32,67.84,30256.111
1706846400,67.84,68.02,67.63,67.92,25780.135
1706860800,67.92,68.03,67.64,67.92,34292.684
1706875200,67.92,68.4,67.54,68.38,54626.015
1706889600,68.38,68.43,67.58,67.85,40184.526
1706904000,67.85,68.09,67.75,68.05,24402.498
1706918400,68.05,68.33,67.94,68.11,21953.319
1706932800,68.11,68.41,68.05,68.17,26644.827
1706947200,68.17,68.46,67.9,68.13,31715.83
1706961600,68.13,68.72,67.98,68.53,38524.424
1706976000,68.53,68.53,68.11,68.32,31705.077
1706990400,68.32,69.2,68.16,68.81,65391.795
1707004800,68.81,68.9,68.23,68.25,49027.517
1707019200,68.25,68.27,67.59,67.79,45482.385
1707033600,67.79,68.23,67.46,68.18,32464.596
1707048000,68.18,68.18,67.67,67.81,29747.47
1707062400,67.81,67.81,66.84,67.09,81631.412
1707076800,67.09,67.5,66.46,66.94,49827.433
1707091200,66.94,67.21,66.58,67.16,33371.269
1707105600,67.16,67.57,66.96,67.55,25297.775
1707120000,67.55,68.12,67.47,67.98,56814.23
1707134400,67.98,68.26,67.29,67.54,64559.474
1707148800,67.54,68.06,67.4,67.79,40277.711
1707163200,67.79,67.91,67.21,67.7,52110.775
1707177600,67.7,68.18,67.56,67.8,28109.148
1707192000,67.8,67.99,67.63,67.99,35082.044
1707206400,67.99,68.2,67.55,67.84,53325.528
1707220800,67.84,68.13,67.6,68.04,72784.301
1707235200,68.04,68.38,67.99,68.35,50799.302
1707249600,68.35,68.8,68.25,68.29,77263.45
1707264000,68.29,68.56,67.89,67.94,35449.863
1707278400,67.94,68.1,67.75,67.95,37335.983
1707292800,67.95,68.27,67.82,67.83,38099.558
1707307200,67.83,68.17,67.77,68.06,44281.989
1707321600,68.06,68.83,68.01,68.07,111358.249
1707336000,68.07,68.8,68.06,68.62,88965.811
1707350400,68.62,69.04,68.53,68.85,54913.525
1707364800,68.85,69.02,68.48,68.78,77937.913
1707379200,68.78,68.97,68.56,68.71,46862.448
1707393600,68.71,69.39,68.44,69.21,80423.509
1707408000,69.21,69.39,68.36,68.7,64194.587
1707422400,68.7,70.66,68.68,70.53,136725.071
1707436800,70.53,71.95,70.28,71.39,228561.927
1707451200,71.39,71.54,70.79,70.94,119957.38
1707465600,70.94,71.07,70.07,70.89,158318.071
1707480000,70.89,71.3,70.11,70.87,137670.875
1707494400,70.87,70.99,70.37,70.71,67840.449
1707508800,70.71,70.97,70.43,70.64,62255.195
1707523200,70.64,71.19,70.63,70.86,55345.832
1707537600,70.86,70.97,70.4,70.67,59169.281
1707552000,70.67,70.81,69.93,70.26,93408.168
1707566400,70.26,70.46,70.07,70.36,39847.631
1707580800,70.36,70.7,70.28,70.63,44990.82
1707595200,70.63,71.3,70.5,70.8,76708.395
1707609600,70.8,72.97,70.6,72.68,168924.617
1707624000,72.68,73.1,72.24,72.37,182390.619
1707638400,72.37,72.58,71.74,72.08,61570.884
1707652800,72.08,72.35,71.54,72.28,59366.91
1707667200,72.28,72.57,71.8,72.3,78577.887
1707681600,72.3,72.42,71.35,71.55,63117.532
1707696000,71.55,71.86,70.67,71.13,58581.587
1707710400,71.13,71.26,70.59,71.17,47042.842
1707724800,71.17,71.24,70.32,70.67,51798.426
1707739200,70.67,72.34,70.43,72.18,72563.708
1707753600,72.18,73.3,71.66,72.27,159561.232
1707768000,72.27,73.46,72.27,72.82,98061.872
1707782400,72.82,73.16,71.85,71.93,67154.131
1707796800,71.93,72.51,71.93,72.46,65164.25
1707811200,72.46,73.08,71.54,71.94,119258.064
1707825600,71.94,72.09,68.53,68.84,417909.611
1707840000,68.84,68.85,68.1,68.38,243488.4
1707854400,68.38,69.0,68.34,68.97,156352.191
1707868800,68.97,69.18,68.41,69.04,90287.989
1707883200,69.04,69.4,68.78,69.34,86319.716
1707897600,69.34,70.76,69.08,70.23,324539.633
1707912000,70.23,70.54,69.2,69.77,276292.798
1707926400,69.77,69.81,68.8,69.73,206538.192
1707940800,69.73,70.09,69.53,69.81,69408.281
1707955200,69.81,70.6,69.61,70.45,139825.574
1707969600,70.45,70.46,69.39,69.99,87146.691
1707984000,69.99,70.48,69.78,69.97,113319.631
1707998400,69.97,70.95,69.16,69.29,248961.483
1708012800,69.29,70.03,69.08,69.88,218301.178
1708027200,69.88,69.91,69.0,69.76,85079.204
1708041600,69.76,70.52,69.48,70.33,61332.178
1708056000,70.33,70.6,69.76,69.88,75456.217
1708070400,69.88,70.99,69.39,70.54,120543.268
1708084800,70.54,70.76,68.61,69.71,172146.486
1708099200,69.71,70.02,69.39,69.66,81404.045
1708113600,69.66,70.64,69.56,70.59,53561.546
1708128000,70.59,70.7,69.75,70.5,63247.727
1708142400,70.5,70.52,69.93,70.37,43553.774
1708156800,70.37,70.45,69.74,70.19,60879.43
1708171200,70.19,70.23,68.0,69.18,158744.06
1708185600,69.18,69.84,69.06,69.83,65928.695
1708200000,69.83,70.28,69.8,69.97,43860.56
1708214400,69.97,70.67,69.82,70.56,65658.477
1708228800,70.56,70.6,70.1,70.43,47894.265
1708243200,70.43,70.65,70.29,70.49,55590.022
1708257600,70.49,70.51,70.03,70.29,61151.349
1708272000,70.29,70.78,70.2,70.51,60600.244
1708286400,70.51,71.35,70.19,70.8,102192.138
1708300800,70.8,71.36,70.58,71.0,73911.332
1708315200,71.0,71.3,70.57,71.26,65843.641
1708329600,71.26,71.27,70.42,70.89,100680.991
1708344000,70.89,71.3,70.5,71.17,106404.566
1708358400,71.17,71.35,70.56,71.29,100191.931
1708372800,71.29,71.74,71.11,71.3,74558.206
1708387200,71.3,71.48,70.37,70.5,91111.798
1708401600,70.5,71.24,70.23,70.91,71593.604
1708416000,70.91,70.94,69.6,70.65,127357.508
1708430400,70.65,71.11,67.41,68.92,279180.571
1708444800,68.92,69.65,67.83,69.65,158233.849
1708459200,69.65,69.93,69.34,69.65,54824.582
1708473600,69.65,69.69,68.89,69.04,51129.045
1708488000,69.04,69.18,68.43,68.94,48898.791
1708502400,68.94,69.2,67.39,67.93,103706.905
1708516800,67.93,68.59,67.41,68.18,116724.095
1708531200,68.18,68.52,67.32,68.02,93058.303
1708545600,68.02,68.99,67.88,68.9,58734.964
1708560000,68.9,68.93,67.91,68.38,58171.68
1708574400,68.38,69.0,68.14,68.93,43773.992
1708588800,68.93,69.76,68.77,69.15,137953.056
1708603200,69.15,69.73,68.62,69.52,111689.825
1708617600,69.52,69.62,68.73,69.0,90229.531
1708632000,69.0,69.46,68.68,68.8,74964.846
1708646400,68.8,69.03,68.21,68.42,49926.298
1708660800,68.42,68.65,68.05,68.32,38591.274
1708675200,68.32,68.46,67.77,68.29,62670.552
1708689600,68.29,68.73,67.85,68.15,85259.14
1708704000,68.15,68.84,67.48,68.74,101491.89
1708718400,68.74,69.1,68.28,68.8,56796.811
1708732800,68.8,69.49,68.62,69.33,65050.861
1708747200,69.33,69.75,69.23,69.7,56604.481
1708761600,69.7,69.85,69.46,69.84,53439.059
1708776000,69.84,70.64,69.76,70.1,75960.475
1708790400,70.1,70.67,69.95,70.38,64042.411
1708804800,70.38,70.59,70.16,70.41,53304.144
1708819200,70.41,70.61,69.91,70.11,66307.382
1708833600,70.11,70.23,69.75,70.21,30333.591
1708848000,70.21,70.3,69.75,69.95,47651.336
1708862400,69.95,70.42,69.79,70.04,62465.749
1708876800,70.04,70.43,69.91,70.25,56441.343
1708891200,70.25,70.6,69.9,70.16,69548.389
1708905600,70.16,70.38,69.78,70.07,44894.491
1708920000,70.07,70.4,69.63,69.97,58592.815
1708934400,69.97,70.13,69.1,69.5,75804.855
1708948800,69.5,71.33,69.27,71.16,161203.842
1708963200,71.16,71.5,70.52,71.45,212344.076
1708977600,71.45,72.99,71.44,71.93,201951.318
1708992000,71.93,76.38,71.93,74.59,542369.502
1709006400,74.59,75.8,74.34,75.32,269208.632
1709020800,75.32,76.38,74.78,74.96,198356.162
1709035200,74.96,75.61,72.85,73.26,268945.025
1709049600,73.26,74.51,72.65,74.4,183178.49
1709064000,74.4,74.61,73.92,73.97,70136.741
1709078400,73.97,74.92,73.67,73.97,124314.746
1709092800,73.97,74.99,73.71,74.85,90677.199
1709107200,74.85,76.11,73.93,74.61,296096.296
1709121600,74.61,76.32,74.55,74.99,298032.465
1709136000,74.99,77.94,70.27,73.02,840586.599
1709150400,73.02,74.98,72.49,74.48,154248.43
1709164800,74.48,77.05,73.87,76.95,268809.002
1709179200,76.95,84.58,76.82,82.31,800392.818
1709193600,82.31,82.78,81.39,82.01,272068.631
1709208000,82.01,83.69,80.88,82.69,305356.606
1709222400,82.69,84.96,81.45,82.76,539009.83
1709236800,82.76,83.04,77.88,79.92,258033.393
1709251200,79.92,84.62,79.92,83.29,342271.812
1709265600,83.29,86.18,83.12,84.18,300549.04
1709280000,84.18,85.51,83.79,84.62,147202.067
1709294400,84.62,84.95,82.6,82.95,208052.103
1709308800,82.95,84.47,82.51,83.97,149729.575
1709323200,83.97,85.16,83.93,84.87,144713.979
1709337600,84.87,91.91,84.45,91.1,659933.3
1709352000,91.1,91.34,89.47,90.1,389646.712
1709366400,90.1,91.6,88.5,90.68,318387.741
1709380800,90.68,93.0,90.44,90.94,399315.679
1709395200,90.94,92.8,90.7,91.88,188331.442
1709409600,91.88,94.5,90.94,94.49,270287.808
1709424000,94.49,94.68,90.99,92.84,362598.128
1709438400,92.84,93.64,83.51,88.52,345768.67
1709452800,88.52,91.36,87.5,91.29,234269.534
1709467200,91.29,92.44,90.27,91.12,177171.53
1709481600,91.12,91.69,90.36,90.69,112373.815
1709496000,90.69,91.25,90.15,90.7,87972.324
1709510400,90.7,92.04,88.8,89.8,243282.432
1709524800,89.8,91.99,89.51,90.42,225035.899
1709539200,90.42,92.69,89.35,90.6,345970.06
1709553600,90.6,90.83,88.23,90.32,259032.136
1709568000,90.32,90.8,87.49,89.73,349311.252
1709582400,89.73,89.78,87.82,88.95,177750.559
1709596800,88.95,91.86,88.33,89.14,375198.196
1709611200,89.14,90.94,85.4,88.87,659319.444
1709625600,88.87,90.52,87.84,89.61,220847.565
1709640000,89.61,91.33,87.97,88.39,450403.616
1709654400,88.39,88.88,72.0,77.46,686835.922
1709668800,77.46,82.49,76.2,81.93,581542.973
1709683200,81.93,82.37,79.76,81.48,301992.856
1709697600,81.48,85.9,81.47,85.9,240996.34
1709712000,85.9,87.4,84.26,85.15,266296.508
1709726400,85.15,85.47,81.75,83.15,373630.027
1709740800,83.15,84.67,82.93,84.27,128548.976
1709755200,84.27,85.91,83.78,85.87,118212.211
1709769600,85.87,86.89,84.6,84.85,149456.044
1709784000,84.85,85.46,83.38,84.87,206549.073
1709798400,84.87,86.7,84.75,86.21,224488.264
1709812800,86.21,87.5,84.7,86.58,217558.384
1709827200,86.58,89.0,85.82,88.79,190259.16
1709841600,88.79,89.99,87.93,88.0,286073.523
1709856000,88.0,89.33,87.42,88.74,205251.03
1709870400,88.74,88.99,87.17,87.41,155225.743
1709884800,87.41,88.17,86.33,87.9,158338.128
1709899200,87.9,89.48,83.78,86.46,350625.285
1709913600,86.46,87.99,84.55,87.02,294041.981
1709928000,87.02,88.59,86.7,88.32,136086.603
1709942400,88.32,90.31,88.13,88.83,178983.999
1709956800,88.83,89.0,88.24,88.72,89699.919
1709971200,88.72,88.9,86.77,87.94,133363.395
1709985600,87.94,90.0,87.72,89.47,186853.215
1710000000,89.47,90.74,88.43,88.58,186767.452
1710014400,88.58,90.97,88.47,90.67,129177.699
1710028800,90.67,90.82,89.09,89.18,148478.809
1710043200,89.18,89.63,88.42,89.07,86261.394
1710057600,89.07,89.38,87.67,88.47,139422.248
1710072000,88.47,88.72,86.13,87.89,169649.81
1710086400,87.89,88.8,87.8,88.23,82343.231
1710100800,88.23,88.23,85.35,87.43,90903.699
1710115200,87.43,87.71,83.22,86.87,223685.24
1710129600,86.87,90.89,86.08,90.07,317480.38
1710144000,90.07,95.45,90.07,94.69,647220.187
1710158400,94.69,103.75,94.44,101.14,825991.064
1710172800,101.14,105.14,101.12,105.0,740202.834
1710187200,105.0,105.7,103.31,103.86,341687.622
1710201600,103.86,104.27,98.66,98.94,538924.749
1710216000,98.94,100.78,97.92,98.72,363640.425
1710230400,98.72,98.96,95.88,97.51,442694.678
1710244800,97.51,98.76,95.36,96.71,439432.465
1710259200,96.71,98.45,91.77,98.12,541159.128
1710273600,98.12,98.13,96.43,97.52,115400.393
1710288000,97.52,98.81,97.11,98.13,139036.368
1710302400,98.13,98.76,96.47,98.18,195838.431
1710316800,98.18,98.95,96.9,97.36,239430.191
1710331200,97.36,97.86,94.03,95.94,324049.27
1710345600,95.94,96.69,95.27,96.51,129280.238
1710360000,96.51,97.37,95.53,97.24,106434.573
1710374400,97.24,97.24,95.76,96.03,124687.232
1710388800,96.03,96.38,94.62,95.3,147781.531
1710403200,95.3,98.24,95.08,96.19,307538.918
1710417600,96.19,96.64,92.37,93.9,373703.893
1710432000,93.9,95.37,89.55,91.49,348896.078
1710446400,91.49,95.18,91.46,94.08,137454.163
1710460800,94.08,95.39,86.2,89.69,361251.956
1710475200,89.69,90.07,87.06,89.6,353086.413
1710489600,89.6,89.76,83.33,87.8,449170.586
1710504000,87.8,89.2,87.09,88.22,139227.024
1710518400,88.22,91.27,87.42,88.9,191439.012
1710532800,88.9,90.03,86.8,89.75,133392.346
1710547200,89.75,90.42,89.1,89.49,124778.993
1710561600,89.49,90.37,88.25,90.31,146263.844
1710576000,90.31,90.75,88.49,89.48,179192.175
1710590400,89.48,89.79,86.27,88.35,186276.699
1710604800,88.35,88.76,83.3,84.68,264671.045
1710619200,84.68,85.46,82.25,84.12,248112.117
1710633600,84.12,86.34,83.23,86.2,154635.598
1710648000,86.2,86.26,80.7,83.18,211611.035
1710662400,83.18,86.34,82.91,86.03,171777.307
1710676800,86.03,86.68,84.58,86.29,138473.689
1710691200,86.29,86.71,85.6,86.5,95705.566
1710705600,86.5,86.79,85.34,85.93,81616.563
1710720000,85.93,85.93,83.05,85.26,119335.776
1710734400,85.26,86.42,84.57,85.71,90457.183
1710748800,85.71,85.73,83.52,84.94,150983.497
1710763200,84.94,85.21,81.65,83.0,194022.632
1710777600,83.0,83.74,80.76,82.23,162194.605
1710792000,82.23,88.06,82.23,86.77,261587.005
1710806400,86.77,87.79,81.65,83.98,419249.046
1710820800,83.98,84.07,78.01,80.8,519809.902
1710835200,80.8,80.89,77.82,79.65,381815.271
1710849600,79.65,81.4,78.44,81.35,243223.542
1710864000,81.35,82.4,80.63,81.46,146040.756
1710878400,81.46,81.61,77.13,78.45,251498.812
1710892800,78.45,80.72,78.37,78.91,183355.132
1710907200,78.91,81.6,76.97,81.28,284957.607
1710921600,81.28,81.59,80.7,81.26,140789.22
1710936000,81.26,82.23,80.59,80.72,206955.485
1710950400,80.72,84.5,77.98,83.83,350783.47
1710964800,83.83,85.29,83.53,84.65,196287.038
1710979200,84.65,86.19,84.08,85.45,143529.91
1710993600,85.45,85.65,83.57,84.97,178316.382
1711008000,84.97,86.12,84.6,85.4,111465.401
1711022400,85.4,86.86,84.87,86.21,165295.305
1711036800,86.21,87.02,83.86,86.84,236358.209
1711051200,86.84,86.91,85.46,85.75,99725.337
1711065600,85.75,85.99,84.22,85.74,112154.676
1711080000,85.74,86.22,85.17,85.24,84435.804
1711094400,85.24,85.53,82.28,82.7,129034.671
1711108800,82.7,83.44,80.58,82.8,220444.961
1711123200,82.8,83.49,81.88,83.17,93966.061
1711137600,83.17,83.43,81.54,83.4,85127.545
1711152000,83.4,85.16,82.85,83.76,113175.507
1711166400,83.76,84.55,83.72,84.33,68387.706
1711180800,84.33,86.6,84.06,86.54,197738.44
1711195200,86.54,87.5,85.84,86.32,244629.709
1711209600,86.32,87.49,86.09,86.99,109816.17
1711224000,86.99,87.3,85.15,85.26,69808.358
1711238400,85.26,87.29,85.25,86.99,117211.517
1711252800,86.99,88.51,86.02,86.93,153059.15
1711267200,86.93,88.06,86.5,87.67,130251.608
1711281600,87.67,90.8,87.01,89.34,302115.154
1711296000,89.34,90.52,88.72,89.62,241469.969
1711310400,89.62,90.48,89.17,89.65,108370.265
1711324800,89.65,90.0,88.62,89.92,130173.869
1711339200,89.92,90.75,89.11,89.31,233323.067
1711353600,89.31,90.74,88.54,88.75,164728.175
1711368000,88.75,91.74,88.68,91.13,255440.32
1711382400,91.13,92.06,90.25,91.2,193607.755
1711396800,91.2,91.35,89.73,90.58,117897.98
1711411200,90.58,91.28,90.2,91.05,76717.527
1711425600,91.05,92.34,90.82,90.93,121539.467
1711440000,90.93,91.77,90.5,91.2,115347.091
1711454400,91.2,91.26,87.97,88.96,269669.547
1711468800,88.96,96.22,87.53,95.13,755276.327
1711483200,95.13,97.06,94.23,95.77,428995.196
1711497600,95.77,99.0,95.51,96.81,431683.536
1711512000,96.81,97.62,95.42,95.61,256813.198
1711526400,95.61,98.0,94.19,97.72,330049.969
1711540800,97.72,97.9,92.3,93.6,514554.38
1711555200,93.6,95.01,92.96,93.83,166383.693
1711569600,93.83,94.71,93.16,93.55,93624.312
1711584000,93.55,96.04,93.46,95.18,226838.836
1711598400,95.18,96.56,95.0,96.38,194769.348
1711612800,96.38,96.59,94.62,95.07,181187.262
1711627200,95.07,95.94,94.27,94.83,192980.693
1711641600,94.83,96.46,93.41,93.51,198668.104
1711656000,93.51,94.56,93.33,94.11,117667.275
1711670400,94.11,95.56,93.34,94.51,196883.862
1711684800,94.51,95.26,92.75,93.14,245581.853
1711699200,93.14,103.65,92.94,102.27,860855.791
1711713600,102.27,106.4,102.27,104.21,998429.995
1711728000,104.21,107.9,103.75,105.48,480592.246
1711742400,105.48,110.44,104.86,109.06,507215.233
1711756800,109.06,109.25,104.83,105.29,409098.388
1711771200,105.29,105.49,103.29,104.73,259677.434
1711785600,104.73,104.8,103.11,103.37,150761.989
1711800000,103.37,103.69,101.95,102.31,198021.163
1711814400,102.31,102.7,101.32,102.2,134297.729
1711828800,102.2,103.13,101.06,102.84,90531.203
1711843200,102.84,104.96,102.2,102.95,196525.13
1711857600,102.95,103.37,102.17,102.71,106391.713
1711872000,102.71,103.12,101.41,102.31,102305.39
1711886400,102.31,103.86,101.49,103.21,125328.269
1711900800,103.21,104.7,102.86,104.58,209410.192
1711915200,104.58,106.87,104.42,105.01,294111.841
1711929600,105.01,112.8,104.53,109.92,543932.788
1711944000,109.92,111.62,103.49,108.35,710911.517
1711958400,108.35,108.95,103.95,104.21,343632.585
1711972800,104.21,105.78,97.71,98.39,536255.659
1711987200,98.39,99.7,97.23,99.32,220199.291
1712001600,99.32,99.99,98.54,99.2,147450.207
1712016000,99.2,99.29,93.1,96.09,403756.358
1712030400,96.09,99.42,95.6,98.95,361234.729
1712044800,98.95,102.95,97.16,102.51,626711.508
1712059200,102.51,108.7,99.18,105.81,829679.864
1712073600,105.81,108.19,104.36,107.36,378614.961
1712088000,107.36,108.99,105.72,106.75,278979.779
1712102400,106.75,109.86,101.13,103.12,705380.053
1712116800,103.12,103.52,101.18,101.39,253257.329
1712131200,101.39,101.95,99.62,100.48,212161.325
1712145600,100.48,101.44,98.41,98.6,288553.94
1712160000,98.6,99.69,97.18,98.26,236778.927
1712174400,98.26,99.15,96.5,98.33,172268.841
1712188800,98.33,102.01,97.3,98.19,433621.195
1712203200,98.19,102.09,97.0,101.53,247008.077
1712217600,101.53,104.3,99.69,100.14,430872.094
1712232000,100.14,101.69,98.87,99.47,287523.003
1712246400,99.47,101.18,98.53,98.81,167030.382
1712260800,98.81,98.93,96.23,98.38,220290.742
1712275200,98.38,99.49,96.7,98.39,237302.972
1712289600,98.39,99.96,96.54,98.94,287314.242
1712304000,98.94,100.25,96.42,96.46,218835.849
1712318400,96.46,98.94,95.0,97.97,268742.48
1712332800,97.97,99.94,96.67,99.83,145764.758
1712347200,99.83,99.91,97.82,97.82,86766.042
1712361600,97.82,98.97,97.17,98.17,99462.927
1712376000,98.17,99.89,98.14,99.81,102979.428
1712390400,99.81,102.47,99.41,101.53,204648.377
1712404800,101.53,102.03,100.31,100.77,163128.546
1712419200,100.77,100.97,99.68,100.34,112528.858
1712433600,100.34,101.89,99.9,101.6,88690.274
1712448000,101.6,105.99,100.87,104.29,307857.59
1712462400,104.29,104.89,102.78,103.56,110630.744
1712476800,103.56,104.18,102.53,103.08,101981.033
1712491200,103.08,103.87,101.96,102.3,165551.724
1712505600,102.3,102.95,100.65,100.92,151421.418
1712520000,100.92,101.4,100.11,101.21,100765.348
1712534400,101.21,101.72,99.52,100.76,113922.831
1712548800,100.76,102.3,100.45,102.17,109053.852
1712563200,102.17,106.06,101.99,104.18,404312.342
1712577600,104.18,104.94,102.37,102.85,217831.128
1712592000,102.85,104.05,102.73,103.69,97832.174
1712606400,103.69,104.4,103.19,103.27,70181.456
1712620800,103.27,103.46,101.43,102.28,151864.006
1712635200,102.28,102.42,99.82,100.1,197413.541
1712649600,100.1,100.28,98.08,100.13,180962.29
1712664000,100.13,100.54,96.43,98.0,251183.181
1712678400,98.0,98.59,96.92,98.45,72492.396
1712692800,98.45,98.57,97.08,97.53,60745.122
1712707200,97.53,98.3,95.69,97.24,228378.761
1712721600,97.24,98.21,97.07,97.45,92164.465
1712736000,97.45,97.46,95.54,96.61,115188.128
1712750400,96.61,96.83,93.5,95.73,236431.999
1712764800,95.73,97.04,95.03,96.31,104628.697
1712779200,96.31,97.52,95.73,96.71,114982.831
1712793600,96.71,97.29,95.98,97.26,94552.993
1712808000,97.26,98.32,96.52,97.95,87360.551
1712822400,97.95,98.28,95.72,95.94,104089.288
1712836800,95.94,97.05,94.87,96.09,136584.976
1712851200,96.09,98.57,95.06,98.53,237220.523
1712865600,98.53,99.96,98.12,98.78,142387.253
1712880000,98.78,99.58,97.82,98.34,166632.403
1712894400,98.34,98.96,98.04,98.44,94820.65
1712908800,98.44,98.44,96.89,97.84,118782.397
1712923200,97.84,97.91,95.0,95.76,183818.033
1712937600,95.76,96.11,79.86,85.82,1216638.604
1712952000,85.82,86.44,84.75,86.08,313629.011
1712966400,86.08,86.25,82.88,85.65,334142.336
1712980800,85.65,86.56,85.23,85.35,134536.73
1712995200,85.35,86.5,84.88,85.68,108893.325
1713009600,85.68,86.67,85.13,85.49,131099.614
1713024000,85.49,85.67,75.75,77.13,762201.538
1713038400,77.13,78.74,70.5,77.33,1162180.137
1713052800,77.33,77.59,73.61,75.62,394154.106
1713067200,75.62,79.68,75.14,79.62,273706.964
1713081600,79.62,80.28,77.44,77.78,198911.788
1713096000,77.78,79.35,76.89,77.79,255938.62
1713110400,77.79,79.52,75.39,77.8,274391.48
1713124800,77.8,80.44,76.35,79.72,233305.604
1713139200,79.72,79.77,78.06,78.66,264505.456
1713153600,78.66,82.68,78.01,82.14,253921.941
1713168000,82.14,82.83,80.59,80.6,170644.168
1713182400,80.6,81.46,77.36,79.34,237532.078
1713196800,79.34,79.69,75.61,78.12,339959.219
1713211200,78.12,78.74,76.59,78.1,143805.731
1713225600,78.1,78.58,76.85,77.44,99746.333
1713240000,77.44,79.9,75.31,79.25,145027.726
1713254400,79.25,79.45,76.13,79.01,185719.918
1713268800,79.01,79.06,77.09,77.45,156932.401
1713283200,77.45,79.77,77.11,78.83,119009.226
1713297600,78.83,80.44,78.71,79.94,64962.235
1713312000,79.94,80.6,79.25,79.47,128458.744
1713326400,79.47,80.0,78.31,78.59,60739.638
1713340800,78.59,78.96,77.4,77.56,61304.708
1713355200,77.56,78.45,76.25,77.39,192600.326
1713369600,77.39,80.41,76.46,79.69,132290.255
1713384000,79.69,80.82,79.08,80.19,77896.794
1713398400,80.19,81.08,78.71,80.34,195960.509
1713412800,80.34,80.61,78.75,79.2,106469.828
1713427200,79.2,82.53,78.64,80.98,245487.945
1713441600,80.98,82.19,80.02,81.64,160761.095
1713456000,81.64,81.83,79.63,80.7,113171.402
1713470400,80.7,81.4,80.39,80.75,46591.215
1713484800,80.75,80.76,75.77,78.92,231135.386
1713499200,78.92,82.2,78.53,80.78,138086.919
1713513600,80.78,81.69,80.37,81.19,92173.153
1713528000,81.19,81.87,80.21,81.61,119946.699
1713542400,81.61,82.17,80.75,81.57,79175.156
1713556800,81.57,81.75,79.63,80.87,81624.552
1713571200,80.87,82.53,80.27,82.47,50339.083
1713585600,82.47,82.9,81.9,82.48,51743.665
1713600000,82.48,83.12,82.2,82.48,73396.375
1713614400,82.48,83.86,82.21,83.84,60003.435
1713628800,83.84,85.98,83.29,85.13,150376.12
1713643200,85.13,85.61,84.7,85.04,49150.273
1713657600,85.04,85.4,83.97,84.9,73961.884
1713672000,84.9,85.69,84.54,85.52,55375.923
1713686400,85.52,85.67,84.7,85.15,46466.421
1713700800,85.15,85.27,83.53,84.41,47878.124
1713715200,84.41,84.49,82.73,83.71,76294.864
1713729600,83.71,84.96,83.5,84.16,61768.229
1713744000,84.16,85.89,83.95,85.35,111844.508
1713758400,85.35,86.13,84.8,84.89,83657.78
1713772800,84.89,85.45,84.47,84.76,63463.214
1713787200,84.76,85.22,84.08,85.01,80798.865
1713801600,85.01,86.18,84.35,85.71,141397.88
1713816000,85.71,86.49,85.32,85.39,108584.341
1713830400,85.39,85.67,84.54,84.63,73486.371
1713844800,84.63,84.97,84.08,84.3,58390.078
1713859200,84.3,84.81,84.07,84.2,70521.947
1713873600,84.2,85.2,83.98,84.68,76363.493
1713888000,84.68,86.39,84.57,86.03,69186.109
1713902400,86.03,86.1,84.44,85.02,88683.337
1713916800,85.02,86.48,84.69,86.01,91975.073
1713931200,86.01,87.0,86.0,86.91,81674.766
1713945600,86.91,87.72,86.7,86.72,145056.447
1713960000,86.72,87.18,84.36,84.89,250281.523
1713974400,84.89,85.81,83.52,84.58,179519.919
1713988800,84.58,84.88,82.34,83.25,182974.657
1714003200,83.25,83.88,81.83,83.69,126940.329
1714017600,83.69,84.15,82.5,83.24,92125.606
1714032000,83.24,84.22,82.39,83.62,169451.473
1714046400,83.62,84.39,82.48,83.72,161995.208
1714060800,83.72,84.74,83.27,84.67,79164.11
1714075200,84.67,85.07,83.74,83.78,41128.595
1714089600,83.78,85.98,83.09,84.97,197120.093
1714104000,84.97,86.09,84.6,85.2,89103.963
1714118400,85.2,85.81,84.88,85.24,72260.649
1714132800,85.24,88.59,85.16,86.99,456075.958
1714147200,86.99,88.39,86.25,88.06,149698.097
1714161600,88.06,88.54,87.2,88.1,98051.664
1714176000,88.1,88.46,85.11,87.89,159987.665
1714190400,87.89,88.06,86.27,86.42,90629.27
1714204800,86.42,86.59,84.86,85.22,132694.662
1714219200,85.22,85.55,84.36,84.71,82522.94
1714233600,84.71,84.95,83.14,84.09,156885.814
1714248000,84.09,84.25,83.32,83.88,77075.099
1714262400,83.88,85.36,83.81,84.65,72615.237
1714276800,84.65,85.24,84.06,84.89,61310.788
1714291200,84.89,85.23,83.94,84.0,75818.305
1714305600,84.0,85.17,83.87,84.99,55365.871
1714320000,84.99,85.28,84.62,85.11,37749.708
1714334400,85.11,85.43,83.57,83.99,81140.379
1714348800,83.99,85.64,83.15,83.17,85967.262
1714363200,83.17,84.12,81.76,82.44,127860.825
1714377600,82.44,83.93,81.73,83.54,79621.678
1714392000,83.54,83.87,82.7,83.5,82374.885
1714406400,83.5,83.93,82.5,82.8,67291.923
1714420800,82.8,84.21,82.09,83.51,75980.442
1714435200,83.51,84.56,82.3,83.34,70260.58
1714449600,83.34,83.43,82.82,82.91,32866.934
1714464000,82.91,83.05,79.41,79.69,145022.85
1714478400,79.69,79.92,78.08,78.76,163574.566
1714492800,78.76,79.08,77.19,78.09,138045.899
1714507200,78.09,80.03,78.09,79.49,66689.514
1714521600,79.49,79.9,78.46,79.52,60182.851
1714536000,79.52,80.0,75.88,76.32,167253.773
1714550400,76.32,77.36,74.6,77.36,178356.493
1714564800,77.36,77.84,76.52,77.22,93437.584
1714579200,77.22,80.89,76.96,78.65,148469.339
1714593600,78.65,80.27,78.35,80.17,66110.455
1714608000,80.17,80.43,78.79,79.77,57303.489
1714622400,79.77,79.88,78.85,78.87,39386.168
1714636800,78.87,80.8,78.66,80.36,67033.766
1714651200,80.36,80.84,79.45,80.6,101286.895
1714665600,80.6,81.28,80.18,80.75,61780.674
1714680000,80.75,80.84,79.99,80.02,72088.404
1714694400,80.02,81.04,79.95,80.71,59306.808
1714708800,80.71,80.76,79.43,79.54,47099.948
1714723200,79.54,80.11,79.33,79.94,55828.485
1714737600,79.94,82.13,79.85,81.91,132473.003
1714752000,81.91,82.12,81.38,81.67,64993.266
1714766400,81.67,82.62,81.54,81.85,66394.538
1714780800,81.85,82.49,81.57,81.99,36578.376
1714795200,81.99,82.19,81.61,81.63,35990.029
1714809600,81.63,83.01,81.58,82.29,72303.025
1714824000,82.29,82.77,81.42,82.35,71492.682
1714838400,82.35,82.48,81.79,82.32,39610.642
1714852800,82.32,82.57,81.56,81.66,38727.042
1714867200,81.66,81.78,80.37,81.11,76182.932
1714881600,81.11,81.46,80.75,81.23,40354.299
1714896000,81.23,81.56,80.87,81.18,36554.524
1714910400,81.18,81.6,80.53,81.53,71910.561
1714924800,81.53,81.74,80.9,81.28,73339.412
1714939200,81.28,81.67,81.14,81.32,38307.777
1714953600,81.32,81.71,80.6,80.83,48897.461
1714968000,80.83,84.2,80.71,83.33,157810.369
1714982400,83.33,84.05,81.76,82.34,150305.965
1714996800,82.34,82.37,80.01,81.75,117207.423
1715011200,81.75,81.96,80.66,81.1,65451.997
1715025600,81.1,81.39,80.61,80.79,41107.379
1715040000,80.79,81.48,79.78,80.44,77690.048
1715054400,80.44,80.76,80.0,80.44,48669.693
1715068800,80.44,81.78,80.27,81.08,82602.164
1715083200,81.08,82.45,81.08,81.94,136527.07
1715097600,81.94,82.65,81.58,82.27,67443.645
1715112000,82.27,82.4,80.34,80.84,80133.463
1715126400,80.84,81.17,80.02,80.81,45274.287
1715140800,80.81,80.95,79.32,79.94,71546.323
1715155200,79.94,80.47,79.55,80.32,72338.664
1715169600,80.32,82.22,80.28,81.72,141424.567
1715184000,81.72,82.33,81.37,81.81,75854.47
1715198400,81.81,81.99,80.4,81.7,79764.127
1715212800,81.7,82.77,81.62,82.12,61698.74
1715227200,82.12,82.27,81.3,81.48,43949.497
1715241600,81.48,82.49,81.32,81.83,67869.908
1715256000,81.83,82.32,80.7,81.7,77457.558
1715270400,81.7,82.49,81.52,82.47,50770.909
1715284800,82.47,83.16,82.19,83.08,50490.153
1715299200,83.08,83.47,82.83,83.03,39141.859
1715313600,83.03,83.39,82.96,83.1,38640.387
1715328000,83.1,83.47,82.98,83.39,37804.95
1715342400,83.39,83.48,79.97,80.84,168613.52
1715356800,80.84,81.2,80.25,80.58,74617.221
1715371200,80.58,80.72,79.55,80.22,61634.039
1715385600,80.22,81.04,80.13,80.35,42744.325
1715400000,80.35,80.85,80.19,80.75,26486.189
1715414400,80.75,81.33,80.25,81.23,46954.154
1715428800,81.23,82.29,80.66,80.83,79530.879
1715443200,80.83,81.55,80.75,81.45,34365.493
1715457600,81.45,81.77,81.19,81.39,28038.09
1715472000,81.39,81.98,81.31,81.36,22075.606
1715486400,81.36,81.57,80.84,81.35,23108.094
1715500800,81.35,81.78,81.26,81.4,37562.213
1715515200,81.4,82.15,81.34,81.99,39569.145
1715529600,81.99,82.18,81.66,81.84,32999.708
1715544000,81.84,81.95,81.2,81.41,31246.932
1715558400,81.41,81.99,78.95,79.9,84135.211
1715572800,79.9,81.63,79.56,81.38,65114.796
1715587200,81.38,82.61,81.37,81.92,119194.441
1715601600,81.92,82.09,81.32,81.78,82551.004
1715616000,81.78,82.18,80.63,81.12,67967.343
1715630400,81.12,81.15,80.56,80.62,29174.993
1715644800,80.62,80.93,79.74,80.11,40377.704
1715659200,80.11,81.67,79.09,80.95,137602.762
1715673600,80.95,81.25,80.02,80.18,89498.136
1715688000,80.18,80.39,78.53,79.67,121360.825
1715702400,79.67,79.73,78.69,79.31,55446.031
1715716800,79.31,79.61,78.57,78.79,38509.809
1715731200,78.79,79.06,78.38,78.88,42740.281
1715745600,78.88,79.16,78.55,78.8,50271.399
1715760000,78.8,79.2,78.23,78.64,84725.385
1715774400,78.64,81.19,78.42,80.61,132387.555
1715788800,80.61,82.04,80.51,82.0,72330.973
1715803200,82.0,82.87,81.82,82.45,82353.523
1715817600,82.45,82.8,82.01,82.49,57453.52
1715832000,82.49,82.75,82.22,82.46,42468.918
1715846400,82.46,82.57,82.1,82.29,49017.458
1715860800,82.29,82.51,81.37,82.37,93746.949
1715875200,82.37,83.24,82.02,82.23,72273.741
1715889600,82.23,82.51,81.84,82.43,32710.333
1715904000,82.43,82.71,81.99,82.06,34937.777
1715918400,82.06,83.74,81.92,83.53,56156.656
1715932800,83.53,83.67,82.82,83.0,50295.625
1715947200,83.0,83.95,82.76,83.9,67360.242
1715961600,83.9,84.17,82.75,83.35,70924.496
1715976000,83.35,84.23,83.25,84.14,46721.625
1715990400,84.14,84.41,83.61,84.29,39188.936
1716004800,84.29,84.66,83.77,84.33,33055.892
1716019200,84.33,84.81,84.11,84.19,40175.13
1716033600,84.19,84.28,83.43,84.01,50368.882
1716048000,84.01,84.25,83.88,84.06,25553.879
1716062400,84.06,84.06,83.59,83.84,27196.754
1716076800,83.84,84.38,83.78,84.33,23251.993
1716091200,84.33,84.34,83.74,83.87,23552.873
1716105600,83.87,84.1,83.28,83.58,40275.848
1716120000,83.58,83.58,82.16,82.91,64480.969
1716134400,82.91,82.94,82.34,82.36,38940.79
1716148800,82.36,82.61,81.77,82.4,37234.702
1716163200,82.4,83.45,82.39,83.28,35831.719
1716177600,83.28,84.23,82.69,83.54,49259.547
1716192000,83.54,83.88,83.23,83.35,35193.777
1716206400,83.35,83.83,83.15,83.65,49555.208
1716220800,83.65,86.99,83.62,86.62,179434.97
1716235200,86.62,89.11,85.74,88.64,249937.048
1716249600,88.64,89.63,87.3,87.32,165334.386
1716264000,87.32,88.64,87.02,88.59,100702.648
1716278400,88.59,89.38,88.34,88.65,116363.718
1716292800,88.65,89.4,87.83,88.5,297461.403
1716307200,88.5,89.37,87.0,87.94,154360.718
1716321600,87.94,88.44,87.52,88.26,71426.203
1716336000,88.26,88.48,87.13,87.36,53686.753
1716350400,87.36,87.53,85.92,87.13,64845.539
1716364800,87.13,87.43,86.09,86.1,85047.437
1716379200,86.1,87.57,84.88,87.35,163755.595
1716393600,87.35,87.65,85.5,86.01,107801.649
1716408000,86.01,86.26,85.21,85.78,62785.547
1716422400,85.78,86.9,85.63,86.76,77700.012
1716436800,86.76,86.78,86.05,86.49,69258.345
1716451200,86.49,87.48,85.25,87.35,102510.853
1716465600,87.35,87.95,85.16,85.53,308971.035
1716480000,85.53,85.63,83.0,83.65,171000.91
1716494400,83.65,85.51,80.53,85.45,255194.532
1716508800,85.45,86.48,85.26,85.81,82548.202
1716523200,85.81,86.25,84.01,85.25,118269.959
1716537600,85.25,86.12,84.42,85.58,140958.731
1716552000,85.58,85.59,84.32,84.62,130025.288
1716566400,84.62,85.3,84.05,85.23,62065.308
1716580800,85.23,85.55,84.73,85.0,57906.387
1716595200,85.0,85.44,84.69,85.39,37267.453
1716609600,85.39,85.98,85.09,85.47,42562.817
1716624000,85.47,85.73,85.13,85.14,51718.321
1716638400,85.14,85.16,84.43,84.85,62433.685
1716652800,84.85,85.02,84.64,84.95,29768.492
1716667200,84.95,85.1,84.57,84.98,27266.548
1716681600,84.98,85.26,84.4,84.93,40233.441
1716696000,84.93,85.18,84.39,84.86,36757.815
1716710400,84.86,85.14,84.32,84.85,45166.602
1716724800,84.85,84.85,83.89,84.14,54715.889
1716739200,84.14,84.32,83.57,84.09,68152.994
1716753600,84.09,84.18,83.54,83.9,34361.694
1716768000,83.9,84.67,83.82,84.42,30815.327
1716782400,84.42,84.67,83.91,84.48,37693.275
1716796800,84.48,84.94,84.32,84.79,53592.728
1716811200,84.79,86.14,84.63,86.04,91968.516
1716825600,86.04,86.43,84.48,84.84,90776.942
1716840000,84.84,85.54,84.81,85.24,41619.036
1716854400,85.24,85.54,83.89,84.25,94646.619
1716868800,84.25,84.36,82.44,83.09,102290.111
1716883200,83.09,84.16,83.0,83.65,61972.056
1716897600,83.65,83.83,82.52,82.96,112403.361
1716912000,82.96,83.32,82.06,83.28,65010.297
1716926400,83.28,83.64,82.96,83.44,38885.217
1716940800,83.44,83.96,83.18,83.75,46275.117
1716955200,83.75,84.14,83.31,83.41,53748.318
1716969600,83.41,83.95,82.63,83.55,67956.31
1716984000,83.55,84.2,83.08,83.75,77647.613
1716998400,83.75,84.21,83.26,83.68,52731.996
1717012800,83.68,84.06,83.29,83.59,35862.988
1717027200,83.59,84.02,83.36,83.86,34816.612
1717041600,83.86,84.13,82.22,82.4,62679.434
1717056000,82.4,83.38,81.9,83.09,55610.54
1717070400,83.09,85.44,82.98,85.25,146760.712
1717084800,85.25,85.54,83.97,84.56,89118.576
1717099200,84.56,84.6,83.46,84.42,52676.0
1717113600,84.42,84.6,83.99,84.13,35148.168
1717128000,84.13,84.35,83.57,83.72,37986.739
1717142400,83.72,84.3,83.54,84.17,89026.802
1717156800,84.17,84.7,82.52,82.63,72970.381
1717171200,82.63,83.79,82.02,83.71,85055.778
1717185600,83.71,83.75,82.94,83.21,35596.664
1717200000,83.21,83.3,82.92,83.21,24534.411
1717214400,83.21,83.48,83.12,83.24,24141.079
1717228800,83.24,83.59,83.14,83.35,30804.282
1717243200,83.35,83.74,83.28,83.5,31062.323
1717257600,83.5,83.62,83.14,83.37,36351.896
1717272000,83.37,83.59,83.29,83.48,25202.514
1717286400,83.48,83.53,83.07,83.29,43237.653
1717300800,83.29,83.46,82.7,82.83,25883.657
1717315200,82.83,83.04,82.2,83.03,52745.474
1717329600,83.03,83.25,82.51,83.09,48904.802
1717344000,83.09,83.14,82.23,82.87,72715.153
1717358400,82.87,83.32,82.65,83.11,41606.608
1717372800,83.11,83.92,82.66,83.33,46820.279
1717387200,83.33,84.29,83.04,83.79,58663.608
1717401600,83.79,84.14,83.4,83.57,59869.669
1717416000,83.57,84.18,82.65,83.34,140261.273
1717430400,83.34,83.42,82.83,83.22,41557.212
1717444800,83.22,83.38,82.65,82.82,32028.679
1717459200,82.82,83.13,82.39,82.74,40887.651
1717473600,82.74,82.74,81.72,82.07,57822.653
1717488000,82.07,82.2,81.11,81.82,65249.943
1717502400,81.82,82.8,81.52,82.72,74357.749
1717516800,82.72,83.52,82.59,83.28,62465.357
1717531200,83.28,83.7,83.16,83.65,39575.976
1717545600,83.65,84.14,83.49,83.92,47490.923
1717560000,83.92,84.12,83.65,83.87,53833.284
1717574400,83.87,84.74,83.68,84.03,57542.59
1717588800,84.03,84.62,83.55,84.55,63643.629
1717603200,84.55,84.97,84.41,84.95,39609.172
1717617600,84.95,85.47,84.78,85.44,40156.947
1717632000,85.44,85.48,84.75,85.01,29730.704
1717646400,85.01,85.13,84.42,84.99,43107.669
1717660800,84.99,85.69,84.88,85.34,52981.176
1717675200,85.34,85.66,84.8,85.59,63971.645
1717689600,85.59,85.84,84.85,84.92,58463.698
1717704000,84.92,85.1,84.16,84.19,47942.932
1717718400,84.19,84.37,83.75,84.19,40239.324
1717732800,84.19,84.83,83.86,84.03,55058.22
1717747200,84.03,84.48,83.79,84.43,52331.635
1717761600,84.43,84.68,83.08,83.56,106239.022
1717776000,83.56,83.79,75.0,79.44,453510.886
1717790400,79.44,80.35,79.21,80.13,75414.214
1717804800,80.13,80.46,79.86,80.32,40729.072
1717819200,80.32,80.4,79.86,80.18,42569.696
1717833600,80.18,80.2,79.33,79.45,41275.773
1717848000,79.45,79.92,78.84,79.47,66192.322
1717862400,79.47,79.99,79.1,79.55,42105.28
1717876800,79.55,80.05,79.54,79.97,24564.195
1717891200,79.97,80.05,79.5,79.7,25453.163
1717905600,79.7,79.99,79.49,79.84,22520.583
1717920000,79.84,80.18,79.73,80.13,25342.408
1717934400,80.13,80.62,79.98,80.54,32391.283
1717948800,80.54,80.71,80.35,80.51,27950.752
1717963200,80.51,80.64,80.31,80.49,30060.434
1717977600,80.49,80.52,79.64,79.69,35507.18
1717992000,79.69,80.01,79.09,79.18,33655.606
1718006400,79.18,79.58,79.17,79.22,42072.438
1718020800,79.22,80.46,79.07,80.36,51783.816
1718035200,80.36,80.43,79.55,79.82,36518.891
1718049600,79.82,80.0,79.28,79.66,45983.41
1718064000,79.66,79.69,76.66,78.23,133487.703
1718078400,78.23,79.5,76.93,78.64,134438.935
1718092800,78.64,79.85,78.41,78.89,120040.466
1718107200,78.89,79.22,75.55,76.47,174653.182
1718121600,76.47,77.38,76.12,77.34,71069.036
1718136000,77.34,77.5,76.99,77.32,40011.269
1718150400,77.32,77.67,76.33,77.59,49581.061
1718164800,77.59,77.59,77.14,77.46,30436.832
1718179200,77.46,77.72,76.82,76.89,57543.858
1718193600,76.89,79.25,76.81,78.69,154044.634
1718208000,78.69,79.28,77.06,77.39,140560.387
1718222400,77.39,78.79,77.25,78.5,42557.07
1718236800,78.5,78.6,77.27,77.98,54870.455
1718251200,77.98,78.5,77.83,78.47,45127.627
1718265600,78.47,79.5,77.94,78.91,64307.551
1718280000,78.91,79.47,77.91,78.07,101110.24
1718294400,78.07,79.79,77.78,79.38,78118.902
1718308800,79.38,79.56,78.78,79.15,31821.464
1718323200,79.15,79.81,78.97,79.62,56988.279
1718337600,79.62,80.13,79.5,79.55,70264.958
1718352000,79.55,79.84,79.25,79.82,47053.246
1718366400,79.82,80.27,78.5,78.84,98751.504
1718380800,78.84,79.07,75.9,77.02,178238.779
1718395200,77.02,78.1,76.95,77.61,62610.749
1718409600,77.61,78.05,77.45,78.02,31877.903
1718424000,78.02,79.11,77.83,78.96,48204.642
1718438400,78.96,79.02,78.52,79.0,34857.405
1718452800,79.0,79.21,78.39,78.5,46655.499
1718467200,78.5,79.47,78.48,79.21,42404.077
1718481600,79.21,79.35,78.88,79.23,30242.924
1718496000,79.23,80.15,78.88,79.81,40421.803
1718510400,79.81,80.02,79.39,79.46,36031.805
1718524800,79.46,79.94,79.23,79.34,29141.389
1718539200,79.34,79.39,78.98,79.17,28868.844
1718553600,79.17,79.3,78.66,78.9,27509.598
1718568000,78.9,79.15,78.63,78.98,27520.22
1718582400,78.98,79.24,78.2,78.25,58326.061
1718596800,78.25,78.52,77.42,78.2,60813.002
1718611200,78.2,78.31,77.0,77.2,80313.857
1718625600,77.2,77.88,76.26,76.41,92458.117
1718640000,76.41,78.05,75.1,77.48,115150.416
1718654400,77.48,77.49,76.36,76.59,45845.928
1718668800,76.59,76.77,71.14,73.12,308534.29
1718683200,73.12,73.76,72.87,73.34,59802.279
1718697600,73.34,73.84,72.03,72.5,73983.451
1718712000,72.5,72.74,71.0,72.08,134139.334
1718726400,72.08,72.08,70.65,71.78,105372.25
1718740800,71.78,72.72,71.58,72.66,49634.514
1718755200,72.66,74.88,72.5,74.66,76777.181
1718769600,74.66,74.97,73.92,74.02,54169.541
1718784000,74.02,74.08,73.24,73.54,54823.978
1718798400,73.54,74.0,73.43,73.97,39457.78
1718812800,73.97,74.47,73.76,74.27,50884.454
1718827200,74.27,74.34,73.57,73.77,40787.255
1718841600,73.77,74.28,73.42,74.09,39400.734
1718856000,74.09,74.74,74.0,74.6,67562.548
1718870400,74.6,75.35,74.0,75.07,94937.403
1718884800,75.07,75.28,73.62,73.81,89901.772
1718899200,73.81,75.04,73.24,74.99,50510.61
1718913600,74.99,75.07,74.5,74.69,29637.531
1718928000,74.69,74.73,73.98,74.16,48420.762
1718942400,74.16,74.39,72.62,73.06,112438.652
1718956800,73.06,73.36,72.46,73.16,156173.139
1718971200,73.16,73.42,72.17,73.06,81027.091
1718985600,73.06,74.42,72.7,74.09,97087.632
1719000000,74.09,74.37,73.64,74.17,28398.715
1719014400,74.17,74.22,73.56,73.91,27431.114
1719028800,73.91,74.22,73.86,74.07,21044.489
1719043200,74.07,74.82,73.93,74.31,34177.547
1719057600,74.31,74.48,74.0,74.16,50077.625
1719072000,74.16,74.84,74.07,74.76,21458.81
1719086400,74.76,74.88,74.46,74.61,24896.779
1719100800,74.61,74.92,74.54,74.78,15334.196
1719115200,74.78,74.82,74.45,74.52,15211.053
1719129600,74.52,74.57,74.0,74.19,23929.723
1719144000,74.19,74.9,74.19,74.88,24962.945
1719158400,74.88,75.06,74.27,74.49,45445.478
1719172800,74.49,74.56,73.23,73.37,58147.627
1719187200,73.37,73.45,72.0,72.5,45370.278
1719201600,72.5,72.51,70.5,71.4,119873.197
1719216000,71.4,71.9,68.54,69.97,207070.186
1719230400,69.97,70.05,68.67,68.84,145233.075
1719244800,68.84,69.71,67.87,68.28,97935.819
1719259200,68.28,69.94,67.5,69.68,97320.074
1719273600,69.68,71.25,69.4,70.7,107887.689
1719288000,70.7,70.88,70.33,70.59,51949.122
1719302400,70.59,71.16,70.22,70.73,54403.624
1719316800,70.73,71.5,70.27,71.34,74148.15
1719331200,71.34,72.03,70.85,71.5,50426.897
1719345600,71.5,71.74,71.14,71.35,30288.07
1719360000,71.35,71.95,71.1,71.61,35130.225
1719374400,71.61,71.62,71.0,71.31,33169.491
1719388800,71.31,71.87,71.06,71.84,66676.044
1719403200,71.84,71.92,70.36,71.35,69220.787
1719417600,71.35,71.55,70.39,71.55,52613.602
1719432000,71.55,71.74,70.95,71.02,29987.969
1719446400,71.02,71.22,70.7,70.99,26954.767
1719460800,70.99,71.17,70.58,70.71,41813.608
1719475200,70.71,71.74,70.55,71.5,61976.887
1719489600,71.5,72.89,71.43,72.21,92907.655
1719504000,72.21,72.95,72.04,72.92,40304.232
1719518400,72.92,73.35,72.71,73.28,36938.542
1719532800,73.28,73.86,72.87,73.83,43722.498
1719547200,73.83,73.9,72.76,72.93,46899.172
1719561600,72.93,74.76,72.78,74.5,123608.443
1719576000,74.5,74.65,72.54,72.9,106063.927
1719590400,72.9,73.66,72.59,73.4,48471.271
1719604800,73.4,73.67,72.81,72.9,44028.707
1719619200,72.9,73.93,72.87,73.67,35182.209
1719633600,73.67,74.31,73.53,74.14,32640.948
1719648000,74.14,74.65,74.03,74.52,46369.219
1719662400,74.52,75.23,74.34,74.74,73145.427
1719676800,74.74,75.88,74.55,75.69,73173.502
1719691200,75.69,76.9,74.91,74.95,87904.01
1719705600,74.95,75.64,74.6,75.46,46172.204
1719720000,75.46,75.98,74.81,75.57,77677.861
1719734400,75.57,75.76,74.79,74.97,45644.705
1719748800,74.97,75.04,74.24,74.72,51669.519
1719763200,74.72,74.86,74.11,74.7,48030.485
1719777600,74.7,75.81,74.7,75.31,48442.99
1719792000,75.31,75.96,75.19,75.54,38240.485
1719806400,75.54,75.67,75.0,75.22,41281.211
1719820800,75.22,75.35,74.75,74.83,42112.424
1719835200,74.83,75.0,74.17,74.7,62682.888
1719849600,74.7,75.45,74.57,74.63,49459.261
1719864000,74.63,74.64,74.29,74.38,36860.564
1719878400,74.38,74.78,74.28,74.49,30584.158
1719892800,74.49,75.34,74.49,75.26,33998.347
1719907200,75.26,75.49,75.02,75.4,61068.358
1719921600,75.4,75.44,74.56,74.91,50137.146
1719936000,74.91,75.34,74.86,75.26,28657.434
1719950400,75.26,76.21,75.18,76.04,39398.685
1719964800,76.04,76.21,74.5,75.54,48583.804
1719979200,75.54,75.64,74.82,74.85,36765.643
1719993600,74.85,74.99,73.52,74.06,89197.614
1720008000,74.06,74.63,73.3,74.41,62078.955
1720022400,74.41,75.07,73.23,73.34,63919.709
1720036800,73.34,73.45,71.78,72.08,92983.633
1720051200,72.08,72.42,68.8,70.53,98659.939
1720065600,70.53,70.81,69.3,69.46,48314.638
1720080000,69.46,70.0,69.01,69.68,63954.004
1720094400,69.68,69.68,67.24,69.0,117174.367
1720108800,69.0,69.0,67.28,67.94,64738.758
1720123200,67.94,68.02,65.0,65.42,141273.269
1720137600,65.42,65.58,57.0,58.68,576352.816
1720152000,58.68,60.12,56.86,58.71,257637.959
1720166400,58.71,60.04,57.35,59.95,237910.875
1720180800,59.95,61.34,59.35,61.15,204863.113
1720195200,61.15,61.9,60.69,61.82,101457.24
1720209600,61.82,62.14,61.26,61.85,59712.904
1720224000,61.85,63.09,61.4,61.87,53136.584
1720238400,61.87,62.67,61.5,62.49,37096.614
1720252800,62.49,63.33,62.11,63.21,47134.469
1720267200,63.21,64.59,62.92,64.44,70433.589
1720281600,64.44,65.67,64.09,65.06,72983.018
1720296000,65.06,65.61,64.85,65.39,39221.09
1720310400,65.39,65.57,64.67,65.07,35709.262
1720324800,65.07,65.14,63.9,64.38,37055.03
1720339200,64.38,64.95,64.18,64.59,31960.051
1720353600,64.59,64.79,62.44,63.48,72360.822
1720368000,63.48,63.94,62.84,63.09,41472.084
1720382400,63.09,63.42,61.63,62.05,69280.275
1720396800,62.05,62.2,59.25,61.67,120133.344
1720411200,61.67,63.06,61.52,62.89,46921.074
1720425600,62.89,67.03,62.77,65.98,159529.991
1720440000,65.98,65.99,62.55,64.28,119042.42
1720454400,64.28,65.22,63.8,64.9,48687.45
1720468800,64.9,65.06,64.16,64.92,48551.121
1720483200,64.92,65.44,64.26,65.2,36252.27
1720497600,65.2,66.0,65.07,65.16,36434.704
1720512000,65.16,66.1,65.06,65.81,43048.575
1720526400,65.81,66.3,65.27,65.91,46886.33
1720540800,65.91,66.0,65.47,65.71,38098.063
1720555200,65.71,65.77,65.19,65.3,36910.584
1720569600,65.3,65.42,64.5,65.41,40560.622
1720584000,65.41,66.33,65.41,65.79,58117.418
1720598400,65.79,66.27,65.57,66.04,42927.736
1720612800,66.04,66.88,65.4,66.75,72209.067
1720627200,66.75,67.3,66.35,66.66,49666.679
1720641600,66.66,66.99,66.33,66.96,25195.777
1720656000,66.96,67.56,66.42,66.99,39837.465
1720670400,66.99,67.84,66.89,67.81,29185.65
1720684800,67.81,67.99,67.45,67.88,32842.227
1720699200,67.88,69.14,67.77,68.08,103924.18
1720713600,68.08,69.05,67.77,68.39,48996.432
1720728000,68.39,68.47,67.32,67.36,39801.427
1720742400,67.36,68.47,66.78,68.12,45453.576
1720756800,68.12,69.0,67.95,68.95,54875.442
1720771200,68.95,69.32,68.24,68.5,109887.925
1720785600,68.5,69.26,67.8,68.87,100985.69
1720800000,68.87,69.42,68.66,69.0,52284.453
1720814400,69.0,69.33,68.45,69.25,38440.774
1720828800,69.25,69.98,69.22,69.31,28295.084
1720843200,69.31,70.58,69.13,70.41,49547.443
1720857600,70.41,70.68,69.9,69.96,51508.73
1720872000,69.96,70.35,69.43,70.17,43799.792
1720886400,70.17,70.4,69.4,70.3,39344.153
1720900800,70.3,70.43,69.36,69.82,46273.725
1720915200,69.82,70.38,69.61,70.2,36507.913
1720929600,70.2,70.48,69.87,70.28,38557.107
1720944000,70.28,70.51,69.85,69.92,40387.452
1720958400,69.92,69.93,69.23,69.46,42173.844
1720972800,69.46,69.62,69.25,69.6,23881.39
1720987200,69.6,70.27,69.56,69.92,47437.059
1721001600,69.92,71.09,69.76,70.86,66173.94
1721016000,70.86,71.0,70.32,70.33,44614.509
1721030400,70.33,70.55,69.67,69.81,90883.801
1721044800,69.81,70.8,69.75,70.24,64035.36
1721059200,70.24,71.75,70.15,71.46,86497.956
1721073600,71.46,72.53,71.27,72.29,83735.38
1721088000,72.29,73.44,71.81,73.43,81701.583
1721102400,73.43,73.48,70.84,71.25,92630.122
1721116800,71.25,71.92,70.34,71.64,50141.082
1721131200,71.64,74.09,71.5,73.8,95674.262
1721145600,73.8,74.03,72.63,73.3,70853.673
1721160000,73.3,73.51,72.52,73.21,44388.462
1721174400,73.21,74.25,73.15,73.48,47376.227
1721188800,73.48,73.86,73.01,73.13,34324.949
1721203200,73.13,73.21,72.11,72.43,51638.545
1721217600,72.43,73.24,72.0,72.08,65546.256
1721232000,72.08,72.6,71.12,72.45,81865.188
1721246400,72.45,72.65,71.31,71.38,63450.945
1721260800,71.38,72.44,71.37,72.4,28537.364
1721275200,72.4,72.46,71.51,71.91,32271.266
1721289600,71.91,72.44,71.65,72.36,35913.582
1721304000,72.36,72.95,71.18,71.31,60824.033
1721318400,71.31,71.31,70.5,71.0,50213.023
1721332800,71.0,71.71,70.91,71.63,31137.401
1721347200,71.63,71.78,70.68,71.66,40266.153
1721361600,71.66,71.79,70.57,70.85,36334.533
1721376000,70.85,70.85,69.67,70.22,63943.817
1721390400,70.22,72.0,70.12,71.99,77160.917
1721404800,71.99,74.13,71.99,73.74,87119.124
1721419200,73.74,73.8,72.95,73.4,52169.664
1721433600,73.4,73.66,72.82,72.99,35711.416
1721448000,72.99,73.58,72.82,73.31,26318.005
1721462400,73.31,73.34,72.6,72.61,28505.9
1721476800,72.61,73.66,72.31,73.52,36073.667
1721491200,73.52,73.92,73.13,73.38,44256.745
1721505600,73.38,73.63,72.94,73.03,29053.48
1721520000,73.03,73.36,72.99,73.11,21094.521
1721534400,73.11,73.27,72.42,72.77,29108.157
1721548800,72.77,73.58,72.73,73.27,41339.624
1721563200,73.27,73.59,72.85,73.4,30554.054
1721577600,73.4,73.78,71.21,73.19,80810.405
1721592000,73.19,74.13,73.1,73.98,61517.385
1721606400,73.98,74.61,73.75,73.78,41725.88
1721620800,73.78,74.57,72.56,74.23,68513.915
1721635200,74.23,74.38,73.57,73.82,54558.128
1721649600,73.82,73.82,71.57,72.03,95740.405
1721664000,72.03,72.32,71.39,72.32,56378.317
1721678400,72.32,72.47,70.7,71.26,54389.315
1721692800,71.26,72.85,71.15,71.91,39032.024
1721707200,71.91,71.99,70.47,71.25,47588.749
1721721600,71.25,72.65,71.09,72.16,69321.6
1721736000,72.16,73.11,71.58,72.32,75926.629
1721750400,72.32,72.47,70.43,72.27,67484.219
1721764800,72.27,73.07,71.9,72.92,53930.742
1721779200,72.92,73.15,72.36,72.72,27078.814
1721793600,72.72,72.99,71.77,72.95,33285.944
1721808000,72.95,73.57,72.77,73.38,57567.765
1721822400,73.38,73.67,72.55,73.11,44411.042
1721836800,73.11,73.35,72.35,72.5,37673.541
1721851200,72.5,72.66,70.74,71.29,61718.709
1721865600,71.29,71.66,68.23,68.75,125887.012
1721880000,68.75,69.67,68.52,69.06,53629.187
1721894400,69.06,69.31,68.3,68.57,41152.355
1721908800,68.57,68.97,67.29,68.49,73744.094
1721923200,68.49,69.54,68.02,68.46,69071.53
1721937600,68.46,69.5,67.7,68.79,47177.391
1721952000,68.79,70.23,68.76,70.15,35706.48
1721966400,70.15,71.7,70.11,71.06,46859.454
1721980800,71.06,71.46,70.63,71.13,40493.207
1721995200,71.13,71.48,70.66,71.39,43755.289
1722009600,71.39,71.55,71.05,71.09,41470.871
1722024000,71.09,71.42,70.92,71.31,26709.604
1722038400,71.31,71.59,71.12,71.17,23583.513
1722052800,71.17,71.55,71.16,71.46,18382.478
1722067200,71.46,71.55,71.21,71.46,29077.026
1722081600,71.46,72.25,71.23,71.69,67844.642
1722096000,71.69,72.37,70.89,71.69,56817.76
1722110400,71.69,71.99,70.27,71.32,59359.558
1722124800,71.32,71.76,70.78,71.09,23783.534
1722139200,71.09,71.27,70.34,71.15,26567.701
1722153600,71.15,71.77,70.94,71.66,27482.119
1722168000,71.66,71.76,70.62,70.83,26441.992
1722182400,70.83,71.67,70.76,71.54,25416.069
1722196800,71.54,71.57,70.9,71.07,19616.106
1722211200,71.07,73.63,71.04,73.13,71264.892
1722225600,73.13,75.06,72.96,74.92,72608.219
1722240000,74.92,76.78,74.49,75.81,127495.532
1722254400,75.81,76.44,74.5,74.55,170945.778
1722268800,74.55,74.76,72.91,74.1,97399.994
1722283200,74.1,74.41,73.54,73.69,37347.436
1722297600,73.69,74.56,73.08,73.94,45143.401
1722312000,73.94,74.01,73.27,73.94,22373.876
1722326400,73.94,74.07,73.32,73.32,35104.78
1722340800,73.32,73.84,72.93,73.25,46097.126
1722355200,73.25,73.44,71.7,71.98,54194.542
1722369600,71.98,72.03,71.08,71.69,39652.861
1722384000,71.69,72.93,71.25,72.26,29857.08
1722398400,72.26,72.4,71.31,71.98,32591.073
1722412800,71.98,72.05,71.43,71.74,32178.316
1722427200,71.74,72.33,71.29,71.35,43053.438
1722441600,71.35,71.86,70.33,70.76,60856.806
1722456000,70.76,71.2,69.86,70.14,58648.28
1722470400,70.14,71.45,70.12,70.76,42869.394
1722484800,70.76,71.2,69.28,69.91,55737.808
1722499200,69.91,70.97,69.79,70.39,49873.172
1722513600,70.39,70.75,68.09,68.38,91403.943
1722528000,68.38,68.41,65.94,67.22,104456.819
1722542400,67.22,69.96,66.91,69.59,64053.806
1722556800,69.59,69.97,67.98,68.91,42510.533
1722571200,68.91,69.07,67.41,68.23,50123.323
1722585600,68.23,69.28,67.62,68.94,41794.147
1722600000,68.94,69.42,63.97,65.56,139333.742
1722614400,65.56,65.92,64.67,65.12,58214.346
1722628800,65.12,65.63,64.28,65.06,63873.43
1722643200,65.06,65.34,63.15,65.25,67278.187
1722657600,65.25,66.1,65.06,65.71,38833.357
1722672000,65.71,66.17,65.36,65.95,26388.399
1722686400,65.95,66.38,64.71,64.86,54314.446
1722700800,64.86,65.28,62.73,62.75,116164.076
1722715200,62.75,64.71,62.57,64.65,72277.902
1722729600,64.65,65.25,64.14,65.05,23300.732
1722744000,65.05,65.16,64.3,64.5,25369.878
1722758400,64.5,65.23,64.01,64.96,26319.101
1722772800,64.96,65.13,62.85,63.0,58683.416
1722787200,63.0,63.65,60.31,63.38,137480.559
1722801600,63.38,63.99,62.27,62.46,42627.512
1722816000,62.46,62.58,54.25,55.28,599500.87
1722830400,55.28,56.28,49.8,54.25,620697.17
1722844800,54.25,54.28,51.24,53.1,268203.716
1722859200,53.1,57.16,50.22,56.81,442046.952
1722873600,56.81,57.91,54.78,55.46,164370.753
1722888000,55.46,57.19,55.46,56.08,79050.609
1722902400,56.08,59.04,55.98,57.76,86033.804
1722916800,57.76,58.88,57.52,58.62,72718.088
1722931200,58.62,58.66,56.91,57.26,90182.812
1722945600,57.26,59.07,56.38,58.74,107178.403
1722960000,58.74,59.32,58.37,58.59,68113.89
1722974400,58.59,59.2,58.07,58.25,68112.714
1722988800,58.25,59.25,57.34,58.92,71959.426
1723003200,58.92,59.5,58.23,58.6,82384.626
1723017600,58.6,59.03,57.9,57.98,76577.493
1723032000,57.98,58.57,55.92,57.07,140698.881
1723046400,57.07,57.13,55.35,56.35,108510.524
1723060800,56.35,57.26,55.4,55.99,140099.477
1723075200,55.99,58.59,55.16,57.97,57760.133
1723089600,57.97,58.6,57.75,58.11,31279.554
1723104000,58.11,58.32,57.69,58.01,41599.971
1723118400,58.01,59.51,57.55,59.46,101471.015
1723132800,59.46,60.72,59.38,59.8,64079.964
1723147200,59.8,62.0,59.73,61.16,76659.303
1723161600,61.16,61.24,60.53,60.78,48469.464
1723176000,60.78,60.82,59.8,60.68,34294.902
1723190400,60.68,60.87,59.8,60.44,43581.372
1723204800,60.44,61.09,59.33,59.7,67494.732
1723219200,59.7,60.53,59.53,60.08,45749.676
1723233600,60.08,60.77,59.64,60.72,46699.776
1723248000,60.72,61.41,60.14,60.51,41284.67
1723262400,60.51,60.8,60.2,60.8,18370.357
1723276800,60.8,61.27,60.66,61.27,30619.378
1723291200,61.27,61.55,60.91,60.97,37583.854
1723305600,60.97,61.35,60.82,61.0,38416.375
1723320000,61.0,61.3,60.72,61.16,33536.325
1723334400,61.16,62.18,61.06,61.84,37874.839
1723348800,61.84,62.02,61.47,61.65,28303.895
1723363200,61.65,62.42,60.93,61.12,50405.014
1723377600,61.12,61.19,59.84,60.14,69948.692
1723392000,60.14,61.5,60.05,60.46,51472.999
1723406400,60.46,60.46,58.81,59.73,68207.443
1723420800,59.73,60.45,59.17,60.4,40654.089
1723435200,60.4,60.97,59.87,60.57,50999.76
1723449600,60.57,61.87,60.35,61.66,84711.824
1723464000,61.66,61.92,59.43,61.42,141158.204
1723478400,61.42,62.06,60.58,60.99,81205.99
1723492800,60.99,61.78,60.4,61.5,45665.037
1723507200,61.5,62.62,61.43,61.98,45482.721
1723521600,61.98,62.31,61.51,61.94,23136.172
1723536000,61.94,62.18,61.12,61.78,37014.717
1723550400,61.78,63.1,61.5,62.99,74773.772
1723564800,62.99,63.52,62.69,63.18,81694.452
1723579200,63.18,63.45,62.88,63.44,34286.767
1723593600,63.44,63.97,63.0,63.75,36550.745
1723608000,63.75,64.13,63.49,63.57,33316.694
1723622400,63.57,63.88,63.28,63.64,35272.827
1723636800,63.64,64.49,62.57,64.15,85874.545
1723651200,64.15,64.67,63.45,64.26,95005.275
1723665600,64.26,64.69,63.81,64.06,48498.824
1723680000,64.06,64.76,63.92,64.4,39406.804
1723694400,64.4,64.95,63.59,63.98,60374.041
1723708800,63.98,65.73,63.77,65.26,87720.592
1723723200,65.26,66.16,65.01,65.95,108673.555
1723737600,65.95,66.89,63.74,64.23,159864.16
1723752000,64.23,65.53,63.96,65.33,116307.348
1723766400,65.33,65.88,64.89,65.3,54723.383
1723780800,65.3,66.77,65.11,65.43,84112.103
1723795200,65.43,65.74,65.25,65.7,63937.155
1723809600,65.7,66.52,64.28,65.71,111644.001
1723824000,65.71,66.79,65.57,66.73,68729.031
1723838400,66.73,66.75,66.04,66.49,42082.181
1723852800,66.49,66.59,65.88,66.07,25998.027
1723867200,66.07,66.62,65.88,66.58,28090.208
1723881600,66.58,67.51,66.31,67.29,52628.525
1723896000,67.29,67.87,67.09,67.37,47106.135
1723910400,67.37,67.7,66.9,67.43,37273.831
1723924800,67.43,67.81,67.42,67.59,27294.152
1723939200,67.59,67.93,67.39,67.58,41278.721
1723953600,67.58,67.71,67.11,67.34,35847.382
1723968000,67.34,67.72,67.12,67.61,37519.222
1723982400,67.61,68.16,66.5,66.98,68615.124
1723996800,66.98,67.25,66.56,66.6,51206.863
1724011200,66.6,66.82,66.09,66.33,56547.061
1724025600,66.33,66.8,66.06,66.17,38860.185
1724040000,66.17,66.61,66.0,66.59,28632.449
1724054400,66.59,67.42,66.42,66.8,54148.408
1724068800,66.8,67.38,65.59,66.34,98216.454
1724083200,66.34,67.19,66.22,66.93,58831.104
1724097600,66.93,67.01,66.08,66.32,47250.079
1724112000,66.32,67.3,66.13,66.91,41772.057
1724126400,66.91,67.29,66.84,67.17,28383.142
1724140800,67.17,67.18,65.98,66.16,52957.783
1724155200,66.16,66.3,63.46,63.65,144768.486
1724169600,63.65,64.69,63.15,64.59,116826.148
1724184000,64.59,64.92,64.15,64.41,39217.153
1724198400,64.41,64.66,63.78,64.11,41323.134
1724212800,64.11,64.36,63.09,63.51,50341.358
1724227200,63.51,63.67,62.37,62.77,85506.736
1724241600,62.77,63.56,62.17,62.58,103476.151
1724256000,62.58,64.41,62.06,64.39,106647.468
1724270400,64.39,64.77,63.86,64.27,66539.515
1724284800,64.27,64.37,62.48,63.24,61457.994
1724299200,63.24,63.66,63.17,63.41,27994.915
1724313600,63.41,63.74,63.13,63.6,44997.354
1724328000,63.6,63.69,62.78,63.05,63215.034
1724342400,63.05,63.87,62.94,63.77,70236.296
1724356800,63.77,64.14,63.48,63.77,53399.65
1724371200,63.77,64.04,63.59,63.85,31634.347
1724385600,63.85,64.44,63.83,64.11,43255.522
1724400000,64.11,64.47,63.87,63.93,46342.289
1724414400,63.93,64.93,63.47,64.78,113778.558
1724428800,64.78,65.87,64.63,65.84,114709.351
1724443200,65.84,66.88,65.71,66.1,77595.676
1724457600,66.1,66.3,65.43,66.06,48696.191
1724472000,66.06,66.56,65.8,66.51,47950.617
1724486400,66.51,67.55,66.34,66.77,54257.476
1724500800,66.77,67.41,66.68,67.3,46058.365
1724515200,67.3,67.99,67.24,67.53,51738.672
1724529600,67.53,67.58,65.96,66.57,58381.576
1724544000,66.57,66.87,65.47,66.01,72672.636
1724558400,66.01,66.06,64.43,64.73,57622.492
1724572800,64.73,65.36,64.42,65.08,37161.513
1724587200,65.08,65.91,65.03,65.26,45285.58
1724601600,65.26,65.54,64.75,65.1,30667.345
1724616000,65.1,65.5,64.58,64.82,29830.09
1724630400,64.82,65.1,64.0,64.38,35449.1
1724644800,64.38,64.53,64.0,64.05,48920.674
1724659200,64.05,64.85,64.01,64.12,58310.615
1724673600,64.12,64.62,63.52,64.32,78921.691
1724688000,64.32,64.4,62.97,63.84,65070.849
1724702400,63.84,64.04,63.01,63.01,39140.846
1724716800,63.01,63.46,62.88,63.35,36099.286
1724731200,63.35,63.78,63.03,63.29,33336.596
1724745600,63.29,63.44,62.37,62.93,47085.052
1724760000,62.93,63.1,62.1,62.96,58060.529
1724774400,62.96,63.97,62.84,63.53,50348.581
1724788800,63.53,63.71,59.0,60.38,177057.102
1724803200,60.38,60.85,59.76,60.8,51296.048
1724817600,60.8,61.05,60.0,60.07,43420.802
1724832000,60.07,61.83,59.73,61.55,80871.643
1724846400,61.55,62.0,60.3,60.82,90641.572
1724860800,60.82,61.72,59.4,61.27,77175.037
1724875200,61.27,62.38,61.21,61.82,50186.222
1724889600,61.82,62.29,61.52,62.2,27670.861
1724904000,62.2,62.66,61.84,62.51,28808.492
1724918400,62.51,62.73,62.13,62.18,60062.479
1724932800,62.18,63.5,62.14,63.4,76050.567
1724947200,63.4,63.96,61.51,63.13,197989.463
1724961600,63.13,63.43,61.09,62.47,255475.669
1724976000,62.47,62.6,61.85,62.19,28752.793
1724990400,62.19,64.04,61.91,63.98,65356.153
1725004800,63.98,64.01,63.0,63.56,71764.274
1725019200,63.56,63.94,61.55,61.78,100719.482
1725033600,61.78,64.78,61.58,64.6,115229.964
1725048000,64.6,65.42,63.98,64.94,63871.981
1725062400,64.94,66.07,64.91,65.78,60906.239
1725076800,65.78,66.45,65.16,65.66,87987.686
1725091200,65.66,66.04,65.13,65.73,45991.069
1725105600,65.73,65.84,64.89,65.52,82001.425
1725120000,65.52,65.64,64.88,65.05,35995.656
1725134400,65.05,65.42,64.86,64.97,20377.931
1725148800,64.97,65.01,64.02,64.43,36804.326
1725163200,64.43,64.68,63.81,64.37,33848.47
1725177600,64.37,64.43,63.85,64.25,35694.59
1725192000,64.25,64.59,63.72,64.37,64250.361
1725206400,64.37,64.99,64.15,64.63,50163.631
1725220800,64.63,65.13,62.84,63.59,54339.043
1725235200,63.59,64.13,63.28,63.51,36538.254
1725249600,63.51,63.74,62.6,62.87,40421.33
1725264000,62.87,64.14,62.78,63.92,69660.189
1725278400,63.92,64.74,63.54,64.32,84793.553
1725292800,64.32,65.01,64.29,64.97,64997.304
1725307200,64.97,65.74,64.97,65.33,41818.153
1725321600,65.33,66.38,65.24,66.08,73407.671
1725336000,66.08,66.17,65.44,66.07,31401.6
1725350400,66.07,66.31,65.73,65.83,45589.788
1725364800,65.83,66.0,64.68,64.89,69115.247
1725379200,64.89,65.19,64.41,65.19,44351.524
1725393600,65.19,65.89,64.3,64.36,56656.959
1725408000,64.36,65.04,62.02,64.83,92262.303
1725422400,64.83,65.96,64.61,65.42,100518.433
1725436800,65.42,66.22,65.27,65.33,68103.061
1725451200,65.33,66.0,64.08,65.8,84066.364
1725465600,65.8,66.22,65.23,65.59,49409.915
1725480000,65.59,65.81,65.31,65.42,31180.562
1725494400,65.42,67.0,65.11,65.22,108938.539
1725508800,65.22,68.55,64.64,68.3,139030.181
1725523200,68.3,68.46,65.82,66.27,99437.533
1725537600,66.27,66.27,64.65,65.21,79622.247
1725552000,65.21,65.89,64.43,65.12,164957.122
1725566400,65.12,66.33,64.96,66.08,144179.787
1725580800,66.08,66.81,65.97,66.56,49791.963
1725595200,66.56,66.75,64.73,65.22,71481.995
1725609600,65.22,65.77,65.05,65.44,44603.703
1725624000,65.44,66.03,63.48,63.97,135697.849
1725638400,63.97,64.21,62.82,63.16,97378.533
1725652800,63.16,63.28,61.18,63.05,104510.781
1725667200,63.05,63.93,62.77,63.82,65461.312
1725681600,63.82,64.16,63.42,63.89,44110.142
1725696000,63.89,63.98,63.32,63.4,39614.159
1725710400,63.4,63.63,62.77,62.99,64926.747
1725724800,62.99,63.05,62.2,62.6,55450.372
1725739200,62.6,62.63,61.64,62.07,46137.924
1725753600,62.07,62.11,61.68,61.95,59031.501
1725768000,61.95,62.32,61.74,62.09,51607.301
1725782400,62.09,62.2,61.77,61.93,71607.644
1725796800,61.93,61.98,60.57,60.63,64801.416
1725811200,60.63,61.21,60.22,60.7,56294.779
1725825600,60.7,61.2,59.89,60.95,90381.633
1725840000,60.95,61.27,59.97,60.38,73214.821
1725854400,60.38,60.71,60.16,60.68,54421.75
1725868800,60.68,61.02,60.17,60.5,77745.831
1725883200,60.5,60.67,59.65,60.1,115503.35
1725897600,60.1,61.5,60.04,61.46,158199.014
1725912000,61.46,61.82,60.99,61.42,116786.021
1725926400,61.42,61.43,60.35,60.59,46499.658
1725940800,60.59,61.2,60.5,61.14,53078.038
1725955200,61.14,61.47,60.68,60.91,74698.89
1725969600,60.91,61.33,60.47,60.67,83282.676
1725984000,60.67,61.75,60.63,61.62,73781.589
1725998400,61.62,61.77,61.37,61.51,45805.078
1726012800,61.51,61.55,60.54,61.38,46462.028
1726027200,61.38,62.0,60.87,61.48,80771.057
1726041600,61.48,61.74,61.06,61.24,85925.96
1726056000,61.24,61.59,60.13,61.4,152914.038
1726070400,61.4,62.42,61.35,62.07,80655.894
1726084800,62.07,62.31,61.77,62.19,43019.913
1726099200,62.19,62.53,61.81,62.38,42189.365
1726113600,62.38,62.46,61.87,62.01,50497.95
1726128000,62.01,62.11,61.52,61.83,48725.914
1726142400,61.83,62.46,61.56,62.2,116314.179
1726156800,62.2,63.12,62.16,63.11,87463.423
1726171200,63.11,63.11,62.66,62.84,38381.808
1726185600,62.84,62.85,62.4,62.5,41187.786
1726200000,62.5,63.08,62.45,63.06,33124.273
1726214400,63.06,63.62,62.99,63.35,61721.473
1726228800,63.35,64.97,63.14,64.93,115492.754
1726243200,64.93,65.01,64.25,64.51,98708.86
1726257600,64.51,65.0,64.4,64.91,56889.26
1726272000,64.91,65.62,64.87,65.32,38124.498
1726286400,65.32,65.46,64.87,65.35,44248.828
1726300800,65.35,65.95,65.35,65.78,93879.104
1726315200,65.78,66.75,65.66,66.55,70101.749
1726329600,66.55,66.76,65.92,66.03,120514.18
1726344000,66.03,66.12,65.57,65.91,47258.732
1726358400,65.91,66.31,65.63,65.66,32996.132
1726372800,65.66,65.66,65.05,65.2,39031.568
1726387200,65.2,65.23,64.5,64.66,41733.165
1726401600,64.66,65.04,64.46,64.51,46153.939
1726416000,64.51,64.56,63.85,64.27,70074.004
1726430400,64.27,64.37,62.89,63.24,65665.869
1726444800,63.24,63.3,62.4,63.06,44047.392
1726459200,63.06,63.33,62.62,63.29,44881.51
1726473600,63.29,63.75,63.08,63.13,49804.789
1726488000,63.13,63.34,62.45,62.78,66848.86
1726502400,62.78,62.93,62.15,62.44,50981.241
1726516800,62.44,62.67,62.1,62.62,34592.361
1726531200,62.62,63.24,61.93,63.2,35909.053
1726545600,63.2,63.46,62.94,63.25,28739.616
1726560000,63.25,63.33,62.23,62.48,51556.375
1726574400,62.48,63.97,62.4,63.88,102266.795
1726588800,63.88,64.03,62.77,63.23,50362.733
1726603200,63.23,63.8,63.0,63.77,29702.247
1726617600,63.77,64.35,63.31,64.17,37469.482
1726632000,64.17,64.23,63.54,64.12,28080.609
1726646400,64.12,64.12,63.27,63.42,48562.931
1726660800,63.42,63.43,62.39,62.66,55524.972
1726675200,62.66,64.47,62.43,63.95,78442.53
1726689600,63.95,64.86,63.67,64.84,54908.523
1726704000,64.84,65.48,64.71,64.94,60475.75
1726718400,64.94,65.36,64.69,65.27,36335.983
1726732800,65.27,65.69,64.86,65.65,85496.652
1726747200,65.65,65.93,65.08,65.35,64020.445
1726761600,65.35,66.06,65.23,65.63,60816.418
1726776000,65.63,65.82,65.27,65.4,38013.183
1726790400,65.4,65.96,64.85,65.95,57045.663
1726804800,65.95,66.45,65.77,66.23,67954.829
1726819200,66.23,66.36,65.79,65.94,44573.679
1726833600,65.94,66.29,64.61,64.97,80805.33
1726848000,64.97,65.82,64.33,65.81,73876.49
1726862400,65.81,65.83,65.11,65.33,34703.123
1726876800,65.33,65.58,64.86,65.31,29723.766
1726891200,65.31,65.78,64.82,65.72,26440.641
1726905600,65.72,65.99,65.46,65.67,28662.999
1726920000,65.67,66.72,65.63,66.65,51605.049
1726934400,66.65,67.0,66.37,66.95,55399.187
1726948800,66.95,67.15,66.44,66.84,30982.019
1726963200,66.84,67.37,66.54,67.35,43211.709
1726977600,67.35,67.55,66.83,67.17,35313.048
1726992000,67.17,67.56,66.8,67.24,40528.773
1727006400,67.24,67.56,66.62,66.86,50464.678
1727020800,66.86,67.91,66.53,67.75,57972.966
1727035200,67.75,68.82,66.46,68.68,78822.68
1727049600,68.68,69.35,67.28,68.68,72104.36
1727064000,68.68,68.79,67.67,67.68,45858.832
1727078400,67.68,67.8,66.94,67.15,60808.893
1727092800,67.15,67.97,66.73,67.81,57999.951
1727107200,67.81,68.03,67.18,67.28,35043.292
1727121600,67.28,67.36,66.63,66.96,40123.885
1727136000,66.96,67.17,66.24,66.62,43795.565
1727150400,66.62,66.85,66.16,66.74,39598.26
1727164800,66.74,67.13,66.53,66.67,58250.556
1727179200,66.67,67.1,65.66,65.76,75269.238
1727193600,65.76,66.82,65.75,66.8,49195.108
1727208000,66.8,67.0,66.15,66.7,44942.037
1727222400,66.7,67.21,66.42,66.99,42651.233
1727236800,66.99,67.01,65.91,66.25,34676.472
1727251200,66.25,66.5,66.13,66.5,31464.47
1727265600,66.5,67.85,66.36,67.36,57936.011
1727280000,67.36,67.84,66.88,66.93,45447.122
1727294400,66.93,67.39,66.41,66.55,39194.818
1727308800,66.55,66.71,65.63,66.46,34174.087
1727323200,66.46,67.72,66.45,67.52,36109.478
1727337600,67.52,67.89,67.17,67.56,53623.604
1727352000,67.56,68.31,67.22,68.22,70957.353
1727366400,68.22,68.5,67.69,68.18,49337.059
1727380800,68.18,68.58,67.54,68.54,49247.199
1727395200,68.54,69.02,68.28,68.97,51325.089
1727409600,68.97,69.71,68.8,68.88,63752.159
1727424000,68.88,69.91,68.86,69.9,73088.306
1727438400,69.9,70.57,69.77,70.09,95091.601
1727452800,70.09,70.72,69.92,70.64,58648.241
1727467200,70.64,71.2,70.4,71.13,35233.337
1727481600,71.13,71.47,70.86,71.42,58818.306
1727496000,71.42,71.52,69.77,70.41,80550.736
1727510400,70.41,70.49,69.28,69.85,57056.924
1727524800,69.85,70.05,69.01,69.77,47471.217
1727539200,69.77,69.93,69.37,69.73,58498.059
1727553600,69.73,70.06,69.12,69.95,21808.889
1727568000,69.95,70.18,69.37,69.59,24754.488
1727582400,69.59,69.59,68.6,68.74,32178.907
1727596800,68.74,69.22,68.49,69.01,39330.67
1727611200,69.01,69.86,68.63,69.85,44063.796
1727625600,69.85,70.24,69.42,70.21,42914.353
1727640000,70.21,70.32,69.13,69.27,34689.334
1727654400,69.27,69.38,67.53,67.86,52205.563
1727668800,67.86,68.37,67.5,68.25,38798.17
1727683200,68.25,68.27,66.53,67.26,90611.705
1727697600,67.26,67.66,66.58,66.62,79077.689
1727712000,66.62,67.49,66.55,67.32,50654.101
1727726400,67.32,67.6,66.28,66.82,39391.029
1727740800,66.82,68.01,66.61,67.9,43226.533
1727755200,67.9,68.46,67.83,68.21,35283.635
1727769600,68.21,68.59,67.99,68.11,36240.532
1727784000,68.11,68.26,63.58,65.29,136909.878
1727798400,65.29,65.66,62.0,63.66,150561.006
1727812800,63.66,63.8,62.13,63.41,74556.619
1727827200,63.41,64.34,62.91,64.3,42219.368
1727841600,64.3,64.77,63.88,64.54,27725.751
1727856000,64.54,64.71,63.14,63.73,45344.595
1727870400,63.73,63.98,62.68,63.77,74311.288
1727884800,63.77,64.2,62.23,62.98,81246.804
1727899200,62.98,63.39,62.23,62.95,62404.625
1727913600,62.95,63.97,62.69,63.95,51900.892
1727928000,63.95,63.95,63.23,63.32,64344.258
1727942400,63.32,63.47,61.92,62.87,57084.704
1727956800,62.87,63.37,61.97,62.77,71917.089
1727971200,62.77,63.37,62.2,63.37,50571.601
1727985600,63.37,63.47,62.95,63.44,42691.775
1728000000,63.44,64.49,63.29,64.05,41081.943
1728014400,64.05,64.52,64.04,64.39,27768.256
1728028800,64.39,64.6,64.06,64.32,46948.641
1728043200,64.32,64.58,63.81,64.56,54290.291
1728057600,64.56,65.2,64.49,65.14,38491.676
1728072000,65.14,65.15,64.76,64.95,24119.344
1728086400,64.95,65.47,64.67,64.91,22611.289
1728100800,64.91,65.58,64.86,65.18,21305.268
1728115200,65.18,65.68,65.18,65.51,23951.556
1728129600,65.51,66.17,65.45,66.15,37141.936
1728144000,66.15,66.36,65.36,65.52,74987.751
1728158400,65.52,66.3,65.05,66.29,29582.513
1728172800,66.29,66.72,66.11,66.31,25590.042
1728187200,66.31,66.98,66.3,66.96,25447.979
1728201600,66.96,67.65,66.71,67.51,49417.9
1728216000,67.51,67.65,67.23,67.35,42252.955
1728230400,67.35,67.45,67.07,67.23,33071.755
1728244800,67.23,67.43,66.82,67.02,29814.927
1728259200,67.02,67.98,66.82,67.68,41988.205
1728273600,67.68,67.82,67.24,67.41,28112.1
1728288000,67.41,67.56,65.92,66.47,62180.723
1728302400,66.47,67.03,65.62,65.9,74055.533
1728316800,65.9,66.36,64.69,65.64,57988.191
1728331200,65.64,66.07,64.48,64.77,78680.876
1728345600,64.77,65.43,64.74,65.26,39305.616
1728360000,65.26,65.43,64.52,65.07,38921.58
1728374400,65.07,65.63,64.89,65.58,28521.332
1728388800,65.58,65.99,64.96,65.55,56136.017
1728403200,65.55,66.0,65.3,65.68,45413.031
1728417600,65.68,66.16,65.48,65.69,29590.048
1728432000,65.69,65.97,65.4,65.61,35719.246
1728446400,65.61,65.96,65.46,65.79,22365.507
1728460800,65.79,65.9,65.45,65.69,43325.731
1728475200,65.69,65.72,64.78,65.27,68070.756
1728489600,65.27,65.35,64.78,64.87,64154.18
1728504000,64.87,64.97,64.11,64.59,67304.626
1728518400,64.59,65.01,64.15,64.89,25150.04
1728532800,64.89,65.09,64.68,64.69,24038.011
1728547200,64.69,64.97,64.39,64.46,42955.859
1728561600,64.46,64.56,63.88,64.41,43101.741
1728576000,64.41,64.66,63.22,64.18,53426.896
1728590400,64.18,64.36,63.81,64.32,30227.833
1728604800,64.32,65.18,64.3,65.0,24763.965
1728619200,65.0,65.13,64.6,64.6,23807.202
1728633600,64.6,65.34,64.6,65.14,26076.047
1728648000,65.14,65.5,64.87,65.4,53984.491
1728662400,65.4,65.92,65.32,65.77,55037.664
1728676800,65.77,65.81,65.43,65.58,29539.976
1728691200,65.58,65.79,65.07,65.21,21788.563
1728705600,65.21,66.0,65.21,65.96,22636.318
1728720000,65.96,66.5,65.92,66.34,27628.977
1728734400,66.34,66.65,66.18,66.37,39674.502
1728748800,66.37,66.6,66.15,66.25,26588.351
1728763200,66.25,66.41,66.16,66.19,18283.935
1728777600,66.19,66.3,65.49,65.53,27186.593
1728792000,65.53,65.92,65.5,65.68,19163.798
1728806400,65.68,65.68,65.06,65.08,26175.115
1728820800,65.08,65.5,64.49,64.68,35194.405
1728835200,64.68,65.11,64.43,64.7,27846.597
1728849600,64.7,65.05,64.59,64.8,34266.431
1728864000,64.8,65.57,64.12,65.52,45095.236
1728878400,65.52,65.88,65.21,65.56,54086.916
1728892800,65.56,66.04,65.25,65.91,54819.667
1728907200,65.91,67.11,65.71,66.94,98151.096
1728921600,66.94,67.26,66.35,66.87,80367.921
1728936000,66.87,67.37,66.5,66.83,59951.731
1728950400,66.83,67.85,66.7,66.85,57214.804
1728964800,66.85,67.3,66.54,66.88,44266.85
1728979200,66.88,67.2,65.73,66.05,68780.093
1728993600,66.05,68.23,65.27,66.26,165965.567
1729008000,66.26,72.0,66.19,69.73,597100.9
1729022400,69.73,70.99,68.71,70.87,118986.931
1729036800,70.87,73.07,70.87,71.58,223352.248
1729051200,71.58,72.07,70.47,70.86,99753.595
1729065600,70.86,71.8,70.46,71.54,125091.5
1729080000,71.54,72.09,69.65,69.92,118029.612
1729094400,69.92,70.59,69.32,70.27,55185.909
1729108800,70.27,70.55,69.83,70.08,37853.602
1729123200,70.08,70.91,69.87,70.82,37986.345
1729137600,70.82,71.29,70.28,71.06,50303.791
1729152000,71.06,71.51,70.43,70.74,76202.974
1729166400,70.74,72.36,70.68,72.22,137028.265
1729180800,72.22,73.04,71.31,73.03,160414.195
1729195200,73.03,74.0,72.68,72.8,110792.287
1729209600,72.8,74.87,72.09,73.12,125583.855
1729224000,73.12,73.26,72.22,72.26,50444.272
1729238400,72.26,72.37,71.89,71.94,44756.056
1729252800,71.94,73.38,71.93,73.25,84487.901
1729267200,73.25,73.79,72.26,73.66,108881.04
1729281600,73.66,73.85,73.0,73.11,51716.608
1729296000,73.11,74.07,73.03,73.75,43277.926
1729310400,73.75,74.81,73.75,74.42,40633.987
1729324800,74.42,76.19,74.3,74.84,85022.139
1729339200,74.84,75.53,74.57,74.97,59494.401
1729353600,74.97,75.63,74.31,75.22,50917.261
1729368000,75.22,75.45,74.79,74.9,30841.211
1729382400,74.9,75.44,74.49,75.03,40818.83
1729396800,75.03,75.39,74.07,74.14,40074.789
1729411200,74.14,75.36,74.1,75.07,34948.646
1729425600,75.07,75.88,74.61,74.85,61651.975
1729440000,74.85,74.89,74.11,74.17,44480.634
1729454400,74.17,74.44,73.6,74.3,73001.661
1729468800,74.3,74.62,73.6,73.71,62273.166
1729483200,73.71,74.16,73.24,73.31,43793.514
1729497600,73.31,73.47,72.21,72.36,66137.719
1729512000,72.36,73.02,71.01,71.39,109800.763
1729526400,71.39,71.48,70.32,71.04,79227.354
1729540800,71.04,71.2,70.6,70.77,44995.048
1729555200,70.77,71.22,70.1,70.93,103258.413
1729569600,70.93,71.62,70.27,70.72,144068.688
1729584000,70.72,71.33,70.21,70.42,236877.696
1729598400,70.42,70.64,69.39,69.74,137386.296
1729612800,69.74,69.98,69.39,69.77,48932.707
1729627200,69.77,70.2,69.55,70.04,29959.325
1729641600,70.04,70.06,68.73,69.14,46137.28
1729656000,69.14,69.68,68.87,69.06,29848.0
1729670400,69.06,69.36,68.52,68.9,58374.803
1729684800,68.9,69.63,68.59,69.09,55355.551
1729699200,69.09,69.75,67.86,69.73,72292.008
1729713600,69.73,70.43,69.33,70.04,38486.715
1729728000,70.04,70.58,69.71,69.97,65928.111
1729742400,69.97,70.44,69.7,69.76,32980.1
1729756800,69.76,69.99,69.29,69.89,36661.875
1729771200,69.89,71.13,69.68,70.93,53574.63
1729785600,70.93,71.26,70.81,71.08,38553.035
1729800000,71.08,71.33,70.75,71.18,37699.877
1729814400,71.18,71.55,70.86,71.34,29616.963
1729828800,71.34,71.72,70.76,71.25,57170.876
1729843200,71.25,71.85,70.92,71.77,46588.272
1729857600,71.77,72.28,71.72,72.0,65588.833
1729872000,72.0,72.16,70.01,70.91,91701.069
1729886400,70.91,71.16,66.79,68.84,119830.951
1729900800,68.84,69.72,68.3,69.37,77840.0
1729915200,69.37,69.65,68.86,68.97,38782.122
1729929600,68.97,69.25,68.84,68.87,26750.643
1729944000,68.87,68.99,68.07,68.38,40448.222
1729958400,68.38,68.66,68.12,68.53,28848.737
1729972800,68.53,68.91,68.27,68.47,35795.473
1729987200,68.47,69.14,68.0,69.11,35098.129
1730001600,69.11,69.17,68.76,68.91,20642.951
1730016000,68.91,69.71,68.91,69.71,25034.976
1730030400,69.71,70.86,69.61,70.74,44988.344
1730044800,70.74,71.05,70.45,70.91,31257.056
1730059200,70.91,71.22,70.52,71.06,31660.597
1730073600,71.06,71.57,70.51,70.64,45490.925
1730088000,70.64,71.39,70.42,71.19,32425.613
1730102400,71.19,71.49,70.64,70.65,45020.458
1730116800,70.65,71.01,69.88,69.9,80387.017
1730131200,69.9,70.91,69.6,70.55,79073.36
1730145600,70.55,71.06,70.33,70.8,52317.556
1730160000,70.8,72.45,70.71,72.19,84497.642
1730174400,72.19,72.41,71.73,72.39,44192.109
1730188800,72.39,72.8,72.05,72.45,49699.755
1730203200,72.45,73.27,72.16,73.26,82970.752
1730217600,73.26,73.99,72.92,73.01,113289.705
1730232000,73.01,74.38,72.49,73.98,57184.823
1730246400,73.98,74.27,73.14,73.37,37759.685
1730260800,73.37,73.38,72.34,72.46,47363.392
1730275200,72.46,72.63,71.51,71.6,59632.437
1730289600,71.6,72.73,71.49,72.28,63291.007
1730304000,72.28,72.48,71.77,71.95,37365.828
1730318400,71.95,72.45,71.49,71.76,45226.677
1730332800,71.76,72.11,71.27,71.7,30799.523
1730347200,71.7,71.71,70.71,70.99,44823.801
1730361600,70.99,71.74,70.55,71.32,66028.337
1730376000,71.32,71.75,69.71,70.31,118357.32
1730390400,70.31,70.31,68.71,68.74,59388.786
1730404800,68.74,69.59,68.42,69.33,48553.456
1730419200,69.33,69.43,68.1,69.17,40338.733
1730433600,69.17,69.37,67.7,68.15,69209.412
1730448000,68.15,69.57,68.08,69.35,49122.993
1730462400,69.35,70.89,69.33,70.07,92792.506
1730476800,70.07,71.09,69.88,70.05,108946.802
1730491200,70.05,70.62,69.55,70.27,38037.529
1730505600,70.27,71.25,70.25,70.69,34805.798
1730520000,70.69,70.7,69.78,70.59,46733.083
1730534400,70.59,70.97,70.1,70.75,32569.889
1730548800,70.75,70.87,68.86,69.7,57968.743
1730563200,69.7,69.76,68.87,69.29,38133.58
1730577600,69.29,69.55,68.96,69.2,18081.131
1730592000,69.2,69.29,67.0,67.85,78385.451
1730606400,67.85,68.45,67.76,68.18,21191.678
1730620800,68.18,68.28,67.05,67.21,38144.613
1730635200,67.21,67.59,65.28,65.93,97491.49
1730649600,65.93,66.64,65.38,66.62,53828.577
1730664000,66.62,67.41,66.4,66.86,39260.46
1730678400,66.86,67.74,66.22,67.22,38036.518
1730692800,67.22,67.53,66.34,66.37,54698.785
1730707200,66.37,67.19,66.05,66.97,46219.884
1730721600,66.97,67.18,66.45,66.86,51959.267
1730736000,66.86,67.03,65.92,66.31,52781.233
1730750400,66.31,66.33,64.45,65.56,124331.792
1730764800,65.56,66.4,65.47,66.38,43045.188
1730779200,66.38,67.06,66.3,67.03,31541.233
1730793600,67.03,67.28,66.0,66.0,74143.978
1730808000,66.0,67.14,65.13,66.12,115691.353
1730822400,66.12,66.91,64.86,65.08,69195.603
1730836800,65.08,66.29,64.85,65.39,53619.711
1730851200,65.39,69.76,65.35,68.94,208449.066
1730865600,68.94,70.9,68.43,69.58,230455.977
1730880000,69.58,70.34,68.46,70.26,118485.33
1730894400,70.26,70.28,69.12,69.77,101434.219
1730908800,69.77,69.91,69.03,69.85,68001.085
1730923200,69.85,71.64,69.73,71.01,114450.855
1730937600,71.01,72.28,70.49,71.24,120851.443
1730952000,71.24,71.42,69.88,70.55,57673.332
1730966400,70.55,71.15,70.42,70.73,52725.985
1730980800,70.73,71.41,70.17,71.39,79915.184
1730995200,71.39,72.28,70.91,71.87,82137.246
1731009600,71.87,72.39,71.11,71.45,65609.065
1731024000,71.45,72.64,70.73,71.08,70262.294
1731038400,71.08,71.48,70.81,71.18,46140.407
1731052800,71.18,71.69,70.64,71.25,48744.212
1731067200,71.25,72.98,71.25,72.49,101161.342
1731081600,72.49,73.05,71.08,72.65,90114.029
1731096000,72.65,72.86,71.62,72.78,63031.968
1731110400,72.78,73.34,72.36,72.74,59344.087
1731124800,72.74,73.49,72.27,73.17,72446.644
1731139200,73.17,73.96,73.08,73.67,51852.104
1731153600,73.67,73.78,72.3,72.35,63291.211
1731168000,72.35,72.69,71.58,72.03,69729.999
1731182400,72.03,74.19,71.91,73.98,72485.547
1731196800,73.98,75.78,73.69,75.41,117761.673
1731211200,75.41,77.63,75.24,76.07,252628.02
1731225600,76.07,77.39,76.07,77.27,124067.743
1731240000,77.27,78.14,76.34,77.66,241599.137
1731254400,77.66,78.2,75.75,76.56,198453.894
1731268800,76.56,77.13,73.45,76.58,182347.148
1731283200,76.58,77.96,76.38,77.17,110285.928
1731297600,77.17,77.31,74.57,75.57,136605.345
1731312000,75.57,76.96,75.37,76.8,161159.043
1731326400,76.8,78.89,75.92,78.48,416594.061
1731340800,78.48,78.82,77.05,78.34,311926.042
1731355200,78.34,80.37,77.32,80.03,353873.77
1731369600,80.03,80.17,77.1,79.16,239413.29
1731384000,79.16,79.85,68.0,79.64,397688.625
1731398400,79.64,82.78,74.33,76.92,564036.474
1731412800,76.92,77.36,74.05,75.7,311503.441
1731427200,75.7,77.4,74.13,76.75,185424.863
1731441600,76.75,78.37,76.34,76.69,119952.869
1731456000,76.69,77.7,73.66,73.75,181079.393
1731470400,73.75,74.9,71.86,73.47,172708.96
1731484800,73.47,73.96,72.53,73.46,120349.904
1731499200,73.46,76.87,72.73,76.55,302491.808
1731513600,76.55,77.93,73.97,74.28,329593.131
1731528000,74.28,75.62,73.16,75.39,197970.521
1731542400,75.39,85.0,74.17,83.32,521146.949
1731556800,83.32,84.79,78.18,82.28,632507.756
1731571200,82.28,83.13,79.17,80.46,269332.692
1731585600,80.46,81.7,77.63,78.62,301780.805
1731600000,78.62,84.63,78.04,82.64,390009.866
1731614400,82.64,84.65,81.09,82.38,356801.069
1731628800,82.38,82.62,79.37,81.71,210607.291
1731643200,81.71,82.8,78.84,81.46,179485.834
1731657600,81.46,85.98,80.57,84.73,281690.168
1731672000,84.73,87.37,82.31,82.56,582018.993
1731686400,82.56,84.38,81.6,82.86,184893.41
1731700800,82.86,84.84,82.79,83.7,165538.346
1731715200,83.7,84.83,82.84,84.0,160277.231
1731729600,84.0,88.14,83.34,86.94,341692.068
1731744000,86.94,90.8,85.97,88.64,444271.539
1731758400,88.64,94.7,86.59,88.86,741060.667
1731772800,88.86,98.49,87.9,96.59,772056.488
1731787200,96.59,97.47,93.53,95.42,362586.892
1731801600,95.42,97.43,88.9,90.87,557832.34
1731816000,90.87,92.1,89.0,90.87,251312.265
1731830400,90.87,92.18,86.95,87.01,321421.192
1731844800,87.01,92.0,86.78,88.4,271896.91
1731859200,88.4,89.68,85.26,86.4,176710.127
1731873600,86.4,87.42,84.68,87.2,168684.336
1731888000,87.2,95.0,86.88,94.62,344222.429
1731902400,94.62,94.63,92.36,93.6,306211.81
1731916800,93.6,93.65,89.72,90.32,249631.38
1731931200,90.32,91.82,88.43,90.36,267099.393
1731945600,90.36,90.77,86.38,87.44,286612.218
1731960000,87.44,89.51,87.02,89.22,217399.619
1731974400,89.22,89.61,88.38,89.42,93911.439
1731988800,89.42,90.18,87.79,89.32,179625.208
1732003200,89.32,90.0,87.09,88.02,236531.478
1732017600,88.02,89.03,85.8,87.26,188250.218
1732032000,87.26,88.29,86.23,87.35,155479.706
1732046400,87.35,87.72,85.07,86.68,148453.122
1732060800,86.68,86.75,82.96,85.02,198936.657
1732075200,85.02,85.99,84.14,85.5,129341.642
1732089600,85.5,87.15,85.07,86.18,137700.965
1732104000,86.18,87.83,85.12,86.48,164948.972
1732118400,86.48,86.57,82.33,83.42,189270.507
1732132800,83.42,84.85,82.78,83.38,67564.587
1732147200,83.38,84.95,81.54,84.0,124994.2
1732161600,84.0,93.0,84.0,90.1,486059.984
1732176000,90.1,90.67,88.1,89.74,276933.946
1732190400,89.74,91.17,87.08,88.38,356574.065
1732204800,88.38,89.79,87.77,88.7,133004.309
1732219200,88.7,89.62,87.96,89.51,78118.358
1732233600,89.51,91.23,88.46,90.0,200470.517
1732248000,90.0,91.5,89.0,89.22,207317.663
1732262400,89.22,92.78,89.15,91.99,177053.117
1732276800,91.99,92.6,87.63,89.91,336198.894
1732291200,89.91,90.98,89.17,90.84,159810.62
1732305600,90.84,92.21,90.21,92.2,150900.635
1732320000,92.2,103.44,92.08,101.09,1042990.496
1732334400,101.09,104.99,100.06,101.3,499078.809
1732348800,101.3,105.0,100.86,103.14,389278.583
1732363200,103.14,105.2,101.99,102.89,378874.876
1732377600,102.89,106.36,96.86,98.71,612962.661
1732392000,98.71,99.85,96.22,99.5,228273.738
1732406400,99.5,103.18,99.02,101.83,205073.968
1732420800,101.83,102.4,99.3,101.52,155335.621
1732435200,101.52,102.06,95.1,95.43,288859.381
1732449600,95.43,96.72,91.53,92.33,478899.24
1732464000,92.33,96.63,92.08,95.39,148346.748
1732478400,95.39,98.15,95.13,96.92,220034.884
1732492800,96.92,97.1,93.38,96.47,157246.773
1732507200,96.47,97.63,96.08,97.24,118427.785
1732521600,97.24,99.23,96.94,97.7,193426.264
1732536000,97.7,97.92,92.25,95.89,251759.745
1732550400,95.89,96.8,93.47,95.15,161625.595
1732564800,95.15,95.97,90.92,92.26,156617.683
1732579200,92.26,95.31,91.6,94.06,124509.698
1732593600,94.06,94.79,92.58,93.09,64871.627
1732608000,93.09,93.15,87.95,90.37,303154.985
1732622400,90.37,91.85,89.28,90.45,156375.76
1732636800,90.45,92.16,88.88,90.18,117586.771
1732651200,90.18,93.23,90.01,92.82,85243.863
1732665600,92.82,93.83,91.47,92.66,89888.605
1732680000,92.66,95.64,92.44,95.45,117696.165
1732694400,95.45,96.06,94.28,94.82,154627.933
1732708800,94.82,97.34,93.87,97.25,181990.282
1732723200,97.25,97.69,95.71,97.62,119882.993
1732737600,97.62,99.0,97.03,97.23,161660.072
1732752000,97.23,98.31,95.36,96.56,100634.785
1732766400,96.56,97.6,95.76,96.05,62583.694
1732780800,96.05,96.54,94.05,94.84,121334.364
1732795200,94.84,96.2,93.66,93.91,108485.824
1732809600,93.91,95.59,93.91,95.27,66147.79
1732824000,95.27,96.26,94.47,95.54,70293.856
1732838400,95.54,97.6,95.25,96.47,84249.345
1732852800,96.47,96.68,94.72,94.8,87081.367
1732867200,94.8,97.35,94.79,97.29,69232.279
1732881600,97.29,101.55,96.5,101.47,225503.844
1732896000,101.47,102.5,100.17,102.06,183215.771
1732910400,102.06,104.8,101.75,104.77,168454.879
1732924800,104.77,104.92,100.33,101.04,191385.222
1732939200,101.04,102.88,100.76,102.1,119864.93
1732953600,102.1,104.82,101.14,101.69,212553.708
1732968000,101.69,102.6,100.8,102.03,118050.269
1732982400,102.03,103.04,101.7,102.33,92359.454
1732996800,102.33,103.3,101.5,102.74,95176.507
1733011200,102.74,103.88,99.35,101.29,224033.533
1733025600,101.29,101.62,100.08,101.36,70354.098
1733040000,101.36,102.29,100.59,101.53,72426.577
1733054400,101.53,110.78,100.65,108.7,495707.063
1733068800,108.7,109.96,105.49,109.8,249188.871
1733083200,109.8,122.25,108.03,119.55,871754.618
1733097600,119.55,129.78,119.12,119.84,857073.767
1733112000,119.84,124.5,117.48,123.82,457670.093
1733126400,123.82,125.09,114.63,117.09,653447.308
1733140800,117.09,129.49,116.72,123.16,795957.098
1733155200,123.16,133.89,118.1,132.6,877966.346
1733169600,132.6,139.74,131.24,132.93,845505.63
1733184000,132.93,133.88,128.93,129.95,325597.333
1733198400,129.95,133.86,127.96,129.22,307166.6
1733212800,129.22,134.58,128.86,134.11,354429.208
1733227200,134.11,134.57,121.42,126.59,780214.706
1733241600,126.59,130.62,126.1,128.68,381029.506
1733256000,128.68,135.16,128.25,130.89,305815.975
1733270400,130.89,132.56,127.43,129.29,240262.35
1733284800,129.29,132.97,128.36,132.36,188312.818
1733299200,132.36,132.79,128.63,129.27,212889.402
1733313600,129.27,129.85,125.83,128.56,309025.772
1733328000,128.56,128.92,121.9,126.58,305152.315
1733342400,126.58,135.7,126.02,133.69,505099.141
1733356800,133.69,133.76,124.94,127.76,442190.693
1733371200,127.76,129.5,125.44,128.57,230923.325
1733385600,128.57,138.27,127.98,137.18,404120.548
1733400000,137.18,146.42,134.87,143.79,819244.074
1733414400,143.79,147.06,139.06,139.33,367276.392
1733428800,139.33,139.61,130.0,135.78,425962.053
1733443200,135.78,139.28,134.74,137.35,198456.468
1733457600,137.35,138.33,134.85,135.2,124920.804
1733472000,135.2,135.58,131.34,133.04,179121.776
1733486400,133.04,134.47,130.08,132.52,262796.801
1733500800,132.52,136.98,131.86,136.75,230343.754
1733515200,136.75,137.8,134.14,135.93,168466.441
1733529600,135.93,137.67,134.27,134.97,98290.828
1733544000,134.97,137.84,134.52,136.94,103950.548
1733558400,136.94,138.67,135.32,137.61,155410.476
1733572800,137.61,138.66,135.61,137.25,140537.668
1733587200,137.25,137.49,131.76,133.63,216440.483
1733601600,133.63,134.84,132.2,133.79,85094.322
1733616000,133.79,135.1,132.84,133.99,87209.09
1733630400,133.99,134.5,130.91,132.5,112913.22
1733644800,132.5,133.86,130.08,132.76,142759.756
1733659200,132.76,135.0,131.69,134.37,126050.855
1733673600,134.37,134.57,131.8,133.41,83758.106
1733688000,133.41,135.9,132.57,134.91,81194.18
1733702400,134.91,135.07,128.11,129.58,137468.861
1733716800,129.58,131.03,124.87,127.01,173444.353
1733731200,127.01,127.32,121.11,121.78,232130.405
1733745600,121.78,127.21,120.51,123.15,246576.202
1733760000,123.15,124.51,121.76,121.88,124965.973
1733774400,121.88,122.24,100.56,110.44,1196179.36
1733788800,110.44,113.03,105.01,109.52,532915.822
1733803200,109.52,114.77,107.24,113.99,345531.481
1733817600,113.99,114.84,111.78,112.35,266978.296
1733832000,112.35,112.8,104.42,104.9,605517.384
1733846400,104.9,107.84,101.23,107.17,579806.881
1733860800,107.17,111.5,106.4,109.8,252131.817
1733875200,109.8,110.66,106.01,109.62,245949.864
1733889600,109.62,111.12,108.86,108.94,122244.617
1733904000,108.94,113.24,108.88,112.79,185309.853
1733918400,112.79,118.31,112.59,116.72,409699.479
1733932800,116.72,117.84,114.45,117.27,180761.869
1733947200,117.27,118.68,117.04,117.3,123497.195
1733961600,117.3,122.04,116.46,120.49,193450.016
1733976000,120.49,124.0,120.49,121.56,252852.644
1733990400,121.56,122.9,119.46,120.47,179938.286
1734004800,120.47,123.86,120.2,121.7,336814.457
1734019200,121.7,125.01,118.16,118.83,310737.794
1734033600,118.83,121.03,116.93,119.24,219845.989
1734048000,119.24,122.08,117.04,121.6,159258.413
1734062400,121.6,122.35,118.46,119.25,152519.733
1734076800,119.25,121.92,118.54,120.44,104115.745
1734091200,120.44,123.39,118.1,118.41,213157.09
1734105600,118.41,120.98,117.5,120.8,243011.488
1734120000,120.8,125.3,120.54,124.52,188162.654
1734134400,124.52,125.34,122.18,123.21,137234.711
1734148800,123.21,123.8,121.93,122.67,86803.042
1734163200,122.67,123.57,121.1,121.44,95208.738
1734177600,121.44,121.8,117.87,119.96,146097.078
1734192000,119.96,119.97,116.13,117.49,174106.8
1734206400,117.49,118.63,115.42,118.21,77067.904
1734220800,118.21,120.15,116.71,117.25,91999.437
1734235200,117.25,119.02,114.26,115.4,120384.314
1734249600,115.4,117.69,115.27,117.21,85826.924
1734264000,117.21,120.66,116.76,120.07,132570.974
1734278400,120.07,120.39,118.6,118.99,64817.507
1734292800,118.99,122.18,115.61,121.11,162074.023
1734307200,121.11,124.03,119.81,120.45,205282.965
1734321600,120.45,122.47,119.86,120.14,98427.086
1734336000,120.14,120.36,115.38,115.65,173775.749
1734350400,115.65,118.49,115.53,118.3,174966.96
1734364800,118.3,122.73,118.3,120.08,277275.862
1734379200,120.08,120.93,117.76,117.99,88481.375
1734393600,117.99,118.2,115.57,117.95,128534.191
1734408000,117.95,117.99,115.92,117.1,107009.871
1734422400,117.1,119.9,116.91,119.0,121163.983
1734436800,119.0,119.75,114.62,115.71,217500.553
1734451200,115.71,131.48,114.37,127.57,866405.294
1734465600,127.57,128.17,122.03,125.63,374042.102
1734480000,125.63,129.11,122.94,124.5,381724.148
1734494400,124.5,124.65,117.53,120.07,347597.965
1734508800,120.07,121.13,118.68,119.65,161845.177
1734523200,119.65,119.85,115.18,116.96,293943.287
1734537600,116.96,118.07,113.26,113.51,308551.202
1734552000,113.51,114.6,107.1,108.35,654523.986
1734566400,108.35,109.97,103.3,109.13,485425.304
1734580800,109.13,109.58,107.7,109.21,184001.936
1734595200,109.21,111.69,108.01,111.25,172207.992
1734609600,111.25,111.76,104.0,106.66,302019.613
1734624000,106.66,107.41,95.65,97.06,800245.792
1734638400,97.06,101.84,94.69,99.36,361151.321
1734652800,99.36,103.3,98.42,101.79,195881.243
1734667200,101.79,102.26,98.5,100.01,189061.42
1734681600,100.01,100.13,86.69,86.81,729619.994
1734696000,86.81,96.9,86.81,96.12,438860.683
1734710400,96.12,100.88,95.71,100.08,201001.711
1734724800,100.08,102.22,97.77,101.38,157156.414
1734739200,101.38,101.93,100.3,101.64,113809.883
1734753600,101.64,106.04,101.58,104.35,182042.608
1734768000,104.35,104.98,102.34,103.74,154554.898
1734782400,103.74,103.8,97.74,100.71,238727.581
1734796800,100.71,101.56,98.99,101.05,172190.876
1734811200,101.05,102.57,99.27,101.56,164629.887
1734825600,101.56,102.16,98.82,99.71,160853.382
1734840000,99.71,100.36,96.62,99.92,153607.477
1734854400,99.92,103.6,99.83,103.28,109170.581
1734868800,103.28,103.93,99.21,100.61,165602.536
1734883200,100.61,102.13,98.25,98.62,90890.589
1734897600,98.62,100.91,97.54,99.78,122061.477
1734912000,99.78,104.51,97.91,104.24,161152.551
1734926400,104.24,105.98,101.0,101.95,192773.213
1734940800,101.95,103.52,101.4,102.34,110087.526
1734955200,102.34,103.48,99.49,99.7,167927.992
1734969600,99.7,103.86,99.46,102.77,151017.375
1734984000,102.77,107.67,102.49,106.77,172039.847
1734998400,106.77,107.15,103.96,105.95,143558.062
1735012800,105.95,107.12,105.11,106.13,84981.248
1735027200,106.13,107.86,105.81,107.34,104913.15
1735041600,107.34,110.83,106.74,110.42,175539.283
1735056000,110.42,110.82,108.21,108.21,110673.845
1735070400,108.21,108.96,107.17,108.35,62587.336
1735084800,108.35,108.85,107.58,107.92,77997.745
1735099200,107.92,109.55,107.44,107.74,65328.519
1735113600,107.74,110.67,107.6,107.95,97782.754
1735128000,107.95,109.68,107.41,108.43,83178.971
1735142400,108.43,109.7,106.92,109.47,76783.961
1735156800,109.47,109.9,107.78,109.82,54157.894
1735171200,109.82,110.35,107.96,108.17,63010.065
1735185600,108.17,108.17,106.19,106.45,91085.487
1735200000,106.45,106.63,103.09,104.08,145007.479
1735214400,104.08,104.32,102.23,102.58,126617.213
1735228800,102.58,103.55,101.46,102.6,73797.893
1735243200,102.6,103.15,101.08,102.23,79585.266
1735257600,102.23,103.99,101.55,103.51,65184.737
1735272000,103.51,104.5,101.69,102.52,79584.233
1735286400,102.52,106.51,102.52,104.88,99356.401
1735300800,104.88,104.97,100.45,100.99,101540.411
1735315200,100.99,103.57,100.55,102.65,81425.986
1735329600,102.65,102.77,99.68,100.58,78867.838
1735344000,100.58,101.01,99.35,100.47,48207.151
1735358400,100.47,100.75,99.07,99.2,40141.335
1735372800,99.2,100.15,98.9,99.66,41352.785
1735387200,99.66,101.05,98.67,99.76,78748.625
1735401600,99.76,101.8,99.64,100.61,57796.519
1735416000,100.61,101.75,100.22,100.74,42574.645
1735430400,100.74,100.87,99.41,100.71,66886.397
1735444800,100.71,100.95,99.82,100.92,38970.708
1735459200,100.92,100.96,100.0,100.18,40109.265
1735473600,100.18,101.66,99.61,100.78,97985.481
1735488000,100.78,100.93,98.31,98.99,62139.647
1735502400,98.99,99.25,96.83,98.51,76405.108
1735516800,98.51,101.49,98.11,100.6,93431.047
1735531200,100.6,102.6,99.92,101.78,102280.248
1735545600,101.78,103.05,101.4,102.24,69405.493
1735560000,102.24,102.78,97.66,98.38,168425.59
1735574400,98.38,102.04,97.36,101.18,106128.15
1735588800,101.18,102.32,98.18,99.4,92663.175
1735603200,99.4,99.59,98.18,98.39,47102.376
1735617600,98.39,99.07,97.75,98.78,40734.208
1735632000,98.78,102.42,98.71,102.41,126146.248
1735646400,102.41,104.79,102.21,104.24,153900.223
1735660800,104.24,104.79,101.51,102.85,109439.757
1735675200,102.85,104.14,102.64,103.28,56948.024
1735689600,103.28,106.04,103.26,104.23,96126.081
1735704000,104.23,105.38,103.75,104.16,39389.127
1735718400,104.16,104.33,102.03,103.74,71465.023
1735732800,103.74,105.3,103.58,104.93,80015.679
1735747200,104.93,107.22,104.0,107.19,135764.585
1735761600,107.19,108.14,104.67,105.24,127311.865
1735776000,105.24,108.08,105.05,105.62,115766.476
1735790400,105.62,107.13,105.44,106.05,87253.99
1735804800,106.05,107.07,105.6,106.38,131067.72
1735819200,106.38,108.75,105.83,106.29,175521.729
1735833600,106.29,106.91,104.77,105.11,91750.24
1735848000,105.11,105.61,104.61,105.14,59526.65
1735862400,105.14,106.89,104.89,106.38,82559.633
1735876800,106.38,106.38,104.11,104.64,67125.596
1735891200,104.64,107.65,104.54,107.55,78383.594
1735905600,107.55,109.77,107.19,109.35,144174.129
1735920000,109.35,113.69,108.91,113.26,146528.955
1735934400,113.26,114.83,112.36,112.71,122036.425
1735948800,112.71,112.88,110.7,112.12,86548.056
1735963200,112.12,112.14,110.97,111.79,42957.564
1735977600,111.79,112.26,110.52,111.39,73878.893
1735992000,111.39,112.78,110.07,110.7,74194.029
1736006400,110.7,111.37,110.47,111.03,43190.82
1736020800,111.03,111.7,110.85,111.21,40956.714
1736035200,111.21,111.85,110.58,111.84,42965.592
1736049600,111.84,112.96,111.65,111.89,41076.777
1736064000,111.89,112.17,110.71,111.64,60155.36
1736078400,111.64,112.87,110.8,112.29,63021.67
1736092800,112.29,113.06,111.57,112.65,54737.673
1736107200,112.65,116.17,112.64,115.72,109578.846
1736121600,115.72,116.92,113.76,115.57,136005.922
1736136000,115.57,115.99,113.21,113.59,88350.324
1736150400,113.59,114.1,112.56,113.6,72476.497
1736164800,113.6,115.4,111.64,114.41,137780.633
1736179200,114.41,117.38,113.95,114.58,166848.949
1736193600,114.58,114.63,113.01,114.01,61508.009
1736208000,114.01,114.9,112.8,113.32,92064.181
1736222400,113.32,113.98,112.39,112.92,54496.917
1736236800,112.92,113.55,110.83,111.45,78536.759
1736251200,111.45,111.66,104.21,106.15,329127.195
1736265600,106.15,106.62,102.92,103.62,183027.235
1736280000,103.62,104.04,102.07,102.72,91130.654
1736294400,102.72,105.03,102.66,103.09,83819.887
1736308800,103.09,103.78,100.54,102.59,145567.879
1736323200,102.59,103.87,101.25,102.13,75951.027
1736337600,102.13,103.33,101.52,102.84,86707.036
1736352000,102.84,103.16,97.21,100.24,265909.358
1736366400,100.24,102.24,99.48,101.43,72264.427
1736380800,101.43,102.5,100.35,101.66,60749.135
1736395200,101.66,102.65,100.3,101.06,84767.206
1736409600,101.06,103.99,100.69,103.99,116354.076
1736424000,103.99,105.5,99.88,105.17,176958.744
1736438400,105.17,105.85,101.86,102.08,133626.148
1736452800,102.08,103.26,100.55,102.23,89472.398
1736467200,102.23,104.45,102.07,104.4,59293.889
1736481600,104.4,105.93,103.41,105.14,64156.498
1736496000,105.14,105.64,103.82,104.51,56982.931
1736510400,104.51,106.14,102.06,104.72,204201.322
1736524800,104.72,106.27,103.76,106.1,85339.026
1736539200,106.1,106.19,103.8,103.96,48236.59
1736553600,103.96,104.14,102.85,103.44,37011.316
1736568000,103.44,103.86,102.99,103.67,28280.176
1736582400,103.67,104.74,103.11,103.4,41145.102
1736596800,103.4,103.67,102.67,103.25,41379.93
1736611200,103.25,103.54,102.17,102.65,51058.721
1736625600,102.65,104.97,102.42,104.39,111854.611
1736640000,104.39,105.27,103.67,104.76,46023.447
1736654400,104.76,104.93,103.52,103.93,24954.611
1736668800,103.93,104.1,102.57,103.11,36737.326
1736683200,103.11,103.41,102.3,102.86,81865.695
1736697600,102.86,104.45,102.62,103.92,58949.099
1736712000,103.92,103.97,101.35,102.34,44509.702
1736726400,102.34,104.47,99.91,100.6,113130.495
1736740800,100.6,101.81,98.41,98.9,76662.043
1736755200,98.9,99.01,93.92,93.99,164634.714
1736769600,93.99,97.32,92.57,96.25,214281.744
1736784000,96.25,96.65,94.19,95.2,100776.265
1736798400,95.2,98.99,94.65,98.37,83659.06
1736812800,98.37,99.92,97.52,99.43,90915.605
1736827200,99.43,99.9,97.93,97.98,52305.708
1736841600,97.98,100.99,97.98,99.64,75888.51
1736856000,99.64,100.96,98.83,100.64,74956.016
1736870400,100.64,101.86,99.73,101.54,73635.654
1736884800,101.54,102.57,100.86,102.45,60617.485
1736899200,102.45,103.34,101.9,102.48,56365.054
1736913600,102.48,102.8,101.62,102.45,49688.352
1736928000,102.45,103.18,100.75,101.31,79372.381
1736942400,101.31,106.19,100.86,105.23,201637.98
1736956800,105.23,106.06,104.36,105.95,113944.172
1736971200,105.95,118.68,105.28,116.96,523643.632
1736985600,116.96,122.0,114.04,118.76,648957.129
1737000000,118.76,121.01,117.83,119.09,294261.096
1737014400,119.09,120.6,116.31,118.78,320980.933
1737028800,118.78,127.16,115.71,126.56,773958.661
1737043200,126.56,130.49,124.27,127.59,607588.479
1737057600,127.59,128.49,122.36,124.41,341133.527
1737072000,124.41,134.22,124.41,133.86,442101.727
1737086400,133.86,141.22,132.54,137.94,836636.765
1737100800,137.94,139.1,134.99,137.05,445008.459
1737115200,137.05,138.14,133.0,134.86,414722.767
1737129600,134.86,137.38,134.33,136.07,274240.245
1737144000,136.07,138.63,134.63,137.04,195270.378
1737158400,137.04,139.6,128.9,129.68,396946.62
1737172800,129.68,130.65,124.17,125.22,520229.122
1737187200,125.22,127.98,123.52,127.64,298019.979
1737201600,127.64,130.33,126.07,126.22,262393.539
1737216000,126.22,126.7,123.58,125.7,227788.538
1737230400,125.7,126.01,123.23,125.4,124575.383
1737244800,125.4,128.66,124.24,124.28,195589.664
1737259200,124.28,124.35,118.89,119.86,355972.586
1737273600,119.86,119.87,114.21,115.15,443745.679
1737288000,115.15,124.93,114.92,124.33,476415.534
1737302400,124.33,125.67,122.55,123.91,169611.52
1737316800,123.91,124.6,111.0,115.57,653359.701
1737331200,115.57,118.84,112.88,116.65,435190.173
1737345600,116.65,127.97,115.39,121.24,449753.921
1737360000,121.24,124.71,119.41,121.52,290787.544
1737374400,121.52,122.2,116.51,119.27,227250.889
1737388800,119.27,121.84,113.04,120.18,407176.863
1737403200,120.18,121.06,116.54,118.58,89521.147
1737417600,118.58,119.31,114.37,116.79,198939.434
1737432000,116.79,116.96,113.69,115.96,130324.703
1737446400,115.96,121.43,115.14,121.25,177449.387
1737460800,121.25,124.88,118.03,120.01,325733.804
1737475200,120.01,122.74,119.66,121.08,156972.817
1737489600,121.08,121.13,118.07,119.11,115009.816
1737504000,119.11,120.27,117.78,118.15,71670.525
1737518400,118.15,118.17,115.73,116.2,122457.477
1737532800,116.2,117.44,115.18,117.19,126479.452
1737547200,117.19,117.48,114.67,115.73,137965.177
1737561600,115.73,118.11,115.33,117.61,91043.379
1737576000,117.61,118.13,114.22,115.38,93047.295
1737590400,115.38,115.63,113.05,114.32,90066.998
1737604800,114.32,114.38,112.44,113.39,70626.408
1737619200,113.39,113.57,111.24,112.38,74928.667
1737633600,112.38,116.76,111.44,115.96,156603.293
1737648000,115.96,117.21,113.11,113.81,106897.874
1737662400,113.81,116.79,113.08,116.42,155455.166
1737676800,116.42,116.61,112.82,115.28,119824.342
1737691200,115.28,117.28,114.41,117.14,106759.462
1737705600,117.14,119.2,116.85,117.71,87932.334
1737720000,117.71,122.99,117.15,122.13,232831.224
1737734400,122.13,122.6,118.34,119.02,106849.808
1737748800,119.02,122.9,116.44,118.71,333147.981
1737763200,118.71,125.6,118.04,124.06,315397.492
1737777600,124.06,124.95,120.9,121.22,183204.237
1737792000,121.22,122.73,120.41,122.44,107281.565
1737806400,122.44,128.33,122.34,128.04,415436.543
1737820800,128.04,129.35,125.67,126.86,254882.233
1737835200,126.86,127.25,123.34,123.92,114684.356
1737849600,123.92,124.54,123.1,123.75,91378.254
1737864000,123.75,125.08,123.41,124.2,77206.823
1737878400,124.2,125.1,121.41,122.74,118038.319
1737892800,122.74,123.03,121.63,122.22,76418.819
1737907200,122.22,122.39,120.8,121.83,71249.304
1737921600,121.83,122.47,116.9,117.11,133860.715
1737936000,117.11,117.89,113.13,114.85,245875.693
1737950400,114.85,114.85,106.31,109.66,290654.797
1737964800,109.66,109.77,106.17,106.86,195993.283
1737979200,106.86,113.65,106.62,112.25,261097.266
1737993600,112.25,113.25,109.16,110.49,107279.863
1738008000,110.49,115.84,110.32,115.06,110693.866
1738022400,115.06,116.14,112.78,115.0,107428.75
1738036800,115.0,116.95,114.7,116.11,96266.585
1738051200,116.11,116.33,113.86,114.57,115111.562
1738065600,114.57,115.6,113.25,114.24,124673.253
1738080000,114.24,115.05,111.99,113.0,127350.624
1738094400,113.0,113.11,109.1,109.92,121023.019
1738108800,109.92,113.64,109.85,113.34,69827.254
1738123200,113.34,115.07,112.87,114.72,54742.556
1738137600,114.72,115.01,112.86,113.11,73470.001
1738152000,113.11,113.75,110.92,111.66,86318.652
1738166400,111.66,114.86,109.87,112.94,186884.818
1738180800,112.94,119.49,111.8,115.9,328154.075
1738195200,115.9,121.77,114.22,121.18,228752.823
1738209600,121.18,131.67,121.18,127.39,567953.164
1738224000,127.39,130.65,126.54,128.75,255341.263
1738238400,128.75,134.0,128.74,131.14,488976.925
1738252800,131.14,131.9,128.11,128.67,218206.358
1738267200,128.67,130.65,126.69,130.15,154765.883
1738281600,130.15,130.92,125.72,125.97,176950.837
1738296000,125.97,130.59,125.78,129.29,151715.864
1738310400,129.29,135.32,128.54,132.17,278893.665
1738324800,132.17,132.42,128.89,130.51,226211.248
1738339200,130.51,130.85,126.16,126.42,144331.985
1738353600,126.42,128.69,125.21,128.09,170953.6
1738368000,128.09,130.64,126.34,129.47,151908.983
1738382400,129.47,131.24,125.72,126.47,218919.108
1738396800,126.47,127.18,122.96,124.25,326187.33
1738411200,124.25,124.61,121.21,122.46,175133.868
1738425600,122.46,123.56,120.32,120.98,123912.987
1738440000,120.98,122.4,117.62,118.04,187178.705
1738454400,118.04,121.41,112.99,114.23,285223.166
1738468800,114.23,117.38,113.49,115.56,191885.781
1738483200,115.56,118.21,113.6,113.88,143188.222
1738497600,113.88,117.21,113.71,115.33,159814.337
1738512000,115.33,115.34,107.22,110.9,463905.799
1738526400,110.9,112.18,104.02,109.12,325440.73
1738540800,109.12,109.16,80.04,93.34,1483914.746
1738555200,93.34,99.53,89.74,99.34,531704.79
1738569600,99.34,99.5,95.16,97.3,332657.808
1738584000,97.3,104.19,92.7,103.13,662109.124
1738598400,103.13,106.95,101.13,106.5,343466.177
1738612800,106.5,108.96,103.25,106.91,260903.38
1738627200,106.91,108.76,104.01,104.52,154221.121
1738641600,104.52,105.16,98.87,99.4,290950.731
1738656000,99.4,103.18,98.76,100.92,178196.063
1738670400,100.92,105.49,100.92,102.71,245644.431
1738684800,102.71,106.21,101.75,102.21,171777.416
1738699200,102.21,103.36,98.42,101.07,263155.673
1738713600,101.07,104.06,100.47,102.94,140659.196
1738728000,102.94,103.55,101.6,102.64,92765.53
1738742400,102.64,106.97,102.23,106.77,135907.288
1738756800,106.77,109.45,104.71,107.59,332838.718
1738771200,107.59,108.1,103.12,105.78,234102.324
1738785600,105.78,106.01,101.75,103.38,111645.577
1738800000,103.38,106.02,103.12,105.4,104182.17
1738814400,105.4,108.48,105.11,107.09,150130.279
1738828800,107.09,109.66,106.24,106.81,176010.452
1738843200,106.81,107.13,101.14,101.99,294437.174
1738857600,101.99,102.86,99.49,99.87,293386.178
1738872000,99.87,102.34,99.67,101.66,101196.546
1738886400,101.66,106.01,101.49,104.06,145792.838
1738900800,104.06,105.31,102.65,105.1,75077.092
1738915200,105.1,105.82,104.11,105.0,98682.872
1738929600,105.0,108.13,104.3,106.1,251296.573
1738944000,106.1,106.29,102.77,102.91,140083.789
1738958400,102.91,103.53,100.57,103.11,141066.762
1738972800,103.11,105.04,102.73,103.76,91485.11
1738987200,103.76,104.28,102.43,103.0,107326.497
1739001600,103.0,103.7,102.27,102.88,88090.874
1739016000,102.88,103.46,101.75,102.55,95049.375
1739030400,102.55,104.92,102.01,104.49,65798.797
1739044800,104.49,105.17,104.19,104.69,42713.609
1739059200,104.69,107.65,104.21,107.52,82416.139
1739073600,107.52,108.02,105.91,106.9,143282.322
1739088000,106.9,107.22,105.5,106.5,65997.331
1739102400,106.5,108.81,104.54,108.02,174095.862
1739116800,108.02,109.18,105.85,106.04,114856.156
1739131200,106.04,108.37,102.28,107.2,167772.623
1739145600,107.2,114.14,107.13,112.43,442326.92
1739160000,112.43,115.56,111.81,115.29,255836.442
1739174400,115.29,118.5,115.0,118.01,318785.371
1739188800,118.01,120.1,116.05,118.05,353828.729
1739203200,118.05,122.48,117.63,119.45,336929.454
1739217600,119.45,121.52,118.69,120.21,155413.649
1739232000,120.21,126.78,117.81,126.6,473656.715
1739246400,126.6,132.48,125.27,129.38,643211.629
1739260800,129.38,131.21,126.06,128.02,325452.177
1739275200,128.02,129.85,124.32,125.09,403154.64
1739289600,125.09,125.91,117.88,118.81,379865.869
1739304000,118.81,121.62,118.71,119.27,245457.8
1739318400,119.27,119.81,116.28,117.47,211105.66
1739332800,117.47,118.03,115.74,116.96,160227.762
1739347200,116.96,118.85,116.09,116.9,134926.451
1739361600,116.9,117.94,111.33,115.86,429239.017
1739376000,115.86,125.0,115.39,123.79,457922.402
1739390400,123.79,124.57,121.17,122.04,204460.075
1739404800,122.04,129.32,121.5,124.35,348153.234
1739419200,124.35,125.06,120.7,121.79,187504.786
1739433600,121.79,122.6,120.28,121.92,157788.971
1739448000,121.92,124.0,118.85,122.45,221799.339
1739462400,122.45,129.11,120.76,125.48,309318.208
1739476800,125.48,127.99,124.14,126.61,163927.357
1739491200,126.61,128.61,124.76,127.52,204168.949
1739505600,127.52,127.54,125.81,127.04,119389.989
1739520000,127.04,133.87,126.43,130.05,534800.543
1739534400,130.05,130.46,126.69,127.95,338382.599
1739548800,127.95,130.56,125.24,127.45,253940.56
1739563200,127.45,128.35,124.39,124.91,125967.704
1739577600,124.91,130.54,124.31,129.54,155696.072
1739592000,129.54,132.15,127.65,129.56,189816.693
1739606400,129.56,133.39,129.47,131.97,246757.047
1739620800,131.97,135.0,130.77,133.85,321674.649
1739635200,133.85,135.0,129.76,130.25,292073.388
1739649600,130.25,133.99,129.2,133.86,133954.096
1739664000,133.86,137.5,132.26,134.83,340535.468
1739678400,134.83,136.9,132.34,132.45,216149.551
1739692800,132.45,133.01,131.02,131.76,162799.812
1739707200,131.76,132.46,125.75,127.06,394549.604
1739721600,127.06,127.81,125.04,126.59,145337.964
1739736000,126.59,127.89,125.12,125.71,123898.076
1739750400,125.71,128.86,124.22,124.63,215324.386
1739764800,124.63,127.52,123.14,125.49,191762.511
1739779200,125.49,126.47,123.8,124.24,152938.458
1739793600,124.24,126.29,121.76,122.08,339407.326
1739808000,122.08,123.61,120.0,121.06,333311.947
1739822400,121.06,124.96,120.63,122.31,116283.708
1739836800,122.31,126.12,121.46,125.39,132082.895
1739851200,125.39,126.09,119.85,122.57,225976.718
1739865600,122.57,125.65,122.57,125.03,179682.045
1739880000,125.03,128.46,123.83,124.79,329852.055
1739894400,124.79,128.36,120.69,125.69,417531.656
1739908800,125.69,129.85,125.17,129.75,226268.254
1739923200,129.75,134.1,129.7,133.12,464252.044
1739937600,133.12,135.41,130.07,134.79,283383.565
1739952000,134.79,140.0,134.63,135.92,522132.76
1739966400,135.92,137.7,133.4,136.53,391653.813
1739980800,136.53,138.48,134.02,135.78,248647.215
1739995200,135.78,136.87,133.19,134.88,183175.839
1740009600,134.88,135.23,129.84,132.87,348794.744
1740024000,132.87,133.43,128.6,129.58,228415.818
1740038400,129.58,130.96,127.96,129.87,280385.617
1740052800,129.87,130.73,126.6,127.89,342252.534
1740067200,127.89,129.89,125.86,127.66,217702.769
1740081600,127.66,130.94,126.84,130.82,255524.565
1740096000,130.82,139.33,130.22,134.87,691938.9
1740110400,134.87,136.28,132.38,132.79,197975.492
1740124800,132.79,136.21,132.75,135.16,264104.39
1740139200,135.16,140.17,129.43,132.84,672541.557
1740153600,132.84,135.12,123.65,124.49,549747.089
1740168000,124.49,129.38,124.18,128.1,293093.568
1740182400,128.1,131.2,126.74,128.17,241930.739
1740196800,128.17,130.52,127.46,127.49,146253.245
1740211200,127.49,128.92,126.55,127.97,158156.139
1740225600,127.97,128.9,126.82,128.55,150293.471
1740240000,128.55,129.17,126.71,126.99,125476.47
1740254400,126.99,127.15,125.58,125.9,119346.558
1740268800,125.9,126.97,125.17,126.27,94100.049
1740283200,126.27,128.2,125.88,128.17,74587.841
1740297600,128.17,128.85,126.76,127.86,97105.147
1740312000,127.86,129.61,126.33,127.15,156559.234
1740326400,127.15,129.0,126.78,127.96,94130.807
1740340800,127.96,130.44,127.6,129.85,69393.267
1740355200,129.85,130.5,121.56,122.02,212347.854
1740369600,122.02,125.42,121.3,123.91,171884.623
1740384000,123.91,124.66,121.81,124.26,155926.687
1740398400,124.26,124.44,120.16,122.4,248953.079
1740412800,122.4,124.31,120.62,121.81,168001.592
1740427200,121.81,123.81,112.01,114.77,485911.659
1740441600,114.77,117.32,112.68,114.31,389369.818
1740456000,114.31,115.0,106.08,110.05,566047.554
1740470400,110.05,113.61,109.3,112.58,419166.325
1740484800,112.58,114.01,108.93,111.73,314616.193
1740499200,111.73,113.95,109.87,113.77,163778.719
1740513600,113.77,117.07,112.95,114.55,193389.011
1740528000,114.55,121.62,113.96,118.76,333962.626
1740542400,118.76,119.97,117.19,119.23,144598.168
1740556800,119.23,127.31,118.1,125.31,444196.891
1740571200,125.31,128.94,120.91,126.38,675905.238
1740585600,126.38,128.15,121.34,121.99,509836.721
1740600000,121.99,128.9,121.48,124.68,412704.319
1740614400,124.68,126.36,122.87,124.02,260610.561
1740628800,124.02,130.35,121.73,129.52,402214.898
1740643200,129.52,132.0,128.23,129.54,441052.206
1740657600,129.54,131.73,123.01,128.71,625125.682
1740672000,128.71,128.79,124.28,124.7,241511.106
1740686400,124.7,128.1,123.14,126.86,275095.042
1740700800,126.86,127.48,119.31,122.74,575665.217
1740715200,122.74,123.68,115.56,115.91,521228.705
1740729600,115.91,121.7,114.05,119.42,461815.024
1740744000,119.42,126.91,118.98,125.01,514071.629
1740758400,125.01,128.22,123.25,127.81,260457.209
1740772800,127.81,129.59,126.71,128.04,221464.915
1740787200,128.04,129.46,126.02,128.24,158529.083
1740801600,128.24,131.0,126.09,126.27,197273.221
1740816000,126.27,127.92,124.69,125.27,169737.866
1740830400,125.27,125.99,122.93,125.2,172336.07
1740844800,125.2,126.02,124.11,124.77,85517.529
1740859200,124.77,126.4,123.58,124.31,84836.142
1740873600,124.31,124.82,122.29,122.76,100655.438
1740888000,122.76,124.13,121.79,122.23,102289.013
1740902400,122.23,123.05,121.42,122.48,125562.314
1740916800,122.48,124.87,117.46,121.44,506303.998
1740931200,121.44,130.0,119.54,126.46,903281.914
1740945600,126.46,129.38,124.98,127.89,253350.648
1740960000,127.89,130.4,123.66,124.73,398469.741
1740974400,124.73,125.03,116.96,118.72,390006.396
1740988800,118.72,118.87,114.6,116.83,357469.961
1741003200,116.83,119.27,112.48,113.72,497733.805
1741017600,113.72,115.86,107.13,107.63,393793.501
1741032000,107.63,110.99,106.7,109.89,252785.52
1741046400,109.89,110.94,101.1,104.18,490170.344
1741060800,104.18,106.23,100.57,101.11,306218.349
1741075200,101.11,103.99,100.45,102.75,205313.22
1741089600,102.75,106.33,98.92,100.01,712272.379
1741104000,100.01,104.85,93.93,103.81,612081.781
1741118400,103.81,104.75,101.11,103.66,195435.835
1741132800,103.66,105.5,101.67,102.16,162999.891
1741147200,102.16,103.56,101.96,102.47,85080.737
1741161600,102.47,106.87,102.19,103.84,232700.157
1741176000,103.84,104.87,100.61,101.98,239686.716
1741190400,101.98,104.68,101.47,104.02,139491.952
1741204800,104.02,105.34,103.81,104.73,103365.678
1741219200,104.73,107.6,103.64,107.37,160784.389
1741233600,107.37,113.0,106.96,108.1,357624.202
1741248000,108.1,109.69,107.08,107.21,157736.015
1741262400,107.21,107.42,104.05,105.4,249963.473
1741276800,105.4,105.7,102.11,103.23,149925.953
1741291200,103.23,104.59,102.55,103.39,92303.147
1741305600,103.39,104.55,97.29,100.79,371209.504
1741320000,100.79,102.91,100.55,102.7,109334.317
1741334400,102.7,105.36,101.88,105.34,121005.091
1741348800,105.34,105.96,103.38,104.2,207064.974
1741363200,104.2,105.72,102.15,105.07,173222.4
1741377600,105.07,106.68,102.38,103.71,184771.254
1741392000,103.71,106.41,102.96,106.17,124397.681
1741406400,106.17,109.05,104.78,105.39,146805.179
1741420800,105.39,105.76,103.69,104.39,93236.104
1741435200,104.39,105.64,103.45,103.9,97459.725
1741449600,103.9,104.94,102.84,104.38,60288.907
1741464000,104.38,104.42,101.77,102.34,56893.287
1741478400,102.34,102.77,100.84,101.4,68241.153
1741492800,101.4,101.55,99.87,101.41,82222.42
1741507200,101.41,101.69,98.5,99.64,121150.401
1741521600,99.64,100.68,97.51,99.95,272128.448
1741536000,99.95,100.96,95.15,97.31,220494.928
1741550400,97.31,97.94,93.61,94.62,140700.374
1741564800,94.62,96.47,92.96,95.51,164778.209
1741579200,95.51,97.66,95.4,96.33,101161.397
1741593600,96.33,99.1,94.46,98.14,182914.95
1741608000,98.14,98.69,91.23,92.91,243352.869
1741622400,92.91,93.12,86.26,89.28,387357.894
1741636800,89.28,89.49,87.0,87.48,158058.535
1741651200,87.48,88.96,83.28,87.29,341694.094
1741665600,87.29,89.49,87.0,88.04,153685.132
1741680000,88.04,89.81,87.71,89.01,137200.978
1741694400,89.01,90.33,86.1,90.0,270268.859
1741708800,90.0,93.29,89.62,91.81,299327.555
1741723200,91.81,92.38,90.21,90.46,62598.521
1741737600,90.46,91.94,88.54,88.66,123257.954
1741752000,88.66,90.25,88.07,90.01,73679.723
1741766400,90.01,91.17,89.3,90.93,99893.726
1741780800,90.93,93.0,87.3,89.79,253912.824
1741795200,89.79,91.69,89.54,91.23,85442.347
1741809600,91.23,91.98,91.02,91.51,53347.988
1741824000,91.51,91.77,90.4,90.45,98044.117
1741838400,90.45,90.7,88.81,89.29,74174.018
1741852800,89.29,90.55,88.29,90.25,110822.219
1741867200,90.25,91.37,88.05,88.57,167140.762
1741881600,88.57,88.69,86.28,86.64,112400.218
1741896000,86.64,88.77,86.36,88.08,64391.596
1741910400,88.08,89.59,87.81,89.08,65369.484
1741924800,89.08,89.56,88.55,89.31,45524.884
1741939200,89.31,90.7,89.2,90.4,72486.436
1741953600,90.4,92.84,89.61,91.4,183463.954
1741968000,91.4,92.53,90.93,91.76,82864.781
1741982400,91.76,92.28,90.82,91.31,59411.029
1741996800,91.31,92.18,90.96,92.14,44300.971
1742011200,92.14,92.5,91.09,91.57,61381.353
1742025600,91.57,93.99,91.52,93.89,153112.57
1742040000,93.89,94.25,92.55,92.67,105095.924
1742054400,92.67,93.69,92.36,92.96,79143.72
1742068800,92.96,93.5,92.24,92.47,49232.652
1742083200,92.47,92.69,91.25,92.27,54117.536
1742097600,92.27,92.65,91.74,92.14,33003.366
1742112000,92.14,92.49,88.6,88.87,139523.6
1742126400,88.87,89.84,88.34,89.22,106952.527
1742140800,89.22,91.2,89.03,89.43,102900.497
1742155200,89.43,91.09,89.26,90.22,55841.546
1742169600,90.22,94.12,90.21,93.33,158084.981
1742184000,93.33,94.4,91.42,92.25,140258.011
1742198400,92.25,93.93,91.59,93.03,114333.349
1742212800,93.03,94.1,92.13,93.5,195228.605
1742227200,93.5,95.0,92.71,93.48,167778.088
1742241600,93.48,93.52,92.04,92.3,73921.672
1742256000,92.3,92.33,89.51,89.92,106852.066
1742270400,89.92,90.35,88.88,89.5,80278.345
1742284800,89.5,90.23,88.52,88.63,107312.131
1742299200,88.63,89.34,87.1,88.22,159739.731
1742313600,88.22,88.78,87.56,88.55,137953.56
1742328000,88.55,90.19,87.76,90.03,89880.353
1742342400,90.03,91.01,89.31,90.64,87049.707
1742356800,90.64,90.78,89.51,89.64,88289.668
1742371200,89.64,91.83,89.61,91.5,147754.899
1742385600,91.5,92.3,90.25,92.16,171794.77
1742400000,92.16,92.78,90.49,92.34,139419.214
1742414400,92.34,94.25,92.25,94.09,109511.863
1742428800,94.09,94.57,93.17,93.58,100984.202
1742443200,93.58,93.92,92.07,92.15,65872.631
1742457600,92.15,92.96,91.0,91.79,103855.154
1742472000,91.79,93.0,91.37,91.6,118911.936
1742486400,91.6,92.62,90.07,92.61,138355.499
1742500800,92.61,93.4,92.42,93.29,81091.248
1742515200,93.29,93.48,92.19,92.45,51702.91
1742529600,92.45,93.6,92.45,92.7,62805.51
1742544000,92.7,93.91,92.01,93.18,110724.792
1742558400,93.18,93.73,92.07,93.41,76398.871
1742572800,93.41,93.94,92.23,92.57,94222.308
1742587200,92.57,92.88,90.82,90.84,49003.972
1742601600,90.84,91.39,90.38,91.13,70603.735
1742616000,91.13,91.6,90.87,91.08,41465.952
1742630400,91.08,91.82,90.83,91.49,44290.774
1742644800,91.49,91.58,90.56,90.91,32783.9
1742659200,90.91,92.21,90.76,92.08,53241.466
1742673600,92.08,92.22,91.01,91.37,34659.351
1742688000,91.37,92.2,91.37,91.89,41516.522
1742702400,91.89,91.93,91.16,91.66,22922.208
1742716800,91.66,92.55,91.55,92.22,48693.391
1742731200,92.22,93.0,91.76,92.74,59896.913
1742745600,92.74,92.86,91.14,91.3,48297.451
1742760000,91.3,91.52,90.63,91.48,53268.798
1742774400,91.48,92.6,90.81,92.24,128909.976
1742788800,92.24,93.69,92.02,92.78,140290.96
1742803200,92.78,94.0,92.77,93.72,96540.176
1742817600,93.72,94.98,92.65,94.13,133887.773
1742832000,94.13,95.0,93.33,94.56,81610.673
1742846400,94.56,95.6,93.14,93.77,107074.049
1742860800,93.77,94.34,91.91,92.26,72603.297
1742875200,92.26,92.92,91.9,92.37,56035.87
1742889600,92.37,93.49,92.29,93.1,67354.661
1742904000,93.1,94.77,92.78,93.43,135099.084
1742918400,93.43,94.02,92.67,93.65,58356.888
1742932800,93.65,94.64,92.88,94.36,118749.848
1742947200,94.36,96.1,93.26,93.61,120653.872
1742961600,93.61,95.9,93.52,95.71,58914.408
1742976000,95.71,96.52,95.13,96.13,86969.287
1742990400,96.13,96.45,92.76,93.07,146153.498
1743004800,93.07,93.53,90.9,92.14,112899.214
1743019200,92.14,93.1,91.62,92.42,49053.925
1743033600,92.42,93.9,92.32,93.75,50007.577
1743048000,93.75,94.37,93.35,94.3,49552.953
1743062400,94.3,95.02,93.61,93.76,127120.459
1743076800,93.76,94.25,92.23,93.3,101061.432
1743091200,93.3,93.52,92.17,92.6,61438.377
1743105600,92.6,93.24,92.34,92.79,38199.913
1743120000,92.79,93.43,91.99,92.43,43692.925
1743134400,92.43,92.55,88.16,88.34,159982.078
1743148800,88.34,89.1,87.3,88.22,131839.453
1743163200,88.22,88.48,86.75,87.25,126642.371
1743177600,87.25,87.61,86.0,86.39,100097.863
1743192000,86.39,87.53,85.71,87.35,70209.226
1743206400,87.35,88.04,85.93,87.43,57747.341
1743220800,87.43,87.67,85.73,86.13,65111.206
1743235200,86.13,87.04,85.0,85.76,125616.862
1743249600,85.76,87.05,85.64,86.05,59386.65
1743264000,86.05,86.36,84.16,85.76,110291.237
1743278400,85.76,85.77,84.49,85.46,52634.639
1743292800,85.46,86.81,84.68,86.24,41142.532
1743307200,86.24,86.79,85.79,86.13,31265.518
1743321600,86.13,86.78,85.78,85.99,43906.802
1743336000,85.99,86.68,85.01,86.43,58979.216
1743350400,86.43,86.79,85.59,86.4,41894.695
1743364800,86.4,86.58,84.78,86.1,32806.019
1743379200,86.1,86.27,84.47,84.77,66745.558
1743393600,84.77,85.74,83.34,83.71,76055.131
1743408000,83.71,84.38,80.8,82.26,196970.399
1743422400,82.26,83.73,81.13,83.22,165113.529
1743436800,83.22,84.3,82.58,83.33,61285.536
1743451200,83.33,84.07,82.77,82.97,45691.939
1743465600,82.97,84.13,82.86,83.75,49066.182
1743480000,83.75,84.83,83.58,84.23,47341.994
1743494400,84.23,85.79,83.92,84.12,82048.863
1743508800,84.12,85.9,83.46,85.65,117329.477
1743523200,85.65,85.9,84.51,84.71,90508.613
1743537600,84.71,85.26,84.05,84.48,40376.143
1743552000,84.48,84.49,82.39,82.93,50329.564
1743566400,82.93,84.75,81.15,81.74,144218.372
1743580800,81.74,83.28,81.5,82.38,51759.898
1743595200,82.38,87.3,82.12,85.7,184153.203
1743609600,85.7,87.12,84.87,86.76,105134.923
1743624000,86.76,88.56,80.95,81.54,249804.128
1743638400,81.54,84.8,81.0,83.49,104021.409
1743652800,83.49,84.4,83.39,83.6,109834.663
1743667200,83.6,84.66,81.61,82.7,71603.081
1743681600,82.7,82.85,80.12,81.85,153886.596
1743696000,81.85,82.6,81.21,82.11,52367.533
1743710400,82.11,83.52,82.02,83.45,56135.572
1743724800,83.45,83.69,82.56,83.27,30359.413
1743739200,83.27,84.82,83.0,84.78,39824.229
1743753600,84.78,85.12,81.61,82.51,100107.452
1743768000,82.51,84.87,81.95,84.47,137323.54
1743782400,84.47,84.95,83.23,84.36,77256.026
1743796800,84.36,84.96,83.96,84.41,56161.385
1743811200,84.41,84.98,84.22,84.54,29595.85
1743825600,84.54,84.83,83.59,83.99,26067.1
1743840000,83.99,84.05,83.35,83.54,25270.565
1743854400,83.54,83.55,82.06,82.2,39546.701
1743868800,82.2,82.53,81.83,81.94,26750.931
1743883200,81.94,82.84,81.62,82.67,24778.542
1743897600,82.67,83.13,81.98,82.34,24818.693
1743912000,82.34,82.52,81.55,81.73,31247.032
1743926400,81.73,81.88,80.95,81.19,48413.414
1743940800,81.19,81.43,78.1,78.89,186242.249
1743955200,78.89,78.99,71.68,72.88,302874.15
1743969600,72.88,73.2,68.41,70.62,312852.356
1743984000,70.62,71.77,67.27,68.05,216004.933
1743998400,68.05,68.73,63.08,64.51,519659.733
1744012800,64.51,68.24,63.79,67.05,320128.383
1744027200,67.05,73.04,66.71,70.06,572030.327
1744041600,70.06,71.59,69.16,70.71,158699.848
1744056000,70.71,72.35,70.71,70.99,66095.26
1744070400,70.99,72.87,70.14,71.98,78533.951
1744084800,71.98,72.9,70.87,71.48,70177.867
1744099200,71.48,73.34,70.92,73.22,125867.839
1744113600,73.22,73.53,71.06,71.54,159895.186
1744128000,71.54,71.59,68.24,68.86,235031.061
1744142400,68.86,69.86,68.5,69.15,78712.678
1744156800,69.15,70.06,66.51,68.28,127464.901
1744171200,68.28,70.92,68.19,70.57,210074.652
1744185600,70.57,71.9,69.48,69.94,166718.778
1744200000,69.94,72.12,69.65,71.43,106366.804
1744214400,71.43,78.55,71.3,77.32,412449.474
1744228800,77.32,78.02,75.89,76.03,103631.572
1744243200,76.03,76.12,73.86,74.48,149426.177
1744257600,74.48,75.09,73.72,74.12,73621.889
1744272000,74.12,74.66,73.18,73.75,69253.778
1744286400,73.75,74.66,71.09,71.45,152584.698
1744300800,71.45,73.08,71.07,72.72,97482.008
1744315200,72.72,73.94,72.69,73.81,33113.032
1744329600,73.81,75.38,73.73,75.01,63671.812
1744344000,75.01,76.1,74.84,75.77,67458.391
1744358400,75.77,77.55,75.48,76.07,116134.305
1744372800,76.07,76.7,75.55,76.31,80589.769
1744387200,76.31,77.31,75.94,76.84,52951.449
1744401600,76.84,77.21,75.98,76.19,72741.404
1744416000,76.19,76.3,75.1,75.29,31960.132
1744430400,75.29,76.3,74.92,76.24,67240.595
1744444800,76.24,76.86,75.7,76.35,37251.77
1744459200,76.35,80.11,76.02,79.02,192419.627
1744473600,79.02,79.44,78.02,78.65,69586.874
1744488000,78.65,79.39,78.14,78.62,57001.708
1744502400,78.62,79.06,77.68,78.21,40590.322
1744516800,78.21,78.99,77.26,78.93,52655.235
1744531200,78.93,79.63,78.36,78.87,66003.733
1744545600,78.87,79.41,77.54,78.13,75207.256
1744560000,78.13,80.03,76.75,77.89,80282.437
1744574400,77.89,78.91,76.41,77.85,50219.022
1744588800,77.85,80.67,77.72,78.86,75900.393
1744603200,78.86,79.61,77.2,77.94,57312.939
1744617600,77.94,78.62,77.06,78.5,86373.205
1744632000,78.5,79.41,76.34,76.44,125038.677
1744646400,76.44,77.5,75.66,77.07,83882.833
1744660800,77.07,77.5,76.51,77.18,34668.457
1744675200,77.18,78.57,76.72,78.44,36477.454
1744689600,78.44,78.72,77.65,78.28,31907.897
1744704000,78.28,78.36,77.0,77.21,42974.916
1744718400,77.21,78.27,75.44,75.67,83261.992
1744732800,75.67,75.91,74.65,75.25,80294.46
1744747200,75.25,76.4,75.01,75.27,37126.484
1744761600,75.27,76.53,74.68,75.97,42100.744
1744776000,75.97,76.27,75.2,75.58,41693.283
1744790400,75.58,76.28,74.54,75.03,58403.411
1744804800,75.03,75.79,73.57,74.97,91010.304
1744819200,74.97,76.07,73.27,75.3,135219.307
1744833600,75.3,75.81,74.11,74.33,41017.445
1744848000,74.33,75.3,73.92,74.2,36425.288
1744862400,74.2,75.73,73.96,75.47,65776.127
1744876800,75.47,75.73,74.43,75.22,38365.434
1744891200,75.22,75.58,73.67,75.13,54758.754
1744905600,75.13,76.6,74.71,75.11,96875.021
1744920000,75.11,75.69,74.64,74.95,24426.293
1744934400,74.95,75.39,74.59,75.31,29455.091
1744948800,75.31,75.7,74.84,75.57,32544.213
1744963200,75.57,75.99,75.43,75.72,29305.742
1744977600,75.72,76.12,75.5,75.91,26167.749
1744992000,75.91,77.08,75.36,76.49,84807.057
1745006400,76.49,76.69,75.79,76.0,29712.977
1745020800,76.0,76.59,75.75,76.58,25245.092
1745035200,76.58,76.77,76.03,76.23,31613.601
1745049600,76.23,76.5,75.92,76.01,20357.151
1745064000,76.01,76.27,75.63,75.67,36561.212
1745078400,75.67,76.24,74.24,75.71,81572.255
1745092800,75.71,76.55,75.62,76.1,24674.073
1745107200,76.1,76.66,76.07,76.64,31267.372
1745121600,76.64,76.97,76.22,76.64,39626.116
1745136000,76.64,76.71,75.39,75.65,36571.384
1745150400,75.65,76.47,75.6,75.96,29793.039
1745164800,75.96,77.69,75.93,77.6,39330.564
1745179200,77.6,78.5,77.33,77.79,36650.398
1745193600,77.79,79.84,77.69,79.0,59966.454
1745208000,79.0,80.55,78.56,80.36,74916.726
1745222400,80.36,81.85,79.78,80.18,97790.917
1745236800,80.18,80.81,79.58,79.88,58027.133
1745251200,79.88,79.98,77.45,78.32,143077.378
1745265600,78.32,78.32,77.41,78.15,31672.841
1745280000,78.15,79.54,77.38,78.71,49657.703
1745294400,78.71,79.75,78.25,79.65,38625.761
1745308800,79.65,80.12,79.01,79.74,48387.693
1745323200,79.74,83.04,79.6,82.61,191939.183
1745337600,82.61,83.39,82.21,82.99,115943.636
1745352000,82.99,84.7,82.62,83.49,82292.535
1745366400,83.49,85.18,83.16,84.88,151917.944
1745380800,84.88,85.22,83.63,84.57,124684.571
1745395200,84.57,85.18,83.83,84.1,102716.594
1745409600,84.1,85.18,82.22,83.58,142254.74
1745424000,83.58,84.36,82.51,82.88,96337.452
1745438400,82.88,83.51,82.72,83.28,34443.57
1745452800,83.28,84.15,81.75,81.78,74820.537
1745467200,81.78,82.94,81.66,81.86,62636.472
1745481600,81.86,82.17,80.77,81.71,82065.574
1745496000,81.71,83.85,81.25,83.4,95759.091
1745510400,83.4,83.88,82.57,83.39,57055.734
1745524800,83.39,84.62,82.96,84.29,46562.565
1745539200,84.29,84.85,82.89,83.77,41125.318
1745553600,83.77,85.19,83.52,84.9,51296.546
1745568000,84.9,85.83,84.46,85.83,87988.724
1745582400,85.83,87.26,84.88,86.53,140516.418
1745596800,86.53,87.19,85.48,86.58,70182.877
1745611200,86.58,87.24,86.21,86.28,36885.408
1745625600,86.28,88.04,86.28,87.53,64767.053
1745640000,87.53,87.96,86.54,87.07,33348.301
1745654400,87.07,87.87,85.58,85.89,59975.978
1745668800,85.89,86.77,85.21,86.63,40812.746
1745683200,86.63,87.55,86.13,87.13,46873.227
1745697600,87.13,87.89,86.72,87.06,31939.719
1745712000,87.06,87.59,85.8,85.97,36468.579
1745726400,85.97,86.11,84.56,85.46,48165.324
1745740800,85.46,86.55,85.28,86.31,37849.442
1745755200,86.31,87.19,85.59,86.24,72068.903
1745769600,86.24,87.11,86.0,87.07,31033.439
1745784000,87.07,87.09,85.35,85.39,32924.993
1745798400,85.39,85.76,83.7,85.41,67557.724
1745812800,85.41,87.49,85.39,87.47,67222.276
1745827200,87.47,88.1,86.27,87.2,79721.233
1745841600,87.2,87.28,83.96,84.5,97518.504
1745856000,84.5,85.67,83.84,85.46,60004.36
1745870400,85.46,86.22,84.96,85.67,34896.492
1745884800,85.67,87.05,85.42,86.64,65406.807
1745899200,86.64,86.96,85.25,86.83,56483.184
1745913600,86.83,86.91,85.25,85.67,87514.393
1745928000,85.67,85.92,84.96,85.23,51721.02
1745942400,85.23,87.5,85.12,86.5,93089.587
1745956800,86.5,86.63,84.48,85.57,73270.799
1745971200,85.57,86.62,85.21,86.11,74767.701
1745985600,86.11,86.31,84.52,84.74,55081.667
1746000000,84.74,85.34,84.53,85.09,61009.216
1746014400,85.09,85.17,81.43,82.84,143513.844
1746028800,82.84,83.81,82.47,83.69,50776.814
1746043200,83.69,84.63,83.26,83.51,44415.993
1746057600,83.51,84.9,83.3,84.22,38155.292
1746072000,84.22,85.31,84.03,84.95,68272.255
1746086400,84.95,87.14,84.9,86.96,78705.973
1746100800,86.96,88.16,86.1,87.56,96819.632
1746115200,87.56,89.81,87.56,89.28,99058.593
1746129600,89.28,91.0,88.78,88.85,94874.422
1746144000,88.85,91.04,88.63,90.02,59293.207
1746158400,90.02,90.19,87.93,87.93,69276.492
1746172800,87.93,89.26,87.92,88.56,46120.381
1746187200,88.56,89.49,88.06,88.3,64153.647
1746201600,88.3,89.25,87.34,87.51,48892.544
1746216000,87.51,88.0,86.95,87.97,36745.675
1746230400,87.97,87.99,87.22,87.26,24220.522
1746244800,87.26,87.66,86.62,86.84,29575.345
1746259200,86.84,87.36,86.17,86.18,31398.88
1746273600,86.18,87.49,86.17,86.82,36191.568
1746288000,86.82,87.18,85.53,87.09,35731.519
1746302400,87.09,87.2,86.46,86.55,26575.439
1746316800,86.55,86.9,85.66,86.06,30600.71
1746331200,86.06,86.84,85.77,86.34,24622.208
1746345600,86.34,86.35,85.61,85.88,31721.081
1746360000,85.88,86.88,85.56,86.65,46005.615
1746374400,86.65,86.79,85.85,86.36,58091.533
1746388800,86.36,86.82,84.79,85.05,95745.182
1746403200,85.05,86.48,84.65,86.02,65544.593
1746417600,86.02,88.48,85.96,87.95,74304.423
1746432000,87.95,89.51,87.57,88.06,123022.149
1746446400,88.06,88.77,85.65,85.73,100449.407
1746460800,85.73,87.79,84.29,84.48,128505.549
1746475200,84.48,84.48,82.19,83.25,131341.852
1746489600,83.25,83.6,81.7,82.78,86966.225
1746504000,82.78,83.2,81.77,81.96,109287.644
1746518400,81.96,82.27,80.99,81.75,91109.5
1746532800,81.75,83.14,81.18,82.29,82321.541
1746547200,82.29,84.66,81.86,84.34,74034.692
1746561600,84.34,92.71,83.6,91.6,364985.481
1746576000,91.6,93.7,91.18,92.34,346165.954
1746590400,92.34,92.66,91.06,92.52,137034.701
1746604800,92.52,93.3,91.14,91.2,98111.845
1746619200,91.2,91.54,88.78,88.79,99574.912
1746633600,88.79,88.88,87.21,87.66,112017.562
1746648000,87.66,91.01,87.51,89.53,124936.943
1746662400,89.53,92.1,89.39,91.69,195600.392
1746676800,91.69,93.47,91.23,92.49,168372.446
1746691200,92.49,93.12,91.81,92.1,109113.11
1746705600,92.1,94.39,91.03,93.15,179914.443
1746720000,93.15,93.53,92.09,92.92,119804.104
1746734400,92.92,95.46,92.56,94.99,138620.378
1746748800,94.99,96.13,93.83,94.48,145556.772
1746763200,94.48,98.62,94.36,98.08,141556.155
1746777600,98.08,101.55,97.19,98.73,384339.53
1746792000,98.73,100.4,97.23,98.36,193169.524
1746806400,98.36,99.71,97.56,99.33,85519.72
1746820800,99.33,100.91,99.15,100.52,58970.236
1746835200,100.52,107.05,100.4,103.44,323358.846
1746849600,103.44,104.37,102.14,103.98,110794.319
1746864000,103.98,104.55,100.52,100.7,147904.926
1746878400,100.7,102.72,100.7,101.83,85664.327
1746892800,101.83,104.48,101.82,103.42,112455.326
1746907200,103.42,105.56,102.8,105.27,85845.192
1746921600,105.27,105.96,102.08,104.48,156949.864
1746936000,104.48,105.01,99.77,100.68,144594.722
1746950400,100.68,101.79,99.86,101.68,76505.221
1746964800,101.68,101.96,98.08,99.38,143894.49
1746979200,99.38,100.83,98.21,100.33,97291.568
1746993600,100.33,100.79,99.35,100.12,46327.631
1747008000,100.12,101.8,99.21,100.98,110778.788
1747022400,100.98,104.31,100.11,102.31,152260.148
1747036800,102.31,103.8,101.25,101.9,125272.439
1747051200,101.9,104.08,99.19,100.4,243299.526
1747065600,100.4,102.54,98.32,101.62,220308.195
1747080000,101.62,105.07,100.95,103.84,137990.008
1747094400,103.84,104.82,99.42,100.02,202919.072
1747108800,100.02,103.7,99.84,102.54,101669.504
1747123200,102.54,103.18,101.54,102.95,103222.564
1747137600,102.95,103.5,99.63,101.16,176341.387
1747152000,101.16,104.96,101.06,104.0,132695.574
1747166400,104.0,104.95,102.96,103.41,108711.969
1747180800,103.41,105.0,102.41,103.43,139000.911
1747195200,103.43,105.97,102.74,104.41,157565.085
1747209600,104.41,104.86,101.12,102.35,156519.157
1747224000,102.35,102.8,98.98,99.99,179531.294
1747238400,99.99,100.67,98.57,100.17,71056.556
1747252800,100.17,101.64,99.97,100.95,63606.977
1747267200,100.95,101.9,99.43,99.6,64326.404
1747281600,99.6,100.5,95.58,95.72,117754.812
1747296000,95.72,98.37,95.7,98.17,101194.89
1747310400,98.17,99.09,95.63,98.4,152821.522
1747324800,98.4,99.92,97.37,99.58,85226.642
1747339200,99.58,100.49,97.74,99.26,95318.843
1747353600,99.26,101.2,98.75,100.9,79947.997
1747368000,100.9,101.09,99.67,99.86,55729.061
1747382400,99.86,101.32,98.26,100.99,83359.711
1747396800,100.99,101.7,100.11,101.53,78767.81
1747411200,101.53,102.19,100.2,100.71,70991.528
1747425600,100.71,100.71,98.73,99.48,71352.06
1747440000,99.48,100.16,97.34,99.18,88908.532
1747454400,99.18,101.23,99.08,100.53,70255.444
1747468800,100.53,101.16,98.56,98.92,66437.782
1747483200,98.92,99.08,97.04,97.63,65753.021
1747497600,97.63,98.0,96.3,96.37,76690.262
1747512000,96.37,97.57,95.62,96.06,58672.333
1747526400,96.06,97.06,95.97,96.37,53662.31
1747540800,96.37,98.7,96.35,98.64,42090.728
1747555200,98.64,99.23,98.11,98.23,46334.646
1747569600,98.23,101.9,97.86,101.82,110842.785
1747584000,101.82,102.48,97.0,97.01,160879.188
1747598400,97.01,101.33,95.8,100.94,112339.909
1747612800,100.94,101.27,97.02,97.07,94370.238
1747627200,97.07,97.86,94.29,95.71,177483.224
1747641600,95.71,95.95,94.78,95.78,62753.44
1747656000,95.78,97.91,94.4,97.78,98820.506
1747670400,97.78,99.4,97.05,99.17,82366.832
1747684800,99.17,99.33,98.09,98.25,45206.482
1747699200,98.25,99.69,97.87,97.89,76047.377
1747713600,97.89,98.35,93.14,93.94,215552.96
1747728000,93.94,94.23,92.39,93.45,218584.116
1747742400,93.45,94.16,92.29,93.89,133726.3
1747756800,93.89,94.61,92.95,93.77,101313.268
1747771200,93.77,94.88,93.26,94.46,118168.144
1747785600,94.46,95.19,93.43,94.74,125509.257
1747800000,94.74,96.19,94.36,94.74,100267.548
1747814400,94.74,95.74,94.41,95.49,62583.416
1747828800,95.49,96.79,94.61,96.65,141119.906
1747843200,96.65,98.35,94.17,96.31,266374.464
1747857600,96.31,97.78,95.69,97.09,68350.457
1747872000,97.09,100.18,96.96,99.57,159408.897
1747886400,99.57,99.75,97.84,99.1,132890.66
1747900800,99.1,99.94,97.74,98.49,252518.842
1747915200,98.49,99.4,97.97,99.19,100838.064
1747929600,99.19,100.75,98.68,99.68,131982.435
1747944000,99.68,101.04,99.06,100.26,89585.677
1747958400,100.26,102.94,99.71,102.13,125328.641
1747972800,102.13,102.45,99.65,100.01,104756.003
1747987200,100.01,102.03,96.96,97.44,158376.21
1748001600,97.44,99.96,95.07,98.33,222745.486
1748016000,98.33,99.38,97.67,98.67,80409.886
1748030400,98.67,98.67,94.59,95.26,103668.439
1748044800,95.26,97.17,94.79,96.72,55910.707
1748059200,96.72,97.18,96.03,96.63,26521.77
1748073600,96.63,97.81,96.56,97.23,46243.897
1748088000,97.23,97.42,96.38,96.96,54735.285
1748102400,96.96,96.97,95.84,96.87,83398.851
1748116800,96.87,96.87,95.0,95.63,62603.482
1748131200,95.63,96.06,94.25,95.78,63785.283
1748145600,95.78,95.95,95.09,95.27,37582.883
1748160000,95.27,95.29,93.84,94.5,69454.779
1748174400,94.5,95.26,93.08,94.35,74999.991
1748188800,94.35,94.92,93.36,94.67,47129.781
1748203200,94.67,95.85,93.76,95.6,46104.534
1748217600,95.6,96.52,95.21,96.17,45566.538
1748232000,96.17,97.23,96.0,97.0,42556.384
1748246400,97.0,97.31,96.42,96.89,41750.848
1748260800,96.89,97.59,96.43,97.19,64633.922
1748275200,97.19,97.44,94.32,94.74,69928.925
1748289600,94.74,95.68,94.37,95.02,50019.859
1748304000,95.02,95.3,93.03,94.47,66879.084
1748318400,94.47,95.7,93.73,95.57,70755.084
1748332800,95.57,96.27,95.02,95.51,86868.305
1748347200,95.51,96.82,94.95,96.36,103122.664
1748361600,96.36,96.97,96.0,96.72,92516.984
1748376000,96.72,97.0,95.32,95.9,61334.08
1748390400,95.9,96.29,95.07,95.75,44599.168
1748404800,95.75,95.96,94.94,95.52,38315.443
1748419200,95.52,97.26,95.27,97.25,64280.312
1748433600,97.25,97.49,94.0,94.46,99194.698
1748448000,94.46,95.79,93.5,93.55,62569.53
1748462400,93.55,95.61,93.52,95.37,67267.116
1748476800,95.37,98.95,94.94,97.3,161486.206
1748491200,97.3,98.1,96.05,97.0,60236.01
1748505600,97.0,97.68,96.54,97.11,48952.892
1748520000,97.11,97.17,94.73,95.74,108334.63
1748534400,95.74,96.12,93.59,93.82,109424.686
1748548800,93.82,94.72,92.82,93.21,75855.391
1748563200,93.21,93.9,89.33,91.79,194725.138
1748577600,91.79,92.02,89.95,90.56,88174.358
1748592000,90.56,90.74,89.16,90.56,195299.194
1748606400,90.56,90.71,88.96,89.63,105122.626
1748620800,89.63,89.92,86.46,88.5,191050.386
1748635200,88.5,88.6,84.91,85.64,106730.691
1748649600,85.64,85.87,83.11,84.33,154353.494
1748664000,84.33,85.31,83.48,84.99,49276.517
1748678400,84.99,85.71,84.63,84.98,76392.858
1748692800,84.98,87.71,84.92,87.02,70310.683
1748707200,87.02,87.93,86.8,87.56,46647.814
1748721600,87.56,87.92,86.97,87.03,37414.314
1748736000,87.03,87.39,86.17,87.07,35637.324
1748750400,87.07,87.57,86.33,86.63,26513.248
1748764800,86.63,87.01,85.74,86.75,42223.649
1748779200,86.75,87.92,86.22,87.74,48505.042
1748793600,87.74,88.45,86.77,88.04,61623.532
1748808000,88.04,88.72,87.67,88.39,24663.315
1748822400,88.39,88.6,86.98,87.37,44483.842
1748836800,87.37,89.94,87.23,89.06,60897.39
1748851200,89.06,89.66,87.64,87.87,59492.492
1748865600,87.87,88.71,87.36,88.43,48767.358
1748880000,88.43,89.15,87.72,88.63,55781.02
1748894400,88.63,89.97,88.62,89.52,43932.856
1748908800,89.52,90.58,89.34,89.5,46157.355
1748923200,89.5,89.98,89.04,89.47,35044.41
1748937600,89.47,89.77,88.76,88.95,86386.037
1748952000,88.95,90.25,88.71,89.86,59194.522
1748966400,89.86,90.56,89.5,90.34,54511.427
1748980800,90.34,90.36,88.67,89.5,46337.085
1748995200,89.5,90.73,89.46,90.4,47336.1
1749009600,90.4,90.93,89.89,90.31,39395.568
1749024000,90.31,90.97,90.1,90.15,44756.078
1749038400,90.15,90.59,89.29,90.04,61181.342
1749052800,90.04,90.09,88.81,88.91,41306.7
1749067200,88.91,88.93,87.4,87.99,61468.366
1749081600,87.99,89.05,87.9,88.36,22344.643
1749096000,88.36,88.57,87.22,87.52,40742.571
1749110400,87.52,88.09,87.09,87.83,37290.731
1749124800,87.83,89.13,86.8,87.52,89430.446
1749139200,87.52,87.59,84.8,85.78,95106.354
1749153600,85.78,86.08,81.95,83.58,180326.102
1749168000,83.58,84.44,83.17,84.38,76266.271
1749182400,84.38,84.58,83.61,83.88,103174.445
1749196800,83.88,84.7,83.84,84.58,54704.855
1749211200,84.58,86.95,84.53,86.58,100700.579
1749225600,86.58,87.03,86.19,86.78,55481.47
1749240000,86.78,87.67,86.72,87.25,43580.306
1749254400,87.25,88.03,86.63,87.65,34953.448
1749268800,87.65,88.33,87.43,88.32,27003.096
1749283200,88.32,88.69,87.77,88.5,36017.653
1749297600,88.5,89.0,88.24,88.99,35575.999
1749312000,88.99,89.31,87.96,88.13,44741.738
1749326400,88.13,88.94,88.13,88.31,29407.565
1749340800,88.31,88.63,88.06,88.41,26743.178
1749355200,88.41,88.56,86.94,87.19,112003.811
1749369600,87.19,87.41,86.59,87.19,42027.683
1749384000,87.19,88.2,87.03,88.06,42764.527
1749398400,88.06,88.46,87.83,88.0,37551.641
1749412800,88.0,88.22,87.07,87.18,31493.2
1749427200,87.18,87.9,86.92,87.88,31591.631
1749441600,87.88,88.12,86.71,87.0,31382.537
1749456000,87.0,89.29,86.83,89.24,74486.779
1749470400,89.24,89.54,87.59,88.11,179528.27
1749484800,88.11,89.34,88.11,88.49,75164.629
1749499200,88.49,90.81,88.48,90.73,74331.142
1749513600,90.73,91.5,90.54,90.54,64433.329
1749528000,90.54,90.72,89.63,90.17,46583.245
1749542400,90.17,91.64,89.53,91.63,60725.89
1749556800,91.63,93.12,90.12,90.94,124556.877
1749571200,90.94,92.41,90.61,91.89,45861.717
1749585600,91.89,93.5,91.25,93.33,62692.165
1749600000,93.33,93.65,91.45,91.85,92270.299
1749614400,91.85,92.16,91.52,91.69,57496.166
1749628800,91.69,92.44,90.9,91.12,78505.392
1749643200,91.12,93.42,90.84,93.39,85512.089
1749657600,93.39,94.17,91.73,91.84,93009.064
1749672000,91.84,92.58,90.38,91.56,63388.02
1749686400,91.56,91.9,90.3,90.31,38907.444
1749700800,90.31,90.44,89.24,89.54,53868.244
1749715200,89.54,90.08,88.12,88.18,61335.839
1749729600,88.18,89.4,87.8,87.93,60864.498
1749744000,87.93,89.83,87.3,87.43,61638.506
1749758400,87.43,87.76,86.0,86.13,73972.395
1749772800,86.13,86.14,81.3,83.29,232287.326
1749787200,83.29,84.0,82.43,83.8,74308.633
1749801600,83.8,84.42,83.22,84.22,60498.172
1749816000,84.22,84.56,82.84,84.16,72278.728
1749830400,84.16,85.07,83.77,84.76,68368.493
1749844800,84.76,86.7,84.71,86.55,52556.273
1749859200,86.55,86.55,85.62,86.16,34320.422
1749873600,86.16,86.49,85.79,86.42,23240.966
1749888000,86.42,86.91,85.91,86.02,30000.723
1749902400,86.02,86.59,85.05,85.33,52315.541
1749916800,85.33,85.47,84.2,84.71,55370.177
1749931200,84.71,85.43,84.24,85.18,24707.608
1749945600,85.18,85.94,85.03,85.82,24961.054
1749960000,85.82,86.27,85.34,85.5,19814.616
1749974400,85.5,85.55,85.01,85.35,20397.648
1749988800,85.35,86.59,85.29,86.14,33355.749
1750003200,86.14,86.35,85.6,86.08,31526.255
1750017600,86.08,86.37,84.92,86.3,35833.214
1750032000,86.3,87.03,85.34,86.55,44729.211
1750046400,86.55,87.74,86.52,87.55,49719.715
1750060800,87.55,87.71,86.61,87.13,40250.426
1750075200,87.13,88.82,86.98,87.95,70423.183
1750089600,87.95,88.92,87.89,88.83,49161.525
1750104000,88.83,88.91,86.49,86.67,66493.071
1750118400,86.67,87.77,85.31,87.16,61746.139
1750132800,87.16,87.17,86.02,86.4,28767.739
1750147200,86.4,86.45,84.8,85.11,41311.186
1750161600,85.11,85.89,83.76,84.1,83123.982
1750176000,84.1,85.21,82.49,84.83,96559.401
1750190400,84.83,85.0,83.7,84.22,66064.43
1750204800,84.22,85.68,84.13,85.28,26586.147
1750219200,85.28,85.61,84.71,85.13,34948.051
1750233600,85.13,85.38,83.4,84.46,47743.429
1750248000,84.46,85.33,83.34,84.82,55021.781
1750262400,84.82,85.17,83.72,84.21,58854.676
1750276800,84.21,85.46,84.06,85.08,31976.374
1750291200,85.08,85.6,84.45,85.17,24825.106
1750305600,85.17,85.48,84.84,85.01,23934.776
1750320000,85.01,86.05,84.64,85.49,58224.747
1750334400,85.49,85.76,84.35,84.8,75180.75
1750348800,84.8,85.39,84.21,85.23,60191.963
1750363200,85.23,85.43,84.74,85.11,46745.358
1750377600,85.11,85.2,84.5,85.1,49190.583
1750392000,85.1,85.56,84.16,85.51,43360.192
1750406400,85.51,85.95,85.27,85.7,39335.813
1750420800,85.7,85.98,83.65,83.8,67935.215
1750435200,83.8,83.89,80.96,82.91,95230.6
1750449600,82.91,83.69,82.35,82.91,57006.505
1750464000,82.91,83.73,82.72,83.56,20174.969
1750478400,83.56,84.12,83.26,83.31,24019.388
1750492800,83.31,83.61,83.01,83.23,29502.968
1750507200,83.23,83.39,82.26,82.8,43992.937
1750521600,82.8,83.14,80.5,81.02,71996.728
1750536000,81.02,81.8,78.6,80.23,121882.5
1750550400,80.23,81.41,79.68,80.51,47247.472
1750564800,80.51,82.04,80.38,81.32,31327.344
1750579200,81.32,81.66,80.24,81.04,37952.162
1750593600,81.04,81.51,77.41,77.66,200185.87
1750608000,77.66,79.32,77.35,78.17,58609.27
1750622400,78.17,80.31,76.17,80.21,110206.422
1750636800,80.21,81.03,79.71,79.98,38576.749
1750651200,79.98,81.15,79.81,81.04,41659.453
1750665600,81.04,81.25,80.51,80.8,37212.863
1750680000,80.8,82.28,80.56,81.11,65899.714
1750694400,81.11,83.17,79.47,83.05,90885.71
1750708800,83.05,85.42,82.9,84.91,97229.555
1750723200,84.91,85.38,84.3,84.5,35445.537
1750737600,84.5,85.3,84.19,84.37,49790.604
1750752000,84.37,85.12,83.81,84.3,43504.944
1750766400,84.3,84.75,83.81,84.36,51080.762
1750780800,84.36,85.1,84.17,84.48,54328.486
1750795200,84.48,85.18,84.38,84.84,29912.006
1750809600,84.84,85.36,84.44,84.9,26971.03
1750824000,84.9,85.47,84.57,85.18,51645.855
1750838400,85.18,85.28,83.97,84.42,45853.5
1750852800,84.42,85.34,83.9,84.12,124775.34
1750867200,84.12,84.97,83.98,84.83,30815.128
1750881600,84.83,85.18,84.07,84.67,25331.856
1750896000,84.67,85.7,84.53,85.17,33528.655
1750910400,85.17,85.75,84.69,85.51,36317.287
1750924800,85.51,85.95,84.87,84.92,54099.938
1750939200,84.92,85.4,83.78,84.79,83770.852
1750953600,84.79,85.25,84.04,84.99,35655.879
1750968000,84.99,85.54,84.09,84.27,35393.779
1750982400,84.27,85.65,83.55,85.38,58021.966
1750996800,85.38,85.57,84.56,84.65,23299.963
1751011200,84.65,84.85,84.2,84.4,30707.531
1751025600,84.4,84.7,83.31,84.28,67303.544
1751040000,84.28,84.98,83.17,84.11,36868.706
1751054400,84.11,85.28,84.01,84.83,24653.385
1751068800,84.83,85.27,84.53,85.14,22694.796
1751083200,85.14,85.62,85.05,85.37,32177.814
1751097600,85.37,85.85,85.05,85.41,38300.056
1751112000,85.41,86.64,85.23,86.49,35719.96
1751126400,86.49,87.37,86.32,86.35,47031.42
1751140800,86.35,86.44,85.81,86.31,35688.865
1751155200,86.31,86.76,85.85,86.42,25127.697
1751169600,86.42,86.83,86.18,86.73,21210.909
1751184000,86.73,86.93,86.56,86.78,29401.716
1751198400,86.78,87.0,86.21,86.63,40981.343
1751212800,86.63,87.07,86.33,86.84,19576.214
1751227200,86.84,88.49,86.33,87.96,47932.772
1751241600,87.96,88.36,87.31,87.36,41776.467
1751256000,87.36,87.62,85.86,86.46,42927.443
1751270400,86.46,86.6,85.39,85.5,39178.642
1751284800,85.5,86.26,84.75,85.96,70728.841
1751299200,85.96,87.15,85.72,87.09,39075.98
1751313600,87.09,87.12,85.9,86.0,46246.349
1751328000,86.0,86.84,85.71,86.64,34953.513
1751342400,86.64,86.71,85.58,86.66,38296.046
1751356800,86.66,86.66,85.28,85.71,37077.532
1751371200,85.71,85.89,84.09,84.34,72497.421
1751385600,84.34,84.63,83.68,83.87,45804.797
1751400000,83.87,83.91,82.39,83.22,68972.97
1751414400,83.22,83.95,82.97,83.8,44764.959
1751428800,83.8,84.34,83.68,84.07,44414.383
1751443200,84.07,84.5,83.93,84.25,57518.84
1751457600,84.25,86.21,83.94,86.17,70725.069
1751472000,86.17,87.98,86.09,87.95,140176.216
1751486400,87.95,88.66,87.2,87.32,77581.063
1751500800,87.32,88.56,86.89,88.01,76753.719
1751515200,88.01,91.06,87.94,91.04,112272.66
1751529600,91.04,92.29,90.62,91.33,201921.974
1751544000,91.33,91.89,88.86,88.96,176370.56
1751558400,88.96,90.14,88.69,89.65,71795.121
1751572800,89.65,89.99,88.77,89.08,45994.956
1751587200,89.08,89.33,88.06,88.77,61271.523
1751601600,88.77,89.2,87.1,87.27,76056.069
1751616000,87.27,88.64,87.02,88.16,52038.221
1751630400,88.16,88.62,86.27,86.61,99941.652
1751644800,86.61,87.35,85.65,86.36,63177.838
1751659200,86.36,87.1,86.24,86.84,28543.716
1751673600,86.84,87.1,85.97,86.76,27579.901
1751688000,86.76,87.05,86.1,86.23,27031.597
1751702400,86.23,86.78,85.82,86.54,34039.674
1751716800,86.54,86.94,86.21,86.46,21737.905
1751731200,86.46,86.8,85.98,86.76,22348.288
1751745600,86.76,87.82,86.66,87.55,31943.63
1751760000,87.55,87.72,86.86,87.05,17748.304
1751774400,87.05,87.2,86.53,86.74,22643.366
1751788800,86.74,87.6,86.47,87.51,39548.09
1751803200,87.51,88.4,87.06,87.99,47807.286
1751817600,87.99,88.09,87.12,87.53,31452.085
1751832000,87.53,88.52,87.32,87.35,44973.606
1751846400,87.35,88.21,87.07,87.66,28030.986
1751860800,87.66,88.28,87.41,87.94,46374.246
1751875200,87.94,88.06,86.83,86.93,49123.875
1751889600,86.93,87.33,86.01,86.14,62103.454
1751904000,86.14,86.38,85.16,85.91,72604.744
1751918400,85.91,86.2,85.32,86.05,35376.766
1751932800,86.05,86.19,85.52,85.99,35166.857
1751947200,85.99,86.64,85.8,86.63,35699.621
1751961600,86.63,86.9,86.07,86.54,44654.22
1751976000,86.54,87.1,86.12,86.37,43368.41
1751990400,86.37,87.55,86.24,87.32,43258.483
1752004800,87.32,88.0,87.0,87.75,31003.568
1752019200,87.75,87.84,87.12,87.58,36869.449
1752033600,87.58,88.3,87.53,88.09,41013.809
1752048000,88.09,88.48,87.58,88.36,68331.214
1752062400,88.36,89.09,87.93,88.5,97328.285
1752076800,88.5,90.42,88.29,90.37,122245.457
1752091200,90.37,91.41,89.77,90.61,138287.737
1752105600,90.61,91.45,90.11,90.89,41162.695
1752120000,90.89,91.25,90.28,90.97,44176.553
1752134400,90.97,91.4,90.63,90.92,43632.041
1752148800,90.92,91.25,90.27,91.2,73861.784
1752163200,91.2,93.13,91.16,92.55,123830.509
1752177600,92.55,95.3,92.45,94.85,154506.552
1752192000,94.85,95.88,93.57,95.47,117727.821
1752206400,95.47,96.58,94.52,94.9,134548.7
1752220800,94.9,96.04,94.87,95.44,83702.53
1752235200,95.44,98.32,95.1,96.65,176111.098
1752249600,96.65,97.8,95.5,97.07,123005.605
1752264000,97.07,97.2,92.67,94.26,122683.637
1752278400,94.26,95.45,93.1,94.8,54986.264
1752292800,94.8,94.84,92.46,93.2,85756.796
1752307200,93.2,94.06,92.55,93.45,54224.363
1752321600,93.45,93.64,90.75,91.14,104065.724
1752336000,91.14,92.91,90.96,92.84,44200.124
1752350400,92.84,92.97,91.87,92.77,25082.22
1752364800,92.77,93.65,92.51,93.11,26613.781
1752379200,93.11,95.31,92.99,94.37,61489.24
1752393600,94.37,94.95,93.96,94.85,38123.881
1752408000,94.85,96.63,94.7,96.15,78375.272
1752422400,96.15,96.88,95.25,96.33,50673.583
1752436800,96.33,96.59,93.87,94.62,60345.215
1752451200,94.62,97.08,94.4,96.79,68914.856
1752465600,96.79,97.87,96.09,97.18,105709.723
1752480000,97.18,97.99,95.99,96.98,109032.854
1752494400,96.98,97.57,94.91,95.44,116249.392
1752508800,95.44,96.46,94.69,94.99,66361.899
1752523200,94.99,95.77,94.14,95.64,37547.147
1752537600,95.64,96.09,91.31,91.88,137365.794
1752552000,91.88,93.14,91.2,92.48,65147.985
1752566400,92.48,93.42,91.94,92.67,51776.26
1752580800,92.67,93.97,91.65,93.44,114160.979
1752595200,93.44,96.34,93.35,95.19,119087.124
1752609600,95.19,96.73,94.75,96.35,68501.711
1752624000,96.35,97.26,95.19,95.47,81315.212
1752638400,95.47,96.63,95.1,96.39,26672.865
1752652800,96.39,97.7,96.09,96.95,99886.258
1752667200,96.95,98.03,95.82,96.86,150840.567
1752681600,96.86,99.81,96.53,98.54,148985.124
1752696000,98.54,99.96,97.06,97.47,107619.38
1752710400,97.47,98.84,95.32,96.12,126981.544
1752724800,96.12,98.69,95.9,98.21,99669.794
1752739200,98.21,101.39,98.02,99.66,172404.772
1752753600,99.66,101.73,98.2,101.28,176512.955
1752768000,101.28,102.39,100.01,100.98,184372.637
1752782400,100.98,103.59,99.82,101.6,155990.288
1752796800,101.6,107.79,101.06,107.79,296294.159
1752811200,107.79,110.2,106.13,107.65,356965.179
1752825600,107.65,112.39,107.57,108.48,379050.573
1752840000,108.48,110.45,103.0,103.87,434513.622
1752854400,103.87,105.79,102.05,102.29,189059.374
1752868800,102.29,102.57,100.04,101.73,180956.761
1752883200,101.73,102.83,100.05,102.5,145578.301
1752897600,102.5,104.34,101.73,102.72,147344.669
1752912000,102.72,102.99,100.92,101.29,74883.479
1752926400,101.29,101.55,99.66,101.19,118256.593
1752940800,101.19,113.6,101.06,112.63,457483.734
1752955200,112.63,114.18,108.85,113.16,385265.176
1752969600,113.16,113.45,110.57,112.51,179547.844
1752984000,112.51,118.88,112.36,117.57,526515.352
1752998400,117.57,120.17,115.68,116.17,332403.445
1753012800,116.17,119.0,115.74,117.18,265099.901
1753027200,117.18,121.47,116.54,117.44,235054.832
1753041600,117.44,117.63,114.0,116.59,161343.488
1753056000,116.59,118.26,115.42,117.36,156386.462
1753070400,117.36,122.0,117.18,120.7,228806.103
1753084800,120.7,121.23,117.64,117.82,137403.338
1753099200,117.82,119.36,116.26,118.28,222140.233
1753113600,118.28,118.39,114.56,115.18,191405.39
1753128000,115.18,116.56,114.8,115.43,114117.424
1753142400,115.43,117.12,112.73,115.76,229265.109
1753156800,115.76,116.67,114.05,115.28,224610.04
1753171200,115.28,115.68,112.59,115.6,188404.164
1753185600,115.6,116.37,112.8,115.79,133274.672
1753200000,115.79,119.86,115.59,116.93,189732.632
1753214400,116.93,119.82,116.04,119.65,101367.277
1753228800,119.65,122.29,117.45,119.98,236751.203
1753243200,119.98,120.28,116.88,117.61,120546.057
1753257600,117.61,118.15,116.22,116.92,135443.983
1753272000,116.92,117.23,110.91,114.65,320875.185
1753286400,114.65,114.91,110.85,112.12,139892.331
1753300800,112.12,112.78,108.89,112.05,164920.115
1753315200,112.05,114.35,111.42,112.99,71251.513
1753329600,112.99,113.23,106.58,110.97,221613.81
1753344000,110.97,114.32,110.47,113.72,139195.827
1753358400,113.72,115.43,110.93,113.48,158095.611
1753372800,113.48,114.08,111.13,113.18,84208.081
1753387200,113.18,115.0,111.87,112.26,62619.1
1753401600,112.26,112.3,108.18,109.34,140963.976
1753416000,109.34,112.76,108.39,111.15,114214.377
1753430400,111.15,116.13,110.87,115.67,176844.858
1753444800,115.67,116.38,109.39,110.55,224034.743
1753459200,110.55,112.16,109.33,111.15,63852.689
1753473600,111.15,113.9,110.93,113.78,56264.011
1753488000,113.78,113.82,112.01,113.22,59215.056
1753502400,113.22,113.88,112.8,113.18,37004.974
1753516800,113.18,114.42,113.17,113.63,52823.312
1753531200,113.63,114.71,113.05,113.83,57820.053
1753545600,113.83,115.47,113.28,114.88,59578.821
1753560000,114.88,115.3,113.84,113.91,32695.625
1753574400,113.91,115.27,113.62,114.59,36767.044
1753588800,114.59,115.6,114.06,114.26,45884.336
1753603200,114.26,114.41,112.41,113.18,77346.308
1753617600,113.18,114.13,112.66,113.53,51087.158
1753632000,113.53,115.3,113.34,113.84,80372.3
1753646400,113.84,115.4,113.2,114.78,52544.19
1753660800,114.78,116.25,113.84,115.27,87559.357
1753675200,115.27,116.41,114.43,114.86,87812.569
1753689600,114.86,115.19,112.95,113.48,74584.808
1753704000,113.48,113.82,109.79,110.36,146644.612
1753718400,110.36,111.02,108.6,109.5,85196.832
1753732800,109.5,110.12,108.28,109.02,58176.27
1753747200,109.02,110.2,107.65,109.28,70807.677
1753761600,109.28,110.77,108.72,110.6,52837.505
1753776000,110.6,110.64,108.26,109.18,65850.578
1753790400,109.18,110.54,107.1,108.04,114778.843
1753804800,108.04,109.93,106.74,108.1,100893.533
1753819200,108.1,108.9,107.29,108.52,54337.634
1753833600,108.52,109.63,107.21,108.93,46335.414
1753848000,108.93,109.58,107.47,109.29,53282.357
1753862400,109.29,110.4,106.84,107.43,103759.585
1753876800,107.43,109.86,106.82,109.39,94932.352
1753891200,109.39,110.56,105.2,108.92,165999.25
1753905600,108.92,111.39,108.41,110.5,77678.485
1753920000,110.5,111.86,110.11,110.64,68470.822
1753934400,110.64,111.35,110.31,110.67,39426.739
1753948800,110.67,111.42,109.52,110.0,73849.744
1753963200,110.0,110.11,108.52,109.26,114290.911
1753977600,109.26,110.46,107.93,108.25,83382.512
1753992000,108.25,108.7,105.74,106.09,110740.003
1754006400,106.09,107.01,103.8,106.47,149328.582
1754020800,106.47,106.47,104.37,105.06,113179.941
1754035200,105.06,105.61,103.16,105.52,184312.636
1754049600,105.52,107.0,103.88,106.36,178845.907
1754064000,106.36,106.94,103.98,106.31,104106.754
1754078400,106.31,108.4,103.99,106.59,189442.178
1754092800,106.59,108.47,105.8,107.61,88033.702
1754107200,107.61,108.5,106.21,108.34,66436.394
1754121600,108.34,108.49,106.1,107.02,81744.891
1754136000,107.02,110.5,106.48,108.09,189523.412
1754150400,108.09,108.12,104.06,104.78,218560.02
1754164800,104.78,107.17,104.46,106.09,106132.058
1754179200,106.09,109.12,104.14,107.62,136626.124
1754193600,107.62,108.56,106.88,108.15,38910.927
1754208000,108.15,110.15,107.77,109.16,85534.868
1754222400,109.16,110.28,108.43,109.92,55691.414
1754236800,109.92,110.1,108.54,108.95,49835.524
1754251200,108.95,111.45,108.82,110.39,59371.287
1754265600,110.39,111.91,110.12,111.51,63481.924
1754280000,111.51,112.56,110.38,111.49,76620.876
1754294400,111.49,114.29,111.08,114.18,137849.155
1754308800,114.18,119.78,113.77,117.82,431288.727
1754323200,117.82,119.9,116.88,119.82,170680.955
1754337600,119.82,121.47,118.9,121.22,182736.401
1754352000,121.22,125.0,120.09,121.79,298524.514
1754366400,121.79,125.06,120.69,120.87,276699.275
1754380800,120.87,129.16,120.73,127.61,366762.733
1754395200,127.61,128.32,121.0,122.06,381186.574
1754409600,122.06,123.95,119.54,120.06,144750.519
1754424000,120.06,121.4,119.62,120.27,91552.142
1754438400,120.27,120.5,117.81,118.21,109142.164
1754452800,118.21,119.02,117.29,118.39,115169.147
1754467200,118.39,118.91,116.28,116.44,136395.805
1754481600,116.44,118.6,115.19,118.27,139158.798
1754496000,118.27,121.13,117.0,120.04,132624.967
1754510400,120.04,120.3,118.48,119.22,66827.062
1754524800,119.22,121.12,117.9,119.44,109388.009
1754539200,119.44,122.34,119.36,119.52,264681.664
1754553600,119.52,121.25,117.37,121.12,167956.842
1754568000,121.12,121.62,119.48,121.14,127246.596
1754582400,121.14,122.43,119.85,122.21,113098.143
1754596800,122.21,123.1,121.14,122.89,119276.757
1754611200,122.89,124.39,121.09,121.47,247576.766
1754625600,121.47,122.62,119.32,122.33,119661.45
1754640000,122.33,123.99,120.5,121.87,107426.928
1754654400,121.87,124.17,120.66,121.38,123572.44
1754668800,121.38,126.42,121.28,125.58,143225.36
1754683200,125.58,125.81,123.68,123.78,58804.544
1754697600,123.78,124.25,122.83,123.08,52496.019
1754712000,123.08,125.9,122.8,125.2,151572.682
1754726400,125.2,125.66,124.44,125.15,75587.906
1754740800,125.15,126.35,120.9,121.15,165029.252
1754755200,121.15,122.75,121.14,121.78,77402.43
1754769600,121.78,122.61,120.15,120.18,107808.027
1754784000,120.18,123.53,120.1,122.8,107382.109
1754798400,122.8,123.88,118.25,119.21,106939.369
1754812800,119.21,122.53,118.29,122.09,89921.449
1754827200,122.09,126.14,120.43,124.24,200553.92
1754841600,124.24,125.22,122.87,124.56,106672.303
1754856000,124.56,125.1,123.33,123.75,104956.992
1754870400,123.75,127.33,122.07,125.89,172753.25
1754884800,125.89,126.5,123.13,123.36,150553.724
1754899200,123.36,128.15,122.88,126.59,224354.283
1754913600,126.59,127.7,123.24,125.22,244337.842
1754928000,125.22,127.16,120.81,121.52,182777.666
1754942400,121.52,121.73,119.56,120.05,103727.015
1754956800,120.05,121.52,119.28,119.43,101230.602
1754971200,119.43,120.3,118.44,119.35,148913.043
1754985600,119.35,120.2,118.36,119.58,78754.042
1755000000,119.58,124.89,119.04,124.44,244410.638
1755014400,124.44,128.9,123.77,128.87,232276.675
1755028800,128.87,131.99,128.37,130.46,361752.439
1755043200,130.46,131.54,128.58,131.31,219352.957
1755057600,131.31,134.19,130.5,131.69,178973.1
1755072000,131.69,134.12,131.09,131.98,144201.516
1755086400,131.98,132.42,129.39,130.06,185749.21
1755100800,130.06,131.2,128.9,130.24,79372.448
1755115200,130.24,131.25,128.99,130.91,68160.167
1755129600,130.91,133.31,130.56,133.1,140103.719
1755144000,133.1,133.99,129.3,129.53,170906.232
1755158400,129.53,129.55,126.83,127.66,229240.131
1755172800,127.66,128.19,120.27,122.74,368890.666
1755187200,122.74,122.77,119.53,121.74,121837.472
1755201600,121.74,122.03,119.26,121.29,110259.543
1755216000,121.29,123.02,120.73,122.75,96638.323
1755230400,122.75,123.27,120.94,121.47,93529.145
1755244800,121.47,121.83,120.23,121.05,97202.4
1755259200,121.05,121.8,116.55,117.61,230019.47
1755273600,117.61,119.14,116.58,117.52,114864.439
1755288000,117.52,119.88,117.23,119.14,55300.868
1755302400,119.14,120.81,118.97,119.82,38055.199
1755316800,119.82,120.37,117.98,118.79,67979.636
1755331200,118.79,119.09,117.14,117.27,58906.646
1755345600,117.27,119.35,117.18,118.89,60416.043
1755360000,118.89,120.58,118.73,119.94,63455.262
1755374400,119.94,121.09,119.44,121.05,42019.4
1755388800,121.05,121.05,119.76,120.63,36184.493
1755403200,120.63,123.2,120.62,122.98,56159.245
1755417600,122.98,123.03,121.6,122.43,70894.745
1755432000,122.43,122.53,120.72,122.36,122069.687
1755446400,122.36,122.99,120.47,120.69,145183.966
1755460800,120.69,121.7,120.57,120.71,32690.309
1755475200,120.71,120.93,115.31,116.55,143637.881
1755489600,116.55,117.34,115.37,116.1,93386.139
1755504000,116.1,117.04,115.29,116.37,80348.633
1755518400,116.37,118.5,116.25,118.08,94587.165
1755532800,118.08,118.8,116.64,117.85,76401.588
1755547200,117.85,119.13,117.13,117.77,37133.49
1755561600,117.77,119.07,115.13,115.49,76348.11
1755576000,115.49,117.4,113.42,115.02,89109.434
1755590400,115.02,116.37,114.29,116.22,95600.724
1755604800,116.22,116.76,113.18,114.13,102143.464
1755619200,114.13,114.52,112.11,113.07,89964.122
1755633600,113.07,115.52,112.35,112.67,45643.169
1755648000,112.67,114.5,112.43,113.65,61333.814
1755662400,113.65,114.66,113.64,113.93,44740.242
1755676800,113.93,115.45,113.43,114.75,101477.007
1755691200,114.75,116.05,112.06,114.95,128263.365
1755705600,114.95,117.11,114.42,117.04,72032.532
1755720000,117.04,117.12,115.94,116.06,51841.704
1755734400,116.06,117.3,115.56,116.03,70592.754
1755748800,116.03,116.43,115.11,116.12,31481.908
1755763200,116.12,116.36,114.52,114.7,28673.522
1755777600,114.7,116.18,114.0,114.13,57598.583
1755792000,114.13,115.43,113.45,114.66,37363.998
1755806400,114.66,115.63,114.25,114.76,30749.047
1755820800,114.76,116.55,114.22,115.56,42168.084
1755835200,115.56,116.73,115.56,116.32,50605.593
1755849600,116.32,116.86,114.27,114.36,46255.856
1755864000,114.36,120.53,112.51,119.46,278173.143
1755878400,119.46,122.8,119.45,122.49,140767.244
1755892800,122.49,123.66,122.29,122.96,90114.624
1755907200,122.96,123.37,119.76,120.21,86917.525
1755921600,120.21,122.78,120.21,121.76,91665.924
1755936000,121.76,122.14,121.1,121.28,38060.09
1755950400,121.28,121.81,120.47,120.88,66256.446
1755964800,120.88,121.36,120.4,121.08,30246.334
1755979200,121.08,121.65,120.62,121.45,17895.195
1755993600,121.45,121.7,121.45,121.7,2154.209
1756281600,113.02,113.4,112.17,113.01,57815.561
1756296000,113.01,114.59,112.65,113.71,76127.476
1756310400,113.71,114.38,112.61,113.17,39313.413
1756324800,113.17,114.28,111.95,112.18,78034.791
1756339200,112.18,113.14,111.32,112.93,36224.414
1756353600,112.93,114.23,112.73,113.47,55951.653
1756368000,113.47,114.11,113.02,113.47,37392.925
1756382400,113.47,114.62,112.22,112.63,89114.707
1756396800,112.63,113.44,111.44,111.72,34330.562
1756411200,111.72,113.94,111.6,113.64,25980.35
1756425600,113.64,113.87,112.34,113.23,37937.349
1756440000,113.23,113.45,110.11,110.42,93799.509
1756454400,110.42,110.82,108.86,110.01,81763.764
1756468800,110.01,112.1,108.79,109.93,133323.296
1756483200,109.93,110.32,108.63,109.61,69293.087
1756497600,109.61,110.17,109.02,109.91,63774.215
1756512000,109.91,110.91,108.3,110.62,55012.029
1756526400,110.62,110.87,110.29,110.69,29483.309
1756540800,110.69,111.27,110.23,110.55,51515.237
1756555200,110.55,110.64,109.29,110.63,44848.113
1756569600,110.63,110.79,109.67,110.25,27583.513
1756584000,110.25,110.94,109.68,110.84,18751.867
1756598400,110.84,111.88,110.81,111.88,33566.6
1756612800,111.88,111.91,110.75,111.13,23122.099
1756627200,111.13,111.9,110.85,111.36,70774.167
1756641600,111.36,111.42,110.19,110.71,29509.263
1756656000,110.71,110.83,110.09,110.23,22735.764
1756670400,110.23,110.62,108.76,108.89,35183.922
1756684800,108.89,109.34,107.36,108.1,63777.4
1756699200,108.1,110.52,107.24,110.49,42744.246
1756713600,110.49,111.35,109.18,109.47,87557.338
1756728000,109.47,110.56,109.26,109.55,43621.777
1756742400,109.55,109.6,108.28,109.34,43378.449
1756756800,109.34,109.64,106.38,108.73,100939.032
1756771200,108.73,110.4,108.58,110.31,64338.549
1756785600,110.31,113.0,110.1,110.55,65206.698
1756800000,110.55,111.03,110.2,110.41,57362.57
1756814400,110.41,112.01,108.71,109.57,108766.258
1756828800,109.57,110.96,109.32,109.47,59951.337
1756843200,109.47,112.1,109.44,111.76,68645.803
1756857600,111.76,112.23,110.79,111.45,35264.774
1756872000,111.45,111.81,110.88,111.78,40913.364
1756886400,111.78,112.53,111.49,111.91,42643.243
1756900800,111.91,113.31,111.5,112.86,66996.582
1756915200,112.86,113.21,112.15,112.77,49348.387
1756929600,112.77,113.28,112.36,112.98,37598.277
1756944000,112.98,113.5,111.57,111.65,37348.859
1756958400,111.65,111.9,110.83,111.37,40556.394
1756972800,111.37,111.6,110.78,111.01,30670.375
1756987200,111.01,111.46,109.72,110.05,53728.523
1757001600,110.05,110.34,109.5,109.85,29190.903
1757016000,109.85,111.83,109.75,111.05,31692.541
1757030400,111.05,112.55,111.01,111.3,37137.162
1757044800,111.3,113.2,111.13,113.17,51185.359
1757059200,113.17,113.39,112.57,112.88,41713.011
1757073600,112.88,115.12,111.5,112.35,170294.86
1757088000,112.35,113.26,111.9,113.24,35308.004
1757102400,113.24,113.36,111.91,112.05,36024.881
1757116800,112.05,112.53,111.78,112.2,15020.067
1757131200,112.2,112.21,111.29,111.73,17055.505
1757145600,111.73,111.77,111.23,111.71,15231.758
1757160000,111.71,112.25,111.3,111.45,26234.436
1757174400,111.45,112.43,111.31,112.3,25095.174
1757188800,112.3,112.45,111.5,112.13,34352.544
1757203200,112.13,113.09,112.13,112.84,15817.694
1757217600,112.84,114.09,112.64,113.77,42087.986
1757232000,113.77,114.39,113.68,114.19,35494.163
1757246400,114.19,115.41,114.14,114.71,61076.866
1757260800,114.71,115.12,113.94,114.4,33504.142
1757275200,114.4,115.19,113.99,114.9,37708.095
1757289600,114.9,115.55,113.77,114.69,49822.339
1757304000,114.69,114.69,111.9,112.86,138316.243
1757318400,112.86,113.82,112.71,113.35,65751.547
1757332800,113.35,114.44,112.87,113.45,120333.809
1757347200,113.45,113.51,112.19,112.43,75870.551
1757361600,112.43,112.86,111.9,112.75,50916.804
1757376000,112.75,113.94,111.6,112.33,95422.236
1757390400,112.33,114.33,112.02,114.03,97015.082
1757404800,114.03,114.69,113.29,113.49,75418.182
1757419200,113.49,113.99,110.8,111.36,141910.613
1757433600,111.36,112.17,110.94,111.85,44437.391
1757448000,111.85,112.27,111.35,111.92,28294.871
1757462400,111.92,113.21,111.52,112.92,43014.968
1757476800,112.92,113.29,112.2,113.16,29880.591
1757491200,113.16,113.24,112.62,113.0,31872.577
1757505600,113.0,115.23,112.93,114.34,142118.659
1757520000,114.34,118.73,114.33,115.46,242776.995
1757534400,115.46,117.71,115.14,117.66,51934.599
1757548800,117.66,117.8,115.92,116.6,57815.882
1757563200,116.6,117.68,116.06,117.25,46350.171
1757577600,117.25,117.52,116.5,116.92,48316.649
1757592000,116.92,117.55,112.95,113.91,284477.255
1757606400,113.91,115.2,113.8,115.0,57200.609
1757620800,115.0,116.12,114.9,115.83,46149.011
1757635200,115.83,116.96,114.72,115.56,126362.462
1757649600,115.56,116.46,115.25,115.73,48091.037
1757664000,115.73,116.2,115.34,115.42,55344.633
1757678400,115.42,116.86,114.92,116.52,71068.578
1757692800,116.52,117.82,116.39,117.26,96611.517
1757707200,117.26,118.27,116.82,118.03,81100.452
1757721600,118.03,118.55,117.46,118.05,62319.299
1757736000,118.05,119.49,117.63,118.78,61184.645
1757750400,118.78,120.65,118.69,120.63,89734.573
1757764800,120.63,120.83,118.0,119.11,139168.805
1757779200,119.11,120.75,117.8,119.29,107514.289
1757793600,119.29,120.18,118.96,119.22,147606.758
1757808000,119.22,119.33,115.74,116.37,338743.383
1757822400,116.37,117.52,116.03,116.78,43521.092
1757836800,116.78,117.22,115.42,115.52,79557.797
1757851200,115.52,115.99,113.93,114.75,98184.927
1757865600,114.75,115.55,114.58,115.15,51499.135
1757880000,115.15,116.11,114.88,115.1,37057.993
1757894400,115.1,116.17,114.59,115.67,37452.383
1757908800,115.67,116.76,114.61,114.9,58835.227
1757923200,114.9,114.9,112.41,113.91,135398.502
1757937600,113.91,114.06,112.39,113.11,105540.544
1757952000,113.11,113.72,111.92,113.26,57144.437
1757966400,113.26,113.78,113.15,113.72,34892.278
1757980800,113.72,114.01,112.55,112.55,52244.357
1757995200,112.55,115.16,112.0,114.79,95936.93
1758009600,114.79,115.23,113.97,114.34,74571.65
1758024000,114.34,115.09,113.2,115.04,98320.763
1758038400,115.04,115.79,114.48,115.19,66458.694
1758052800,115.19,115.56,114.7,115.03,44027.515
1758067200,115.03,115.87,114.54,114.69,40848.165
1758081600,114.69,115.43,113.76,115.25,47654.893
1758096000,115.25,115.35,113.94,114.16,50610.035
1758110400,114.16,114.73,113.5,113.86,126499.988
1758124800,113.86,115.33,113.13,114.97,133675.801
1758139200,114.97,117.6,114.01,117.0,96797.935
1758153600,117.0,118.12,116.77,117.8,74679.064
1758168000,117.8,118.0,114.91,115.5,87251.737
1758182400,115.5,116.26,115.13,115.75,80826.281
1758196800,115.75,117.57,115.39,117.05,132455.704
1758211200,117.05,118.8,117.0,118.48,99350.953
1758225600,118.48,119.11,117.59,118.19,64671.917
1758240000,118.19,119.47,117.11,117.17,84308.691
1758254400,117.17,117.75,116.28,117.55,55382.095
1758268800,117.55,117.8,115.51,115.76,55829.669
1758283200,115.76,116.55,114.54,115.47,91814.502
1758297600,115.47,115.8,113.82,113.83,70688.224
1758312000,113.83,114.5,113.37,114.04,28358.643
1758326400,114.04,114.58,113.48,114.29,28028.444
1758340800,114.29,115.31,114.21,115.18,31397.619
1758355200,115.18,115.18,113.4,113.97,42580.78
1758369600,113.97,114.84,113.41,114.7,37620.745
1758384000,114.7,114.89,113.6,113.8,21350.447
1758398400,113.8,114.42,113.68,113.92,17141.557
1758412800,113.92,114.45,113.7,114.45,17250.676
1758427200,114.45,115.42,114.05,115.39,30962.163
1758441600,115.39,116.27,114.46,114.73,56428.026
1758456000,114.73,115.57,114.6,115.45,29330.272
1758470400,115.45,115.96,114.6,115.25,43898.09
1758484800,115.25,115.37,113.94,114.0,31610.477
1758499200,114.0,114.51,110.01,111.38,173484.424
1758513600,111.38,111.54,102.2,105.49,302295.434
1758528000,105.49,106.0,104.79,105.64,97481.138
1758542400,105.64,106.7,104.83,105.27,89421.44
1758556800,105.27,105.75,104.59,104.77,68368.615
1758571200,104.77,106.16,104.62,105.65,36624.683
1758585600,105.65,106.65,104.39,106.16,73752.342
1758600000,106.16,106.57,105.5,106.24,58369.595
1758614400,106.24,106.68,105.75,106.5,36896.47
1758628800,106.5,107.24,106.1,106.77,65722.203
1758643200,106.77,106.83,105.36,106.01,58331.372
1758657600,106.01,106.76,105.67,106.07,36737.956
1758672000,106.07,107.6,105.71,105.79,55749.189
1758686400,105.79,107.5,104.56,106.87,189472.752
1758700800,106.87,107.43,106.58,107.2,32703.888
1758715200,107.2,107.69,105.97,106.82,64708.253
1758729600,106.82,107.1,105.79,106.1,52038.313
1758744000,106.1,106.53,105.46,105.52,36145.103
1758758400,105.52,105.83,104.17,104.84,67011.086
1758772800,104.84,105.12,103.31,103.97,67604.509
1758787200,103.97,104.67,102.93,103.45,41238.166
1758801600,103.45,105.27,101.85,104.52,112284.618
1758816000,104.52,104.71,100.25,102.78,138450.915
1758830400,102.78,103.19,101.52,102.28,59241.169
1758844800,102.28,103.9,102.27,103.2,34191.904
1758859200,103.2,103.63,102.42,103.09,31960.558
1758873600,103.09,103.29,100.97,101.93,58402.557
1758888000,101.93,103.72,101.3,103.4,61770.505
1758902400,103.4,104.88,103.37,104.12,35681.222
1758916800,104.12,104.78,103.83,104.55,23703.471
1758931200,104.55,104.55,103.26,103.84,40673.991
1758945600,103.84,104.02,103.55,103.75,14483.55
1758960000,103.75,104.5,103.33,103.96,28841.164
1758974400,103.96,104.93,103.95,104.91,21762.38
1758988800,104.91,104.96,104.07,104.58,24183.029
1759003200,104.58,104.93,104.42,104.46,20707.047
1759017600,104.46,104.63,103.57,103.87,12685.876
1759032000,103.87,104.25,103.68,104.1,17428.894
1759046400,104.1,104.19,103.11,103.34,26429.429
1759060800,103.34,104.58,102.7,104.58,34349.057
1759075200,104.58,105.62,104.37,105.62,30176.08
1759089600,105.62,107.17,105.62,106.88,59049.548
1759104000,106.88,107.25,106.46,106.58,28315.237
1759118400,106.58,106.59,105.56,106.04,30538.517
1759132800,106.04,106.51,105.44,105.73,27017.485
1759147200,105.73,107.66,105.3,106.36,117428.384
1759161600,106.36,106.76,105.45,106.35,37418.043
1759176000,106.35,107.18,106.24,106.76,27319.418
1759190400,106.76,107.31,106.23,106.4,32024.779
1759204800,106.4,106.68,105.54,105.85,42313.053
1759219200,105.85,106.01,105.11,105.42,38635.523
1759233600,105.42,105.87,103.84,104.51,45880.127
1759248000,104.51,106.86,104.2,106.84,55647.374
1759262400,106.84,107.61,106.19,106.88,60075.039
1759276800,106.88,107.11,105.77,105.8,30449.172
1759291200,105.8,106.7,105.39,105.98,29942.502
1759305600,105.98,110.82,105.83,110.39,183112.748
1759320000,110.39,111.79,109.97,111.33,102813.064
1759334400,111.33,112.63,110.48,112.14,98664.16
1759348800,112.14,115.34,111.63,115.1,116544.978
1759363200,115.1,121.5,115.1,118.45,373586.916
1759377600,118.45,120.16,117.43,119.39,124608.002
1759392000,119.39,122.71,118.64,119.84,266184.442
1759406400,119.84,120.25,117.18,118.82,182047.931
1759420800,118.82,120.01,117.9,119.45,127503.178
1759435200,119.45,120.19,118.92,119.54,66780.99
1759449600,119.54,119.54,117.19,117.38,92890.645
1759464000,117.38,118.57,115.95,116.44,96111.674
1759478400,116.44,117.72,115.79,117.41,70601.162
1759492800,117.41,120.19,117.29,120.04,95894.183
1759507200,120.04,124.86,118.53,122.43,447379.307
1759521600,122.43,122.57,120.27,120.56,76656.837
1759536000,120.56,121.0,119.07,119.49,64457.967
1759550400,119.49,119.64,118.29,118.52,43212.404
1759564800,118.52,118.92,117.68,117.8,45977.951
1759579200,117.8,118.94,117.42,117.82,55189.152
1759593600,117.82,119.28,117.75,118.78,33612.991
1759608000,118.78,120.58,118.78,120.51,48247.678
1759622400,120.51,124.17,120.19,122.67,140009.195
1759636800,122.67,122.87,120.55,122.11,140400.61
1759651200,122.11,122.54,119.62,120.07,86398.878
1759665600,120.07,120.6,119.4,119.8,49443.859
1759680000,119.8,120.35,118.35,118.57,48927.248
1759694400,118.57,119.13,118.46,118.85,41835.943
1759708800,118.85,121.29,118.1,120.69,105162.045
1759723200,120.69,121.47,119.44,119.91,68538.476
1759737600,119.91,120.93,119.73,119.95,46310.874
1759752000,119.95,121.39,119.65,120.55,81671.575
1759766400,120.55,120.7,118.64,119.88,97478.408
1759780800,119.88,120.21,118.11,118.32,65409.113
1759795200,118.32,119.04,117.67,118.21,57577.532
1759809600,118.21,119.27,117.37,117.78,57979.119
1759824000,117.78,118.72,117.46,118.23,61933.355
1759838400,118.23,119.19,115.16,116.15,150666.326
1759852800,116.15,116.8,115.41,115.97,56725.544
1759867200,115.97,117.49,115.97,116.91,37792.406
1759881600,116.91,118.32,116.56,116.97,59226.354
1759896000,116.97,117.54,115.34,116.32,56713.587
1759910400,116.32,117.39,115.77,116.22,53672.158
1759924800,116.22,117.68,115.79,116.37,64380.548
1759939200,116.37,119.6,116.17,118.66,86231.744
1759953600,118.66,118.81,117.71,118.6,29034.096
1759968000,118.6,120.0,116.85,118.38,124637.067
1759982400,118.38,119.69,117.22,117.33,66790.028
1759996800,117.33,117.36,115.44,116.68,96796.767
1760011200,116.68,119.2,116.55,118.33,162611.849
1760025600,118.33,119.04,115.6,119.01,93696.773
1760040000,119.01,128.2,118.41,125.9,372004.666
1760054400,125.9,132.83,125.65,131.27,469208.031
1760068800,131.27,132.2,125.8,128.31,380851.461
1760083200,128.31,133.11,128.15,132.17,275219.531
1760097600,132.17,135.99,125.83,127.07,704142.926
1760112000,127.07,129.31,124.98,126.75,398238.976
1760126400,126.75,127.64,52.71,96.88,2162162.231
1760140800,96.88,102.77,94.58,100.67,831303.814
1760155200,100.67,101.02,97.75,98.44,384130.884
1760169600,98.44,100.69,97.28,98.1,319215.673
1760184000,98.1,98.18,95.18,96.01,377979.669
1760198400,96.01,97.97,93.15,93.74,222191.796
1760212800,93.74,94.28,90.05,93.34,258023.227
1760227200,93.34,94.31,91.61,93.76,164462.664
1760241600,93.76,96.6,93.52,95.29,129499.517
1760256000,95.29,95.99,93.98,95.57,134834.727
1760270400,95.57,99.0,94.12,98.18,346238.045
1760284800,98.18,101.05,97.71,100.83,304474.716
1760299200,100.83,102.16,98.04,98.98,184873.027
1760313600,98.98,100.11,97.65,99.01,162395.194
1760328000,99.01,99.16,95.79,97.38,271844.708
1760342400,97.38,98.7,94.81,96.29,261061.464
1760356800,96.29,98.8,95.61,97.87,293032.652
1760371200,97.87,100.45,97.23,100.22,199951.152
1760385600,100.22,101.34,99.11,99.45,137571.73
1760400000,99.45,100.55,97.79,98.2,139419.362
1760414400,98.2,98.38,91.85,93.69,269307.94
1760428800,93.69,95.0,91.85,93.25,191250.807
1760443200,93.25,95.71,91.12,95.58,276697.264
1760457600,95.58,98.23,94.09,98.13,309543.872
1760472000,98.13,98.5,97.17,97.33,99375.509
1760486400,97.33,98.36,96.49,97.18,105484.405
1760500800,97.18,98.68,96.75,98.16,85973.719
1760515200,98.16,99.97,96.79,97.06,121888.692
1760529600,97.06,97.9,94.2,94.7,171073.68
1760544000,94.7,95.4,93.36,94.45,103059.11
1760558400,94.45,95.54,93.38,95.5,87110.847
1760572800,95.5,96.38,94.53,94.81,90940.612
1760587200,94.81,95.58,93.84,94.85,78871.924
1760601600,94.85,96.23,92.06,96.04,139921.107
1760616000,96.04,96.96,91.64,91.77,217907.337
1760630400,91.77,93.22,89.59,90.54,232912.802
1760644800,90.54,91.85,89.8,91.79,85589.868
1760659200,91.79,93.14,91.51,92.11,62117.132
1760673600,92.11,92.16,84.32,85.21,325338.634
1760688000,85.21,88.12,83.36,87.65,325219.655
1760702400,87.65,90.0,87.45,89.98,171223.069
1760716800,89.98,91.18,89.46,90.59,133379.001
1760731200,90.59,91.85,89.98,90.12,81778.37
1760745600,90.12,91.36,89.96,90.5,75829.193
1760760000,90.5,91.9,89.88,90.96,56477.013
1760774400,90.96,91.65,90.65,91.45,65586.428
1760788800,91.45,91.56,90.0,91.1,41121.675
1760803200,91.1,92.24,90.44,91.95,47305.599
1760817600,91.95,92.21,91.45,91.69,35760.426
1760832000,91.69,92.59,90.75,92.23,48086.154
1760846400,92.23,92.63,91.69,91.89,44551.426
1760860800,91.89,93.79,90.72,93.41,96790.485
1760875200,93.41,94.66,92.88,94.14,66269.807
1760889600,94.14,94.78,93.68,94.15,69606.238
1760904000,94.15,94.38,93.16,93.33,31408.573
1760918400,93.33,94.82,92.24,94.62,55235.923
1760932800,94.62,95.79,94.38,95.1,83485.548
1760947200,95.1,95.43,94.12,94.55,59275.964
1760961600,94.55,95.74,94.31,94.85,55798.926
1760976000,94.85,95.54,93.37,95.29,79395.222
1760990400,95.29,95.4,93.97,94.01,48285.153
1761004800,94.01,94.08,92.78,92.93,50687.849
1761019200,92.93,93.41,91.62,93.03,89035.358
1761033600,93.03,93.03,91.75,92.9,62638.63
1761048000,92.9,96.76,92.4,96.27,133607.681
1761062400,96.27,96.94,94.95,96.08,150595.654
1761076800,96.08,96.15,92.37,92.46,110501.493
1761091200,92.46,93.27,91.95,92.95,90899.713
1761105600,92.95,93.49,91.96,93.17,55047.0
1761120000,93.17,93.17,90.93,92.29,91055.854
1761134400,92.29,93.72,91.87,92.91,104769.936
1761148800,92.91,94.97,92.21,93.84,127449.178
1761163200,93.84,94.03,89.91,91.88,143906.479
1761177600,91.88,92.95,91.79,92.59,36666.413
1761192000,92.59,94.0,92.13,93.32,61595.48
1761206400,93.32,93.99,93.15,93.29,70351.461
1761220800,93.29,94.49,92.57,94.04,79684.099
1761235200,94.04,94.79,93.52,93.87,55325.627
1761249600,93.87,94.06,92.9,94.04,34469.506
1761264000,94.04,95.3,93.93,94.77,59188.745
1761278400,94.77,96.13,94.48,96.08,71095.472
1761292800,96.08,96.68,95.12,96.18,78751.537
1761307200,96.18,97.45,94.87,95.2,139057.191
1761321600,95.2,96.35,94.93,96.18,48680.47
1761336000,96.18,97.04,96.09,96.45,40230.325
1761350400,96.45,96.97,96.07,96.11,32814.65
1761364800,96.11,96.99,95.88,96.55,26213.843
1761379200,96.55,96.59,95.67,96.25,26066.52
1761393600,96.25,96.48,95.97,96.12,28629.03
1761408000,96.12,97.07,96.0,96.96,34777.827
1761422400,96.96,97.06,96.48,96.97,30296.061
1761436800,96.97,97.06,96.37,96.46,21043.312
1761451200,96.46,97.64,96.34,97.45,26400.272
1761465600,97.45,98.78,97.43,98.65,63390.572
1761480000,98.65,99.65,98.52,99.23,99073.268
1761494400,99.23,99.54,98.89,99.25,48880.525
1761508800,99.25,101.02,98.7,100.02,78527.168
1761523200,100.02,100.9,99.89,100.03,53696.384
1761537600,100.03,101.23,99.26,99.78,100100.621
1761552000,99.78,99.93,98.35,99.27,72833.511
1761566400,99.27,102.47,98.16,102.04,163589.276
1761580800,102.04,103.1,101.37,102.04,184273.005
1761595200,102.04,102.04,98.65,99.39,87285.881
1761609600,99.39,100.78,98.9,100.05,77328.724
1761624000,100.05,106.98,99.16,102.46,300846.311
1761638400,102.46,102.8,100.86,102.23,183465.008
1761652800,102.23,102.81,97.13,99.08,322857.854
1761667200,99.08,100.06,97.89,98.3,123247.224
1761681600,98.3,98.31,95.33,96.65,128322.425
1761696000,96.65,97.17,96.21,96.43,45263.836
1761710400,96.43,98.8,96.35,98.69,75038.443
1761724800,98.69,98.69,97.11,98.44,71218.489
1761739200,98.44,100.75,97.73,98.2,176608.213
1761753600,98.2,99.82,95.79,98.73,190060.053
1761768000,98.73,99.88,98.3,98.53,78559.16
1761782400,98.53,99.76,97.82,98.95,59165.901
1761796800,98.95,99.0,95.66,98.73,123068.623
1761811200,98.73,98.81,96.54,96.7,50500.959
1761825600,96.7,97.09,91.68,92.15,251946.823
1761840000,92.15,92.8,90.37,90.67,121974.501
1761854400,90.67,93.48,90.43,93.39,82634.083
1761868800,93.39,94.53,92.98,93.87,62981.756
1761883200,93.87,94.81,93.7,94.27,54053.893
1761897600,94.27,95.1,93.96,95.0,48807.906
1761912000,95.0,96.12,94.63,95.64,80278.881
1761926400,95.64,96.26,93.95,96.12,76238.976
1761940800,96.12,96.3,95.29,95.38,44667.711
1761955200,95.38,96.28,95.03,96.15,41463.931
1761969600,96.15,99.45,95.64,99.12,134501.953
1761984000,99.12,99.35,97.86,98.66,101915.364
1761998400,98.66,99.78,98.44,98.68,121374.261
1762012800,98.68,99.82,98.48,99.75,57895.971
1762027200,99.75,104.0,99.58,101.38,129633.93
1762041600,101.38,101.54,99.41,99.51,65987.285
1762056000,99.51,100.89,99.4,100.69,48473.226
1762070400,100.69,101.3,99.83,100.9,106770.308
1762084800,100.9,100.91,98.23,98.4,143628.778
1762099200,98.4,98.64,97.5,98.29,57763.916
1762113600,98.29,99.63,98.05,99.42,43499.36
1762128000,99.42,99.79,89.0,94.13,177996.025
1762142400,94.13,95.02,92.34,93.22,114052.048
1762156800,93.22,93.89,91.47,91.71,118708.28
1762171200,91.71,92.8,85.35,87.71,312241.742
1762185600,87.71,90.12,87.33,87.38,206121.488
1762200000,87.38,87.75,86.22,87.43,103564.73
1762214400,87.43,89.9,86.9,89.47,101842.571
1762228800,89.47,91.2,85.21,86.18,209362.057
1762243200,86.18,87.89,85.59,87.09,93929.456
1762257600,87.09,89.03,85.93,87.52,158497.959
1762272000,87.52,88.35,82.38,83.52,264743.719
1762286400,83.52,86.01,79.68,85.21,303367.136
1762300800,85.21,87.24,82.01,86.98,157898.397
1762315200,86.98,87.72,86.42,87.03,77791.782
1762329600,87.03,87.09,85.31,86.57,88084.962
1762344000,86.57,87.82,86.0,87.78,118060.887
1762358400,87.78,89.32,87.01,89.01,95951.525
1762372800,89.01,89.97,88.43,89.39,60159.14
1762387200,89.39,89.39,87.54,88.49,79883.928
1762401600,88.49,88.75,86.56,86.77,79112.792
1762416000,86.77,87.73,86.52,87.4,63708.539
1762430400,87.4,88.57,86.18,86.63,116621.293
1762444800,86.63,88.15,85.3,87.47,100283.8
1762459200,87.47,87.92,86.31,87.0,56389.06
1762473600,87.0,89.22,86.89,89.02,86163.561
1762488000,89.02,90.87,88.35,90.76,97000.069
1762502400,90.76,90.86,86.93,87.94,158532.927
1762516800,87.94,94.46,85.95,93.14,294644.125
1762531200,93.14,104.85,92.42,100.64,821196.851
1762545600,100.64,103.72,99.66,101.87,182409.241
1762560000,101.87,102.92,99.92,100.88,254544.339
1762574400,100.88,102.57,98.4,99.92,178557.889
1762588800,99.92,100.84,98.14,99.77,146125.8
1762603200,99.77,100.93,98.29,98.67,166024.63
1762617600,98.67,101.82,98.02,100.68,165345.679
1762632000,100.68,107.64,100.56,106.95,179036.433
1762646400,106.95,109.94,99.56,100.05,408999.876
1762660800,100.05,102.06,99.41,101.54,157188.525
1762675200,101.54,106.6,98.8,102.05,318663.992
1762689600,102.05,110.0,101.0,106.85,513026.776
1762704000,106.85,109.7,104.51,109.53,234114.412
1762718400,109.53,113.71,108.89,110.31,334400.911
1762732800,110.31,112.3,107.5,108.36,223932.362
1762747200,108.36,109.17,107.08,107.23,129632.71
1762761600,107.23,108.59,106.78,107.13,150120.281
1762776000,107.13,109.77,105.1,107.43,222455.407
1762790400,107.43,109.11,106.42,107.61,174703.705
1762804800,107.61,108.25,103.4,104.25,170967.414
1762819200,104.25,106.99,102.77,105.23,178094.808
1762833600,105.23,105.52,102.05,102.12,112404.579
1762848000,102.12,103.3,101.9,102.67,99170.103
1762862400,102.67,103.03,99.2,101.01,333883.119
1762876800,101.01,101.81,99.43,100.23,124206.34
1762891200,100.23,100.8,99.02,99.68,83928.263
1762905600,99.68,100.28,98.84,99.47,75326.877
1762920000,99.47,100.22,99.2,99.59,50782.322
1762934400,99.59,102.88,99.59,102.05,158630.015
1762948800,102.05,104.32,99.65,100.02,202831.623
1762963200,100.02,100.29,94.86,97.16,431351.318
1762977600,97.16,98.96,96.89,97.59,254433.007
1762992000,97.59,99.96,97.5,99.02,90364.728
1763006400,99.02,101.82,98.49,100.61,98757.938
1763020800,100.61,101.06,98.99,100.21,94984.269
1763035200,100.21,102.75,98.59,99.58,283869.226
1763049600,99.58,100.12,93.58,95.0,287819.988
1763064000,95.0,97.57,94.19,96.55,126334.097
1763078400,96.55,97.28,95.53,96.35,100566.492
1763092800,96.35,99.1,93.22,98.2,221101.851
1763107200,98.2,98.23,95.33,96.09,162565.578
1763121600,96.09,97.85,93.73,96.9,276192.093
1763136000,96.9,100.16,95.83,99.97,161491.847
1763150400,99.97,100.2,96.12,97.7,150226.319
1763164800,97.7,106.56,97.57,104.02,279830.775
1763179200,104.02,106.04,102.31,102.75,157184.632
1763193600,102.75,103.41,101.48,102.79,105037.453
1763208000,102.79,109.59,102.29,104.19,364354.966
1763222400,104.19,104.41,102.2,103.35,94344.174
1763236800,103.35,103.58,101.61,101.71,88720.087
1763251200,101.71,103.38,99.87,102.5,113573.933
1763265600,102.5,102.98,101.34,102.03,62437.206
1763280000,102.03,102.75,100.15,100.61,74779.887
1763294400,100.61,101.86,97.67,97.82,135100.011
1763308800,97.82,98.69,95.05,95.95,189856.193
1763323200,95.95,97.0,94.15,95.79,147300.863
1763337600,95.79,97.94,95.09,97.17,86088.783
1763352000,97.17,97.72,96.16,97.03,81695.184
1763366400,97.03,97.24,96.04,96.55,77707.04
1763380800,96.55,97.52,93.73,94.68,181214.584
1763395200,94.68,95.97,91.46,91.98,173675.802
1763409600,91.98,92.65,90.57,91.24,128850.179
1763424000,91.24,93.26,90.43,93.11,148799.493
1763438400,93.11,95.87,91.98,95.47,141221.883
1763452800,95.47,96.5,94.37,95.27,125938.391
1763467200,95.27,97.55,94.31,96.36,146277.903
1763481600,96.36,97.37,94.62,95.11,110435.276
1763496000,95.11,96.64,94.75,95.66,55215.972
1763510400,95.66,95.99,94.41,94.51,66369.391
1763524800,94.51,95.02,92.32,94.47,87869.451
1763539200,94.47,94.89,93.42,93.51,64637.079
1763553600,93.51,94.59,91.5,91.72,106076.147
1763568000,91.72,92.14,88.86,89.92,160043.044
1763582400,89.92,93.23,89.64,92.9,118278.811
1763596800,92.9,93.82,92.1,93.22,69234.312
1763611200,93.22,93.76,92.33,93.13,73338.014
1763625600,93.13,93.13,92.07,92.61,37272.627
1763640000,92.61,93.17,90.28,90.37,93149.336
1763654400,90.37,90.49,86.01,87.07,238634.775
1763668800,87.07,89.04,86.36,87.24,104423.838
1763683200,87.24,88.67,86.42,87.03,95173.153
1763697600,87.03,87.57,80.52,84.62,256986.078
1763712000,84.62,85.87,81.68,81.75,166355.9
1763726400,81.75,84.45,80.01,82.03,306964.674
1763740800,82.03,84.54,80.98,82.99,158531.752
1763755200,82.99,83.25,80.32,82.64,125067.757
1763769600,82.64,83.9,82.55,83.23,59525.081
1763784000,83.23,83.56,81.67,83.2,58731.231
1763798400,83.2,83.2,81.27,82.89,74369.105
1763812800,82.89,82.9,80.82,81.5,86930.124
1763827200,81.5,82.56,81.43,82.08,54272.373
1763841600,82.08,83.08,81.31,82.12,57080.746
1763856000,82.12,84.15,81.85,83.72,95664.583
1763870400,83.72,84.39,82.5,83.13,78091.87
1763884800,83.13,83.68,82.58,83.08,50773.854
1763899200,83.08,84.17,82.88,83.75,60469.764
1763913600,83.75,84.19,82.92,83.85,59297.628
1763928000,83.85,84.45,82.85,83.09,58827.85
1763942400,83.09,85.0,82.19,84.18,71482.313
1763956800,84.18,84.89,83.02,83.88,67758.901
1763971200,83.88,84.49,82.62,83.21,67497.963
1763985600,83.21,84.51,82.26,84.18,95637.123
1764000000,84.18,86.98,84.09,86.02,127098.689
1764014400,86.02,87.25,85.42,85.46,77567.008
1764028800,85.46,86.51,85.21,85.41,46051.684
1764043200,85.41,85.78,84.01,84.1,72619.175
1764057600,84.1,84.6,83.52,83.73,85644.15
1764072000,83.73,84.56,83.08,84.22,91608.936
1764086400,84.22,86.76,84.2,85.38,104737.836
1764100800,85.38,86.13,84.14,85.3,100805.464
1764115200,85.3,86.2,84.49,84.53,46612.016
1764129600,84.53,85.47,84.42,85.4,37317.27
1764144000,85.4,85.45,83.89,84.18,57297.899
1764158400,84.18,84.78,83.28,83.82,75972.25
1764172800,83.82,87.09,83.81,86.6,125841.429
1764187200,86.6,87.72,86.11,86.87,54749.774
1764201600,86.87,87.19,85.97,86.19,47953.588
1764216000,86.19,86.77,86.15,86.48,35951.245
1764230400,86.48,87.32,86.04,86.44,45447.305
1764244800,86.44,87.3,86.01,87.25,55325.136
1764259200,87.25,87.63,86.84,87.32,43585.357
1764273600,87.32,87.8,86.41,86.59,42983.557
1764288000,86.59,86.77,84.69,85.3,58216.306
1764302400,85.3,85.45,84.43,84.63,55919.315
1764316800,84.63,86.31,84.57,85.06,62319.7
1764331200,85.06,86.77,84.69,85.97,77412.754
1764345600,85.97,86.0,83.13,84.78,85209.393
1764360000,84.78,84.94,84.22,84.22,27128.161
1764374400,84.22,84.98,84.1,84.43,24276.488
1764388800,84.43,85.73,83.98,84.22,45942.092
1764403200,84.22,84.72,84.01,84.63,25459.635
1764417600,84.63,84.71,83.96,84.41,32853.593
1764432000,84.41,84.52,83.14,83.74,38906.727
1764446400,83.74,84.27,83.54,83.95,21056.673
1764460800,83.95,84.54,83.41,84.16,18062.948
1764475200,84.16,84.24,83.54,84.13,20276.169
1764489600,84.13,84.71,83.77,83.93,23499.344
1764504000,83.93,84.83,83.74,83.92,37643.304
1764518400,83.92,84.52,83.83,83.98,31700.475
1764532800,83.98,84.27,82.27,82.38,42380.742
1764547200,82.38,82.5,77.7,78.05,278469.633
1764561600,78.05,78.15,76.94,77.5,109633.719
1764576000,77.5,78.18,77.35,77.45,66402.215
1764590400,77.45,77.54,74.66,75.65,162680.719
1764604800,75.65,76.23,75.01,76.05,79391.392
1764619200,76.05,77.96,76.04,77.55,72377.536
1764633600,77.55,78.53,77.31,77.86,34307.312
1764648000,77.86,78.1,77.36,78.04,32480.365
1764662400,78.04,78.79,77.32,78.63,48430.739
1764676800,78.63,83.06,78.3,82.46,158162.345
1764691200,82.46,83.2,81.74,82.77,89543.93
1764705600,82.77,83.31,82.23,82.79,53645.815
1764720000,82.79,84.22,82.5,84.01,62620.867
1764734400,84.01,85.97,83.74,85.18,94517.221
1764748800,85.18,85.88,84.89,85.48,43795.298
1764763200,85.48,85.96,83.68,85.15,104055.967
1764777600,85.15,86.17,84.68,85.77,73348.226
1764792000,85.77,86.73,85.55,85.83,123500.194
1764806400,85.83,86.77,85.47,86.17,47902.086
1764820800,86.17,86.21,85.27,85.6,42407.759
1764835200,85.6,85.76,83.98,84.04,87020.481
1764849600,84.04,84.84,83.3,84.47,108906.129
1764864000,84.47,84.68,82.16,83.33,125160.573
1764878400,83.33,84.17,83.18,83.54,46121.61
1764892800,83.54,84.13,83.27,83.43,30656.892
1764907200,83.43,83.95,83.06,83.63,34486.152
1764921600,83.63,83.68,81.71,82.22,98436.433
1764936000,82.22,82.99,81.56,82.01,71661.139
1764950400,82.01,82.04,79.59,80.4,114927.717
1764964800,80.4,80.49,79.75,80.38,54525.589
1764979200,80.38,80.9,79.93,80.66,26933.68
1764993600,80.66,80.7,80.03,80.19,22492.197
1765008000,80.19,81.29,79.9,81.11,42122.704
1765022400,81.11,82.03,80.87,80.91,54208.71
1765036800,80.91,82.52,80.84,81.68,99141.029
1765051200,81.68,82.11,81.27,81.68,26316.588
1765065600,81.68,82.33,81.67,82.17,18191.608
1765080000,82.17,82.74,81.9,82.39,22764.248
1765094400,82.39,82.46,81.34,81.68,29611.933
1765108800,81.68,82.39,79.88,81.64,77366.541
1765123200,81.64,83.76,81.02,83.24,72129.439
1765137600,83.24,83.34,80.1,81.43,58862.533
1765152000,81.43,82.98,81.01,82.43,39507.677
1765166400,82.43,83.88,82.43,83.22,64040.349
1765180800,83.22,84.18,83.16,83.59,73666.758
1765195200,83.59,84.01,82.72,83.36,77039.155
1765209600,83.36,84.23,82.98,83.24,69226.376
1765224000,83.24,84.49,83.24,83.87,33151.175
1765238400,83.87,84.38,82.71,83.54,38750.689
1765252800,83.54,83.62,82.47,83.43,32912.415
1765267200,83.43,83.86,82.81,83.33,34612.137
1765281600,83.33,85.91,83.22,85.86,107744.974
1765296000,85.86,87.54,85.85,86.4,168929.937
1765310400,86.4,86.47,84.86,85.82,55542.923
1765324800,85.82,85.98,84.46,84.67,50843.961
1765339200,84.67,84.87,83.97,84.25,31154.653
1765353600,84.25,85.08,83.74,84.17,46353.604
1765368000,84.17,84.59,83.92,84.22,33923.017
1765382400,84.22,85.91,84.05,85.67,102868.288
1765396800,85.67,87.09,84.19,84.3,78615.336
1765411200,84.3,84.59,80.31,80.66,157508.318
1765425600,80.66,81.71,80.32,80.89,41411.426
1765440000,80.89,81.25,80.46,80.98,51233.947
1765454400,80.98,81.5,80.51,81.05,75976.789
1765468800,81.05,82.36,80.55,81.66,59219.356
1765483200,81.66,83.52,81.61,82.93,61840.757
1765497600,82.93,83.4,82.25,82.93,37848.037
1765512000,82.93,83.65,82.54,83.39,29830.728
1765526400,83.39,84.41,83.09,84.05,39456.357
1765540800,84.05,84.49,80.82,81.36,98688.561
1765555200,81.36,82.23,80.5,81.32,69075.161
1765569600,81.32,82.15,81.26,81.95,25567.436
1765584000,81.95,82.45,81.76,82.35,21015.76
1765598400,82.35,82.45,81.63,81.81,24449.279
1765612800,81.81,82.28,81.58,81.62,30499.902
1765627200,81.62,81.94,81.22,81.74,27770.309
1765641600,81.74,82.0,81.27,81.39,24882.742
1765656000,81.39,81.59,80.77,81.47,21946.435
1765670400,81.47,81.99,81.24,81.49,18077.543
1765684800,81.49,81.54,80.7,81.05,19206.435
1765699200,81.05,81.25,79.4,80.0,56286.316
1765713600,80.0,80.55,78.78,78.92,42471.818
1765728000,78.92,79.55,78.8,79.13,33402.767
1765742400,79.13,79.52,77.96,78.96,76644.538
1765756800,78.96,81.02,78.94,80.39,43699.614
1765771200,80.39,81.32,80.39,80.79,25822.477
1765785600,80.79,81.42,80.68,81.06,27451.279
1765800000,81.06,81.13,77.49,77.84,120275.419
1765814400,77.84,78.25,75.74,76.98,117104.244
1765828800,76.98,77.82,76.21,77.51,42671.668
1765843200,77.51,77.88,76.82,77.85,45730.476
1765857600,77.85,78.09,76.44,77.17,48609.738
1765872000,77.17,79.11,77.12,78.97,63287.815
1765886400,78.97,79.6,77.17,79.44,147013.857
1765900800,79.44,79.89,78.58,79.2,66695.009
1765915200,79.2,79.47,78.77,79.08,27533.231
1765929600,79.08,79.76,78.82,79.15,39491.359
1765944000,79.15,79.42,78.43,78.88,30797.852
1765958400,78.88,78.98,77.9,78.81,31213.627
1765972800,78.81,81.04,78.02,78.24,115345.935
1765987200,78.24,78.66,75.16,76.19,117383.292
1766001600,76.19,76.73,75.35,76.01,42030.224
1766016000,76.01,76.44,75.49,75.79,24665.101
1766030400,75.79,76.04,74.79,75.35,54981.561
1766044800,75.35,76.38,75.34,76.22,58599.717
1766059200,76.22,78.56,75.93,77.66,102722.407
1766073600,77.66,77.9,72.64,72.75,164479.108
1766088000,72.75,74.69,72.72,74.29,69883.549
1766102400,74.29,76.25,73.56,75.77,58976.862
1766116800,75.77,76.56,75.24,75.87,52609.508
1766131200,75.87,76.3,75.6,76.23,57269.583
1766145600,76.23,77.44,75.86,76.25,76645.733
1766160000,76.25,77.75,76.01,77.68,88813.364
1766174400,77.68,78.02,77.32,77.49,27753.417
1766188800,77.49,77.68,76.92,76.94,14936.97
1766203200,76.94,77.16,76.43,77.11,21928.442
1766217600,77.11,77.74,77.07,77.37,24657.232
1766232000,77.37,77.38,76.67,76.7,27916.95
1766246400,76.7,77.44,76.58,77.31,28004.003
1766260800,77.31,79.41,77.3,77.84,40446.824
1766275200,77.84,78.05,76.81,77.23,26444.426
1766289600,77.23,77.48,76.99,77.19,29319.962
1766304000,77.19,77.99,76.9,77.4,33827.97
1766318400,77.4,77.61,75.46,75.96,60138.495
1766332800,75.96,76.79,75.8,76.61,33177.384
1766347200,76.61,76.98,75.96,76.79,25440.888
1766361600,76.79,78.3,76.44,77.99,57999.6
1766376000,77.99,78.28,77.41,77.81,25037.332
1766390400,77.81,78.34,77.68,77.93,34390.986
1766404800,77.93,79.49,77.67,79.31,79683.18
1766419200,79.31,79.41,76.93,77.06,57936.475
1766433600,77.06,77.32,76.35,77.05,52784.145
1766448000,77.05,77.44,76.16,76.78,34997.78
1766462400,76.78,77.09,76.33,76.79,34461.334
1766476800,76.79,77.03,76.32,76.93,42447.201
1766491200,76.93,77.12,75.53,76.69,64287.028
1766505600,76.69,77.72,76.4,77.23,56535.631
1766520000,77.23,77.96,76.6,77.01,27795.086
1766534400,77.01,77.42,75.99,76.62,28627.307
1766548800,76.62,76.93,75.56,75.69,29197.551
1766563200,75.69,76.47,75.29,76.15,40898.293
1766577600,76.15,76.83,75.22,75.92,75516.406
1766592000,75.92,76.13,75.39,75.78,59595.986
1766606400,75.78,76.14,75.42,75.79,32302.114
1766620800,75.79,76.49,75.54,76.25,23609.054
1766635200,76.25,77.03,76.09,76.94,28367.653
1766649600,76.94,77.3,75.94,76.19,32175.645
1766664000,76.19,77.3,76.02,77.0,41737.99
1766678400,77.0,77.57,76.72,77.4,31694.793
1766692800,77.4,77.53,75.36,75.71,46907.922
1766707200,75.71,77.91,75.67,77.55,60836.318
1766721600,77.55,78.0,77.14,77.24,33355.372
1766736000,77.24,77.47,76.75,77.09,51616.459
1766750400,77.09,77.5,75.48,76.64,58925.761
1766764800,76.64,76.96,76.09,76.83,28753.046
1766779200,76.83,77.22,76.54,76.87,21022.487
1766793600,76.87,77.66,76.76,77.55,22301.882
1766808000,77.55,77.61,77.04,77.05,20377.204
1766822400,77.05,77.9,77.02,77.89,37390.448
1766836800,77.89,78.79,77.89,78.68,53207.048
1766851200,78.68,79.17,78.56,79.17,37632.541
1766865600,79.17,80.58,78.95,80.33,40349.023
1766880000,80.33,80.58,79.34,79.38,43358.364
1766894400,79.38,79.94,79.07,79.67,24950.331
1766908800,79.67,80.11,79.17,79.27,29669.052
1766923200,79.27,79.58,78.92,79.39,24215.335
1766937600,79.39,79.7,78.19,78.29,45923.254
1766952000,78.29,78.76,77.87,78.73,51692.01
1766966400,78.73,80.2,78.46,80.12,54607.292
1766980800,80.12,80.25,78.61,79.23,50082.48
1766995200,79.23,79.29,77.6,77.85,50047.413
1767009600,77.85,78.53,76.92,78.24,84016.054
1767024000,78.24,78.42,77.37,77.94,43743.662
1767038400,77.94,78.6,77.84,78.32,27488.273
1767052800,78.32,78.6,77.7,78.2,24226.383
1767067200,78.2,78.55,78.05,78.28,36378.937
1767081600,78.28,78.82,77.95,78.04,48058.227
1767096000,78.04,78.77,77.74,78.69,54436.637
1767110400,78.69,78.77,77.62,78.17,40041.987
1767124800,78.17,79.03,77.76,78.89,35485.521
1767139200,78.89,78.89,77.82,78.11,30702.633
1767153600,78.11,78.41,77.93,78.23,18115.914
1767168000,78.23,78.45,77.78,78.25,36564.585
1767182400,78.25,78.55,77.2,77.62,55775.879
1767196800,77.62,77.63,76.34,76.59,61494.933
1767211200,76.59,77.0,76.08,76.85,30466.062
1767225600,76.85,77.37,76.78,76.91,17384.64
1767240000,76.91,77.34,76.7,77.17,14005.296
1767254400,77.17,77.84,77.15,77.8,24900.87
1767268800,77.8,79.19,77.52,78.84,43918.533
1767283200,78.84,79.45,78.53,79.43,59231.66
1767297600,79.43,80.03,79.27,79.97,34961.743
1767312000,79.97,80.35,79.04,80.16,42864.899
1767326400,80.16,80.28,79.2,79.32,27033.862
1767340800,79.32,80.56,79.29,79.68,45845.463
1767355200,79.68,81.15,79.64,80.55,65747.993
1767369600,80.55,81.61,80.43,81.31,65116.054
1767384000,81.31,82.25,81.01,81.93,38647.037
1767398400,81.93,82.82,81.89,82.68,33658.643
1767412800,82.68,82.81,81.06,81.37,51506.108
1767427200,81.37,81.85,81.15,81.39,73993.909
1767441600,81.39,81.95,80.77,81.28,41252.274
1767456000,81.28,82.55,81.19,82.24,26528.272
1767470400,82.24,82.53,81.92,82.08,22518.461
1767484800,82.08,82.78,82.0,82.54,25079.516
1767499200,82.54,82.84,82.07,82.2,27754.566
1767513600,82.2,82.73,81.72,82.56,46327.379
1767528000,82.56,83.07,82.15,82.68,76057.579
1767542400,82.68,83.17,81.65,82.16,53342.443
1767556800,82.16,82.45,81.75,82.26,25498.089
1767571200,82.26,83.68,82.01,82.62,113531.251
1767585600,82.62,82.79,81.44,82.39,60266.451
1767600000,82.39,82.51,81.62,82.03,43448.665
1767614400,82.03,83.67,81.64,83.4,81856.831
1767628800,83.4,84.12,82.09,83.68,62296.737
1767643200,83.68,84.57,83.46,83.46,66513.513
1767657600,83.46,84.12,82.82,83.85,36038.929
1767672000,83.85,84.01,82.83,83.1,42785.722
1767686400,83.1,83.82,82.93,83.82,41873.333
1767700800,83.82,84.89,83.23,83.53,107541.658
1767715200,83.53,83.61,81.16,82.46,87273.477
1767729600,82.46,84.15,82.44,83.96,40609.324
1767744000,83.96,83.97,82.71,83.33,27891.363
1767758400,83.33,83.64,82.85,83.49,22045.075
1767772800,83.49,83.96,82.57,82.77,56818.954
1767787200,82.77,82.92,81.27,81.56,79656.488
1767801600,81.56,81.94,81.0,81.46,58292.956
1767816000,81.46,81.98,81.18,81.71,31841.167
1767830400,81.71,82.3,81.21,81.3,32339.795
1767844800,81.3,82.05,80.3,81.32,61161.019
1767859200,81.32,81.6,80.21,80.93,41642.128
1767873600,80.93,81.42,80.0,81.37,56661.649
1767888000,81.37,81.66,80.78,81.04,35748.802
1767902400,81.04,81.67,80.46,81.31,24737.168
1767916800,81.31,82.12,81.15,81.86,26675.065
1767931200,81.86,81.97,81.37,81.54,20131.682
1767945600,81.54,81.78,80.54,81.2,36686.185
1767960000,81.2,81.86,79.91,81.34,102664.923
1767974400,81.34,81.99,80.76,81.01,41162.531
1767988800,81.01,81.67,80.84,81.49,24251.776
1768003200,81.49,81.59,80.93,81.14,17832.794
1768017600,81.14,81.7,80.8,81.61,11516.961
1768032000,81.61,81.82,81.32,81.82,18876.446
1768046400,81.82,82.42,81.43,81.54,42883.447
1768060800,81.54,81.72,80.99,81.36,42138.139
1768075200,81.36,81.44,80.88,81.19,16098.912
1768089600,81.19,81.78,81.08,81.74,16089.31
1768104000,81.74,81.74,81.05,81.26,76349.359
1768118400,81.26,81.5,80.96,81.04,28394.693
1768132800,81.04,81.32,80.41,80.55,57090.038
1768147200,80.55,81.19,80.24,80.3,46189.731
1768161600,80.3,80.3,78.53,78.79,99347.355
1768176000,78.79,79.97,77.74,79.26,136606.652
1768190400,79.26,80.75,78.57,78.62,86786.331
1768204800,78.62,78.99,77.29,77.62,77852.175
1768219200,77.62,77.62,75.6,77.19,204018.611
1768233600,77.19,77.76,75.92,76.22,162488.316
1768248000,76.22,76.74,75.86,76.12,98352.558
1768262400,76.12,76.62,75.76,76.22,102303.389
1768276800,76.22,77.18,76.16,76.8,71749.318
1768291200,76.8,77.01,75.26,76.33,166202.759
1768305600,76.33,77.49,75.97,77.06,265951.48
1768320000,77.06,77.93,75.91,77.26,254358.801
1768334400,77.26,78.95,76.34,78.18,231644.249
1768348800,78.18,79.38,77.66,79.32,169907.588
1768363200,79.32,79.44,78.08,79.08,175615.67
1768377600,79.08,79.58,77.79,77.88,172067.239
1768392000,77.88,80.97,77.85,79.71,323460.906
1768406400,79.71,80.29,77.34,77.51,553315.819
1768420800,77.51,78.02,75.8,76.67,334153.455
1768435200,76.67,76.82,73.07,73.95,321272.131
1768449600,73.95,74.83,73.91,74.55,149730.158
1768464000,74.55,76.92,74.37,75.65,243524.767
1768478400,75.65,76.14,69.46,72.36,379531.147
1768492800,72.36,73.38,71.65,72.03,303438.897
1768507200,72.03,72.56,71.1,72.21,105757.314
1768521600,72.21,72.62,71.5,72.37,99525.065
1768536000,72.37,72.49,71.24,72.2,90371.953
1768550400,72.2,72.93,71.9,72.87,96559.887
1768564800,72.87,72.98,70.92,71.98,180733.53
1768579200,71.98,74.84,71.63,74.26,237543.879
1768593600,74.26,76.07,73.59,75.22,142032.73
1768608000,75.22,75.99,74.16,74.35,88932.285
1768622400,74.35,75.0,73.84,74.76,50531.084
1768636800,74.76,75.24,74.49,74.52,50993.996
1768651200,74.52,75.08,73.96,74.9,62893.966
1768665600,74.9,75.18,74.36,75.14,44471.563
1768680000,75.14,75.36,74.51,74.92,29326.287
1768694400,74.92,75.21,74.24,74.95,41454.059
1768708800,74.95,75.2,74.37,74.96,35639.038
1768723200,74.96,75.8,74.76,75.49,69216.676
1768737600,75.49,75.9,74.34,74.88,77105.315
1768752000,74.88,75.56,74.61,75.1,58764.515
1768766400,75.1,75.43,72.1,72.29,95004.945
1768780800,72.29,72.29,65.58,70.23,515888.189
1768795200,70.23,70.64,69.79,70.58,93664.868
1768809600,70.58,71.27,69.79,70.21,109510.818
1768824000,70.21,71.13,69.61,70.69,139339.48
1768838400,70.69,71.73,70.3,71.58,71396.551
1768852800,71.58,71.72,70.08,70.8,63681.007
1768867200,70.8,71.05,70.04,70.24,53756.28
1768881600,70.24,70.76,69.43,69.51,91219.491
1768896000,69.51,69.92,68.95,69.46,66956.635
1768910400,69.46,70.06,68.36,68.69,143305.731
1768924800,68.69,69.16,66.89,67.55,202276.687
1768939200,67.55,67.81,65.9,67.12,142364.52
1768953600,67.12,69.0,67.0,68.86,72379.686
1768968000,68.86,69.39,68.77,68.94,46986.564
1768982400,68.94,68.94,67.97,68.04,67456.164
1768996800,68.04,69.29,67.23,69.14,114350.782
1769011200,69.14,69.3,66.03,69.2,290040.597
1769025600,69.2,69.71,68.28,68.48,86756.569
1769040000,68.48,69.65,68.47,68.64,42720.206
1769054400,68.64,68.97,68.0,68.42,57933.838
1769068800,68.42,69.05,68.24,68.44,47460.379
1769083200,68.44,68.5,68.35,68.42,7185.428
